rule,arm,seed,student,zpd,zpd_40_60,zpd_60_80,zpd_40_80,zpd_40_70,bored,frustr,mean_p,gain,track,track_sd
volkan,2D_a0,42,42-0,0.558333,0.541667,0.391667,0.933333,0.825,0.0,0.0,0.56048,0.56,0.417253,0.315718
volkan,2D_a0,42,42-1,0.0,0.05,0.0,0.05,0.05,0.0,0.716667,0.242108,-1.28,1.20839,0.516363
volkan,2D_a0,42,42-2,0.491667,0.275,0.558333,0.833333,0.533333,0.033333,0.0,0.679144,0.48,0.804475,0.498906
volkan,2D_a0,42,42-3,0.391667,0.141667,0.566667,0.708333,0.433333,0.15,0.0,0.72191,1.04,1.039419,0.61585
volkan,2D_a0,42,42-4,0.0,0.0,0.0,0.0,0.0,0.0,1.0,0.104821,-1.68,2.264535,0.562385
volkan,2D_a0,42,42-5,0.0,0.0,0.0,0.0,0.0,0.0,0.891667,0.191157,-1.44,1.527504,0.53399
volkan,2D_a0,42,42-6,0.541667,0.516667,0.341667,0.858333,0.8,0.0,0.0,0.538783,-0.2,0.3982,0.246719
volkan,2D_a0,42,42-7,0.208333,0.433333,0.025,0.458333,0.458333,0.0,0.258333,0.390029,-0.8,0.565309,0.419518
volkan,2D_a0,42,42-8,0.416667,0.525,0.15,0.675,0.675,0.0,0.066667,0.467765,-0.4,0.41097,0.267456
volkan,2D_a0,42,42-9,0.008333,0.091667,0.0,0.091667,0.091667,0.0,0.625,0.273418,-1.0,1.028207,0.475109
volkan,2D_a0,42,42-10,0.441667,0.216667,0.6,0.816667,0.483333,0.083333,0.0,0.700252,1.16,0.915063,0.550821
volkan,2D_a0,42,42-11,0.508333,0.266667,0.591667,0.858333,0.566667,0.025,0.0,0.674004,0.96,0.775852,0.475828
volkan,2D_a0,42,42-12,0.475,0.483333,0.291667,0.775,0.691667,0.0,0.033333,0.515557,0.08,0.445298,0.282304
volkan,2D_a0,42,42-13,0.3,0.091667,0.641667,0.733333,0.3,0.125,0.0,0.741299,1.2,1.111101,0.496595
volkan,2D_a0,42,42-14,0.55,0.483333,0.491667,0.975,0.758333,0.0,0.0,0.59991,0.72,0.528575,0.385353
volkan,2D_a0,42,42-15,0.0,0.1,0.0,0.1,0.1,0.0,0.666667,0.266173,-1.36,1.080607,0.54003
volkan,2D_a0,42,42-16,0.55,0.491667,0.475,0.966667,0.775,0.0,0.0,0.591895,0.24,0.497492,0.36595
volkan,2D_a0,42,42-17,0.0,0.066667,0.0,0.066667,0.066667,0.0,0.65,0.266137,-1.08,1.065378,0.471242
volkan,2D_a0,42,42-18,0.516667,0.166667,0.666667,0.833333,0.525,0.016667,0.0,0.69085,0.92,0.843208,0.452375
volkan,2D_a0,42,42-19,0.466667,0.616667,0.166667,0.783333,0.783333,0.0,0.016667,0.489791,-0.48,0.377619,0.229794
volkan,2D_a0,42,42-20,0.358333,0.516667,0.083333,0.6,0.6,0.0,0.133333,0.44229,-0.0,0.425731,0.296131
volkan,2D_a0,42,42-21,0.025,0.233333,0.0,0.233333,0.233333,0.0,0.458333,0.313027,-1.0,0.836676,0.484682
volkan,2D_a0,42,42-22,0.233333,0.025,0.683333,0.708333,0.233333,0.15,0.0,0.758881,1.28,1.200668,0.462341
volkan,2D_a0,42,42-23,0.408333,0.475,0.191667,0.666667,0.666667,0.0,0.066667,0.467982,0.0,0.424293,0.274966
volkan,2D_a0,42,42-24,0.108333,0.408333,0.008333,0.416667,0.416667,0.0,0.291667,0.367529,-0.84,0.601727,0.426349
volkan,2D_a0,42,42-25,0.158333,0.45,0.016667,0.466667,0.466667,0.0,0.275,0.38468,-0.68,0.56961,0.444159
volkan,2D_a0,42,42-26,0.575,0.458333,0.475,0.933333,0.733333,0.008333,0.0,0.62609,0.8,0.592039,0.453695
volkan,2D_a0,42,42-27,0.566667,0.475,0.45,0.925,0.75,0.0,0.0,0.591268,0.16,0.510568,0.362139
volkan,2D_a0,42,42-28,0.55,0.475,0.491667,0.966667,0.758333,0.0,0.0,0.601767,0.2,0.519246,0.385409
volkan,2D_a0,42,42-29,0.566667,0.475,0.491667,0.966667,0.775,0.0,0.0,0.60081,0.52,0.506873,0.389156
volkan,2D_a0,42,42-30,0.0,0.0,0.116667,0.116667,0.0,0.733333,0.0,0.885625,1.96,2.179222,0.601407
volkan,2D_a0,42,42-31,0.225,0.516667,0.008333,0.525,0.525,0.0,0.166667,0.407562,-0.32,0.484975,0.37735
volkan,2D_a0,42,42-32,0.133333,0.433333,0.0,0.433333,0.433333,0.0,0.266667,0.37885,-0.56,0.546245,0.394611
volkan,2D_a0,42,42-33,0.008333,0.116667,0.0,0.116667,0.116667,0.0,0.633333,0.271676,-1.36,1.043164,0.49957
volkan,2D_a0,42,42-34,0.583333,0.45,0.508333,0.958333,0.741667,0.0,0.0,0.620707,0.76,0.560985,0.428178
volkan,2D_a0,42,42-35,0.325,0.091667,0.591667,0.683333,0.325,0.175,0.0,0.74896,1.0,1.162979,0.53402
volkan,2D_a0,42,42-36,0.408333,0.508333,0.15,0.658333,0.658333,0.0,0.041667,0.464512,0.08,0.408308,0.264121
volkan,2D_a0,42,42-37,0.0,0.216667,0.0,0.216667,0.216667,0.0,0.475,0.307473,-0.84,0.853177,0.461984
volkan,2D_a0,42,42-38,0.008333,0.141667,0.0,0.141667,0.141667,0.0,0.516667,0.297904,-0.72,0.898837,0.450577
volkan,2D_a0,42,42-39,0.591667,0.333333,0.575,0.908333,0.691667,0.016667,0.0,0.649578,1.04,0.682164,0.469431
volkan,2D_a0,42,42-40,0.508333,0.275,0.575,0.85,0.566667,0.066667,0.0,0.678602,0.84,0.815446,0.526148
volkan,2D_a0,42,42-41,0.541667,0.441667,0.508333,0.95,0.7,0.008333,0.0,0.622743,0.68,0.591023,0.424024
volkan,2D_a0,42,42-42,0.05,0.258333,0.0,0.258333,0.258333,0.0,0.45,0.32193,-1.0,0.79539,0.497048
volkan,2D_a0,42,42-43,0.483333,0.541667,0.358333,0.9,0.825,0.0,0.0,0.538432,0.64,0.391711,0.285281
volkan,2D_a0,42,42-44,0.475,0.558333,0.291667,0.85,0.758333,0.0,0.0,0.528722,0.36,0.421285,0.270585
volkan,2D_a0,42,42-45,0.516667,0.558333,0.308333,0.866667,0.808333,0.0,0.0,0.532599,0.28,0.39966,0.260481
volkan,2D_a0,42,42-46,0.533333,0.208333,0.65,0.858333,0.55,0.008333,0.0,0.687491,0.88,0.828889,0.454309
volkan,2D_a0,42,42-47,0.475,0.508333,0.366667,0.875,0.741667,0.0,0.0,0.550462,0.16,0.443117,0.299344
volkan,2D_a0,42,42-48,0.55,0.316667,0.591667,0.908333,0.625,0.041667,0.0,0.65781,0.68,0.709694,0.48851
volkan,2D_a0,42,42-49,0.466667,0.541667,0.266667,0.808333,0.741667,0.0,0.0,0.516428,0.4,0.423851,0.272961
volkan,2D_a0,42,42-50,0.516667,0.533333,0.4,0.933333,0.8,0.0,0.0,0.562446,0.4,0.435742,0.323816
volkan,2D_a0,42,42-51,0.616667,0.433333,0.508333,0.941667,0.708333,0.008333,0.0,0.632944,0.64,0.601342,0.451394
volkan,2D_a0,42,42-52,0.0,0.0,0.0,0.0,0.0,0.0,0.958333,0.154379,-1.72,1.832354,0.632788
volkan,2D_a0,42,42-53,0.258333,0.533333,0.0,0.533333,0.533333,0.0,0.15,0.416823,-0.24,0.449715,0.342188
volkan,2D_a0,42,42-54,0.15,0.433333,0.0,0.433333,0.433333,0.0,0.266667,0.376796,-0.6,0.580069,0.429494
volkan,2D_a0,42,42-55,0.075,0.3,0.0,0.3,0.3,0.0,0.391667,0.335043,-0.72,0.736997,0.463184
volkan,2D_a0,42,42-56,0.308333,0.55,0.025,0.575,0.575,0.0,0.166667,0.423193,-0.64,0.44685,0.347982
volkan,2D_a0,42,42-57,0.108333,0.0,0.441667,0.441667,0.108333,0.316667,0.0,0.803404,0.96,1.478552,0.48925
volkan,2D_a0,42,42-58,0.0,0.158333,0.0,0.158333,0.158333,0.0,0.508333,0.302674,-0.72,0.872211,0.437368
volkan,2D_a0,42,42-59,0.483333,0.191667,0.575,0.766667,0.483333,0.075,0.0,0.70745,0.88,0.941461,0.529865
volkan,2D_a0,42,42-60,0.0,0.0,0.0,0.0,0.0,0.0,0.983333,0.127376,-1.88,2.068076,0.633684
volkan,2D_a0,42,42-61,0.183333,0.483333,0.016667,0.5,0.5,0.0,0.233333,0.394849,-0.72,0.51361,0.382535
volkan,2D_a0,42,42-62,0.425,0.541667,0.3,0.841667,0.691667,0.0,0.0,0.53934,0.32,0.452821,0.28725
volkan,2D_a0,42,42-63,0.516667,0.375,0.55,0.925,0.683333,0.0,0.0,0.635815,0.52,0.646079,0.455031
volkan,2D_a0,42,42-64,0.516667,0.341667,0.533333,0.875,0.633333,0.025,0.0,0.654598,0.88,0.698189,0.498143
volkan,2D_a0,42,42-65,0.6,0.225,0.658333,0.883333,0.641667,0.016667,0.0,0.670512,1.08,0.757184,0.447895
volkan,2D_a0,42,42-66,0.166667,0.458333,0.008333,0.466667,0.466667,0.0,0.216667,0.393202,-0.6,0.52207,0.384106
volkan,2D_a0,42,42-67,0.158333,0.45,0.0,0.45,0.45,0.0,0.25,0.384244,-0.48,0.549855,0.400989
volkan,2D_a0,42,42-68,0.533333,0.216667,0.608333,0.825,0.55,0.058333,0.0,0.690776,0.84,0.856052,0.510965
volkan,2D_a0,42,42-69,0.375,0.525,0.125,0.65,0.65,0.0,0.116667,0.452493,0.04,0.459426,0.297997
volkan,2D_a0,42,42-70,0.0,0.0,0.0,0.0,0.0,0.0,0.875,0.182724,-1.68,1.612835,0.613709
volkan,2D_a0,42,42-71,0.0,0.008333,0.0,0.008333,0.008333,0.0,0.816667,0.216328,-1.32,1.356479,0.5014
volkan,2D_a0,42,42-72,0.0,0.091667,0.0,0.091667,0.091667,0.0,0.633333,0.269015,-1.12,1.054857,0.493231
volkan,2D_a0,42,42-73,0.566667,0.45,0.525,0.975,0.716667,0.0,0.0,0.618637,0.48,0.552848,0.385956
volkan,2D_a0,42,42-74,0.516667,0.5,0.333333,0.833333,0.741667,0.0,0.0,0.53245,0.2,0.436179,0.283716
volkan,2D_a0,42,42-75,0.575,0.358333,0.583333,0.941667,0.65,0.008333,0.0,0.645564,0.4,0.647436,0.452237
volkan,2D_a0,42,42-76,0.183333,0.5,0.008333,0.508333,0.508333,0.0,0.225,0.394954,-0.56,0.500847,0.373967
volkan,2D_a0,42,42-77,0.508333,0.508333,0.333333,0.841667,0.75,0.0,0.0,0.539718,0.44,0.429547,0.294821
volkan,2D_a0,42,42-78,0.575,0.391667,0.55,0.941667,0.675,0.025,0.0,0.641218,0.72,0.636248,0.457845
volkan,2D_a0,42,42-79,0.233333,0.508333,0.066667,0.575,0.575,0.0,0.166667,0.418324,-0.28,0.480961,0.340455
volkan,2D_a0,42,42-80,0.541667,0.525,0.433333,0.958333,0.775,0.0,0.0,0.587458,0.32,0.489112,0.354911
volkan,2D_a0,42,42-81,0.05,0.3,0.0,0.3,0.3,0.0,0.425,0.332709,-0.48,0.739732,0.451271
volkan,2D_a0,42,42-82,0.191667,0.483333,0.016667,0.5,0.5,0.0,0.2,0.400117,-0.8,0.498648,0.369524
volkan,2D_a0,42,42-83,0.175,0.416667,0.016667,0.433333,0.433333,0.0,0.316667,0.378206,-0.36,0.593882,0.407351
volkan,2D_a0,42,42-84,0.0,0.016667,0.0,0.016667,0.016667,0.0,0.833333,0.211748,-1.44,1.394331,0.535087
volkan,2D_a0,42,42-85,0.616667,0.458333,0.483333,0.941667,0.758333,0.008333,0.0,0.614334,0.64,0.560967,0.44186
volkan,2D_a0,42,42-86,0.158333,0.458333,0.0,0.458333,0.458333,0.0,0.258333,0.380784,-0.36,0.563446,0.422843
volkan,2D_a0,42,42-87,0.466667,0.5,0.191667,0.691667,0.683333,0.0,0.041667,0.485045,-0.4,0.39612,0.252089
volkan,2D_a0,42,42-88,0.566667,0.425,0.55,0.975,0.766667,0.0,0.0,0.608745,0.32,0.543189,0.407229
volkan,2D_a0,42,42-89,0.516667,0.483333,0.433333,0.916667,0.7,0.008333,0.0,0.603637,0.8,0.53911,0.428287
volkan,2D_a0,42,42-90,0.55,0.425,0.508333,0.933333,0.666667,0.008333,0.0,0.636751,0.56,0.618722,0.451648
volkan,2D_a0,42,42-91,0.483333,0.566667,0.183333,0.75,0.75,0.0,0.058333,0.486246,-0.32,0.395932,0.245525
volkan,2D_a0,42,42-92,0.183333,0.475,0.008333,0.483333,0.483333,0.0,0.2,0.391314,-0.12,0.518105,0.372023
volkan,2D_a0,42,42-93,0.408333,0.525,0.2,0.725,0.716667,0.0,0.1,0.478446,0.12,0.44419,0.276814
volkan,2D_a0,42,42-94,0.0,0.0,0.0,0.0,0.0,0.0,0.983333,0.130245,-1.76,2.024148,0.592956
volkan,2D_a0,42,42-95,0.0,0.0,0.0,0.0,0.0,0.0,0.95,0.170181,-1.6,1.676764,0.539458
volkan,2D_a0,42,42-96,0.0,0.0,0.0,0.0,0.0,0.0,0.9,0.17458,-1.68,1.657695,0.575952
volkan,2D_a0,42,42-97,0.0,0.058333,0.0,0.058333,0.058333,0.0,0.725,0.236084,-1.36,1.255313,0.562917
volkan,2D_a0,42,42-98,0.583333,0.525,0.45,0.975,0.791667,0.0,0.0,0.591915,0.52,0.485075,0.368235
volkan,2D_a0,42,42-99,0.0,0.075,0.0,0.075,0.075,0.0,0.691667,0.249743,-1.56,1.179504,0.571765
volkan,2D_a0,42,42-100,0.175,0.425,0.016667,0.441667,0.441667,0.0,0.275,0.385061,-0.72,0.576861,0.427602
volkan,2D_a0,42,42-101,0.208333,0.016667,0.591667,0.608333,0.208333,0.175,0.0,0.772168,1.32,1.286031,0.496732
volkan,2D_a0,42,42-102,0.191667,0.508333,0.008333,0.516667,0.516667,0.0,0.191667,0.40351,-0.72,0.478755,0.36601
volkan,2D_a0,42,42-103,0.575,0.308333,0.608333,0.916667,0.633333,0.016667,0.0,0.65874,0.88,0.708423,0.443495
volkan,2D_a0,42,42-104,0.0,0.083333,0.0,0.083333,0.083333,0.0,0.616667,0.267363,-1.36,1.072937,0.531513
volkan,2D_a0,42,42-105,0.383333,0.525,0.125,0.65,0.65,0.0,0.116667,0.456002,-0.28,0.431481,0.286825
volkan,2D_a0,42,42-106,0.0,0.066667,0.0,0.066667,0.066667,0.0,0.741667,0.247506,-1.16,1.172009,0.493673
volkan,2D_a0,42,42-107,0.191667,0.483333,0.008333,0.491667,0.491667,0.0,0.208333,0.395242,-0.8,0.512161,0.381396
volkan,2D_a0,42,42-108,0.525,0.25,0.591667,0.841667,0.55,0.025,0.0,0.67991,0.76,0.801128,0.496513
volkan,2D_a0,42,42-109,0.0,0.0,0.0,0.0,0.0,0.0,1.0,0.112897,-2.16,2.233175,0.684465
volkan,2D_a0,42,42-110,0.466667,0.458333,0.475,0.933333,0.708333,0.008333,0.0,0.596829,0.8,0.546342,0.408269
volkan,2D_a0,42,42-111,0.458333,0.55,0.341667,0.891667,0.783333,0.0,0.0,0.537708,0.48,0.410517,0.277142
volkan,2D_a0,42,42-112,0.091667,0.325,0.0,0.325,0.325,0.0,0.358333,0.351856,-0.8,0.668741,0.431532
volkan,2D_a0,42,42-113,0.0,0.0,0.0,0.0,0.0,0.0,0.925,0.170127,-1.28,1.674012,0.528579
volkan,2D_a0,42,42-114,0.466667,0.483333,0.291667,0.775,0.725,0.0,0.008333,0.512111,0.24,0.414135,0.25694
volkan,2D_a0,42,42-115,0.108333,0.433333,0.0,0.433333,0.433333,0.0,0.3,0.37306,-0.56,0.573301,0.416232
volkan,2D_a0,42,42-116,0.508333,0.508333,0.383333,0.891667,0.741667,0.0,0.0,0.565602,0.4,0.474135,0.337431
volkan,2D_a0,42,42-117,0.5,0.508333,0.291667,0.8,0.75,0.0,0.016667,0.516478,0.12,0.404896,0.253023
volkan,2D_a0,42,42-118,0.075,0.0,0.375,0.375,0.075,0.425,0.0,0.820217,1.6,1.593725,0.494492
volkan,2D_a0,42,42-119,0.358333,0.525,0.108333,0.633333,0.633333,0.0,0.091667,0.451006,0.0,0.434567,0.292072
volkan,2D_a0,42,42-120,0.0,0.058333,0.0,0.058333,0.058333,0.0,0.708333,0.251434,-1.12,1.147302,0.48037
volkan,2D_a0,42,42-121,0.458333,0.475,0.366667,0.841667,0.7,0.0,0.0,0.553651,0.52,0.481187,0.350454
volkan,2D_a0,42,42-122,0.483333,0.525,0.35,0.875,0.758333,0.0,0.0,0.545939,0.28,0.436596,0.285045
volkan,2D_a0,42,42-123,0.141667,0.0,0.591667,0.591667,0.141667,0.175,0.0,0.779173,1.44,1.327264,0.498325
volkan,2D_a0,42,42-124,0.55,0.25,0.608333,0.858333,0.575,0.016667,0.0,0.679764,0.72,0.796284,0.46431
volkan,2D_a0,42,42-125,0.5,0.5,0.391667,0.891667,0.75,0.0,0.0,0.574598,0.6,0.494582,0.386069
volkan,2D_a0,42,42-126,0.133333,0.0,0.441667,0.441667,0.133333,0.341667,0.0,0.802593,1.56,1.492848,0.557499
volkan,2D_a0,42,42-127,0.0,0.016667,0.0,0.016667,0.016667,0.0,0.841667,0.216607,-1.24,1.356863,0.508713
volkan,2D_a0,42,42-128,0.05,0.225,0.0,0.225,0.225,0.0,0.425,0.324039,-1.04,0.780026,0.443843
volkan,2D_a0,42,42-129,0.0,0.083333,0.0,0.083333,0.083333,0.0,0.708333,0.25576,-1.32,1.131275,0.515031
volkan,2D_a0,42,42-130,0.233333,0.491667,0.008333,0.5,0.5,0.0,0.241667,0.39983,-0.6,0.512114,0.387005
volkan,2D_a0,42,42-131,0.0,0.0,0.0,0.0,0.0,0.0,0.933333,0.163463,-1.8,1.748558,0.597254
volkan,2D_a0,42,42-132,0.566667,0.408333,0.516667,0.925,0.675,0.016667,0.0,0.641698,0.88,0.639749,0.472395
volkan,2D_a0,42,42-133,0.325,0.458333,0.108333,0.566667,0.566667,0.0,0.216667,0.422564,-0.16,0.536143,0.384704
volkan,2D_a0,42,42-134,0.0,0.0,0.0,0.0,0.0,0.0,0.95,0.162682,-1.6,1.760312,0.618038
volkan,2D_a0,42,42-135,0.0,0.033333,0.0,0.033333,0.033333,0.0,0.716667,0.241795,-1.2,1.208782,0.510891
volkan,2D_a0,42,42-136,0.5,0.433333,0.458333,0.891667,0.7,0.0,0.0,0.587625,0.48,0.527824,0.382209
volkan,2D_a0,42,42-137,0.525,0.233333,0.583333,0.816667,0.55,0.066667,0.0,0.689657,0.84,0.85982,0.528414
volkan,2D_a0,42,42-138,0.0,0.0,0.141667,0.141667,0.0,0.6,0.0,0.865285,1.72,1.947466,0.503521
volkan,2D_a0,42,42-139,0.0,0.0,0.0,0.0,0.0,1.0,0.0,0.942286,2.08,2.929869,0.564461
volkan,2D_a0,42,42-140,0.558333,0.5,0.466667,0.966667,0.741667,0.0,0.0,0.596338,0.52,0.513812,0.368236
volkan,2D_a0,42,42-141,0.0,0.066667,0.0,0.066667,0.066667,0.0,0.758333,0.234677,-1.48,1.264375,0.566424
volkan,2D_a0,42,42-142,0.0,0.0,0.0,0.0,0.0,0.0,1.0,0.079788,-2.04,2.624399,0.66897
volkan,2D_a0,42,42-143,0.533333,0.516667,0.358333,0.875,0.758333,0.0,0.0,0.548496,-0.04,0.441095,0.285282
volkan,2D_a0,42,42-144,0.008333,0.1,0.0,0.1,0.1,0.0,0.691667,0.258844,-1.48,1.124801,0.551803
volkan,2D_a0,42,42-145,0.208333,0.5,0.0,0.5,0.5,0.0,0.208333,0.399214,-0.32,0.507484,0.383335
volkan,2D_a0,42,42-146,0.108333,0.325,0.0,0.325,0.325,0.0,0.366667,0.349002,-0.4,0.680947,0.458135
volkan,2D_a0,42,42-147,0.408333,0.541667,0.125,0.666667,0.666667,0.0,0.083333,0.462601,-0.12,0.406382,0.261485
volkan,2D_a0,42,42-148,0.35,0.108333,0.575,0.683333,0.35,0.15,0.0,0.737177,0.84,1.100265,0.544958
volkan,2D_a0,42,42-149,0.516667,0.516667,0.3,0.816667,0.775,0.0,0.008333,0.518637,-0.24,0.400243,0.242984
volkan,2D_a0,42,42-150,0.366667,0.583333,0.075,0.658333,0.658333,0.0,0.075,0.448834,-0.72,0.406542,0.311522
volkan,2D_a0,42,42-151,0.0,0.05,0.0,0.05,0.05,0.0,0.758333,0.234645,-1.28,1.26134,0.554024
volkan,2D_a0,42,42-152,0.0,0.0,0.0,0.0,0.0,0.0,0.991667,0.1246,-1.84,2.107811,0.67319
volkan,2D_a0,42,42-153,0.133333,0.441667,0.0,0.441667,0.441667,0.0,0.291667,0.377477,-0.52,0.572433,0.411376
volkan,2D_a0,42,42-154,0.433333,0.483333,0.175,0.658333,0.658333,0.0,0.033333,0.471847,0.12,0.412589,0.256584
volkan,2D_a0,42,42-155,0.008333,0.0,0.283333,0.283333,0.008333,0.466667,0.0,0.839971,1.44,1.735449,0.486592
volkan,2D_a0,42,42-156,0.458333,0.508333,0.291667,0.8,0.741667,0.0,0.0,0.514983,0.36,0.417975,0.2685
volkan,2D_a0,42,42-157,0.433333,0.158333,0.591667,0.75,0.433333,0.15,0.0,0.719948,1.2,1.028812,0.621609
volkan,2D_a0,42,42-158,0.133333,0.45,0.0,0.45,0.45,0.0,0.266667,0.377626,-0.6,0.559954,0.389196
volkan,2D_a0,42,42-159,0.0,0.025,0.0,0.025,0.025,0.0,0.783333,0.220778,-1.28,1.339192,0.537356
volkan,2D_a0,42,42-160,0.0,0.058333,0.0,0.058333,0.058333,0.0,0.758333,0.235158,-1.48,1.254119,0.539764
volkan,2D_a0,42,42-161,0.041667,0.291667,0.0,0.291667,0.291667,0.0,0.4,0.329605,-0.64,0.75382,0.473411
volkan,2D_a0,42,42-162,0.0,0.0,0.108333,0.108333,0.0,0.733333,0.0,0.883792,1.92,2.155372,0.597789
volkan,2D_a0,42,42-163,0.008333,0.208333,0.0,0.208333,0.208333,0.0,0.516667,0.306432,-0.72,0.861705,0.475887
volkan,2D_a0,42,42-164,0.491667,0.233333,0.591667,0.825,0.525,0.05,0.0,0.693046,0.92,0.871496,0.514209
volkan,2D_a0,42,42-165,0.0,0.075,0.0,0.075,0.075,0.0,0.7,0.255454,-1.36,1.13138,0.509356
volkan,2D_a0,42,42-166,0.441667,0.141667,0.633333,0.775,0.458333,0.058333,0.0,0.709459,0.76,0.945387,0.497203
volkan,2D_a0,42,42-167,0.525,0.491667,0.441667,0.933333,0.775,0.0,0.0,0.575447,0.32,0.471368,0.342311
volkan,2D_a0,42,42-168,0.383333,0.541667,0.083333,0.625,0.625,0.0,0.091667,0.450559,-0.56,0.397744,0.293977
volkan,2D_a0,42,42-169,0.425,0.508333,0.166667,0.675,0.675,0.0,0.133333,0.460686,-0.28,0.45159,0.314694
volkan,2D_a0,42,42-170,0.041667,0.266667,0.0,0.266667,0.266667,0.0,0.416667,0.328773,-0.88,0.763153,0.478198
volkan,2D_a0,42,42-171,0.583333,0.475,0.466667,0.941667,0.775,0.008333,0.0,0.602415,0.84,0.538397,0.440358
volkan,2D_a0,42,42-172,0.108333,0.341667,0.008333,0.35,0.35,0.0,0.341667,0.355691,-0.68,0.666745,0.461258
volkan,2D_a0,42,42-173,0.0,0.008333,0.0,0.008333,0.008333,0.0,0.841667,0.190357,-1.52,1.563053,0.622478
volkan,2D_a0,42,42-174,0.0,0.008333,0.0,0.008333,0.008333,0.0,0.866667,0.186232,-1.52,1.579249,0.588333
volkan,2D_a0,42,42-175,0.508333,0.533333,0.291667,0.825,0.766667,0.0,0.0,0.525674,-0.08,0.4131,0.257148
volkan,2D_a0,42,42-176,0.041667,0.0,0.458333,0.458333,0.041667,0.358333,0.0,0.814563,1.56,1.564728,0.532763
volkan,2D_a0,42,42-177,0.525,0.55,0.366667,0.916667,0.816667,0.0,0.0,0.550156,0.2,0.424716,0.294989
volkan,2D_a0,42,42-178,0.425,0.516667,0.133333,0.65,0.65,0.0,0.116667,0.451486,-0.44,0.439854,0.318166
volkan,2D_a0,42,42-179,0.541667,0.483333,0.425,0.908333,0.775,0.0,0.0,0.573406,0.32,0.486968,0.365714
volkan,2D_a0,42,42-180,0.208333,0.058333,0.583333,0.641667,0.208333,0.241667,0.0,0.773247,1.28,1.314505,0.579361
volkan,2D_a0,42,42-181,0.508333,0.483333,0.3,0.783333,0.708333,0.0,0.008333,0.522982,-0.12,0.432627,0.278537
volkan,2D_a0,42,42-182,0.2,0.475,0.0,0.475,0.475,0.0,0.191667,0.394503,-0.24,0.508745,0.399901
volkan,2D_a0,42,42-183,0.341667,0.083333,0.666667,0.75,0.341667,0.116667,0.0,0.73648,1.2,1.083977,0.49116
volkan,2D_a0,42,42-184,0.566667,0.5,0.483333,0.983333,0.783333,0.008333,0.0,0.596073,0.64,0.513244,0.38473
volkan,2D_a0,42,42-185,0.108333,0.0,0.375,0.375,0.108333,0.341667,0.0,0.810153,1.56,1.527581,0.505338
volkan,2D_a0,42,42-186,0.491667,0.558333,0.3,0.858333,0.783333,0.0,0.0,0.531347,0.08,0.404817,0.255569
volkan,2D_a0,42,42-187,0.0,0.0,0.0,0.0,0.0,0.0,0.866667,0.203358,-1.24,1.439722,0.507684
volkan,2D_a0,42,42-188,0.0,0.0,0.0,0.0,0.0,0.0,0.933333,0.175842,-1.56,1.649084,0.582111
volkan,2D_a0,42,42-189,0.066667,0.0,0.366667,0.366667,0.066667,0.458333,0.0,0.828277,1.72,1.670704,0.5559
volkan,2D_a0,42,42-190,0.041667,0.0,0.316667,0.316667,0.041667,0.433333,0.0,0.832895,1.6,1.688973,0.509584
volkan,2D_a0,42,42-191,0.341667,0.525,0.083333,0.608333,0.608333,0.0,0.108333,0.442324,-0.48,0.424988,0.315151
volkan,2D_a0,42,42-192,0.25,0.475,0.016667,0.491667,0.491667,0.0,0.233333,0.402784,-0.12,0.528684,0.375128
volkan,2D_a0,42,42-193,0.15,0.0,0.45,0.45,0.15,0.35,0.0,0.7996,1.84,1.474904,0.563962
volkan,2D_a0,42,42-194,0.0,0.025,0.0,0.025,0.025,0.0,0.8,0.223112,-1.28,1.318203,0.512227
volkan,2D_a0,42,42-195,0.0,0.091667,0.0,0.091667,0.091667,0.0,0.708333,0.239144,-1.92,1.266754,0.660586
volkan,2D_a0,42,42-196,0.591667,0.375,0.558333,0.933333,0.658333,0.008333,0.0,0.648457,0.68,0.663341,0.448904
volkan,2D_a0,42,42-197,0.191667,0.466667,0.0,0.466667,0.466667,0.0,0.291667,0.383905,-0.64,0.560483,0.411724
volkan,2D_a0,42,42-198,0.416667,0.408333,0.233333,0.641667,0.625,0.0,0.058333,0.480709,0.12,0.435253,0.281081
volkan,2D_a0,42,42-199,0.366667,0.516667,0.133333,0.65,0.65,0.0,0.141667,0.44784,-0.28,0.454043,0.313779
volkan,2D_a0,137,137-0,0.008333,0.125,0.0,0.125,0.125,0.0,0.541667,0.286113,-0.96,0.962546,0.473553
volkan,2D_a0,137,137-1,0.025,0.233333,0.0,0.233333,0.233333,0.0,0.441667,0.316595,-0.8,0.817162,0.487092
volkan,2D_a0,137,137-2,0.066667,0.258333,0.0,0.258333,0.258333,0.0,0.433333,0.322812,-0.92,0.802998,0.50304
volkan,2D_a0,137,137-3,0.491667,0.6,0.191667,0.791667,0.791667,0.0,0.033333,0.497136,-0.12,0.397319,0.237023
volkan,2D_a0,137,137-4,0.075,0.366667,0.0,0.366667,0.366667,0.0,0.333333,0.357671,-0.76,0.629315,0.398683
volkan,2D_a0,137,137-5,0.0,0.041667,0.0,0.041667,0.041667,0.0,0.741667,0.234769,-1.6,1.259625,0.55032
volkan,2D_a0,137,137-6,0.508333,0.558333,0.341667,0.9,0.816667,0.0,0.0,0.54311,0.08,0.407705,0.280097
volkan,2D_a0,137,137-7,0.058333,0.333333,0.0,0.333333,0.333333,0.0,0.358333,0.343722,-0.52,0.691004,0.458951
volkan,2D_a0,137,137-8,0.0,0.0,0.0,0.0,0.0,0.0,1.0,0.102985,-1.72,2.294408,0.583923
volkan,2D_a0,137,137-9,0.0,0.0,0.175,0.175,0.0,0.6,0.0,0.859549,1.84,1.886278,0.460116
volkan,2D_a0,137,137-10,0.033333,0.0,0.391667,0.391667,0.033333,0.358333,0.0,0.818876,1.4,1.592341,0.524006
volkan,2D_a0,137,137-11,0.0,0.041667,0.0,0.041667,0.041667,0.0,0.741667,0.238943,-0.88,1.223234,0.503846
volkan,2D_a0,137,137-12,0.241667,0.466667,0.008333,0.475,0.475,0.0,0.216667,0.401531,-0.24,0.523654,0.402438
volkan,2D_a0,137,137-13,0.45,0.483333,0.216667,0.7,0.7,0.0,0.083333,0.477763,-0.16,0.432286,0.275657
volkan,2D_a0,137,137-14,0.441667,0.175,0.583333,0.758333,0.441667,0.091667,0.0,0.713858,1.0,0.976411,0.541241
volkan,2D_a0,137,137-15,0.0,0.0,0.0,0.0,0.0,0.0,1.0,0.055086,-1.88,3.014111,0.635886
volkan,2D_a0,137,137-16,0.0,0.15,0.0,0.15,0.15,0.0,0.541667,0.29061,-0.96,0.942431,0.490259
volkan,2D_a0,137,137-17,0.491667,0.508333,0.333333,0.841667,0.783333,0.0,0.0,0.529606,0.16,0.407533,0.267152
volkan,2D_a0,137,137-18,0.0,0.0,0.0,0.0,0.0,0.0,1.0,0.113209,-1.84,2.220831,0.670992
volkan,2D_a0,137,137-19,0.058333,0.341667,0.0,0.341667,0.341667,0.0,0.383333,0.339458,-0.56,0.718349,0.488999
volkan,2D_a0,137,137-20,0.275,0.508333,0.041667,0.55,0.55,0.0,0.158333,0.419582,-0.2,0.470999,0.336401
volkan,2D_a0,137,137-21,0.183333,0.508333,0.0,0.508333,0.508333,0.0,0.208333,0.396365,-0.6,0.49028,0.370703
volkan,2D_a0,137,137-22,0.0,0.05,0.0,0.05,0.05,0.0,0.733333,0.240792,-1.2,1.21881,0.528561
volkan,2D_a0,137,137-23,0.4,0.116667,0.675,0.791667,0.4,0.075,0.0,0.722194,1.12,1.006188,0.480153
volkan,2D_a0,137,137-24,0.041667,0.233333,0.0,0.233333,0.233333,0.0,0.433333,0.323547,-0.8,0.794197,0.484249
volkan,2D_a0,137,137-25,0.558333,0.283333,0.6,0.883333,0.583333,0.008333,0.0,0.672473,0.32,0.761855,0.47615
volkan,2D_a0,137,137-26,0.275,0.516667,0.033333,0.55,0.55,0.0,0.191667,0.417552,-0.24,0.475443,0.332327
volkan,2D_a0,137,137-27,0.533333,0.533333,0.358333,0.891667,0.808333,0.0,0.0,0.544024,0.08,0.407876,0.268188
volkan,2D_a0,137,137-28,0.125,0.408333,0.0,0.408333,0.408333,0.0,0.275,0.368198,-0.76,0.597674,0.423709
volkan,2D_a0,137,137-29,0.4,0.083333,0.65,0.733333,0.4,0.108333,0.0,0.730507,0.6,1.055202,0.503598
volkan,2D_a0,137,137-30,0.541667,0.533333,0.416667,0.95,0.8,0.0,0.0,0.577827,0.4,0.465939,0.366002
volkan,2D_a0,137,137-31,0.0,0.116667,0.0,0.116667,0.116667,0.0,0.675,0.25961,-1.32,1.118188,0.546549
volkan,2D_a0,137,137-32,0.491667,0.275,0.591667,0.866667,0.591667,0.008333,0.0,0.666888,0.96,0.745071,0.465241
volkan,2D_a0,137,137-33,0.0,0.0,0.0,0.0,0.0,0.966667,0.0,0.926768,1.8,2.637902,0.496547
volkan,2D_a0,137,137-34,0.0,0.0,0.0,0.0,0.0,0.0,1.0,0.123618,-1.68,2.095251,0.61312
volkan,2D_a0,137,137-35,0.416667,0.458333,0.175,0.633333,0.633333,0.0,0.058333,0.46506,0.04,0.414287,0.268998
volkan,2D_a0,137,137-36,0.475,0.5,0.291667,0.791667,0.725,0.0,0.033333,0.516324,0.32,0.417863,0.267311
volkan,2D_a0,137,137-37,0.375,0.541667,0.091667,0.633333,0.633333,0.0,0.133333,0.441311,-0.44,0.437777,0.320995
volkan,2D_a0,137,137-38,0.45,0.158333,0.616667,0.775,0.45,0.083333,0.0,0.70697,1.32,0.943557,0.549601
volkan,2D_a0,137,137-39,0.325,0.508333,0.083333,0.591667,0.591667,0.0,0.158333,0.430979,-0.36,0.464922,0.334793
volkan,2D_a0,137,137-40,0.541667,0.316667,0.558333,0.875,0.6,0.0,0.0,0.663794,0.4,0.735331,0.481614
volkan,2D_a0,137,137-41,0.525,0.316667,0.566667,0.883333,0.625,0.025,0.0,0.654696,0.92,0.709146,0.481197
volkan,2D_a0,137,137-42,0.0,0.091667,0.0,0.091667,0.091667,0.0,0.65,0.265446,-0.88,1.072257,0.485065
volkan,2D_a0,137,137-43,0.0,0.025,0.0,0.025,0.025,0.0,0.8,0.224499,-1.2,1.311461,0.517738
volkan,2D_a0,137,137-44,0.008333,0.0,0.291667,0.291667,0.008333,0.508333,0.0,0.845157,1.72,1.801755,0.566496
volkan,2D_a0,137,137-45,0.358333,0.466667,0.125,0.591667,0.591667,0.0,0.1,0.449573,-0.0,0.42465,0.283355
volkan,2D_a0,137,137-46,0.491667,0.541667,0.325,0.866667,0.775,0.0,0.0,0.535431,0.32,0.419049,0.275513
volkan,2D_a0,137,137-47,0.058333,0.0,0.375,0.375,0.058333,0.341667,0.0,0.81028,1.56,1.513053,0.450066
volkan,2D_a0,137,137-48,0.65,0.391667,0.566667,0.958333,0.7,0.0,0.0,0.639948,0.84,0.615118,0.411385
volkan,2D_a0,137,137-49,0.075,0.308333,0.0,0.308333,0.308333,0.0,0.366667,0.345595,-0.48,0.6852,0.442507
volkan,2D_a0,137,137-50,0.233333,0.483333,0.016667,0.5,0.5,0.0,0.266667,0.396659,-0.48,0.533134,0.408384
volkan,2D_a0,137,137-51,0.35,0.091667,0.633333,0.725,0.35,0.166667,0.0,0.737049,1.2,1.107288,0.572821
volkan,2D_a0,137,137-52,0.166667,0.008333,0.525,0.533333,0.166667,0.15,0.0,0.780202,1.48,1.324553,0.459144
volkan,2D_a0,137,137-53,0.308333,0.508333,0.058333,0.566667,0.566667,0.0,0.116667,0.435837,-0.2,0.432181,0.301713
volkan,2D_a0,137,137-54,0.2,0.0,0.583333,0.583333,0.2,0.116667,0.0,0.772086,1.36,1.271293,0.438202
volkan,2D_a0,137,137-55,0.183333,0.441667,0.008333,0.45,0.45,0.0,0.266667,0.382418,-0.48,0.569948,0.415289
volkan,2D_a0,137,137-56,0.508333,0.516667,0.333333,0.85,0.75,0.0,0.0,0.540322,0.28,0.437735,0.280374
volkan,2D_a0,137,137-57,0.0,0.0,0.0,0.0,0.0,0.0,0.875,0.188283,-1.72,1.570689,0.608725
volkan,2D_a0,137,137-58,0.358333,0.525,0.091667,0.616667,0.616667,0.0,0.141667,0.445119,-0.2,0.442982,0.302739
volkan,2D_a0,137,137-59,0.591667,0.425,0.508333,0.933333,0.741667,0.008333,0.0,0.621331,0.76,0.57286,0.424004
volkan,2D_a0,137,137-60,0.516667,0.483333,0.483333,0.966667,0.741667,0.0,0.0,0.590696,0.24,0.511611,0.367123
volkan,2D_a0,137,137-61,0.591667,0.366667,0.541667,0.908333,0.633333,0.008333,0.0,0.656133,0.8,0.688441,0.4682
volkan,2D_a0,137,137-62,0.025,0.2,0.0,0.2,0.2,0.0,0.483333,0.309169,-0.8,0.853503,0.481509
volkan,2D_a0,137,137-63,0.366667,0.541667,0.075,0.616667,0.616667,0.0,0.1,0.447461,-0.28,0.412361,0.295507
volkan,2D_a0,137,137-64,0.408333,0.466667,0.166667,0.633333,0.633333,0.0,0.141667,0.452695,-0.32,0.471687,0.322739
volkan,2D_a0,137,137-65,0.033333,0.0,0.316667,0.316667,0.033333,0.45,0.0,0.833937,1.72,1.708006,0.551182
volkan,2D_a0,137,137-66,0.0,0.008333,0.0,0.008333,0.008333,0.0,0.825,0.214962,-1.12,1.359071,0.478687
volkan,2D_a0,137,137-67,0.258333,0.5,0.033333,0.533333,0.533333,0.0,0.208333,0.410574,-0.52,0.491305,0.377746
volkan,2D_a0,137,137-68,0.4,0.508333,0.116667,0.625,0.625,0.0,0.083333,0.457943,-0.32,0.402699,0.283173
volkan,2D_a0,137,137-69,0.0,0.0,0.0,0.0,0.0,1.0,0.0,0.95203,2.28,3.145739,0.60364
volkan,2D_a0,137,137-70,0.558333,0.341667,0.541667,0.883333,0.675,0.025,0.0,0.648042,1.08,0.688777,0.484593
volkan,2D_a0,137,137-71,0.45,0.516667,0.133333,0.65,0.65,0.0,0.058333,0.467533,-0.2,0.398241,0.271492
volkan,2D_a0,137,137-72,0.45,0.441667,0.266667,0.708333,0.7,0.0,0.066667,0.488812,-0.12,0.430298,0.274419
volkan,2D_a0,137,137-73,0.0,0.0,0.0,0.0,0.0,0.0,0.975,0.141335,-1.56,1.930773,0.610148
volkan,2D_a0,137,137-74,0.491667,0.5,0.316667,0.816667,0.716667,0.0,0.0,0.530514,-0.04,0.443923,0.281553
volkan,2D_a0,137,137-75,0.258333,0.016667,0.558333,0.575,0.258333,0.158333,0.0,0.771594,1.56,1.289532,0.524443
volkan,2D_a0,137,137-76,0.308333,0.541667,0.033333,0.575,0.575,0.0,0.1,0.438163,-0.48,0.403434,0.307995
volkan,2D_a0,137,137-77,0.125,0.383333,0.0,0.383333,0.383333,0.0,0.3,0.359445,-0.72,0.647594,0.481564
volkan,2D_a0,137,137-78,0.266667,0.533333,0.025,0.558333,0.558333,0.0,0.15,0.420811,-0.48,0.451484,0.344109
volkan,2D_a0,137,137-79,0.475,0.208333,0.608333,0.816667,0.516667,0.066667,0.0,0.694413,1.0,0.889903,0.532626
volkan,2D_a0,137,137-80,0.583333,0.4,0.516667,0.916667,0.691667,0.016667,0.0,0.633306,0.92,0.624675,0.449594
volkan,2D_a0,137,137-81,0.341667,0.075,0.625,0.7,0.341667,0.133333,0.0,0.744365,1.24,1.130268,0.507538
volkan,2D_a0,137,137-82,0.533333,0.483333,0.341667,0.825,0.766667,0.0,0.016667,0.529524,-0.04,0.422143,0.27264
volkan,2D_a0,137,137-83,0.583333,0.325,0.558333,0.883333,0.625,0.033333,0.0,0.662457,1.08,0.723352,0.494717
volkan,2D_a0,137,137-84,0.0,0.1,0.0,0.1,0.1,0.0,0.625,0.271564,-1.2,1.046637,0.514857
volkan,2D_a0,137,137-85,0.45,0.475,0.291667,0.766667,0.658333,0.0,0.025,0.526242,0.48,0.463535,0.306977
volkan,2D_a0,137,137-86,0.0,0.025,0.0,0.025,0.025,0.0,0.741667,0.236675,-1.0,1.23671,0.505203
volkan,2D_a0,137,137-87,0.041667,0.291667,0.0,0.291667,0.291667,0.0,0.408333,0.330643,-0.64,0.74824,0.46294
volkan,2D_a0,137,137-88,0.0,0.141667,0.0,0.141667,0.141667,0.0,0.533333,0.290566,-0.72,0.937716,0.464111
volkan,2D_a0,137,137-89,0.391667,0.483333,0.133333,0.616667,0.616667,0.0,0.125,0.449259,-0.28,0.435152,0.295833
volkan,2D_a0,137,137-90,0.366667,0.075,0.616667,0.691667,0.366667,0.125,0.0,0.740934,0.96,1.112378,0.509532
volkan,2D_a0,137,137-91,0.608333,0.55,0.45,1.0,0.833333,0.0,0.0,0.5872,0.56,0.447055,0.345284
volkan,2D_a0,137,137-92,0.0,0.016667,0.0,0.016667,0.016667,0.0,0.791667,0.225146,-1.08,1.301711,0.495338
volkan,2D_a0,137,137-93,0.483333,0.4,0.483333,0.883333,0.616667,0.025,0.0,0.636455,0.8,0.66804,0.472096
volkan,2D_a0,137,137-94,0.0,0.0,0.058333,0.058333,0.0,0.758333,0.0,0.886199,1.88,2.147717,0.502343
volkan,2D_a0,137,137-95,0.241667,0.033333,0.566667,0.6,0.241667,0.2,0.0,0.768939,0.92,1.269402,0.505112
volkan,2D_a0,137,137-96,0.525,0.291667,0.6,0.891667,0.633333,0.0,0.0,0.655841,1.0,0.711669,0.45321
volkan,2D_a0,137,137-97,0.266667,0.025,0.7,0.725,0.266667,0.091667,0.0,0.751231,1.44,1.151925,0.435144
volkan,2D_a0,137,137-98,0.233333,0.041667,0.6,0.641667,0.233333,0.2,0.0,0.766319,1.2,1.26971,0.563146
volkan,2D_a0,137,137-99,0.625,0.475,0.483333,0.958333,0.825,0.0,0.0,0.585592,0.08,0.466395,0.336667
volkan,2D_a0,137,137-100,0.3,0.5,0.066667,0.566667,0.566667,0.0,0.175,0.427736,-0.16,0.459967,0.314308
volkan,2D_a0,137,137-101,0.0,0.0,0.108333,0.108333,0.0,0.7,0.0,0.876046,1.76,2.061713,0.553003
volkan,2D_a0,137,137-102,0.558333,0.558333,0.4,0.958333,0.833333,0.0,0.0,0.5679,0.44,0.419063,0.319225
volkan,2D_a0,137,137-103,0.2,0.016667,0.633333,0.65,0.2,0.175,0.0,0.770032,1.2,1.265794,0.466888
volkan,2D_a0,137,137-104,0.458333,0.475,0.25,0.725,0.7,0.0,0.058333,0.495085,0.04,0.43384,0.275529
volkan,2D_a0,137,137-105,0.0,0.0,0.058333,0.058333,0.0,0.75,0.0,0.882684,1.8,2.116492,0.518783
volkan,2D_a0,137,137-106,0.0,0.0,0.0,0.0,0.0,0.0,1.0,0.033652,-2.32,3.604903,0.746259
volkan,2D_a0,137,137-107,0.266667,0.566667,0.025,0.591667,0.591667,0.0,0.133333,0.4259,-0.56,0.432787,0.317556
volkan,2D_a0,137,137-108,0.0,0.0,0.0,0.0,0.0,0.0,1.0,0.034594,-2.36,3.581257,0.757383
volkan,2D_a0,137,137-109,0.058333,0.0,0.325,0.325,0.058333,0.483333,0.0,0.834286,1.44,1.718045,0.563054
volkan,2D_a0,137,137-110,0.058333,0.383333,0.0,0.383333,0.383333,0.0,0.366667,0.354076,-0.72,0.645617,0.424343
volkan,2D_a0,137,137-111,0.275,0.008333,0.658333,0.666667,0.275,0.175,0.0,0.761236,1.32,1.224558,0.504245
volkan,2D_a0,137,137-112,0.183333,0.458333,0.0,0.458333,0.458333,0.0,0.275,0.378693,-0.6,0.581809,0.433296
volkan,2D_a0,137,137-113,0.05,0.325,0.0,0.325,0.325,0.0,0.383333,0.336739,-0.64,0.717347,0.451657
volkan,2D_a0,137,137-114,0.208333,0.483333,0.008333,0.491667,0.491667,0.0,0.291667,0.388454,-0.48,0.551059,0.397163
volkan,2D_a0,137,137-115,0.325,0.525,0.066667,0.591667,0.591667,0.0,0.116667,0.437097,-0.36,0.427141,0.312521
volkan,2D_a0,137,137-116,0.266667,0.0,0.691667,0.691667,0.266667,0.133333,0.0,0.760039,1.32,1.206612,0.458276
volkan,2D_a0,137,137-117,0.033333,0.275,0.0,0.275,0.275,0.0,0.4,0.329074,-0.84,0.752158,0.44542
volkan,2D_a0,137,137-118,0.0,0.0,0.0,0.0,0.0,0.0,1.0,0.105762,-2.04,2.304479,0.671616
volkan,2D_a0,137,137-119,0.3,0.5,0.041667,0.541667,0.541667,0.0,0.225,0.408452,-0.36,0.525688,0.397636
volkan,2D_a0,137,137-120,0.0,0.0,0.208333,0.208333,0.0,0.683333,0.0,0.864119,1.8,1.955139,0.542705
volkan,2D_a0,137,137-121,0.0,0.0,0.058333,0.058333,0.0,0.758333,0.0,0.891885,1.88,2.230453,0.57089
volkan,2D_a0,137,137-122,0.525,0.45,0.333333,0.783333,0.766667,0.0,0.016667,0.519,-0.2,0.416121,0.262749
volkan,2D_a0,137,137-123,0.0,0.008333,0.0,0.008333,0.008333,0.0,0.883333,0.167067,-1.76,1.756543,0.68447
volkan,2D_a0,137,137-124,0.0,0.0,0.0,0.0,0.0,0.0,0.958333,0.1374,-1.92,1.984755,0.651347
volkan,2D_a0,137,137-125,0.5,0.541667,0.241667,0.783333,0.741667,0.0,0.008333,0.510829,-0.2,0.400525,0.247314
volkan,2D_a0,137,137-126,0.483333,0.5,0.383333,0.883333,0.725,0.0,0.0,0.557938,0.36,0.468048,0.334801
volkan,2D_a0,137,137-127,0.0,0.066667,0.0,0.066667,0.066667,0.0,0.683333,0.256516,-1.32,1.122215,0.493954
volkan,2D_a0,137,137-128,0.366667,0.516667,0.108333,0.625,0.625,0.0,0.15,0.441796,-0.04,0.470994,0.311308
volkan,2D_a0,137,137-129,0.391667,0.15,0.658333,0.808333,0.391667,0.108333,0.0,0.719694,1.24,0.996997,0.498829
volkan,2D_a0,137,137-130,0.383333,0.516667,0.108333,0.625,0.625,0.0,0.116667,0.450334,-0.56,0.440664,0.314551
volkan,2D_a0,137,137-131,0.316667,0.541667,0.033333,0.575,0.575,0.0,0.166667,0.426094,-0.48,0.459702,0.349616
volkan,2D_a0,137,137-132,0.566667,0.433333,0.541667,0.975,0.725,0.0,0.0,0.619365,0.2,0.566881,0.419708
volkan,2D_a0,137,137-133,0.0,0.008333,0.0,0.008333,0.008333,0.0,0.816667,0.212246,-1.32,1.390349,0.531101
volkan,2D_a0,137,137-134,0.491667,0.5,0.333333,0.833333,0.733333,0.0,0.0,0.537644,0.16,0.443839,0.289276
volkan,2D_a0,137,137-135,0.508333,0.533333,0.416667,0.95,0.8,0.0,0.0,0.565872,0.56,0.432218,0.327927
volkan,2D_a0,137,137-136,0.491667,0.575,0.216667,0.791667,0.783333,0.0,0.016667,0.498253,-0.0,0.386907,0.23061
volkan,2D_a0,137,137-137,0.158333,0.408333,0.016667,0.425,0.425,0.0,0.275,0.379281,-0.92,0.590966,0.414914
volkan,2D_a0,137,137-138,0.475,0.616667,0.191667,0.808333,0.808333,0.0,0.033333,0.493363,-0.12,0.383774,0.222955
volkan,2D_a0,137,137-139,0.408333,0.066667,0.7,0.766667,0.408333,0.1,0.0,0.727362,1.0,1.04021,0.509903
volkan,2D_a0,137,137-140,0.0,0.0,0.0,0.0,0.0,0.0,1.0,0.066044,-1.96,2.836084,0.681077
volkan,2D_a0,137,137-141,0.508333,0.15,0.666667,0.816667,0.508333,0.058333,0.0,0.704785,1.0,0.914564,0.463843
volkan,2D_a0,137,137-142,0.425,0.533333,0.166667,0.7,0.7,0.0,0.058333,0.476544,-0.16,0.416781,0.261366
volkan,2D_a0,137,137-143,0.05,0.3,0.0,0.3,0.3,0.0,0.416667,0.328604,-0.96,0.781759,0.50821
volkan,2D_a0,137,137-144,0.441667,0.541667,0.325,0.866667,0.75,0.0,0.0,0.537092,0.48,0.423997,0.292058
volkan,2D_a0,137,137-145,0.533333,0.425,0.533333,0.958333,0.675,0.0,0.0,0.630878,0.32,0.605148,0.427039
volkan,2D_a0,137,137-146,0.475,0.208333,0.6,0.808333,0.491667,0.066667,0.0,0.699604,1.28,0.900065,0.517362
volkan,2D_a0,137,137-147,0.125,0.433333,0.008333,0.441667,0.441667,0.0,0.233333,0.378637,-0.76,0.561045,0.411991
volkan,2D_a0,137,137-148,0.008333,0.125,0.0,0.125,0.125,0.0,0.525,0.294129,-0.96,0.921377,0.471187
volkan,2D_a0,137,137-149,0.45,0.5,0.241667,0.741667,0.716667,0.0,0.025,0.495045,0.28,0.401449,0.238563
volkan,2D_a0,137,137-150,0.0,0.05,0.0,0.05,0.05,0.0,0.775,0.232312,-1.24,1.266831,0.524053
volkan,2D_a0,137,137-151,0.041667,0.0,0.308333,0.308333,0.041667,0.425,0.0,0.830508,1.28,1.669251,0.501577
volkan,2D_a0,137,137-152,0.0,0.0,0.0,0.0,0.0,1.0,0.0,0.972907,2.28,3.765829,0.651203
volkan,2D_a0,137,137-153,0.0,0.116667,0.0,0.116667,0.116667,0.0,0.558333,0.287933,-0.96,0.951498,0.46741
volkan,2D_a0,137,137-154,0.016667,0.0,0.291667,0.291667,0.016667,0.458333,0.0,0.834718,1.32,1.701172,0.506054
volkan,2D_a0,137,137-155,0.575,0.308333,0.6,0.908333,0.625,0.016667,0.0,0.654573,0.84,0.690112,0.47615
volkan,2D_a0,137,137-156,0.441667,0.5,0.225,0.725,0.691667,0.0,0.025,0.489858,0.04,0.416881,0.262619
volkan,2D_a0,137,137-157,0.441667,0.15,0.658333,0.808333,0.441667,0.058333,0.0,0.707173,1.2,0.929898,0.485846
volkan,2D_a0,137,137-158,0.433333,0.133333,0.658333,0.791667,0.433333,0.066667,0.0,0.715801,0.96,0.977539,0.499697
volkan,2D_a0,137,137-159,0.458333,0.5,0.425,0.925,0.725,0.0,0.0,0.570586,0.24,0.489177,0.344358
volkan,2D_a0,137,137-160,0.075,0.375,0.0,0.375,0.375,0.0,0.35,0.352286,-0.24,0.659017,0.459315
volkan,2D_a0,137,137-161,0.5,0.5,0.325,0.825,0.775,0.0,0.0,0.527239,0.12,0.399424,0.254427
volkan,2D_a0,137,137-162,0.0,0.041667,0.0,0.041667,0.041667,0.0,0.75,0.231292,-1.28,1.274547,0.53028
volkan,2D_a0,137,137-163,0.608333,0.408333,0.5,0.908333,0.7,0.033333,0.0,0.643194,1.04,0.640024,0.481576
volkan,2D_a0,137,137-164,0.358333,0.558333,0.05,0.608333,0.608333,0.0,0.141667,0.438473,-0.44,0.425028,0.314622
volkan,2D_a0,137,137-165,0.375,0.091667,0.65,0.741667,0.375,0.141667,0.0,0.73545,1.0,1.080598,0.499758
volkan,2D_a0,137,137-166,0.533333,0.483333,0.333333,0.816667,0.733333,0.0,0.0,0.532095,0.32,0.445273,0.290771
volkan,2D_a0,137,137-167,0.391667,0.558333,0.108333,0.666667,0.666667,0.0,0.108333,0.454792,-0.64,0.417575,0.294772
volkan,2D_a0,137,137-168,0.016667,0.2,0.0,0.2,0.2,0.0,0.516667,0.300115,-0.76,0.898643,0.495738
volkan,2D_a0,137,137-169,0.516667,0.483333,0.466667,0.95,0.733333,0.008333,0.0,0.611967,0.72,0.541965,0.440678
volkan,2D_a0,137,137-170,0.575,0.516667,0.408333,0.925,0.8,0.0,0.0,0.566136,0.36,0.451073,0.32565
volkan,2D_a0,137,137-171,0.291667,0.55,0.033333,0.583333,0.583333,0.0,0.133333,0.423556,-0.48,0.451632,0.334103
volkan,2D_a0,137,137-172,0.466667,0.491667,0.266667,0.758333,0.733333,0.0,0.058333,0.499747,0.04,0.424387,0.271118
volkan,2D_a0,137,137-173,0.441667,0.141667,0.658333,0.8,0.441667,0.058333,0.0,0.710593,1.08,0.943311,0.463201
volkan,2D_a0,137,137-174,0.25,0.508333,0.05,0.558333,0.558333,0.0,0.191667,0.41764,-0.52,0.492502,0.359063
volkan,2D_a0,137,137-175,0.0,0.066667,0.0,0.066667,0.066667,0.0,0.75,0.233083,-1.4,1.267399,0.544262
volkan,2D_a0,137,137-176,0.533333,0.333333,0.55,0.883333,0.591667,0.041667,0.0,0.663844,0.68,0.745928,0.508323
volkan,2D_a0,137,137-177,0.525,0.458333,0.383333,0.841667,0.741667,0.0,0.0,0.543377,-0.04,0.432049,0.279968
volkan,2D_a0,137,137-178,0.0,0.0,0.0,0.0,0.0,0.0,0.925,0.185426,-1.36,1.561854,0.51766
volkan,2D_a0,137,137-179,0.0,0.0,0.0,0.0,0.0,1.0,0.0,0.938093,2.04,2.826609,0.503379
volkan,2D_a0,137,137-180,0.158333,0.416667,0.0,0.416667,0.416667,0.0,0.291667,0.376841,-0.2,0.584019,0.411715
volkan,2D_a0,137,137-181,0.441667,0.508333,0.183333,0.691667,0.691667,0.0,0.058333,0.47128,-0.2,0.412458,0.266721
volkan,2D_a0,137,137-182,0.0,0.0,0.0,0.0,0.0,0.0,0.966667,0.150504,-1.64,1.853172,0.609016
volkan,2D_a0,137,137-183,0.383333,0.558333,0.116667,0.675,0.675,0.0,0.091667,0.457912,-0.08,0.431674,0.278017
volkan,2D_a0,137,137-184,0.033333,0.225,0.0,0.225,0.225,0.0,0.491667,0.313281,-1.08,0.836145,0.494141
volkan,2D_a0,137,137-185,0.083333,0.341667,0.0,0.341667,0.341667,0.0,0.333333,0.354699,-0.92,0.654697,0.436772
volkan,2D_a0,137,137-186,0.0,0.008333,0.0,0.008333,0.008333,0.0,0.783333,0.216869,-1.48,1.365106,0.543359
volkan,2D_a0,137,137-187,0.241667,0.441667,0.025,0.466667,0.466667,0.0,0.241667,0.400098,-0.16,0.525601,0.382806
volkan,2D_a0,137,137-188,0.108333,0.375,0.0,0.375,0.375,0.0,0.325,0.357159,-0.64,0.64443,0.426995
volkan,2D_a0,137,137-189,0.041667,0.225,0.0,0.225,0.225,0.0,0.491667,0.3115,-0.96,0.853185,0.50725
volkan,2D_a0,137,137-190,0.033333,0.233333,0.0,0.233333,0.233333,0.0,0.5,0.311016,-1.28,0.853223,0.502559
volkan,2D_a0,137,137-191,0.0,0.0,0.0,0.0,0.0,0.0,0.866667,0.187087,-1.56,1.586414,0.628856
volkan,2D_a0,137,137-192,0.0,0.0,0.0,0.0,0.0,0.0,1.0,0.096627,-2.08,2.422378,0.697985
volkan,2D_a0,137,137-193,0.075,0.325,0.0,0.325,0.325,0.0,0.375,0.345187,-0.6,0.687626,0.456663
volkan,2D_a0,137,137-194,0.008333,0.0,0.25,0.25,0.008333,0.641667,0.0,0.853802,1.76,1.882835,0.590684
volkan,2D_a0,137,137-195,0.575,0.483333,0.491667,0.975,0.775,0.0,0.0,0.608109,0.52,0.526073,0.408095
volkan,2D_a0,137,137-196,0.141667,0.441667,0.0,0.441667,0.441667,0.0,0.266667,0.378378,-0.64,0.56048,0.409739
volkan,2D_a0,137,137-197,0.0,0.0,0.0,0.0,0.0,0.0,0.808333,0.221411,-1.04,1.315344,0.460548
volkan,2D_a0,137,137-198,0.416667,0.541667,0.141667,0.683333,0.683333,0.0,0.083333,0.465661,-0.4,0.403797,0.273822
volkan,2D_a0,137,137-199,0.475,0.483333,0.216667,0.7,0.691667,0.0,0.058333,0.48516,-0.28,0.424995,0.274559
volkan,2D_a0,369,369-0,0.516667,0.541667,0.358333,0.9,0.775,0.0,0.0,0.561518,0.52,0.434854,0.329407
volkan,2D_a0,369,369-1,0.458333,0.516667,0.191667,0.708333,0.683333,0.0,0.025,0.484597,0.16,0.415205,0.25571
volkan,2D_a0,369,369-2,0.266667,0.033333,0.6,0.633333,0.266667,0.166667,0.0,0.761494,1.28,1.234811,0.538479
volkan,2D_a0,369,369-3,0.05,0.216667,0.0,0.216667,0.216667,0.0,0.491667,0.308367,-1.28,0.870339,0.50506
volkan,2D_a0,369,369-4,0.475,0.525,0.383333,0.908333,0.825,0.0,0.0,0.549811,0.28,0.408719,0.306657
volkan,2D_a0,369,369-5,0.525,0.508333,0.375,0.883333,0.741667,0.0,0.0,0.558327,0.4,0.460287,0.311321
volkan,2D_a0,369,369-6,0.008333,0.2,0.0,0.2,0.2,0.0,0.5,0.302774,-1.16,0.882673,0.484486
volkan,2D_a0,369,369-7,0.475,0.491667,0.391667,0.883333,0.741667,0.0,0.0,0.552373,0.44,0.455165,0.323731
volkan,2D_a0,369,369-8,0.466667,0.466667,0.258333,0.725,0.7,0.0,0.025,0.498979,-0.08,0.428668,0.276345
volkan,2D_a0,369,369-9,0.0,0.0,0.2,0.2,0.0,0.608333,0.0,0.860755,1.84,1.924305,0.545671
volkan,2D_a0,369,369-10,0.641667,0.325,0.575,0.9,0.658333,0.0,0.0,0.659492,0.96,0.696612,0.446234
volkan,2D_a0,369,369-11,0.0,0.0,0.0,0.0,0.0,0.0,1.0,0.028721,-2.36,3.778191,0.757783
volkan,2D_a0,369,369-12,0.108333,0.416667,0.0,0.416667,0.416667,0.0,0.316667,0.366097,-0.48,0.609869,0.439203
volkan,2D_a0,369,369-13,0.483333,0.491667,0.291667,0.783333,0.7,0.0,0.0,0.523134,0.28,0.44166,0.279488
volkan,2D_a0,369,369-14,0.0,0.0,0.0,0.0,0.0,0.0,1.0,0.039584,-2.0,3.37719,0.65022
volkan,2D_a0,369,369-15,0.0,0.0,0.0,0.0,0.0,0.0,1.0,0.049186,-2.32,3.209039,0.763581
volkan,2D_a0,369,369-16,0.541667,0.483333,0.366667,0.85,0.758333,0.0,0.0,0.543416,0.32,0.429867,0.292524
volkan,2D_a0,369,369-17,0.0,0.0,0.0,0.0,0.0,0.0,0.991667,0.12932,-1.72,2.036563,0.606929
volkan,2D_a0,369,369-18,0.166667,0.0,0.491667,0.491667,0.166667,0.275,0.0,0.793901,1.56,1.434378,0.551294
volkan,2D_a0,369,369-19,0.041667,0.258333,0.0,0.258333,0.258333,0.0,0.433333,0.326914,-0.96,0.770272,0.481069
volkan,2D_a0,369,369-20,0.416667,0.491667,0.15,0.641667,0.641667,0.0,0.083333,0.461752,-0.08,0.415719,0.274885
volkan,2D_a0,369,369-21,0.35,0.15,0.591667,0.741667,0.35,0.1,0.0,0.726402,1.24,1.039454,0.532806
volkan,2D_a0,369,369-22,0.2,0.475,0.016667,0.491667,0.491667,0.0,0.216667,0.393842,-0.56,0.528829,0.408626
volkan,2D_a0,369,369-23,0.333333,0.066667,0.65,0.716667,0.333333,0.108333,0.0,0.735383,1.12,1.075801,0.480008
volkan,2D_a0,369,369-24,0.141667,0.45,0.0,0.45,0.45,0.0,0.258333,0.377982,-0.72,0.570734,0.426707
volkan,2D_a0,369,369-25,0.208333,0.483333,0.0,0.483333,0.483333,0.0,0.233333,0.391281,-0.36,0.542148,0.425113
volkan,2D_a0,369,369-26,0.383333,0.066667,0.683333,0.75,0.383333,0.091667,0.0,0.730221,0.92,1.041402,0.446392
volkan,2D_a0,369,369-27,0.133333,0.441667,0.0,0.441667,0.441667,0.0,0.291667,0.376177,-0.68,0.592483,0.452295
volkan,2D_a0,369,369-28,0.0,0.025,0.0,0.025,0.025,0.0,0.766667,0.240419,-1.24,1.208488,0.478402
volkan,2D_a0,369,369-29,0.483333,0.533333,0.325,0.858333,0.766667,0.0,0.0,0.539556,0.56,0.418422,0.300041
volkan,2D_a0,369,369-30,0.533333,0.458333,0.5,0.958333,0.733333,0.0,0.0,0.611274,0.48,0.551498,0.412412
volkan,2D_a0,369,369-31,0.4,0.55,0.125,0.675,0.675,0.0,0.05,0.465894,-0.36,0.394312,0.266265
volkan,2D_a0,369,369-32,0.158333,0.408333,0.0,0.408333,0.408333,0.0,0.291667,0.380005,-0.56,0.572686,0.401695
volkan,2D_a0,369,369-33,0.0,0.0,0.0,0.0,0.0,0.0,1.0,0.09793,-1.88,2.394897,0.675152
volkan,2D_a0,369,369-34,0.075,0.383333,0.0,0.383333,0.383333,0.0,0.333333,0.35542,-0.68,0.637399,0.403673
volkan,2D_a0,369,369-35,0.416667,0.491667,0.2,0.691667,0.683333,0.0,0.066667,0.477782,0.12,0.434464,0.276446
volkan,2D_a0,369,369-36,0.075,0.333333,0.0,0.333333,0.333333,0.0,0.35,0.346711,-0.96,0.697503,0.488717
volkan,2D_a0,369,369-37,0.541667,0.391667,0.525,0.916667,0.675,0.016667,0.0,0.640055,0.92,0.647307,0.495692
volkan,2D_a0,369,369-38,0.441667,0.533333,0.2,0.733333,0.725,0.0,0.025,0.489547,0.2,0.396897,0.240501
volkan,2D_a0,369,369-39,0.558333,0.5,0.433333,0.933333,0.775,0.0,0.0,0.590724,0.88,0.498721,0.40059
volkan,2D_a0,369,369-40,0.508333,0.425,0.566667,0.991667,0.708333,0.0,0.0,0.616472,0.12,0.576561,0.400857
volkan,2D_a0,369,369-41,0.066667,0.358333,0.0,0.358333,0.358333,0.0,0.35,0.351198,-0.36,0.654368,0.444265
volkan,2D_a0,369,369-42,0.091667,0.316667,0.0,0.316667,0.316667,0.0,0.366667,0.338916,-0.92,0.727963,0.465092
volkan,2D_a0,369,369-43,0.0,0.025,0.0,0.025,0.025,0.0,0.791667,0.211914,-1.64,1.411606,0.595104
volkan,2D_a0,369,369-44,0.05,0.233333,0.0,0.233333,0.233333,0.0,0.475,0.311638,-0.88,0.852635,0.497578
volkan,2D_a0,369,369-45,0.425,0.566667,0.116667,0.683333,0.683333,0.0,0.05,0.468356,-0.52,0.374978,0.253686
volkan,2D_a0,369,369-46,0.533333,0.458333,0.483333,0.941667,0.725,0.0,0.0,0.591413,0.04,0.512052,0.367271
volkan,2D_a0,369,369-47,0.008333,0.108333,0.0,0.108333,0.108333,0.0,0.658333,0.26808,-1.32,1.063811,0.510259
volkan,2D_a0,369,369-48,0.491667,0.533333,0.275,0.808333,0.75,0.0,0.0,0.516561,0.12,0.40783,0.252396
volkan,2D_a0,369,369-49,0.0,0.0,0.0,0.0,0.0,0.0,0.966667,0.154023,-1.76,1.824788,0.60594
volkan,2D_a0,369,369-50,0.0,0.016667,0.0,0.016667,0.016667,0.0,0.85,0.198657,-1.6,1.500959,0.606639
volkan,2D_a0,369,369-51,0.508333,0.55,0.341667,0.891667,0.766667,0.0,0.0,0.55352,0.48,0.44463,0.318222
volkan,2D_a0,369,369-52,0.183333,0.0,0.45,0.45,0.183333,0.266667,0.0,0.792139,1.68,1.407223,0.494159
volkan,2D_a0,369,369-53,0.566667,0.383333,0.541667,0.925,0.65,0.008333,0.0,0.645326,0.52,0.655521,0.454462
volkan,2D_a0,369,369-54,0.041667,0.275,0.0,0.275,0.275,0.0,0.391667,0.333315,-0.76,0.738067,0.458501
volkan,2D_a0,369,369-55,0.541667,0.191667,0.666667,0.858333,0.55,0.058333,0.0,0.690576,1.08,0.857142,0.51997
volkan,2D_a0,369,369-56,0.541667,0.516667,0.325,0.841667,0.783333,0.0,0.0,0.532155,-0.32,0.416703,0.26207
volkan,2D_a0,369,369-57,0.075,0.283333,0.0,0.283333,0.283333,0.0,0.358333,0.344026,-0.96,0.683909,0.407435
volkan,2D_a0,369,369-58,0.0,0.033333,0.0,0.033333,0.033333,0.0,0.808333,0.212982,-1.88,1.40725,0.60283
volkan,2D_a0,369,369-59,0.525,0.541667,0.3,0.841667,0.758333,0.0,0.0,0.535566,0.08,0.431936,0.274988
volkan,2D_a0,369,369-60,0.266667,0.483333,0.033333,0.516667,0.516667,0.0,0.158333,0.417397,-0.24,0.462969,0.367002
volkan,2D_a0,369,369-61,0.0,0.0,0.0,0.0,0.0,0.0,1.0,0.123439,-1.6,2.070378,0.553123
volkan,2D_a0,369,369-62,0.55,0.558333,0.316667,0.875,0.816667,0.0,0.0,0.538156,-0.12,0.396512,0.250219
volkan,2D_a0,369,369-63,0.0,0.0,0.0,0.0,0.0,0.0,0.983333,0.130448,-1.84,2.039889,0.634369
volkan,2D_a0,369,369-64,0.125,0.416667,0.0,0.416667,0.416667,0.0,0.283333,0.369004,-0.32,0.596722,0.433849
volkan,2D_a0,369,369-65,0.566667,0.258333,0.608333,0.866667,0.591667,0.025,0.0,0.669687,0.72,0.750952,0.477286
volkan,2D_a0,369,369-66,0.0,0.066667,0.0,0.066667,0.066667,0.0,0.725,0.23884,-1.32,1.239076,0.563282
volkan,2D_a0,369,369-67,0.416667,0.1,0.65,0.75,0.416667,0.141667,0.0,0.72762,1.08,1.049039,0.543305
volkan,2D_a0,369,369-68,0.591667,0.375,0.583333,0.958333,0.675,0.0,0.0,0.641218,0.48,0.626275,0.428753
volkan,2D_a0,369,369-69,0.0,0.0,0.0,0.0,0.0,0.0,0.858333,0.19534,-1.52,1.51614,0.587364
volkan,2D_a0,369,369-70,0.308333,0.05,0.683333,0.733333,0.308333,0.116667,0.0,0.741501,1.0,1.101166,0.44611
volkan,2D_a0,369,369-71,0.141667,0.425,0.0,0.425,0.425,0.0,0.25,0.376519,-0.52,0.572045,0.416332
volkan,2D_a0,369,369-72,0.033333,0.208333,0.0,0.208333,0.208333,0.0,0.491667,0.305215,-1.0,0.886049,0.527232
volkan,2D_a0,369,369-73,0.575,0.466667,0.458333,0.925,0.733333,0.0,0.0,0.600227,0.48,0.52225,0.395983
volkan,2D_a0,369,369-74,0.066667,0.0,0.491667,0.491667,0.066667,0.3,0.0,0.805,1.32,1.482462,0.468473
volkan,2D_a0,369,369-75,0.625,0.416667,0.541667,0.958333,0.741667,0.0,0.0,0.625883,1.0,0.567564,0.408593
volkan,2D_a0,369,369-76,0.466667,0.458333,0.316667,0.775,0.683333,0.0,0.008333,0.523338,0.12,0.439675,0.283113
volkan,2D_a0,369,369-77,0.508333,0.475,0.508333,0.983333,0.725,0.0,0.0,0.606273,0.44,0.543533,0.400337
volkan,2D_a0,369,369-78,0.533333,0.241667,0.616667,0.858333,0.566667,0.05,0.0,0.677601,1.0,0.793825,0.502957
volkan,2D_a0,369,369-79,0.0,0.0,0.05,0.05,0.0,0.783333,0.0,0.889404,1.96,2.182616,0.509425
volkan,2D_a0,369,369-80,0.525,0.425,0.541667,0.966667,0.691667,0.0,0.0,0.623933,0.24,0.586912,0.414752
volkan,2D_a0,369,369-81,0.516667,0.541667,0.266667,0.808333,0.775,0.0,0.008333,0.514954,-0.2,0.392225,0.237215
volkan,2D_a0,369,369-82,0.25,0.041667,0.625,0.666667,0.25,0.133333,0.0,0.75544,1.04,1.179693,0.454759
volkan,2D_a0,369,369-83,0.041667,0.225,0.0,0.225,0.225,0.0,0.491667,0.306223,-1.04,0.883039,0.535154
volkan,2D_a0,369,369-84,0.316667,0.016667,0.708333,0.725,0.316667,0.1,0.0,0.74389,1.32,1.116252,0.45488
volkan,2D_a0,369,369-85,0.0,0.0,0.133333,0.133333,0.0,0.733333,0.0,0.879068,2.04,2.089965,0.533425
volkan,2D_a0,369,369-86,0.0,0.141667,0.0,0.141667,0.141667,0.0,0.541667,0.295029,-0.88,0.914444,0.461332
volkan,2D_a0,369,369-87,0.633333,0.241667,0.691667,0.933333,0.65,0.0,0.0,0.665599,1.12,0.717928,0.402547
volkan,2D_a0,369,369-88,0.491667,0.175,0.683333,0.858333,0.541667,0.033333,0.0,0.682602,1.28,0.818563,0.457173
volkan,2D_a0,369,369-89,0.0,0.016667,0.0,0.016667,0.016667,0.0,0.8,0.222537,-1.2,1.318222,0.499255
volkan,2D_a0,369,369-90,0.0,0.0,0.0,0.0,0.0,0.0,1.0,0.089121,-2.0,2.503911,0.677588
volkan,2D_a0,369,369-91,0.0,0.0,0.0,0.0,0.0,1.0,0.0,0.93937,2.16,2.876088,0.569501
volkan,2D_a0,369,369-92,0.0,0.0,0.0,0.0,0.0,0.0,1.0,0.090587,-1.88,2.469662,0.65251
volkan,2D_a0,369,369-93,0.108333,0.0,0.458333,0.458333,0.108333,0.233333,0.0,0.794939,1.52,1.414093,0.454548
volkan,2D_a0,369,369-94,0.0,0.0,0.225,0.225,0.0,0.45,0.0,0.840169,1.48,1.7286,0.46304
volkan,2D_a0,369,369-95,0.0,0.033333,0.0,0.033333,0.033333,0.0,0.816667,0.207408,-1.68,1.433537,0.573929
volkan,2D_a0,369,369-96,0.158333,0.4,0.008333,0.408333,0.408333,0.0,0.291667,0.375147,-0.36,0.587994,0.414554
volkan,2D_a0,369,369-97,0.0,0.0,0.0,0.0,0.0,0.0,1.0,0.104781,-2.04,2.307739,0.657294
volkan,2D_a0,369,369-98,0.05,0.2,0.0,0.2,0.2,0.0,0.508333,0.305712,-1.32,0.891111,0.52679
volkan,2D_a0,369,369-99,0.0,0.0,0.0,0.0,0.0,0.0,1.0,0.050576,-2.24,3.165863,0.739488
volkan,2D_a0,369,369-100,0.0,0.0,0.0,0.0,0.0,0.883333,0.0,0.912177,2.16,2.469723,0.566643
volkan,2D_a0,369,369-101,0.008333,0.158333,0.0,0.158333,0.158333,0.0,0.558333,0.289473,-1.08,0.954221,0.512923
volkan,2D_a0,369,369-102,0.116667,0.375,0.008333,0.383333,0.383333,0.0,0.308333,0.360905,-0.72,0.642616,0.439074
volkan,2D_a0,369,369-103,0.0,0.0,0.0,0.0,0.0,0.0,1.0,0.087204,-2.08,2.551195,0.728517
volkan,2D_a0,369,369-104,0.5,0.166667,0.683333,0.85,0.533333,0.066667,0.0,0.689917,1.08,0.852054,0.478478
volkan,2D_a0,369,369-105,0.558333,0.541667,0.391667,0.933333,0.808333,0.0,0.0,0.561051,0.28,0.437596,0.304281
volkan,2D_a0,369,369-106,0.408333,0.091667,0.658333,0.75,0.408333,0.133333,0.0,0.72556,0.92,1.037478,0.540509
volkan,2D_a0,369,369-107,0.491667,0.491667,0.3,0.791667,0.733333,0.0,0.008333,0.522382,0.12,0.426947,0.268568
volkan,2D_a0,369,369-108,0.3,0.533333,0.058333,0.591667,0.591667,0.0,0.15,0.428413,-0.36,0.459416,0.318277
volkan,2D_a0,369,369-109,0.45,0.5,0.15,0.65,0.65,0.0,0.05,0.470453,0.08,0.421725,0.273452
volkan,2D_a0,369,369-110,0.025,0.0,0.266667,0.266667,0.025,0.583333,0.0,0.850148,1.56,1.846085,0.578132
volkan,2D_a0,369,369-111,0.558333,0.458333,0.508333,0.966667,0.733333,0.0,0.0,0.606157,0.28,0.544167,0.39885
volkan,2D_a0,369,369-112,0.0,0.066667,0.0,0.066667,0.066667,0.0,0.641667,0.265534,-0.8,1.068679,0.469588
volkan,2D_a0,369,369-113,0.516667,0.516667,0.416667,0.933333,0.8,0.0,0.0,0.561863,0.28,0.443841,0.320868
volkan,2D_a0,369,369-114,0.5,0.491667,0.383333,0.875,0.766667,0.0,0.016667,0.543961,0.2,0.432916,0.293822
volkan,2D_a0,369,369-115,0.025,0.258333,0.0,0.258333,0.258333,0.0,0.4,0.331434,-0.76,0.741216,0.438173
volkan,2D_a0,369,369-116,0.433333,0.583333,0.133333,0.716667,0.716667,0.0,0.033333,0.477932,0.24,0.391952,0.233781
volkan,2D_a0,369,369-117,0.0,0.066667,0.0,0.066667,0.066667,0.0,0.716667,0.238523,-1.48,1.235633,0.543068
volkan,2D_a0,369,369-118,0.475,0.2,0.6,0.8,0.475,0.125,0.0,0.707247,1.0,0.941391,0.531229
volkan,2D_a0,369,369-119,0.55,0.258333,0.583333,0.841667,0.575,0.041667,0.0,0.678689,0.8,0.799799,0.504859
volkan,2D_a0,369,369-120,0.0,0.0,0.0,0.0,0.0,0.0,0.958333,0.156178,-1.64,1.790594,0.562262
volkan,2D_a0,369,369-121,0.0,0.0,0.0,0.0,0.0,0.0,0.95,0.160737,-1.76,1.760254,0.574376
volkan,2D_a0,369,369-122,0.516667,0.141667,0.691667,0.833333,0.516667,0.075,0.0,0.706217,1.04,0.924314,0.473995
volkan,2D_a0,369,369-123,0.175,0.033333,0.491667,0.525,0.175,0.233333,0.0,0.783273,1.32,1.357228,0.513396
volkan,2D_a0,369,369-124,0.0,0.0,0.0,0.0,0.0,0.0,1.0,0.085378,-1.96,2.541407,0.660244
volkan,2D_a0,369,369-125,0.383333,0.083333,0.691667,0.775,0.383333,0.083333,0.0,0.727031,1.4,1.033355,0.487548
volkan,2D_a0,369,369-126,0.566667,0.35,0.55,0.9,0.633333,0.025,0.0,0.65655,0.76,0.706549,0.491448
volkan,2D_a0,369,369-127,0.216667,0.033333,0.55,0.583333,0.216667,0.241667,0.0,0.775247,1.16,1.324268,0.568769
volkan,2D_a0,369,369-128,0.575,0.541667,0.441667,0.983333,0.833333,0.0,0.0,0.585333,0.44,0.460815,0.36934
volkan,2D_a0,369,369-129,0.0,0.0,0.175,0.175,0.0,0.616667,0.0,0.865521,1.88,1.972731,0.564118
volkan,2D_a0,369,369-130,0.541667,0.341667,0.525,0.866667,0.608333,0.025,0.0,0.664448,0.84,0.745398,0.530976
volkan,2D_a0,369,369-131,0.533333,0.458333,0.5,0.958333,0.708333,0.0,0.0,0.617374,0.6,0.572136,0.433893
volkan,2D_a0,369,369-132,0.566667,0.491667,0.491667,0.983333,0.766667,0.0,0.0,0.607358,0.56,0.519573,0.39924
volkan,2D_a0,369,369-133,0.0,0.0,0.0,0.0,0.0,0.0,0.983333,0.138462,-1.68,1.960871,0.62196
volkan,2D_a0,369,369-134,0.491667,0.516667,0.358333,0.875,0.733333,0.0,0.0,0.556217,0.68,0.464172,0.343542
volkan,2D_a0,369,369-135,0.0,0.0,0.05,0.05,0.0,0.766667,0.0,0.891496,1.92,2.239986,0.601165
volkan,2D_a0,369,369-136,0.1,0.0,0.466667,0.466667,0.1,0.283333,0.0,0.798241,1.56,1.439406,0.471387
volkan,2D_a0,369,369-137,0.016667,0.158333,0.0,0.158333,0.158333,0.0,0.491667,0.300905,-0.96,0.889577,0.474033
volkan,2D_a0,369,369-138,0.366667,0.125,0.616667,0.741667,0.366667,0.1,0.0,0.729988,1.28,1.054842,0.516917
volkan,2D_a0,369,369-139,0.491667,0.483333,0.508333,0.991667,0.733333,0.0,0.0,0.601181,0.44,0.530007,0.387581
volkan,2D_a0,369,369-140,0.0,0.0,0.0,0.0,0.0,0.0,0.975,0.144253,-1.8,1.906192,0.606169
volkan,2D_a0,369,369-141,0.108333,0.391667,0.0,0.391667,0.391667,0.0,0.325,0.361885,-0.56,0.624188,0.439236
volkan,2D_a0,369,369-142,0.0,0.0,0.0,0.0,0.0,0.0,1.0,0.109892,-2.08,2.27293,0.70158
volkan,2D_a0,369,369-143,0.441667,0.125,0.666667,0.791667,0.441667,0.066667,0.0,0.711999,0.96,0.956309,0.491051
volkan,2D_a0,369,369-144,0.325,0.508333,0.058333,0.566667,0.566667,0.0,0.133333,0.434564,-0.12,0.433536,0.303231
volkan,2D_a0,369,369-145,0.0,0.008333,0.0,0.008333,0.008333,0.0,0.808333,0.206414,-1.52,1.441611,0.577763
volkan,2D_a0,369,369-146,0.508333,0.466667,0.466667,0.933333,0.725,0.0,0.0,0.592195,0.6,0.525391,0.375058
volkan,2D_a0,369,369-147,0.508333,0.475,0.316667,0.791667,0.725,0.0,0.016667,0.523043,-0.0,0.421245,0.27471
volkan,2D_a0,369,369-148,0.016667,0.125,0.0,0.125,0.125,0.0,0.641667,0.27491,-1.32,1.033879,0.525858
volkan,2D_a0,369,369-149,0.358333,0.116667,0.633333,0.75,0.358333,0.075,0.0,0.72648,1.04,1.024615,0.464135
volkan,2D_a0,369,369-150,0.541667,0.425,0.55,0.975,0.716667,0.0,0.0,0.62388,0.24,0.586404,0.421331
volkan,2D_a0,369,369-151,0.283333,0.533333,0.016667,0.55,0.55,0.0,0.166667,0.421361,-0.44,0.462108,0.353455
volkan,2D_a0,369,369-152,0.516667,0.558333,0.316667,0.875,0.808333,0.0,0.0,0.533221,0.24,0.400479,0.271408
volkan,2D_a0,369,369-153,0.308333,0.058333,0.591667,0.65,0.308333,0.166667,0.0,0.758105,1.2,1.214565,0.53515
volkan,2D_a0,369,369-154,0.0,0.0,0.0,0.0,0.0,0.0,1.0,0.076639,-1.92,2.656241,0.64523
volkan,2D_a0,369,369-155,0.216667,0.008333,0.558333,0.566667,0.216667,0.208333,0.0,0.775556,1.48,1.307325,0.501336
volkan,2D_a0,369,369-156,0.0,0.075,0.0,0.075,0.075,0.0,0.725,0.240015,-1.48,1.232204,0.562386
volkan,2D_a0,369,369-157,0.15,0.425,0.0,0.425,0.425,0.0,0.258333,0.374063,-0.92,0.595288,0.439644
volkan,2D_a0,369,369-158,0.541667,0.175,0.683333,0.858333,0.541667,0.033333,0.0,0.689039,0.84,0.834507,0.449483
volkan,2D_a0,369,369-159,0.266667,0.491667,0.016667,0.508333,0.508333,0.0,0.191667,0.408503,-0.4,0.490511,0.374772
volkan,2D_a0,369,369-160,0.108333,0.0,0.45,0.45,0.108333,0.3,0.0,0.801889,1.56,1.46054,0.4615
volkan,2D_a0,369,369-161,0.008333,0.15,0.0,0.15,0.15,0.0,0.516667,0.296621,-0.84,0.909227,0.470587
volkan,2D_a0,369,369-162,0.275,0.541667,0.041667,0.583333,0.583333,0.0,0.116667,0.426687,-0.56,0.43484,0.333053
volkan,2D_a0,369,369-163,0.0,0.0,0.0,0.0,0.0,0.0,1.0,0.044966,-2.2,3.276285,0.717257
volkan,2D_a0,369,369-164,0.275,0.058333,0.616667,0.675,0.275,0.141667,0.0,0.75338,1.2,1.18726,0.535237
volkan,2D_a0,369,369-165,0.0,0.008333,0.0,0.008333,0.008333,0.0,0.875,0.195583,-1.56,1.509264,0.570534
volkan,2D_a0,369,369-166,0.1,0.0,0.341667,0.341667,0.1,0.483333,0.0,0.827255,1.64,1.660971,0.548169
volkan,2D_a0,369,369-167,0.55,0.358333,0.516667,0.875,0.625,0.016667,0.0,0.658644,0.64,0.715754,0.498665
volkan,2D_a0,369,369-168,0.158333,0.0,0.558333,0.558333,0.158333,0.216667,0.0,0.781761,1.48,1.346678,0.508165
volkan,2D_a0,369,369-169,0.108333,0.35,0.0,0.35,0.35,0.0,0.358333,0.350312,-0.52,0.678101,0.457972
volkan,2D_a0,369,369-170,0.475,0.433333,0.516667,0.95,0.691667,0.0,0.0,0.622638,0.24,0.599934,0.43869
volkan,2D_a0,369,369-171,0.175,0.433333,0.008333,0.441667,0.441667,0.0,0.3,0.378656,-0.6,0.58498,0.432966
volkan,2D_a0,369,369-172,0.458333,0.566667,0.141667,0.708333,0.708333,0.0,0.041667,0.477825,-0.16,0.397541,0.245666
volkan,2D_a0,369,369-173,0.5,0.566667,0.2,0.766667,0.75,0.0,0.066667,0.491562,-0.48,0.399412,0.257623
volkan,2D_a0,369,369-174,0.466667,0.458333,0.366667,0.825,0.683333,0.0,0.0,0.551891,0.48,0.500385,0.331967
volkan,2D_a0,369,369-175,0.083333,0.375,0.0,0.375,0.375,0.0,0.333333,0.355083,-0.64,0.655986,0.453917
volkan,2D_a0,369,369-176,0.541667,0.458333,0.483333,0.941667,0.766667,0.0,0.0,0.583939,0.32,0.497078,0.367696
volkan,2D_a0,369,369-177,0.425,0.15,0.6,0.75,0.425,0.108333,0.0,0.727856,1.16,1.048829,0.535996
volkan,2D_a0,369,369-178,0.075,0.366667,0.0,0.366667,0.366667,0.0,0.358333,0.347549,-0.68,0.685041,0.462041
volkan,2D_a0,369,369-179,0.0,0.0,0.0,0.0,0.0,0.0,0.933333,0.172545,-1.32,1.658424,0.535691
volkan,2D_a0,369,369-180,0.483333,0.533333,0.358333,0.891667,0.775,0.0,0.0,0.544278,0.24,0.426773,0.281467
volkan,2D_a0,369,369-181,0.491667,0.508333,0.416667,0.925,0.791667,0.0,0.0,0.555939,0.28,0.432864,0.310827
volkan,2D_a0,369,369-182,0.558333,0.466667,0.491667,0.958333,0.716667,0.0,0.0,0.621855,0.4,0.575518,0.426497
volkan,2D_a0,369,369-183,0.45,0.508333,0.25,0.758333,0.716667,0.0,0.0,0.500815,0.12,0.422002,0.260678
volkan,2D_a0,369,369-184,0.391667,0.525,0.108333,0.633333,0.633333,0.0,0.141667,0.448036,-0.44,0.450985,0.315066
volkan,2D_a0,369,369-185,0.0,0.0,0.0,0.0,0.0,0.0,0.941667,0.163128,-1.68,1.743023,0.577866
volkan,2D_a0,369,369-186,0.083333,0.358333,0.0,0.358333,0.358333,0.0,0.316667,0.356441,-0.88,0.644301,0.442631
volkan,2D_a0,369,369-187,0.308333,0.516667,0.058333,0.575,0.575,0.0,0.125,0.429507,-0.48,0.459046,0.361752
volkan,2D_a0,369,369-188,0.0,0.116667,0.0,0.116667,0.116667,0.0,0.583333,0.278612,-1.08,1.010196,0.517487
volkan,2D_a0,369,369-189,0.475,0.516667,0.308333,0.825,0.741667,0.0,0.008333,0.52077,0.16,0.414569,0.260889
volkan,2D_a0,369,369-190,0.516667,0.475,0.45,0.925,0.733333,0.0,0.0,0.593769,0.64,0.514088,0.396551
volkan,2D_a0,369,369-191,0.458333,0.533333,0.291667,0.825,0.75,0.0,0.0,0.521902,0.36,0.413811,0.2686
volkan,2D_a0,369,369-192,0.191667,0.466667,0.008333,0.475,0.475,0.0,0.25,0.393997,-0.4,0.534056,0.375647
volkan,2D_a0,369,369-193,0.433333,0.533333,0.191667,0.725,0.725,0.0,0.091667,0.481816,-0.08,0.44631,0.288683
volkan,2D_a0,369,369-194,0.55,0.491667,0.475,0.966667,0.775,0.0,0.0,0.60157,0.52,0.519489,0.40132
volkan,2D_a0,369,369-195,0.0,0.0,0.0,0.0,0.0,0.0,1.0,0.038886,-2.24,3.443531,0.734847
volkan,2D_a0,369,369-196,0.216667,0.516667,0.008333,0.525,0.525,0.0,0.183333,0.404225,-0.16,0.486313,0.3669
volkan,2D_a0,369,369-197,0.0,0.0,0.0,0.0,0.0,0.0,1.0,0.119784,-2.08,2.178524,0.718918
volkan,2D_a0,369,369-198,0.541667,0.516667,0.466667,0.983333,0.758333,0.0,0.0,0.602496,0.68,0.514957,0.385284
volkan,2D_a0,369,369-199,0.0,0.0,0.0,0.0,0.0,0.0,1.0,0.089172,-1.76,2.457653,0.586785
volkan,2D_a0,1024,1024-0,0.133333,0.383333,0.0,0.383333,0.383333,0.0,0.3,0.371112,-0.68,0.598082,0.412987
volkan,2D_a0,1024,1024-1,0.433333,0.533333,0.15,0.683333,0.683333,0.0,0.075,0.466526,-0.28,0.403279,0.268533
volkan,2D_a0,1024,1024-2,0.0,0.0,0.0,0.0,0.0,0.85,0.0,0.910266,2.2,2.461536,0.603906
volkan,2D_a0,1024,1024-3,0.491667,0.475,0.308333,0.783333,0.75,0.0,0.016667,0.51324,0.04,0.410636,0.254786
volkan,2D_a0,1024,1024-4,0.125,0.0,0.441667,0.441667,0.125,0.358333,0.0,0.804815,1.4,1.498996,0.527822
volkan,2D_a0,1024,1024-5,0.5,0.425,0.541667,0.966667,0.683333,0.0,0.0,0.613686,-0.0,0.576717,0.393557
volkan,2D_a0,1024,1024-6,0.4,0.5,0.133333,0.633333,0.633333,0.0,0.133333,0.448267,-0.24,0.441951,0.300432
volkan,2D_a0,1024,1024-7,0.033333,0.208333,0.0,0.208333,0.208333,0.0,0.466667,0.313012,-1.04,0.834872,0.480673
volkan,2D_a0,1024,1024-8,0.266667,0.483333,0.025,0.508333,0.508333,0.0,0.183333,0.410739,-0.16,0.494114,0.35764
volkan,2D_a0,1024,1024-9,0.533333,0.45,0.508333,0.958333,0.733333,0.0,0.0,0.599056,0.08,0.525696,0.375742
volkan,2D_a0,1024,1024-10,0.0,0.0,0.0,0.0,0.0,0.0,0.941667,0.168145,-1.44,1.699115,0.561541
volkan,2D_a0,1024,1024-11,0.283333,0.483333,0.05,0.533333,0.533333,0.0,0.241667,0.415205,-0.08,0.501677,0.351271
volkan,2D_a0,1024,1024-12,0.083333,0.0,0.4,0.4,0.083333,0.408333,0.0,0.817341,1.64,1.582749,0.524591
volkan,2D_a0,1024,1024-13,0.525,0.316667,0.558333,0.875,0.55,0.016667,0.0,0.668456,0.52,0.746149,0.489873
volkan,2D_a0,1024,1024-14,0.508333,0.533333,0.35,0.883333,0.783333,0.0,0.0,0.543379,0.0,0.420499,0.275145
volkan,2D_a0,1024,1024-15,0.216667,0.483333,0.033333,0.516667,0.516667,0.0,0.216667,0.402441,-0.28,0.517202,0.358565
volkan,2D_a0,1024,1024-16,0.0,0.133333,0.0,0.133333,0.133333,0.0,0.558333,0.284605,-0.72,0.981019,0.526329
volkan,2D_a0,1024,1024-17,0.0,0.0,0.125,0.125,0.0,0.691667,0.0,0.876247,1.88,2.078422,0.5819
volkan,2D_a0,1024,1024-18,0.525,0.433333,0.5,0.933333,0.691667,0.016667,0.0,0.62567,0.68,0.612438,0.460263
volkan,2D_a0,1024,1024-19,0.0,0.058333,0.0,0.058333,0.058333,0.0,0.75,0.232181,-1.48,1.271539,0.539137
volkan,2D_a0,1024,1024-20,0.0,0.141667,0.0,0.141667,0.141667,0.0,0.541667,0.289892,-0.84,0.940431,0.462301
volkan,2D_a0,1024,1024-21,0.125,0.408333,0.0,0.408333,0.408333,0.0,0.325,0.361933,-0.72,0.636334,0.467076
volkan,2D_a0,1024,1024-22,0.175,0.5,0.0,0.5,0.5,0.0,0.208333,0.398155,-0.64,0.499104,0.378745
volkan,2D_a0,1024,1024-23,0.575,0.408333,0.533333,0.941667,0.716667,0.0,0.0,0.62888,0.88,0.60189,0.441519
volkan,2D_a0,1024,1024-24,0.291667,0.083333,0.508333,0.591667,0.291667,0.183333,0.0,0.755994,1.48,1.212827,0.57384
volkan,2D_a0,1024,1024-25,0.366667,0.525,0.1,0.625,0.625,0.0,0.108333,0.44853,-0.2,0.428852,0.294001
volkan,2D_a0,1024,1024-26,0.35,0.075,0.675,0.75,0.35,0.125,0.0,0.735802,1.2,1.085502,0.512596
volkan,2D_a0,1024,1024-27,0.0,0.008333,0.0,0.008333,0.008333,0.0,0.858333,0.19761,-1.4,1.4942,0.567411
volkan,2D_a0,1024,1024-28,0.55,0.483333,0.475,0.958333,0.75,0.0,0.0,0.611542,0.72,0.53989,0.428488
volkan,2D_a0,1024,1024-29,0.6,0.35,0.558333,0.908333,0.658333,0.008333,0.0,0.647688,0.96,0.662248,0.457273
volkan,2D_a0,1024,1024-30,0.3,0.058333,0.6,0.658333,0.3,0.15,0.0,0.751964,1.44,1.177483,0.526686
volkan,2D_a0,1024,1024-31,0.45,0.183333,0.608333,0.791667,0.45,0.075,0.0,0.706861,1.08,0.934209,0.512013
volkan,2D_a0,1024,1024-32,0.433333,0.166667,0.666667,0.833333,0.441667,0.05,0.0,0.705427,1.44,0.922544,0.488519
volkan,2D_a0,1024,1024-33,0.0,0.0,0.0,0.0,0.0,0.0,1.0,0.098995,-2.04,2.390332,0.696028
volkan,2D_a0,1024,1024-34,0.083333,0.408333,0.0,0.408333,0.408333,0.0,0.358333,0.360699,-0.4,0.627674,0.426522
volkan,2D_a0,1024,1024-35,0.0,0.0,0.0,0.0,0.0,0.0,0.991667,0.140307,-1.84,1.940223,0.610642
volkan,2D_a0,1024,1024-36,0.3,0.5,0.083333,0.583333,0.583333,0.0,0.141667,0.434911,-0.28,0.451585,0.319904
volkan,2D_a0,1024,1024-37,0.0,0.0,0.0,0.0,0.0,0.0,1.0,0.097495,-2.2,2.434588,0.743109
volkan,2D_a0,1024,1024-38,0.483333,0.241667,0.566667,0.808333,0.5,0.05,0.0,0.692802,0.96,0.864815,0.51471
volkan,2D_a0,1024,1024-39,0.191667,0.508333,0.016667,0.525,0.525,0.0,0.233333,0.400356,-0.76,0.49173,0.367882
volkan,2D_a0,1024,1024-40,0.475,0.108333,0.691667,0.8,0.483333,0.066667,0.0,0.711752,0.92,0.952215,0.477938
volkan,2D_a0,1024,1024-41,0.058333,0.316667,0.0,0.316667,0.316667,0.0,0.391667,0.337608,-0.68,0.720311,0.470059
volkan,2D_a0,1024,1024-42,0.391667,0.491667,0.158333,0.65,0.65,0.0,0.075,0.466396,-0.12,0.419066,0.269077
volkan,2D_a0,1024,1024-43,0.558333,0.233333,0.65,0.883333,0.583333,0.033333,0.0,0.681449,0.68,0.803419,0.457869
volkan,2D_a0,1024,1024-44,0.0,0.091667,0.0,0.091667,0.091667,0.0,0.7,0.255474,-1.44,1.139134,0.539859
volkan,2D_a0,1024,1024-45,0.0,0.0,0.0,0.0,0.0,0.0,1.0,0.104377,-1.76,2.274258,0.574346
volkan,2D_a0,1024,1024-46,0.0,0.0,0.0,0.0,0.0,0.841667,0.0,0.910599,2.04,2.456196,0.585069
volkan,2D_a0,1024,1024-47,0.0,0.0,0.0,0.0,0.0,0.0,0.991667,0.13055,-1.84,2.045046,0.649915
volkan,2D_a0,1024,1024-48,0.608333,0.466667,0.475,0.941667,0.766667,0.0,0.0,0.591253,0.04,0.505548,0.341825
volkan,2D_a0,1024,1024-49,0.425,0.233333,0.55,0.783333,0.458333,0.125,0.0,0.706447,1.0,0.944179,0.554671
volkan,2D_a0,1024,1024-50,0.55,0.466667,0.45,0.916667,0.716667,0.0,0.0,0.616242,0.72,0.563886,0.442102
volkan,2D_a0,1024,1024-51,0.0,0.0,0.0,0.0,0.0,0.0,1.0,0.109663,-2.04,2.263326,0.676266
volkan,2D_a0,1024,1024-52,0.508333,0.383333,0.508333,0.891667,0.641667,0.016667,0.0,0.644475,0.52,0.660382,0.485129
volkan,2D_a0,1024,1024-53,0.575,0.516667,0.45,0.966667,0.816667,0.0,0.0,0.583233,0.36,0.454477,0.353557
volkan,2D_a0,1024,1024-54,0.491667,0.333333,0.516667,0.85,0.583333,0.025,0.0,0.660415,0.72,0.730941,0.502985
volkan,2D_a0,1024,1024-55,0.0,0.0,0.0,0.0,0.0,0.0,1.0,0.077941,-2.04,2.659593,0.682922
volkan,2D_a0,1024,1024-56,0.45,0.591667,0.166667,0.758333,0.758333,0.0,0.066667,0.484444,-0.04,0.418767,0.260569
volkan,2D_a0,1024,1024-57,0.041667,0.183333,0.0,0.183333,0.183333,0.0,0.5,0.298466,-1.12,0.917339,0.516688
volkan,2D_a0,1024,1024-58,0.0,0.0,0.0,0.0,0.0,0.0,0.916667,0.175505,-1.6,1.649279,0.5708
volkan,2D_a0,1024,1024-59,0.366667,0.516667,0.116667,0.633333,0.633333,0.0,0.108333,0.454521,-0.36,0.432282,0.300658
volkan,2D_a0,1024,1024-60,0.0,0.0,0.0,0.0,0.0,0.0,0.95,0.143058,-2.04,1.953214,0.698829
volkan,2D_a0,1024,1024-61,0.433333,0.541667,0.175,0.716667,0.716667,0.0,0.05,0.476023,-0.36,0.404831,0.265003
volkan,2D_a0,1024,1024-62,0.0,0.116667,0.0,0.116667,0.116667,0.0,0.641667,0.268456,-1.28,1.063412,0.518395
volkan,2D_a0,1024,1024-63,0.208333,0.483333,0.008333,0.491667,0.491667,0.0,0.233333,0.396815,-0.68,0.515684,0.393374
volkan,2D_a0,1024,1024-64,0.325,0.5,0.05,0.55,0.55,0.0,0.191667,0.426837,-0.24,0.48608,0.335293
volkan,2D_a0,1024,1024-65,0.0,0.0,0.0,0.0,0.0,0.0,1.0,0.089871,-2.16,2.500084,0.691728
volkan,2D_a0,1024,1024-66,0.416667,0.5,0.2,0.7,0.691667,0.0,0.058333,0.478771,0.08,0.428758,0.268581
volkan,2D_a0,1024,1024-67,0.608333,0.508333,0.458333,0.966667,0.766667,0.0,0.0,0.608858,0.68,0.522837,0.40559
volkan,2D_a0,1024,1024-68,0.008333,0.191667,0.0,0.191667,0.191667,0.0,0.508333,0.306606,-0.92,0.862749,0.475483
volkan,2D_a0,1024,1024-69,0.408333,0.55,0.158333,0.708333,0.708333,0.0,0.058333,0.469779,-0.24,0.407166,0.265449
volkan,2D_a0,1024,1024-70,0.491667,0.533333,0.325,0.858333,0.791667,0.0,0.0,0.528401,0.16,0.402545,0.265489
volkan,2D_a0,1024,1024-71,0.525,0.533333,0.366667,0.9,0.775,0.0,0.0,0.554507,0.4,0.438334,0.301394
volkan,2D_a0,1024,1024-72,0.05,0.216667,0.0,0.216667,0.216667,0.0,0.441667,0.316454,-0.84,0.832123,0.52258
volkan,2D_a0,1024,1024-73,0.416667,0.516667,0.15,0.666667,0.666667,0.0,0.091667,0.463346,-0.2,0.429105,0.28258
volkan,2D_a0,1024,1024-74,0.175,0.425,0.0,0.425,0.425,0.0,0.241667,0.381497,-0.32,0.562082,0.428869
volkan,2D_a0,1024,1024-75,0.5,0.525,0.341667,0.866667,0.75,0.0,0.0,0.548024,0.24,0.442375,0.300678
volkan,2D_a0,1024,1024-76,0.0,0.0,0.091667,0.091667,0.0,0.775,0.0,0.887845,2.0,2.17862,0.540561
volkan,2D_a0,1024,1024-77,0.375,0.116667,0.583333,0.7,0.375,0.141667,0.0,0.733565,1.28,1.088828,0.575978
volkan,2D_a0,1024,1024-78,0.575,0.466667,0.483333,0.95,0.758333,0.0,0.0,0.602067,0.44,0.523021,0.405728
volkan,2D_a0,1024,1024-79,0.5,0.491667,0.458333,0.95,0.733333,0.0,0.0,0.597164,0.4,0.536621,0.393185
volkan,2D_a0,1024,1024-80,0.416667,0.566667,0.125,0.691667,0.691667,0.0,0.058333,0.466355,-0.28,0.390577,0.251503
volkan,2D_a0,1024,1024-81,0.5,0.491667,0.4,0.891667,0.733333,0.0,0.0,0.557713,0.0,0.463326,0.308462
volkan,2D_a0,1024,1024-82,0.641667,0.525,0.466667,0.991667,0.816667,0.0,0.0,0.603596,0.56,0.478556,0.372085
volkan,2D_a0,1024,1024-83,0.516667,0.5,0.433333,0.933333,0.741667,0.0,0.0,0.576131,0.36,0.474351,0.343786
volkan,2D_a0,1024,1024-84,0.0,0.0,0.083333,0.083333,0.0,0.691667,0.0,0.882645,2.08,2.148156,0.607558
volkan,2D_a0,1024,1024-85,0.091667,0.383333,0.0,0.383333,0.383333,0.0,0.325,0.359418,-0.92,0.640351,0.460942
volkan,2D_a0,1024,1024-86,0.566667,0.325,0.558333,0.883333,0.658333,0.008333,0.0,0.652811,0.96,0.700752,0.461641
volkan,2D_a0,1024,1024-87,0.041667,0.325,0.0,0.325,0.325,0.0,0.408333,0.338682,-0.4,0.711895,0.455675
volkan,2D_a0,1024,1024-88,0.525,0.233333,0.616667,0.85,0.566667,0.033333,0.0,0.676198,0.92,0.782206,0.476158
volkan,2D_a0,1024,1024-89,0.266667,0.483333,0.033333,0.516667,0.516667,0.0,0.166667,0.412994,-0.36,0.487818,0.371948
volkan,2D_a0,1024,1024-90,0.0,0.0,0.0,0.0,0.0,0.0,0.908333,0.167639,-1.92,1.720991,0.60926
volkan,2D_a0,1024,1024-91,0.558333,0.4,0.5,0.9,0.683333,0.016667,0.0,0.625727,0.8,0.623946,0.458686
volkan,2D_a0,1024,1024-92,0.441667,0.566667,0.166667,0.733333,0.725,0.0,0.058333,0.480718,-0.16,0.404763,0.252303
volkan,2D_a0,1024,1024-93,0.0,0.0,0.0,0.0,0.0,0.0,1.0,0.12069,-1.76,2.113532,0.593364
volkan,2D_a0,1024,1024-94,0.45,0.525,0.266667,0.791667,0.766667,0.0,0.008333,0.504844,0.2,0.394794,0.247378
volkan,2D_a0,1024,1024-95,0.475,0.433333,0.433333,0.866667,0.675,0.0,0.0,0.57525,0.36,0.536758,0.374939
volkan,2D_a0,1024,1024-96,0.575,0.533333,0.433333,0.966667,0.791667,0.0,0.0,0.583682,0.72,0.44914,0.359402
volkan,2D_a0,1024,1024-97,0.475,0.508333,0.341667,0.85,0.75,0.0,0.0,0.532703,0.36,0.421575,0.284866
volkan,2D_a0,1024,1024-98,0.0,0.0,0.0,0.0,0.0,0.0,0.933333,0.172902,-1.56,1.663012,0.559891
volkan,2D_a0,1024,1024-99,0.441667,0.175,0.608333,0.783333,0.441667,0.058333,0.0,0.708114,0.96,0.941796,0.518638
volkan,2D_a0,1024,1024-100,0.45,0.516667,0.216667,0.733333,0.7,0.0,0.041667,0.491177,0.12,0.421986,0.261588
volkan,2D_a0,1024,1024-101,0.133333,0.4,0.008333,0.408333,0.408333,0.0,0.3,0.372003,-0.6,0.603768,0.438597
volkan,2D_a0,1024,1024-102,0.216667,0.5,0.025,0.525,0.525,0.0,0.2,0.40663,-0.4,0.494554,0.350673
volkan,2D_a0,1024,1024-103,0.516667,0.533333,0.291667,0.825,0.8,0.0,0.016667,0.515427,-0.24,0.394086,0.238366
volkan,2D_a0,1024,1024-104,0.275,0.491667,0.033333,0.525,0.525,0.0,0.2,0.414939,-0.44,0.497016,0.37121
volkan,2D_a0,1024,1024-105,0.275,0.05,0.658333,0.708333,0.275,0.125,0.0,0.749177,1.52,1.154409,0.49718
volkan,2D_a0,1024,1024-106,0.525,0.483333,0.358333,0.841667,0.708333,0.0,0.0,0.551456,0.28,0.465016,0.30002
volkan,2D_a0,1024,1024-107,0.0,0.125,0.0,0.125,0.125,0.0,0.558333,0.287124,-0.92,0.956695,0.472628
volkan,2D_a0,1024,1024-108,0.525,0.55,0.366667,0.916667,0.791667,0.0,0.0,0.554227,0.2,0.417315,0.296213
volkan,2D_a0,1024,1024-109,0.008333,0.166667,0.0,0.166667,0.166667,0.0,0.541667,0.29767,-0.76,0.9058,0.481057
volkan,2D_a0,1024,1024-110,0.358333,0.516667,0.091667,0.608333,0.608333,0.0,0.116667,0.448741,-0.4,0.432053,0.302615
volkan,2D_a0,1024,1024-111,0.341667,0.5,0.116667,0.616667,0.616667,0.0,0.141667,0.447729,0.08,0.466905,0.309739
volkan,2D_a0,1024,1024-112,0.15,0.475,0.0,0.475,0.475,0.0,0.241667,0.386659,-0.6,0.529777,0.401335
volkan,2D_a0,1024,1024-113,0.483333,0.533333,0.391667,0.925,0.783333,0.0,0.0,0.562703,0.48,0.444239,0.327862
volkan,2D_a0,1024,1024-114,0.558333,0.441667,0.475,0.916667,0.716667,0.008333,0.0,0.626204,0.48,0.591479,0.453654
volkan,2D_a0,1024,1024-115,0.458333,0.5,0.425,0.925,0.733333,0.0,0.0,0.567656,0.16,0.47217,0.328375
volkan,2D_a0,1024,1024-116,0.291667,0.05,0.625,0.675,0.291667,0.141667,0.0,0.750158,1.24,1.163475,0.511032
volkan,2D_a0,1024,1024-117,0.075,0.0,0.475,0.475,0.075,0.3,0.0,0.805279,1.36,1.484515,0.46901
volkan,2D_a0,1024,1024-118,0.566667,0.283333,0.625,0.908333,0.633333,0.025,0.0,0.662902,0.76,0.73285,0.446645
volkan,2D_a0,1024,1024-119,0.0,0.0,0.0,0.0,0.0,0.0,0.941667,0.159912,-1.64,1.78597,0.626444
volkan,2D_a0,1024,1024-120,0.491667,0.525,0.375,0.9,0.741667,0.0,0.0,0.562572,0.36,0.459019,0.32984
volkan,2D_a0,1024,1024-121,0.0,0.0,0.0,0.0,0.0,0.0,1.0,0.073534,-1.96,2.710811,0.662779
volkan,2D_a0,1024,1024-122,0.533333,0.55,0.266667,0.816667,0.8,0.0,0.033333,0.512416,-0.36,0.404613,0.247047
volkan,2D_a0,1024,1024-123,0.541667,0.441667,0.516667,0.958333,0.725,0.008333,0.0,0.623651,0.72,0.579619,0.442151
volkan,2D_a0,1024,1024-124,0.0,0.091667,0.0,0.091667,0.091667,0.0,0.691667,0.260654,-1.24,1.096891,0.481354
volkan,2D_a0,1024,1024-125,0.0,0.0,0.0,0.0,0.0,0.0,0.991667,0.141117,-1.84,1.934882,0.614396
volkan,2D_a0,1024,1024-126,0.0,0.1,0.0,0.1,0.1,0.0,0.708333,0.248011,-1.72,1.190793,0.578325
volkan,2D_a0,1024,1024-127,0.25,0.5,0.025,0.525,0.525,0.0,0.15,0.420623,-0.32,0.44803,0.342111
volkan,2D_a0,1024,1024-128,0.291667,0.05,0.566667,0.616667,0.291667,0.15,0.0,0.758678,1.64,1.21811,0.536719
volkan,2D_a0,1024,1024-129,0.05,0.183333,0.0,0.183333,0.183333,0.0,0.566667,0.29451,-1.24,0.949424,0.544991
volkan,2D_a0,1024,1024-130,0.241667,0.05,0.541667,0.591667,0.241667,0.166667,0.0,0.762033,1.36,1.243242,0.560156
volkan,2D_a0,1024,1024-131,0.416667,0.491667,0.283333,0.775,0.683333,0.0,0.008333,0.511869,0.4,0.42618,0.270131
volkan,2D_a0,1024,1024-132,0.575,0.458333,0.508333,0.966667,0.758333,0.0,0.0,0.610308,0.2,0.548068,0.400698
volkan,2D_a0,1024,1024-133,0.0,0.0,0.15,0.15,0.0,0.608333,0.0,0.861012,1.56,1.900248,0.473492
volkan,2D_a0,1024,1024-134,0.225,0.441667,0.008333,0.45,0.45,0.0,0.266667,0.391335,-0.12,0.559772,0.405747
volkan,2D_a0,1024,1024-135,0.225,0.516667,0.008333,0.525,0.525,0.0,0.158333,0.408187,-0.48,0.479073,0.367819
volkan,2D_a0,1024,1024-136,0.15,0.0,0.466667,0.466667,0.15,0.291667,0.0,0.792837,1.6,1.410498,0.489908
volkan,2D_a0,1024,1024-137,0.0,0.091667,0.0,0.091667,0.091667,0.0,0.716667,0.243889,-1.48,1.212397,0.570931
volkan,2D_a0,1024,1024-138,0.0,0.0,0.116667,0.116667,0.0,0.733333,0.0,0.885614,1.88,2.183437,0.608813
volkan,2D_a0,1024,1024-139,0.525,0.391667,0.583333,0.975,0.683333,0.0,0.0,0.627903,0.48,0.606288,0.428919
volkan,2D_a0,1024,1024-140,0.516667,0.441667,0.491667,0.933333,0.7,0.0,0.0,0.615219,0.56,0.589169,0.43753
volkan,2D_a0,1024,1024-141,0.591667,0.383333,0.541667,0.925,0.65,0.016667,0.0,0.646811,0.68,0.656278,0.455891
volkan,2D_a0,1024,1024-142,0.525,0.291667,0.566667,0.858333,0.566667,0.058333,0.0,0.677235,0.88,0.799432,0.529927
volkan,2D_a0,1024,1024-143,0.0,0.058333,0.0,0.058333,0.058333,0.0,0.791667,0.22516,-1.36,1.322319,0.570724
volkan,2D_a0,1024,1024-144,0.0,0.0,0.0,0.0,0.0,0.0,0.933333,0.156017,-1.88,1.819526,0.63255
volkan,2D_a0,1024,1024-145,0.258333,0.5,0.025,0.525,0.525,0.0,0.158333,0.412962,-0.56,0.455547,0.349257
volkan,2D_a0,1024,1024-146,0.425,0.15,0.6,0.75,0.425,0.083333,0.0,0.717977,0.96,0.995855,0.532044
volkan,2D_a0,1024,1024-147,0.25,0.483333,0.033333,0.516667,0.516667,0.0,0.225,0.408628,-0.56,0.510424,0.372613
volkan,2D_a0,1024,1024-148,0.241667,0.558333,0.025,0.583333,0.583333,0.0,0.15,0.420742,-0.6,0.436405,0.324886
volkan,2D_a0,1024,1024-149,0.0,0.0,0.0,0.0,0.0,0.0,0.983333,0.135353,-1.84,1.983431,0.610125
volkan,2D_a0,1024,1024-150,0.5,0.508333,0.325,0.833333,0.775,0.0,0.0,0.530019,0.12,0.40641,0.266529
volkan,2D_a0,1024,1024-151,0.0,0.033333,0.0,0.033333,0.033333,0.0,0.725,0.242901,-1.04,1.193162,0.472934
volkan,2D_a0,1024,1024-152,0.525,0.508333,0.433333,0.941667,0.775,0.0,0.0,0.578925,0.48,0.476267,0.365414
volkan,2D_a0,1024,1024-153,0.0,0.0,0.0,0.0,0.0,0.0,1.0,0.109851,-2.0,2.250504,0.653907
volkan,2D_a0,1024,1024-154,0.433333,0.241667,0.525,0.766667,0.466667,0.058333,0.0,0.694998,0.6,0.882652,0.533266
volkan,2D_a0,1024,1024-155,0.566667,0.391667,0.533333,0.925,0.675,0.008333,0.0,0.640308,0.64,0.642568,0.455009
volkan,2D_a0,1024,1024-156,0.0,0.041667,0.0,0.041667,0.041667,0.0,0.775,0.227988,-1.52,1.295971,0.537453
volkan,2D_a0,1024,1024-157,0.0,0.008333,0.0,0.008333,0.008333,0.0,0.85,0.20182,-1.48,1.462891,0.552223
volkan,2D_a0,1024,1024-158,0.3,0.491667,0.091667,0.583333,0.583333,0.0,0.15,0.43211,0.08,0.480427,0.313412
volkan,2D_a0,1024,1024-159,0.0,0.0,0.0,0.0,0.0,0.0,0.991667,0.112641,-2.08,2.245226,0.70237
volkan,2D_a0,1024,1024-160,0.016667,0.15,0.0,0.15,0.15,0.0,0.558333,0.293866,-1.12,0.923252,0.473387
volkan,2D_a0,1024,1024-161,0.0,0.0,0.0,0.0,0.0,0.0,1.0,0.082944,-2.12,2.593386,0.697668
volkan,2D_a0,1024,1024-162,0.066667,0.325,0.0,0.325,0.325,0.0,0.35,0.346433,-0.72,0.68097,0.432625
volkan,2D_a0,1024,1024-163,0.591667,0.433333,0.5,0.933333,0.708333,0.008333,0.0,0.621165,0.8,0.585248,0.425791
volkan,2D_a0,1024,1024-164,0.0,0.0,0.0,0.0,0.0,0.0,1.0,0.118917,-1.92,2.146337,0.626783
volkan,2D_a0,1024,1024-165,0.541667,0.508333,0.466667,0.975,0.766667,0.0,0.0,0.595556,0.36,0.50676,0.375448
volkan,2D_a0,1024,1024-166,0.258333,0.475,0.025,0.5,0.5,0.0,0.233333,0.398463,-0.44,0.534805,0.400516
volkan,2D_a0,1024,1024-167,0.208333,0.45,0.008333,0.458333,0.458333,0.0,0.241667,0.390314,-0.28,0.545027,0.402752
volkan,2D_a0,1024,1024-168,0.525,0.525,0.375,0.9,0.8,0.0,0.0,0.548949,0.2,0.415982,0.288964
volkan,2D_a0,1024,1024-169,0.566667,0.358333,0.566667,0.925,0.691667,0.008333,0.0,0.641759,0.8,0.641509,0.455992
volkan,2D_a0,1024,1024-170,0.0,0.0,0.0,0.0,0.0,0.0,1.0,0.088857,-2.0,2.502583,0.667616
volkan,2D_a0,1024,1024-171,0.0,0.0,0.0,0.0,0.0,0.0,1.0,0.067722,-2.12,2.834994,0.717383
volkan,2D_a0,1024,1024-172,0.208333,0.491667,0.033333,0.525,0.525,0.0,0.225,0.406563,-0.76,0.486087,0.35403
volkan,2D_a0,1024,1024-173,0.041667,0.25,0.0,0.25,0.25,0.0,0.391667,0.331258,-0.84,0.7461,0.448336
volkan,2D_a0,1024,1024-174,0.0,0.0,0.0,0.0,0.0,0.0,0.991667,0.133559,-1.92,2.007633,0.63001
volkan,2D_a0,1024,1024-175,0.1,0.35,0.0,0.35,0.35,0.0,0.316667,0.356983,-1.0,0.647388,0.430588
volkan,2D_a0,1024,1024-176,0.525,0.525,0.333333,0.858333,0.791667,0.0,0.0,0.534252,0.0,0.399135,0.261311
volkan,2D_a0,1024,1024-177,0.433333,0.558333,0.15,0.708333,0.708333,0.0,0.091667,0.470006,-0.12,0.414923,0.262988
volkan,2D_a0,1024,1024-178,0.541667,0.533333,0.358333,0.891667,0.825,0.0,0.0,0.541072,0.0,0.396805,0.258732
volkan,2D_a0,1024,1024-179,0.208333,0.5,0.008333,0.508333,0.508333,0.0,0.208333,0.399828,-0.36,0.494871,0.362016
volkan,2D_a0,1024,1024-180,0.008333,0.175,0.0,0.175,0.175,0.0,0.558333,0.294145,-1.16,0.930011,0.513655
volkan,2D_a0,1024,1024-181,0.0,0.008333,0.0,0.008333,0.008333,0.0,0.875,0.209682,-1.2,1.397958,0.502066
volkan,2D_a0,1024,1024-182,0.016667,0.2,0.0,0.2,0.2,0.0,0.508333,0.300953,-1.08,0.895655,0.501179
volkan,2D_a0,1024,1024-183,0.433333,0.558333,0.183333,0.741667,0.741667,0.0,0.075,0.482254,-0.32,0.412077,0.26301
volkan,2D_a0,1024,1024-184,0.516667,0.533333,0.341667,0.875,0.816667,0.0,0.0,0.533025,-0.12,0.396945,0.24642
volkan,2D_a0,1024,1024-185,0.266667,0.533333,0.041667,0.575,0.575,0.0,0.175,0.41862,-0.6,0.461348,0.344674
volkan,2D_a0,1024,1024-186,0.0,0.016667,0.0,0.016667,0.016667,0.0,0.825,0.206769,-1.52,1.44723,0.602829
volkan,2D_a0,1024,1024-187,0.091667,0.0,0.416667,0.416667,0.091667,0.308333,0.0,0.80828,1.28,1.511444,0.494276
volkan,2D_a0,1024,1024-188,0.358333,0.491667,0.125,0.616667,0.616667,0.0,0.141667,0.448163,-0.16,0.450345,0.303715
volkan,2D_a0,1024,1024-189,0.0,0.041667,0.0,0.041667,0.041667,0.0,0.733333,0.234288,-1.52,1.259219,0.538683
volkan,2D_a0,1024,1024-190,0.575,0.366667,0.533333,0.9,0.65,0.008333,0.0,0.64817,0.64,0.660222,0.47966
volkan,2D_a0,1024,1024-191,0.0,0.125,0.0,0.125,0.125,0.0,0.566667,0.287984,-0.84,0.957648,0.497376
volkan,2D_a0,1024,1024-192,0.091667,0.291667,0.0,0.291667,0.291667,0.0,0.375,0.336844,-0.76,0.741635,0.501952
volkan,2D_a0,1024,1024-193,0.175,0.041667,0.541667,0.583333,0.175,0.191667,0.0,0.776264,1.36,1.311608,0.503338
volkan,2D_a0,1024,1024-194,0.0,0.116667,0.0,0.116667,0.116667,0.0,0.625,0.275636,-1.04,1.021994,0.502125
volkan,2D_a0,1024,1024-195,0.0,0.041667,0.0,0.041667,0.041667,0.0,0.775,0.224441,-1.28,1.32192,0.554528
volkan,2D_a0,1024,1024-196,0.575,0.291667,0.6,0.891667,0.6,0.016667,0.0,0.671189,0.88,0.755858,0.456323
volkan,2D_a0,1024,1024-197,0.0,0.05,0.0,0.05,0.05,0.0,0.775,0.229606,-1.28,1.290901,0.554894
volkan,2D_a0,1024,1024-198,0.266667,0.516667,0.025,0.541667,0.541667,0.0,0.183333,0.409507,-0.4,0.499836,0.381556
volkan,2D_a0,1024,1024-199,0.475,0.5,0.191667,0.691667,0.691667,0.0,0.016667,0.484245,-0.28,0.396708,0.256008
volkan,2D_a0,2026,2026-0,0.016667,0.191667,0.0,0.191667,0.191667,0.0,0.45,0.308594,-0.88,0.850029,0.469997
volkan,2D_a0,2026,2026-1,0.491667,0.5,0.358333,0.858333,0.725,0.0,0.0,0.551502,0.32,0.469328,0.31459
volkan,2D_a0,2026,2026-2,0.0,0.0,0.0,0.0,0.0,0.0,1.0,0.112444,-1.8,2.188475,0.577422
volkan,2D_a0,2026,2026-3,0.175,0.0,0.466667,0.466667,0.175,0.233333,0.0,0.791685,1.48,1.410542,0.517018
volkan,2D_a0,2026,2026-4,0.583333,0.308333,0.633333,0.941667,0.683333,0.025,0.0,0.649546,1.0,0.687583,0.433585
volkan,2D_a0,2026,2026-5,0.225,0.433333,0.033333,0.466667,0.466667,0.0,0.25,0.393977,-0.52,0.555661,0.407483
volkan,2D_a0,2026,2026-6,0.266667,0.466667,0.05,0.516667,0.516667,0.0,0.191667,0.4176,-0.12,0.481978,0.342117
volkan,2D_a0,2026,2026-7,0.475,0.491667,0.45,0.941667,0.741667,0.0,0.0,0.574888,0.24,0.479105,0.331351
volkan,2D_a0,2026,2026-8,0.283333,0.466667,0.083333,0.55,0.55,0.0,0.166667,0.424517,0.04,0.473897,0.315363
volkan,2D_a0,2026,2026-9,0.316667,0.491667,0.091667,0.583333,0.583333,0.0,0.175,0.4259,-0.2,0.500006,0.350007
volkan,2D_a0,2026,2026-10,0.541667,0.408333,0.5,0.908333,0.641667,0.008333,0.0,0.645015,0.72,0.66009,0.481507
volkan,2D_a0,2026,2026-11,0.525,0.433333,0.516667,0.95,0.708333,0.008333,0.0,0.623608,0.4,0.598527,0.447643
volkan,2D_a0,2026,2026-12,0.45,0.541667,0.2,0.741667,0.741667,0.0,0.025,0.484487,-0.28,0.396425,0.252395
volkan,2D_a0,2026,2026-13,0.425,0.483333,0.208333,0.691667,0.691667,0.0,0.083333,0.471847,-0.08,0.41911,0.267171
volkan,2D_a0,2026,2026-14,0.508333,0.441667,0.391667,0.833333,0.716667,0.0,0.0,0.545156,0.08,0.472511,0.305997
volkan,2D_a0,2026,2026-15,0.075,0.325,0.0,0.325,0.325,0.0,0.366667,0.341204,-0.44,0.708257,0.482725
volkan,2D_a0,2026,2026-16,0.125,0.366667,0.008333,0.375,0.375,0.0,0.316667,0.361562,-0.92,0.64365,0.421659
volkan,2D_a0,2026,2026-17,0.541667,0.483333,0.466667,0.95,0.733333,0.008333,0.0,0.616105,0.64,0.560018,0.433289
volkan,2D_a0,2026,2026-18,0.483333,0.575,0.158333,0.733333,0.733333,0.0,0.041667,0.482696,-0.24,0.381157,0.233572
volkan,2D_a0,2026,2026-19,0.0,0.0,0.0,0.0,0.0,0.0,0.916667,0.180663,-1.36,1.603935,0.549878
volkan,2D_a0,2026,2026-20,0.15,0.375,0.0,0.375,0.375,0.0,0.316667,0.363709,-0.48,0.62651,0.44693
volkan,2D_a0,2026,2026-21,0.516667,0.333333,0.55,0.883333,0.608333,0.016667,0.0,0.655039,0.72,0.703172,0.48154
volkan,2D_a0,2026,2026-22,0.358333,0.508333,0.108333,0.616667,0.616667,0.0,0.15,0.443665,-0.16,0.454094,0.317277
volkan,2D_a0,2026,2026-23,0.383333,0.483333,0.15,0.633333,0.616667,0.0,0.058333,0.463644,0.48,0.436217,0.274431
volkan,2D_a0,2026,2026-24,0.525,0.316667,0.6,0.916667,0.616667,0.008333,0.0,0.650436,0.76,0.688601,0.440067
volkan,2D_a0,2026,2026-25,0.008333,0.0,0.2,0.2,0.008333,0.608333,0.0,0.854078,1.76,1.884731,0.587429
volkan,2D_a0,2026,2026-26,0.016667,0.2,0.0,0.2,0.2,0.0,0.5,0.307535,-1.08,0.860373,0.491203
volkan,2D_a0,2026,2026-27,0.15,0.033333,0.533333,0.566667,0.15,0.175,0.0,0.779678,1.48,1.324577,0.472902
volkan,2D_a0,2026,2026-28,0.0,0.008333,0.0,0.008333,0.008333,0.0,0.891667,0.184995,-1.6,1.585319,0.582394
volkan,2D_a0,2026,2026-29,0.5,0.541667,0.333333,0.875,0.783333,0.0,0.0,0.540521,0.2,0.425194,0.286871
volkan,2D_a0,2026,2026-30,0.0,0.008333,0.0,0.008333,0.008333,0.0,0.841667,0.209842,-1.44,1.40505,0.531176
volkan,2D_a0,2026,2026-31,0.208333,0.0,0.566667,0.566667,0.208333,0.216667,0.0,0.775448,1.16,1.307584,0.503325
volkan,2D_a0,2026,2026-32,0.566667,0.216667,0.65,0.866667,0.583333,0.025,0.0,0.67924,0.96,0.789049,0.451472
volkan,2D_a0,2026,2026-33,0.266667,0.075,0.566667,0.641667,0.266667,0.166667,0.0,0.752544,0.96,1.179286,0.522102
volkan,2D_a0,2026,2026-34,0.0,0.083333,0.0,0.083333,0.083333,0.0,0.683333,0.251161,-1.52,1.187775,0.629141
volkan,2D_a0,2026,2026-35,0.583333,0.341667,0.55,0.891667,0.641667,0.025,0.0,0.654952,0.96,0.701204,0.476943
volkan,2D_a0,2026,2026-36,0.083333,0.266667,0.0,0.266667,0.266667,0.0,0.4,0.335488,-0.76,0.747301,0.48009
volkan,2D_a0,2026,2026-37,0.108333,0.35,0.0,0.35,0.35,0.0,0.375,0.351009,-0.52,0.692117,0.475748
volkan,2D_a0,2026,2026-38,0.541667,0.475,0.458333,0.933333,0.708333,0.0,0.0,0.602163,0.76,0.536341,0.412455
volkan,2D_a0,2026,2026-39,0.491667,0.216667,0.616667,0.833333,0.516667,0.058333,0.0,0.691563,0.96,0.858296,0.497125
volkan,2D_a0,2026,2026-40,0.5,0.55,0.341667,0.891667,0.808333,0.0,0.0,0.540255,0.16,0.405283,0.277079
volkan,2D_a0,2026,2026-41,0.058333,0.266667,0.0,0.266667,0.266667,0.0,0.416667,0.32768,-0.84,0.772353,0.476864
volkan,2D_a0,2026,2026-42,0.008333,0.108333,0.0,0.108333,0.108333,0.0,0.575,0.280847,-1.12,1.002447,0.533584
volkan,2D_a0,2026,2026-43,0.183333,0.0,0.458333,0.458333,0.183333,0.316667,0.0,0.798326,1.36,1.475508,0.590697
volkan,2D_a0,2026,2026-44,0.566667,0.4,0.516667,0.916667,0.683333,0.008333,0.0,0.639255,0.84,0.64422,0.462762
volkan,2D_a0,2026,2026-45,0.625,0.383333,0.575,0.958333,0.691667,0.008333,0.0,0.642028,0.84,0.623938,0.443337
volkan,2D_a0,2026,2026-46,0.0,0.0,0.066667,0.066667,0.0,0.783333,0.0,0.887932,1.68,2.176753,0.541904
volkan,2D_a0,2026,2026-47,0.0,0.133333,0.0,0.133333,0.133333,0.0,0.625,0.272532,-1.36,1.043773,0.526498
volkan,2D_a0,2026,2026-48,0.0,0.0,0.0,0.0,0.0,0.908333,0.0,0.919404,2.2,2.57398,0.587431
volkan,2D_a0,2026,2026-49,0.0,0.0,0.0,0.0,0.0,1.0,0.0,0.954645,2.16,3.242312,0.679673
volkan,2D_a0,2026,2026-50,0.066667,0.0,0.35,0.35,0.066667,0.416667,0.0,0.824567,1.48,1.632475,0.522083
volkan,2D_a0,2026,2026-51,0.525,0.2,0.633333,0.833333,0.558333,0.033333,0.0,0.686715,0.68,0.82944,0.471625
volkan,2D_a0,2026,2026-52,0.041667,0.216667,0.0,0.216667,0.216667,0.0,0.5,0.304799,-0.84,0.885624,0.524807
volkan,2D_a0,2026,2026-53,0.425,0.125,0.658333,0.783333,0.425,0.091667,0.0,0.720832,1.4,1.00645,0.514613
volkan,2D_a0,2026,2026-54,0.15,0.45,0.0,0.45,0.45,0.0,0.283333,0.374789,-0.48,0.580591,0.421737
volkan,2D_a0,2026,2026-55,0.475,0.541667,0.216667,0.758333,0.75,0.0,0.025,0.49162,-0.24,0.398339,0.244437
volkan,2D_a0,2026,2026-56,0.3,0.466667,0.075,0.541667,0.541667,0.0,0.208333,0.419219,-0.04,0.508864,0.361832
volkan,2D_a0,2026,2026-57,0.483333,0.525,0.391667,0.916667,0.766667,0.0,0.0,0.56457,0.4,0.447019,0.329836
volkan,2D_a0,2026,2026-58,0.208333,0.025,0.566667,0.591667,0.208333,0.208333,0.0,0.773386,1.4,1.303328,0.53497
volkan,2D_a0,2026,2026-59,0.091667,0.308333,0.0,0.308333,0.308333,0.0,0.391667,0.339759,-1.08,0.724123,0.464279
volkan,2D_a0,2026,2026-60,0.0,0.075,0.0,0.075,0.075,0.0,0.625,0.26316,-0.92,1.08848,0.50196
volkan,2D_a0,2026,2026-61,0.0,0.091667,0.0,0.091667,0.091667,0.0,0.716667,0.243196,-1.16,1.215115,0.565877
volkan,2D_a0,2026,2026-62,0.0,0.066667,0.0,0.066667,0.066667,0.0,0.666667,0.250632,-1.36,1.180152,0.591308
volkan,2D_a0,2026,2026-63,0.0,0.0,0.0,0.0,0.0,0.0,0.933333,0.160138,-1.88,1.784881,0.627601
volkan,2D_a0,2026,2026-64,0.0,0.075,0.0,0.075,0.075,0.0,0.666667,0.258863,-1.16,1.118384,0.530678
volkan,2D_a0,2026,2026-65,0.216667,0.016667,0.591667,0.608333,0.216667,0.158333,0.0,0.769491,1.16,1.259311,0.451418
volkan,2D_a0,2026,2026-66,0.083333,0.375,0.0,0.375,0.375,0.0,0.4,0.338581,-0.52,0.733559,0.509755
volkan,2D_a0,2026,2026-67,0.508333,0.541667,0.4,0.941667,0.833333,0.0,0.0,0.554389,0.4,0.411475,0.3119
volkan,2D_a0,2026,2026-68,0.0,0.008333,0.0,0.008333,0.008333,0.0,0.875,0.202586,-1.24,1.446259,0.514767
volkan,2D_a0,2026,2026-69,0.566667,0.55,0.358333,0.908333,0.85,0.0,0.0,0.54167,0.44,0.388545,0.28042
volkan,2D_a0,2026,2026-70,0.0,0.0,0.0,0.0,0.0,0.0,1.0,0.117031,-1.92,2.169995,0.639833
volkan,2D_a0,2026,2026-71,0.025,0.2,0.0,0.2,0.2,0.0,0.441667,0.313549,-0.76,0.825283,0.444938
volkan,2D_a0,2026,2026-72,0.0,0.0,0.091667,0.091667,0.0,0.825,0.0,0.899387,1.68,2.325016,0.58959
volkan,2D_a0,2026,2026-73,0.066667,0.275,0.0,0.275,0.275,0.0,0.425,0.326931,-1.0,0.795696,0.530957
volkan,2D_a0,2026,2026-74,0.366667,0.041667,0.691667,0.733333,0.366667,0.108333,0.0,0.736145,0.88,1.077643,0.468498
volkan,2D_a0,2026,2026-75,0.525,0.491667,0.458333,0.95,0.733333,0.0,0.0,0.600072,0.44,0.530874,0.395424
volkan,2D_a0,2026,2026-76,0.35,0.533333,0.1,0.633333,0.633333,0.0,0.125,0.445607,-0.12,0.445297,0.295973
volkan,2D_a0,2026,2026-77,0.041667,0.291667,0.0,0.291667,0.291667,0.0,0.433333,0.330232,-0.68,0.75912,0.491669
volkan,2D_a0,2026,2026-78,0.241667,0.008333,0.666667,0.675,0.241667,0.183333,0.0,0.762821,1.16,1.228213,0.483179
volkan,2D_a0,2026,2026-79,0.4,0.55,0.15,0.7,0.7,0.0,0.091667,0.4647,0.12,0.421054,0.271546
volkan,2D_a0,2026,2026-80,0.091667,0.0,0.4,0.4,0.091667,0.366667,0.0,0.806562,1.56,1.500611,0.494587
volkan,2D_a0,2026,2026-81,0.033333,0.225,0.0,0.225,0.225,0.0,0.45,0.319077,-0.88,0.801741,0.462107
volkan,2D_a0,2026,2026-82,0.483333,0.566667,0.2,0.766667,0.758333,0.0,0.025,0.493347,-0.2,0.391862,0.24121
volkan,2D_a0,2026,2026-83,0.541667,0.475,0.491667,0.966667,0.775,0.0,0.0,0.585648,0.24,0.491315,0.352578
volkan,2D_a0,2026,2026-84,0.5,0.508333,0.408333,0.916667,0.775,0.0,0.0,0.570881,0.48,0.466787,0.368533
volkan,2D_a0,2026,2026-85,0.0,0.008333,0.0,0.008333,0.008333,0.0,0.9,0.19342,-1.28,1.512882,0.535794
volkan,2D_a0,2026,2026-86,0.041667,0.258333,0.0,0.258333,0.258333,0.0,0.5,0.311105,-1.4,0.850357,0.50863
volkan,2D_a0,2026,2026-87,0.291667,0.516667,0.058333,0.575,0.575,0.0,0.15,0.429228,-0.28,0.44907,0.313061
volkan,2D_a0,2026,2026-88,0.0,0.116667,0.0,0.116667,0.116667,0.0,0.625,0.271379,-1.32,1.04313,0.498295
volkan,2D_a0,2026,2026-89,0.591667,0.35,0.575,0.925,0.675,0.008333,0.0,0.645754,1.0,0.650422,0.437111
volkan,2D_a0,2026,2026-90,0.6,0.475,0.491667,0.966667,0.741667,0.008333,0.0,0.618443,0.6,0.542472,0.42645
volkan,2D_a0,2026,2026-91,0.0,0.0,0.0,0.0,0.0,0.0,1.0,0.09476,-2.04,2.432854,0.674169
volkan,2D_a0,2026,2026-92,0.0,0.0,0.0,0.0,0.0,0.0,1.0,0.114099,-1.76,2.178084,0.587792
volkan,2D_a0,2026,2026-93,0.0,0.0,0.0,0.0,0.0,0.0,0.891667,0.183399,-1.64,1.592756,0.569471
volkan,2D_a0,2026,2026-94,0.483333,0.483333,0.3,0.783333,0.75,0.0,0.041667,0.511697,-0.24,0.432788,0.272731
volkan,2D_a0,2026,2026-95,0.0,0.0,0.175,0.175,0.0,0.708333,0.0,0.874948,1.92,2.06027,0.559813
volkan,2D_a0,2026,2026-96,0.15,0.433333,0.016667,0.45,0.45,0.0,0.266667,0.382959,-0.8,0.57024,0.429348
volkan,2D_a0,2026,2026-97,0.475,0.508333,0.366667,0.875,0.75,0.0,0.0,0.547537,0.2,0.440451,0.295951
volkan,2D_a0,2026,2026-98,0.0,0.066667,0.0,0.066667,0.066667,0.0,0.708333,0.245095,-1.08,1.191736,0.517632
volkan,2D_a0,2026,2026-99,0.0,0.05,0.0,0.05,0.05,0.0,0.716667,0.240037,-1.12,1.233312,0.56533
volkan,2D_a0,2026,2026-100,0.0,0.0,0.0,0.0,0.0,0.0,1.0,0.09807,-2.12,2.404931,0.703363
volkan,2D_a0,2026,2026-101,0.475,0.55,0.216667,0.766667,0.741667,0.0,0.025,0.498609,0.12,0.398857,0.242923
volkan,2D_a0,2026,2026-102,0.458333,0.175,0.633333,0.808333,0.458333,0.066667,0.0,0.706267,1.0,0.925018,0.483556
volkan,2D_a0,2026,2026-103,0.225,0.491667,0.016667,0.508333,0.508333,0.0,0.191667,0.398396,-0.36,0.511427,0.377681
volkan,2D_a0,2026,2026-104,0.158333,0.0,0.591667,0.591667,0.158333,0.208333,0.0,0.784546,1.24,1.370336,0.534225
volkan,2D_a0,2026,2026-105,0.491667,0.5,0.316667,0.816667,0.741667,0.0,0.008333,0.52654,0.08,0.431366,0.27543
volkan,2D_a0,2026,2026-106,0.45,0.508333,0.183333,0.691667,0.691667,0.0,0.083333,0.474801,-0.24,0.418436,0.27504
volkan,2D_a0,2026,2026-107,0.541667,0.483333,0.475,0.958333,0.766667,0.0,0.0,0.609414,0.52,0.545976,0.424347
volkan,2D_a0,2026,2026-108,0.583333,0.508333,0.458333,0.966667,0.791667,0.0,0.0,0.596526,0.36,0.497591,0.368584
volkan,2D_a0,2026,2026-109,0.316667,0.083333,0.641667,0.725,0.316667,0.15,0.0,0.742551,1.24,1.123441,0.519738
volkan,2D_a0,2026,2026-110,0.008333,0.116667,0.0,0.116667,0.116667,0.0,0.625,0.27769,-1.12,1.01102,0.494976
volkan,2D_a0,2026,2026-111,0.0,0.0,0.0,0.0,0.0,0.0,1.0,0.069642,-2.08,2.789751,0.696476
volkan,2D_a0,2026,2026-112,0.5,0.541667,0.291667,0.833333,0.783333,0.0,0.0,0.525719,0.2,0.406734,0.261465
volkan,2D_a0,2026,2026-113,0.05,0.233333,0.0,0.233333,0.233333,0.0,0.433333,0.325953,-0.96,0.775199,0.448862
volkan,2D_a0,2026,2026-114,0.433333,0.5,0.166667,0.666667,0.666667,0.0,0.075,0.468686,0.08,0.423642,0.266197
volkan,2D_a0,2026,2026-115,0.041667,0.0,0.375,0.375,0.041667,0.416667,0.0,0.822698,1.6,1.611504,0.499375
volkan,2D_a0,2026,2026-116,0.0,0.033333,0.0,0.033333,0.033333,0.0,0.8,0.210576,-1.8,1.427678,0.617875
volkan,2D_a0,2026,2026-117,0.516667,0.258333,0.625,0.883333,0.591667,0.033333,0.0,0.6714,1.2,0.780212,0.470765
volkan,2D_a0,2026,2026-118,0.516667,0.141667,0.666667,0.808333,0.516667,0.05,0.0,0.703589,0.8,0.910523,0.473223
volkan,2D_a0,2026,2026-119,0.516667,0.483333,0.45,0.933333,0.733333,0.0,0.0,0.587723,0.6,0.502602,0.380094
volkan,2D_a0,2026,2026-120,0.383333,0.066667,0.716667,0.783333,0.383333,0.1,0.0,0.728723,0.96,1.037769,0.465547
volkan,2D_a0,2026,2026-121,0.158333,0.45,0.0,0.45,0.45,0.0,0.25,0.382386,-0.64,0.548098,0.416525
volkan,2D_a0,2026,2026-122,0.033333,0.25,0.0,0.25,0.25,0.0,0.433333,0.325059,-0.44,0.774027,0.456502
volkan,2D_a0,2026,2026-123,0.383333,0.116667,0.641667,0.758333,0.383333,0.141667,0.0,0.729481,1.16,1.052899,0.517608
volkan,2D_a0,2026,2026-124,0.533333,0.3,0.55,0.85,0.583333,0.058333,0.0,0.676562,0.64,0.801355,0.524059
volkan,2D_a0,2026,2026-125,0.15,0.0,0.491667,0.491667,0.15,0.241667,0.0,0.790238,1.52,1.407535,0.539417
volkan,2D_a0,2026,2026-126,0.558333,0.525,0.375,0.9,0.808333,0.0,0.0,0.548762,0.16,0.422193,0.286273
volkan,2D_a0,2026,2026-127,0.083333,0.0,0.325,0.325,0.083333,0.466667,0.0,0.824239,1.68,1.637621,0.541942
volkan,2D_a0,2026,2026-128,0.283333,0.483333,0.05,0.533333,0.533333,0.0,0.2,0.415863,-0.56,0.494193,0.374793
volkan,2D_a0,2026,2026-129,0.0,0.05,0.0,0.05,0.05,0.0,0.766667,0.224813,-1.44,1.328326,0.583596
volkan,2D_a0,2026,2026-130,0.0,0.0,0.0,0.0,0.0,0.0,1.0,0.086932,-2.0,2.539683,0.695429
volkan,2D_a0,2026,2026-131,0.0,0.033333,0.0,0.033333,0.033333,0.0,0.791667,0.225546,-1.32,1.303253,0.510926
volkan,2D_a0,2026,2026-132,0.525,0.191667,0.658333,0.85,0.541667,0.025,0.0,0.689583,0.64,0.843871,0.475993
volkan,2D_a0,2026,2026-133,0.0,0.0,0.0,0.0,0.0,0.0,0.941667,0.149635,-1.8,1.866279,0.617593
volkan,2D_a0,2026,2026-134,0.1,0.341667,0.0,0.341667,0.341667,0.0,0.341667,0.346219,-1.04,0.713135,0.493516
volkan,2D_a0,2026,2026-135,0.0,0.0,0.091667,0.091667,0.0,0.733333,0.0,0.883154,1.84,2.137707,0.562916
volkan,2D_a0,2026,2026-136,0.516667,0.25,0.591667,0.841667,0.541667,0.025,0.0,0.682659,0.48,0.810221,0.478862
volkan,2D_a0,2026,2026-137,0.041667,0.0,0.25,0.25,0.041667,0.566667,0.0,0.848008,1.52,1.825075,0.565349
volkan,2D_a0,2026,2026-138,0.0,0.066667,0.0,0.066667,0.066667,0.0,0.7,0.251539,-1.16,1.146232,0.479501
volkan,2D_a0,2026,2026-139,0.0,0.0,0.0,0.0,0.0,0.0,1.0,0.062311,-2.08,2.899136,0.676202
volkan,2D_a0,2026,2026-140,0.133333,0.0,0.458333,0.458333,0.133333,0.283333,0.0,0.805254,1.56,1.505498,0.542236
volkan,2D_a0,2026,2026-141,0.0,0.0,0.0,0.0,0.0,0.0,0.916667,0.180744,-1.44,1.597545,0.528595
volkan,2D_a0,2026,2026-142,0.475,0.55,0.266667,0.816667,0.741667,0.0,0.0,0.518031,0.04,0.409876,0.254983
volkan,2D_a0,2026,2026-143,0.475,0.483333,0.391667,0.875,0.691667,0.0,0.0,0.562792,0.28,0.499066,0.33935
volkan,2D_a0,2026,2026-144,0.0,0.058333,0.0,0.058333,0.058333,0.0,0.75,0.234877,-1.68,1.26099,0.558472
volkan,2D_a0,2026,2026-145,0.108333,0.0,0.433333,0.433333,0.108333,0.325,0.0,0.810524,1.16,1.536091,0.527613
volkan,2D_a0,2026,2026-146,0.141667,0.0,0.375,0.375,0.141667,0.425,0.0,0.81432,1.84,1.581451,0.583547
volkan,2D_a0,2026,2026-147,0.6,0.45,0.483333,0.933333,0.733333,0.016667,0.0,0.624217,1.08,0.583909,0.445782
volkan,2D_a0,2026,2026-148,0.475,0.516667,0.2,0.716667,0.708333,0.0,0.058333,0.480508,-0.24,0.40498,0.259117
volkan,2D_a0,2026,2026-149,0.508333,0.533333,0.333333,0.866667,0.766667,0.0,0.0,0.543104,0.44,0.426204,0.28641
volkan,2D_a0,2026,2026-150,0.0,0.025,0.0,0.025,0.025,0.0,0.708333,0.242992,-1.12,1.198313,0.495995
volkan,2D_a0,2026,2026-151,0.35,0.475,0.083333,0.558333,0.558333,0.0,0.166667,0.425289,-0.04,0.477822,0.341644
volkan,2D_a0,2026,2026-152,0.433333,0.558333,0.166667,0.725,0.725,0.0,0.041667,0.477146,-0.32,0.38584,0.25231
volkan,2D_a0,2026,2026-153,0.008333,0.116667,0.0,0.116667,0.116667,0.0,0.683333,0.26047,-1.36,1.110734,0.534899
volkan,2D_a0,2026,2026-154,0.466667,0.241667,0.583333,0.825,0.525,0.05,0.0,0.682392,0.88,0.826989,0.500296
volkan,2D_a0,2026,2026-155,0.0,0.0,0.0,0.0,0.0,0.0,0.908333,0.18222,-1.32,1.592886,0.545643
volkan,2D_a0,2026,2026-156,0.133333,0.391667,0.0,0.391667,0.391667,0.0,0.308333,0.360917,-0.84,0.64755,0.452119
volkan,2D_a0,2026,2026-157,0.0,0.0,0.0,0.0,0.0,0.0,1.0,0.072466,-2.04,2.753727,0.713407
volkan,2D_a0,2026,2026-158,0.558333,0.516667,0.475,0.991667,0.758333,0.0,0.0,0.601314,0.4,0.506223,0.365243
volkan,2D_a0,2026,2026-159,0.558333,0.308333,0.591667,0.9,0.608333,0.016667,0.0,0.663203,0.6,0.725049,0.476458
volkan,2D_a0,2026,2026-160,0.516667,0.375,0.533333,0.908333,0.666667,0.008333,0.0,0.640354,0.64,0.664046,0.475491
volkan,2D_a0,2026,2026-161,0.0,0.0,0.0,0.0,0.0,1.0,0.0,0.942878,2.12,2.959152,0.602583
volkan,2D_a0,2026,2026-162,0.483333,0.141667,0.641667,0.783333,0.483333,0.066667,0.0,0.705169,0.76,0.92054,0.486671
volkan,2D_a0,2026,2026-163,0.0,0.108333,0.0,0.108333,0.108333,0.0,0.625,0.271029,-0.88,1.050059,0.517377
volkan,2D_a0,2026,2026-164,0.0,0.0,0.0,0.0,0.0,1.0,0.0,0.926681,2.2,2.663062,0.556791
volkan,2D_a0,2026,2026-165,0.0,0.091667,0.0,0.091667,0.091667,0.0,0.7,0.255259,-1.36,1.133765,0.51373
volkan,2D_a0,2026,2026-166,0.55,0.316667,0.558333,0.875,0.591667,0.05,0.0,0.671807,0.72,0.766459,0.496942
volkan,2D_a0,2026,2026-167,0.5,0.216667,0.641667,0.858333,0.575,0.033333,0.0,0.674362,0.96,0.794403,0.487113
volkan,2D_a0,2026,2026-168,0.0,0.083333,0.0,0.083333,0.083333,0.0,0.691667,0.259328,-1.08,1.11285,0.519069
volkan,2D_a0,2026,2026-169,0.15,0.0,0.433333,0.433333,0.15,0.266667,0.0,0.795628,1.2,1.441029,0.535155
volkan,2D_a0,2026,2026-170,0.508333,0.466667,0.458333,0.925,0.741667,0.0,0.0,0.598459,0.32,0.528718,0.40502
volkan,2D_a0,2026,2026-171,0.566667,0.391667,0.558333,0.95,0.691667,0.0,0.0,0.635865,0.28,0.619858,0.425222
volkan,2D_a0,2026,2026-172,0.033333,0.275,0.0,0.275,0.275,0.0,0.433333,0.327639,-0.76,0.762139,0.456819
volkan,2D_a0,2026,2026-173,0.225,0.0,0.65,0.65,0.225,0.15,0.0,0.765562,1.4,1.239767,0.465779
volkan,2D_a0,2026,2026-174,0.0,0.166667,0.0,0.166667,0.166667,0.0,0.508333,0.293675,-0.6,0.920883,0.460113
volkan,2D_a0,2026,2026-175,0.0,0.0,0.0,0.0,0.0,0.0,1.0,0.108349,-2.2,2.294415,0.71176
volkan,2D_a0,2026,2026-176,0.15,0.0,0.441667,0.441667,0.15,0.275,0.0,0.793576,1.48,1.419122,0.504739
volkan,2D_a0,2026,2026-177,0.225,0.458333,0.0,0.458333,0.458333,0.0,0.258333,0.387076,-0.4,0.571936,0.430227
volkan,2D_a0,2026,2026-178,0.491667,0.575,0.233333,0.808333,0.775,0.0,0.008333,0.508126,0.04,0.397042,0.239362
volkan,2D_a0,2026,2026-179,0.0,0.0,0.15,0.15,0.0,0.65,0.0,0.862642,1.52,1.939125,0.555297
volkan,2D_a0,2026,2026-180,0.333333,0.05,0.733333,0.783333,0.333333,0.1,0.0,0.735553,1.28,1.078764,0.489574
volkan,2D_a0,2026,2026-181,0.55,0.391667,0.516667,0.908333,0.683333,0.008333,0.0,0.635922,0.84,0.629354,0.446416
volkan,2D_a0,2026,2026-182,0.416667,0.091667,0.733333,0.825,0.416667,0.05,0.0,0.719448,1.2,0.984926,0.442982
volkan,2D_a0,2026,2026-183,0.016667,0.141667,0.0,0.141667,0.141667,0.0,0.583333,0.286484,-1.08,0.965155,0.482111
volkan,2D_a0,2026,2026-184,0.566667,0.308333,0.575,0.883333,0.6,0.041667,0.0,0.671129,0.88,0.764002,0.501607
volkan,2D_a0,2026,2026-185,0.375,0.091667,0.666667,0.758333,0.375,0.083333,0.0,0.728892,1.12,1.039035,0.469211
volkan,2D_a0,2026,2026-186,0.583333,0.3,0.591667,0.891667,0.608333,0.033333,0.0,0.667834,0.84,0.744207,0.487895
volkan,2D_a0,2026,2026-187,0.316667,0.55,0.075,0.625,0.625,0.0,0.075,0.443727,-0.36,0.400978,0.28827
volkan,2D_a0,2026,2026-188,0.0,0.0,0.0,0.0,0.0,0.0,1.0,0.016469,-2.32,4.343482,0.746734
volkan,2D_a0,2026,2026-189,0.608333,0.416667,0.558333,0.975,0.716667,0.0,0.0,0.627199,0.44,0.57984,0.407506
volkan,2D_a0,2026,2026-190,0.483333,0.558333,0.241667,0.8,0.758333,0.0,0.0,0.510319,-0.12,0.39087,0.23391
volkan,2D_a0,2026,2026-191,0.175,0.441667,0.016667,0.458333,0.458333,0.0,0.25,0.387947,-1.0,0.560678,0.423047
volkan,2D_a0,2026,2026-192,0.533333,0.25,0.633333,0.883333,0.608333,0.016667,0.0,0.668726,0.92,0.752156,0.475898
volkan,2D_a0,2026,2026-193,0.566667,0.6,0.341667,0.941667,0.858333,0.0,0.0,0.555997,0.56,0.393084,0.289319
volkan,2D_a0,2026,2026-194,0.533333,0.5,0.391667,0.891667,0.791667,0.0,0.0,0.547087,0.0,0.42624,0.282403
volkan,2D_a0,2026,2026-195,0.0,0.0,0.0,0.0,0.0,0.0,0.958333,0.155211,-1.72,1.802161,0.570715
volkan,2D_a0,2026,2026-196,0.0,0.0,0.0,0.0,0.0,0.0,0.941667,0.162016,-1.6,1.751914,0.579397
volkan,2D_a0,2026,2026-197,0.641667,0.516667,0.433333,0.95,0.825,0.0,0.0,0.5774,0.32,0.446033,0.315162
volkan,2D_a0,2026,2026-198,0.466667,0.516667,0.225,0.741667,0.733333,0.0,0.033333,0.49465,0.12,0.405808,0.250778
volkan,2D_a0,2026,2026-199,0.525,0.591667,0.283333,0.875,0.85,0.0,0.033333,0.519667,-0.32,0.405457,0.246429
volkan,2D_a1,42,42-0,0.533333,0.5,0.416667,0.916667,0.7,0.058333,0.0,0.627047,0.8,0.631274,0.589903
volkan,2D_a1,42,42-1,0.133333,0.3,0.183333,0.483333,0.391667,0.0,0.366667,0.402966,-0.48,0.749759,0.444476
volkan,2D_a1,42,42-2,0.391667,0.116667,0.591667,0.708333,0.391667,0.183333,0.0,0.729853,0.8,1.084731,0.631709
volkan,2D_a1,42,42-3,0.266667,0.083333,0.491667,0.575,0.266667,0.266667,0.0,0.767762,1.2,1.323731,0.70799
volkan,2D_a1,42,42-4,0.058333,0.15,0.025,0.175,0.166667,0.025,0.683333,0.255663,-0.92,1.429384,0.802898
volkan,2D_a1,42,42-5,0.191667,0.158333,0.133333,0.291667,0.266667,0.0,0.433333,0.357746,-0.68,0.928733,0.504961
volkan,2D_a1,42,42-6,0.425,0.45,0.441667,0.891667,0.591667,0.05,0.0,0.624823,0.16,0.674858,0.567156
volkan,2D_a1,42,42-7,0.333333,0.316667,0.283333,0.6,0.558333,0.041667,0.091667,0.538039,-0.2,0.691351,0.629887
volkan,2D_a1,42,42-8,0.391667,0.466667,0.366667,0.833333,0.633333,0.041667,0.0,0.587446,0.2,0.564645,0.509195
volkan,2D_a1,42,42-9,0.15,0.35,0.15,0.5,0.4,0.008333,0.316667,0.42168,-0.2,0.699924,0.496554
volkan,2D_a1,42,42-10,0.316667,0.133333,0.525,0.658333,0.316667,0.2,0.0,0.747114,1.44,1.182355,0.64361
volkan,2D_a1,42,42-11,0.383333,0.116667,0.625,0.741667,0.383333,0.125,0.0,0.726448,1.36,1.04356,0.54781
volkan,2D_a1,42,42-12,0.425,0.508333,0.375,0.883333,0.683333,0.041667,0.0,0.595761,0.44,0.587261,0.517671
volkan,2D_a1,42,42-13,0.15,0.008333,0.533333,0.541667,0.15,0.225,0.0,0.784276,1.4,1.366418,0.526678
volkan,2D_a1,42,42-14,0.516667,0.341667,0.5,0.841667,0.6,0.058333,0.0,0.667297,1.0,0.782094,0.589611
volkan,2D_a1,42,42-15,0.158333,0.25,0.2,0.45,0.35,0.025,0.308333,0.438569,-0.84,0.837499,0.58255
volkan,2D_a1,42,42-16,0.55,0.375,0.45,0.825,0.633333,0.041667,0.0,0.660163,0.56,0.748717,0.56056
volkan,2D_a1,42,42-17,0.158333,0.308333,0.15,0.458333,0.383333,0.0,0.375,0.400832,-0.44,0.745174,0.445485
volkan,2D_a1,42,42-18,0.325,0.1,0.658333,0.758333,0.325,0.125,0.0,0.740442,1.32,1.11031,0.512144
volkan,2D_a1,42,42-19,0.383333,0.458333,0.416667,0.875,0.566667,0.041667,0.0,0.592384,0.12,0.55788,0.501507
volkan,2D_a1,42,42-20,0.366667,0.408333,0.308333,0.716667,0.608333,0.058333,0.008333,0.553064,0.2,0.581826,0.487882
volkan,2D_a1,42,42-21,0.375,0.383333,0.091667,0.475,0.433333,0.0,0.208333,0.441897,-0.16,0.60658,0.429588
volkan,2D_a1,42,42-22,0.15,0.0,0.441667,0.441667,0.15,0.225,0.0,0.798505,1.48,1.446969,0.491996
volkan,2D_a1,42,42-23,0.35,0.45,0.316667,0.766667,0.625,0.041667,0.0,0.552661,0.44,0.563185,0.481758
volkan,2D_a1,42,42-24,0.341667,0.375,0.208333,0.583333,0.508333,0.016667,0.116667,0.504517,-0.2,0.625507,0.421514
volkan,2D_a1,42,42-25,0.325,0.358333,0.25,0.608333,0.541667,0.025,0.083333,0.521786,-0.2,0.657564,0.463889
volkan,2D_a1,42,42-26,0.516667,0.275,0.541667,0.816667,0.575,0.066667,0.0,0.680257,1.12,0.82911,0.592622
volkan,2D_a1,42,42-27,0.483333,0.316667,0.441667,0.758333,0.591667,0.083333,0.0,0.673026,0.36,0.840844,0.658027
volkan,2D_a1,42,42-28,0.55,0.325,0.5,0.825,0.616667,0.058333,0.0,0.669982,0.68,0.782974,0.580131
volkan,2D_a1,42,42-29,0.583333,0.391667,0.466667,0.858333,0.633333,0.108333,0.0,0.664114,0.76,0.766961,0.625405
volkan,2D_a1,42,42-30,0.0,0.0,0.008333,0.008333,0.0,0.825,0.0,0.906271,1.96,2.413451,0.614603
volkan,2D_a1,42,42-31,0.375,0.333333,0.216667,0.55,0.525,0.025,0.075,0.524035,-0.24,0.655194,0.483614
volkan,2D_a1,42,42-32,0.333333,0.425,0.15,0.575,0.508333,0.008333,0.1,0.494566,-0.08,0.608002,0.386004
volkan,2D_a1,42,42-33,0.266667,0.325,0.158333,0.483333,0.391667,0.0,0.225,0.444321,-0.28,0.673126,0.448368
volkan,2D_a1,42,42-34,0.533333,0.216667,0.591667,0.808333,0.558333,0.116667,0.0,0.692397,1.04,0.88207,0.587537
volkan,2D_a1,42,42-35,0.183333,0.0,0.516667,0.516667,0.183333,0.266667,0.0,0.788499,1.36,1.40962,0.582762
volkan,2D_a1,42,42-36,0.35,0.45,0.316667,0.766667,0.6,0.05,0.0,0.559613,0.36,0.572414,0.481128
volkan,2D_a1,42,42-37,0.208333,0.333333,0.15,0.483333,0.366667,0.008333,0.266667,0.438162,-0.16,0.717551,0.57871
volkan,2D_a1,42,42-38,0.216667,0.358333,0.125,0.483333,0.408333,0.0,0.3,0.422862,-0.16,0.63403,0.464369
volkan,2D_a1,42,42-39,0.525,0.2,0.591667,0.791667,0.541667,0.116667,0.0,0.701574,1.2,0.921009,0.56214
volkan,2D_a1,42,42-40,0.416667,0.125,0.608333,0.733333,0.416667,0.133333,0.0,0.723602,1.12,1.036119,0.577211
volkan,2D_a1,42,42-41,0.483333,0.25,0.525,0.775,0.558333,0.083333,0.0,0.68476,0.92,0.862838,0.623866
volkan,2D_a1,42,42-42,0.266667,0.35,0.133333,0.483333,0.408333,0.025,0.208333,0.46577,-0.4,0.713597,0.695289
volkan,2D_a1,42,42-43,0.508333,0.433333,0.433333,0.866667,0.65,0.041667,0.0,0.617529,0.96,0.620973,0.531866
volkan,2D_a1,42,42-44,0.408333,0.45,0.375,0.825,0.65,0.05,0.0,0.606738,0.48,0.656613,0.592361
volkan,2D_a1,42,42-45,0.466667,0.516667,0.391667,0.908333,0.7,0.033333,0.0,0.613346,0.52,0.606396,0.532481
volkan,2D_a1,42,42-46,0.35,0.066667,0.641667,0.708333,0.35,0.166667,0.0,0.741794,1.12,1.125724,0.543192
volkan,2D_a1,42,42-47,0.5,0.425,0.441667,0.866667,0.658333,0.041667,0.0,0.628702,0.6,0.648889,0.56774
volkan,2D_a1,42,42-48,0.441667,0.191667,0.525,0.716667,0.458333,0.158333,0.0,0.719495,0.84,1.02722,0.624996
volkan,2D_a1,42,42-49,0.433333,0.508333,0.316667,0.825,0.666667,0.041667,0.0,0.577342,0.8,0.549297,0.491711
volkan,2D_a1,42,42-50,0.516667,0.45,0.408333,0.858333,0.666667,0.041667,0.0,0.636463,0.68,0.670677,0.576366
volkan,2D_a1,42,42-51,0.525,0.233333,0.541667,0.775,0.533333,0.083333,0.0,0.697682,1.0,0.906728,0.592803
volkan,2D_a1,42,42-52,0.208333,0.158333,0.091667,0.25,0.241667,0.041667,0.525,0.346165,-0.76,1.093045,0.714692
volkan,2D_a1,42,42-53,0.358333,0.341667,0.341667,0.683333,0.616667,0.033333,0.058333,0.527134,0.04,0.589647,0.421136
volkan,2D_a1,42,42-54,0.35,0.325,0.241667,0.566667,0.508333,0.016667,0.1,0.507671,-0.04,0.610149,0.396074
volkan,2D_a1,42,42-55,0.308333,0.375,0.108333,0.483333,0.441667,0.008333,0.183333,0.476513,-0.04,0.704295,0.572936
volkan,2D_a1,42,42-56,0.358333,0.333333,0.333333,0.666667,0.6,0.066667,0.041667,0.5452,-0.12,0.63021,0.479949
volkan,2D_a1,42,42-57,0.016667,0.0,0.266667,0.266667,0.016667,0.466667,0.0,0.84201,1.28,1.794658,0.617599
volkan,2D_a1,42,42-58,0.291667,0.35,0.125,0.475,0.408333,0.008333,0.291667,0.423512,0.0,0.650406,0.452409
volkan,2D_a1,42,42-59,0.3,0.033333,0.65,0.683333,0.3,0.191667,0.0,0.755999,1.2,1.207336,0.552076
volkan,2D_a1,42,42-60,0.125,0.191667,0.041667,0.233333,0.216667,0.008333,0.691667,0.276884,-0.88,1.275066,0.738935
volkan,2D_a1,42,42-61,0.35,0.291667,0.275,0.566667,0.525,0.05,0.091667,0.525596,-0.24,0.639286,0.501581
volkan,2D_a1,42,42-62,0.4,0.475,0.383333,0.858333,0.666667,0.058333,0.0,0.609867,0.64,0.62357,0.570725
volkan,2D_a1,42,42-63,0.466667,0.25,0.508333,0.758333,0.483333,0.15,0.0,0.697741,0.8,0.915311,0.618689
volkan,2D_a1,42,42-64,0.433333,0.175,0.583333,0.758333,0.45,0.116667,0.0,0.711743,1.28,0.975299,0.574671
volkan,2D_a1,42,42-65,0.375,0.1,0.65,0.75,0.375,0.141667,0.0,0.728329,1.28,1.056846,0.561359
volkan,2D_a1,42,42-66,0.35,0.291667,0.325,0.616667,0.55,0.025,0.083333,0.507978,0.04,0.58213,0.398813
volkan,2D_a1,42,42-67,0.3,0.316667,0.183333,0.5,0.466667,0.058333,0.125,0.507567,-0.04,0.644601,0.476721
volkan,2D_a1,42,42-68,0.4,0.091667,0.616667,0.708333,0.4,0.2,0.0,0.741278,1.08,1.137333,0.596432
volkan,2D_a1,42,42-69,0.375,0.45,0.291667,0.741667,0.633333,0.025,0.008333,0.54329,0.36,0.566997,0.452555
volkan,2D_a1,42,42-70,0.15,0.15,0.125,0.275,0.241667,0.0,0.516667,0.33946,-0.56,0.993486,0.541092
volkan,2D_a1,42,42-71,0.15,0.266667,0.133333,0.4,0.366667,0.008333,0.425,0.376676,-0.32,0.849095,0.560443
volkan,2D_a1,42,42-72,0.15,0.316667,0.2,0.516667,0.408333,0.016667,0.325,0.432827,-0.6,0.746551,0.489828
volkan,2D_a1,42,42-73,0.541667,0.25,0.541667,0.791667,0.591667,0.066667,0.0,0.684875,0.76,0.850661,0.544914
volkan,2D_a1,42,42-74,0.491667,0.45,0.433333,0.883333,0.65,0.025,0.0,0.614489,0.56,0.618359,0.52292
volkan,2D_a1,42,42-75,0.5,0.216667,0.558333,0.775,0.508333,0.125,0.0,0.70344,0.84,0.952985,0.655222
volkan,2D_a1,42,42-76,0.383333,0.266667,0.333333,0.6,0.558333,0.016667,0.016667,0.517675,0.0,0.576447,0.37477
volkan,2D_a1,42,42-77,0.483333,0.433333,0.425,0.858333,0.666667,0.033333,0.0,0.609009,0.84,0.618104,0.532097
volkan,2D_a1,42,42-78,0.491667,0.2,0.608333,0.808333,0.5,0.091667,0.0,0.702897,0.96,0.931461,0.582742
volkan,2D_a1,42,42-79,0.358333,0.391667,0.316667,0.708333,0.633333,0.041667,0.016667,0.529546,0.16,0.56241,0.417782
volkan,2D_a1,42,42-80,0.55,0.35,0.433333,0.783333,0.608333,0.066667,0.0,0.668863,0.56,0.79631,0.643256
volkan,2D_a1,42,42-81,0.333333,0.391667,0.091667,0.483333,0.441667,0.008333,0.191667,0.449896,-0.04,0.642541,0.558457
volkan,2D_a1,42,42-82,0.358333,0.383333,0.233333,0.616667,0.55,0.041667,0.05,0.540073,-0.36,0.636757,0.463523
volkan,2D_a1,42,42-83,0.333333,0.358333,0.266667,0.625,0.591667,0.066667,0.108333,0.507734,0.16,0.616507,0.457529
volkan,2D_a1,42,42-84,0.208333,0.125,0.175,0.3,0.258333,0.033333,0.408333,0.393039,-0.64,0.967848,0.680191
volkan,2D_a1,42,42-85,0.508333,0.3,0.525,0.825,0.583333,0.108333,0.0,0.67564,0.88,0.834115,0.655519
volkan,2D_a1,42,42-86,0.316667,0.291667,0.283333,0.575,0.516667,0.008333,0.133333,0.487589,0.12,0.598522,0.374105
volkan,2D_a1,42,42-87,0.35,0.483333,0.35,0.833333,0.591667,0.058333,0.0,0.594658,0.2,0.613049,0.597733
volkan,2D_a1,42,42-88,0.466667,0.325,0.45,0.775,0.541667,0.15,0.0,0.680167,0.6,0.85062,0.637551
volkan,2D_a1,42,42-89,0.533333,0.308333,0.508333,0.816667,0.625,0.058333,0.0,0.664731,0.92,0.772285,0.571866
volkan,2D_a1,42,42-90,0.541667,0.191667,0.558333,0.75,0.55,0.066667,0.0,0.700334,0.84,0.913815,0.560552
volkan,2D_a1,42,42-91,0.333333,0.441667,0.308333,0.75,0.541667,0.041667,0.0,0.578971,0.16,0.617942,0.540743
volkan,2D_a1,42,42-92,0.383333,0.341667,0.25,0.591667,0.575,0.025,0.058333,0.494477,0.24,0.548371,0.366203
volkan,2D_a1,42,42-93,0.366667,0.491667,0.3,0.791667,0.658333,0.008333,0.008333,0.552841,0.68,0.532664,0.439651
volkan,2D_a1,42,42-94,0.141667,0.191667,0.058333,0.25,0.233333,0.025,0.6,0.312105,-1.04,1.23031,0.756332
volkan,2D_a1,42,42-95,0.191667,0.158333,0.091667,0.25,0.233333,0.033333,0.508333,0.349956,-0.76,1.101776,0.734151
volkan,2D_a1,42,42-96,0.191667,0.15,0.133333,0.283333,0.275,0.0,0.483333,0.337927,-0.56,0.948517,0.530574
volkan,2D_a1,42,42-97,0.141667,0.35,0.158333,0.508333,0.441667,0.008333,0.4,0.401505,-0.4,0.734303,0.465616
volkan,2D_a1,42,42-98,0.533333,0.375,0.491667,0.866667,0.625,0.066667,0.0,0.654673,0.88,0.710543,0.555028
volkan,2D_a1,42,42-99,0.175,0.3,0.208333,0.508333,0.408333,0.025,0.3,0.447804,-0.8,0.73504,0.487557
volkan,2D_a1,42,42-100,0.316667,0.3,0.333333,0.633333,0.566667,0.008333,0.108333,0.499196,0.04,0.605693,0.394191
volkan,2D_a1,42,42-101,0.116667,0.0,0.4,0.4,0.116667,0.341667,0.0,0.805746,1.76,1.508626,0.54036
volkan,2D_a1,42,42-102,0.391667,0.35,0.283333,0.633333,0.566667,0.033333,0.033333,0.531702,-0.16,0.592374,0.440366
volkan,2D_a1,42,42-103,0.45,0.108333,0.641667,0.75,0.45,0.116667,0.0,0.717708,1.12,0.992935,0.524506
volkan,2D_a1,42,42-104,0.183333,0.333333,0.208333,0.541667,0.466667,0.016667,0.3,0.445503,-0.52,0.722439,0.451142
volkan,2D_a1,42,42-105,0.333333,0.441667,0.316667,0.758333,0.583333,0.033333,0.0,0.548501,0.28,0.569051,0.444619
volkan,2D_a1,42,42-106,0.091667,0.341667,0.175,0.516667,0.416667,0.016667,0.375,0.409632,-0.4,0.761073,0.486034
volkan,2D_a1,42,42-107,0.375,0.358333,0.366667,0.725,0.658333,0.041667,0.05,0.521251,0.04,0.571089,0.394387
volkan,2D_a1,42,42-108,0.416667,0.066667,0.658333,0.725,0.416667,0.158333,0.0,0.731082,1.0,1.079792,0.588362
volkan,2D_a1,42,42-109,0.183333,0.208333,0.058333,0.266667,0.258333,0.016667,0.566667,0.314177,-1.2,1.197409,0.760431
volkan,2D_a1,42,42-110,0.45,0.341667,0.475,0.816667,0.608333,0.075,0.0,0.658396,1.08,0.766518,0.586408
volkan,2D_a1,42,42-111,0.45,0.5,0.408333,0.908333,0.691667,0.033333,0.0,0.614458,0.64,0.594708,0.553185
volkan,2D_a1,42,42-112,0.341667,0.383333,0.158333,0.541667,0.441667,0.008333,0.15,0.481212,-0.16,0.64955,0.536218
volkan,2D_a1,42,42-113,0.175,0.175,0.108333,0.283333,0.266667,0.016667,0.55,0.338271,-0.96,1.096814,0.672061
volkan,2D_a1,42,42-114,0.416667,0.55,0.341667,0.891667,0.683333,0.016667,0.0,0.588977,0.72,0.541944,0.481441
volkan,2D_a1,42,42-115,0.316667,0.375,0.125,0.5,0.466667,0.016667,0.15,0.479983,-0.04,0.632729,0.45171
volkan,2D_a1,42,42-116,0.483333,0.441667,0.4,0.841667,0.658333,0.058333,0.0,0.631641,0.68,0.6696,0.602428
volkan,2D_a1,42,42-117,0.383333,0.5,0.358333,0.858333,0.65,0.058333,0.0,0.59511,0.44,0.617166,0.565
volkan,2D_a1,42,42-118,0.0,0.0,0.225,0.225,0.0,0.591667,0.0,0.85327,1.64,1.860953,0.544723
volkan,2D_a1,42,42-119,0.366667,0.408333,0.308333,0.716667,0.633333,0.041667,0.025,0.524401,0.48,0.529115,0.427498
volkan,2D_a1,42,42-120,0.1,0.283333,0.166667,0.45,0.35,0.016667,0.4,0.40628,-0.48,0.819768,0.569319
volkan,2D_a1,42,42-121,0.516667,0.458333,0.391667,0.85,0.683333,0.033333,0.0,0.614163,0.84,0.6098,0.509654
volkan,2D_a1,42,42-122,0.45,0.433333,0.4,0.833333,0.65,0.058333,0.0,0.63,0.64,0.699145,0.613296
volkan,2D_a1,42,42-123,0.05,0.0,0.425,0.425,0.05,0.375,0.0,0.816556,1.64,1.5809,0.5449
volkan,2D_a1,42,42-124,0.391667,0.116667,0.608333,0.725,0.391667,0.183333,0.0,0.731793,1.0,1.076651,0.561817
volkan,2D_a1,42,42-125,0.491667,0.433333,0.4,0.833333,0.658333,0.091667,0.0,0.650293,0.88,0.756671,0.679463
volkan,2D_a1,42,42-126,0.05,0.0,0.325,0.325,0.05,0.508333,0.0,0.836067,1.64,1.734234,0.574209
volkan,2D_a1,42,42-127,0.15,0.133333,0.141667,0.275,0.241667,0.008333,0.425,0.37044,-0.44,0.910981,0.535535
volkan,2D_a1,42,42-128,0.325,0.416667,0.1,0.516667,0.45,0.008333,0.116667,0.474826,-0.16,0.633322,0.455697
volkan,2D_a1,42,42-129,0.116667,0.325,0.175,0.5,0.4,0.008333,0.325,0.421706,-0.32,0.764252,0.566048
volkan,2D_a1,42,42-130,0.35,0.341667,0.258333,0.6,0.558333,0.041667,0.058333,0.53137,-0.2,0.636852,0.455665
volkan,2D_a1,42,42-131,0.233333,0.158333,0.125,0.283333,0.266667,0.025,0.516667,0.353266,-0.84,1.040758,0.68339
volkan,2D_a1,42,42-132,0.516667,0.191667,0.591667,0.783333,0.525,0.1,0.0,0.701859,1.16,0.921068,0.559914
volkan,2D_a1,42,42-133,0.408333,0.4,0.258333,0.658333,0.625,0.066667,0.041667,0.530189,0.24,0.617848,0.491027
volkan,2D_a1,42,42-134,0.216667,0.108333,0.15,0.258333,0.233333,0.008333,0.566667,0.331089,-0.68,1.087311,0.591986
volkan,2D_a1,42,42-135,0.116667,0.258333,0.158333,0.416667,0.35,0.016667,0.45,0.388362,-0.44,0.842127,0.519644
volkan,2D_a1,42,42-136,0.5,0.416667,0.441667,0.858333,0.675,0.066667,0.0,0.642226,1.0,0.721345,0.624386
volkan,2D_a1,42,42-137,0.375,0.1,0.558333,0.658333,0.375,0.208333,0.0,0.744201,1.12,1.177436,0.683509
volkan,2D_a1,42,42-138,0.0,0.0,0.066667,0.066667,0.0,0.775,0.0,0.89197,2.0,2.228528,0.561753
volkan,2D_a1,42,42-139,0.0,0.0,0.0,0.0,0.0,1.0,0.0,0.953342,2.08,3.161589,0.572842
volkan,2D_a1,42,42-140,0.491667,0.308333,0.525,0.833333,0.583333,0.1,0.0,0.668304,0.88,0.799045,0.600405
volkan,2D_a1,42,42-141,0.166667,0.225,0.191667,0.416667,0.333333,0.016667,0.341667,0.416922,-0.76,0.819905,0.544043
volkan,2D_a1,42,42-142,0.075,0.133333,0.041667,0.175,0.158333,0.016667,0.683333,0.246987,-1.2,1.525924,0.867978
volkan,2D_a1,42,42-143,0.483333,0.433333,0.458333,0.891667,0.65,0.033333,0.0,0.63682,0.44,0.667417,0.53374
volkan,2D_a1,42,42-144,0.158333,0.383333,0.166667,0.55,0.425,0.0,0.308333,0.436449,-0.4,0.668791,0.466093
volkan,2D_a1,42,42-145,0.358333,0.366667,0.308333,0.675,0.633333,0.033333,0.091667,0.510162,0.12,0.599823,0.410635
volkan,2D_a1,42,42-146,0.325,0.416667,0.075,0.491667,0.441667,0.0,0.158333,0.463175,0.04,0.631369,0.397824
volkan,2D_a1,42,42-147,0.35,0.433333,0.333333,0.766667,0.6,0.058333,0.008333,0.570319,0.32,0.594593,0.529937
volkan,2D_a1,42,42-148,0.2,0.033333,0.491667,0.525,0.2,0.3,0.0,0.786991,1.12,1.412462,0.619317
volkan,2D_a1,42,42-149,0.391667,0.475,0.4,0.875,0.616667,0.05,0.0,0.61891,0.28,0.653123,0.582426
volkan,2D_a1,42,42-150,0.4,0.408333,0.316667,0.725,0.625,0.091667,0.0,0.574313,0.0,0.63488,0.537372
volkan,2D_a1,42,42-151,0.133333,0.283333,0.133333,0.416667,0.358333,0.008333,0.416667,0.382905,-0.48,0.814249,0.499531
volkan,2D_a1,42,42-152,0.141667,0.2,0.016667,0.216667,0.216667,0.016667,0.65,0.280083,-0.76,1.256636,0.76747
volkan,2D_a1,42,42-153,0.333333,0.308333,0.233333,0.541667,0.508333,0.041667,0.166667,0.486531,0.28,0.613453,0.435253
volkan,2D_a1,42,42-154,0.391667,0.483333,0.333333,0.816667,0.683333,0.033333,0.0,0.56937,0.4,0.547808,0.483947
volkan,2D_a1,42,42-155,0.0,0.0,0.125,0.125,0.0,0.675,0.0,0.870446,1.64,1.999648,0.517476
volkan,2D_a1,42,42-156,0.441667,0.491667,0.375,0.866667,0.7,0.033333,0.0,0.586287,0.8,0.555633,0.526543
volkan,2D_a1,42,42-157,0.308333,0.1,0.516667,0.616667,0.308333,0.25,0.0,0.76314,1.44,1.301627,0.726446
volkan,2D_a1,42,42-158,0.35,0.4,0.15,0.55,0.491667,0.008333,0.108333,0.487486,-0.04,0.599023,0.377251
volkan,2D_a1,42,42-159,0.141667,0.2,0.141667,0.341667,0.283333,0.0,0.458333,0.364505,-0.6,0.905445,0.491463
volkan,2D_a1,42,42-160,0.141667,0.275,0.166667,0.441667,0.35,0.016667,0.391667,0.401035,-0.56,0.8379,0.504015
volkan,2D_a1,42,42-161,0.341667,0.383333,0.133333,0.516667,0.45,0.0,0.191667,0.453737,-0.24,0.621157,0.444656
volkan,2D_a1,42,42-162,0.0,0.0,0.0,0.0,0.0,0.808333,0.0,0.904934,1.96,2.402268,0.637692
volkan,2D_a1,42,42-163,0.3,0.358333,0.091667,0.45,0.416667,0.0,0.283333,0.4211,-0.12,0.644322,0.459339
volkan,2D_a1,42,42-164,0.358333,0.125,0.575,0.7,0.358333,0.183333,0.0,0.741066,1.24,1.147932,0.642388
volkan,2D_a1,42,42-165,0.183333,0.308333,0.175,0.483333,0.375,0.016667,0.333333,0.424616,-0.64,0.81171,0.5905
volkan,2D_a1,42,42-166,0.258333,0.075,0.55,0.625,0.258333,0.241667,0.0,0.764092,0.96,1.285534,0.662398
volkan,2D_a1,42,42-167,0.483333,0.433333,0.425,0.858333,0.625,0.058333,0.0,0.650811,0.56,0.72196,0.618444
volkan,2D_a1,42,42-168,0.366667,0.45,0.333333,0.783333,0.616667,0.033333,0.0,0.560593,0.24,0.567001,0.465654
volkan,2D_a1,42,42-169,0.35,0.441667,0.308333,0.75,0.575,0.041667,0.0,0.570523,0.32,0.59526,0.508934
volkan,2D_a1,42,42-170,0.3,0.358333,0.15,0.508333,0.391667,0.0,0.183333,0.466985,-0.2,0.65005,0.427807
volkan,2D_a1,42,42-171,0.516667,0.333333,0.5,0.833333,0.591667,0.108333,0.0,0.667542,1.16,0.789086,0.617442
volkan,2D_a1,42,42-172,0.308333,0.45,0.116667,0.566667,0.491667,0.0,0.116667,0.496265,-0.08,0.639546,0.429098
volkan,2D_a1,42,42-173,0.175,0.208333,0.133333,0.341667,0.3,0.016667,0.458333,0.363457,-0.6,0.936687,0.530261
volkan,2D_a1,42,42-174,0.183333,0.116667,0.133333,0.25,0.233333,0.041667,0.466667,0.367863,-0.56,1.0442,0.67583
volkan,2D_a1,42,42-175,0.458333,0.45,0.4,0.85,0.65,0.033333,0.0,0.610849,0.52,0.612303,0.523863
volkan,2D_a1,42,42-176,0.0,0.0,0.258333,0.258333,0.0,0.483333,0.0,0.846054,1.68,1.808885,0.571123
volkan,2D_a1,42,42-177,0.475,0.458333,0.4,0.858333,0.658333,0.016667,0.0,0.62342,0.44,0.629703,0.524859
volkan,2D_a1,42,42-178,0.441667,0.391667,0.325,0.716667,0.641667,0.075,0.033333,0.568002,0.08,0.633132,0.511725
volkan,2D_a1,42,42-179,0.533333,0.391667,0.433333,0.825,0.633333,0.066667,0.0,0.646705,0.76,0.721966,0.585669
volkan,2D_a1,42,42-180,0.125,0.0,0.4,0.4,0.125,0.366667,0.0,0.812617,1.56,1.577035,0.614573
volkan,2D_a1,42,42-181,0.408333,0.466667,0.408333,0.875,0.633333,0.05,0.0,0.609128,0.4,0.643685,0.579999
volkan,2D_a1,42,42-182,0.341667,0.325,0.291667,0.616667,0.566667,0.025,0.083333,0.503105,0.04,0.586152,0.384257
volkan,2D_a1,42,42-183,0.2,0.016667,0.491667,0.508333,0.2,0.208333,0.0,0.782564,1.36,1.357878,0.531477
volkan,2D_a1,42,42-184,0.533333,0.341667,0.516667,0.858333,0.666667,0.033333,0.0,0.656921,0.8,0.736684,0.537808
volkan,2D_a1,42,42-185,0.008333,0.0,0.241667,0.241667,0.008333,0.533333,0.0,0.843723,1.8,1.781528,0.540404
volkan,2D_a1,42,42-186,0.458333,0.458333,0.425,0.883333,0.666667,0.041667,0.0,0.618944,0.44,0.629089,0.547312
volkan,2D_a1,42,42-187,0.183333,0.175,0.116667,0.291667,0.266667,0.008333,0.5,0.347637,-0.64,0.982362,0.59825
volkan,2D_a1,42,42-188,0.2,0.166667,0.1,0.266667,0.25,0.008333,0.516667,0.341874,-0.64,1.008773,0.615751
volkan,2D_a1,42,42-189,0.0,0.0,0.191667,0.191667,0.0,0.566667,0.0,0.858798,1.84,1.926053,0.600057
volkan,2D_a1,42,42-190,0.0,0.0,0.158333,0.158333,0.0,0.6,0.0,0.865047,1.84,1.972102,0.575132
volkan,2D_a1,42,42-191,0.408333,0.4,0.358333,0.758333,0.708333,0.058333,0.008333,0.554426,-0.04,0.597799,0.495257
volkan,2D_a1,42,42-192,0.291667,0.375,0.258333,0.633333,0.533333,0.033333,0.108333,0.502264,0.48,0.598192,0.433115
volkan,2D_a1,42,42-193,0.083333,0.0,0.316667,0.316667,0.083333,0.483333,0.0,0.833924,1.96,1.723491,0.588307
volkan,2D_a1,42,42-194,0.166667,0.225,0.175,0.4,0.333333,0.008333,0.383333,0.390207,-0.56,0.852851,0.547768
volkan,2D_a1,42,42-195,0.15,0.275,0.225,0.5,0.35,0.016667,0.283333,0.448595,-0.6,0.774657,0.546182
volkan,2D_a1,42,42-196,0.491667,0.2,0.591667,0.791667,0.491667,0.108333,0.0,0.705031,1.16,0.936937,0.564778
volkan,2D_a1,42,42-197,0.333333,0.4,0.191667,0.591667,0.525,0.041667,0.083333,0.510942,-0.16,0.618553,0.431459
volkan,2D_a1,42,42-198,0.408333,0.525,0.35,0.875,0.708333,0.016667,0.0,0.56622,0.64,0.505512,0.447068
volkan,2D_a1,42,42-199,0.366667,0.45,0.308333,0.758333,0.65,0.041667,0.0,0.549433,0.28,0.552347,0.456044
volkan,2D_a1,137,137-0,0.125,0.333333,0.15,0.483333,0.391667,0.008333,0.341667,0.41863,-0.36,0.712289,0.496274
volkan,2D_a1,137,137-1,0.308333,0.316667,0.125,0.441667,0.383333,0.0,0.225,0.436828,-0.12,0.675516,0.476307
volkan,2D_a1,137,137-2,0.308333,0.35,0.116667,0.466667,0.391667,0.016667,0.216667,0.467551,-0.2,0.719269,0.611126
volkan,2D_a1,137,137-3,0.366667,0.45,0.366667,0.816667,0.583333,0.058333,0.0,0.590272,0.4,0.608017,0.542096
volkan,2D_a1,137,137-4,0.366667,0.4,0.108333,0.508333,0.475,0.016667,0.108333,0.481784,-0.04,0.587721,0.392651
volkan,2D_a1,137,137-5,0.175,0.208333,0.2,0.408333,0.341667,0.0,0.375,0.399843,-0.8,0.822124,0.457586
volkan,2D_a1,137,137-6,0.491667,0.466667,0.425,0.891667,0.683333,0.05,0.0,0.627501,0.48,0.663259,0.603318
volkan,2D_a1,137,137-7,0.316667,0.341667,0.108333,0.45,0.366667,0.008333,0.216667,0.458752,-0.08,0.67404,0.445922
volkan,2D_a1,137,137-8,0.075,0.141667,0.033333,0.175,0.166667,0.008333,0.691667,0.239849,-1.04,1.458878,0.825423
volkan,2D_a1,137,137-9,0.0,0.0,0.075,0.075,0.0,0.75,0.0,0.885246,1.88,2.136925,0.500968
volkan,2D_a1,137,137-10,0.0,0.0,0.2,0.2,0.0,0.575,0.0,0.853313,1.52,1.875046,0.591329
volkan,2D_a1,137,137-11,0.1,0.291667,0.133333,0.425,0.366667,0.008333,0.441667,0.37358,-0.24,0.844563,0.516162
volkan,2D_a1,137,137-12,0.341667,0.333333,0.325,0.658333,0.6,0.025,0.083333,0.503374,0.28,0.57059,0.377747
volkan,2D_a1,137,137-13,0.35,0.433333,0.333333,0.766667,0.616667,0.091667,0.0,0.580062,0.24,0.639206,0.600474
volkan,2D_a1,137,137-14,0.275,0.041667,0.575,0.616667,0.275,0.233333,0.0,0.764833,1.2,1.2923,0.673827
volkan,2D_a1,137,137-15,0.025,0.025,0.016667,0.041667,0.041667,0.041667,0.808333,0.19225,-1.0,1.987325,0.886071
volkan,2D_a1,137,137-16,0.1,0.333333,0.158333,0.491667,0.375,0.033333,0.316667,0.432454,-0.48,0.756008,0.514203
volkan,2D_a1,137,137-17,0.5,0.483333,0.383333,0.866667,0.708333,0.033333,0.0,0.615092,0.68,0.620484,0.541522
volkan,2D_a1,137,137-18,0.116667,0.208333,0.041667,0.25,0.233333,0.033333,0.65,0.290347,-1.08,1.344316,0.819152
volkan,2D_a1,137,137-19,0.283333,0.35,0.108333,0.458333,0.375,0.008333,0.216667,0.45747,0.0,0.696106,0.556443
volkan,2D_a1,137,137-20,0.383333,0.375,0.266667,0.641667,0.6,0.05,0.05,0.5165,0.2,0.592945,0.441709
volkan,2D_a1,137,137-21,0.366667,0.316667,0.3,0.616667,0.566667,0.016667,0.05,0.511077,-0.08,0.590769,0.372379
volkan,2D_a1,137,137-22,0.175,0.241667,0.141667,0.383333,0.333333,0.008333,0.383333,0.384759,-0.68,0.828457,0.551991
volkan,2D_a1,137,137-23,0.225,0.016667,0.616667,0.633333,0.225,0.216667,0.0,0.773365,1.24,1.319118,0.593249
volkan,2D_a1,137,137-24,0.308333,0.366667,0.116667,0.483333,0.441667,0.016667,0.208333,0.465665,-0.04,0.669281,0.571748
volkan,2D_a1,137,137-25,0.408333,0.083333,0.616667,0.7,0.408333,0.158333,0.0,0.738007,0.64,1.128865,0.633796
volkan,2D_a1,137,137-26,0.366667,0.425,0.25,0.675,0.625,0.041667,0.041667,0.523704,0.32,0.568849,0.436368
volkan,2D_a1,137,137-27,0.475,0.483333,0.425,0.908333,0.65,0.05,0.0,0.622593,0.4,0.644969,0.568698
volkan,2D_a1,137,137-28,0.383333,0.4,0.191667,0.591667,0.516667,0.008333,0.083333,0.510898,-0.32,0.604257,0.408071
volkan,2D_a1,137,137-29,0.208333,0.016667,0.55,0.566667,0.208333,0.275,0.0,0.783782,0.84,1.406673,0.673671
volkan,2D_a1,137,137-30,0.508333,0.425,0.425,0.85,0.633333,0.066667,0.0,0.647273,0.72,0.706394,0.576648
volkan,2D_a1,137,137-31,0.116667,0.333333,0.15,0.483333,0.4,0.0,0.375,0.401279,-0.48,0.753498,0.468304
volkan,2D_a1,137,137-32,0.4,0.191667,0.558333,0.75,0.4,0.125,0.0,0.720068,1.32,1.022848,0.599754
volkan,2D_a1,137,137-33,0.0,0.0,0.0,0.0,0.0,1.0,0.0,0.941378,1.88,2.900701,0.547244
volkan,2D_a1,137,137-34,0.125,0.233333,0.05,0.283333,0.258333,0.025,0.625,0.308827,-0.84,1.238558,0.787358
volkan,2D_a1,137,137-35,0.358333,0.466667,0.3,0.766667,0.641667,0.041667,0.0,0.563485,0.24,0.55713,0.486619
volkan,2D_a1,137,137-36,0.441667,0.483333,0.35,0.833333,0.625,0.033333,0.0,0.597216,0.56,0.613547,0.515124
volkan,2D_a1,137,137-37,0.416667,0.383333,0.308333,0.691667,0.616667,0.083333,0.025,0.562177,0.04,0.632809,0.519785
volkan,2D_a1,137,137-38,0.3,0.1,0.541667,0.641667,0.3,0.208333,0.0,0.752709,1.4,1.207799,0.620805
volkan,2D_a1,137,137-39,0.366667,0.383333,0.316667,0.7,0.625,0.075,0.025,0.553153,0.04,0.631297,0.503938
volkan,2D_a1,137,137-40,0.441667,0.125,0.616667,0.741667,0.441667,0.183333,0.0,0.729256,0.88,1.074508,0.607241
volkan,2D_a1,137,137-41,0.45,0.158333,0.633333,0.791667,0.475,0.1,0.0,0.705236,1.2,0.940615,0.568187
volkan,2D_a1,137,137-42,0.158333,0.258333,0.133333,0.391667,0.325,0.008333,0.375,0.391539,-0.48,0.80348,0.571826
volkan,2D_a1,137,137-43,0.191667,0.225,0.166667,0.391667,0.341667,0.008333,0.383333,0.383624,-0.68,0.867874,0.484745
volkan,2D_a1,137,137-44,0.0,0.0,0.191667,0.191667,0.0,0.675,0.0,0.874028,1.92,2.086198,0.660354
volkan,2D_a1,137,137-45,0.358333,0.433333,0.333333,0.766667,0.683333,0.025,0.016667,0.543612,0.36,0.533991,0.437121
volkan,2D_a1,137,137-46,0.441667,0.416667,0.425,0.841667,0.616667,0.041667,0.0,0.618164,0.44,0.659384,0.574131
volkan,2D_a1,137,137-47,0.008333,0.0,0.241667,0.241667,0.008333,0.533333,0.0,0.844481,1.6,1.770537,0.486748
volkan,2D_a1,137,137-48,0.508333,0.158333,0.641667,0.8,0.516667,0.075,0.0,0.697616,1.24,0.893146,0.53021
volkan,2D_a1,137,137-49,0.341667,0.4,0.116667,0.516667,0.491667,0.0,0.158333,0.463992,0.12,0.604681,0.368807
volkan,2D_a1,137,137-50,0.333333,0.333333,0.291667,0.625,0.566667,0.033333,0.1,0.513102,0.0,0.621361,0.445388
volkan,2D_a1,137,137-51,0.216667,0.041667,0.525,0.566667,0.216667,0.241667,0.0,0.780722,1.36,1.390283,0.681999
volkan,2D_a1,137,137-52,0.05,0.0,0.358333,0.358333,0.05,0.358333,0.0,0.817569,1.64,1.567939,0.469942
volkan,2D_a1,137,137-53,0.366667,0.383333,0.3,0.683333,0.625,0.041667,0.025,0.527524,0.24,0.575721,0.432815
volkan,2D_a1,137,137-54,0.041667,0.0,0.416667,0.416667,0.041667,0.341667,0.0,0.812367,1.56,1.534814,0.481992
volkan,2D_a1,137,137-55,0.35,0.283333,0.266667,0.55,0.525,0.025,0.1,0.504784,0.08,0.61377,0.418387
volkan,2D_a1,137,137-56,0.5,0.516667,0.4,0.916667,0.733333,0.041667,0.0,0.603339,1.0,0.551537,0.5016
volkan,2D_a1,137,137-57,0.183333,0.225,0.108333,0.333333,0.283333,0.033333,0.441667,0.390428,-1.04,1.00965,0.733864
volkan,2D_a1,137,137-58,0.391667,0.408333,0.3,0.708333,0.633333,0.066667,0.025,0.542435,0.16,0.594766,0.467592
volkan,2D_a1,137,137-59,0.55,0.258333,0.525,0.783333,0.591667,0.058333,0.0,0.68053,0.84,0.827218,0.568439
volkan,2D_a1,137,137-60,0.541667,0.375,0.45,0.825,0.633333,0.058333,0.0,0.655605,0.8,0.747482,0.582194
volkan,2D_a1,137,137-61,0.5,0.125,0.608333,0.733333,0.5,0.116667,0.0,0.715506,0.92,0.997305,0.587564
volkan,2D_a1,137,137-62,0.35,0.375,0.141667,0.516667,0.425,0.0,0.2,0.452263,-0.12,0.630842,0.434273
volkan,2D_a1,137,137-63,0.35,0.366667,0.3,0.666667,0.558333,0.058333,0.025,0.544455,0.24,0.618042,0.509577
volkan,2D_a1,137,137-64,0.358333,0.441667,0.325,0.766667,0.566667,0.041667,0.0,0.561648,0.28,0.575944,0.478732
volkan,2D_a1,137,137-65,0.0,0.0,0.175,0.175,0.0,0.641667,0.0,0.863799,1.8,1.961271,0.584776
volkan,2D_a1,137,137-66,0.175,0.166667,0.15,0.316667,0.283333,0.008333,0.433333,0.363184,-0.44,0.940007,0.594311
volkan,2D_a1,137,137-67,0.35,0.308333,0.333333,0.641667,0.566667,0.058333,0.058333,0.526217,0.04,0.623209,0.457155
volkan,2D_a1,137,137-68,0.35,0.441667,0.341667,0.783333,0.633333,0.041667,0.016667,0.568828,0.12,0.586551,0.476002
volkan,2D_a1,137,137-69,0.0,0.0,0.0,0.0,0.0,1.0,0.0,0.961248,2.32,3.385892,0.627589
volkan,2D_a1,137,137-70,0.433333,0.225,0.55,0.775,0.475,0.116667,0.0,0.700618,1.32,0.936569,0.637688
volkan,2D_a1,137,137-71,0.391667,0.466667,0.325,0.791667,0.666667,0.041667,0.0,0.569935,0.24,0.572269,0.486268
volkan,2D_a1,137,137-72,0.375,0.45,0.366667,0.816667,0.625,0.066667,0.0,0.593668,0.36,0.639429,0.581494
volkan,2D_a1,137,137-73,0.166667,0.2,0.091667,0.291667,0.258333,0.025,0.616667,0.319792,-0.88,1.194814,0.754263
volkan,2D_a1,137,137-74,0.375,0.391667,0.408333,0.8,0.591667,0.083333,0.0,0.616244,0.4,0.723424,0.671043
volkan,2D_a1,137,137-75,0.108333,0.0,0.375,0.375,0.108333,0.341667,0.0,0.808551,1.76,1.526049,0.53408
volkan,2D_a1,137,137-76,0.375,0.416667,0.375,0.791667,0.708333,0.025,0.008333,0.55138,0.12,0.548308,0.415677
volkan,2D_a1,137,137-77,0.333333,0.383333,0.166667,0.55,0.475,0.016667,0.133333,0.490987,-0.12,0.618142,0.3951
volkan,2D_a1,137,137-78,0.325,0.308333,0.316667,0.625,0.566667,0.05,0.083333,0.524265,0.12,0.618848,0.453999
volkan,2D_a1,137,137-79,0.358333,0.1,0.583333,0.683333,0.358333,0.191667,0.0,0.743687,1.12,1.160341,0.634111
volkan,2D_a1,137,137-80,0.491667,0.2,0.608333,0.808333,0.533333,0.091667,0.0,0.692343,1.16,0.879985,0.557433
volkan,2D_a1,137,137-81,0.158333,0.041667,0.458333,0.5,0.158333,0.266667,0.0,0.789725,1.44,1.427599,0.614659
volkan,2D_a1,137,137-82,0.45,0.5,0.416667,0.916667,0.675,0.033333,0.0,0.619265,0.44,0.632126,0.5602
volkan,2D_a1,137,137-83,0.441667,0.175,0.633333,0.808333,0.441667,0.116667,0.0,0.715985,1.4,0.99844,0.587355
volkan,2D_a1,137,137-84,0.15,0.375,0.15,0.525,0.433333,0.0,0.35,0.41194,-0.28,0.68173,0.469219
volkan,2D_a1,137,137-85,0.45,0.441667,0.366667,0.808333,0.625,0.066667,0.0,0.604677,0.92,0.641443,0.562137
volkan,2D_a1,137,137-86,0.166667,0.275,0.141667,0.416667,0.375,0.016667,0.416667,0.39019,-0.52,0.813997,0.464441
volkan,2D_a1,137,137-87,0.3,0.366667,0.1,0.466667,0.425,0.0,0.216667,0.442196,0.04,0.648321,0.422126
volkan,2D_a1,137,137-88,0.125,0.333333,0.141667,0.475,0.358333,0.0,0.333333,0.414378,-0.2,0.7197,0.497591
volkan,2D_a1,137,137-89,0.358333,0.441667,0.291667,0.733333,0.625,0.066667,0.0,0.560938,0.28,0.594872,0.517531
volkan,2D_a1,137,137-90,0.175,0.016667,0.491667,0.508333,0.175,0.3,0.0,0.788129,1.04,1.411818,0.595831
volkan,2D_a1,137,137-91,0.625,0.425,0.466667,0.891667,0.666667,0.016667,0.0,0.648442,0.84,0.663519,0.499999
volkan,2D_a1,137,137-92,0.133333,0.275,0.15,0.425,0.358333,0.0,0.441667,0.375886,-0.32,0.848768,0.471841
volkan,2D_a1,137,137-93,0.491667,0.2,0.575,0.775,0.558333,0.091667,0.0,0.690783,1.08,0.889655,0.596906
volkan,2D_a1,137,137-94,0.0,0.0,0.0,0.0,0.0,0.883333,0.0,0.908176,2.0,2.40575,0.535988
volkan,2D_a1,137,137-95,0.116667,0.0,0.366667,0.366667,0.116667,0.341667,0.0,0.814131,1.4,1.576731,0.581429
volkan,2D_a1,137,137-96,0.4,0.166667,0.591667,0.758333,0.416667,0.125,0.0,0.719189,1.24,1.020336,0.604747
volkan,2D_a1,137,137-97,0.141667,0.0,0.458333,0.458333,0.141667,0.266667,0.0,0.795268,1.52,1.427262,0.495622
volkan,2D_a1,137,137-98,0.15,0.0,0.433333,0.433333,0.15,0.333333,0.0,0.805296,1.44,1.533948,0.634132
volkan,2D_a1,137,137-99,0.5,0.308333,0.483333,0.791667,0.608333,0.041667,0.0,0.6659,0.4,0.795778,0.59851
volkan,2D_a1,137,137-100,0.375,0.35,0.308333,0.658333,0.591667,0.025,0.025,0.528515,0.16,0.582323,0.415519
volkan,2D_a1,137,137-101,0.0,0.0,0.0,0.0,0.0,0.816667,0.0,0.899304,1.8,2.319107,0.60232
volkan,2D_a1,137,137-102,0.508333,0.45,0.441667,0.891667,0.666667,0.041667,0.0,0.641828,0.72,0.679511,0.565779
volkan,2D_a1,137,137-103,0.1,0.0,0.391667,0.391667,0.1,0.333333,0.0,0.810097,1.44,1.531895,0.522286
volkan,2D_a1,137,137-104,0.408333,0.441667,0.35,0.791667,0.641667,0.058333,0.0,0.591765,0.4,0.627674,0.591339
volkan,2D_a1,137,137-105,0.0,0.0,0.0,0.0,0.0,0.841667,0.0,0.905351,1.92,2.385223,0.588211
volkan,2D_a1,137,137-106,0.025,0.05,0.016667,0.066667,0.05,0.0,0.85,0.148054,-1.64,2.270403,1.111082
volkan,2D_a1,137,137-107,0.358333,0.35,0.308333,0.658333,0.6,0.05,0.058333,0.534166,0.0,0.623492,0.477944
volkan,2D_a1,137,137-108,0.008333,0.033333,0.0,0.033333,0.033333,0.033333,0.866667,0.162326,-1.56,2.219851,1.036001
volkan,2D_a1,137,137-109,0.0,0.0,0.183333,0.183333,0.0,0.633333,0.0,0.864113,1.52,1.974074,0.603317
volkan,2D_a1,137,137-110,0.358333,0.425,0.075,0.5,0.475,0.0,0.133333,0.462901,0.0,0.581418,0.375099
volkan,2D_a1,137,137-111,0.158333,0.0,0.45,0.45,0.158333,0.3,0.0,0.800634,1.76,1.46715,0.514805
volkan,2D_a1,137,137-112,0.325,0.333333,0.175,0.508333,0.491667,0.025,0.116667,0.508508,-0.04,0.668062,0.500728
volkan,2D_a1,137,137-113,0.375,0.391667,0.108333,0.5,0.45,0.0,0.15,0.457189,-0.16,0.599205,0.392251
volkan,2D_a1,137,137-114,0.366667,0.333333,0.308333,0.641667,0.591667,0.066667,0.083333,0.52232,0.12,0.616435,0.46278
volkan,2D_a1,137,137-115,0.391667,0.391667,0.341667,0.733333,0.691667,0.025,0.041667,0.534414,0.12,0.565131,0.416004
volkan,2D_a1,137,137-116,0.125,0.0,0.466667,0.466667,0.125,0.275,0.0,0.801839,1.36,1.477776,0.526517
volkan,2D_a1,137,137-117,0.333333,0.4,0.083333,0.483333,0.416667,0.0,0.166667,0.453213,0.0,0.613545,0.408566
volkan,2D_a1,137,137-118,0.091667,0.216667,0.016667,0.233333,0.216667,0.016667,0.683333,0.274853,-0.96,1.323335,0.799103
volkan,2D_a1,137,137-119,0.375,0.4,0.275,0.675,0.625,0.041667,0.083333,0.519041,0.28,0.606586,0.461242
volkan,2D_a1,137,137-120,0.0,0.0,0.108333,0.108333,0.0,0.725,0.0,0.888601,1.92,2.197575,0.565792
volkan,2D_a1,137,137-121,0.0,0.0,0.0,0.0,0.0,0.883333,0.0,0.911103,1.96,2.446673,0.550269
volkan,2D_a1,137,137-122,0.366667,0.425,0.433333,0.858333,0.566667,0.066667,0.0,0.618331,0.12,0.688103,0.583372
volkan,2D_a1,137,137-123,0.2,0.166667,0.141667,0.308333,0.266667,0.008333,0.441667,0.363191,-0.72,0.968485,0.604819
volkan,2D_a1,137,137-124,0.175,0.191667,0.058333,0.25,0.233333,0.016667,0.625,0.310879,-0.8,1.146215,0.699485
volkan,2D_a1,137,137-125,0.441667,0.483333,0.391667,0.875,0.625,0.058333,0.0,0.599874,0.36,0.5937,0.526073
volkan,2D_a1,137,137-126,0.475,0.475,0.383333,0.858333,0.683333,0.05,0.0,0.631224,0.56,0.684222,0.617271
volkan,2D_a1,137,137-127,0.158333,0.35,0.15,0.5,0.408333,0.016667,0.316667,0.4248,-0.32,0.744362,0.662735
volkan,2D_a1,137,137-128,0.4,0.408333,0.308333,0.716667,0.65,0.058333,0.0,0.547015,0.28,0.561765,0.468796
volkan,2D_a1,137,137-129,0.275,0.066667,0.541667,0.608333,0.275,0.216667,0.0,0.769125,1.44,1.294718,0.59243
volkan,2D_a1,137,137-130,0.416667,0.4,0.333333,0.733333,0.65,0.041667,0.0,0.564369,0.08,0.602715,0.479921
volkan,2D_a1,137,137-131,0.375,0.316667,0.333333,0.65,0.591667,0.075,0.041667,0.543891,-0.08,0.62798,0.482262
volkan,2D_a1,137,137-132,0.508333,0.233333,0.541667,0.775,0.55,0.075,0.0,0.69057,0.64,0.879013,0.602997
volkan,2D_a1,137,137-133,0.166667,0.175,0.158333,0.333333,0.283333,0.025,0.425,0.385008,-0.44,0.921812,0.581484
volkan,2D_a1,137,137-134,0.441667,0.425,0.416667,0.841667,0.633333,0.05,0.0,0.622368,0.48,0.690125,0.606733
volkan,2D_a1,137,137-135,0.55,0.416667,0.441667,0.858333,0.691667,0.025,0.0,0.639576,0.68,0.667067,0.5626
volkan,2D_a1,137,137-136,0.4,0.458333,0.375,0.833333,0.616667,0.05,0.0,0.588058,0.32,0.590013,0.53333
volkan,2D_a1,137,137-137,0.391667,0.258333,0.4,0.658333,0.591667,0.041667,0.008333,0.548384,-0.24,0.60238,0.419973
volkan,2D_a1,137,137-138,0.383333,0.483333,0.35,0.833333,0.608333,0.025,0.0,0.58975,0.44,0.582372,0.473121
volkan,2D_a1,137,137-139,0.2,0.0,0.6,0.6,0.2,0.241667,0.0,0.776973,1.2,1.34641,0.615628
volkan,2D_a1,137,137-140,0.025,0.083333,0.0,0.083333,0.083333,0.041667,0.791667,0.207591,-1.2,1.829308,0.885662
volkan,2D_a1,137,137-141,0.283333,0.025,0.625,0.65,0.283333,0.191667,0.0,0.761239,1.24,1.238887,0.558962
volkan,2D_a1,137,137-142,0.333333,0.416667,0.316667,0.733333,0.566667,0.058333,0.0,0.578,0.16,0.60999,0.539622
volkan,2D_a1,137,137-143,0.341667,0.4,0.116667,0.516667,0.458333,0.016667,0.158333,0.487228,-0.2,0.679314,0.515643
volkan,2D_a1,137,137-144,0.508333,0.483333,0.433333,0.916667,0.708333,0.041667,0.0,0.614908,0.84,0.599987,0.49483
volkan,2D_a1,137,137-145,0.516667,0.241667,0.5,0.741667,0.516667,0.141667,0.0,0.702296,0.64,0.949661,0.667079
volkan,2D_a1,137,137-146,0.341667,0.066667,0.566667,0.633333,0.341667,0.225,0.0,0.75425,1.44,1.216663,0.620222
volkan,2D_a1,137,137-147,0.375,0.366667,0.258333,0.625,0.566667,0.025,0.091667,0.504727,-0.04,0.582844,0.378952
volkan,2D_a1,137,137-148,0.266667,0.35,0.166667,0.516667,0.425,0.016667,0.25,0.458118,-0.36,0.673934,0.589196
volkan,2D_a1,137,137-149,0.441667,0.533333,0.366667,0.9,0.7,0.0,0.0,0.572297,0.68,0.484512,0.408938
volkan,2D_a1,137,137-150,0.208333,0.275,0.191667,0.466667,0.4,0.0,0.35,0.418904,-0.6,0.737053,0.431761
volkan,2D_a1,137,137-151,0.0,0.0,0.175,0.175,0.0,0.633333,0.0,0.86038,1.52,1.905017,0.503116
volkan,2D_a1,137,137-152,0.0,0.0,0.0,0.0,0.0,1.0,0.0,0.978158,2.28,3.98964,0.653661
volkan,2D_a1,137,137-153,0.133333,0.341667,0.141667,0.483333,0.408333,0.016667,0.308333,0.421968,-0.48,0.688525,0.475827
volkan,2D_a1,137,137-154,0.0,0.0,0.158333,0.158333,0.0,0.625,0.0,0.865534,1.4,1.97213,0.572763
volkan,2D_a1,137,137-155,0.483333,0.158333,0.591667,0.75,0.483333,0.1,0.0,0.708222,1.08,0.952258,0.557585
volkan,2D_a1,137,137-156,0.4,0.45,0.375,0.825,0.6,0.025,0.0,0.57871,0.48,0.57509,0.473781
volkan,2D_a1,137,137-157,0.258333,0.066667,0.616667,0.683333,0.258333,0.191667,0.0,0.756253,1.28,1.216649,0.586799
volkan,2D_a1,137,137-158,0.25,0.033333,0.65,0.683333,0.25,0.175,0.0,0.759733,1.28,1.229499,0.559336
volkan,2D_a1,137,137-159,0.475,0.416667,0.425,0.841667,0.65,0.066667,0.0,0.644908,0.64,0.754328,0.696613
volkan,2D_a1,137,137-160,0.241667,0.375,0.108333,0.483333,0.425,0.016667,0.183333,0.446783,0.4,0.637506,0.414351
volkan,2D_a1,137,137-161,0.466667,0.491667,0.408333,0.9,0.666667,0.033333,0.0,0.617337,0.48,0.613918,0.530923
volkan,2D_a1,137,137-162,0.15,0.241667,0.158333,0.4,0.341667,0.016667,0.433333,0.38517,-0.44,0.835026,0.487972
volkan,2D_a1,137,137-163,0.541667,0.2,0.591667,0.791667,0.55,0.091667,0.0,0.702851,1.2,0.934221,0.59075
volkan,2D_a1,137,137-164,0.408333,0.408333,0.35,0.758333,0.683333,0.041667,0.025,0.547008,0.08,0.607587,0.60454
volkan,2D_a1,137,137-165,0.191667,0.016667,0.525,0.541667,0.191667,0.233333,0.0,0.781191,1.12,1.371598,0.611445
volkan,2D_a1,137,137-166,0.458333,0.466667,0.383333,0.85,0.683333,0.016667,0.0,0.597208,0.68,0.581556,0.48007
volkan,2D_a1,137,137-167,0.391667,0.425,0.275,0.7,0.616667,0.1,0.0,0.566079,0.16,0.664402,0.699857
volkan,2D_a1,137,137-168,0.316667,0.358333,0.091667,0.45,0.408333,0.0,0.266667,0.421716,0.08,0.65601,0.431532
volkan,2D_a1,137,137-169,0.591667,0.291667,0.516667,0.808333,0.616667,0.05,0.0,0.672572,1.12,0.783263,0.573105
volkan,2D_a1,137,137-170,0.475,0.425,0.425,0.85,0.641667,0.041667,0.0,0.634365,0.76,0.668215,0.518231
volkan,2D_a1,137,137-171,0.383333,0.358333,0.35,0.708333,0.616667,0.058333,0.016667,0.544345,0.08,0.597221,0.459583
volkan,2D_a1,137,137-172,0.391667,0.425,0.366667,0.791667,0.558333,0.058333,0.0,0.589187,0.4,0.626381,0.518292
volkan,2D_a1,137,137-173,0.266667,0.033333,0.633333,0.666667,0.266667,0.166667,0.0,0.757765,1.32,1.206071,0.51023
volkan,2D_a1,137,137-174,0.366667,0.358333,0.333333,0.691667,0.641667,0.041667,0.091667,0.525483,0.12,0.613812,0.457662
volkan,2D_a1,137,137-175,0.133333,0.325,0.141667,0.466667,0.375,0.008333,0.341667,0.41146,-0.52,0.761292,0.564931
volkan,2D_a1,137,137-176,0.408333,0.141667,0.583333,0.725,0.45,0.133333,0.0,0.71626,1.0,1.002501,0.590825
volkan,2D_a1,137,137-177,0.416667,0.416667,0.425,0.841667,0.591667,0.05,0.0,0.636499,0.36,0.715628,0.572466
volkan,2D_a1,137,137-178,0.166667,0.133333,0.116667,0.25,0.225,0.016667,0.466667,0.348995,-0.6,1.044795,0.608305
volkan,2D_a1,137,137-179,0.0,0.0,0.0,0.0,0.0,1.0,0.0,0.950107,2.08,3.070969,0.531748
volkan,2D_a1,137,137-180,0.283333,0.341667,0.225,0.566667,0.533333,0.025,0.15,0.47449,0.32,0.598501,0.408875
volkan,2D_a1,137,137-181,0.383333,0.433333,0.341667,0.775,0.633333,0.041667,0.0,0.566779,0.16,0.565911,0.471018
volkan,2D_a1,137,137-182,0.166667,0.216667,0.083333,0.3,0.291667,0.025,0.566667,0.330731,-1.04,1.120557,0.72537
volkan,2D_a1,137,137-183,0.375,0.416667,0.316667,0.733333,0.608333,0.05,0.0,0.560181,0.2,0.580975,0.484065
volkan,2D_a1,137,137-184,0.4,0.358333,0.158333,0.516667,0.458333,0.0,0.191667,0.460501,-0.28,0.592765,0.428825
volkan,2D_a1,137,137-185,0.375,0.416667,0.108333,0.525,0.475,0.0,0.116667,0.490351,-0.32,0.629403,0.443595
volkan,2D_a1,137,137-186,0.2,0.166667,0.175,0.341667,0.291667,0.008333,0.425,0.377004,-0.64,0.934503,0.534715
volkan,2D_a1,137,137-187,0.325,0.416667,0.266667,0.683333,0.575,0.008333,0.075,0.493787,0.52,0.523698,0.351355
volkan,2D_a1,137,137-188,0.366667,0.333333,0.225,0.558333,0.516667,0.008333,0.133333,0.477781,0.0,0.582464,0.469217
volkan,2D_a1,137,137-189,0.308333,0.358333,0.1,0.458333,0.391667,0.0,0.216667,0.458382,-0.12,0.655798,0.422835
volkan,2D_a1,137,137-190,0.283333,0.383333,0.133333,0.516667,0.433333,0.008333,0.183333,0.48548,-0.4,0.663327,0.489793
volkan,2D_a1,137,137-191,0.175,0.133333,0.15,0.283333,0.25,0.025,0.458333,0.360669,-0.52,1.050587,0.715393
volkan,2D_a1,137,137-192,0.075,0.166667,0.033333,0.2,0.191667,0.016667,0.683333,0.264147,-0.88,1.373994,0.781868
volkan,2D_a1,137,137-193,0.291667,0.4,0.083333,0.483333,0.458333,0.0,0.183333,0.460747,0.04,0.648153,0.421248
volkan,2D_a1,137,137-194,0.0,0.0,0.125,0.125,0.0,0.7,0.0,0.878312,1.92,2.103768,0.592414
volkan,2D_a1,137,137-195,0.55,0.308333,0.491667,0.8,0.608333,0.058333,0.0,0.672011,1.0,0.795627,0.585876
volkan,2D_a1,137,137-196,0.333333,0.391667,0.2,0.591667,0.508333,0.033333,0.091667,0.506543,-0.08,0.632284,0.444607
volkan,2D_a1,137,137-197,0.166667,0.166667,0.141667,0.308333,0.266667,0.0,0.408333,0.366776,-0.6,0.871984,0.476445
volkan,2D_a1,137,137-198,0.433333,0.391667,0.333333,0.725,0.641667,0.083333,0.008333,0.569281,-0.08,0.629164,0.523639
volkan,2D_a1,137,137-199,0.416667,0.466667,0.4,0.866667,0.616667,0.041667,0.0,0.595388,0.36,0.58104,0.512462
volkan,2D_a1,369,369-0,0.558333,0.491667,0.416667,0.908333,0.716667,0.025,0.0,0.6251,0.68,0.628597,0.551835
volkan,2D_a1,369,369-1,0.383333,0.5,0.35,0.85,0.666667,0.025,0.0,0.574129,0.64,0.540992,0.47681
volkan,2D_a1,369,369-2,0.141667,0.0,0.458333,0.458333,0.141667,0.3,0.0,0.80242,1.32,1.515499,0.642754
volkan,2D_a1,369,369-3,0.216667,0.375,0.141667,0.516667,0.441667,0.008333,0.225,0.463313,-0.4,0.663932,0.493169
volkan,2D_a1,369,369-4,0.433333,0.475,0.383333,0.858333,0.616667,0.041667,0.0,0.63247,0.52,0.685962,0.582145
volkan,2D_a1,369,369-5,0.483333,0.433333,0.433333,0.866667,0.683333,0.058333,0.0,0.627364,0.68,0.673895,0.584144
volkan,2D_a1,369,369-6,0.183333,0.358333,0.183333,0.541667,0.416667,0.016667,0.241667,0.45275,-0.48,0.699019,0.590146
volkan,2D_a1,369,369-7,0.458333,0.491667,0.366667,0.858333,0.65,0.05,0.0,0.625815,0.64,0.654814,0.605523
volkan,2D_a1,369,369-8,0.375,0.458333,0.391667,0.85,0.583333,0.058333,0.0,0.59703,0.28,0.658122,0.681719
volkan,2D_a1,369,369-9,0.0,0.0,0.066667,0.066667,0.0,0.716667,0.0,0.886692,2.0,2.178801,0.571545
volkan,2D_a1,369,369-10,0.475,0.091667,0.675,0.766667,0.475,0.108333,0.0,0.724814,1.16,1.037492,0.555318
volkan,2D_a1,369,369-11,0.016667,0.033333,0.016667,0.05,0.033333,0.016667,0.883333,0.13276,-1.96,2.600828,1.180362
volkan,2D_a1,369,369-12,0.333333,0.4,0.166667,0.566667,0.516667,0.008333,0.1,0.488056,0.04,0.589682,0.378097
volkan,2D_a1,369,369-13,0.441667,0.491667,0.366667,0.858333,0.666667,0.041667,0.0,0.604195,0.72,0.605521,0.553972
volkan,2D_a1,369,369-14,0.008333,0.058333,0.0,0.058333,0.058333,0.0,0.875,0.136996,-1.64,2.27412,1.028254
volkan,2D_a1,369,369-15,0.033333,0.066667,0.025,0.091667,0.083333,0.033333,0.766667,0.202024,-1.72,2.004945,1.038237
volkan,2D_a1,369,369-16,0.466667,0.483333,0.416667,0.9,0.675,0.025,0.0,0.609071,0.64,0.599255,0.490626
volkan,2D_a1,369,369-17,0.116667,0.166667,0.058333,0.225,0.208333,0.025,0.65,0.289761,-0.92,1.310136,0.811655
volkan,2D_a1,369,369-18,0.066667,0.0,0.333333,0.333333,0.066667,0.416667,0.0,0.82447,1.76,1.628296,0.511278
volkan,2D_a1,369,369-19,0.291667,0.341667,0.158333,0.5,0.425,0.0,0.208333,0.464602,-0.32,0.63152,0.440295
volkan,2D_a1,369,369-20,0.375,0.475,0.35,0.825,0.683333,0.008333,0.0,0.542858,0.48,0.485314,0.374996
volkan,2D_a1,369,369-21,0.233333,0.05,0.558333,0.608333,0.233333,0.233333,0.0,0.771594,1.36,1.31648,0.621909
volkan,2D_a1,369,369-22,0.366667,0.275,0.366667,0.641667,0.583333,0.008333,0.058333,0.512272,0.04,0.558386,0.352727
volkan,2D_a1,369,369-23,0.183333,0.0,0.566667,0.566667,0.183333,0.191667,0.0,0.778539,1.44,1.329215,0.517973
volkan,2D_a1,369,369-24,0.333333,0.391667,0.133333,0.525,0.475,0.05,0.116667,0.504513,-0.28,0.726604,0.757813
volkan,2D_a1,369,369-25,0.316667,0.325,0.241667,0.566667,0.525,0.008333,0.125,0.483578,0.2,0.590995,0.407356
volkan,2D_a1,369,369-26,0.2,0.0,0.575,0.575,0.2,0.208333,0.0,0.780475,1.28,1.353088,0.562441
volkan,2D_a1,369,369-27,0.308333,0.333333,0.183333,0.516667,0.475,0.041667,0.125,0.505912,-0.12,0.730458,0.706534
volkan,2D_a1,369,369-28,0.083333,0.35,0.141667,0.491667,0.4,0.008333,0.408333,0.39853,-0.28,0.744836,0.464137
volkan,2D_a1,369,369-29,0.525,0.525,0.366667,0.891667,0.725,0.025,0.0,0.609589,0.8,0.584216,0.505572
volkan,2D_a1,369,369-30,0.508333,0.291667,0.491667,0.783333,0.558333,0.075,0.0,0.682455,0.72,0.850685,0.62796
volkan,2D_a1,369,369-31,0.358333,0.441667,0.316667,0.758333,0.616667,0.05,0.0,0.566585,0.28,0.585266,0.502168
volkan,2D_a1,369,369-32,0.358333,0.35,0.166667,0.516667,0.491667,0.025,0.108333,0.494537,-0.08,0.619486,0.529541
volkan,2D_a1,369,369-33,0.066667,0.141667,0.05,0.191667,0.158333,0.008333,0.716667,0.253709,-0.8,1.459497,0.790845
volkan,2D_a1,369,369-34,0.325,0.391667,0.116667,0.508333,0.45,0.016667,0.141667,0.466877,0.12,0.580699,0.353934
volkan,2D_a1,369,369-35,0.383333,0.425,0.333333,0.758333,0.6,0.033333,0.0,0.559,0.44,0.574966,0.485358
volkan,2D_a1,369,369-36,0.308333,0.383333,0.175,0.558333,0.516667,0.008333,0.141667,0.486166,0.0,0.661683,0.561308
volkan,2D_a1,369,369-37,0.45,0.216667,0.55,0.766667,0.475,0.116667,0.0,0.700706,1.24,0.929294,0.604827
volkan,2D_a1,369,369-38,0.408333,0.516667,0.358333,0.875,0.658333,0.016667,0.0,0.573595,0.52,0.524356,0.442849
volkan,2D_a1,369,369-39,0.458333,0.341667,0.5,0.841667,0.625,0.108333,0.0,0.657421,1.04,0.774843,0.632237
volkan,2D_a1,369,369-40,0.491667,0.291667,0.483333,0.775,0.558333,0.091667,0.0,0.684952,0.6,0.866131,0.621065
volkan,2D_a1,369,369-41,0.333333,0.358333,0.125,0.483333,0.433333,0.0,0.183333,0.459795,0.0,0.619843,0.384683
volkan,2D_a1,369,369-42,0.341667,0.375,0.141667,0.516667,0.425,0.0,0.15,0.482401,-0.24,0.63449,0.424417
volkan,2D_a1,369,369-43,0.233333,0.175,0.2,0.375,0.35,0.033333,0.408333,0.399141,-0.68,0.943299,0.652908
volkan,2D_a1,369,369-44,0.275,0.383333,0.133333,0.516667,0.441667,0.008333,0.233333,0.453985,-0.24,0.671517,0.486082
volkan,2D_a1,369,369-45,0.416667,0.416667,0.333333,0.75,0.675,0.075,0.0,0.572134,0.0,0.61326,0.514438
volkan,2D_a1,369,369-46,0.525,0.35,0.5,0.85,0.608333,0.075,0.0,0.667392,0.56,0.797824,0.637862
volkan,2D_a1,369,369-47,0.158333,0.308333,0.2,0.508333,0.4,0.016667,0.308333,0.45008,-0.56,0.754951,0.511113
volkan,2D_a1,369,369-48,0.375,0.45,0.366667,0.816667,0.583333,0.041667,0.0,0.595173,0.24,0.615169,0.504768
volkan,2D_a1,369,369-49,0.175,0.15,0.1,0.25,0.241667,0.016667,0.575,0.323402,-0.76,1.083466,0.631759
volkan,2D_a1,369,369-50,0.15,0.183333,0.15,0.333333,0.266667,0.016667,0.375,0.382312,-0.68,0.888816,0.561356
volkan,2D_a1,369,369-51,0.5,0.416667,0.4,0.816667,0.691667,0.058333,0.0,0.628187,0.84,0.695395,0.625007
volkan,2D_a1,369,369-52,0.025,0.0,0.35,0.35,0.025,0.491667,0.0,0.830622,1.92,1.681524,0.534379
volkan,2D_a1,369,369-53,0.475,0.183333,0.55,0.733333,0.483333,0.141667,0.0,0.71687,0.76,1.012284,0.618562
volkan,2D_a1,369,369-54,0.35,0.366667,0.091667,0.458333,0.425,0.0,0.166667,0.46413,-0.12,0.628259,0.423083
volkan,2D_a1,369,369-55,0.366667,0.075,0.666667,0.741667,0.366667,0.15,0.0,0.735221,1.24,1.101024,0.598221
volkan,2D_a1,369,369-56,0.458333,0.466667,0.416667,0.883333,0.658333,0.033333,0.0,0.622043,0.4,0.643236,0.535197
volkan,2D_a1,369,369-57,0.358333,0.4,0.108333,0.508333,0.433333,0.025,0.116667,0.492143,-0.24,0.677905,0.599641
volkan,2D_a1,369,369-58,0.175,0.183333,0.191667,0.375,0.3,0.058333,0.325,0.430207,-0.8,0.982169,0.816995
volkan,2D_a1,369,369-59,0.458333,0.466667,0.391667,0.858333,0.683333,0.058333,0.0,0.614162,0.52,0.652019,0.611857
volkan,2D_a1,369,369-60,0.375,0.4,0.316667,0.716667,0.683333,0.025,0.083333,0.4984,0.16,0.556912,0.352349
volkan,2D_a1,369,369-61,0.133333,0.183333,0.05,0.233333,0.216667,0.016667,0.641667,0.28846,-0.96,1.266579,0.776503
volkan,2D_a1,369,369-62,0.441667,0.483333,0.433333,0.916667,0.616667,0.041667,0.0,0.630396,0.32,0.652695,0.560724
volkan,2D_a1,369,369-63,0.166667,0.216667,0.075,0.291667,0.266667,0.025,0.55,0.328475,-1.08,1.180579,0.746298
volkan,2D_a1,369,369-64,0.35,0.4,0.133333,0.533333,0.516667,0.0,0.15,0.475258,0.0,0.596582,0.379407
volkan,2D_a1,369,369-65,0.425,0.1,0.633333,0.733333,0.425,0.133333,0.0,0.733908,1.12,1.088562,0.566227
volkan,2D_a1,369,369-66,0.175,0.258333,0.183333,0.441667,0.358333,0.016667,0.333333,0.414173,-0.64,0.793254,0.558506
volkan,2D_a1,369,369-67,0.216667,0.033333,0.566667,0.6,0.216667,0.191667,0.0,0.769556,1.32,1.296512,0.595174
volkan,2D_a1,369,369-68,0.525,0.175,0.583333,0.758333,0.525,0.091667,0.0,0.702783,0.8,0.924582,0.55698
volkan,2D_a1,369,369-69,0.15,0.166667,0.116667,0.283333,0.266667,0.0,0.441667,0.342068,-0.48,0.941615,0.534607
volkan,2D_a1,369,369-70,0.15,0.008333,0.575,0.583333,0.15,0.233333,0.0,0.785874,1.36,1.373658,0.5161
volkan,2D_a1,369,369-71,0.3,0.383333,0.141667,0.525,0.483333,0.016667,0.1,0.495782,-0.08,0.645113,0.433112
volkan,2D_a1,369,369-72,0.208333,0.325,0.183333,0.508333,0.383333,0.016667,0.241667,0.465812,-0.44,0.740451,0.615394
volkan,2D_a1,369,369-73,0.525,0.325,0.491667,0.816667,0.616667,0.083333,0.0,0.669151,0.68,0.809959,0.59574
volkan,2D_a1,369,369-74,0.025,0.0,0.275,0.275,0.025,0.433333,0.0,0.839595,1.44,1.741052,0.514812
volkan,2D_a1,369,369-75,0.516667,0.208333,0.616667,0.825,0.541667,0.075,0.0,0.686545,1.24,0.845343,0.55012
volkan,2D_a1,369,369-76,0.416667,0.466667,0.366667,0.833333,0.625,0.041667,0.0,0.604479,0.52,0.638564,0.5558
volkan,2D_a1,369,369-77,0.541667,0.308333,0.475,0.783333,0.591667,0.058333,0.0,0.676413,0.76,0.816511,0.598397
volkan,2D_a1,369,369-78,0.45,0.116667,0.6,0.716667,0.45,0.141667,0.0,0.729884,1.12,1.075727,0.597689
volkan,2D_a1,369,369-79,0.0,0.0,0.0,0.0,0.0,0.875,0.0,0.909893,2.04,2.415979,0.508312
volkan,2D_a1,369,369-80,0.516667,0.241667,0.55,0.791667,0.541667,0.075,0.0,0.690595,0.84,0.875769,0.578283
volkan,2D_a1,369,369-81,0.408333,0.483333,0.4,0.883333,0.641667,0.041667,0.0,0.606547,0.36,0.620696,0.539264
volkan,2D_a1,369,369-82,0.116667,0.0,0.508333,0.508333,0.116667,0.3,0.0,0.798145,1.16,1.45839,0.541063
volkan,2D_a1,369,369-83,0.291667,0.358333,0.141667,0.5,0.408333,0.0,0.233333,0.451617,-0.24,0.627157,0.43876
volkan,2D_a1,369,369-84,0.166667,0.0,0.533333,0.533333,0.166667,0.208333,0.0,0.787149,1.6,1.381252,0.513877
volkan,2D_a1,369,369-85,0.0,0.0,0.058333,0.058333,0.0,0.783333,0.0,0.901384,2.12,2.34828,0.586377
volkan,2D_a1,369,369-86,0.191667,0.358333,0.133333,0.491667,0.4,0.008333,0.308333,0.42813,-0.32,0.705409,0.478123
volkan,2D_a1,369,369-87,0.441667,0.1,0.666667,0.766667,0.441667,0.1,0.0,0.722879,1.28,1.014922,0.502331
volkan,2D_a1,369,369-88,0.35,0.1,0.658333,0.758333,0.35,0.133333,0.0,0.737365,1.44,1.095675,0.522199
volkan,2D_a1,369,369-89,0.2,0.2,0.158333,0.358333,0.35,0.016667,0.425,0.378528,-0.56,0.895546,0.56473
volkan,2D_a1,369,369-90,0.083333,0.158333,0.05,0.208333,0.2,0.05,0.675,0.278074,-1.16,1.51622,0.881393
volkan,2D_a1,369,369-91,0.0,0.0,0.0,0.0,0.0,1.0,0.0,0.950943,2.2,3.116408,0.595596
volkan,2D_a1,369,369-92,0.066667,0.141667,0.058333,0.2,0.166667,0.025,0.675,0.257268,-1.2,1.552206,0.885787
volkan,2D_a1,369,369-93,0.066667,0.0,0.275,0.275,0.066667,0.416667,0.0,0.82865,1.6,1.644454,0.464465
volkan,2D_a1,369,369-94,0.0,0.0,0.125,0.125,0.0,0.666667,0.0,0.868978,1.72,1.971649,0.474152
volkan,2D_a1,369,369-95,0.133333,0.208333,0.175,0.383333,0.291667,0.008333,0.425,0.388461,-0.56,0.892751,0.551663
volkan,2D_a1,369,369-96,0.316667,0.35,0.233333,0.583333,0.541667,0.016667,0.141667,0.480484,0.24,0.610932,0.394082
volkan,2D_a1,369,369-97,0.075,0.175,0.016667,0.191667,0.175,0.041667,0.666667,0.280537,-1.04,1.399183,0.817753
volkan,2D_a1,369,369-98,0.366667,0.391667,0.108333,0.5,0.45,0.008333,0.158333,0.468776,-0.16,0.620745,0.435742
volkan,2D_a1,369,369-99,0.041667,0.083333,0.008333,0.091667,0.091667,0.041667,0.766667,0.20359,-1.44,1.934832,0.993216
volkan,2D_a1,369,369-100,0.0,0.0,0.0,0.0,0.0,0.983333,0.0,0.928073,2.28,2.70915,0.605764
volkan,2D_a1,369,369-101,0.233333,0.316667,0.141667,0.458333,0.4,0.0,0.25,0.430763,-0.24,0.681651,0.476996
volkan,2D_a1,369,369-102,0.325,0.425,0.108333,0.533333,0.5,0.0,0.083333,0.501222,-0.16,0.622847,0.431533
volkan,2D_a1,369,369-103,0.075,0.125,0.033333,0.158333,0.15,0.033333,0.666667,0.254536,-0.96,1.519412,0.832519
volkan,2D_a1,369,369-104,0.366667,0.083333,0.666667,0.75,0.366667,0.125,0.0,0.73833,1.4,1.098945,0.512073
volkan,2D_a1,369,369-105,0.458333,0.466667,0.4,0.866667,0.65,0.083333,0.0,0.634041,0.76,0.665747,0.607293
volkan,2D_a1,369,369-106,0.258333,0.05,0.583333,0.633333,0.258333,0.241667,0.0,0.771933,1.2,1.313827,0.601209
volkan,2D_a1,369,369-107,0.408333,0.475,0.383333,0.858333,0.658333,0.075,0.0,0.617831,0.32,0.671963,0.608018
volkan,2D_a1,369,369-108,0.366667,0.425,0.316667,0.741667,0.65,0.033333,0.008333,0.540295,0.2,0.563923,0.425087
volkan,2D_a1,369,369-109,0.358333,0.425,0.358333,0.783333,0.6,0.033333,0.025,0.55665,0.32,0.558564,0.466891
volkan,2D_a1,369,369-110,0.0,0.0,0.125,0.125,0.0,0.666667,0.0,0.876931,1.6,2.102245,0.633747
volkan,2D_a1,369,369-111,0.491667,0.308333,0.45,0.758333,0.6,0.083333,0.0,0.677933,0.56,0.850236,0.6439
volkan,2D_a1,369,369-112,0.15,0.266667,0.225,0.491667,0.408333,0.008333,0.408333,0.406082,-0.4,0.808356,0.464052
volkan,2D_a1,369,369-113,0.533333,0.475,0.4,0.875,0.683333,0.066667,0.0,0.634969,0.72,0.676094,0.601635
volkan,2D_a1,369,369-114,0.433333,0.458333,0.391667,0.85,0.616667,0.05,0.0,0.622734,0.52,0.67452,0.561288
volkan,2D_a1,369,369-115,0.341667,0.375,0.091667,0.466667,0.408333,0.008333,0.183333,0.454132,-0.08,0.64834,0.555664
volkan,2D_a1,369,369-116,0.375,0.475,0.35,0.825,0.633333,0.033333,0.0,0.569815,0.44,0.543425,0.464032
volkan,2D_a1,369,369-117,0.208333,0.225,0.241667,0.466667,0.366667,0.016667,0.333333,0.430349,-0.76,0.863371,0.55395
volkan,2D_a1,369,369-118,0.3,0.075,0.558333,0.633333,0.3,0.216667,0.0,0.758997,1.28,1.250223,0.641947
volkan,2D_a1,369,369-119,0.391667,0.108333,0.616667,0.725,0.391667,0.158333,0.0,0.731404,1.04,1.091291,0.632842
volkan,2D_a1,369,369-120,0.166667,0.191667,0.033333,0.225,0.225,0.016667,0.591667,0.306151,-0.76,1.10416,0.662495
volkan,2D_a1,369,369-121,0.191667,0.158333,0.158333,0.316667,0.275,0.025,0.483333,0.365623,-0.96,1.042852,0.642595
volkan,2D_a1,369,369-122,0.308333,0.05,0.616667,0.666667,0.308333,0.175,0.0,0.754349,1.32,1.206246,0.589576
volkan,2D_a1,369,369-123,0.091667,0.0,0.35,0.35,0.091667,0.383333,0.0,0.82113,1.52,1.622494,0.567076
volkan,2D_a1,369,369-124,0.083333,0.15,0.041667,0.191667,0.175,0.008333,0.7,0.235171,-1.24,1.545296,0.870325
volkan,2D_a1,369,369-125,0.225,0.0,0.566667,0.566667,0.225,0.2,0.0,0.774875,1.48,1.317127,0.552684
volkan,2D_a1,369,369-126,0.45,0.141667,0.633333,0.775,0.458333,0.133333,0.0,0.713052,1.16,0.983675,0.585103
volkan,2D_a1,369,369-127,0.108333,0.0,0.475,0.475,0.108333,0.375,0.0,0.810827,1.4,1.56789,0.627095
volkan,2D_a1,369,369-128,0.583333,0.383333,0.491667,0.875,0.65,0.033333,0.0,0.651249,0.72,0.691945,0.536252
volkan,2D_a1,369,369-129,0.0,0.0,0.083333,0.083333,0.0,0.75,0.0,0.889881,2.0,2.226064,0.61164
volkan,2D_a1,369,369-130,0.458333,0.191667,0.55,0.741667,0.458333,0.141667,0.0,0.719412,1.0,1.023996,0.61402
volkan,2D_a1,369,369-131,0.508333,0.291667,0.525,0.816667,0.575,0.083333,0.0,0.679098,0.84,0.839365,0.62471
volkan,2D_a1,369,369-132,0.541667,0.308333,0.508333,0.816667,0.616667,0.083333,0.0,0.670285,0.96,0.797586,0.58524
volkan,2D_a1,369,369-133,0.166667,0.158333,0.125,0.283333,0.241667,0.0,0.608333,0.317569,-0.92,1.131742,0.63887
volkan,2D_a1,369,369-134,0.491667,0.45,0.441667,0.891667,0.691667,0.05,0.0,0.615801,1.08,0.608811,0.536686
volkan,2D_a1,369,369-135,0.0,0.0,0.0,0.0,0.0,0.841667,0.0,0.911324,1.96,2.478609,0.62262
volkan,2D_a1,369,369-136,0.041667,0.0,0.3,0.3,0.041667,0.483333,0.0,0.833352,1.8,1.702674,0.541998
volkan,2D_a1,369,369-137,0.233333,0.35,0.116667,0.466667,0.408333,0.008333,0.283333,0.444321,-0.24,0.70149,0.594059
volkan,2D_a1,369,369-138,0.175,0.041667,0.5,0.541667,0.175,0.2,0.0,0.775319,1.56,1.331619,0.602839
volkan,2D_a1,369,369-139,0.55,0.333333,0.491667,0.825,0.608333,0.075,0.0,0.670044,1.08,0.783913,0.58213
volkan,2D_a1,369,369-140,0.125,0.183333,0.091667,0.275,0.25,0.008333,0.575,0.311356,-0.96,1.16051,0.703841
volkan,2D_a1,369,369-141,0.341667,0.325,0.208333,0.533333,0.491667,0.0,0.125,0.469312,0.12,0.571993,0.324307
volkan,2D_a1,369,369-142,0.1,0.191667,0.075,0.266667,0.216667,0.025,0.616667,0.302776,-1.12,1.328629,0.792238
volkan,2D_a1,369,369-143,0.25,0.033333,0.633333,0.666667,0.25,0.2,0.0,0.762325,1.32,1.253144,0.595997
volkan,2D_a1,369,369-144,0.383333,0.425,0.3,0.725,0.691667,0.033333,0.016667,0.528455,0.2,0.542501,0.404472
volkan,2D_a1,369,369-145,0.191667,0.175,0.158333,0.333333,0.3,0.016667,0.433333,0.37699,-0.84,0.938282,0.580225
volkan,2D_a1,369,369-146,0.525,0.4,0.441667,0.841667,0.65,0.066667,0.0,0.650123,0.84,0.720958,0.55437
volkan,2D_a1,369,369-147,0.4,0.475,0.408333,0.883333,0.641667,0.041667,0.0,0.603853,0.4,0.619334,0.523501
volkan,2D_a1,369,369-148,0.175,0.333333,0.175,0.508333,0.408333,0.016667,0.291667,0.448026,-0.52,0.737685,0.519483
volkan,2D_a1,369,369-149,0.208333,0.008333,0.591667,0.6,0.208333,0.216667,0.0,0.776487,1.28,1.32713,0.553302
volkan,2D_a1,369,369-150,0.525,0.233333,0.558333,0.791667,0.55,0.091667,0.0,0.689792,0.76,0.859498,0.545904
volkan,2D_a1,369,369-151,0.391667,0.391667,0.291667,0.683333,0.641667,0.05,0.05,0.525669,0.12,0.576666,0.430302
volkan,2D_a1,369,369-152,0.483333,0.483333,0.391667,0.875,0.7,0.033333,0.0,0.608333,0.72,0.601818,0.521082
volkan,2D_a1,369,369-153,0.125,0.0,0.441667,0.441667,0.125,0.308333,0.0,0.798348,1.4,1.479232,0.601465
volkan,2D_a1,369,369-154,0.066667,0.108333,0.025,0.133333,0.133333,0.016667,0.766667,0.217298,-1.24,1.700525,0.872307
volkan,2D_a1,369,369-155,0.066667,0.0,0.441667,0.441667,0.066667,0.358333,0.0,0.812497,1.56,1.55341,0.541854
volkan,2D_a1,369,369-156,0.141667,0.241667,0.208333,0.45,0.341667,0.025,0.333333,0.42114,-0.72,0.837509,0.572277
volkan,2D_a1,369,369-157,0.341667,0.4,0.175,0.575,0.5,0.025,0.066667,0.513659,-0.24,0.625789,0.43012
volkan,2D_a1,369,369-158,0.375,0.05,0.641667,0.691667,0.375,0.183333,0.0,0.744752,0.92,1.144012,0.549399
volkan,2D_a1,369,369-159,0.366667,0.333333,0.308333,0.641667,0.591667,0.05,0.066667,0.517556,0.16,0.605193,0.448826
volkan,2D_a1,369,369-160,0.016667,0.0,0.266667,0.266667,0.016667,0.441667,0.0,0.834801,1.76,1.704387,0.515278
volkan,2D_a1,369,369-161,0.216667,0.383333,0.15,0.533333,0.433333,0.0,0.308333,0.428596,-0.32,0.650146,0.457809
volkan,2D_a1,369,369-162,0.408333,0.408333,0.283333,0.691667,0.65,0.058333,0.008333,0.539448,0.04,0.625702,0.617686
volkan,2D_a1,369,369-163,0.025,0.091667,0.008333,0.1,0.1,0.025,0.766667,0.194886,-1.52,2.012903,1.0397
volkan,2D_a1,369,369-164,0.133333,0.0,0.508333,0.508333,0.133333,0.258333,0.0,0.793304,1.32,1.43183,0.556807
volkan,2D_a1,369,369-165,0.166667,0.141667,0.133333,0.275,0.241667,0.025,0.458333,0.365376,-0.8,1.016798,0.6739
volkan,2D_a1,369,369-166,0.0,0.0,0.183333,0.183333,0.0,0.608333,0.0,0.85712,1.8,1.905862,0.580854
volkan,2D_a1,369,369-167,0.45,0.125,0.625,0.75,0.466667,0.15,0.0,0.720897,0.92,1.030622,0.60702
volkan,2D_a1,369,369-168,0.075,0.0,0.366667,0.366667,0.075,0.391667,0.0,0.819776,1.76,1.587421,0.483453
volkan,2D_a1,369,369-169,0.333333,0.316667,0.208333,0.525,0.483333,0.025,0.15,0.486396,0.04,0.616687,0.41656
volkan,2D_a1,369,369-170,0.525,0.266667,0.491667,0.758333,0.558333,0.075,0.0,0.683528,0.84,0.862358,0.657334
volkan,2D_a1,369,369-171,0.325,0.383333,0.191667,0.575,0.525,0.016667,0.116667,0.500823,-0.12,0.631055,0.427503
volkan,2D_a1,369,369-172,0.391667,0.425,0.366667,0.791667,0.633333,0.041667,0.0,0.576195,0.16,0.575349,0.503302
volkan,2D_a1,369,369-173,0.375,0.45,0.4,0.85,0.566667,0.033333,0.0,0.59193,0.12,0.579799,0.511025
volkan,2D_a1,369,369-174,0.441667,0.466667,0.383333,0.85,0.658333,0.066667,0.0,0.626311,0.76,0.706401,0.636907
volkan,2D_a1,369,369-175,0.366667,0.416667,0.166667,0.583333,0.5,0.008333,0.091667,0.485171,-0.08,0.5604,0.326951
volkan,2D_a1,369,369-176,0.508333,0.391667,0.466667,0.858333,0.65,0.041667,0.0,0.655433,0.64,0.747095,0.589505
volkan,2D_a1,369,369-177,0.275,0.016667,0.516667,0.533333,0.275,0.283333,0.0,0.775394,1.4,1.358204,0.673727
volkan,2D_a1,369,369-178,0.291667,0.366667,0.108333,0.475,0.391667,0.016667,0.158333,0.476908,-0.08,0.656931,0.434802
volkan,2D_a1,369,369-179,0.175,0.116667,0.108333,0.225,0.208333,0.008333,0.558333,0.316712,-0.64,1.09271,0.586343
volkan,2D_a1,369,369-180,0.516667,0.458333,0.425,0.883333,0.7,0.05,0.0,0.627037,0.64,0.651067,0.594245
volkan,2D_a1,369,369-181,0.475,0.458333,0.391667,0.85,0.633333,0.05,0.0,0.629938,0.64,0.647983,0.575285
volkan,2D_a1,369,369-182,0.55,0.241667,0.541667,0.783333,0.575,0.091667,0.0,0.684498,0.84,0.846081,0.560786
volkan,2D_a1,369,369-183,0.391667,0.491667,0.358333,0.85,0.65,0.041667,0.0,0.590661,0.56,0.611653,0.542941
volkan,2D_a1,369,369-184,0.366667,0.416667,0.3,0.716667,0.616667,0.083333,0.025,0.558831,0.24,0.626852,0.540055
volkan,2D_a1,369,369-185,0.208333,0.183333,0.125,0.308333,0.283333,0.025,0.491667,0.351225,-0.96,1.05851,0.710521
volkan,2D_a1,369,369-186,0.358333,0.391667,0.125,0.516667,0.45,0.0,0.141667,0.478271,-0.2,0.622465,0.404467
volkan,2D_a1,369,369-187,0.366667,0.433333,0.266667,0.7,0.641667,0.05,0.033333,0.537239,0.28,0.575433,0.468956
volkan,2D_a1,369,369-188,0.183333,0.366667,0.15,0.516667,0.408333,0.0,0.291667,0.426897,-0.24,0.688228,0.456848
volkan,2D_a1,369,369-189,0.433333,0.458333,0.358333,0.816667,0.675,0.033333,0.0,0.59974,0.64,0.60762,0.526326
volkan,2D_a1,369,369-190,0.508333,0.35,0.5,0.85,0.616667,0.108333,0.0,0.661059,1.0,0.774993,0.589214
volkan,2D_a1,369,369-191,0.441667,0.466667,0.391667,0.858333,0.65,0.041667,0.0,0.603135,0.64,0.608635,0.573542
volkan,2D_a1,369,369-192,0.35,0.358333,0.208333,0.566667,0.525,0.041667,0.066667,0.513543,-0.16,0.610255,0.435585
volkan,2D_a1,369,369-193,0.325,0.441667,0.316667,0.758333,0.541667,0.05,0.025,0.577768,0.24,0.650111,0.57282
volkan,2D_a1,369,369-194,0.558333,0.35,0.466667,0.816667,0.616667,0.083333,0.0,0.669304,0.8,0.788144,0.603078
volkan,2D_a1,369,369-195,0.025,0.05,0.008333,0.058333,0.058333,0.033333,0.825,0.177853,-1.52,2.094156,1.018417
volkan,2D_a1,369,369-196,0.366667,0.366667,0.291667,0.658333,0.616667,0.016667,0.075,0.496175,0.2,0.550801,0.351795
volkan,2D_a1,369,369-197,0.141667,0.208333,0.066667,0.275,0.241667,0.041667,0.616667,0.328563,-1.04,1.266558,0.786029
volkan,2D_a1,369,369-198,0.516667,0.325,0.475,0.8,0.616667,0.091667,0.0,0.667933,0.84,0.779619,0.589306
volkan,2D_a1,369,369-199,0.091667,0.158333,0.058333,0.216667,0.208333,0.016667,0.675,0.253811,-1.16,1.486362,0.898337
volkan,2D_a1,1024,1024-0,0.341667,0.383333,0.191667,0.575,0.525,0.025,0.116667,0.511567,-0.16,0.629993,0.427533
volkan,2D_a1,1024,1024-1,0.391667,0.425,0.325,0.75,0.675,0.075,0.0,0.570362,0.08,0.611244,0.558208
volkan,2D_a1,1024,1024-2,0.0,0.0,0.0,0.0,0.0,0.933333,0.0,0.926577,2.2,2.687422,0.607883
volkan,2D_a1,1024,1024-3,0.425,0.55,0.383333,0.933333,0.7,0.016667,0.0,0.592164,0.6,0.544887,0.464201
volkan,2D_a1,1024,1024-4,0.066667,0.0,0.283333,0.283333,0.066667,0.525,0.0,0.840445,1.56,1.774715,0.59009
volkan,2D_a1,1024,1024-5,0.433333,0.291667,0.45,0.741667,0.516667,0.15,0.0,0.686419,0.48,0.891405,0.682992
volkan,2D_a1,1024,1024-6,0.383333,0.375,0.308333,0.683333,0.583333,0.075,0.025,0.551656,0.08,0.618518,0.497764
volkan,2D_a1,1024,1024-7,0.275,0.375,0.158333,0.533333,0.433333,0.008333,0.241667,0.455597,-0.32,0.645185,0.467155
volkan,2D_a1,1024,1024-8,0.35,0.333333,0.366667,0.7,0.641667,0.025,0.066667,0.513688,0.2,0.554194,0.357093
volkan,2D_a1,1024,1024-9,0.533333,0.333333,0.483333,0.816667,0.608333,0.058333,0.0,0.67571,0.56,0.818622,0.613775
volkan,2D_a1,1024,1024-10,0.183333,0.15,0.116667,0.266667,0.258333,0.025,0.533333,0.335369,-0.76,1.071226,0.664983
volkan,2D_a1,1024,1024-11,0.341667,0.333333,0.25,0.583333,0.541667,0.058333,0.1,0.502454,0.32,0.598975,0.441858
volkan,2D_a1,1024,1024-12,0.025,0.0,0.225,0.225,0.025,0.541667,0.0,0.84982,1.76,1.843605,0.574562
volkan,2D_a1,1024,1024-13,0.45,0.15,0.583333,0.733333,0.45,0.183333,0.0,0.72993,0.72,1.103879,0.695759
volkan,2D_a1,1024,1024-14,0.491667,0.458333,0.433333,0.891667,0.65,0.033333,0.0,0.633096,0.48,0.64781,0.538432
volkan,2D_a1,1024,1024-15,0.35,0.383333,0.266667,0.65,0.616667,0.033333,0.066667,0.503984,0.32,0.548125,0.391636
volkan,2D_a1,1024,1024-16,0.108333,0.333333,0.158333,0.491667,0.375,0.016667,0.375,0.417014,-0.24,0.785937,0.621026
volkan,2D_a1,1024,1024-17,0.0,0.0,0.075,0.075,0.0,0.825,0.0,0.898536,1.88,2.315268,0.597655
volkan,2D_a1,1024,1024-18,0.533333,0.241667,0.558333,0.8,0.566667,0.1,0.0,0.690466,1.04,0.885439,0.62355
volkan,2D_a1,1024,1024-19,0.1,0.233333,0.2,0.433333,0.316667,0.025,0.391667,0.410943,-0.52,0.905795,0.628853
volkan,2D_a1,1024,1024-20,0.25,0.366667,0.116667,0.483333,0.441667,0.0,0.325,0.411803,-0.08,0.614491,0.462796
volkan,2D_a1,1024,1024-21,0.325,0.416667,0.091667,0.508333,0.458333,0.008333,0.108333,0.497351,-0.24,0.665651,0.544514
volkan,2D_a1,1024,1024-22,0.366667,0.291667,0.283333,0.575,0.533333,0.025,0.083333,0.506177,-0.04,0.596674,0.393576
volkan,2D_a1,1024,1024-23,0.525,0.241667,0.591667,0.833333,0.55,0.091667,0.0,0.690693,1.16,0.880928,0.597813
volkan,2D_a1,1024,1024-24,0.2,0.016667,0.45,0.466667,0.2,0.316667,0.0,0.796465,1.48,1.475482,0.627048
volkan,2D_a1,1024,1024-25,0.366667,0.408333,0.325,0.733333,0.625,0.041667,0.0,0.556653,0.2,0.566243,0.465079
volkan,2D_a1,1024,1024-26,0.225,0.0,0.558333,0.558333,0.225,0.216667,0.0,0.779688,1.28,1.354859,0.582992
volkan,2D_a1,1024,1024-27,0.183333,0.175,0.133333,0.308333,0.283333,0.016667,0.4,0.378869,-0.64,0.908073,0.578913
volkan,2D_a1,1024,1024-28,0.558333,0.308333,0.525,0.833333,0.625,0.05,0.0,0.671384,1.08,0.775916,0.532631
volkan,2D_a1,1024,1024-29,0.466667,0.191667,0.616667,0.808333,0.483333,0.1,0.0,0.699766,1.28,0.910131,0.555176
volkan,2D_a1,1024,1024-30,0.175,0.0,0.5,0.5,0.175,0.325,0.0,0.795598,1.6,1.460933,0.603232
volkan,2D_a1,1024,1024-31,0.316667,0.066667,0.55,0.616667,0.316667,0.216667,0.0,0.761513,1.36,1.278338,0.689088
volkan,2D_a1,1024,1024-32,0.25,0.066667,0.591667,0.658333,0.25,0.133333,0.0,0.753282,1.6,1.18698,0.538017
volkan,2D_a1,1024,1024-33,0.116667,0.133333,0.041667,0.175,0.175,0.033333,0.683333,0.268008,-1.2,1.478122,0.861553
volkan,2D_a1,1024,1024-34,0.341667,0.358333,0.175,0.533333,0.5,0.0,0.125,0.479098,0.12,0.590324,0.361005
volkan,2D_a1,1024,1024-35,0.141667,0.208333,0.058333,0.266667,0.25,0.058333,0.591667,0.331142,-0.96,1.237735,0.803594
volkan,2D_a1,1024,1024-36,0.375,0.416667,0.325,0.741667,0.666667,0.041667,0.025,0.527086,0.12,0.569144,0.402228
volkan,2D_a1,1024,1024-37,0.1,0.141667,0.066667,0.208333,0.166667,0.033333,0.641667,0.287615,-1.36,1.44966,0.827372
volkan,2D_a1,1024,1024-38,0.3,0.083333,0.608333,0.691667,0.3,0.2,0.0,0.74778,1.04,1.183259,0.635529
volkan,2D_a1,1024,1024-39,0.375,0.341667,0.308333,0.65,0.591667,0.05,0.058333,0.517084,0.08,0.589539,0.421774
volkan,2D_a1,1024,1024-40,0.291667,0.041667,0.6,0.641667,0.291667,0.175,0.0,0.761733,1.24,1.237779,0.545168
volkan,2D_a1,1024,1024-41,0.283333,0.325,0.141667,0.466667,0.366667,0.008333,0.208333,0.467269,-0.2,0.682595,0.482953
volkan,2D_a1,1024,1024-42,0.333333,0.425,0.291667,0.716667,0.55,0.05,0.0,0.556508,0.32,0.599152,0.510313
volkan,2D_a1,1024,1024-43,0.416667,0.091667,0.608333,0.7,0.416667,0.15,0.0,0.7343,0.92,1.088438,0.555889
volkan,2D_a1,1024,1024-44,0.175,0.266667,0.2,0.466667,0.375,0.016667,0.325,0.429416,-0.64,0.791189,0.56505
volkan,2D_a1,1024,1024-45,0.1,0.141667,0.05,0.191667,0.183333,0.033333,0.683333,0.27682,-0.88,1.388469,0.79553
volkan,2D_a1,1024,1024-46,0.0,0.0,0.0,0.0,0.0,0.991667,0.0,0.926546,2.12,2.672013,0.577711
volkan,2D_a1,1024,1024-47,0.166667,0.175,0.075,0.25,0.233333,0.025,0.6,0.309612,-1.04,1.225586,0.757116
volkan,2D_a1,1024,1024-48,0.525,0.333333,0.483333,0.816667,0.6,0.075,0.0,0.665902,0.6,0.780551,0.595975
volkan,2D_a1,1024,1024-49,0.358333,0.058333,0.55,0.608333,0.358333,0.225,0.0,0.758136,1.24,1.254355,0.669096
volkan,2D_a1,1024,1024-50,0.55,0.258333,0.541667,0.8,0.583333,0.083333,0.0,0.683014,1.08,0.836707,0.560772
volkan,2D_a1,1024,1024-51,0.108333,0.158333,0.066667,0.225,0.225,0.025,0.633333,0.289362,-1.24,1.331769,0.810713
volkan,2D_a1,1024,1024-52,0.508333,0.216667,0.55,0.766667,0.516667,0.108333,0.0,0.708147,0.92,0.973065,0.641662
volkan,2D_a1,1024,1024-53,0.516667,0.458333,0.425,0.883333,0.616667,0.058333,0.0,0.649994,0.6,0.701219,0.576773
volkan,2D_a1,1024,1024-54,0.466667,0.175,0.55,0.725,0.483333,0.175,0.0,0.71648,0.96,1.030981,0.688307
volkan,2D_a1,1024,1024-55,0.066667,0.141667,0.041667,0.183333,0.166667,0.033333,0.708333,0.24577,-1.52,1.663422,0.948496
volkan,2D_a1,1024,1024-56,0.366667,0.483333,0.358333,0.841667,0.625,0.025,0.0,0.566837,0.52,0.552017,0.471829
volkan,2D_a1,1024,1024-57,0.241667,0.341667,0.175,0.516667,0.425,0.008333,0.25,0.448552,-0.36,0.688104,0.491948
volkan,2D_a1,1024,1024-58,0.208333,0.158333,0.15,0.308333,0.266667,0.033333,0.458333,0.373954,-0.8,1.044851,0.745642
volkan,2D_a1,1024,1024-59,0.316667,0.425,0.3,0.725,0.566667,0.05,0.0,0.560728,0.28,0.600954,0.516436
volkan,2D_a1,1024,1024-60,0.15,0.175,0.1,0.275,0.258333,0.016667,0.591667,0.324326,-0.76,1.115129,0.707769
volkan,2D_a1,1024,1024-61,0.441667,0.408333,0.375,0.783333,0.708333,0.041667,0.0,0.57392,0.04,0.579164,0.485218
volkan,2D_a1,1024,1024-62,0.108333,0.358333,0.158333,0.516667,0.383333,0.008333,0.308333,0.424643,-0.36,0.715562,0.569983
volkan,2D_a1,1024,1024-63,0.366667,0.3,0.35,0.65,0.583333,0.033333,0.075,0.524238,-0.12,0.604901,0.411661
volkan,2D_a1,1024,1024-64,0.316667,0.425,0.266667,0.691667,0.566667,0.041667,0.025,0.523196,0.4,0.559039,0.437086
volkan,2D_a1,1024,1024-65,0.075,0.191667,0.033333,0.225,0.2,0.05,0.608333,0.290544,-1.08,1.44078,0.892789
volkan,2D_a1,1024,1024-66,0.366667,0.466667,0.333333,0.8,0.65,0.058333,0.0,0.571624,0.44,0.602656,0.545366
volkan,2D_a1,1024,1024-67,0.525,0.258333,0.533333,0.791667,0.583333,0.091667,0.0,0.676278,0.88,0.81828,0.581912
volkan,2D_a1,1024,1024-68,0.375,0.4,0.108333,0.508333,0.441667,0.0,0.166667,0.449637,-0.16,0.586559,0.416178
volkan,2D_a1,1024,1024-69,0.341667,0.466667,0.333333,0.8,0.6,0.033333,0.0,0.565034,0.4,0.545649,0.453445
volkan,2D_a1,1024,1024-70,0.475,0.45,0.425,0.875,0.666667,0.041667,0.0,0.615276,0.56,0.626575,0.551327
volkan,2D_a1,1024,1024-71,0.533333,0.441667,0.466667,0.908333,0.691667,0.033333,0.0,0.626567,1.04,0.622449,0.507037
volkan,2D_a1,1024,1024-72,0.283333,0.325,0.15,0.475,0.391667,0.0,0.225,0.457294,-0.24,0.676121,0.45415
volkan,2D_a1,1024,1024-73,0.366667,0.491667,0.3,0.791667,0.641667,0.041667,0.0,0.561652,0.4,0.545043,0.460603
volkan,2D_a1,1024,1024-74,0.325,0.325,0.241667,0.566667,0.533333,0.025,0.116667,0.493461,0.12,0.616098,0.410762
volkan,2D_a1,1024,1024-75,0.475,0.533333,0.375,0.908333,0.725,0.033333,0.0,0.611638,0.72,0.595608,0.529717
volkan,2D_a1,1024,1024-76,0.0,0.0,0.0,0.0,0.0,0.825,0.0,0.908517,2.12,2.431661,0.589688
volkan,2D_a1,1024,1024-77,0.216667,0.058333,0.516667,0.575,0.216667,0.25,0.0,0.775594,1.44,1.346992,0.639613
volkan,2D_a1,1024,1024-78,0.566667,0.325,0.5,0.825,0.625,0.05,0.0,0.669056,0.84,0.779644,0.574496
volkan,2D_a1,1024,1024-79,0.5,0.333333,0.458333,0.791667,0.6,0.083333,0.0,0.668336,0.84,0.797171,0.631518
volkan,2D_a1,1024,1024-80,0.375,0.45,0.333333,0.783333,0.608333,0.033333,0.0,0.56544,0.32,0.57527,0.49841
volkan,2D_a1,1024,1024-81,0.516667,0.408333,0.45,0.858333,0.675,0.05,0.0,0.639308,0.52,0.700628,0.57672
volkan,2D_a1,1024,1024-82,0.575,0.258333,0.575,0.833333,0.625,0.033333,0.0,0.670768,1.12,0.767826,0.517846
volkan,2D_a1,1024,1024-83,0.466667,0.4,0.4,0.8,0.633333,0.075,0.0,0.64664,0.56,0.737764,0.597835
volkan,2D_a1,1024,1024-84,0.0,0.0,0.0,0.0,0.0,0.816667,0.0,0.903555,2.16,2.377455,0.609427
volkan,2D_a1,1024,1024-85,0.366667,0.458333,0.1,0.558333,0.491667,0.008333,0.066667,0.499903,-0.2,0.604119,0.435629
volkan,2D_a1,1024,1024-86,0.416667,0.158333,0.641667,0.8,0.458333,0.125,0.0,0.703521,1.4,0.932577,0.55329
volkan,2D_a1,1024,1024-87,0.308333,0.383333,0.108333,0.491667,0.433333,0.0,0.166667,0.45667,0.08,0.607883,0.36698
volkan,2D_a1,1024,1024-88,0.416667,0.116667,0.616667,0.733333,0.416667,0.166667,0.0,0.734146,1.08,1.101942,0.611951
volkan,2D_a1,1024,1024-89,0.375,0.333333,0.308333,0.641667,0.591667,0.075,0.041667,0.532181,0.04,0.623847,0.481544
volkan,2D_a1,1024,1024-90,0.258333,0.133333,0.158333,0.291667,0.291667,0.058333,0.458333,0.383085,-0.76,1.103147,0.801945
volkan,2D_a1,1024,1024-91,0.45,0.225,0.591667,0.816667,0.533333,0.091667,0.0,0.686444,1.16,0.868917,0.559551
volkan,2D_a1,1024,1024-92,0.416667,0.525,0.358333,0.883333,0.675,0.016667,0.0,0.571403,0.48,0.504848,0.433253
volkan,2D_a1,1024,1024-93,0.133333,0.191667,0.058333,0.25,0.241667,0.0,0.683333,0.267142,-1.04,1.272959,0.755041
volkan,2D_a1,1024,1024-94,0.441667,0.541667,0.383333,0.925,0.708333,0.033333,0.0,0.590582,0.56,0.541354,0.496528
volkan,2D_a1,1024,1024-95,0.491667,0.416667,0.391667,0.808333,0.658333,0.066667,0.0,0.642278,0.68,0.730395,0.631278
volkan,2D_a1,1024,1024-96,0.566667,0.416667,0.466667,0.883333,0.658333,0.041667,0.0,0.645889,0.92,0.676996,0.518125
volkan,2D_a1,1024,1024-97,0.466667,0.475,0.4,0.875,0.675,0.033333,0.0,0.611949,0.6,0.612087,0.505969
volkan,2D_a1,1024,1024-98,0.216667,0.191667,0.108333,0.3,0.283333,0.025,0.466667,0.363002,-0.72,0.991472,0.64932
volkan,2D_a1,1024,1024-99,0.291667,0.05,0.558333,0.608333,0.291667,0.208333,0.0,0.759402,1.28,1.243687,0.612217
volkan,2D_a1,1024,1024-100,0.383333,0.483333,0.366667,0.85,0.625,0.025,0.0,0.589968,0.44,0.575347,0.508572
volkan,2D_a1,1024,1024-101,0.325,0.408333,0.166667,0.575,0.491667,0.016667,0.133333,0.506255,-0.24,0.668732,0.480085
volkan,2D_a1,1024,1024-102,0.375,0.391667,0.283333,0.675,0.625,0.016667,0.025,0.507235,0.28,0.538427,0.347635
volkan,2D_a1,1024,1024-103,0.391667,0.491667,0.383333,0.875,0.583333,0.05,0.0,0.60801,0.2,0.629789,0.548685
volkan,2D_a1,1024,1024-104,0.383333,0.4,0.266667,0.666667,0.608333,0.05,0.008333,0.528363,0.16,0.590843,0.469021
volkan,2D_a1,1024,1024-105,0.216667,0.0,0.475,0.475,0.216667,0.25,0.0,0.790611,1.68,1.415202,0.555609
volkan,2D_a1,1024,1024-106,0.508333,0.45,0.425,0.875,0.683333,0.041667,0.0,0.628401,0.76,0.661486,0.593776
volkan,2D_a1,1024,1024-107,0.3,0.375,0.125,0.5,0.433333,0.0,0.266667,0.423886,-0.16,0.625567,0.46262
volkan,2D_a1,1024,1024-108,0.466667,0.416667,0.441667,0.858333,0.633333,0.066667,0.0,0.641911,0.32,0.730284,0.61529
volkan,2D_a1,1024,1024-109,0.158333,0.325,0.183333,0.508333,0.4,0.0,0.275,0.44042,-0.32,0.678206,0.467644
volkan,2D_a1,1024,1024-110,0.383333,0.425,0.325,0.75,0.666667,0.041667,0.0,0.556269,0.2,0.567081,0.4634
volkan,2D_a1,1024,1024-111,0.333333,0.391667,0.316667,0.708333,0.566667,0.041667,0.008333,0.547617,0.36,0.600078,0.483961
volkan,2D_a1,1024,1024-112,0.375,0.325,0.325,0.65,0.591667,0.016667,0.033333,0.504489,0.16,0.544237,0.318404
volkan,2D_a1,1024,1024-113,0.516667,0.425,0.433333,0.858333,0.683333,0.083333,0.0,0.636711,1.0,0.675628,0.537883
volkan,2D_a1,1024,1024-114,0.525,0.225,0.55,0.775,0.541667,0.108333,0.0,0.692768,0.8,0.89536,0.631601
volkan,2D_a1,1024,1024-115,0.508333,0.4,0.466667,0.866667,0.65,0.05,0.0,0.642862,0.64,0.698588,0.616413
volkan,2D_a1,1024,1024-116,0.175,0.0,0.5,0.5,0.175,0.35,0.0,0.795804,1.6,1.468712,0.622715
volkan,2D_a1,1024,1024-117,0.0,0.0,0.266667,0.266667,0.0,0.483333,0.0,0.845741,1.56,1.80623,0.569789
volkan,2D_a1,1024,1024-118,0.416667,0.125,0.641667,0.766667,0.441667,0.125,0.0,0.720247,1.0,1.014712,0.549226
volkan,2D_a1,1024,1024-119,0.2,0.133333,0.1,0.233333,0.225,0.025,0.525,0.338204,-0.68,1.092465,0.674088
volkan,2D_a1,1024,1024-120,0.533333,0.458333,0.416667,0.875,0.725,0.033333,0.0,0.631184,0.6,0.658758,0.553732
volkan,2D_a1,1024,1024-121,0.05,0.133333,0.025,0.158333,0.15,0.008333,0.725,0.22036,-1.2,1.655245,0.907088
volkan,2D_a1,1024,1024-122,0.35,0.45,0.375,0.825,0.533333,0.083333,0.0,0.609586,0.12,0.685615,0.720792
volkan,2D_a1,1024,1024-123,0.525,0.25,0.575,0.825,0.541667,0.091667,0.0,0.687589,1.0,0.856313,0.575022
volkan,2D_a1,1024,1024-124,0.2,0.283333,0.191667,0.475,0.383333,0.008333,0.316667,0.420418,-0.76,0.772099,0.536822
volkan,2D_a1,1024,1024-125,0.15,0.183333,0.091667,0.275,0.241667,0.041667,0.575,0.335725,-1.04,1.212353,0.799188
volkan,2D_a1,1024,1024-126,0.175,0.325,0.208333,0.533333,0.4,0.008333,0.266667,0.446552,-0.52,0.718941,0.469003
volkan,2D_a1,1024,1024-127,0.391667,0.35,0.391667,0.741667,0.675,0.033333,0.025,0.539512,-0.04,0.576765,0.407284
volkan,2D_a1,1024,1024-128,0.175,0.0,0.45,0.45,0.175,0.333333,0.0,0.797378,1.8,1.456298,0.550099
volkan,2D_a1,1024,1024-129,0.258333,0.375,0.125,0.5,0.425,0.008333,0.275,0.456341,-0.2,0.688264,0.587953
volkan,2D_a1,1024,1024-130,0.15,0.0,0.475,0.475,0.15,0.325,0.0,0.800032,1.52,1.491069,0.608534
volkan,2D_a1,1024,1024-131,0.408333,0.55,0.316667,0.866667,0.691667,0.016667,0.0,0.583397,0.72,0.551838,0.499244
volkan,2D_a1,1024,1024-132,0.566667,0.358333,0.466667,0.825,0.625,0.05,0.0,0.664771,0.88,0.756786,0.582191
volkan,2D_a1,1024,1024-133,0.0,0.0,0.058333,0.058333,0.0,0.8,0.0,0.886862,1.6,2.150935,0.507845
volkan,2D_a1,1024,1024-134,0.3,0.308333,0.283333,0.591667,0.533333,0.033333,0.15,0.501778,0.08,0.65161,0.480377
volkan,2D_a1,1024,1024-135,0.333333,0.308333,0.341667,0.65,0.583333,0.033333,0.083333,0.517547,0.04,0.594461,0.4123
volkan,2D_a1,1024,1024-136,0.05,0.0,0.341667,0.341667,0.05,0.441667,0.0,0.828785,1.64,1.667669,0.537072
volkan,2D_a1,1024,1024-137,0.133333,0.25,0.2,0.45,0.308333,0.033333,0.325,0.430101,-0.72,0.854758,0.581838
volkan,2D_a1,1024,1024-138,0.0,0.0,0.041667,0.041667,0.0,0.808333,0.0,0.905234,2.04,2.415081,0.643577
volkan,2D_a1,1024,1024-139,0.508333,0.283333,0.491667,0.775,0.541667,0.1,0.0,0.690138,0.72,0.883397,0.632257
volkan,2D_a1,1024,1024-140,0.491667,0.3,0.516667,0.816667,0.583333,0.116667,0.0,0.679093,1.0,0.852501,0.668347
volkan,2D_a1,1024,1024-141,0.5,0.191667,0.6,0.791667,0.525,0.125,0.0,0.70273,1.0,0.943732,0.635819
volkan,2D_a1,1024,1024-142,0.391667,0.116667,0.575,0.691667,0.391667,0.133333,0.0,0.734728,1.12,1.102822,0.602047
volkan,2D_a1,1024,1024-143,0.125,0.258333,0.183333,0.441667,0.333333,0.008333,0.375,0.397925,-0.56,0.833431,0.555486
volkan,2D_a1,1024,1024-144,0.175,0.183333,0.083333,0.266667,0.241667,0.041667,0.533333,0.354562,-0.8,1.125159,0.788539
volkan,2D_a1,1024,1024-145,0.383333,0.325,0.366667,0.691667,0.616667,0.033333,0.058333,0.523189,-0.04,0.573719,0.388869
volkan,2D_a1,1024,1024-146,0.266667,0.066667,0.575,0.641667,0.266667,0.2,0.0,0.763787,1.24,1.257858,0.57493
volkan,2D_a1,1024,1024-147,0.366667,0.341667,0.266667,0.608333,0.566667,0.066667,0.066667,0.519473,0.16,0.644682,0.594221
volkan,2D_a1,1024,1024-148,0.35,0.35,0.358333,0.708333,0.641667,0.033333,0.041667,0.535705,0.04,0.588742,0.429835
volkan,2D_a1,1024,1024-149,0.15,0.183333,0.1,0.283333,0.241667,0.016667,0.583333,0.322517,-1.12,1.205061,0.754156
volkan,2D_a1,1024,1024-150,0.5,0.483333,0.425,0.908333,0.716667,0.016667,0.0,0.603539,0.8,0.563568,0.476222
volkan,2D_a1,1024,1024-151,0.125,0.266667,0.141667,0.408333,0.333333,0.0,0.425,0.377426,-0.44,0.834725,0.480106
volkan,2D_a1,1024,1024-152,0.55,0.391667,0.458333,0.85,0.633333,0.066667,0.0,0.653196,0.8,0.715219,0.560344
volkan,2D_a1,1024,1024-153,0.125,0.191667,0.066667,0.258333,0.225,0.008333,0.633333,0.291793,-1.08,1.27203,0.747307
volkan,2D_a1,1024,1024-154,0.308333,0.083333,0.575,0.658333,0.308333,0.225,0.0,0.751058,0.92,1.204444,0.642447
volkan,2D_a1,1024,1024-155,0.5,0.191667,0.583333,0.775,0.525,0.091667,0.0,0.703086,0.92,0.935926,0.581521
volkan,2D_a1,1024,1024-156,0.15,0.191667,0.183333,0.375,0.3,0.041667,0.375,0.400378,-0.72,0.93531,0.570875
volkan,2D_a1,1024,1024-157,0.191667,0.208333,0.166667,0.375,0.325,0.016667,0.441667,0.379796,-0.76,0.96255,0.654414
volkan,2D_a1,1024,1024-158,0.383333,0.466667,0.258333,0.725,0.591667,0.058333,0.016667,0.545888,0.4,0.608557,0.640402
volkan,2D_a1,1024,1024-159,0.083333,0.183333,0.041667,0.225,0.208333,0.033333,0.65,0.290263,-1.08,1.306638,0.783286
volkan,2D_a1,1024,1024-160,0.191667,0.333333,0.158333,0.491667,0.4,0.008333,0.241667,0.446259,-0.28,0.657693,0.473001
volkan,2D_a1,1024,1024-161,0.083333,0.133333,0.041667,0.175,0.158333,0.016667,0.691667,0.246903,-1.24,1.530772,0.903515
volkan,2D_a1,1024,1024-162,0.333333,0.375,0.141667,0.516667,0.425,0.033333,0.141667,0.488131,-0.4,0.701963,0.627996
volkan,2D_a1,1024,1024-163,0.541667,0.266667,0.566667,0.833333,0.616667,0.083333,0.0,0.677855,1.12,0.827634,0.566779
volkan,2D_a1,1024,1024-164,0.125,0.191667,0.05,0.241667,0.208333,0.008333,0.675,0.283799,-0.96,1.256712,0.732724
volkan,2D_a1,1024,1024-165,0.533333,0.383333,0.45,0.833333,0.625,0.066667,0.0,0.656995,0.68,0.736677,0.595375
volkan,2D_a1,1024,1024-166,0.35,0.358333,0.283333,0.641667,0.608333,0.041667,0.075,0.498746,0.32,0.574728,0.396274
volkan,2D_a1,1024,1024-167,0.358333,0.333333,0.308333,0.641667,0.6,0.041667,0.075,0.504448,0.24,0.573816,0.392748
volkan,2D_a1,1024,1024-168,0.508333,0.425,0.416667,0.841667,0.65,0.041667,0.0,0.625901,0.6,0.643394,0.560475
volkan,2D_a1,1024,1024-169,0.458333,0.191667,0.575,0.766667,0.483333,0.108333,0.0,0.709209,1.12,0.967214,0.590332
volkan,2D_a1,1024,1024-170,0.1,0.166667,0.041667,0.208333,0.2,0.016667,0.683333,0.251628,-1.16,1.494629,0.874424
volkan,2D_a1,1024,1024-171,0.058333,0.116667,0.016667,0.133333,0.133333,0.05,0.691667,0.245905,-1.24,1.660605,0.915863
volkan,2D_a1,1024,1024-172,0.383333,0.35,0.241667,0.591667,0.558333,0.033333,0.033333,0.529148,-0.16,0.599576,0.420119
volkan,2D_a1,1024,1024-173,0.333333,0.4,0.133333,0.533333,0.441667,0.0,0.141667,0.479948,-0.12,0.623041,0.404165
volkan,2D_a1,1024,1024-174,0.133333,0.166667,0.108333,0.275,0.25,0.025,0.608333,0.320309,-0.96,1.17356,0.705559
volkan,2D_a1,1024,1024-175,0.35,0.3,0.216667,0.516667,0.483333,0.016667,0.15,0.482804,0.04,0.634254,0.548593
volkan,2D_a1,1024,1024-176,0.425,0.416667,0.375,0.791667,0.6,0.05,0.0,0.622633,0.48,0.675098,0.556177
volkan,2D_a1,1024,1024-177,0.333333,0.408333,0.3,0.708333,0.55,0.05,0.025,0.570561,0.16,0.643295,0.532466
volkan,2D_a1,1024,1024-178,0.45,0.5,0.416667,0.916667,0.658333,0.066667,0.0,0.622715,0.32,0.639397,0.567597
volkan,2D_a1,1024,1024-179,0.383333,0.35,0.358333,0.708333,0.658333,0.008333,0.041667,0.512084,0.0,0.536961,0.329953
volkan,2D_a1,1024,1024-180,0.208333,0.333333,0.191667,0.525,0.408333,0.0,0.275,0.444428,-0.44,0.693077,0.454786
volkan,2D_a1,1024,1024-181,0.108333,0.25,0.083333,0.333333,0.283333,0.0,0.466667,0.344594,-0.28,0.892945,0.509707
volkan,2D_a1,1024,1024-182,0.408333,0.375,0.108333,0.483333,0.441667,0.008333,0.216667,0.446734,-0.16,0.612954,0.457569
volkan,2D_a1,1024,1024-183,0.358333,0.466667,0.358333,0.825,0.525,0.041667,0.0,0.587624,0.2,0.622682,0.487991
volkan,2D_a1,1024,1024-184,0.466667,0.466667,0.383333,0.85,0.633333,0.091667,0.0,0.637523,0.32,0.724755,0.665412
volkan,2D_a1,1024,1024-185,0.35,0.333333,0.358333,0.691667,0.625,0.041667,0.033333,0.543106,-0.08,0.597435,0.437636
volkan,2D_a1,1024,1024-186,0.183333,0.175,0.175,0.35,0.333333,0.041667,0.466667,0.387866,-0.84,1.013277,0.654609
volkan,2D_a1,1024,1024-187,0.05,0.0,0.233333,0.233333,0.05,0.516667,0.0,0.843772,1.44,1.790805,0.567898
volkan,2D_a1,1024,1024-188,0.366667,0.425,0.333333,0.758333,0.65,0.033333,0.025,0.546489,0.32,0.548963,0.432027
volkan,2D_a1,1024,1024-189,0.091667,0.325,0.125,0.45,0.375,0.016667,0.4,0.394751,-0.44,0.852641,0.647684
volkan,2D_a1,1024,1024-190,0.516667,0.2,0.525,0.725,0.525,0.15,0.0,0.71208,0.96,0.997685,0.657652
volkan,2D_a1,1024,1024-191,0.125,0.325,0.175,0.5,0.383333,0.008333,0.341667,0.421945,-0.28,0.758852,0.583246
volkan,2D_a1,1024,1024-192,0.35,0.366667,0.125,0.491667,0.416667,0.0,0.183333,0.472313,-0.2,0.634837,0.440841
volkan,2D_a1,1024,1024-193,0.075,0.0,0.391667,0.391667,0.075,0.375,0.0,0.814154,1.52,1.576869,0.579501
volkan,2D_a1,1024,1024-194,0.141667,0.316667,0.191667,0.508333,0.391667,0.008333,0.341667,0.419499,-0.4,0.755986,0.462572
volkan,2D_a1,1024,1024-195,0.141667,0.208333,0.191667,0.4,0.325,0.025,0.383333,0.411821,-0.44,0.880285,0.561644
volkan,2D_a1,1024,1024-196,0.383333,0.125,0.608333,0.733333,0.383333,0.15,0.0,0.729036,1.08,1.067485,0.585834
volkan,2D_a1,1024,1024-197,0.166667,0.233333,0.158333,0.391667,0.325,0.016667,0.391667,0.38971,-0.56,0.849087,0.516573
volkan,2D_a1,1024,1024-198,0.308333,0.391667,0.241667,0.633333,0.541667,0.041667,0.1,0.506226,0.36,0.591521,0.44049
volkan,2D_a1,1024,1024-199,0.316667,0.433333,0.383333,0.816667,0.583333,0.05,0.0,0.589961,0.12,0.600088,0.510107
volkan,2D_a1,2026,2026-0,0.141667,0.341667,0.133333,0.475,0.391667,0.008333,0.333333,0.421154,-0.24,0.694772,0.503582
volkan,2D_a1,2026,2026-1,0.516667,0.425,0.433333,0.858333,0.683333,0.025,0.0,0.622784,0.68,0.636274,0.540588
volkan,2D_a1,2026,2026-2,0.066667,0.216667,0.008333,0.225,0.225,0.033333,0.7,0.273638,-0.88,1.323919,0.80964
volkan,2D_a1,2026,2026-3,0.083333,0.0,0.3,0.3,0.083333,0.441667,0.0,0.827658,1.6,1.675292,0.585073
volkan,2D_a1,2026,2026-4,0.441667,0.183333,0.608333,0.791667,0.475,0.125,0.0,0.703636,1.12,0.930702,0.544026
volkan,2D_a1,2026,2026-5,0.35,0.35,0.35,0.7,0.633333,0.025,0.075,0.526625,0.16,0.595606,0.429622
volkan,2D_a1,2026,2026-6,0.325,0.391667,0.266667,0.658333,0.608333,0.008333,0.066667,0.502281,0.36,0.549826,0.379326
volkan,2D_a1,2026,2026-7,0.5,0.425,0.4,0.825,0.633333,0.041667,0.0,0.644655,0.52,0.697477,0.611625
volkan,2D_a1,2026,2026-8,0.383333,0.416667,0.275,0.691667,0.633333,0.025,0.016667,0.523695,0.28,0.544257,0.410839
volkan,2D_a1,2026,2026-9,0.316667,0.425,0.266667,0.691667,0.55,0.033333,0.033333,0.538414,0.36,0.594164,0.476569
volkan,2D_a1,2026,2026-10,0.458333,0.166667,0.608333,0.775,0.458333,0.133333,0.0,0.712926,1.08,0.976552,0.557286
volkan,2D_a1,2026,2026-11,0.566667,0.341667,0.458333,0.8,0.608333,0.091667,0.0,0.678261,0.84,0.827245,0.627704
volkan,2D_a1,2026,2026-12,0.333333,0.441667,0.366667,0.808333,0.566667,0.05,0.0,0.575316,0.24,0.577492,0.497652
volkan,2D_a1,2026,2026-13,0.366667,0.45,0.316667,0.766667,0.633333,0.05,0.0,0.554158,0.44,0.557025,0.495083
volkan,2D_a1,2026,2026-14,0.433333,0.425,0.4,0.825,0.65,0.066667,0.0,0.624751,0.56,0.69413,0.588399
volkan,2D_a1,2026,2026-15,0.283333,0.416667,0.075,0.491667,0.441667,0.0,0.191667,0.447033,0.16,0.609887,0.382208
volkan,2D_a1,2026,2026-16,0.3,0.341667,0.175,0.516667,0.483333,0.025,0.091667,0.506927,-0.04,0.662789,0.499581
volkan,2D_a1,2026,2026-17,0.558333,0.333333,0.475,0.808333,0.583333,0.1,0.0,0.677271,0.92,0.819854,0.637042
volkan,2D_a1,2026,2026-18,0.391667,0.416667,0.408333,0.825,0.65,0.025,0.0,0.578563,0.0,0.55842,0.454607
volkan,2D_a1,2026,2026-19,0.166667,0.133333,0.1,0.233333,0.233333,0.025,0.533333,0.333015,-0.56,1.051328,0.646163
volkan,2D_a1,2026,2026-20,0.341667,0.35,0.175,0.525,0.5,0.008333,0.141667,0.469525,0.04,0.585309,0.395576
volkan,2D_a1,2026,2026-21,0.45,0.166667,0.566667,0.733333,0.466667,0.141667,0.0,0.712239,0.96,0.984015,0.604263
volkan,2D_a1,2026,2026-22,0.341667,0.416667,0.291667,0.708333,0.583333,0.033333,0.033333,0.540938,0.32,0.59621,0.469265
volkan,2D_a1,2026,2026-23,0.408333,0.533333,0.3,0.833333,0.716667,0.0,0.0,0.539299,0.84,0.464606,0.352836
volkan,2D_a1,2026,2026-24,0.466667,0.175,0.608333,0.783333,0.475,0.1,0.0,0.705439,0.96,0.936592,0.5519
volkan,2D_a1,2026,2026-25,0.0,0.0,0.158333,0.158333,0.0,0.733333,0.0,0.879124,1.84,2.117997,0.604599
volkan,2D_a1,2026,2026-26,0.375,0.383333,0.141667,0.525,0.441667,0.0,0.15,0.45841,-0.28,0.586254,0.422553
volkan,2D_a1,2026,2026-27,0.05,0.0,0.4,0.4,0.05,0.35,0.0,0.815503,1.56,1.557551,0.48738
volkan,2D_a1,2026,2026-28,0.158333,0.15,0.133333,0.283333,0.241667,0.016667,0.425,0.362183,-0.56,0.950648,0.518232
volkan,2D_a1,2026,2026-29,0.5,0.475,0.416667,0.891667,0.658333,0.033333,0.0,0.617492,0.68,0.613275,0.529823
volkan,2D_a1,2026,2026-30,0.2,0.183333,0.166667,0.35,0.291667,0.008333,0.425,0.377385,-0.8,0.888417,0.544476
volkan,2D_a1,2026,2026-31,0.041667,0.0,0.408333,0.408333,0.041667,0.375,0.0,0.81857,1.28,1.601829,0.565584
volkan,2D_a1,2026,2026-32,0.383333,0.083333,0.683333,0.766667,0.383333,0.116667,0.0,0.730338,1.2,1.065618,0.553164
volkan,2D_a1,2026,2026-33,0.183333,0.0,0.525,0.525,0.183333,0.266667,0.0,0.791929,1.2,1.434344,0.591424
volkan,2D_a1,2026,2026-34,0.116667,0.308333,0.183333,0.491667,0.383333,0.025,0.325,0.427691,-0.44,0.752995,0.523135
volkan,2D_a1,2026,2026-35,0.458333,0.158333,0.616667,0.775,0.483333,0.116667,0.0,0.709082,1.08,0.963179,0.568207
volkan,2D_a1,2026,2026-36,0.366667,0.391667,0.116667,0.508333,0.45,0.0,0.125,0.469725,-0.16,0.586501,0.383575
volkan,2D_a1,2026,2026-37,0.3,0.391667,0.108333,0.5,0.466667,0.016667,0.183333,0.470645,-0.12,0.675975,0.579138
volkan,2D_a1,2026,2026-38,0.458333,0.308333,0.516667,0.825,0.566667,0.091667,0.0,0.678363,1.08,0.846217,0.62059
volkan,2D_a1,2026,2026-39,0.325,0.116667,0.6,0.716667,0.325,0.191667,0.0,0.741654,1.28,1.136114,0.58689
volkan,2D_a1,2026,2026-40,0.45,0.458333,0.391667,0.85,0.641667,0.083333,0.0,0.629167,0.44,0.718199,0.651246
volkan,2D_a1,2026,2026-41,0.316667,0.375,0.108333,0.483333,0.408333,0.008333,0.183333,0.467254,-0.2,0.679551,0.479995
volkan,2D_a1,2026,2026-42,0.225,0.341667,0.175,0.516667,0.4,0.008333,0.283333,0.443824,-0.36,0.714216,0.590223
volkan,2D_a1,2026,2026-43,0.041667,0.0,0.341667,0.341667,0.041667,0.433333,0.0,0.832066,1.56,1.727485,0.642093
volkan,2D_a1,2026,2026-44,0.441667,0.216667,0.583333,0.8,0.5,0.108333,0.0,0.693248,1.2,0.898965,0.590295
volkan,2D_a1,2026,2026-45,0.491667,0.175,0.65,0.825,0.491667,0.083333,0.0,0.702745,1.24,0.916955,0.525068
volkan,2D_a1,2026,2026-46,0.0,0.0,0.0,0.0,0.0,0.875,0.0,0.908448,1.8,2.416317,0.568457
volkan,2D_a1,2026,2026-47,0.125,0.35,0.158333,0.508333,0.4,0.0,0.325,0.414497,-0.36,0.702028,0.465832
volkan,2D_a1,2026,2026-48,0.0,0.0,0.0,0.0,0.0,1.0,0.0,0.934392,2.24,2.814863,0.615233
volkan,2D_a1,2026,2026-49,0.0,0.0,0.0,0.0,0.0,1.0,0.0,0.963023,2.24,3.458832,0.681982
volkan,2D_a1,2026,2026-50,0.0,0.0,0.191667,0.191667,0.0,0.566667,0.0,0.854611,1.68,1.877696,0.563211
volkan,2D_a1,2026,2026-51,0.375,0.083333,0.608333,0.691667,0.375,0.191667,0.0,0.74001,0.96,1.12519,0.577847
volkan,2D_a1,2026,2026-52,0.358333,0.358333,0.125,0.483333,0.433333,0.0,0.216667,0.446841,-0.08,0.611803,0.419614
volkan,2D_a1,2026,2026-53,0.258333,0.041667,0.566667,0.608333,0.258333,0.208333,0.0,0.766993,1.4,1.26969,0.548777
volkan,2D_a1,2026,2026-54,0.325,0.266667,0.283333,0.55,0.5,0.025,0.1,0.499031,0.0,0.610913,0.405513
volkan,2D_a1,2026,2026-55,0.35,0.441667,0.35,0.791667,0.558333,0.058333,0.0,0.59482,0.24,0.638147,0.566492
volkan,2D_a1,2026,2026-56,0.366667,0.383333,0.283333,0.666667,0.575,0.025,0.091667,0.511561,0.4,0.561534,0.404258
volkan,2D_a1,2026,2026-57,0.475,0.441667,0.45,0.891667,0.666667,0.05,0.0,0.636952,0.76,0.686596,0.552557
volkan,2D_a1,2026,2026-58,0.108333,0.0,0.441667,0.441667,0.108333,0.35,0.0,0.811364,1.56,1.554213,0.570562
volkan,2D_a1,2026,2026-59,0.366667,0.4,0.133333,0.533333,0.466667,0.0,0.125,0.477975,-0.2,0.601411,0.394848
volkan,2D_a1,2026,2026-60,0.108333,0.283333,0.133333,0.416667,0.333333,0.016667,0.383333,0.400034,-0.32,0.787085,0.59202
volkan,2D_a1,2026,2026-61,0.108333,0.258333,0.183333,0.441667,0.316667,0.025,0.358333,0.410855,-0.48,0.86301,0.524899
volkan,2D_a1,2026,2026-62,0.108333,0.258333,0.166667,0.425,0.325,0.025,0.366667,0.410771,-0.56,0.861904,0.659798
volkan,2D_a1,2026,2026-63,0.175,0.175,0.075,0.25,0.25,0.025,0.541667,0.330363,-0.92,1.102878,0.670212
volkan,2D_a1,2026,2026-64,0.158333,0.316667,0.166667,0.483333,0.391667,0.0,0.35,0.412876,-0.2,0.742712,0.486809
volkan,2D_a1,2026,2026-65,0.075,0.0,0.425,0.425,0.075,0.325,0.0,0.808101,1.44,1.509833,0.4922
volkan,2D_a1,2026,2026-66,0.241667,0.325,0.158333,0.483333,0.425,0.016667,0.2,0.457955,0.12,0.671751,0.418879
volkan,2D_a1,2026,2026-67,0.491667,0.441667,0.425,0.866667,0.641667,0.058333,0.0,0.637413,0.64,0.68375,0.611525
volkan,2D_a1,2026,2026-68,0.191667,0.141667,0.158333,0.3,0.275,0.025,0.5,0.360676,-0.64,1.01658,0.552448
volkan,2D_a1,2026,2026-69,0.525,0.45,0.441667,0.891667,0.708333,0.033333,0.0,0.618586,0.64,0.610061,0.528209
volkan,2D_a1,2026,2026-70,0.116667,0.208333,0.025,0.233333,0.216667,0.016667,0.691667,0.28102,-0.92,1.244114,0.743256
volkan,2D_a1,2026,2026-71,0.35,0.4,0.108333,0.508333,0.433333,0.0,0.191667,0.449853,-0.24,0.600264,0.436105
volkan,2D_a1,2026,2026-72,0.0,0.0,0.0,0.0,0.0,0.866667,0.0,0.918002,1.76,2.570536,0.620812
volkan,2D_a1,2026,2026-73,0.308333,0.416667,0.091667,0.508333,0.45,0.0,0.166667,0.461707,0.0,0.625795,0.416313
volkan,2D_a1,2026,2026-74,0.158333,0.0,0.575,0.575,0.158333,0.266667,0.0,0.787127,1.0,1.407826,0.610111
volkan,2D_a1,2026,2026-75,0.583333,0.366667,0.45,0.816667,0.65,0.041667,0.0,0.660222,0.84,0.744111,0.566407
volkan,2D_a1,2026,2026-76,0.358333,0.416667,0.325,0.741667,0.633333,0.008333,0.008333,0.539759,0.48,0.51866,0.392815
volkan,2D_a1,2026,2026-77,0.341667,0.375,0.091667,0.466667,0.425,0.008333,0.191667,0.454215,-0.04,0.676641,0.538009
volkan,2D_a1,2026,2026-78,0.083333,0.0,0.458333,0.458333,0.083333,0.275,0.0,0.80594,1.24,1.512724,0.556367
volkan,2D_a1,2026,2026-79,0.375,0.475,0.325,0.8,0.6,0.016667,0.0,0.548828,0.48,0.516363,0.420879
volkan,2D_a1,2026,2026-80,0.016667,0.0,0.275,0.275,0.016667,0.491667,0.0,0.838621,1.72,1.733889,0.51665
volkan,2D_a1,2026,2026-81,0.333333,0.366667,0.108333,0.475,0.425,0.0,0.233333,0.448554,-0.24,0.631559,0.459991
volkan,2D_a1,2026,2026-82,0.416667,0.475,0.391667,0.866667,0.616667,0.025,0.0,0.589486,0.32,0.572986,0.499174
volkan,2D_a1,2026,2026-83,0.5,0.366667,0.466667,0.833333,0.608333,0.091667,0.0,0.665468,0.76,0.791548,0.64029
volkan,2D_a1,2026,2026-84,0.475,0.408333,0.458333,0.866667,0.633333,0.1,0.0,0.651325,0.8,0.744855,0.640024
volkan,2D_a1,2026,2026-85,0.141667,0.183333,0.083333,0.266667,0.241667,0.0,0.433333,0.340531,-0.52,0.894495,0.499654
volkan,2D_a1,2026,2026-86,0.225,0.341667,0.175,0.516667,0.4,0.008333,0.166667,0.48123,-0.36,0.691601,0.493484
volkan,2D_a1,2026,2026-87,0.4,0.433333,0.341667,0.775,0.741667,0.05,0.016667,0.549263,0.04,0.578262,0.443849
volkan,2D_a1,2026,2026-88,0.15,0.341667,0.2,0.541667,0.408333,0.016667,0.308333,0.439574,-0.48,0.756887,0.569814
volkan,2D_a1,2026,2026-89,0.491667,0.175,0.591667,0.766667,0.5,0.083333,0.0,0.704376,1.08,0.938092,0.58151
volkan,2D_a1,2026,2026-90,0.533333,0.241667,0.566667,0.808333,0.566667,0.066667,0.0,0.690328,1.0,0.87266,0.582578
volkan,2D_a1,2026,2026-91,0.108333,0.183333,0.033333,0.216667,0.216667,0.033333,0.616667,0.279733,-1.04,1.363375,0.845567
volkan,2D_a1,2026,2026-92,0.1,0.158333,0.041667,0.2,0.183333,0.008333,0.683333,0.265815,-1.0,1.338205,0.751694
volkan,2D_a1,2026,2026-93,0.191667,0.2,0.133333,0.333333,0.291667,0.016667,0.466667,0.363449,-0.92,0.978062,0.647978
volkan,2D_a1,2026,2026-94,0.466667,0.475,0.408333,0.883333,0.675,0.041667,0.0,0.618365,0.48,0.651455,0.552955
volkan,2D_a1,2026,2026-95,0.0,0.0,0.075,0.075,0.0,0.808333,0.0,0.896681,2.04,2.299285,0.605244
volkan,2D_a1,2026,2026-96,0.35,0.325,0.308333,0.633333,0.591667,0.05,0.091667,0.5226,-0.04,0.656882,0.599129
volkan,2D_a1,2026,2026-97,0.475,0.491667,0.391667,0.883333,0.666667,0.041667,0.0,0.622598,0.68,0.619079,0.561476
volkan,2D_a1,2026,2026-98,0.158333,0.291667,0.15,0.441667,0.375,0.0,0.408333,0.385242,-0.44,0.79469,0.446427
volkan,2D_a1,2026,2026-99,0.141667,0.3,0.133333,0.433333,0.366667,0.016667,0.383333,0.389575,-0.6,0.827656,0.493316
volkan,2D_a1,2026,2026-100,0.125,0.175,0.075,0.25,0.225,0.025,0.65,0.282948,-1.48,1.452174,0.908012
volkan,2D_a1,2026,2026-101,0.375,0.475,0.366667,0.841667,0.608333,0.033333,0.0,0.578252,0.44,0.559523,0.484471
volkan,2D_a1,2026,2026-102,0.266667,0.05,0.608333,0.658333,0.266667,0.2,0.0,0.756692,1.2,1.209444,0.545747
volkan,2D_a1,2026,2026-103,0.35,0.366667,0.325,0.691667,0.641667,0.008333,0.083333,0.498489,0.2,0.548358,0.353356
volkan,2D_a1,2026,2026-104,0.083333,0.0,0.358333,0.358333,0.083333,0.383333,0.0,0.823367,1.48,1.658662,0.638791
volkan,2D_a1,2026,2026-105,0.458333,0.425,0.408333,0.833333,0.658333,0.058333,0.0,0.606921,0.56,0.625418,0.602992
volkan,2D_a1,2026,2026-106,0.391667,0.466667,0.333333,0.8,0.583333,0.05,0.0,0.586766,0.32,0.625842,0.5385
volkan,2D_a1,2026,2026-107,0.533333,0.341667,0.475,0.816667,0.591667,0.1,0.0,0.677279,1.0,0.816948,0.574535
volkan,2D_a1,2026,2026-108,0.55,0.333333,0.441667,0.775,0.608333,0.05,0.0,0.673328,0.6,0.809445,0.627605
volkan,2D_a1,2026,2026-109,0.216667,0.008333,0.525,0.533333,0.216667,0.233333,0.0,0.784764,1.4,1.3876,0.589534
volkan,2D_a1,2026,2026-110,0.158333,0.375,0.15,0.525,0.458333,0.0,0.325,0.418545,-0.36,0.661205,0.462095
volkan,2D_a1,2026,2026-111,0.075,0.158333,0.041667,0.2,0.183333,0.0,0.733333,0.217767,-1.48,1.656953,0.957101
volkan,2D_a1,2026,2026-112,0.466667,0.491667,0.408333,0.9,0.691667,0.025,0.0,0.609975,0.56,0.607118,0.535013
volkan,2D_a1,2026,2026-113,0.316667,0.425,0.1,0.525,0.483333,0.016667,0.125,0.478735,-0.4,0.600873,0.481781
volkan,2D_a1,2026,2026-114,0.391667,0.525,0.333333,0.858333,0.675,0.016667,0.0,0.568983,0.64,0.541198,0.462547
volkan,2D_a1,2026,2026-115,0.0,0.0,0.183333,0.183333,0.0,0.566667,0.0,0.856292,1.76,1.874253,0.512228
volkan,2D_a1,2026,2026-116,0.241667,0.2,0.191667,0.391667,0.35,0.025,0.375,0.418333,-0.84,0.89083,0.588698
volkan,2D_a1,2026,2026-117,0.408333,0.175,0.566667,0.741667,0.408333,0.15,0.0,0.724408,1.36,1.053017,0.628583
volkan,2D_a1,2026,2026-118,0.283333,0.05,0.641667,0.691667,0.283333,0.175,0.0,0.755035,1.2,1.201435,0.551952
volkan,2D_a1,2026,2026-119,0.516667,0.341667,0.508333,0.85,0.633333,0.066667,0.0,0.660816,0.96,0.760173,0.581845
volkan,2D_a1,2026,2026-120,0.216667,0.016667,0.541667,0.558333,0.216667,0.216667,0.0,0.780317,1.2,1.344937,0.533131
volkan,2D_a1,2026,2026-121,0.333333,0.383333,0.2,0.583333,0.533333,0.0,0.125,0.4945,-0.08,0.630442,0.407304
volkan,2D_a1,2026,2026-122,0.316667,0.35,0.108333,0.458333,0.425,0.0,0.2,0.429456,0.24,0.605731,0.374002
volkan,2D_a1,2026,2026-123,0.233333,0.025,0.516667,0.541667,0.233333,0.25,0.0,0.775254,1.48,1.342637,0.630199
volkan,2D_a1,2026,2026-124,0.4,0.133333,0.583333,0.716667,0.4,0.166667,0.0,0.725511,0.88,1.067626,0.660495
volkan,2D_a1,2026,2026-125,0.066667,0.0,0.358333,0.358333,0.066667,0.433333,0.0,0.825813,1.56,1.652962,0.559252
volkan,2D_a1,2026,2026-126,0.458333,0.45,0.408333,0.858333,0.641667,0.033333,0.0,0.635649,0.36,0.685007,0.559075
volkan,2D_a1,2026,2026-127,0.0,0.0,0.241667,0.241667,0.0,0.583333,0.0,0.853484,1.84,1.865785,0.549783
volkan,2D_a1,2026,2026-128,0.35,0.35,0.3,0.65,0.575,0.075,0.058333,0.533486,0.16,0.61787,0.483794
volkan,2D_a1,2026,2026-129,0.158333,0.216667,0.166667,0.383333,0.308333,0.016667,0.391667,0.39267,-0.6,0.876939,0.563455
volkan,2D_a1,2026,2026-130,0.075,0.141667,0.05,0.191667,0.166667,0.025,0.691667,0.253455,-1.4,1.552733,0.892298
volkan,2D_a1,2026,2026-131,0.125,0.233333,0.141667,0.375,0.325,0.016667,0.408333,0.388492,-0.44,0.867486,0.478726
volkan,2D_a1,2026,2026-132,0.35,0.083333,0.616667,0.7,0.35,0.183333,0.0,0.741469,0.88,1.123364,0.540724
volkan,2D_a1,2026,2026-133,0.183333,0.158333,0.1,0.258333,0.258333,0.008333,0.558333,0.31738,-0.88,1.068489,0.628036
volkan,2D_a1,2026,2026-134,0.375,0.425,0.158333,0.583333,0.558333,0.008333,0.083333,0.495409,-0.04,0.604373,0.370959
volkan,2D_a1,2026,2026-135,0.0,0.0,0.025,0.025,0.0,0.858333,0.0,0.903406,1.92,2.351823,0.551201
volkan,2D_a1,2026,2026-136,0.35,0.083333,0.608333,0.691667,0.35,0.183333,0.0,0.743473,1.0,1.15786,0.630662
volkan,2D_a1,2026,2026-137,0.0,0.0,0.141667,0.141667,0.0,0.708333,0.0,0.874835,1.68,2.079004,0.624268
volkan,2D_a1,2026,2026-138,0.125,0.283333,0.158333,0.441667,0.366667,0.016667,0.408333,0.392657,-0.44,0.859593,0.572396
volkan,2D_a1,2026,2026-139,0.05,0.075,0.025,0.1,0.091667,0.025,0.783333,0.203789,-1.48,1.921516,0.968244
volkan,2D_a1,2026,2026-140,0.016667,0.0,0.283333,0.283333,0.016667,0.483333,0.0,0.839578,1.6,1.762388,0.580776
volkan,2D_a1,2026,2026-141,0.225,0.15,0.133333,0.283333,0.266667,0.008333,0.516667,0.344655,-0.76,1.022574,0.58512
volkan,2D_a1,2026,2026-142,0.433333,0.508333,0.391667,0.9,0.7,0.025,0.0,0.594764,0.6,0.559467,0.501599
volkan,2D_a1,2026,2026-143,0.491667,0.433333,0.433333,0.866667,0.658333,0.058333,0.0,0.636315,0.68,0.731689,0.647707
volkan,2D_a1,2026,2026-144,0.158333,0.241667,0.216667,0.458333,0.35,0.008333,0.325,0.423608,-0.8,0.794357,0.537325
volkan,2D_a1,2026,2026-145,0.008333,0.0,0.241667,0.241667,0.008333,0.541667,0.0,0.847956,1.36,1.833458,0.595102
volkan,2D_a1,2026,2026-146,0.0,0.0,0.275,0.275,0.0,0.533333,0.0,0.845056,1.88,1.813615,0.597749
volkan,2D_a1,2026,2026-147,0.475,0.241667,0.566667,0.808333,0.55,0.075,0.0,0.683048,1.2,0.836186,0.577267
volkan,2D_a1,2026,2026-148,0.358333,0.466667,0.341667,0.808333,0.608333,0.05,0.0,0.581669,0.28,0.602056,0.55667
volkan,2D_a1,2026,2026-149,0.525,0.483333,0.425,0.908333,0.725,0.033333,0.0,0.609118,0.76,0.578198,0.513339
volkan,2D_a1,2026,2026-150,0.091667,0.291667,0.15,0.441667,0.35,0.0,0.433333,0.38284,-0.32,0.800059,0.478515
volkan,2D_a1,2026,2026-151,0.375,0.408333,0.266667,0.675,0.641667,0.041667,0.033333,0.510051,0.32,0.562789,0.419017
volkan,2D_a1,2026,2026-152,0.358333,0.408333,0.375,0.783333,0.633333,0.05,0.0,0.578822,0.04,0.591646,0.497562
volkan,2D_a1,2026,2026-153,0.141667,0.375,0.15,0.525,0.433333,0.0,0.341667,0.414206,-0.32,0.692563,0.479376
volkan,2D_a1,2026,2026-154,0.358333,0.1,0.575,0.675,0.358333,0.183333,0.0,0.742236,1.12,1.162192,0.667061
volkan,2D_a1,2026,2026-155,0.175,0.175,0.1,0.275,0.266667,0.008333,0.525,0.332206,-0.6,1.034676,0.592134
volkan,2D_a1,2026,2026-156,0.35,0.441667,0.125,0.566667,0.525,0.008333,0.075,0.509312,-0.12,0.625705,0.410846
volkan,2D_a1,2026,2026-157,0.05,0.116667,0.058333,0.175,0.158333,0.041667,0.708333,0.250919,-1.36,1.656695,0.921751
volkan,2D_a1,2026,2026-158,0.541667,0.308333,0.466667,0.775,0.608333,0.05,0.0,0.675623,0.72,0.82761,0.582535
volkan,2D_a1,2026,2026-159,0.408333,0.15,0.55,0.7,0.408333,0.183333,0.0,0.730627,0.8,1.086865,0.624676
volkan,2D_a1,2026,2026-160,0.475,0.2,0.55,0.75,0.516667,0.116667,0.0,0.700814,1.16,0.938243,0.600944
volkan,2D_a1,2026,2026-161,0.0,0.0,0.0,0.0,0.0,1.0,0.0,0.953513,2.2,3.194916,0.635486
volkan,2D_a1,2026,2026-162,0.291667,0.066667,0.6,0.666667,0.291667,0.216667,0.0,0.756801,1.12,1.220478,0.583449
volkan,2D_a1,2026,2026-163,0.125,0.3,0.141667,0.441667,0.341667,0.033333,0.325,0.423569,-0.2,0.803674,0.531549
volkan,2D_a1,2026,2026-164,0.0,0.0,0.0,0.0,0.0,1.0,0.0,0.940409,2.2,2.889413,0.556766
volkan,2D_a1,2026,2026-165,0.1,0.308333,0.175,0.483333,0.35,0.008333,0.333333,0.419723,-0.52,0.787099,0.489669
volkan,2D_a1,2026,2026-166,0.416667,0.116667,0.6,0.716667,0.416667,0.166667,0.0,0.733616,0.92,1.097567,0.605408
volkan,2D_a1,2026,2026-167,0.391667,0.166667,0.616667,0.783333,0.408333,0.141667,0.0,0.719155,1.28,1.018886,0.598951
volkan,2D_a1,2026,2026-168,0.15,0.3,0.166667,0.466667,0.383333,0.008333,0.366667,0.411307,-0.32,0.814171,0.599584
volkan,2D_a1,2026,2026-169,0.041667,0.0,0.325,0.325,0.041667,0.483333,0.0,0.831714,1.36,1.703914,0.578288
volkan,2D_a1,2026,2026-170,0.458333,0.375,0.441667,0.816667,0.575,0.116667,0.0,0.666035,0.68,0.803254,0.659642
volkan,2D_a1,2026,2026-171,0.508333,0.216667,0.591667,0.808333,0.525,0.091667,0.0,0.696367,0.84,0.897508,0.562772
volkan,2D_a1,2026,2026-172,0.341667,0.358333,0.141667,0.5,0.408333,0.0,0.208333,0.458107,-0.12,0.637925,0.441103
volkan,2D_a1,2026,2026-173,0.091667,0.0,0.466667,0.466667,0.091667,0.308333,0.0,0.804243,1.6,1.483926,0.492225
volkan,2D_a1,2026,2026-174,0.225,0.283333,0.133333,0.416667,0.366667,0.0,0.308333,0.429915,-0.08,0.732584,0.475259
volkan,2D_a1,2026,2026-175,0.1,0.175,0.05,0.225,0.208333,0.033333,0.625,0.296289,-1.16,1.33712,0.796568
volkan,2D_a1,2026,2026-176,0.075,0.0,0.316667,0.316667,0.075,0.491667,0.0,0.829453,1.68,1.678756,0.554915
volkan,2D_a1,2026,2026-177,0.316667,0.291667,0.258333,0.55,0.525,0.033333,0.108333,0.49647,0.2,0.605888,0.418678
volkan,2D_a1,2026,2026-178,0.391667,0.475,0.375,0.85,0.625,0.041667,0.0,0.590956,0.48,0.589063,0.556228
volkan,2D_a1,2026,2026-179,0.0,0.0,0.108333,0.108333,0.0,0.775,0.0,0.886283,1.8,2.17127,0.577465
volkan,2D_a1,2026,2026-180,0.175,0.008333,0.558333,0.566667,0.175,0.216667,0.0,0.783931,1.32,1.382018,0.593984
volkan,2D_a1,2026,2026-181,0.491667,0.2,0.608333,0.808333,0.508333,0.1,0.0,0.69166,1.28,0.874764,0.584402
volkan,2D_a1,2026,2026-182,0.2,0.008333,0.641667,0.65,0.2,0.158333,0.0,0.769986,1.32,1.278649,0.521437
volkan,2D_a1,2026,2026-183,0.341667,0.408333,0.091667,0.5,0.466667,0.0,0.258333,0.436485,-0.2,0.579789,0.453755
volkan,2D_a1,2026,2026-184,0.458333,0.116667,0.633333,0.75,0.458333,0.125,0.0,0.723792,1.08,1.036279,0.571375
volkan,2D_a1,2026,2026-185,0.225,0.0,0.583333,0.583333,0.225,0.233333,0.0,0.77794,1.24,1.337527,0.558509
volkan,2D_a1,2026,2026-186,0.475,0.1,0.641667,0.741667,0.475,0.108333,0.0,0.721815,1.12,1.019698,0.545217
volkan,2D_a1,2026,2026-187,0.383333,0.325,0.358333,0.683333,0.616667,0.066667,0.033333,0.554669,-0.08,0.634322,0.493612
volkan,2D_a1,2026,2026-188,0.016667,0.016667,0.016667,0.033333,0.025,0.0,0.941667,0.087089,-1.8,3.055063,1.25648
volkan,2D_a1,2026,2026-189,0.533333,0.258333,0.525,0.783333,0.558333,0.1,0.0,0.691321,0.8,0.890814,0.642913
volkan,2D_a1,2026,2026-190,0.45,0.491667,0.391667,0.883333,0.675,0.033333,0.0,0.612463,0.48,0.617633,0.538526
volkan,2D_a1,2026,2026-191,0.325,0.325,0.241667,0.566667,0.5,0.025,0.058333,0.529028,-0.2,0.647126,0.45888
volkan,2D_a1,2026,2026-192,0.391667,0.158333,0.558333,0.716667,0.391667,0.158333,0.0,0.723786,1.12,1.043482,0.601456
volkan,2D_a1,2026,2026-193,0.541667,0.491667,0.425,0.916667,0.708333,0.008333,0.0,0.629894,0.76,0.620879,0.49025
volkan,2D_a1,2026,2026-194,0.483333,0.416667,0.425,0.841667,0.666667,0.041667,0.0,0.628778,0.56,0.675084,0.565772
volkan,2D_a1,2026,2026-195,0.175,0.191667,0.075,0.266667,0.25,0.041667,0.541667,0.34957,-0.8,1.115725,0.740574
volkan,2D_a1,2026,2026-196,0.2,0.175,0.116667,0.291667,0.266667,0.016667,0.558333,0.337739,-0.8,1.064059,0.653479
volkan,2D_a1,2026,2026-197,0.5,0.341667,0.458333,0.8,0.616667,0.058333,0.0,0.660745,0.44,0.758328,0.572827
volkan,2D_a1,2026,2026-198,0.35,0.491667,0.366667,0.858333,0.608333,0.058333,0.0,0.59236,0.28,0.606967,0.517839
volkan,2D_a1,2026,2026-199,0.366667,0.475,0.391667,0.866667,0.566667,0.058333,0.0,0.618169,0.12,0.642239,0.55525
volkan,2D_offset,42,42-0,0.633333,0.366667,0.558333,0.925,0.675,0.025,0.0,0.653181,1.04,0.677513,0.459805
volkan,2D_offset,42,42-1,0.091667,0.358333,0.0,0.358333,0.358333,0.0,0.325,0.35232,-0.84,0.65514,0.433266
volkan,2D_offset,42,42-2,0.325,0.041667,0.6,0.641667,0.325,0.15,0.0,0.753071,1.04,1.180486,0.512906
volkan,2D_offset,42,42-3,0.166667,0.0,0.475,0.475,0.166667,0.333333,0.0,0.79735,1.4,1.485453,0.638619
volkan,2D_offset,42,42-4,0.0,0.0,0.0,0.0,0.0,0.0,0.958333,0.182658,-1.12,1.572441,0.491582
volkan,2D_offset,42,42-5,0.0,0.158333,0.0,0.158333,0.158333,0.0,0.491667,0.301913,-0.8,0.874854,0.43001
volkan,2D_offset,42,42-6,0.508333,0.366667,0.6,0.966667,0.633333,0.0,0.0,0.64199,0.16,0.653011,0.423959
volkan,2D_offset,42,42-7,0.516667,0.475,0.283333,0.758333,0.733333,0.0,0.05,0.507085,-0.4,0.429617,0.269276
volkan,2D_offset,42,42-8,0.575,0.491667,0.483333,0.975,0.783333,0.0,0.0,0.595848,0.24,0.49734,0.358176
volkan,2D_offset,42,42-9,0.183333,0.416667,0.008333,0.425,0.425,0.0,0.266667,0.383548,-0.4,0.566864,0.41344
volkan,2D_offset,42,42-10,0.216667,0.033333,0.466667,0.5,0.216667,0.266667,0.0,0.781858,1.48,1.373603,0.597727
volkan,2D_offset,42,42-11,0.241667,0.041667,0.575,0.616667,0.241667,0.183333,0.0,0.763655,1.4,1.241577,0.517636
volkan,2D_offset,42,42-12,0.575,0.425,0.516667,0.941667,0.708333,0.0,0.0,0.621922,0.52,0.576585,0.421907
volkan,2D_offset,42,42-13,0.091667,0.0,0.358333,0.358333,0.091667,0.333333,0.0,0.814965,1.6,1.5553,0.49102
volkan,2D_offset,42,42-14,0.466667,0.166667,0.675,0.841667,0.483333,0.066667,0.0,0.699464,1.04,0.896462,0.499476
volkan,2D_offset,42,42-15,0.166667,0.45,0.008333,0.458333,0.458333,0.0,0.258333,0.384516,-0.84,0.559814,0.404117
volkan,2D_offset,42,42-16,0.566667,0.216667,0.683333,0.9,0.591667,0.016667,0.0,0.68013,0.72,0.791809,0.43875
volkan,2D_offset,42,42-17,0.083333,0.416667,0.0,0.416667,0.416667,0.0,0.3,0.366793,-0.6,0.598469,0.417438
volkan,2D_offset,42,42-18,0.191667,0.0,0.616667,0.616667,0.191667,0.166667,0.0,0.77266,1.4,1.27468,0.438516
volkan,2D_offset,42,42-19,0.575,0.466667,0.508333,0.975,0.75,0.0,0.0,0.603833,0.12,0.527038,0.370539
volkan,2D_offset,42,42-20,0.5,0.508333,0.383333,0.891667,0.75,0.0,0.0,0.555885,0.36,0.448377,0.307781
volkan,2D_offset,42,42-21,0.341667,0.508333,0.066667,0.575,0.575,0.0,0.166667,0.429231,-0.28,0.459247,0.332689
volkan,2D_offset,42,42-22,0.041667,0.0,0.275,0.275,0.041667,0.475,0.0,0.829322,1.52,1.650344,0.46446
volkan,2D_offset,42,42-23,0.508333,0.525,0.425,0.95,0.816667,0.0,0.0,0.573859,0.44,0.45879,0.365729
volkan,2D_offset,42,42-24,0.466667,0.541667,0.166667,0.708333,0.7,0.0,0.091667,0.47478,-0.4,0.408335,0.265653
volkan,2D_offset,42,42-25,0.483333,0.5,0.283333,0.783333,0.766667,0.0,0.066667,0.505453,-0.16,0.440659,0.28728
volkan,2D_offset,42,42-26,0.408333,0.166667,0.633333,0.8,0.408333,0.075,0.0,0.713725,1.4,0.964493,0.490274
volkan,2D_offset,42,42-27,0.441667,0.233333,0.566667,0.8,0.491667,0.05,0.0,0.693177,0.64,0.88148,0.540271
volkan,2D_offset,42,42-28,0.5,0.15,0.675,0.825,0.525,0.041667,0.0,0.696212,0.8,0.882562,0.487516
volkan,2D_offset,42,42-29,0.533333,0.175,0.683333,0.858333,0.55,0.041667,0.0,0.691012,0.84,0.847449,0.460924
volkan,2D_offset,42,42-30,0.0,0.0,0.0,0.0,0.0,0.95,0.0,0.922319,2.04,2.611572,0.582337
volkan,2D_offset,42,42-31,0.475,0.541667,0.275,0.816667,0.783333,0.0,0.033333,0.509711,0.0,0.416949,0.260054
volkan,2D_offset,42,42-32,0.5,0.558333,0.208333,0.766667,0.766667,0.0,0.008333,0.494884,-0.08,0.383112,0.227658
volkan,2D_offset,42,42-33,0.258333,0.516667,0.025,0.541667,0.541667,0.0,0.183333,0.412032,-0.56,0.469976,0.366523
volkan,2D_offset,42,42-34,0.408333,0.066667,0.7,0.766667,0.408333,0.083333,0.0,0.727148,1.12,1.028354,0.461534
volkan,2D_offset,42,42-35,0.075,0.0,0.383333,0.383333,0.075,0.366667,0.0,0.818547,1.44,1.593948,0.534297
volkan,2D_offset,42,42-36,0.533333,0.566667,0.391667,0.958333,0.825,0.0,0.0,0.570314,0.4,0.43893,0.336677
volkan,2D_offset,42,42-37,0.266667,0.525,0.008333,0.533333,0.533333,0.0,0.183333,0.414939,-0.24,0.472366,0.355251
volkan,2D_offset,42,42-38,0.25,0.516667,0.008333,0.525,0.525,0.0,0.158333,0.412091,-0.24,0.463793,0.348645
volkan,2D_offset,42,42-39,0.325,0.1,0.633333,0.733333,0.325,0.108333,0.0,0.736984,1.36,1.090693,0.50966
volkan,2D_offset,42,42-40,0.266667,0.058333,0.608333,0.666667,0.266667,0.133333,0.0,0.755583,1.4,1.189211,0.493526
volkan,2D_offset,42,42-41,0.441667,0.166667,0.608333,0.775,0.441667,0.091667,0.0,0.712436,1.16,0.969166,0.539123
volkan,2D_offset,42,42-42,0.391667,0.55,0.075,0.625,0.625,0.0,0.108333,0.449471,-0.44,0.418503,0.30969
volkan,2D_offset,42,42-43,0.591667,0.341667,0.583333,0.925,0.691667,0.025,0.0,0.644508,1.24,0.660366,0.466725
volkan,2D_offset,42,42-44,0.541667,0.4,0.508333,0.908333,0.691667,0.0,0.0,0.629388,0.52,0.620542,0.453403
volkan,2D_offset,42,42-45,0.558333,0.433333,0.516667,0.95,0.666667,0.0,0.0,0.634861,0.6,0.608527,0.427822
volkan,2D_offset,42,42-46,0.183333,0.008333,0.658333,0.666667,0.183333,0.141667,0.0,0.768174,1.16,1.248302,0.437602
volkan,2D_offset,42,42-47,0.558333,0.341667,0.575,0.916667,0.65,0.016667,0.0,0.652826,0.64,0.689772,0.460523
volkan,2D_offset,42,42-48,0.316667,0.066667,0.6,0.666667,0.316667,0.116667,0.0,0.744845,1.08,1.129727,0.493141
volkan,2D_offset,42,42-49,0.558333,0.45,0.525,0.975,0.758333,0.0,0.0,0.612915,0.88,0.561341,0.412423
volkan,2D_offset,42,42-50,0.575,0.325,0.575,0.9,0.616667,0.025,0.0,0.662207,0.64,0.719401,0.473887
volkan,2D_offset,42,42-51,0.325,0.091667,0.675,0.766667,0.325,0.091667,0.0,0.728856,1.12,1.041673,0.482339
volkan,2D_offset,42,42-52,0.0,0.041667,0.0,0.041667,0.041667,0.0,0.775,0.227933,-1.44,1.309288,0.583501
volkan,2D_offset,42,42-53,0.491667,0.55,0.3,0.85,0.791667,0.0,0.0,0.52578,0.2,0.392734,0.248931
volkan,2D_offset,42,42-54,0.491667,0.516667,0.25,0.766667,0.766667,0.0,0.041667,0.500455,-0.08,0.406185,0.253363
volkan,2D_offset,42,42-55,0.416667,0.508333,0.133333,0.641667,0.641667,0.0,0.108333,0.462299,-0.16,0.439298,0.285335
volkan,2D_offset,42,42-56,0.525,0.45,0.35,0.8,0.741667,0.0,0.016667,0.526094,-0.16,0.424418,0.273197
volkan,2D_offset,42,42-57,0.0,0.0,0.158333,0.158333,0.0,0.625,0.0,0.864534,1.4,1.957531,0.5515
volkan,2D_offset,42,42-58,0.25,0.5,0.008333,0.508333,0.508333,0.0,0.183333,0.413314,-0.08,0.466815,0.354484
volkan,2D_offset,42,42-59,0.108333,0.0,0.541667,0.541667,0.108333,0.258333,0.0,0.789281,1.44,1.3931,0.509617
volkan,2D_offset,42,42-60,0.0,0.0,0.0,0.0,0.0,0.0,0.883333,0.200626,-1.2,1.464952,0.533934
volkan,2D_offset,42,42-61,0.466667,0.533333,0.208333,0.741667,0.708333,0.0,0.016667,0.496395,-0.2,0.410839,0.257671
volkan,2D_offset,42,42-62,0.541667,0.45,0.458333,0.908333,0.683333,0.025,0.0,0.631925,0.76,0.615627,0.490948
volkan,2D_offset,42,42-63,0.375,0.108333,0.65,0.758333,0.375,0.108333,0.0,0.728251,0.96,1.036788,0.475712
volkan,2D_offset,42,42-64,0.35,0.05,0.633333,0.683333,0.35,0.133333,0.0,0.746462,1.44,1.144235,0.515287
volkan,2D_offset,42,42-65,0.216667,0.05,0.6,0.65,0.216667,0.158333,0.0,0.760324,1.4,1.21177,0.475791
volkan,2D_offset,42,42-66,0.491667,0.5,0.283333,0.783333,0.725,0.0,0.0,0.51387,0.04,0.420573,0.262218
volkan,2D_offset,42,42-67,0.45,0.533333,0.208333,0.741667,0.733333,0.0,0.058333,0.491082,-0.16,0.425182,0.263141
volkan,2D_offset,42,42-68,0.208333,0.008333,0.6,0.608333,0.208333,0.208333,0.0,0.770825,1.08,1.286248,0.526107
volkan,2D_offset,42,42-69,0.483333,0.5,0.4,0.9,0.758333,0.0,0.0,0.5631,0.4,0.469994,0.344284
volkan,2D_offset,42,42-70,0.016667,0.133333,0.0,0.133333,0.133333,0.0,0.616667,0.277528,-1.0,1.018722,0.529947
volkan,2D_offset,42,42-71,0.025,0.233333,0.0,0.233333,0.233333,0.0,0.466667,0.316217,-0.72,0.814496,0.461755
volkan,2D_offset,42,42-72,0.15,0.458333,0.0,0.458333,0.458333,0.0,0.25,0.38222,-0.72,0.548768,0.412395
volkan,2D_offset,42,42-73,0.425,0.108333,0.7,0.808333,0.441667,0.075,0.0,0.711583,1.08,0.949957,0.467877
volkan,2D_offset,42,42-74,0.541667,0.441667,0.483333,0.925,0.691667,0.008333,0.0,0.631288,0.68,0.61836,0.441329
volkan,2D_offset,42,42-75,0.391667,0.075,0.641667,0.716667,0.391667,0.116667,0.0,0.733761,1.0,1.075995,0.517656
volkan,2D_offset,42,42-76,0.491667,0.6,0.208333,0.808333,0.775,0.0,0.0,0.510884,0.04,0.384224,0.229364
volkan,2D_offset,42,42-77,0.533333,0.366667,0.541667,0.908333,0.666667,0.008333,0.0,0.640584,0.84,0.650173,0.458042
volkan,2D_offset,42,42-78,0.375,0.066667,0.7,0.766667,0.375,0.1,0.0,0.734168,1.04,1.068608,0.476679
volkan,2D_offset,42,42-79,0.5,0.525,0.35,0.875,0.783333,0.0,0.0,0.536605,0.16,0.415531,0.263108
volkan,2D_offset,42,42-80,0.525,0.225,0.616667,0.841667,0.541667,0.05,0.0,0.688063,0.56,0.83722,0.48538
volkan,2D_offset,42,42-81,0.275,0.516667,0.075,0.591667,0.591667,0.0,0.116667,0.431641,-0.2,0.445089,0.308334
volkan,2D_offset,42,42-82,0.558333,0.575,0.275,0.85,0.825,0.0,0.0,0.524464,-0.2,0.393885,0.242573
volkan,2D_offset,42,42-83,0.45,0.475,0.241667,0.716667,0.675,0.0,0.041667,0.493226,0.04,0.425596,0.265395
volkan,2D_offset,42,42-84,0.016667,0.191667,0.0,0.191667,0.191667,0.0,0.475,0.309376,-0.96,0.851359,0.47737
volkan,2D_offset,42,42-85,0.416667,0.141667,0.675,0.816667,0.441667,0.1,0.0,0.708096,1.12,0.941183,0.515249
volkan,2D_offset,42,42-86,0.466667,0.541667,0.208333,0.75,0.733333,0.0,0.025,0.49353,0.16,0.400993,0.24755
volkan,2D_offset,42,42-87,0.575,0.466667,0.5,0.966667,0.766667,0.0,0.0,0.598009,0.16,0.50266,0.370168
volkan,2D_offset,42,42-88,0.483333,0.208333,0.6,0.808333,0.483333,0.108333,0.0,0.704697,0.6,0.925757,0.522015
volkan,2D_offset,42,42-89,0.533333,0.191667,0.625,0.816667,0.558333,0.05,0.0,0.692841,1.12,0.865326,0.493932
volkan,2D_offset,42,42-90,0.408333,0.075,0.708333,0.783333,0.408333,0.075,0.0,0.724701,1.0,1.010518,0.436222
volkan,2D_offset,42,42-91,0.5,0.475,0.466667,0.941667,0.733333,0.0,0.0,0.596803,0.32,0.54844,0.404016
volkan,2D_offset,42,42-92,0.466667,0.583333,0.208333,0.791667,0.775,0.0,0.0,0.501988,0.32,0.376651,0.226006
volkan,2D_offset,42,42-93,0.516667,0.516667,0.391667,0.908333,0.733333,0.008333,0.0,0.581756,0.76,0.502361,0.39834
volkan,2D_offset,42,42-94,0.0,0.008333,0.0,0.008333,0.008333,0.0,0.816667,0.216281,-1.2,1.35326,0.487506
volkan,2D_offset,42,42-95,0.0,0.091667,0.0,0.091667,0.091667,0.0,0.65,0.262372,-1.12,1.087203,0.477816
volkan,2D_offset,42,42-96,0.0,0.1,0.0,0.1,0.1,0.0,0.65,0.264537,-1.0,1.085545,0.521893
volkan,2D_offset,42,42-97,0.083333,0.325,0.0,0.325,0.325,0.0,0.366667,0.346589,-0.68,0.689384,0.459001
volkan,2D_offset,42,42-98,0.516667,0.208333,0.633333,0.841667,0.525,0.041667,0.0,0.686792,0.88,0.827283,0.466195
volkan,2D_offset,42,42-99,0.1,0.308333,0.0,0.308333,0.308333,0.0,0.416667,0.337485,-1.52,0.759153,0.51151
volkan,2D_offset,42,42-100,0.458333,0.475,0.275,0.75,0.716667,0.0,0.025,0.49848,-0.08,0.420882,0.266094
volkan,2D_offset,42,42-101,0.066667,0.0,0.316667,0.316667,0.066667,0.533333,0.0,0.836897,1.92,1.750643,0.597464
volkan,2D_offset,42,42-102,0.525,0.608333,0.275,0.883333,0.85,0.0,0.0,0.525988,-0.12,0.3793,0.223018
volkan,2D_offset,42,42-103,0.266667,0.058333,0.65,0.708333,0.266667,0.116667,0.0,0.749503,1.16,1.147711,0.459187
volkan,2D_offset,42,42-104,0.133333,0.45,0.0,0.45,0.45,0.0,0.241667,0.377941,-0.88,0.553538,0.408092
volkan,2D_offset,42,42-105,0.5,0.5,0.408333,0.908333,0.75,0.0,0.0,0.566156,0.2,0.465361,0.32192
volkan,2D_offset,42,42-106,0.116667,0.475,0.0,0.475,0.475,0.0,0.283333,0.372581,-0.48,0.574501,0.423108
volkan,2D_offset,42,42-107,0.5,0.525,0.308333,0.833333,0.775,0.0,0.0,0.527068,0.04,0.403005,0.257168
volkan,2D_offset,42,42-108,0.266667,0.008333,0.675,0.683333,0.266667,0.141667,0.0,0.76344,1.2,1.228014,0.4668
volkan,2D_offset,42,42-109,0.0,0.0,0.0,0.0,0.0,0.0,0.908333,0.180192,-1.76,1.628966,0.612041
volkan,2D_offset,42,42-110,0.475,0.233333,0.566667,0.8,0.508333,0.075,0.0,0.691155,1.28,0.869022,0.560896
volkan,2D_offset,42,42-111,0.608333,0.408333,0.533333,0.941667,0.658333,0.008333,0.0,0.641076,0.72,0.619771,0.45327
volkan,2D_offset,42,42-112,0.391667,0.483333,0.15,0.633333,0.633333,0.0,0.075,0.462109,-0.08,0.414505,0.272658
volkan,2D_offset,42,42-113,0.0,0.075,0.0,0.075,0.075,0.0,0.733333,0.241295,-1.24,1.211248,0.510853
volkan,2D_offset,42,42-114,0.625,0.466667,0.516667,0.983333,0.75,0.008333,0.0,0.616219,0.88,0.545854,0.404925
volkan,2D_offset,42,42-115,0.425,0.533333,0.141667,0.675,0.675,0.0,0.05,0.467674,-0.08,0.411763,0.262965
volkan,2D_offset,42,42-116,0.566667,0.358333,0.525,0.883333,0.633333,0.041667,0.0,0.6594,0.68,0.714426,0.493387
volkan,2D_offset,42,42-117,0.575,0.466667,0.483333,0.95,0.716667,0.008333,0.0,0.613832,0.68,0.546582,0.411353
volkan,2D_offset,42,42-118,0.0,0.0,0.108333,0.108333,0.0,0.691667,0.0,0.875425,1.8,2.048339,0.522311
volkan,2D_offset,42,42-119,0.508333,0.583333,0.325,0.908333,0.816667,0.0,0.0,0.545409,0.52,0.421657,0.30809
volkan,2D_offset,42,42-120,0.125,0.416667,0.0,0.416667,0.416667,0.0,0.3,0.368922,-0.52,0.591766,0.423694
volkan,2D_offset,42,42-121,0.6,0.383333,0.541667,0.925,0.691667,0.016667,0.0,0.645136,0.88,0.660349,0.459751
volkan,2D_offset,42,42-122,0.508333,0.325,0.533333,0.858333,0.608333,0.033333,0.0,0.658238,0.8,0.742301,0.502559
volkan,2D_offset,42,42-123,0.0,0.0,0.233333,0.233333,0.0,0.525,0.0,0.844578,1.72,1.779282,0.518345
volkan,2D_offset,42,42-124,0.25,0.025,0.658333,0.683333,0.25,0.158333,0.0,0.760813,1.2,1.218822,0.491235
volkan,2D_offset,42,42-125,0.533333,0.283333,0.575,0.858333,0.583333,0.033333,0.0,0.672423,0.96,0.770055,0.497413
volkan,2D_offset,42,42-126,0.0,0.0,0.2,0.2,0.0,0.625,0.0,0.861459,1.76,1.927792,0.535656
volkan,2D_offset,42,42-127,0.041667,0.2,0.0,0.2,0.2,0.0,0.483333,0.30763,-1.0,0.862491,0.492394
volkan,2D_offset,42,42-128,0.391667,0.525,0.1,0.625,0.625,0.0,0.116667,0.449725,-0.4,0.422096,0.294477
volkan,2D_offset,42,42-129,0.166667,0.425,0.0,0.425,0.425,0.0,0.283333,0.369742,-0.76,0.605675,0.440077
volkan,2D_offset,42,42-130,0.516667,0.45,0.316667,0.766667,0.725,0.0,0.008333,0.516599,-0.04,0.424139,0.270355
volkan,2D_offset,42,42-131,0.0,0.066667,0.0,0.066667,0.066667,0.0,0.7,0.252541,-1.24,1.148429,0.51122
volkan,2D_offset,42,42-132,0.333333,0.075,0.691667,0.766667,0.333333,0.116667,0.0,0.734165,1.28,1.072731,0.495422
volkan,2D_offset,42,42-133,0.458333,0.441667,0.35,0.791667,0.666667,0.0,0.0,0.536439,0.2,0.487675,0.301659
volkan,2D_offset,42,42-134,0.0,0.066667,0.0,0.066667,0.066667,0.0,0.683333,0.253279,-1.0,1.149206,0.530496
volkan,2D_offset,42,42-135,0.108333,0.383333,0.0,0.383333,0.383333,0.0,0.358333,0.352126,-0.4,0.66119,0.47143
volkan,2D_offset,42,42-136,0.525,0.291667,0.55,0.841667,0.575,0.05,0.0,0.675033,1.12,0.790475,0.527775
volkan,2D_offset,42,42-137,0.225,0.025,0.55,0.575,0.225,0.2,0.0,0.77051,1.4,1.295474,0.568361
volkan,2D_offset,42,42-138,0.0,0.0,0.0,0.0,0.0,0.891667,0.0,0.911236,2.08,2.445049,0.540345
volkan,2D_offset,42,42-139,0.0,0.0,0.0,0.0,0.0,1.0,0.0,0.961934,2.16,3.374968,0.57066
volkan,2D_offset,42,42-140,0.483333,0.208333,0.6,0.808333,0.508333,0.083333,0.0,0.697707,1.12,0.896915,0.5393
volkan,2D_offset,42,42-141,0.091667,0.333333,0.0,0.333333,0.333333,0.0,0.333333,0.344522,-1.08,0.708759,0.48981
volkan,2D_offset,42,42-142,0.0,0.0,0.0,0.0,0.0,0.0,0.991667,0.130766,-1.8,2.021271,0.60051
volkan,2D_offset,42,42-143,0.575,0.358333,0.566667,0.925,0.641667,0.0,0.0,0.652215,0.48,0.672935,0.442616
volkan,2D_offset,42,42-144,0.125,0.383333,0.008333,0.391667,0.391667,0.0,0.3,0.370658,-0.88,0.608065,0.410653
volkan,2D_offset,42,42-145,0.483333,0.45,0.316667,0.766667,0.708333,0.0,0.025,0.517965,0.24,0.428978,0.28023
volkan,2D_offset,42,42-146,0.408333,0.483333,0.141667,0.625,0.625,0.0,0.116667,0.456656,0.04,0.447642,0.293407
volkan,2D_offset,42,42-147,0.575,0.508333,0.433333,0.941667,0.775,0.0,0.0,0.582709,0.32,0.47145,0.349527
volkan,2D_offset,42,42-148,0.125,0.0,0.391667,0.391667,0.125,0.366667,0.0,0.81171,1.4,1.556011,0.56318
volkan,2D_offset,42,42-149,0.525,0.4,0.533333,0.933333,0.675,0.008333,0.0,0.633445,0.44,0.623713,0.446698
volkan,2D_offset,42,42-150,0.5,0.516667,0.433333,0.95,0.758333,0.0,0.0,0.576804,0.12,0.483262,0.333274
volkan,2D_offset,42,42-151,0.05,0.3,0.0,0.3,0.3,0.0,0.391667,0.337542,-0.92,0.727924,0.463681
volkan,2D_offset,42,42-152,0.0,0.0,0.0,0.0,0.0,0.0,0.841667,0.208958,-1.16,1.408034,0.521604
volkan,2D_offset,42,42-153,0.441667,0.558333,0.166667,0.725,0.683333,0.0,0.033333,0.48644,0.28,0.426083,0.261987
volkan,2D_offset,42,42-154,0.566667,0.533333,0.433333,0.966667,0.783333,0.0,0.0,0.585583,0.56,0.470396,0.360117
volkan,2D_offset,42,42-155,0.0,0.0,0.041667,0.041667,0.0,0.783333,0.0,0.891348,1.76,2.206913,0.52113
volkan,2D_offset,42,42-156,0.6,0.525,0.441667,0.966667,0.783333,0.008333,0.0,0.608026,0.96,0.518949,0.413032
volkan,2D_offset,42,42-157,0.175,0.0,0.458333,0.458333,0.175,0.316667,0.0,0.794182,1.48,1.460224,0.625959
volkan,2D_offset,42,42-158,0.45,0.558333,0.158333,0.716667,0.716667,0.0,0.058333,0.478825,0.0,0.411937,0.256116
volkan,2D_offset,42,42-159,0.033333,0.208333,0.0,0.208333,0.208333,0.0,0.483333,0.312554,-0.68,0.842623,0.492802
volkan,2D_offset,42,42-160,0.066667,0.341667,0.0,0.341667,0.341667,0.0,0.391667,0.341857,-0.88,0.718381,0.476109
volkan,2D_offset,42,42-161,0.35,0.533333,0.05,0.583333,0.583333,0.0,0.116667,0.438176,-0.28,0.421413,0.311618
volkan,2D_offset,42,42-162,0.0,0.0,0.0,0.0,0.0,0.95,0.0,0.921878,2.08,2.619788,0.623666
volkan,2D_offset,42,42-163,0.233333,0.475,0.025,0.5,0.5,0.0,0.2,0.403161,-0.24,0.504069,0.368741
volkan,2D_offset,42,42-164,0.233333,0.033333,0.525,0.558333,0.233333,0.275,0.0,0.77748,1.44,1.348049,0.602044
volkan,2D_offset,42,42-165,0.125,0.391667,0.008333,0.4,0.4,0.0,0.333333,0.364299,-0.84,0.634035,0.454156
volkan,2D_offset,42,42-166,0.2,0.016667,0.441667,0.458333,0.2,0.308333,0.0,0.792021,1.16,1.432154,0.580025
volkan,2D_offset,42,42-167,0.608333,0.266667,0.608333,0.875,0.616667,0.025,0.0,0.668197,0.84,0.738595,0.466264
volkan,2D_offset,42,42-168,0.508333,0.508333,0.416667,0.925,0.758333,0.0,0.0,0.567333,0.16,0.464241,0.326147
volkan,2D_offset,42,42-169,0.491667,0.541667,0.433333,0.975,0.783333,0.0,0.0,0.575703,0.4,0.48485,0.342534
volkan,2D_offset,42,42-170,0.375,0.533333,0.108333,0.641667,0.641667,0.0,0.108333,0.449701,-0.4,0.427237,0.296167
volkan,2D_offset,42,42-171,0.491667,0.191667,0.608333,0.8,0.5,0.108333,0.0,0.700637,1.32,0.913981,0.558644
volkan,2D_offset,42,42-172,0.408333,0.541667,0.15,0.691667,0.691667,0.0,0.058333,0.471416,-0.32,0.403951,0.270869
volkan,2D_offset,42,42-173,0.008333,0.175,0.0,0.175,0.175,0.0,0.583333,0.286566,-1.04,0.976435,0.548438
volkan,2D_offset,42,42-174,0.008333,0.133333,0.0,0.133333,0.133333,0.0,0.616667,0.280392,-1.04,0.994786,0.486955
volkan,2D_offset,42,42-175,0.541667,0.441667,0.525,0.966667,0.691667,0.0,0.0,0.631315,0.48,0.607399,0.433857
volkan,2D_offset,42,42-176,0.0,0.0,0.1,0.1,0.0,0.641667,0.0,0.871945,1.8,2.029653,0.567196
volkan,2D_offset,42,42-177,0.608333,0.391667,0.575,0.966667,0.7,0.0,0.0,0.638352,0.52,0.610273,0.411199
volkan,2D_offset,42,42-178,0.516667,0.5,0.45,0.95,0.783333,0.0,0.0,0.573803,0.08,0.474392,0.330271
volkan,2D_offset,42,42-179,0.508333,0.266667,0.583333,0.85,0.566667,0.033333,0.0,0.675619,0.92,0.795829,0.494613
volkan,2D_offset,42,42-180,0.058333,0.0,0.266667,0.266667,0.058333,0.541667,0.0,0.840044,1.64,1.759733,0.558084
volkan,2D_offset,42,42-181,0.525,0.45,0.5,0.95,0.7,0.0,0.0,0.621922,0.52,0.582525,0.426157
volkan,2D_offset,42,42-182,0.483333,0.491667,0.275,0.766667,0.75,0.0,0.0,0.504301,0.12,0.399106,0.24602
volkan,2D_offset,42,42-183,0.083333,0.0,0.366667,0.366667,0.083333,0.308333,0.0,0.811586,1.4,1.5263,0.46693
volkan,2D_offset,42,42-184,0.55,0.208333,0.65,0.858333,0.55,0.008333,0.0,0.684789,0.88,0.81564,0.463486
volkan,2D_offset,42,42-185,0.0,0.0,0.133333,0.133333,0.0,0.65,0.0,0.868781,1.88,1.994043,0.547326
volkan,2D_offset,42,42-186,0.616667,0.425,0.516667,0.941667,0.683333,0.0,0.0,0.638253,0.64,0.610383,0.436194
volkan,2D_offset,42,42-187,0.016667,0.133333,0.0,0.133333,0.133333,0.0,0.558333,0.290487,-1.04,0.940014,0.468715
volkan,2D_offset,42,42-188,0.0,0.1,0.0,0.1,0.1,0.0,0.625,0.264812,-1.08,1.086064,0.529897
volkan,2D_offset,42,42-189,0.0,0.0,0.1,0.1,0.0,0.675,0.0,0.882017,1.84,2.134864,0.585218
volkan,2D_offset,42,42-190,0.0,0.0,0.083333,0.083333,0.0,0.733333,0.0,0.886839,1.88,2.171648,0.556344
volkan,2D_offset,42,42-191,0.533333,0.533333,0.375,0.908333,0.833333,0.0,0.008333,0.545679,-0.12,0.413372,0.27939
volkan,2D_offset,42,42-192,0.441667,0.475,0.291667,0.766667,0.691667,0.0,0.041667,0.509598,0.36,0.454948,0.282552
volkan,2D_offset,42,42-193,0.0,0.0,0.175,0.175,0.0,0.583333,0.0,0.85988,2.04,1.921035,0.555795
volkan,2D_offset,42,42-194,0.033333,0.2,0.0,0.2,0.2,0.0,0.475,0.314195,-1.04,0.83056,0.474416
volkan,2D_offset,42,42-195,0.15,0.358333,0.008333,0.366667,0.366667,0.0,0.3,0.366541,-1.12,0.629279,0.445671
volkan,2D_offset,42,42-196,0.325,0.108333,0.625,0.733333,0.325,0.116667,0.0,0.738329,1.24,1.093798,0.49065
volkan,2D_offset,42,42-197,0.508333,0.475,0.283333,0.758333,0.733333,0.0,0.025,0.508991,-0.24,0.421659,0.266185
volkan,2D_offset,42,42-198,0.516667,0.516667,0.441667,0.958333,0.783333,0.0,0.0,0.588601,0.56,0.479861,0.379899
volkan,2D_offset,42,42-199,0.491667,0.525,0.416667,0.941667,0.791667,0.0,0.0,0.562194,0.28,0.43962,0.320948
volkan,2D_offset,137,137-0,0.225,0.508333,0.016667,0.525,0.525,0.0,0.2,0.404278,-0.4,0.49543,0.358463
volkan,2D_offset,137,137-1,0.316667,0.483333,0.058333,0.541667,0.541667,0.0,0.191667,0.419136,-0.4,0.496694,0.388624
volkan,2D_offset,137,137-2,0.333333,0.508333,0.083333,0.591667,0.591667,0.0,0.125,0.434894,-0.4,0.451332,0.332819
volkan,2D_offset,137,137-3,0.541667,0.458333,0.5,0.958333,0.733333,0.0,0.0,0.60723,0.48,0.558527,0.39582
volkan,2D_offset,137,137-4,0.425,0.541667,0.091667,0.633333,0.633333,0.0,0.058333,0.462796,-0.24,0.379132,0.248299
volkan,2D_offset,137,137-5,0.058333,0.291667,0.0,0.291667,0.291667,0.0,0.416667,0.327588,-1.36,0.777262,0.491433
volkan,2D_offset,137,137-6,0.558333,0.4,0.525,0.925,0.675,0.008333,0.0,0.638309,0.48,0.630675,0.462525
volkan,2D_offset,137,137-7,0.383333,0.5,0.116667,0.616667,0.616667,0.0,0.133333,0.445762,-0.08,0.466327,0.310301
volkan,2D_offset,137,137-8,0.0,0.0,0.0,0.0,0.0,0.0,0.983333,0.163413,-1.32,1.715401,0.506214
volkan,2D_offset,137,137-9,0.0,0.0,0.0,0.0,0.0,0.866667,0.0,0.904121,1.96,2.33477,0.479807
volkan,2D_offset,137,137-10,0.0,0.0,0.083333,0.083333,0.0,0.691667,0.0,0.876271,1.68,2.056443,0.52859
volkan,2D_offset,137,137-11,0.083333,0.275,0.0,0.275,0.275,0.0,0.425,0.334331,-0.36,0.741545,0.459191
volkan,2D_offset,137,137-12,0.466667,0.483333,0.291667,0.775,0.733333,0.0,0.016667,0.512607,0.28,0.418767,0.262258
volkan,2D_offset,137,137-13,0.5,0.508333,0.45,0.958333,0.783333,0.0,0.0,0.576794,0.24,0.490971,0.361277
volkan,2D_offset,137,137-14,0.2,0.0,0.475,0.475,0.2,0.341667,0.0,0.794147,1.56,1.454342,0.612496
volkan,2D_offset,137,137-15,0.0,0.0,0.0,0.0,0.0,0.0,1.0,0.082777,-1.84,2.563079,0.627467
volkan,2D_offset,137,137-16,0.2,0.491667,0.008333,0.5,0.5,0.0,0.225,0.398168,-0.48,0.513558,0.383871
volkan,2D_offset,137,137-17,0.558333,0.4,0.533333,0.933333,0.675,0.016667,0.0,0.640854,0.72,0.6457,0.462357
volkan,2D_offset,137,137-18,0.0,0.0,0.0,0.0,0.0,0.0,0.908333,0.17986,-1.52,1.629022,0.60503
volkan,2D_offset,137,137-19,0.408333,0.508333,0.133333,0.641667,0.641667,0.0,0.125,0.452414,0.04,0.450604,0.297238
volkan,2D_offset,137,137-20,0.458333,0.525,0.275,0.8,0.725,0.0,0.0,0.52494,0.28,0.410377,0.255626
volkan,2D_offset,137,137-21,0.483333,0.558333,0.233333,0.791667,0.783333,0.0,0.016667,0.505027,-0.08,0.388656,0.235042
volkan,2D_offset,137,137-22,0.066667,0.325,0.0,0.325,0.325,0.0,0.375,0.338886,-0.8,0.718341,0.468094
volkan,2D_offset,137,137-23,0.108333,0.0,0.416667,0.416667,0.108333,0.266667,0.0,0.803844,1.32,1.477137,0.476387
volkan,2D_offset,137,137-24,0.358333,0.491667,0.15,0.641667,0.641667,0.0,0.1,0.456962,0.0,0.444893,0.292868
volkan,2D_offset,137,137-25,0.225,0.025,0.641667,0.666667,0.225,0.183333,0.0,0.762406,0.8,1.223242,0.471095
volkan,2D_offset,137,137-26,0.516667,0.516667,0.333333,0.85,0.758333,0.0,0.0,0.534249,0.36,0.423128,0.286206
volkan,2D_offset,137,137-27,0.541667,0.375,0.525,0.9,0.65,0.008333,0.0,0.64475,0.68,0.668261,0.467124
volkan,2D_offset,137,137-28,0.508333,0.591667,0.183333,0.775,0.775,0.0,0.033333,0.493103,-0.4,0.386419,0.237375
volkan,2D_offset,137,137-29,0.108333,0.0,0.416667,0.416667,0.108333,0.3,0.0,0.807592,1.0,1.515771,0.524194
volkan,2D_offset,137,137-30,0.558333,0.275,0.591667,0.866667,0.591667,0.041667,0.0,0.672197,1.2,0.769919,0.492559
volkan,2D_offset,137,137-31,0.116667,0.391667,0.0,0.391667,0.391667,0.0,0.341667,0.365256,-0.52,0.618136,0.424241
volkan,2D_offset,137,137-32,0.325,0.075,0.566667,0.641667,0.325,0.133333,0.0,0.74905,1.56,1.159073,0.51815
volkan,2D_offset,137,137-33,0.0,0.0,0.0,0.0,0.0,1.0,0.0,0.952032,1.96,3.112116,0.526075
volkan,2D_offset,137,137-34,0.0,0.0,0.0,0.0,0.0,0.0,0.866667,0.200416,-1.24,1.462749,0.522446
volkan,2D_offset,137,137-35,0.6,0.525,0.45,0.975,0.85,0.0,0.0,0.574607,0.24,0.430377,0.328168
volkan,2D_offset,137,137-36,0.508333,0.425,0.475,0.9,0.683333,0.008333,0.0,0.617145,0.76,0.58558,0.435921
volkan,2D_offset,137,137-37,0.541667,0.491667,0.375,0.866667,0.741667,0.0,0.0,0.552608,-0.0,0.456996,0.296648
volkan,2D_offset,137,137-38,0.2,0.0,0.525,0.525,0.2,0.283333,0.0,0.786871,1.48,1.401361,0.58726
volkan,2D_offset,137,137-39,0.508333,0.516667,0.358333,0.875,0.766667,0.0,0.0,0.546224,0.04,0.434297,0.290298
volkan,2D_offset,137,137-40,0.25,0.016667,0.675,0.691667,0.25,0.166667,0.0,0.757534,1.0,1.194184,0.4652
volkan,2D_offset,137,137-41,0.35,0.075,0.65,0.725,0.35,0.133333,0.0,0.74069,1.28,1.114515,0.523291
volkan,2D_offset,137,137-42,0.091667,0.341667,0.0,0.341667,0.341667,0.0,0.316667,0.356978,-0.8,0.646786,0.436483
volkan,2D_offset,137,137-43,0.025,0.25,0.0,0.25,0.25,0.0,0.441667,0.323359,-0.88,0.784513,0.470523
volkan,2D_offset,137,137-44,0.0,0.0,0.1,0.1,0.0,0.783333,0.0,0.895456,2.08,2.310278,0.664123
volkan,2D_offset,137,137-45,0.525,0.533333,0.391667,0.925,0.8,0.0,0.0,0.558939,0.52,0.43417,0.324464
volkan,2D_offset,137,137-46,0.541667,0.408333,0.508333,0.916667,0.683333,0.016667,0.0,0.63262,0.6,0.618279,0.469088
volkan,2D_offset,137,137-47,0.0,0.0,0.133333,0.133333,0.0,0.683333,0.0,0.870632,1.8,1.995061,0.493915
volkan,2D_offset,137,137-48,0.325,0.091667,0.683333,0.775,0.325,0.058333,0.0,0.732779,1.44,1.056872,0.458497
volkan,2D_offset,137,137-49,0.416667,0.533333,0.141667,0.675,0.675,0.0,0.041667,0.461503,0.08,0.408711,0.262347
volkan,2D_offset,137,137-50,0.483333,0.483333,0.275,0.758333,0.741667,0.0,0.016667,0.502912,-0.04,0.408153,0.256491
volkan,2D_offset,137,137-51,0.108333,0.0,0.425,0.425,0.108333,0.358333,0.0,0.81138,1.52,1.565825,0.602042
volkan,2D_offset,137,137-52,0.008333,0.0,0.275,0.275,0.008333,0.575,0.0,0.845007,1.64,1.76045,0.436782
volkan,2D_offset,137,137-53,0.466667,0.533333,0.341667,0.875,0.766667,0.0,0.016667,0.538229,0.32,0.425813,0.297923
volkan,2D_offset,137,137-54,0.008333,0.0,0.266667,0.266667,0.008333,0.491667,0.0,0.83989,1.76,1.725483,0.457277
volkan,2D_offset,137,137-55,0.475,0.541667,0.225,0.766667,0.725,0.0,0.008333,0.502848,0.12,0.413792,0.246722
volkan,2D_offset,137,137-56,0.6,0.408333,0.508333,0.916667,0.691667,0.008333,0.0,0.637691,1.0,0.615915,0.455662
volkan,2D_offset,137,137-57,0.0,0.15,0.0,0.15,0.15,0.0,0.566667,0.285549,-1.32,0.975493,0.523626
volkan,2D_offset,137,137-58,0.5,0.533333,0.366667,0.9,0.783333,0.0,0.0,0.550926,0.24,0.431196,0.302471
volkan,2D_offset,137,137-59,0.433333,0.141667,0.65,0.791667,0.433333,0.091667,0.0,0.712213,1.04,0.960612,0.508842
volkan,2D_offset,137,137-60,0.508333,0.216667,0.65,0.866667,0.558333,0.025,0.0,0.683286,0.88,0.8233,0.457012
volkan,2D_offset,137,137-61,0.316667,0.008333,0.7,0.708333,0.316667,0.125,0.0,0.746144,0.96,1.130476,0.462463
volkan,2D_offset,137,137-62,0.308333,0.508333,0.066667,0.575,0.575,0.0,0.175,0.427148,-0.08,0.482907,0.334851
volkan,2D_offset,137,137-63,0.466667,0.491667,0.35,0.841667,0.658333,0.0,0.0,0.550754,0.24,0.477798,0.30463
volkan,2D_offset,137,137-64,0.516667,0.5,0.433333,0.933333,0.75,0.0,0.0,0.574801,0.24,0.484083,0.342631
volkan,2D_offset,137,137-65,0.0,0.0,0.075,0.075,0.0,0.725,0.0,0.886744,1.84,2.175499,0.569635
volkan,2D_offset,137,137-66,0.025,0.225,0.0,0.225,0.225,0.0,0.458333,0.313698,-0.6,0.826981,0.470808
volkan,2D_offset,137,137-67,0.525,0.483333,0.325,0.808333,0.725,0.0,0.0,0.52954,-0.04,0.440394,0.280026
volkan,2D_offset,137,137-68,0.55,0.491667,0.441667,0.933333,0.75,0.0,0.0,0.581818,0.24,0.491328,0.340016
volkan,2D_offset,137,137-69,0.0,0.0,0.0,0.0,0.0,1.0,0.0,0.968763,2.32,3.611444,0.627198
volkan,2D_offset,137,137-70,0.333333,0.1,0.6,0.7,0.333333,0.175,0.0,0.738508,1.48,1.12875,0.623777
volkan,2D_offset,137,137-71,0.541667,0.508333,0.441667,0.95,0.783333,0.0,0.0,0.575044,0.16,0.46048,0.32824
volkan,2D_offset,137,137-72,0.55,0.491667,0.475,0.966667,0.783333,0.0,0.0,0.60375,0.4,0.529161,0.410527
volkan,2D_offset,137,137-73,0.0,0.025,0.0,0.025,0.025,0.0,0.825,0.203119,-1.4,1.46294,0.579017
volkan,2D_offset,137,137-74,0.475,0.425,0.483333,0.908333,0.666667,0.033333,0.0,0.631187,0.56,0.648395,0.505724
volkan,2D_offset,137,137-75,0.025,0.0,0.3,0.3,0.025,0.566667,0.0,0.840285,1.84,1.760273,0.549887
volkan,2D_offset,137,137-76,0.516667,0.516667,0.4,0.916667,0.808333,0.0,0.0,0.556545,0.16,0.425272,0.302063
volkan,2D_offset,137,137-77,0.458333,0.491667,0.225,0.716667,0.716667,0.0,0.058333,0.478592,-0.2,0.41916,0.268609
volkan,2D_offset,137,137-78,0.5,0.516667,0.3,0.816667,0.733333,0.0,0.0,0.526159,0.12,0.429765,0.271936
volkan,2D_offset,137,137-79,0.258333,0.041667,0.541667,0.583333,0.258333,0.25,0.0,0.773808,1.32,1.321318,0.588162
volkan,2D_offset,137,137-80,0.358333,0.141667,0.616667,0.758333,0.358333,0.108333,0.0,0.727677,1.36,1.046204,0.531501
volkan,2D_offset,137,137-81,0.1,0.0,0.416667,0.416667,0.1,0.375,0.0,0.815209,1.76,1.575027,0.551744
volkan,2D_offset,137,137-82,0.583333,0.4,0.533333,0.933333,0.658333,0.008333,0.0,0.64185,0.6,0.633244,0.453392
volkan,2D_offset,137,137-83,0.3,0.041667,0.641667,0.683333,0.3,0.15,0.0,0.751576,1.4,1.167993,0.496866
volkan,2D_offset,137,137-84,0.183333,0.525,0.0,0.525,0.525,0.0,0.225,0.394479,-0.48,0.499918,0.389707
volkan,2D_offset,137,137-85,0.5,0.425,0.458333,0.883333,0.666667,0.008333,0.0,0.627901,0.92,0.648788,0.494044
volkan,2D_offset,137,137-86,0.041667,0.291667,0.0,0.291667,0.291667,0.0,0.433333,0.331509,-0.76,0.744389,0.452626
volkan,2D_offset,137,137-87,0.316667,0.491667,0.091667,0.583333,0.583333,0.0,0.166667,0.430221,-0.12,0.4755,0.324824
volkan,2D_offset,137,137-88,0.208333,0.458333,0.008333,0.466667,0.466667,0.0,0.233333,0.391428,-0.24,0.540516,0.398616
volkan,2D_offset,137,137-89,0.558333,0.525,0.408333,0.933333,0.808333,0.0,0.0,0.564878,0.28,0.430284,0.319979
volkan,2D_offset,137,137-90,0.091667,0.0,0.4,0.4,0.091667,0.35,0.0,0.812415,1.16,1.544188,0.509361
volkan,2D_offset,137,137-91,0.6,0.191667,0.691667,0.883333,0.6,0.016667,0.0,0.67859,0.96,0.781193,0.429268
volkan,2D_offset,137,137-92,0.033333,0.291667,0.0,0.291667,0.291667,0.0,0.416667,0.335227,-0.56,0.725222,0.442909
volkan,2D_offset,137,137-93,0.366667,0.125,0.608333,0.733333,0.366667,0.116667,0.0,0.725116,1.28,1.035549,0.544751
volkan,2D_offset,137,137-94,0.0,0.0,0.0,0.0,0.0,0.95,0.0,0.925321,2.08,2.632331,0.524634
volkan,2D_offset,137,137-95,0.025,0.0,0.241667,0.241667,0.025,0.575,0.0,0.843758,1.6,1.780338,0.52832
volkan,2D_offset,137,137-96,0.258333,0.058333,0.583333,0.641667,0.258333,0.158333,0.0,0.752325,1.44,1.178803,0.525242
volkan,2D_offset,137,137-97,0.033333,0.0,0.325,0.325,0.033333,0.441667,0.0,0.826327,1.64,1.632206,0.478103
volkan,2D_offset,137,137-98,0.066667,0.0,0.308333,0.308333,0.066667,0.508333,0.0,0.835876,1.52,1.745199,0.606904
volkan,2D_offset,137,137-99,0.525,0.225,0.641667,0.866667,0.55,0.016667,0.0,0.684406,0.44,0.817145,0.465267
volkan,2D_offset,137,137-100,0.441667,0.491667,0.308333,0.8,0.683333,0.0,0.0,0.533922,0.36,0.465866,0.301902
volkan,2D_offset,137,137-101,0.0,0.0,0.0,0.0,0.0,0.941667,0.0,0.917641,1.84,2.532812,0.569194
volkan,2D_offset,137,137-102,0.558333,0.266667,0.616667,0.883333,0.6,0.016667,0.0,0.672081,0.84,0.76756,0.472595
volkan,2D_offset,137,137-103,0.016667,0.0,0.283333,0.283333,0.016667,0.533333,0.0,0.838151,1.48,1.723863,0.492524
volkan,2D_offset,137,137-104,0.541667,0.483333,0.45,0.933333,0.75,0.008333,0.0,0.60739,0.52,0.538185,0.437427
volkan,2D_offset,137,137-105,0.0,0.0,0.0,0.0,0.0,0.966667,0.0,0.92177,1.92,2.583318,0.542423
volkan,2D_offset,137,137-106,0.0,0.0,0.0,0.0,0.0,0.0,1.0,0.052998,-2.24,3.103534,0.721188
volkan,2D_offset,137,137-107,0.516667,0.508333,0.316667,0.825,0.75,0.0,0.0,0.529511,0.0,0.419942,0.269287
volkan,2D_offset,137,137-108,0.0,0.0,0.0,0.0,0.0,0.0,1.0,0.055583,-2.2,3.049439,0.719642
volkan,2D_offset,137,137-109,0.0,0.0,0.108333,0.108333,0.0,0.733333,0.0,0.886051,1.84,2.192314,0.625058
volkan,2D_offset,137,137-110,0.366667,0.483333,0.116667,0.6,0.6,0.0,0.083333,0.454904,0.08,0.420016,0.272771
volkan,2D_offset,137,137-111,0.033333,0.0,0.325,0.325,0.033333,0.508333,0.0,0.833921,1.84,1.700264,0.518643
volkan,2D_offset,137,137-112,0.45,0.5,0.225,0.725,0.708333,0.0,0.075,0.48601,-0.4,0.427875,0.274525
volkan,2D_offset,137,137-113,0.375,0.55,0.075,0.625,0.625,0.0,0.1,0.450664,-0.28,0.401981,0.281115
volkan,2D_offset,137,137-114,0.483333,0.475,0.308333,0.783333,0.716667,0.0,0.016667,0.519348,0.12,0.434535,0.277651
volkan,2D_offset,137,137-115,0.475,0.5,0.333333,0.833333,0.758333,0.0,0.016667,0.528277,0.04,0.404803,0.264525
volkan,2D_offset,137,137-116,0.025,0.0,0.308333,0.308333,0.025,0.466667,0.0,0.834324,1.52,1.696226,0.4984
volkan,2D_offset,137,137-117,0.316667,0.541667,0.041667,0.583333,0.583333,0.0,0.125,0.431783,-0.36,0.438683,0.32086
volkan,2D_offset,137,137-118,0.0,0.0,0.0,0.0,0.0,0.0,0.908333,0.180606,-1.52,1.605814,0.551801
volkan,2D_offset,137,137-119,0.45,0.491667,0.325,0.816667,0.708333,0.0,0.008333,0.52641,0.24,0.432495,0.283479
volkan,2D_offset,137,137-120,0.0,0.0,0.0,0.0,0.0,0.875,0.0,0.907203,2.04,2.39915,0.544331
volkan,2D_offset,137,137-121,0.0,0.0,0.0,0.0,0.0,0.991667,0.0,0.927292,2.12,2.677787,0.56984
volkan,2D_offset,137,137-122,0.5,0.416667,0.55,0.966667,0.691667,0.0,0.0,0.625603,0.12,0.597295,0.416757
volkan,2D_offset,137,137-123,0.008333,0.125,0.0,0.125,0.125,0.0,0.641667,0.268748,-1.2,1.070982,0.549951
volkan,2D_offset,137,137-124,0.0,0.033333,0.0,0.033333,0.033333,0.0,0.825,0.203619,-1.6,1.461773,0.584686
volkan,2D_offset,137,137-125,0.558333,0.483333,0.5,0.983333,0.75,0.0,0.0,0.608977,0.28,0.5324,0.379555
volkan,2D_offset,137,137-126,0.566667,0.358333,0.558333,0.916667,0.65,0.016667,0.0,0.65059,0.68,0.669816,0.466389
volkan,2D_offset,137,137-127,0.141667,0.441667,0.0,0.441667,0.441667,0.0,0.275,0.37965,-0.6,0.558522,0.41367
volkan,2D_offset,137,137-128,0.541667,0.533333,0.391667,0.925,0.8,0.0,0.0,0.553907,0.24,0.414943,0.29767
volkan,2D_offset,137,137-129,0.158333,0.0,0.441667,0.441667,0.158333,0.3,0.0,0.799186,1.52,1.465338,0.539714
volkan,2D_offset,137,137-130,0.508333,0.45,0.408333,0.858333,0.725,0.0,0.0,0.553265,-0.16,0.473074,0.306132
volkan,2D_offset,137,137-131,0.533333,0.475,0.35,0.825,0.758333,0.0,0.016667,0.533439,-0.08,0.427728,0.272629
volkan,2D_offset,137,137-132,0.466667,0.108333,0.691667,0.8,0.466667,0.05,0.0,0.705805,0.84,0.923138,0.485592
volkan,2D_offset,137,137-133,0.041667,0.208333,0.0,0.208333,0.208333,0.0,0.491667,0.304538,-0.84,0.882767,0.508098
volkan,2D_offset,137,137-134,0.483333,0.333333,0.55,0.883333,0.608333,0.025,0.0,0.652699,0.6,0.726898,0.488801
volkan,2D_offset,137,137-135,0.575,0.266667,0.633333,0.9,0.591667,0.008333,0.0,0.670131,0.8,0.746917,0.455885
volkan,2D_offset,137,137-136,0.591667,0.483333,0.483333,0.966667,0.775,0.0,0.0,0.602155,0.4,0.513845,0.389418
volkan,2D_offset,137,137-137,0.55,0.566667,0.283333,0.85,0.816667,0.0,0.008333,0.522278,-0.36,0.398596,0.243645
volkan,2D_offset,137,137-138,0.566667,0.425,0.525,0.95,0.725,0.0,0.0,0.611278,0.44,0.548401,0.395211
volkan,2D_offset,137,137-139,0.1,0.0,0.466667,0.466667,0.1,0.308333,0.0,0.806394,1.36,1.511318,0.539751
volkan,2D_offset,137,137-140,0.0,0.0,0.0,0.0,0.0,0.0,1.0,0.099678,-1.92,2.367055,0.667082
volkan,2D_offset,137,137-141,0.133333,0.0,0.45,0.45,0.133333,0.208333,0.0,0.789341,1.48,1.389095,0.493954
volkan,2D_offset,137,137-142,0.566667,0.483333,0.491667,0.975,0.791667,0.0,0.0,0.590996,0.16,0.500848,0.370687
volkan,2D_offset,137,137-143,0.408333,0.516667,0.133333,0.65,0.65,0.0,0.1,0.459081,-0.2,0.428357,0.287908
volkan,2D_offset,137,137-144,0.583333,0.333333,0.6,0.933333,0.675,0.016667,0.0,0.645282,0.96,0.654694,0.448224
volkan,2D_offset,137,137-145,0.391667,0.1,0.658333,0.758333,0.391667,0.1,0.0,0.726937,0.92,1.032641,0.485952
volkan,2D_offset,137,137-146,0.2,0.0,0.533333,0.533333,0.2,0.266667,0.0,0.784041,1.56,1.375329,0.559026
volkan,2D_offset,137,137-147,0.458333,0.5,0.233333,0.733333,0.725,0.0,0.033333,0.491048,-0.2,0.401941,0.251487
volkan,2D_offset,137,137-148,0.233333,0.516667,0.016667,0.533333,0.533333,0.0,0.15,0.413456,-0.52,0.45474,0.352127
volkan,2D_offset,137,137-149,0.583333,0.55,0.441667,0.991667,0.791667,0.0,0.0,0.600153,0.72,0.48421,0.368898
volkan,2D_offset,137,137-150,0.058333,0.35,0.0,0.35,0.35,0.0,0.341667,0.34811,-0.88,0.670526,0.434717
volkan,2D_offset,137,137-151,0.0,0.0,0.066667,0.066667,0.0,0.758333,0.0,0.881713,1.64,2.082107,0.441524
volkan,2D_offset,137,137-152,0.0,0.0,0.0,0.0,0.0,1.0,0.0,0.982471,2.32,4.226534,0.673107
volkan,2D_offset,137,137-153,0.158333,0.458333,0.0,0.458333,0.458333,0.0,0.233333,0.387179,-0.72,0.533491,0.391205
volkan,2D_offset,137,137-154,0.0,0.0,0.041667,0.041667,0.0,0.758333,0.0,0.885516,1.48,2.137059,0.500652
volkan,2D_offset,137,137-155,0.358333,0.05,0.683333,0.733333,0.358333,0.091667,0.0,0.737161,1.24,1.084251,0.474783
volkan,2D_offset,137,137-156,0.525,0.5,0.45,0.95,0.733333,0.0,0.0,0.593995,0.68,0.505962,0.383581
volkan,2D_offset,137,137-157,0.166667,0.0,0.491667,0.491667,0.166667,0.225,0.0,0.789159,1.32,1.393723,0.513711
volkan,2D_offset,137,137-158,0.133333,0.0,0.483333,0.483333,0.133333,0.241667,0.0,0.792693,1.52,1.416588,0.518019
volkan,2D_offset,137,137-159,0.516667,0.291667,0.566667,0.858333,0.591667,0.016667,0.0,0.669292,0.88,0.766083,0.507645
volkan,2D_offset,137,137-160,0.375,0.408333,0.15,0.558333,0.558333,0.0,0.108333,0.447232,0.2,0.457694,0.297911
volkan,2D_offset,137,137-161,0.625,0.441667,0.525,0.966667,0.708333,0.008333,0.0,0.634018,0.8,0.592917,0.418574
volkan,2D_offset,137,137-162,0.058333,0.258333,0.0,0.258333,0.258333,0.0,0.416667,0.324297,-1.0,0.792607,0.51679
volkan,2D_offset,137,137-163,0.35,0.058333,0.725,0.783333,0.35,0.075,0.0,0.73052,1.4,1.045267,0.457951
volkan,2D_offset,137,137-164,0.475,0.525,0.358333,0.883333,0.766667,0.0,0.0,0.547081,0.36,0.417871,0.286555
volkan,2D_offset,137,137-165,0.1,0.0,0.408333,0.408333,0.1,0.283333,0.0,0.807857,1.16,1.511345,0.503764
volkan,2D_offset,137,137-166,0.516667,0.4,0.508333,0.908333,0.675,0.0,0.0,0.628059,0.84,0.625163,0.45728
volkan,2D_offset,137,137-167,0.508333,0.491667,0.45,0.941667,0.758333,0.0,0.0,0.576146,0.28,0.476821,0.351686
volkan,2D_offset,137,137-168,0.2,0.45,0.025,0.475,0.475,0.0,0.258333,0.39471,-0.44,0.545808,0.401455
volkan,2D_offset,137,137-169,0.425,0.108333,0.683333,0.791667,0.425,0.066667,0.0,0.714286,1.24,0.965457,0.477867
volkan,2D_offset,137,137-170,0.525,0.35,0.525,0.875,0.6,0.041667,0.0,0.661704,0.96,0.735284,0.509897
volkan,2D_offset,137,137-171,0.5,0.508333,0.333333,0.841667,0.741667,0.0,0.0,0.539257,0.04,0.430343,0.276401
volkan,2D_offset,137,137-172,0.458333,0.35,0.55,0.9,0.625,0.0,0.0,0.613096,0.6,0.611261,0.406142
volkan,2D_offset,137,137-173,0.141667,0.0,0.516667,0.516667,0.141667,0.216667,0.0,0.788393,1.44,1.378878,0.476511
volkan,2D_offset,137,137-174,0.5,0.458333,0.358333,0.816667,0.741667,0.0,0.008333,0.530579,0.2,0.434056,0.285395
volkan,2D_offset,137,137-175,0.091667,0.308333,0.0,0.308333,0.308333,0.0,0.366667,0.346397,-0.92,0.704631,0.449558
volkan,2D_offset,137,137-176,0.291667,0.091667,0.583333,0.675,0.291667,0.15,0.0,0.745483,1.2,1.139484,0.519682
volkan,2D_offset,137,137-177,0.516667,0.325,0.625,0.95,0.625,0.0,0.0,0.652908,0.44,0.698553,0.446092
volkan,2D_offset,137,137-178,0.0,0.125,0.0,0.125,0.125,0.0,0.608333,0.278847,-0.88,1.003881,0.49615
volkan,2D_offset,137,137-179,0.0,0.0,0.0,0.0,0.0,1.0,0.0,0.959433,2.08,3.286981,0.525509
volkan,2D_offset,137,137-180,0.366667,0.433333,0.2,0.633333,0.616667,0.0,0.075,0.468228,0.28,0.445685,0.282
volkan,2D_offset,137,137-181,0.516667,0.533333,0.425,0.958333,0.783333,0.0,0.0,0.571942,0.36,0.452263,0.326161
volkan,2D_offset,137,137-182,0.0,0.033333,0.0,0.033333,0.033333,0.0,0.758333,0.228981,-1.4,1.288123,0.530483
volkan,2D_offset,137,137-183,0.5,0.5,0.425,0.925,0.733333,0.0,0.0,0.578655,0.4,0.483952,0.342574
volkan,2D_offset,137,137-184,0.341667,0.55,0.058333,0.608333,0.608333,0.0,0.108333,0.438992,-0.44,0.41935,0.302479
volkan,2D_offset,137,137-185,0.433333,0.533333,0.158333,0.691667,0.691667,0.0,0.083333,0.46796,-0.32,0.412911,0.276524
volkan,2D_offset,137,137-186,0.05,0.241667,0.0,0.241667,0.241667,0.0,0.491667,0.306764,-1.04,0.883115,0.551907
volkan,2D_offset,137,137-187,0.466667,0.525,0.266667,0.791667,0.733333,0.0,0.0,0.511348,0.32,0.413308,0.267253
volkan,2D_offset,137,137-188,0.441667,0.591667,0.133333,0.725,0.716667,0.0,0.033333,0.479752,-0.08,0.391757,0.237199
volkan,2D_offset,137,137-189,0.341667,0.525,0.066667,0.591667,0.591667,0.0,0.166667,0.433728,-0.32,0.455558,0.321266
volkan,2D_offset,137,137-190,0.35,0.558333,0.075,0.633333,0.633333,0.0,0.108333,0.443138,-0.6,0.418291,0.308438
volkan,2D_offset,137,137-191,0.008333,0.108333,0.0,0.108333,0.108333,0.0,0.616667,0.269408,-1.24,1.065345,0.546206
volkan,2D_offset,137,137-192,0.0,0.0,0.0,0.0,0.0,0.0,0.958333,0.155908,-1.72,1.803576,0.589989
volkan,2D_offset,137,137-193,0.4,0.525,0.141667,0.666667,0.666667,0.0,0.108333,0.459802,0.0,0.433418,0.277949
volkan,2D_offset,137,137-194,0.0,0.0,0.075,0.075,0.0,0.791667,0.0,0.899117,2.08,2.333494,0.613953
volkan,2D_offset,137,137-195,0.483333,0.166667,0.666667,0.833333,0.5,0.058333,0.0,0.701063,1.2,0.900949,0.483517
volkan,2D_offset,137,137-196,0.483333,0.516667,0.208333,0.725,0.725,0.0,0.041667,0.487242,-0.2,0.402631,0.251246
volkan,2D_offset,137,137-197,0.025,0.208333,0.0,0.208333,0.208333,0.0,0.4,0.324614,-0.64,0.767073,0.425871
volkan,2D_offset,137,137-198,0.525,0.491667,0.441667,0.933333,0.783333,0.0,0.0,0.565655,-0.12,0.440368,0.297881
volkan,2D_offset,137,137-199,0.558333,0.5,0.483333,0.983333,0.75,0.0,0.0,0.605535,0.4,0.525531,0.382843
volkan,2D_offset,369,369-0,0.566667,0.358333,0.55,0.908333,0.641667,0.016667,0.0,0.649612,1.0,0.664679,0.469224
volkan,2D_offset,369,369-1,0.575,0.558333,0.391667,0.95,0.791667,0.0,0.0,0.594929,0.96,0.485863,0.397174
volkan,2D_offset,369,369-2,0.033333,0.0,0.325,0.325,0.033333,0.441667,0.0,0.827923,1.56,1.656544,0.524007
volkan,2D_offset,369,369-3,0.3,0.533333,0.05,0.583333,0.583333,0.0,0.191667,0.423674,-0.48,0.473249,0.333667
volkan,2D_offset,369,369-4,0.566667,0.325,0.583333,0.908333,0.625,0.041667,0.0,0.654972,0.72,0.70216,0.498025
volkan,2D_offset,369,369-5,0.558333,0.333333,0.583333,0.916667,0.633333,0.025,0.0,0.653537,0.72,0.68927,0.483293
volkan,2D_offset,369,369-6,0.25,0.516667,0.008333,0.525,0.525,0.0,0.175,0.410639,-0.68,0.482464,0.364677
volkan,2D_offset,369,369-7,0.558333,0.375,0.516667,0.891667,0.641667,0.041667,0.0,0.651481,0.8,0.688879,0.501555
volkan,2D_offset,369,369-8,0.525,0.5,0.458333,0.958333,0.758333,0.0,0.0,0.605346,0.56,0.541699,0.419402
volkan,2D_offset,369,369-9,0.0,0.0,0.0,0.0,0.0,0.841667,0.0,0.906423,2.0,2.393961,0.561143
volkan,2D_offset,369,369-10,0.25,0.0,0.716667,0.716667,0.25,0.116667,0.0,0.754781,1.2,1.171263,0.431491
volkan,2D_offset,369,369-11,0.0,0.0,0.0,0.0,0.0,0.0,1.0,0.044039,-2.28,3.325831,0.760749
volkan,2D_offset,369,369-12,0.441667,0.525,0.208333,0.733333,0.733333,0.0,0.041667,0.486292,0.04,0.413255,0.257565
volkan,2D_offset,369,369-13,0.55,0.408333,0.525,0.933333,0.683333,0.0,0.0,0.628583,0.72,0.603408,0.456235
volkan,2D_offset,369,369-14,0.0,0.0,0.0,0.0,0.0,0.0,1.0,0.066189,-1.8,2.791238,0.591692
volkan,2D_offset,369,369-15,0.0,0.0,0.0,0.0,0.0,0.0,1.0,0.08011,-2.12,2.64409,0.725633
volkan,2D_offset,369,369-16,0.558333,0.383333,0.575,0.958333,0.683333,0.0,0.0,0.635779,0.72,0.627044,0.437681
volkan,2D_offset,369,369-17,0.0,0.0,0.0,0.0,0.0,0.0,0.841667,0.209683,-1.32,1.409003,0.543329
volkan,2D_offset,369,369-18,0.0,0.0,0.191667,0.191667,0.0,0.575,0.0,0.853211,1.84,1.845035,0.50142
volkan,2D_offset,369,369-19,0.341667,0.541667,0.066667,0.608333,0.608333,0.0,0.158333,0.434319,-0.6,0.459984,0.32972
volkan,2D_offset,369,369-20,0.558333,0.566667,0.375,0.941667,0.841667,0.0,0.0,0.555001,0.48,0.397259,0.292843
volkan,2D_offset,369,369-21,0.15,0.0,0.433333,0.433333,0.15,0.308333,0.0,0.802502,1.44,1.484505,0.533655
volkan,2D_offset,369,369-22,0.483333,0.6,0.225,0.825,0.8,0.0,0.008333,0.50941,-0.04,0.385587,0.231934
volkan,2D_offset,369,369-23,0.058333,0.0,0.425,0.425,0.058333,0.291667,0.0,0.809223,1.44,1.508927,0.46274
volkan,2D_offset,369,369-24,0.475,0.508333,0.233333,0.741667,0.733333,0.0,0.058333,0.490806,-0.28,0.41105,0.261136
volkan,2D_offset,369,369-25,0.433333,0.541667,0.2,0.741667,0.716667,0.0,0.058333,0.485934,0.16,0.423931,0.262976
volkan,2D_offset,369,369-26,0.091667,0.0,0.441667,0.441667,0.091667,0.316667,0.0,0.806836,1.44,1.495497,0.469963
volkan,2D_offset,369,369-27,0.475,0.475,0.241667,0.716667,0.691667,0.0,0.033333,0.491096,0.04,0.424762,0.269851
volkan,2D_offset,369,369-28,0.083333,0.341667,0.0,0.341667,0.341667,0.0,0.358333,0.35456,-0.68,0.645394,0.415664
volkan,2D_offset,369,369-29,0.608333,0.4,0.541667,0.941667,0.7,0.0,0.0,0.638279,0.88,0.622396,0.437065
volkan,2D_offset,369,369-30,0.441667,0.15,0.65,0.8,0.458333,0.091667,0.0,0.70915,0.88,0.945503,0.506999
volkan,2D_offset,369,369-31,0.558333,0.541667,0.425,0.966667,0.808333,0.0,0.0,0.576381,0.28,0.458541,0.33145
volkan,2D_offset,369,369-32,0.466667,0.516667,0.175,0.691667,0.683333,0.0,0.025,0.480886,-0.08,0.398854,0.254593
volkan,2D_offset,369,369-33,0.0,0.0,0.0,0.0,0.0,0.0,0.941667,0.159916,-1.2,1.761003,0.557154
volkan,2D_offset,369,369-34,0.391667,0.508333,0.141667,0.65,0.65,0.0,0.033333,0.465948,0.04,0.393842,0.250566
volkan,2D_offset,369,369-35,0.491667,0.483333,0.433333,0.916667,0.725,0.0,0.0,0.578639,0.64,0.513379,0.375714
volkan,2D_offset,369,369-36,0.458333,0.55,0.191667,0.741667,0.741667,0.0,0.091667,0.473287,-0.2,0.418393,0.264618
volkan,2D_offset,369,369-37,0.341667,0.091667,0.633333,0.725,0.341667,0.116667,0.0,0.735819,1.28,1.09006,0.532112
volkan,2D_offset,369,369-38,0.55,0.475,0.483333,0.958333,0.758333,0.0,0.0,0.597139,0.76,0.514856,0.376589
volkan,2D_offset,369,369-39,0.483333,0.258333,0.583333,0.841667,0.525,0.083333,0.0,0.685938,1.28,0.843571,0.542947
volkan,2D_offset,369,369-40,0.433333,0.158333,0.608333,0.766667,0.433333,0.066667,0.0,0.709956,0.6,0.947978,0.503408
volkan,2D_offset,369,369-41,0.4,0.525,0.175,0.7,0.7,0.0,0.058333,0.467366,0.08,0.416309,0.264019
volkan,2D_offset,369,369-42,0.408333,0.566667,0.108333,0.675,0.675,0.0,0.066667,0.463079,-0.52,0.39928,0.272556
volkan,2D_offset,369,369-43,0.025,0.233333,0.0,0.233333,0.233333,0.0,0.425,0.320539,-0.92,0.79398,0.468833
volkan,2D_offset,369,369-44,0.325,0.516667,0.066667,0.583333,0.583333,0.0,0.158333,0.429361,-0.28,0.470694,0.343246
volkan,2D_offset,369,369-45,0.575,0.491667,0.45,0.941667,0.8,0.0,0.0,0.574719,0.0,0.460376,0.328032
volkan,2D_offset,369,369-46,0.516667,0.2,0.633333,0.833333,0.516667,0.025,0.0,0.692526,0.72,0.856691,0.478591
volkan,2D_offset,369,369-47,0.183333,0.483333,0.008333,0.491667,0.491667,0.0,0.225,0.390067,-0.56,0.527799,0.418353
volkan,2D_offset,369,369-48,0.508333,0.458333,0.541667,1.0,0.725,0.0,0.0,0.611347,0.32,0.547726,0.397977
volkan,2D_offset,369,369-49,0.0,0.033333,0.0,0.033333,0.033333,0.0,0.766667,0.226197,-1.52,1.310149,0.550022
volkan,2D_offset,369,369-50,0.025,0.166667,0.0,0.166667,0.166667,0.0,0.516667,0.299779,-1.12,0.904058,0.499922
volkan,2D_offset,369,369-51,0.533333,0.366667,0.508333,0.875,0.641667,0.033333,0.0,0.656258,1.0,0.718254,0.508696
volkan,2D_offset,369,369-52,0.0,0.0,0.233333,0.233333,0.0,0.575,0.0,0.857391,1.96,1.889292,0.526706
volkan,2D_offset,369,369-53,0.341667,0.041667,0.658333,0.7,0.341667,0.125,0.0,0.739207,0.88,1.094855,0.471825
volkan,2D_offset,369,369-54,0.391667,0.508333,0.133333,0.641667,0.641667,0.0,0.083333,0.45683,-0.28,0.413409,0.284548
volkan,2D_offset,369,369-55,0.175,0.0,0.666667,0.666667,0.175,0.141667,0.0,0.767417,1.32,1.250489,0.468359
volkan,2D_offset,369,369-56,0.55,0.391667,0.533333,0.925,0.675,0.0,0.0,0.642239,0.56,0.645025,0.449575
volkan,2D_offset,369,369-57,0.433333,0.558333,0.133333,0.691667,0.691667,0.0,0.05,0.469196,-0.32,0.385503,0.257372
volkan,2D_offset,369,369-58,0.066667,0.233333,0.0,0.233333,0.233333,0.0,0.508333,0.309346,-1.56,0.879358,0.530778
volkan,2D_offset,369,369-59,0.558333,0.391667,0.5,0.891667,0.683333,0.0,0.0,0.63985,0.48,0.644174,0.477838
volkan,2D_offset,369,369-60,0.475,0.483333,0.291667,0.775,0.75,0.0,0.008333,0.510222,0.28,0.409042,0.258966
volkan,2D_offset,369,369-61,0.0,0.0,0.0,0.0,0.0,0.0,0.933333,0.181707,-1.48,1.593609,0.540021
volkan,2D_offset,369,369-62,0.575,0.383333,0.566667,0.95,0.633333,0.008333,0.0,0.646685,0.4,0.644335,0.424449
volkan,2D_offset,369,369-63,0.0,0.016667,0.0,0.016667,0.016667,0.0,0.808333,0.218987,-1.32,1.347733,0.528517
volkan,2D_offset,369,369-64,0.416667,0.541667,0.166667,0.708333,0.708333,0.0,0.075,0.474561,0.04,0.421873,0.2631
volkan,2D_offset,369,369-65,0.233333,0.008333,0.65,0.658333,0.233333,0.15,0.0,0.761888,1.28,1.219374,0.468093
volkan,2D_offset,369,369-66,0.1,0.333333,0.008333,0.341667,0.341667,0.0,0.333333,0.349707,-0.96,0.687027,0.466611
volkan,2D_offset,369,369-67,0.125,0.0,0.441667,0.441667,0.125,0.3,0.0,0.801695,1.48,1.477542,0.526904
volkan,2D_offset,369,369-68,0.383333,0.066667,0.691667,0.758333,0.383333,0.1,0.0,0.731382,0.96,1.046833,0.443205
volkan,2D_offset,369,369-69,0.016667,0.141667,0.0,0.141667,0.141667,0.0,0.575,0.282924,-0.84,0.988986,0.520694
volkan,2D_offset,369,369-70,0.066667,0.0,0.333333,0.333333,0.066667,0.325,0.0,0.816149,1.56,1.558691,0.472814
volkan,2D_offset,369,369-71,0.475,0.516667,0.225,0.741667,0.741667,0.0,0.058333,0.488951,-0.2,0.405323,0.247198
volkan,2D_offset,369,369-72,0.3,0.483333,0.058333,0.541667,0.541667,0.0,0.191667,0.42031,-0.52,0.49095,0.349081
volkan,2D_offset,369,369-73,0.466667,0.158333,0.666667,0.825,0.525,0.05,0.0,0.697218,0.8,0.896193,0.509309
volkan,2D_offset,369,369-74,0.0,0.0,0.108333,0.108333,0.0,0.65,0.0,0.864739,1.48,1.932676,0.470188
volkan,2D_offset,369,369-75,0.416667,0.083333,0.75,0.833333,0.416667,0.058333,0.0,0.718692,1.32,0.980343,0.440674
volkan,2D_offset,369,369-76,0.566667,0.4,0.55,0.95,0.725,0.0,0.0,0.623994,0.64,0.596985,0.427721
volkan,2D_offset,369,369-77,0.475,0.141667,0.666667,0.808333,0.475,0.041667,0.0,0.70374,0.92,0.909162,0.46404
volkan,2D_offset,369,369-78,0.258333,0.058333,0.575,0.633333,0.258333,0.175,0.0,0.760835,1.36,1.233451,0.547836
volkan,2D_offset,369,369-79,0.0,0.0,0.0,0.0,0.0,0.966667,0.0,0.926227,2.16,2.660897,0.560344
volkan,2D_offset,369,369-80,0.433333,0.091667,0.658333,0.75,0.433333,0.075,0.0,0.721557,1.0,1.0047,0.488543
volkan,2D_offset,369,369-81,0.566667,0.458333,0.516667,0.975,0.766667,0.0,0.0,0.61294,0.24,0.545823,0.402135
volkan,2D_offset,369,369-82,0.041667,0.0,0.325,0.325,0.041667,0.391667,0.0,0.826191,1.2,1.630914,0.478245
volkan,2D_offset,369,369-83,0.316667,0.508333,0.041667,0.55,0.55,0.0,0.175,0.424621,-0.44,0.479899,0.358937
volkan,2D_offset,369,369-84,0.066667,0.0,0.35,0.35,0.066667,0.375,0.0,0.818724,1.8,1.584669,0.496876
volkan,2D_offset,369,369-85,0.0,0.0,0.0,0.0,0.0,0.916667,0.0,0.919035,2.16,2.573458,0.592814
volkan,2D_offset,369,369-86,0.241667,0.458333,0.033333,0.491667,0.491667,0.0,0.2,0.400106,-0.44,0.504725,0.391987
volkan,2D_offset,369,369-87,0.25,0.025,0.675,0.7,0.25,0.091667,0.0,0.755841,1.4,1.176641,0.430907
volkan,2D_offset,369,369-88,0.191667,0.058333,0.516667,0.575,0.191667,0.175,0.0,0.772867,1.6,1.287448,0.489023
volkan,2D_offset,369,369-89,0.016667,0.216667,0.0,0.216667,0.216667,0.0,0.441667,0.316568,-0.88,0.809929,0.446962
volkan,2D_offset,369,369-90,0.0,0.0,0.0,0.0,0.0,0.0,0.983333,0.13967,-1.72,1.943987,0.602981
volkan,2D_offset,369,369-91,0.0,0.0,0.0,0.0,0.0,1.0,0.0,0.960587,2.24,3.355187,0.609218
volkan,2D_offset,369,369-92,0.0,0.0,0.0,0.0,0.0,0.0,0.983333,0.138009,-1.56,1.954048,0.599168
volkan,2D_offset,369,369-93,0.0,0.0,0.158333,0.158333,0.0,0.625,0.0,0.8548,1.72,1.837557,0.427924
volkan,2D_offset,369,369-94,0.0,0.0,0.05,0.05,0.0,0.791667,0.0,0.892153,1.84,2.205116,0.49502
volkan,2D_offset,369,369-95,0.05,0.333333,0.0,0.333333,0.333333,0.0,0.391667,0.338635,-0.6,0.716629,0.487438
volkan,2D_offset,369,369-96,0.441667,0.508333,0.225,0.733333,0.716667,0.0,0.083333,0.484409,0.2,0.436524,0.273161
volkan,2D_offset,369,369-97,0.0,0.0,0.0,0.0,0.0,0.0,0.933333,0.162473,-1.76,1.755603,0.597698
volkan,2D_offset,369,369-98,0.4,0.491667,0.141667,0.633333,0.633333,0.0,0.1,0.455981,-0.16,0.422099,0.284941
volkan,2D_offset,369,369-99,0.0,0.0,0.0,0.0,0.0,0.0,1.0,0.079777,-2.04,2.63343,0.686913
volkan,2D_offset,369,369-100,0.0,0.0,0.0,0.0,0.0,1.0,0.0,0.941524,2.32,2.945276,0.627214
volkan,2D_offset,369,369-101,0.275,0.491667,0.016667,0.508333,0.508333,0.0,0.2,0.409958,-0.32,0.497627,0.385199
volkan,2D_offset,369,369-102,0.466667,0.516667,0.2,0.716667,0.716667,0.0,0.05,0.485896,-0.36,0.400251,0.260689
volkan,2D_offset,369,369-103,0.0,0.0,0.0,0.0,0.0,0.0,0.983333,0.136123,-1.72,1.991292,0.64621
volkan,2D_offset,369,369-104,0.183333,0.05,0.525,0.575,0.183333,0.183333,0.0,0.775617,1.56,1.305034,0.493219
volkan,2D_offset,369,369-105,0.583333,0.308333,0.608333,0.916667,0.625,0.033333,0.0,0.65827,0.84,0.702879,0.482706
volkan,2D_offset,369,369-106,0.108333,0.0,0.475,0.475,0.108333,0.283333,0.0,0.799092,1.24,1.45789,0.518462
volkan,2D_offset,369,369-107,0.558333,0.425,0.533333,0.958333,0.716667,0.0,0.0,0.621488,0.24,0.574629,0.418011
volkan,2D_offset,369,369-108,0.483333,0.541667,0.325,0.866667,0.766667,0.0,0.0,0.537322,0.24,0.426962,0.273003
volkan,2D_offset,369,369-109,0.508333,0.541667,0.391667,0.933333,0.808333,0.0,0.0,0.562088,0.4,0.445973,0.339775
volkan,2D_offset,369,369-110,0.0,0.0,0.05,0.05,0.0,0.825,0.0,0.897426,1.64,2.298517,0.591958
volkan,2D_offset,369,369-111,0.475,0.15,0.675,0.825,0.483333,0.033333,0.0,0.698573,0.6,0.886145,0.478981
volkan,2D_offset,369,369-112,0.083333,0.408333,0.0,0.408333,0.408333,0.0,0.316667,0.362225,-0.44,0.614772,0.43744
volkan,2D_offset,369,369-113,0.591667,0.291667,0.608333,0.9,0.641667,0.025,0.0,0.661274,0.8,0.719444,0.492386
volkan,2D_offset,369,369-114,0.558333,0.375,0.55,0.925,0.641667,0.016667,0.0,0.643474,0.72,0.650794,0.46507
volkan,2D_offset,369,369-115,0.333333,0.508333,0.091667,0.6,0.6,0.0,0.133333,0.433928,-0.16,0.444426,0.316356
volkan,2D_offset,369,369-116,0.55,0.516667,0.458333,0.975,0.783333,0.0,0.0,0.59033,0.56,0.485421,0.368668
volkan,2D_offset,369,369-117,0.083333,0.308333,0.0,0.308333,0.308333,0.0,0.383333,0.343545,-1.12,0.706202,0.453961
volkan,2D_offset,369,369-118,0.15,0.0,0.516667,0.516667,0.15,0.275,0.0,0.789522,1.44,1.413722,0.573709
volkan,2D_offset,369,369-119,0.275,0.05,0.566667,0.616667,0.275,0.175,0.0,0.763775,1.16,1.252654,0.557149
volkan,2D_offset,369,369-120,0.0,0.041667,0.0,0.041667,0.041667,0.0,0.791667,0.227853,-1.44,1.292252,0.520828
volkan,2D_offset,369,369-121,0.0,0.075,0.0,0.075,0.075,0.0,0.666667,0.261984,-1.28,1.087513,0.471058
volkan,2D_offset,369,369-122,0.133333,0.0,0.541667,0.541667,0.133333,0.2,0.0,0.7896,1.4,1.396367,0.517753
volkan,2D_offset,369,369-123,0.033333,0.0,0.241667,0.241667,0.033333,0.55,0.0,0.848166,1.56,1.81557,0.534566
volkan,2D_offset,369,369-124,0.0,0.0,0.0,0.0,0.0,0.0,0.991667,0.133933,-1.68,1.991883,0.599998
volkan,2D_offset,369,369-125,0.091667,0.0,0.441667,0.441667,0.091667,0.341667,0.0,0.804349,1.6,1.482969,0.485152
volkan,2D_offset,369,369-126,0.3,0.05,0.641667,0.691667,0.3,0.141667,0.0,0.750317,1.28,1.174649,0.551695
volkan,2D_offset,369,369-127,0.025,0.0,0.308333,0.308333,0.025,0.433333,0.0,0.838304,1.4,1.743334,0.554487
volkan,2D_offset,369,369-128,0.566667,0.2,0.675,0.875,0.566667,0.025,0.0,0.682713,0.8,0.803553,0.451646
volkan,2D_offset,369,369-129,0.0,0.0,0.0,0.0,0.0,0.833333,0.0,0.909139,2.0,2.441224,0.599939
volkan,2D_offset,369,369-130,0.325,0.041667,0.641667,0.683333,0.325,0.158333,0.0,0.747651,1.04,1.157296,0.539724
volkan,2D_offset,369,369-131,0.466667,0.15,0.658333,0.808333,0.466667,0.091667,0.0,0.709651,0.96,0.946356,0.501763
volkan,2D_offset,369,369-132,0.458333,0.166667,0.658333,0.825,0.466667,0.058333,0.0,0.702182,1.12,0.906688,0.493713
volkan,2D_offset,369,369-133,0.0,0.016667,0.0,0.016667,0.016667,0.0,0.833333,0.219459,-1.24,1.340976,0.514715
volkan,2D_offset,369,369-134,0.525,0.333333,0.566667,0.9,0.641667,0.041667,0.0,0.651707,1.24,0.710895,0.488858
volkan,2D_offset,369,369-135,0.0,0.0,0.0,0.0,0.0,0.933333,0.0,0.926928,2.12,2.706933,0.64849
volkan,2D_offset,369,369-136,0.0,0.0,0.191667,0.191667,0.0,0.625,0.0,0.859655,1.84,1.902808,0.511545
volkan,2D_offset,369,369-137,0.275,0.5,0.058333,0.558333,0.558333,0.0,0.175,0.415945,-0.44,0.482281,0.358044
volkan,2D_offset,369,369-138,0.141667,0.0,0.391667,0.391667,0.141667,0.375,0.0,0.809095,1.76,1.524925,0.519532
volkan,2D_offset,369,369-139,0.466667,0.183333,0.633333,0.816667,0.466667,0.066667,0.0,0.701632,1.28,0.910084,0.520594
volkan,2D_offset,369,369-140,0.0,0.033333,0.0,0.033333,0.033333,0.0,0.816667,0.213126,-1.6,1.398553,0.579131
volkan,2D_offset,369,369-141,0.433333,0.558333,0.158333,0.716667,0.716667,0.0,0.05,0.475589,0.04,0.392828,0.240024
volkan,2D_offset,369,369-142,0.0,0.0,0.0,0.0,0.0,0.0,0.908333,0.16793,-1.92,1.745393,0.679565
volkan,2D_offset,369,369-143,0.15,0.0,0.525,0.525,0.15,0.25,0.0,0.792284,1.48,1.416301,0.527412
volkan,2D_offset,369,369-144,0.483333,0.558333,0.325,0.883333,0.816667,0.0,0.0,0.536234,0.52,0.395066,0.292078
volkan,2D_offset,369,369-145,0.016667,0.2,0.0,0.2,0.2,0.0,0.483333,0.310765,-0.88,0.843976,0.489486
volkan,2D_offset,369,369-146,0.541667,0.233333,0.616667,0.85,0.575,0.016667,0.0,0.681185,1.0,0.807264,0.482739
volkan,2D_offset,369,369-147,0.558333,0.425,0.533333,0.958333,0.716667,0.0,0.0,0.624915,0.4,0.594407,0.424785
volkan,2D_offset,369,369-148,0.25,0.491667,0.033333,0.525,0.525,0.0,0.183333,0.402849,-0.6,0.513618,0.406382
volkan,2D_offset,369,369-149,0.125,0.0,0.391667,0.391667,0.125,0.266667,0.0,0.804277,1.4,1.476991,0.463563
volkan,2D_offset,369,369-150,0.416667,0.125,0.625,0.75,0.416667,0.091667,0.0,0.720403,0.8,1.002197,0.504292
volkan,2D_offset,369,369-151,0.5,0.525,0.308333,0.833333,0.758333,0.0,0.0,0.529804,0.08,0.415525,0.265884
volkan,2D_offset,369,369-152,0.625,0.441667,0.508333,0.95,0.75,0.0,0.0,0.626085,1.0,0.569916,0.428698
volkan,2D_offset,369,369-153,0.075,0.0,0.383333,0.383333,0.075,0.475,0.0,0.827119,1.44,1.666243,0.567163
volkan,2D_offset,369,369-154,0.0,0.0,0.0,0.0,0.0,0.0,1.0,0.121458,-1.72,2.104508,0.589158
volkan,2D_offset,369,369-155,0.008333,0.0,0.266667,0.266667,0.008333,0.466667,0.0,0.840968,1.64,1.740408,0.476898
volkan,2D_offset,369,369-156,0.116667,0.35,0.0,0.35,0.35,0.0,0.325,0.350997,-1.04,0.683573,0.466118
volkan,2D_offset,369,369-157,0.5,0.541667,0.216667,0.758333,0.75,0.0,0.033333,0.495536,-0.52,0.392746,0.256902
volkan,2D_offset,369,369-158,0.183333,0.0,0.608333,0.608333,0.183333,0.191667,0.0,0.774162,1.0,1.286666,0.45134
volkan,2D_offset,369,369-159,0.491667,0.475,0.291667,0.766667,0.733333,0.0,0.016667,0.510249,-0.08,0.419529,0.266438
volkan,2D_offset,369,369-160,0.0,0.0,0.208333,0.208333,0.0,0.625,0.0,0.861516,1.92,1.923064,0.527133
volkan,2D_offset,369,369-161,0.216667,0.466667,0.008333,0.475,0.475,0.0,0.241667,0.394109,-0.56,0.533419,0.384383
volkan,2D_offset,369,369-162,0.483333,0.533333,0.3,0.833333,0.733333,0.0,0.0,0.533781,-0.0,0.426353,0.270621
volkan,2D_offset,369,369-163,0.0,0.0,0.0,0.0,0.0,0.0,1.0,0.06783,-2.16,2.834231,0.726766
volkan,2D_offset,369,369-164,0.066667,0.0,0.391667,0.391667,0.066667,0.391667,0.0,0.822564,1.48,1.623656,0.541181
volkan,2D_offset,369,369-165,0.016667,0.175,0.0,0.175,0.175,0.0,0.508333,0.299296,-1.12,0.902009,0.492433
volkan,2D_offset,369,369-166,0.0,0.0,0.108333,0.108333,0.0,0.708333,0.0,0.880327,1.92,2.11704,0.579964
volkan,2D_offset,369,369-167,0.308333,0.058333,0.6,0.658333,0.308333,0.166667,0.0,0.750569,1.08,1.163698,0.503454
volkan,2D_offset,369,369-168,0.0,0.0,0.233333,0.233333,0.0,0.516667,0.0,0.845632,1.76,1.779425,0.483421
volkan,2D_offset,369,369-169,0.4,0.533333,0.15,0.683333,0.675,0.0,0.058333,0.471891,-0.08,0.414138,0.258247
volkan,2D_offset,369,369-170,0.433333,0.183333,0.616667,0.8,0.433333,0.091667,0.0,0.714917,0.96,0.978762,0.525445
volkan,2D_offset,369,369-171,0.458333,0.516667,0.2,0.716667,0.708333,0.0,0.05,0.489069,-0.28,0.419669,0.265586
volkan,2D_offset,369,369-172,0.583333,0.466667,0.475,0.941667,0.775,0.0,0.0,0.587158,0.16,0.491539,0.362868
volkan,2D_offset,369,369-173,0.575,0.433333,0.533333,0.966667,0.733333,0.0,0.0,0.606753,0.16,0.540822,0.371552
volkan,2D_offset,369,369-174,0.516667,0.366667,0.475,0.841667,0.633333,0.083333,0.0,0.658036,1.12,0.736103,0.576211
volkan,2D_offset,369,369-175,0.458333,0.541667,0.183333,0.725,0.716667,0.0,0.033333,0.4774,0.08,0.397042,0.247782
volkan,2D_offset,369,369-176,0.466667,0.241667,0.591667,0.833333,0.541667,0.008333,0.0,0.679164,0.88,0.802507,0.487623
volkan,2D_offset,369,369-177,0.141667,0.0,0.433333,0.433333,0.141667,0.366667,0.0,0.806409,1.48,1.536619,0.612239
volkan,2D_offset,369,369-178,0.4,0.533333,0.125,0.658333,0.658333,0.0,0.108333,0.458589,-0.2,0.438214,0.296423
volkan,2D_offset,369,369-179,0.0,0.1,0.0,0.1,0.1,0.0,0.641667,0.265476,-0.76,1.075208,0.498749
volkan,2D_offset,369,369-180,0.558333,0.358333,0.558333,0.916667,0.633333,0.016667,0.0,0.651065,0.8,0.678514,0.472419
volkan,2D_offset,369,369-181,0.566667,0.341667,0.55,0.891667,0.625,0.033333,0.0,0.656048,0.8,0.710118,0.474699
volkan,2D_offset,369,369-182,0.475,0.133333,0.633333,0.766667,0.475,0.083333,0.0,0.713465,1.04,0.962732,0.487159
volkan,2D_offset,369,369-183,0.558333,0.458333,0.458333,0.916667,0.733333,0.0,0.0,0.612248,0.6,0.559955,0.44051
volkan,2D_offset,369,369-184,0.491667,0.5,0.4,0.9,0.725,0.0,0.0,0.571483,0.36,0.485067,0.343521
volkan,2D_offset,369,369-185,0.0,0.066667,0.0,0.066667,0.066667,0.0,0.716667,0.239886,-1.4,1.226821,0.538681
volkan,2D_offset,369,369-186,0.366667,0.541667,0.125,0.666667,0.666667,0.0,0.116667,0.456965,-0.32,0.436512,0.294236
volkan,2D_offset,369,369-187,0.433333,0.466667,0.375,0.841667,0.716667,0.0,0.0,0.543372,0.12,0.445932,0.306702
volkan,2D_offset,369,369-188,0.25,0.475,0.008333,0.483333,0.483333,0.0,0.225,0.405435,-0.32,0.498457,0.375839
volkan,2D_offset,369,369-189,0.558333,0.458333,0.5,0.958333,0.716667,0.0,0.0,0.621283,0.76,0.569522,0.430494
volkan,2D_offset,369,369-190,0.483333,0.2,0.633333,0.833333,0.525,0.075,0.0,0.690395,1.04,0.861613,0.525713
volkan,2D_offset,369,369-191,0.55,0.45,0.475,0.925,0.7,0.008333,0.0,0.628594,0.76,0.605155,0.46579
volkan,2D_offset,369,369-192,0.491667,0.533333,0.233333,0.766667,0.75,0.0,0.008333,0.503282,-0.2,0.395849,0.241967
volkan,2D_offset,369,369-193,0.525,0.458333,0.491667,0.95,0.75,0.0,0.0,0.589551,0.36,0.516129,0.37628
volkan,2D_offset,369,369-194,0.525,0.191667,0.641667,0.833333,0.525,0.066667,0.0,0.694385,0.96,0.871942,0.508126
volkan,2D_offset,369,369-195,0.0,0.0,0.0,0.0,0.0,0.0,1.0,0.059724,-2.2,2.969134,0.713547
volkan,2D_offset,369,369-196,0.483333,0.525,0.25,0.775,0.741667,0.0,0.008333,0.505077,0.24,0.406985,0.247589
volkan,2D_offset,369,369-197,0.0,0.0,0.0,0.0,0.0,0.0,0.875,0.186392,-1.72,1.592472,0.632863
volkan,2D_offset,369,369-198,0.491667,0.216667,0.616667,0.833333,0.491667,0.058333,0.0,0.695273,1.0,0.873205,0.496797
volkan,2D_offset,369,369-199,0.0,0.0,0.0,0.0,0.0,0.0,1.0,0.131715,-1.68,1.999362,0.5667
volkan,2D_offset,1024,1024-0,0.491667,0.475,0.291667,0.766667,0.75,0.0,0.008333,0.505566,-0.04,0.411476,0.256962
volkan,2D_offset,1024,1024-1,0.533333,0.483333,0.441667,0.925,0.758333,0.0,0.0,0.572511,0.32,0.477437,0.350312
volkan,2D_offset,1024,1024-2,0.0,0.0,0.0,0.0,0.0,1.0,0.0,0.939961,2.24,2.900908,0.592194
volkan,2D_offset,1024,1024-3,0.55,0.466667,0.516667,0.983333,0.725,0.0,0.0,0.613934,0.64,0.53048,0.409242
volkan,2D_offset,1024,1024-4,0.0,0.0,0.166667,0.166667,0.0,0.641667,0.0,0.864426,1.64,1.956355,0.543445
volkan,2D_offset,1024,1024-5,0.475,0.191667,0.591667,0.783333,0.475,0.091667,0.0,0.706482,0.56,0.936062,0.527725
volkan,2D_offset,1024,1024-6,0.466667,0.5,0.383333,0.883333,0.733333,0.0,0.0,0.550166,0.2,0.451654,0.297166
volkan,2D_offset,1024,1024-7,0.316667,0.516667,0.041667,0.558333,0.558333,0.0,0.15,0.429223,-0.4,0.448128,0.332679
volkan,2D_offset,1024,1024-8,0.5,0.516667,0.291667,0.808333,0.766667,0.0,0.016667,0.518068,0.08,0.40651,0.262635
volkan,2D_offset,1024,1024-9,0.491667,0.158333,0.658333,0.816667,0.491667,0.05,0.0,0.701968,0.68,0.900956,0.46753
volkan,2D_offset,1024,1024-10,0.0,0.075,0.0,0.075,0.075,0.0,0.708333,0.250587,-1.2,1.159854,0.513473
volkan,2D_offset,1024,1024-11,0.466667,0.491667,0.283333,0.775,0.691667,0.0,0.008333,0.51217,0.4,0.425383,0.269961
volkan,2D_offset,1024,1024-12,0.0,0.0,0.133333,0.133333,0.0,0.675,0.0,0.873389,1.84,2.034024,0.531537
volkan,2D_offset,1024,1024-13,0.275,0.05,0.666667,0.716667,0.275,0.15,0.0,0.752503,1.0,1.167776,0.473664
volkan,2D_offset,1024,1024-14,0.558333,0.358333,0.558333,0.916667,0.625,0.008333,0.0,0.655426,0.76,0.690561,0.458193
volkan,2D_offset,1024,1024-15,0.466667,0.5,0.258333,0.758333,0.716667,0.0,0.008333,0.50557,0.2,0.411017,0.255807
volkan,2D_offset,1024,1024-16,0.233333,0.441667,0.025,0.466667,0.466667,0.0,0.275,0.393161,-0.08,0.564488,0.397841
volkan,2D_offset,1024,1024-17,0.0,0.0,0.0,0.0,0.0,0.916667,0.0,0.915858,1.92,2.516461,0.572813
volkan,2D_offset,1024,1024-18,0.408333,0.116667,0.683333,0.8,0.408333,0.083333,0.0,0.720199,1.2,0.998258,0.489742
volkan,2D_offset,1024,1024-19,0.083333,0.258333,0.0,0.258333,0.258333,0.0,0.375,0.333956,-1.08,0.747067,0.448782
volkan,2D_offset,1024,1024-20,0.191667,0.466667,0.016667,0.483333,0.483333,0.0,0.191667,0.399382,-0.16,0.50747,0.374582
volkan,2D_offset,1024,1024-21,0.425,0.525,0.166667,0.691667,0.691667,0.0,0.083333,0.472098,-0.36,0.414301,0.268606
volkan,2D_offset,1024,1024-22,0.475,0.558333,0.241667,0.8,0.766667,0.0,0.025,0.507506,-0.04,0.402086,0.246244
volkan,2D_offset,1024,1024-23,0.375,0.125,0.65,0.775,0.375,0.1,0.0,0.722118,1.2,1.007185,0.48684
volkan,2D_offset,1024,1024-24,0.116667,0.0,0.316667,0.316667,0.116667,0.475,0.0,0.826032,1.76,1.662998,0.57662
volkan,2D_offset,1024,1024-25,0.55,0.525,0.375,0.9,0.8,0.0,0.0,0.551838,0.0,0.429442,0.288998
volkan,2D_offset,1024,1024-26,0.075,0.0,0.408333,0.408333,0.075,0.3,0.0,0.805546,1.4,1.493453,0.494762
volkan,2D_offset,1024,1024-27,0.016667,0.183333,0.0,0.183333,0.183333,0.0,0.45,0.312522,-0.76,0.828401,0.452205
volkan,2D_offset,1024,1024-28,0.458333,0.166667,0.625,0.791667,0.458333,0.075,0.0,0.706951,1.36,0.936615,0.520088
volkan,2D_offset,1024,1024-29,0.358333,0.083333,0.7,0.783333,0.358333,0.091667,0.0,0.7328,1.48,1.059542,0.470484
volkan,2D_offset,1024,1024-30,0.075,0.0,0.391667,0.391667,0.075,0.441667,0.0,0.827878,1.72,1.686158,0.609065
volkan,2D_offset,1024,1024-31,0.183333,0.0,0.525,0.525,0.183333,0.283333,0.0,0.792487,1.4,1.429599,0.563349
volkan,2D_offset,1024,1024-32,0.166667,0.0,0.5,0.5,0.166667,0.216667,0.0,0.787632,1.64,1.379805,0.498946
volkan,2D_offset,1024,1024-33,0.0,0.0,0.0,0.0,0.0,0.0,0.966667,0.146252,-1.88,1.903608,0.646105
volkan,2D_offset,1024,1024-34,0.433333,0.525,0.166667,0.691667,0.691667,0.0,0.025,0.478016,0.2,0.393936,0.242704
volkan,2D_offset,1024,1024-35,0.0,0.0,0.0,0.0,0.0,0.0,0.8,0.220529,-1.36,1.33482,0.515572
volkan,2D_offset,1024,1024-36,0.533333,0.516667,0.366667,0.883333,0.808333,0.0,0.0,0.539004,0.24,0.399881,0.272418
volkan,2D_offset,1024,1024-37,0.0,0.0,0.0,0.0,0.0,0.0,0.95,0.151561,-1.88,1.858481,0.641301
volkan,2D_offset,1024,1024-38,0.233333,0.0,0.616667,0.616667,0.233333,0.2,0.0,0.771877,1.2,1.285601,0.501861
volkan,2D_offset,1024,1024-39,0.475,0.5,0.241667,0.741667,0.716667,0.0,0.025,0.497743,-0.16,0.405382,0.251201
volkan,2D_offset,1024,1024-40,0.108333,0.0,0.483333,0.483333,0.108333,0.291667,0.0,0.794221,1.36,1.427105,0.518596
volkan,2D_offset,1024,1024-41,0.366667,0.491667,0.133333,0.625,0.625,0.0,0.125,0.447441,-0.16,0.436771,0.292208
volkan,2D_offset,1024,1024-42,0.483333,0.55,0.383333,0.933333,0.808333,0.0,0.0,0.570779,0.56,0.467589,0.380816
volkan,2D_offset,1024,1024-43,0.25,0.016667,0.625,0.641667,0.25,0.15,0.0,0.76423,1.24,1.238835,0.493471
volkan,2D_offset,1024,1024-44,0.1,0.35,0.0,0.35,0.35,0.0,0.308333,0.355135,-1.24,0.670273,0.476895
volkan,2D_offset,1024,1024-45,0.0,0.0,0.0,0.0,0.0,0.0,0.958333,0.167963,-1.44,1.687515,0.524127
volkan,2D_offset,1024,1024-46,0.0,0.0,0.0,0.0,0.0,1.0,0.0,0.940318,2.16,2.909022,0.596641
volkan,2D_offset,1024,1024-47,0.0,0.008333,0.0,0.008333,0.008333,0.0,0.85,0.194907,-1.64,1.521427,0.591196
volkan,2D_offset,1024,1024-48,0.533333,0.225,0.641667,0.866667,0.558333,0.05,0.0,0.685967,0.76,0.833713,0.489416
volkan,2D_offset,1024,1024-49,0.158333,0.0,0.566667,0.566667,0.158333,0.258333,0.0,0.784044,1.44,1.380757,0.577681
volkan,2D_offset,1024,1024-50,0.425,0.108333,0.691667,0.8,0.425,0.058333,0.0,0.713852,1.12,0.959794,0.462744
volkan,2D_offset,1024,1024-51,0.0,0.0,0.0,0.0,0.0,0.0,0.916667,0.175354,-1.6,1.656855,0.591697
volkan,2D_offset,1024,1024-52,0.341667,0.066667,0.641667,0.708333,0.341667,0.141667,0.0,0.742012,1.08,1.127959,0.549659
volkan,2D_offset,1024,1024-53,0.55,0.241667,0.666667,0.908333,0.558333,0.033333,0.0,0.679289,0.64,0.791303,0.46904
volkan,2D_offset,1024,1024-54,0.35,0.05,0.633333,0.683333,0.35,0.158333,0.0,0.743781,1.12,1.131795,0.523835
volkan,2D_offset,1024,1024-55,0.0,0.0,0.0,0.0,0.0,0.0,1.0,0.120011,-1.84,2.135571,0.625205
volkan,2D_offset,1024,1024-56,0.566667,0.516667,0.433333,0.95,0.783333,0.0,0.0,0.590191,0.48,0.494764,0.380444
volkan,2D_offset,1024,1024-57,0.275,0.508333,0.05,0.558333,0.558333,0.0,0.208333,0.415546,-0.48,0.49667,0.377743
volkan,2D_offset,1024,1024-58,0.0,0.108333,0.0,0.108333,0.108333,0.0,0.625,0.276395,-1.08,1.013258,0.47981
volkan,2D_offset,1024,1024-59,0.483333,0.5,0.408333,0.908333,0.75,0.0,0.0,0.563954,0.28,0.470889,0.329226
volkan,2D_offset,1024,1024-60,0.0,0.05,0.0,0.05,0.05,0.0,0.8,0.217474,-1.56,1.376121,0.594616
volkan,2D_offset,1024,1024-61,0.55,0.516667,0.45,0.966667,0.791667,0.0,0.0,0.580345,-0.08,0.462293,0.328166
volkan,2D_offset,1024,1024-62,0.15,0.45,0.0,0.45,0.45,0.0,0.241667,0.381864,-0.84,0.549669,0.404213
volkan,2D_offset,1024,1024-63,0.5,0.516667,0.258333,0.775,0.758333,0.0,0.041667,0.508583,-0.08,0.412808,0.259638
volkan,2D_offset,1024,1024-64,0.475,0.55,0.3,0.85,0.766667,0.0,0.0,0.526818,0.4,0.412991,0.268335
volkan,2D_offset,1024,1024-65,0.0,0.0,0.0,0.0,0.0,0.0,0.966667,0.14311,-1.88,1.921578,0.622127
volkan,2D_offset,1024,1024-66,0.516667,0.508333,0.45,0.958333,0.766667,0.0,0.0,0.58233,0.44,0.487702,0.369671
volkan,2D_offset,1024,1024-67,0.5,0.158333,0.633333,0.791667,0.5,0.075,0.0,0.706128,0.96,0.926366,0.490071
volkan,2D_offset,1024,1024-68,0.275,0.525,0.033333,0.558333,0.558333,0.0,0.15,0.421687,-0.44,0.459978,0.335434
volkan,2D_offset,1024,1024-69,0.516667,0.533333,0.45,0.983333,0.816667,0.0,0.0,0.583445,0.36,0.480171,0.364593
volkan,2D_offset,1024,1024-70,0.591667,0.391667,0.566667,0.958333,0.708333,0.0,0.0,0.637218,0.6,0.619869,0.429987
volkan,2D_offset,1024,1024-71,0.583333,0.291667,0.633333,0.925,0.65,0.041667,0.0,0.660387,1.08,0.713116,0.469244
volkan,2D_offset,1024,1024-72,0.316667,0.5,0.066667,0.566667,0.566667,0.0,0.166667,0.42803,-0.32,0.473333,0.340055
volkan,2D_offset,1024,1024-73,0.5,0.483333,0.45,0.933333,0.75,0.0,0.0,0.581069,0.4,0.494809,0.371524
volkan,2D_offset,1024,1024-74,0.475,0.516667,0.241667,0.758333,0.733333,0.0,0.0,0.501459,0.16,0.398398,0.246867
volkan,2D_offset,1024,1024-75,0.583333,0.391667,0.508333,0.9,0.683333,0.008333,0.0,0.639535,0.76,0.627295,0.465835
volkan,2D_offset,1024,1024-76,0.0,0.0,0.0,0.0,0.0,0.975,0.0,0.924692,2.16,2.637842,0.558977
volkan,2D_offset,1024,1024-77,0.141667,0.0,0.425,0.425,0.141667,0.366667,0.0,0.810352,1.64,1.556077,0.590886
volkan,2D_offset,1024,1024-78,0.508333,0.125,0.691667,0.816667,0.508333,0.041667,0.0,0.703627,1.0,0.908123,0.462044
volkan,2D_offset,1024,1024-79,0.55,0.2,0.633333,0.833333,0.558333,0.05,0.0,0.69096,1.16,0.857383,0.51845
volkan,2D_offset,1024,1024-80,0.475,0.483333,0.45,0.933333,0.758333,0.0,0.0,0.583773,0.48,0.501445,0.391969
volkan,2D_offset,1024,1024-81,0.475,0.3,0.583333,0.883333,0.591667,0.016667,0.0,0.663217,0.56,0.750629,0.490431
volkan,2D_offset,1024,1024-82,0.458333,0.141667,0.7,0.841667,0.458333,0.041667,0.0,0.704787,1.2,0.909334,0.43864
volkan,2D_offset,1024,1024-83,0.475,0.266667,0.558333,0.825,0.55,0.05,0.0,0.67545,0.64,0.805379,0.51558
volkan,2D_offset,1024,1024-84,0.0,0.0,0.0,0.0,0.0,0.908333,0.0,0.920882,2.16,2.597927,0.604503
volkan,2D_offset,1024,1024-85,0.483333,0.575,0.166667,0.741667,0.741667,0.0,0.05,0.485512,-0.16,0.384721,0.231439
volkan,2D_offset,1024,1024-86,0.325,0.108333,0.641667,0.75,0.325,0.133333,0.0,0.73786,1.36,1.092611,0.498929
volkan,2D_offset,1024,1024-87,0.383333,0.5,0.133333,0.633333,0.633333,0.0,0.091667,0.453667,0.12,0.415427,0.270146
volkan,2D_offset,1024,1024-88,0.208333,0.033333,0.658333,0.691667,0.208333,0.158333,0.0,0.761218,1.12,1.216838,0.473305
volkan,2D_offset,1024,1024-89,0.5,0.516667,0.316667,0.833333,0.75,0.0,0.0,0.530019,0.16,0.429186,0.272112
volkan,2D_offset,1024,1024-90,0.008333,0.1,0.0,0.1,0.1,0.0,0.725,0.247924,-1.56,1.189945,0.572164
volkan,2D_offset,1024,1024-91,0.391667,0.15,0.625,0.775,0.391667,0.125,0.0,0.7202,1.24,1.014066,0.562257
volkan,2D_offset,1024,1024-92,0.6,0.541667,0.45,0.991667,0.816667,0.0,0.0,0.592684,0.48,0.460774,0.347796
volkan,2D_offset,1024,1024-93,0.0,0.0,0.0,0.0,0.0,0.0,0.933333,0.18775,-1.4,1.53807,0.492434
volkan,2D_offset,1024,1024-94,0.566667,0.508333,0.475,0.983333,0.725,0.0,0.0,0.608047,0.56,0.50886,0.384764
volkan,2D_offset,1024,1024-95,0.508333,0.266667,0.575,0.841667,0.591667,0.05,0.0,0.672322,0.84,0.788756,0.50944
volkan,2D_offset,1024,1024-96,0.591667,0.208333,0.683333,0.891667,0.616667,0.033333,0.0,0.675887,1.16,0.778684,0.459974
volkan,2D_offset,1024,1024-97,0.583333,0.383333,0.541667,0.925,0.675,0.0,0.0,0.641934,0.88,0.644178,0.446379
volkan,2D_offset,1024,1024-98,0.0,0.091667,0.0,0.091667,0.091667,0.0,0.658333,0.262965,-1.24,1.089892,0.504884
volkan,2D_offset,1024,1024-99,0.183333,0.0,0.458333,0.458333,0.183333,0.233333,0.0,0.78889,1.56,1.398217,0.538107
volkan,2D_offset,1024,1024-100,0.575,0.491667,0.466667,0.958333,0.75,0.0,0.0,0.608985,0.8,0.531091,0.422037
volkan,2D_offset,1024,1024-101,0.441667,0.533333,0.183333,0.716667,0.708333,0.0,0.058333,0.478654,-0.28,0.42127,0.275446
volkan,2D_offset,1024,1024-102,0.458333,0.541667,0.275,0.816667,0.758333,0.0,0.0,0.518126,0.28,0.392953,0.244968
volkan,2D_offset,1024,1024-103,0.55,0.45,0.541667,0.991667,0.708333,0.0,0.0,0.618786,0.24,0.560237,0.395581
volkan,2D_offset,1024,1024-104,0.466667,0.475,0.283333,0.758333,0.683333,0.0,0.025,0.510812,-0.12,0.437158,0.277053
volkan,2D_offset,1024,1024-105,0.066667,0.0,0.35,0.35,0.066667,0.416667,0.0,0.821819,1.68,1.616629,0.532546
volkan,2D_offset,1024,1024-106,0.583333,0.358333,0.566667,0.925,0.666667,0.008333,0.0,0.650202,0.8,0.678531,0.453485
volkan,2D_offset,1024,1024-107,0.241667,0.475,0.008333,0.483333,0.483333,0.0,0.2,0.404282,-0.28,0.502392,0.387677
volkan,2D_offset,1024,1024-108,0.533333,0.325,0.583333,0.908333,0.625,0.016667,0.0,0.656628,0.48,0.709805,0.464268
volkan,2D_offset,1024,1024-109,0.241667,0.525,0.008333,0.533333,0.533333,0.0,0.183333,0.403727,-0.44,0.499194,0.395895
volkan,2D_offset,1024,1024-110,0.5,0.508333,0.416667,0.925,0.775,0.0,0.0,0.562984,0.04,0.447234,0.310119
volkan,2D_offset,1024,1024-111,0.466667,0.508333,0.375,0.883333,0.733333,0.0,0.0,0.559794,0.6,0.45919,0.345027
volkan,2D_offset,1024,1024-112,0.5,0.575,0.233333,0.808333,0.8,0.0,0.0,0.506925,0.08,0.375959,0.220147
volkan,2D_offset,1024,1024-113,0.508333,0.25,0.625,0.875,0.583333,0.058333,0.0,0.672249,1.08,0.780355,0.499029
volkan,2D_offset,1024,1024-114,0.491667,0.125,0.666667,0.791667,0.491667,0.108333,0.0,0.716121,0.96,0.985508,0.524908
volkan,2D_offset,1024,1024-115,0.541667,0.3,0.583333,0.883333,0.583333,0.05,0.0,0.671775,0.72,0.771233,0.509752
volkan,2D_offset,1024,1024-116,0.075,0.0,0.383333,0.383333,0.075,0.408333,0.0,0.82404,1.8,1.642406,0.566304
volkan,2D_offset,1024,1024-117,0.0,0.0,0.125,0.125,0.0,0.658333,0.0,0.871358,1.8,2.020485,0.553225
volkan,2D_offset,1024,1024-118,0.25,0.075,0.625,0.7,0.25,0.133333,0.0,0.749239,1.2,1.152475,0.488522
volkan,2D_offset,1024,1024-119,0.0,0.058333,0.0,0.058333,0.058333,0.0,0.741667,0.236068,-1.28,1.261427,0.584621
volkan,2D_offset,1024,1024-120,0.516667,0.341667,0.541667,0.883333,0.608333,0.016667,0.0,0.654068,1.04,0.707112,0.494976
volkan,2D_offset,1024,1024-121,0.0,0.0,0.0,0.0,0.0,0.0,1.0,0.114059,-1.76,2.194149,0.626267
volkan,2D_offset,1024,1024-122,0.5,0.425,0.541667,0.966667,0.691667,0.0,0.0,0.617687,0.28,0.586206,0.419931
volkan,2D_offset,1024,1024-123,0.416667,0.091667,0.7,0.791667,0.416667,0.066667,0.0,0.72004,1.16,0.993672,0.472401
volkan,2D_offset,1024,1024-124,0.116667,0.358333,0.0,0.358333,0.358333,0.0,0.266667,0.362522,-0.92,0.620998,0.427262
volkan,2D_offset,1024,1024-125,0.0,0.025,0.0,0.025,0.025,0.0,0.808333,0.22,-1.48,1.338418,0.517229
volkan,2D_offset,1024,1024-126,0.175,0.458333,0.008333,0.466667,0.466667,0.0,0.25,0.384075,-0.96,0.563042,0.409563
volkan,2D_offset,1024,1024-127,0.566667,0.508333,0.35,0.858333,0.8,0.0,0.0,0.537442,-0.08,0.411393,0.265321
volkan,2D_offset,1024,1024-128,0.108333,0.0,0.325,0.325,0.108333,0.466667,0.0,0.829929,1.92,1.681174,0.545719
volkan,2D_offset,1024,1024-129,0.233333,0.458333,0.058333,0.516667,0.516667,0.0,0.25,0.403587,-0.8,0.555423,0.404516
volkan,2D_offset,1024,1024-130,0.05,0.0,0.333333,0.333333,0.05,0.433333,0.0,0.828318,1.56,1.671195,0.5625
volkan,2D_offset,1024,1024-131,0.533333,0.408333,0.508333,0.916667,0.691667,0.016667,0.0,0.617499,0.84,0.601357,0.452196
volkan,2D_offset,1024,1024-132,0.516667,0.183333,0.675,0.858333,0.516667,0.058333,0.0,0.693671,1.04,0.862322,0.477414
volkan,2D_offset,1024,1024-133,0.0,0.0,0.0,0.0,0.0,0.875,0.0,0.905145,1.84,2.34459,0.474332
volkan,2D_offset,1024,1024-134,0.466667,0.466667,0.275,0.741667,0.7,0.0,0.041667,0.498937,0.12,0.436265,0.274934
volkan,2D_offset,1024,1024-135,0.5,0.516667,0.283333,0.8,0.766667,0.0,0.016667,0.516081,0.04,0.411243,0.262127
volkan,2D_offset,1024,1024-136,0.0,0.0,0.2,0.2,0.0,0.591667,0.0,0.855507,1.64,1.864203,0.49853
volkan,2D_offset,1024,1024-137,0.125,0.35,0.0,0.35,0.35,0.0,0.325,0.359445,-1.04,0.662549,0.471772
volkan,2D_offset,1024,1024-138,0.0,0.0,0.0,0.0,0.0,0.891667,0.0,0.921707,2.12,2.627115,0.640351
volkan,2D_offset,1024,1024-139,0.408333,0.141667,0.616667,0.758333,0.408333,0.1,0.0,0.717717,1.04,0.991608,0.521765
volkan,2D_offset,1024,1024-140,0.391667,0.166667,0.591667,0.758333,0.391667,0.108333,0.0,0.714839,1.16,0.982906,0.549643
volkan,2D_offset,1024,1024-141,0.341667,0.083333,0.658333,0.741667,0.341667,0.116667,0.0,0.736865,1.16,1.093478,0.522405
volkan,2D_offset,1024,1024-142,0.266667,0.008333,0.575,0.583333,0.266667,0.166667,0.0,0.765326,1.36,1.251538,0.517818
volkan,2D_offset,1024,1024-143,0.058333,0.308333,0.0,0.308333,0.308333,0.0,0.375,0.341158,-0.76,0.713774,0.461163
volkan,2D_offset,1024,1024-144,0.0,0.083333,0.0,0.083333,0.083333,0.0,0.716667,0.245846,-1.32,1.186763,0.51544
volkan,2D_offset,1024,1024-145,0.5,0.566667,0.258333,0.825,0.783333,0.0,0.0,0.517883,0.08,0.393838,0.237871
volkan,2D_offset,1024,1024-146,0.133333,0.0,0.466667,0.466667,0.133333,0.258333,0.0,0.795617,1.32,1.43763,0.524752
volkan,2D_offset,1024,1024-147,0.475,0.516667,0.291667,0.808333,0.725,0.0,0.0,0.521102,0.08,0.425987,0.259878
volkan,2D_offset,1024,1024-148,0.516667,0.558333,0.291667,0.85,0.783333,0.0,0.0,0.528067,0.12,0.409074,0.260725
volkan,2D_offset,1024,1024-149,0.0,0.016667,0.0,0.016667,0.016667,0.0,0.833333,0.203395,-1.56,1.45739,0.56891
volkan,2D_offset,1024,1024-150,0.558333,0.391667,0.516667,0.908333,0.666667,0.025,0.0,0.637447,0.88,0.631115,0.465877
volkan,2D_offset,1024,1024-151,0.075,0.341667,0.0,0.341667,0.341667,0.0,0.391667,0.341216,-0.6,0.71083,0.476797
volkan,2D_offset,1024,1024-152,0.475,0.216667,0.608333,0.825,0.525,0.066667,0.0,0.688247,1.04,0.849614,0.53239
volkan,2D_offset,1024,1024-153,0.0,0.0,0.0,0.0,0.0,0.0,0.941667,0.174256,-1.52,1.647166,0.538687
volkan,2D_offset,1024,1024-154,0.2,0.025,0.575,0.6,0.2,0.233333,0.0,0.776666,1.0,1.316243,0.508544
volkan,2D_offset,1024,1024-155,0.375,0.083333,0.675,0.758333,0.375,0.1,0.0,0.72838,1.24,1.045167,0.510919
volkan,2D_offset,1024,1024-156,0.066667,0.233333,0.0,0.233333,0.233333,0.0,0.458333,0.317377,-1.36,0.824813,0.506452
volkan,2D_offset,1024,1024-157,0.025,0.191667,0.0,0.191667,0.191667,0.0,0.525,0.297231,-0.96,0.918128,0.51307
volkan,2D_offset,1024,1024-158,0.491667,0.508333,0.4,0.908333,0.741667,0.0,0.0,0.562918,0.52,0.467429,0.334568
volkan,2D_offset,1024,1024-159,0.0,0.008333,0.0,0.008333,0.008333,0.0,0.891667,0.174195,-1.84,1.685291,0.644242
volkan,2D_offset,1024,1024-160,0.283333,0.508333,0.025,0.533333,0.533333,0.0,0.166667,0.412667,-0.36,0.484569,0.365258
volkan,2D_offset,1024,1024-161,0.0,0.0,0.0,0.0,0.0,0.0,0.991667,0.130947,-1.88,2.03081,0.627821
volkan,2D_offset,1024,1024-162,0.4,0.55,0.091667,0.641667,0.641667,0.0,0.1,0.458466,-0.44,0.397247,0.276676
volkan,2D_offset,1024,1024-163,0.408333,0.1,0.7,0.8,0.425,0.066667,0.0,0.712766,1.16,0.962371,0.50361
volkan,2D_offset,1024,1024-164,0.0,0.0,0.0,0.0,0.0,0.0,0.9,0.17765,-1.68,1.637667,0.580742
volkan,2D_offset,1024,1024-165,0.491667,0.258333,0.583333,0.841667,0.516667,0.033333,0.0,0.684969,0.8,0.826289,0.497856
volkan,2D_offset,1024,1024-166,0.458333,0.516667,0.258333,0.775,0.716667,0.0,0.008333,0.50818,0.4,0.435914,0.269336
volkan,2D_offset,1024,1024-167,0.491667,0.533333,0.25,0.783333,0.75,0.0,0.008333,0.505402,0.32,0.413594,0.260703
volkan,2D_offset,1024,1024-168,0.575,0.358333,0.55,0.908333,0.666667,0.016667,0.0,0.647047,0.72,0.663129,0.459662
volkan,2D_offset,1024,1024-169,0.316667,0.1,0.633333,0.733333,0.316667,0.116667,0.0,0.736263,1.12,1.078894,0.474407
volkan,2D_offset,1024,1024-170,0.0,0.0,0.0,0.0,0.0,0.0,0.991667,0.132292,-1.84,2.027601,0.647543
volkan,2D_offset,1024,1024-171,0.0,0.0,0.0,0.0,0.0,0.0,1.0,0.101856,-2.08,2.363263,0.699897
volkan,2D_offset,1024,1024-172,0.55,0.583333,0.266667,0.85,0.825,0.0,0.008333,0.518853,-0.32,0.391233,0.236457
volkan,2D_offset,1024,1024-173,0.425,0.533333,0.125,0.658333,0.658333,0.0,0.066667,0.464637,-0.24,0.396103,0.263577
volkan,2D_offset,1024,1024-174,0.0,0.008333,0.0,0.008333,0.008333,0.0,0.858333,0.196056,-1.72,1.513706,0.595787
volkan,2D_offset,1024,1024-175,0.408333,0.516667,0.141667,0.658333,0.658333,0.0,0.091667,0.462145,-0.2,0.42772,0.284809
volkan,2D_offset,1024,1024-176,0.5,0.341667,0.558333,0.9,0.641667,0.016667,0.0,0.648126,0.68,0.705181,0.48313
volkan,2D_offset,1024,1024-177,0.475,0.441667,0.441667,0.883333,0.658333,0.0,0.0,0.574485,0.28,0.518969,0.348184
volkan,2D_offset,1024,1024-178,0.566667,0.416667,0.541667,0.958333,0.666667,0.0,0.0,0.635553,0.32,0.607104,0.424382
volkan,2D_offset,1024,1024-179,0.491667,0.541667,0.266667,0.808333,0.775,0.0,0.0,0.51443,0.24,0.381295,0.237638
volkan,2D_offset,1024,1024-180,0.258333,0.508333,0.033333,0.541667,0.541667,0.0,0.158333,0.411701,-0.52,0.482661,0.372801
volkan,2D_offset,1024,1024-181,0.025,0.191667,0.0,0.191667,0.191667,0.0,0.508333,0.309096,-0.28,0.847366,0.467055
volkan,2D_offset,1024,1024-182,0.308333,0.516667,0.05,0.566667,0.566667,0.0,0.141667,0.428107,-0.4,0.455117,0.33183
volkan,2D_offset,1024,1024-183,0.45,0.466667,0.483333,0.95,0.691667,0.0,0.0,0.591302,0.24,0.52514,0.363386
volkan,2D_offset,1024,1024-184,0.541667,0.383333,0.541667,0.925,0.658333,0.0,0.0,0.639566,0.28,0.651776,0.453588
volkan,2D_offset,1024,1024-185,0.533333,0.5,0.341667,0.841667,0.783333,0.0,0.0,0.537322,-0.12,0.414486,0.269939
volkan,2D_offset,1024,1024-186,0.033333,0.216667,0.0,0.216667,0.216667,0.0,0.558333,0.295685,-1.16,0.942908,0.57175
volkan,2D_offset,1024,1024-187,0.0,0.0,0.141667,0.141667,0.0,0.691667,0.0,0.867063,1.56,1.964849,0.504566
volkan,2D_offset,1024,1024-188,0.541667,0.55,0.383333,0.933333,0.825,0.0,0.0,0.555613,0.48,0.418873,0.307957
volkan,2D_offset,1024,1024-189,0.066667,0.258333,0.0,0.258333,0.258333,0.0,0.375,0.33607,-1.0,0.72989,0.440128
volkan,2D_offset,1024,1024-190,0.358333,0.083333,0.658333,0.741667,0.358333,0.116667,0.0,0.735728,1.08,1.084703,0.510734
volkan,2D_offset,1024,1024-191,0.208333,0.483333,0.008333,0.491667,0.491667,0.0,0.216667,0.394786,-0.28,0.524462,0.394593
volkan,2D_offset,1024,1024-192,0.358333,0.516667,0.116667,0.633333,0.633333,0.0,0.125,0.447472,-0.24,0.442502,0.305637
volkan,2D_offset,1024,1024-193,0.025,0.0,0.275,0.275,0.025,0.466667,0.0,0.839461,1.64,1.741671,0.522206
volkan,2D_offset,1024,1024-194,0.141667,0.425,0.0,0.425,0.425,0.0,0.275,0.373623,-0.6,0.581031,0.430945
volkan,2D_offset,1024,1024-195,0.116667,0.383333,0.0,0.383333,0.383333,0.0,0.333333,0.359855,-0.56,0.631756,0.442512
volkan,2D_offset,1024,1024-196,0.283333,0.025,0.683333,0.708333,0.283333,0.166667,0.0,0.755317,1.28,1.186448,0.486029
volkan,2D_offset,1024,1024-197,0.066667,0.266667,0.0,0.266667,0.266667,0.0,0.4,0.327788,-0.84,0.776502,0.500902
volkan,2D_offset,1024,1024-198,0.416667,0.483333,0.283333,0.766667,0.658333,0.0,0.0,0.519113,0.32,0.45921,0.279554
volkan,2D_offset,1024,1024-199,0.541667,0.5,0.475,0.975,0.791667,0.0,0.0,0.585725,0.2,0.477852,0.357061
volkan,2D_offset,2026,2026-0,0.258333,0.466667,0.041667,0.508333,0.508333,0.0,0.183333,0.410617,-0.24,0.498992,0.365479
volkan,2D_offset,2026,2026-1,0.608333,0.366667,0.55,0.916667,0.675,0.0,0.0,0.649894,0.72,0.673324,0.450115
volkan,2D_offset,2026,2026-2,0.0,0.0,0.0,0.0,0.0,0.0,0.95,0.165787,-1.56,1.711397,0.54498
volkan,2D_offset,2026,2026-3,0.0,0.0,0.225,0.225,0.0,0.558333,0.0,0.852714,1.68,1.849491,0.523826
volkan,2D_offset,2026,2026-4,0.308333,0.091667,0.658333,0.75,0.308333,0.091667,0.0,0.737387,1.36,1.08467,0.475955
volkan,2D_offset,2026,2026-5,0.491667,0.508333,0.283333,0.791667,0.75,0.0,0.041667,0.511946,0.0,0.417215,0.262755
volkan,2D_offset,2026,2026-6,0.466667,0.525,0.291667,0.816667,0.75,0.0,0.0,0.516039,0.36,0.418449,0.271364
volkan,2D_offset,2026,2026-7,0.558333,0.325,0.558333,0.883333,0.575,0.025,0.0,0.668541,0.56,0.741681,0.469525
volkan,2D_offset,2026,2026-8,0.45,0.491667,0.358333,0.85,0.75,0.0,0.0,0.538037,0.48,0.427328,0.299644
volkan,2D_offset,2026,2026-9,0.466667,0.491667,0.375,0.866667,0.733333,0.0,0.0,0.549035,0.4,0.470329,0.325746
volkan,2D_offset,2026,2026-10,0.325,0.058333,0.675,0.733333,0.325,0.125,0.0,0.743183,1.2,1.118202,0.480813
volkan,2D_offset,2026,2026-11,0.508333,0.141667,0.658333,0.8,0.508333,0.041667,0.0,0.703623,0.92,0.912497,0.480921
volkan,2D_offset,2026,2026-12,0.5,0.508333,0.466667,0.975,0.775,0.0,0.0,0.585148,0.24,0.489128,0.36386
volkan,2D_offset,2026,2026-13,0.525,0.533333,0.416667,0.95,0.808333,0.0,0.0,0.576672,0.4,0.463407,0.359101
volkan,2D_offset,2026,2026-14,0.491667,0.341667,0.525,0.866667,0.625,0.033333,0.0,0.652134,0.8,0.721313,0.49654
volkan,2D_offset,2026,2026-15,0.35,0.541667,0.083333,0.625,0.625,0.0,0.108333,0.445213,0.2,0.434172,0.288466
volkan,2D_offset,2026,2026-16,0.4,0.508333,0.183333,0.691667,0.683333,0.0,0.058333,0.475062,-0.36,0.429076,0.27894
volkan,2D_offset,2026,2026-17,0.491667,0.158333,0.641667,0.8,0.491667,0.083333,0.0,0.710384,1.04,0.950506,0.500217
volkan,2D_offset,2026,2026-18,0.575,0.525,0.458333,0.983333,0.816667,0.0,0.0,0.585181,0.16,0.465848,0.336127
volkan,2D_offset,2026,2026-19,0.0,0.133333,0.0,0.133333,0.133333,0.0,0.55,0.280804,-0.68,0.986752,0.459496
volkan,2D_offset,2026,2026-20,0.416667,0.491667,0.175,0.666667,0.666667,0.0,0.075,0.469119,0.08,0.419693,0.266438
volkan,2D_offset,2026,2026-21,0.358333,0.091667,0.608333,0.7,0.358333,0.158333,0.0,0.741931,1.04,1.125225,0.539151
volkan,2D_offset,2026,2026-22,0.458333,0.5,0.358333,0.858333,0.716667,0.0,0.0,0.551747,0.48,0.473424,0.327138
volkan,2D_offset,2026,2026-23,0.566667,0.566667,0.383333,0.95,0.816667,0.0,0.0,0.571696,0.92,0.435025,0.343
volkan,2D_offset,2026,2026-24,0.325,0.091667,0.641667,0.733333,0.325,0.1,0.0,0.736106,1.04,1.074854,0.459537
volkan,2D_offset,2026,2026-25,0.0,0.0,0.075,0.075,0.0,0.808333,0.0,0.899914,1.96,2.347403,0.625162
volkan,2D_offset,2026,2026-26,0.308333,0.508333,0.058333,0.566667,0.566667,0.0,0.15,0.427697,-0.44,0.460376,0.340615
volkan,2D_offset,2026,2026-27,0.025,0.0,0.233333,0.233333,0.025,0.525,0.0,0.843531,1.68,1.759919,0.472398
volkan,2D_offset,2026,2026-28,0.008333,0.141667,0.0,0.141667,0.141667,0.0,0.6,0.280512,-1.04,1.001466,0.515933
volkan,2D_offset,2026,2026-29,0.625,0.4,0.55,0.95,0.7,0.008333,0.0,0.636184,0.88,0.612855,0.434921
volkan,2D_offset,2026,2026-30,0.016667,0.166667,0.0,0.166667,0.166667,0.0,0.541667,0.291613,-1.16,0.945776,0.519106
volkan,2D_offset,2026,2026-31,0.0,0.0,0.258333,0.258333,0.0,0.483333,0.0,0.844683,1.44,1.783062,0.524173
volkan,2D_offset,2026,2026-32,0.25,0.008333,0.625,0.633333,0.25,0.158333,0.0,0.764418,1.28,1.233033,0.464483
volkan,2D_offset,2026,2026-33,0.075,0.0,0.358333,0.358333,0.075,0.383333,0.0,0.818662,1.32,1.591218,0.522683
volkan,2D_offset,2026,2026-34,0.15,0.45,0.008333,0.458333,0.458333,0.0,0.291667,0.374183,-0.8,0.589709,0.452207
volkan,2D_offset,2026,2026-35,0.341667,0.05,0.666667,0.716667,0.341667,0.125,0.0,0.740038,1.2,1.106623,0.505578
volkan,2D_offset,2026,2026-36,0.4,0.516667,0.1,0.616667,0.616667,0.0,0.1,0.454876,-0.2,0.405997,0.272892
volkan,2D_offset,2026,2026-37,0.375,0.483333,0.15,0.633333,0.633333,0.0,0.133333,0.462126,-0.12,0.45375,0.292722
volkan,2D_offset,2026,2026-38,0.466667,0.158333,0.583333,0.741667,0.466667,0.108333,0.0,0.710885,1.2,0.970659,0.57924
volkan,2D_offset,2026,2026-39,0.2,0.016667,0.591667,0.608333,0.2,0.2,0.0,0.773849,1.32,1.296919,0.500684
volkan,2D_offset,2026,2026-40,0.541667,0.4,0.533333,0.933333,0.683333,0.008333,0.0,0.635772,0.6,0.638575,0.462558
volkan,2D_offset,2026,2026-41,0.375,0.491667,0.091667,0.583333,0.583333,0.0,0.141667,0.439901,-0.32,0.451386,0.332005
volkan,2D_offset,2026,2026-42,0.25,0.508333,0.025,0.533333,0.533333,0.0,0.175,0.407074,-0.44,0.506396,0.415452
volkan,2D_offset,2026,2026-43,0.0,0.0,0.241667,0.241667,0.0,0.6,0.0,0.856363,1.76,1.886375,0.547138
volkan,2D_offset,2026,2026-44,0.391667,0.116667,0.633333,0.75,0.391667,0.108333,0.0,0.726318,1.28,1.038712,0.531005
volkan,2D_offset,2026,2026-45,0.283333,0.05,0.733333,0.783333,0.283333,0.083333,0.0,0.739804,1.4,1.090349,0.439191
volkan,2D_offset,2026,2026-46,0.0,0.0,0.0,0.0,0.0,0.95,0.0,0.924549,1.88,2.634702,0.570806
volkan,2D_offset,2026,2026-47,0.158333,0.475,0.0,0.475,0.475,0.0,0.283333,0.382518,-0.6,0.554269,0.404159
volkan,2D_offset,2026,2026-48,0.0,0.0,0.0,0.0,0.0,1.0,0.0,0.946641,2.24,3.036685,0.6113
volkan,2D_offset,2026,2026-49,0.0,0.0,0.0,0.0,0.0,1.0,0.0,0.970196,2.24,3.682078,0.675989
volkan,2D_offset,2026,2026-50,0.0,0.0,0.125,0.125,0.0,0.691667,0.0,0.879041,1.92,2.114161,0.602062
volkan,2D_offset,2026,2026-51,0.216667,0.008333,0.65,0.658333,0.216667,0.183333,0.0,0.7664,1.2,1.250422,0.489345
volkan,2D_offset,2026,2026-52,0.325,0.5,0.05,0.55,0.55,0.0,0.183333,0.419796,-0.32,0.489778,0.365433
volkan,2D_offset,2026,2026-53,0.125,0.0,0.475,0.475,0.125,0.325,0.0,0.798658,1.6,1.456416,0.52191
volkan,2D_offset,2026,2026-54,0.441667,0.575,0.175,0.75,0.741667,0.0,0.05,0.481417,-0.04,0.407724,0.254953
volkan,2D_offset,2026,2026-55,0.55,0.466667,0.491667,0.958333,0.741667,0.0,0.0,0.607814,0.4,0.546838,0.401917
volkan,2D_offset,2026,2026-56,0.508333,0.45,0.341667,0.791667,0.691667,0.0,0.0,0.533958,0.32,0.464387,0.293154
volkan,2D_offset,2026,2026-57,0.558333,0.316667,0.566667,0.883333,0.616667,0.05,0.0,0.664407,1.0,0.740126,0.516831
volkan,2D_offset,2026,2026-58,0.016667,0.0,0.258333,0.258333,0.016667,0.483333,0.0,0.840179,1.64,1.759675,0.559122
volkan,2D_offset,2026,2026-59,0.358333,0.558333,0.091667,0.65,0.65,0.0,0.091667,0.451044,-0.44,0.420159,0.298104
volkan,2D_offset,2026,2026-60,0.133333,0.416667,0.0,0.416667,0.416667,0.0,0.266667,0.375244,-0.28,0.588266,0.436725
volkan,2D_offset,2026,2026-61,0.116667,0.308333,0.0,0.308333,0.308333,0.0,0.375,0.340947,-0.84,0.74356,0.50767
volkan,2D_offset,2026,2026-62,0.108333,0.383333,0.0,0.383333,0.383333,0.0,0.308333,0.356764,-0.84,0.656552,0.477096
volkan,2D_offset,2026,2026-63,0.0,0.066667,0.0,0.066667,0.066667,0.0,0.725,0.243476,-1.44,1.204881,0.533484
volkan,2D_offset,2026,2026-64,0.116667,0.383333,0.008333,0.391667,0.391667,0.0,0.316667,0.364113,-0.44,0.639175,0.458116
volkan,2D_offset,2026,2026-65,0.008333,0.0,0.291667,0.291667,0.008333,0.458333,0.0,0.832861,1.56,1.664763,0.425933
volkan,2D_offset,2026,2026-66,0.35,0.475,0.15,0.625,0.625,0.0,0.183333,0.442935,-0.12,0.500455,0.316273
volkan,2D_offset,2026,2026-67,0.583333,0.35,0.558333,0.908333,0.633333,0.016667,0.0,0.654277,0.68,0.688653,0.463177
volkan,2D_offset,2026,2026-68,0.025,0.216667,0.0,0.216667,0.216667,0.0,0.483333,0.308016,-0.76,0.860974,0.504066
volkan,2D_offset,2026,2026-69,0.575,0.35,0.575,0.925,0.675,0.008333,0.0,0.648738,0.8,0.684106,0.441654
volkan,2D_offset,2026,2026-70,0.0,0.0,0.0,0.0,0.0,0.0,0.9,0.182838,-1.56,1.591386,0.555669
volkan,2D_offset,2026,2026-71,0.3,0.491667,0.075,0.566667,0.566667,0.0,0.15,0.428705,-0.2,0.452612,0.325634
volkan,2D_offset,2026,2026-72,0.0,0.0,0.0,0.0,0.0,0.975,0.0,0.93155,1.88,2.74997,0.573716
volkan,2D_offset,2026,2026-73,0.4,0.516667,0.141667,0.658333,0.658333,0.0,0.116667,0.452983,-0.24,0.447885,0.316236
volkan,2D_offset,2026,2026-74,0.05,0.0,0.466667,0.466667,0.05,0.3,0.0,0.813438,1.2,1.542634,0.483108
volkan,2D_offset,2026,2026-75,0.5,0.15,0.708333,0.858333,0.516667,0.041667,0.0,0.691403,1.08,0.849681,0.4618
volkan,2D_offset,2026,2026-76,0.525,0.541667,0.391667,0.933333,0.825,0.0,0.0,0.560534,0.48,0.421212,0.318913
volkan,2D_offset,2026,2026-77,0.316667,0.475,0.083333,0.558333,0.558333,0.0,0.158333,0.429769,-0.24,0.475042,0.354959
volkan,2D_offset,2026,2026-78,0.016667,0.0,0.291667,0.291667,0.016667,0.466667,0.0,0.834584,1.4,1.689214,0.470013
volkan,2D_offset,2026,2026-79,0.475,0.541667,0.383333,0.925,0.725,0.0,0.0,0.567302,0.52,0.461437,0.327464
volkan,2D_offset,2026,2026-80,0.0,0.0,0.2,0.2,0.0,0.658333,0.0,0.86624,1.96,1.962227,0.509875
volkan,2D_offset,2026,2026-81,0.308333,0.516667,0.041667,0.558333,0.558333,0.0,0.166667,0.42675,-0.36,0.466842,0.344805
volkan,2D_offset,2026,2026-82,0.591667,0.508333,0.475,0.983333,0.783333,0.0,0.0,0.608028,0.32,0.52017,0.383565
volkan,2D_offset,2026,2026-83,0.516667,0.241667,0.591667,0.833333,0.533333,0.033333,0.0,0.68369,0.76,0.817952,0.495023
volkan,2D_offset,2026,2026-84,0.55,0.283333,0.55,0.833333,0.575,0.058333,0.0,0.679603,0.96,0.811776,0.552541
volkan,2D_offset,2026,2026-85,0.016667,0.158333,0.0,0.158333,0.158333,0.0,0.525,0.296445,-1.0,0.914258,0.491203
volkan,2D_offset,2026,2026-86,0.3,0.558333,0.066667,0.625,0.625,0.0,0.158333,0.430927,-0.72,0.441872,0.337958
volkan,2D_offset,2026,2026-87,0.508333,0.508333,0.375,0.883333,0.791667,0.0,0.0,0.547872,0.08,0.407889,0.284119
volkan,2D_offset,2026,2026-88,0.225,0.516667,0.008333,0.525,0.525,0.0,0.208333,0.400869,-0.56,0.503093,0.376404
volkan,2D_offset,2026,2026-89,0.375,0.091667,0.633333,0.725,0.375,0.1,0.0,0.732379,1.28,1.063231,0.494653
volkan,2D_offset,2026,2026-90,0.391667,0.083333,0.683333,0.766667,0.391667,0.066667,0.0,0.720539,1.12,0.996862,0.475386
volkan,2D_offset,2026,2026-91,0.0,0.0,0.0,0.0,0.0,0.0,0.958333,0.154447,-1.72,1.816219,0.592649
volkan,2D_offset,2026,2026-92,0.0,0.0,0.0,0.0,0.0,0.0,0.916667,0.179238,-1.44,1.60994,0.534343
volkan,2D_offset,2026,2026-93,0.0,0.141667,0.0,0.141667,0.141667,0.0,0.583333,0.292001,-1.12,0.926087,0.443394
volkan,2D_offset,2026,2026-94,0.491667,0.358333,0.533333,0.891667,0.616667,0.0,0.0,0.642061,0.56,0.666072,0.477329
volkan,2D_offset,2026,2026-95,0.0,0.0,0.0,0.0,0.0,0.866667,0.0,0.914863,2.04,2.511763,0.585501
volkan,2D_offset,2026,2026-96,0.483333,0.475,0.308333,0.783333,0.708333,0.0,0.016667,0.517514,0.0,0.443367,0.28059
volkan,2D_offset,2026,2026-97,0.616667,0.383333,0.558333,0.941667,0.666667,0.0,0.0,0.647198,0.76,0.645517,0.423675
volkan,2D_offset,2026,2026-98,0.091667,0.383333,0.0,0.383333,0.383333,0.0,0.316667,0.359454,-0.64,0.621499,0.426715
volkan,2D_offset,2026,2026-99,0.058333,0.3,0.0,0.3,0.3,0.0,0.4,0.3378,-0.8,0.730679,0.478395
volkan,2D_offset,2026,2026-100,0.0,0.0,0.0,0.0,0.0,0.0,0.958333,0.146295,-2.0,1.915341,0.672896
volkan,2D_offset,2026,2026-101,0.575,0.483333,0.483333,0.966667,0.783333,0.0,0.0,0.598267,0.56,0.497165,0.384543
volkan,2D_offset,2026,2026-102,0.225,0.0,0.483333,0.483333,0.225,0.258333,0.0,0.786746,1.32,1.374821,0.497891
volkan,2D_offset,2026,2026-103,0.491667,0.55,0.283333,0.833333,0.816667,0.0,0.0,0.514879,0.24,0.380897,0.240162
volkan,2D_offset,2026,2026-104,0.0,0.0,0.258333,0.258333,0.0,0.583333,0.0,0.849554,1.52,1.825005,0.532625
volkan,2D_offset,2026,2026-105,0.508333,0.416667,0.516667,0.933333,0.691667,0.0,0.0,0.630256,0.76,0.616555,0.455288
volkan,2D_offset,2026,2026-106,0.491667,0.45,0.5,0.95,0.7,0.0,0.0,0.601942,0.32,0.537476,0.384136
volkan,2D_offset,2026,2026-107,0.441667,0.125,0.633333,0.758333,0.441667,0.091667,0.0,0.712815,1.04,0.966325,0.519661
volkan,2D_offset,2026,2026-108,0.483333,0.158333,0.666667,0.825,0.483333,0.05,0.0,0.700149,0.64,0.894419,0.480452
volkan,2D_offset,2026,2026-109,0.058333,0.0,0.391667,0.391667,0.058333,0.416667,0.0,0.817857,1.72,1.587809,0.528632
volkan,2D_offset,2026,2026-110,0.166667,0.491667,0.008333,0.5,0.5,0.0,0.241667,0.393616,-0.44,0.524182,0.376044
volkan,2D_offset,2026,2026-111,0.0,0.0,0.0,0.0,0.0,0.0,1.0,0.103811,-2.04,2.33236,0.684247
volkan,2D_offset,2026,2026-112,0.608333,0.408333,0.541667,0.95,0.733333,0.008333,0.0,0.62992,0.76,0.591599,0.432703
volkan,2D_offset,2026,2026-113,0.308333,0.55,0.066667,0.616667,0.616667,0.0,0.125,0.435232,-0.52,0.439357,0.335912
volkan,2D_offset,2026,2026-114,0.55,0.525,0.433333,0.958333,0.775,0.0,0.0,0.590163,0.76,0.475162,0.374237
volkan,2D_offset,2026,2026-115,0.0,0.0,0.075,0.075,0.0,0.691667,0.0,0.879377,1.88,2.083591,0.517533
volkan,2D_offset,2026,2026-116,0.033333,0.233333,0.0,0.233333,0.233333,0.0,0.516667,0.309397,-1.24,0.855849,0.500502
volkan,2D_offset,2026,2026-117,0.275,0.091667,0.541667,0.633333,0.275,0.191667,0.0,0.758724,1.48,1.230523,0.581321
volkan,2D_offset,2026,2026-118,0.133333,0.0,0.533333,0.533333,0.133333,0.2,0.0,0.782241,1.28,1.336295,0.457028
volkan,2D_offset,2026,2026-119,0.475,0.208333,0.6,0.808333,0.508333,0.058333,0.0,0.691815,1.08,0.864355,0.499146
volkan,2D_offset,2026,2026-120,0.05,0.0,0.466667,0.466667,0.05,0.333333,0.0,0.811181,1.28,1.527215,0.480548
volkan,2D_offset,2026,2026-121,0.458333,0.491667,0.25,0.741667,0.741667,0.0,0.05,0.492958,-0.04,0.412223,0.256679
volkan,2D_offset,2026,2026-122,0.266667,0.458333,0.066667,0.525,0.525,0.0,0.158333,0.423361,0.16,0.466879,0.320321
volkan,2D_offset,2026,2026-123,0.15,0.0,0.391667,0.391667,0.15,0.35,0.0,0.807083,1.68,1.529614,0.577506
volkan,2D_offset,2026,2026-124,0.3,0.075,0.591667,0.666667,0.3,0.175,0.0,0.75416,1.36,1.198801,0.562245
volkan,2D_offset,2026,2026-125,0.0,0.0,0.208333,0.208333,0.0,0.591667,0.0,0.852695,1.64,1.845029,0.512315
volkan,2D_offset,2026,2026-126,0.575,0.341667,0.566667,0.908333,0.65,0.0,0.0,0.655657,0.44,0.692536,0.464614
volkan,2D_offset,2026,2026-127,0.0,0.0,0.1,0.1,0.0,0.683333,0.0,0.877129,1.88,2.067578,0.526709
volkan,2D_offset,2026,2026-128,0.533333,0.508333,0.35,0.858333,0.766667,0.0,0.0,0.537138,0.08,0.445548,0.289149
volkan,2D_offset,2026,2026-129,0.058333,0.258333,0.0,0.258333,0.258333,0.0,0.425,0.33019,-0.96,0.758266,0.475195
volkan,2D_offset,2026,2026-130,0.0,0.0,0.0,0.0,0.0,0.0,0.975,0.135563,-1.84,1.997489,0.648499
volkan,2D_offset,2026,2026-131,0.041667,0.316667,0.0,0.316667,0.316667,0.0,0.391667,0.347848,-0.4,0.665542,0.42557
volkan,2D_offset,2026,2026-132,0.216667,0.008333,0.583333,0.591667,0.216667,0.183333,0.0,0.770347,1.0,1.268677,0.469447
volkan,2D_offset,2026,2026-133,0.0,0.058333,0.0,0.058333,0.058333,0.0,0.783333,0.220449,-1.56,1.358901,0.597337
volkan,2D_offset,2026,2026-134,0.441667,0.608333,0.158333,0.766667,0.766667,0.0,0.058333,0.480554,-0.36,0.411715,0.269845
volkan,2D_offset,2026,2026-135,0.0,0.0,0.0,0.0,0.0,0.933333,0.0,0.920402,1.96,2.570537,0.556379
volkan,2D_offset,2026,2026-136,0.241667,0.0,0.641667,0.641667,0.241667,0.175,0.0,0.767866,1.08,1.26387,0.507633
volkan,2D_offset,2026,2026-137,0.0,0.0,0.066667,0.066667,0.0,0.775,0.0,0.895691,1.84,2.288204,0.612614
volkan,2D_offset,2026,2026-138,0.1,0.383333,0.0,0.383333,0.383333,0.0,0.358333,0.355296,-0.4,0.655274,0.455282
volkan,2D_offset,2026,2026-139,0.0,0.0,0.0,0.0,0.0,0.0,1.0,0.094967,-1.88,2.40585,0.627309
volkan,2D_offset,2026,2026-140,0.0,0.0,0.175,0.175,0.0,0.65,0.0,0.864811,1.72,1.961051,0.554039
volkan,2D_offset,2026,2026-141,0.0,0.091667,0.0,0.091667,0.091667,0.0,0.666667,0.261682,-1.04,1.098778,0.512717
volkan,2D_offset,2026,2026-142,0.575,0.45,0.516667,0.966667,0.75,0.008333,0.0,0.616926,0.68,0.556749,0.42146
volkan,2D_offset,2026,2026-143,0.475,0.325,0.491667,0.816667,0.591667,0.058333,0.0,0.663312,0.92,0.753631,0.567604
volkan,2D_offset,2026,2026-144,0.108333,0.316667,0.0,0.316667,0.316667,0.0,0.375,0.343078,-1.28,0.722693,0.463255
volkan,2D_offset,2026,2026-145,0.0,0.0,0.133333,0.133333,0.0,0.65,0.0,0.86929,1.44,1.98501,0.506684
volkan,2D_offset,2026,2026-146,0.0,0.0,0.2,0.2,0.0,0.683333,0.0,0.871122,1.92,2.03855,0.599738
volkan,2D_offset,2026,2026-147,0.425,0.133333,0.658333,0.791667,0.425,0.075,0.0,0.716087,1.24,0.978686,0.499472
volkan,2D_offset,2026,2026-148,0.533333,0.5,0.466667,0.966667,0.75,0.0,0.0,0.59217,0.36,0.500714,0.357712
volkan,2D_offset,2026,2026-149,0.608333,0.408333,0.533333,0.941667,0.708333,0.0,0.0,0.633614,0.72,0.603128,0.438167
volkan,2D_offset,2026,2026-150,0.05,0.316667,0.0,0.316667,0.316667,0.0,0.4,0.337015,-0.52,0.722313,0.456576
volkan,2D_offset,2026,2026-151,0.475,0.5,0.325,0.825,0.75,0.0,0.0,0.528712,0.32,0.420807,0.287066
volkan,2D_offset,2026,2026-152,0.608333,0.5,0.475,0.975,0.825,0.0,0.0,0.579682,0.0,0.444725,0.314719
volkan,2D_offset,2026,2026-153,0.158333,0.483333,0.008333,0.491667,0.491667,0.0,0.258333,0.387274,-0.48,0.539638,0.407278
volkan,2D_offset,2026,2026-154,0.258333,0.066667,0.533333,0.6,0.258333,0.191667,0.0,0.76889,1.24,1.277517,0.537388
volkan,2D_offset,2026,2026-155,0.0,0.125,0.0,0.125,0.125,0.0,0.641667,0.264261,-1.04,1.09262,0.54514
volkan,2D_offset,2026,2026-156,0.408333,0.541667,0.175,0.716667,0.716667,0.0,0.075,0.473639,-0.4,0.409455,0.275623
volkan,2D_offset,2026,2026-157,0.0,0.0,0.0,0.0,0.0,0.0,1.0,0.107435,-2.0,2.301466,0.704113
volkan,2D_offset,2026,2026-158,0.466667,0.15,0.675,0.825,0.483333,0.033333,0.0,0.698775,0.96,0.882421,0.454141
volkan,2D_offset,2026,2026-159,0.291667,0.025,0.641667,0.666667,0.291667,0.141667,0.0,0.75158,0.96,1.16503,0.483793
volkan,2D_offset,2026,2026-160,0.375,0.091667,0.658333,0.75,0.375,0.116667,0.0,0.732193,1.16,1.069798,0.529815
volkan,2D_offset,2026,2026-161,0.0,0.0,0.0,0.0,0.0,1.0,0.0,0.962383,2.2,3.415585,0.628066
volkan,2D_offset,2026,2026-162,0.166667,0.0,0.525,0.525,0.166667,0.241667,0.0,0.787305,1.28,1.384829,0.522761
volkan,2D_offset,2026,2026-163,0.2,0.425,0.008333,0.433333,0.433333,0.0,0.308333,0.375944,-0.36,0.607817,0.440217
volkan,2D_offset,2026,2026-164,0.0,0.0,0.0,0.0,0.0,1.0,0.0,0.9518,2.28,3.137161,0.599935
volkan,2D_offset,2026,2026-165,0.108333,0.35,0.0,0.35,0.35,0.0,0.383333,0.350314,-0.8,0.698081,0.472371
volkan,2D_offset,2026,2026-166,0.225,0.033333,0.65,0.683333,0.225,0.183333,0.0,0.761382,1.2,1.224954,0.503343
volkan,2D_offset,2026,2026-167,0.266667,0.066667,0.6,0.666667,0.266667,0.141667,0.0,0.754613,1.4,1.188202,0.511552
volkan,2D_offset,2026,2026-168,0.116667,0.383333,0.0,0.383333,0.383333,0.0,0.358333,0.359912,-0.6,0.656547,0.481323
volkan,2D_offset,2026,2026-169,0.0,0.0,0.258333,0.258333,0.0,0.608333,0.0,0.85657,1.6,1.901606,0.579845
volkan,2D_offset,2026,2026-170,0.45,0.233333,0.558333,0.791667,0.508333,0.083333,0.0,0.693868,0.8,0.88585,0.549378
volkan,2D_offset,2026,2026-171,0.391667,0.1,0.65,0.75,0.391667,0.091667,0.0,0.725555,1.0,1.025969,0.490605
volkan,2D_offset,2026,2026-172,0.333333,0.525,0.083333,0.608333,0.608333,0.0,0.075,0.446659,-0.04,0.409173,0.280975
volkan,2D_offset,2026,2026-173,0.0,0.0,0.333333,0.333333,0.0,0.508333,0.0,0.836927,1.8,1.725534,0.529149
volkan,2D_offset,2026,2026-174,0.258333,0.441667,0.025,0.466667,0.466667,0.0,0.266667,0.400474,-0.2,0.546468,0.392251
volkan,2D_offset,2026,2026-175,0.0,0.0,0.0,0.0,0.0,0.0,0.925,0.164137,-1.92,1.762309,0.647941
volkan,2D_offset,2026,2026-176,0.0,0.0,0.183333,0.183333,0.0,0.591667,0.0,0.856036,1.68,1.876172,0.521284
volkan,2D_offset,2026,2026-177,0.475,0.491667,0.266667,0.758333,0.708333,0.0,0.016667,0.504779,0.28,0.426674,0.271217
volkan,2D_offset,2026,2026-178,0.558333,0.5,0.441667,0.941667,0.75,0.0,0.0,0.607581,0.64,0.528596,0.409295
volkan,2D_offset,2026,2026-179,0.0,0.0,0.0,0.0,0.0,0.866667,0.0,0.905412,1.88,2.368779,0.534802
volkan,2D_offset,2026,2026-180,0.075,0.0,0.366667,0.366667,0.075,0.35,0.0,0.812449,1.52,1.528634,0.454658
volkan,2D_offset,2026,2026-181,0.358333,0.116667,0.683333,0.8,0.358333,0.075,0.0,0.725935,1.44,1.027054,0.487549
volkan,2D_offset,2026,2026-182,0.091667,0.0,0.483333,0.483333,0.091667,0.258333,0.0,0.798168,1.44,1.434935,0.454464
volkan,2D_offset,2026,2026-183,0.166667,0.433333,0.016667,0.45,0.45,0.0,0.266667,0.388264,-0.56,0.553586,0.380453
volkan,2D_offset,2026,2026-184,0.275,0.016667,0.658333,0.675,0.275,0.133333,0.0,0.752634,1.2,1.168678,0.474515
volkan,2D_offset,2026,2026-185,0.066667,0.0,0.425,0.425,0.066667,0.3,0.0,0.808466,1.48,1.510892,0.487941
volkan,2D_offset,2026,2026-186,0.241667,0.041667,0.608333,0.65,0.241667,0.175,0.0,0.759893,1.4,1.223975,0.534501
volkan,2D_offset,2026,2026-187,0.558333,0.5,0.366667,0.866667,0.8,0.0,0.0,0.543535,-0.08,0.423512,0.278381
volkan,2D_offset,2026,2026-188,0.0,0.0,0.0,0.0,0.0,0.0,1.0,0.026046,-2.24,3.855784,0.723461
volkan,2D_offset,2026,2026-189,0.466667,0.125,0.658333,0.783333,0.466667,0.066667,0.0,0.71621,0.92,0.976236,0.481964
volkan,2D_offset,2026,2026-190,0.55,0.425,0.483333,0.908333,0.683333,0.033333,0.0,0.636619,0.72,0.646418,0.486103
volkan,2D_offset,2026,2026-191,0.508333,0.491667,0.275,0.766667,0.75,0.0,0.041667,0.502759,-0.36,0.41384,0.261607
volkan,2D_offset,2026,2026-192,0.316667,0.05,0.591667,0.641667,0.316667,0.15,0.0,0.756371,1.28,1.197159,0.505567
volkan,2D_offset,2026,2026-193,0.566667,0.283333,0.625,0.908333,0.6,0.0,0.0,0.66247,0.84,0.714687,0.432927
volkan,2D_offset,2026,2026-194,0.533333,0.375,0.55,0.925,0.658333,0.0,0.0,0.646735,0.48,0.674434,0.456197
volkan,2D_offset,2026,2026-195,0.0,0.066667,0.0,0.066667,0.066667,0.0,0.708333,0.247102,-1.24,1.174908,0.495781
volkan,2D_offset,2026,2026-196,0.0,0.058333,0.0,0.058333,0.058333,0.0,0.683333,0.253057,-1.16,1.143173,0.50081
volkan,2D_offset,2026,2026-197,0.525,0.225,0.675,0.9,0.558333,0.016667,0.0,0.680688,0.56,0.796966,0.453103
volkan,2D_offset,2026,2026-198,0.55,0.466667,0.5,0.966667,0.75,0.0,0.0,0.598704,0.36,0.51995,0.383656
volkan,2D_offset,2026,2026-199,0.541667,0.391667,0.583333,0.975,0.675,0.0,0.0,0.620286,0.04,0.583268,0.383265
difficulty,2D_a0,42,42-0,0.533333,0.583333,0.358333,0.941667,0.8,0.0,0.0,0.568713,0.626806,0.439299,0.34128
difficulty,2D_a0,42,42-1,0.158333,0.475,0.0,0.475,0.475,0.0,0.3,0.377151,0.478043,0.574943,0.434507
difficulty,2D_a0,42,42-2,0.491667,0.291667,0.541667,0.833333,0.558333,0.033333,0.0,0.672892,0.439587,0.776782,0.50107
difficulty,2D_a0,42,42-3,0.483333,0.3,0.525,0.825,0.55,0.083333,0.0,0.6792,0.533138,0.825147,0.572851
difficulty,2D_a0,42,42-4,0.0,0.0,0.0,0.0,0.0,0.0,0.841667,0.213848,0.504108,1.362407,0.464334
difficulty,2D_a0,42,42-5,0.016667,0.275,0.0,0.275,0.275,0.0,0.416667,0.326578,0.493326,0.763107,0.463407
difficulty,2D_a0,42,42-6,0.566667,0.491667,0.458333,0.95,0.733333,0.0,0.0,0.590596,0.429493,0.513551,0.355483
difficulty,2D_a0,42,42-7,0.525,0.491667,0.3,0.791667,0.758333,0.0,0.05,0.510995,0.462995,0.437686,0.27189
difficulty,2D_a0,42,42-8,0.541667,0.533333,0.366667,0.9,0.833333,0.0,0.0,0.540675,0.512693,0.40072,0.282176
difficulty,2D_a0,42,42-9,0.225,0.408333,0.033333,0.441667,0.441667,0.0,0.283333,0.385849,0.627807,0.594616,0.429156
difficulty,2D_a0,42,42-10,0.541667,0.3,0.575,0.875,0.6,0.041667,0.0,0.668018,0.53343,0.75622,0.510201
difficulty,2D_a0,42,42-11,0.583333,0.35,0.558333,0.908333,0.633333,0.0,0.0,0.657984,0.496818,0.697983,0.455231
difficulty,2D_a0,42,42-12,0.475,0.491667,0.366667,0.858333,0.725,0.0,0.008333,0.548322,0.575372,0.468213,0.323524
difficulty,2D_a0,42,42-13,0.458333,0.1,0.675,0.775,0.458333,0.091667,0.0,0.715004,0.435452,0.973394,0.498171
difficulty,2D_a0,42,42-14,0.566667,0.475,0.483333,0.958333,0.766667,0.0,0.0,0.602841,0.587177,0.529953,0.40127
difficulty,2D_a0,42,42-15,0.241667,0.533333,0.008333,0.541667,0.541667,0.0,0.175,0.408318,0.451327,0.474176,0.370378
difficulty,2D_a0,42,42-16,0.55,0.483333,0.475,0.958333,0.725,0.0,0.0,0.602263,0.511995,0.519224,0.388171
difficulty,2D_a0,42,42-17,0.133333,0.491667,0.0,0.491667,0.491667,0.0,0.241667,0.385123,0.502797,0.519982,0.380258
difficulty,2D_a0,42,42-18,0.566667,0.258333,0.641667,0.9,0.608333,0.016667,0.0,0.670676,0.502668,0.752737,0.459768
difficulty,2D_a0,42,42-19,0.591667,0.516667,0.391667,0.908333,0.808333,0.0,0.008333,0.555091,0.463444,0.427418,0.308191
difficulty,2D_a0,42,42-20,0.483333,0.483333,0.3,0.783333,0.741667,0.0,0.033333,0.511123,0.579559,0.419964,0.280917
difficulty,2D_a0,42,42-21,0.283333,0.5,0.058333,0.558333,0.558333,0.0,0.175,0.420333,0.581608,0.479059,0.333829
difficulty,2D_a0,42,42-22,0.508333,0.075,0.716667,0.791667,0.508333,0.05,0.0,0.712469,0.480518,0.950039,0.444234
difficulty,2D_a0,42,42-23,0.425,0.491667,0.266667,0.758333,0.666667,0.0,0.025,0.509466,0.614211,0.451899,0.290647
difficulty,2D_a0,42,42-24,0.483333,0.566667,0.158333,0.725,0.716667,0.0,0.05,0.48245,0.473165,0.394597,0.256271
difficulty,2D_a0,42,42-25,0.475,0.491667,0.225,0.716667,0.691667,0.0,0.05,0.487536,0.522558,0.43042,0.272277
difficulty,2D_a0,42,42-26,0.566667,0.475,0.483333,0.958333,0.75,0.0,0.0,0.61232,0.576672,0.541369,0.425083
difficulty,2D_a0,42,42-27,0.5,0.433333,0.508333,0.941667,0.683333,0.0,0.0,0.612666,0.488452,0.583967,0.405542
difficulty,2D_a0,42,42-28,0.525,0.475,0.458333,0.933333,0.725,0.008333,0.0,0.610622,0.504839,0.549751,0.429017
difficulty,2D_a0,42,42-29,0.566667,0.45,0.516667,0.966667,0.758333,0.0,0.0,0.608743,0.5327,0.537596,0.414172
difficulty,2D_a0,42,42-30,0.0,0.0,0.483333,0.483333,0.0,0.266667,0.0,0.818231,0.36647,1.557888,0.421228
difficulty,2D_a0,42,42-31,0.441667,0.491667,0.2,0.691667,0.683333,0.0,0.083333,0.480332,0.559195,0.431047,0.286653
difficulty,2D_a0,42,42-32,0.358333,0.508333,0.116667,0.625,0.625,0.0,0.1,0.458194,0.563646,0.429713,0.29534
difficulty,2D_a0,42,42-33,0.291667,0.55,0.016667,0.566667,0.566667,0.0,0.191667,0.415973,0.481092,0.488476,0.383898
difficulty,2D_a0,42,42-34,0.566667,0.458333,0.491667,0.95,0.716667,0.0,0.0,0.623473,0.563815,0.57996,0.448169
difficulty,2D_a0,42,42-35,0.466667,0.116667,0.658333,0.775,0.466667,0.066667,0.0,0.716082,0.430238,0.974928,0.479433
difficulty,2D_a0,42,42-36,0.466667,0.466667,0.291667,0.758333,0.7,0.0,0.025,0.511826,0.612647,0.424014,0.271533
difficulty,2D_a0,42,42-37,0.275,0.466667,0.025,0.491667,0.491667,0.0,0.191667,0.407927,0.561339,0.506365,0.393557
difficulty,2D_a0,42,42-38,0.216667,0.416667,0.05,0.466667,0.466667,0.0,0.216667,0.397258,0.606738,0.533003,0.38321
difficulty,2D_a0,42,42-39,0.591667,0.475,0.483333,0.958333,0.725,0.0,0.0,0.620823,0.607043,0.565061,0.438389
difficulty,2D_a0,42,42-40,0.483333,0.358333,0.483333,0.841667,0.583333,0.025,0.0,0.659531,0.505602,0.738547,0.510935
difficulty,2D_a0,42,42-41,0.541667,0.45,0.508333,0.958333,0.708333,0.0,0.0,0.619021,0.555034,0.574162,0.424197
difficulty,2D_a0,42,42-42,0.375,0.533333,0.066667,0.6,0.6,0.0,0.175,0.43882,0.525876,0.452257,0.323776
difficulty,2D_a0,42,42-43,0.541667,0.541667,0.391667,0.933333,0.833333,0.0,0.0,0.553679,0.648282,0.417445,0.313832
difficulty,2D_a0,42,42-44,0.475,0.525,0.366667,0.891667,0.741667,0.0,0.0,0.553786,0.601149,0.462541,0.328236
difficulty,2D_a0,42,42-45,0.5,0.533333,0.425,0.958333,0.791667,0.0,0.0,0.568691,0.56439,0.443548,0.321715
difficulty,2D_a0,42,42-46,0.608333,0.283333,0.616667,0.9,0.625,0.008333,0.0,0.67059,0.494673,0.750366,0.456317
difficulty,2D_a0,42,42-47,0.491667,0.483333,0.45,0.933333,0.733333,0.0,0.0,0.582394,0.52066,0.504384,0.369924
difficulty,2D_a0,42,42-48,0.525,0.358333,0.55,0.908333,0.616667,0.025,0.0,0.654715,0.47727,0.704325,0.469835
difficulty,2D_a0,42,42-49,0.5,0.516667,0.333333,0.85,0.741667,0.0,0.0,0.536292,0.642815,0.431174,0.303079
difficulty,2D_a0,42,42-50,0.525,0.558333,0.4,0.958333,0.775,0.0,0.0,0.580378,0.567735,0.480999,0.36923
difficulty,2D_a0,42,42-51,0.583333,0.425,0.491667,0.916667,0.675,0.008333,0.0,0.636057,0.52365,0.610342,0.465166
difficulty,2D_a0,42,42-52,0.0,0.158333,0.0,0.158333,0.158333,0.0,0.508333,0.293111,0.456407,0.927113,0.473579
difficulty,2D_a0,42,42-53,0.475,0.55,0.191667,0.741667,0.741667,0.0,0.025,0.489316,0.549366,0.384121,0.235571
difficulty,2D_a0,42,42-54,0.416667,0.483333,0.191667,0.675,0.675,0.0,0.083333,0.470272,0.541457,0.422979,0.286762
difficulty,2D_a0,42,42-55,0.325,0.466667,0.141667,0.608333,0.6,0.0,0.183333,0.439055,0.600515,0.515988,0.353887
difficulty,2D_a0,42,42-56,0.5,0.5,0.291667,0.791667,0.75,0.0,0.016667,0.512321,0.48881,0.414361,0.260642
difficulty,2D_a0,42,42-57,0.233333,0.0,0.583333,0.583333,0.233333,0.225,0.0,0.777428,0.336915,1.322761,0.515087
difficulty,2D_a0,42,42-58,0.191667,0.433333,0.008333,0.441667,0.441667,0.0,0.275,0.388423,0.630418,0.561557,0.391529
difficulty,2D_a0,42,42-59,0.525,0.25,0.558333,0.808333,0.533333,0.05,0.0,0.685562,0.497708,0.831391,0.521209
difficulty,2D_a0,42,42-60,0.0,0.008333,0.0,0.008333,0.008333,0.0,0.7,0.248256,0.494745,1.159764,0.455812
difficulty,2D_a0,42,42-61,0.458333,0.566667,0.183333,0.75,0.716667,0.0,0.05,0.487404,0.504019,0.405242,0.246094
difficulty,2D_a0,42,42-62,0.416667,0.425,0.425,0.85,0.683333,0.0,0.0,0.559895,0.603692,0.500165,0.354721
difficulty,2D_a0,42,42-63,0.508333,0.383333,0.533333,0.916667,0.658333,0.008333,0.0,0.640185,0.502153,0.665313,0.467663
difficulty,2D_a0,42,42-64,0.566667,0.375,0.558333,0.933333,0.683333,0.0,0.0,0.638939,0.55932,0.632485,0.450564
difficulty,2D_a0,42,42-65,0.65,0.391667,0.541667,0.933333,0.7,0.008333,0.0,0.643371,0.569935,0.635896,0.439965
difficulty,2D_a0,42,42-66,0.45,0.5,0.2,0.7,0.675,0.0,0.033333,0.485246,0.546722,0.415925,0.260247
difficulty,2D_a0,42,42-67,0.408333,0.483333,0.183333,0.666667,0.658333,0.0,0.075,0.471362,0.535997,0.432755,0.289855
difficulty,2D_a0,42,42-68,0.541667,0.291667,0.541667,0.833333,0.566667,0.058333,0.0,0.676791,0.479064,0.794885,0.533432
difficulty,2D_a0,42,42-69,0.433333,0.483333,0.258333,0.741667,0.691667,0.0,0.041667,0.500157,0.630166,0.448768,0.289569
difficulty,2D_a0,42,42-70,0.0,0.2,0.0,0.2,0.2,0.0,0.458333,0.31277,0.531458,0.827649,0.461759
difficulty,2D_a0,42,42-71,0.075,0.308333,0.0,0.308333,0.308333,0.0,0.366667,0.340251,0.570485,0.716194,0.468782
difficulty,2D_a0,42,42-72,0.225,0.516667,0.0,0.516667,0.516667,0.0,0.233333,0.40022,0.474756,0.506124,0.393994
difficulty,2D_a0,42,42-73,0.55,0.433333,0.516667,0.95,0.675,0.0,0.0,0.623522,0.4928,0.576057,0.401558
difficulty,2D_a0,42,42-74,0.483333,0.466667,0.425,0.891667,0.7,0.0,0.0,0.570906,0.536106,0.506757,0.343909
difficulty,2D_a0,42,42-75,0.558333,0.333333,0.6,0.933333,0.625,0.008333,0.0,0.657763,0.454839,0.70437,0.468945
difficulty,2D_a0,42,42-76,0.391667,0.508333,0.175,0.683333,0.675,0.0,0.066667,0.475613,0.545559,0.407759,0.263006
difficulty,2D_a0,42,42-77,0.483333,0.533333,0.325,0.858333,0.725,0.0,0.0,0.548396,0.639195,0.449729,0.325883
difficulty,2D_a0,42,42-78,0.566667,0.433333,0.5,0.933333,0.675,0.008333,0.0,0.63438,0.530889,0.610943,0.467824
difficulty,2D_a0,42,42-79,0.458333,0.525,0.225,0.75,0.725,0.0,0.033333,0.495418,0.549163,0.408513,0.264965
difficulty,2D_a0,42,42-80,0.525,0.475,0.475,0.95,0.725,0.0,0.0,0.611518,0.522592,0.551897,0.416487
difficulty,2D_a0,42,42-81,0.325,0.466667,0.058333,0.525,0.525,0.0,0.166667,0.420761,0.608201,0.483734,0.352517
difficulty,2D_a0,42,42-82,0.483333,0.558333,0.216667,0.775,0.75,0.0,0.033333,0.499446,0.462123,0.404204,0.245171
difficulty,2D_a0,42,42-83,0.383333,0.45,0.216667,0.666667,0.65,0.0,0.116667,0.468371,0.628895,0.46652,0.301794
difficulty,2D_a0,42,42-84,0.066667,0.358333,0.0,0.358333,0.358333,0.0,0.375,0.346202,0.513678,0.676331,0.454577
difficulty,2D_a0,42,42-85,0.608333,0.458333,0.475,0.933333,0.758333,0.008333,0.0,0.611641,0.560972,0.553487,0.445627
difficulty,2D_a0,42,42-86,0.375,0.433333,0.175,0.608333,0.608333,0.0,0.108333,0.453009,0.631548,0.448335,0.316254
difficulty,2D_a0,42,42-87,0.583333,0.508333,0.4,0.908333,0.808333,0.0,0.0,0.554908,0.478774,0.425695,0.298842
difficulty,2D_a0,42,42-88,0.558333,0.416667,0.516667,0.933333,0.725,0.0,0.0,0.62456,0.493629,0.596366,0.450334
difficulty,2D_a0,42,42-89,0.483333,0.516667,0.4,0.916667,0.708333,0.008333,0.0,0.592825,0.626475,0.510455,0.405876
difficulty,2D_a0,42,42-90,0.55,0.375,0.55,0.925,0.633333,0.008333,0.0,0.644618,0.500332,0.645662,0.46335
difficulty,2D_a0,42,42-91,0.483333,0.491667,0.35,0.841667,0.725,0.0,0.016667,0.540726,0.506093,0.455607,0.307011
difficulty,2D_a0,42,42-92,0.341667,0.475,0.125,0.6,0.583333,0.0,0.091667,0.453556,0.657056,0.442338,0.291328
difficulty,2D_a0,42,42-93,0.433333,0.458333,0.316667,0.775,0.691667,0.0,0.016667,0.519331,0.606096,0.442903,0.282636
difficulty,2D_a0,42,42-94,0.0,0.033333,0.0,0.033333,0.033333,0.0,0.666667,0.252816,0.481221,1.134602,0.45586
difficulty,2D_a0,42,42-95,0.0,0.158333,0.0,0.158333,0.158333,0.0,0.516667,0.2997,0.513026,0.892284,0.464883
difficulty,2D_a0,42,42-96,0.008333,0.191667,0.0,0.191667,0.191667,0.0,0.466667,0.307406,0.564664,0.852532,0.45627
difficulty,2D_a0,42,42-97,0.15,0.466667,0.0,0.466667,0.466667,0.0,0.266667,0.375431,0.50686,0.573711,0.44277
difficulty,2D_a0,42,42-98,0.533333,0.475,0.491667,0.966667,0.725,0.0,0.0,0.602184,0.538803,0.520376,0.391042
difficulty,2D_a0,42,42-99,0.233333,0.558333,0.0,0.558333,0.558333,0.0,0.183333,0.405142,0.35046,0.458948,0.376112
difficulty,2D_a0,42,42-100,0.416667,0.475,0.208333,0.683333,0.675,0.0,0.091667,0.474959,0.566417,0.43568,0.271803
difficulty,2D_a0,42,42-101,0.441667,0.066667,0.716667,0.783333,0.441667,0.066667,0.0,0.721087,0.477981,0.993358,0.441396
difficulty,2D_a0,42,42-102,0.516667,0.6,0.2,0.8,0.791667,0.0,0.016667,0.497926,0.459373,0.375803,0.217784
difficulty,2D_a0,42,42-103,0.583333,0.35,0.591667,0.941667,0.65,0.025,0.0,0.649271,0.522368,0.673597,0.457005
difficulty,2D_a0,42,42-104,0.208333,0.5,0.008333,0.508333,0.508333,0.0,0.208333,0.399524,0.453486,0.501139,0.371447
difficulty,2D_a0,42,42-105,0.5,0.483333,0.308333,0.791667,0.708333,0.0,0.025,0.522904,0.520978,0.448752,0.288244
difficulty,2D_a0,42,42-106,0.166667,0.416667,0.008333,0.425,0.425,0.0,0.333333,0.376463,0.550624,0.594105,0.416008
difficulty,2D_a0,42,42-107,0.45,0.575,0.208333,0.783333,0.75,0.0,0.058333,0.490742,0.542107,0.425031,0.264196
difficulty,2D_a0,42,42-108,0.558333,0.291667,0.566667,0.858333,0.583333,0.025,0.0,0.672387,0.470915,0.764166,0.487105
difficulty,2D_a0,42,42-109,0.0,0.0,0.0,0.0,0.0,0.0,0.7,0.250857,0.298062,1.134663,0.403857
difficulty,2D_a0,42,42-110,0.45,0.441667,0.475,0.916667,0.7,0.0,0.0,0.595117,0.626467,0.550112,0.410459
difficulty,2D_a0,42,42-111,0.466667,0.558333,0.4,0.958333,0.816667,0.0,0.0,0.563855,0.595925,0.4442,0.33305
difficulty,2D_a0,42,42-112,0.358333,0.508333,0.083333,0.591667,0.591667,0.0,0.133333,0.441437,0.5894,0.448074,0.309794
difficulty,2D_a0,42,42-113,0.0,0.125,0.0,0.125,0.125,0.0,0.516667,0.290249,0.544224,0.941109,0.474321
difficulty,2D_a0,42,42-114,0.525,0.533333,0.333333,0.866667,0.808333,0.0,0.0,0.53565,0.635889,0.405247,0.298594
difficulty,2D_a0,42,42-115,0.316667,0.508333,0.083333,0.591667,0.583333,0.0,0.108333,0.440547,0.623498,0.442701,0.310967
difficulty,2D_a0,42,42-116,0.466667,0.5,0.391667,0.891667,0.716667,0.0,0.0,0.575627,0.58401,0.505967,0.376363
difficulty,2D_a0,42,42-117,0.5,0.483333,0.383333,0.866667,0.741667,0.0,0.016667,0.546251,0.568826,0.459111,0.322092
difficulty,2D_a0,42,42-118,0.225,0.0,0.666667,0.666667,0.225,0.225,0.0,0.771549,0.393332,1.280669,0.488867
difficulty,2D_a0,42,42-119,0.441667,0.483333,0.233333,0.716667,0.666667,0.0,0.058333,0.492028,0.636714,0.443734,0.289376
difficulty,2D_a0,42,42-120,0.175,0.425,0.0,0.425,0.425,0.0,0.283333,0.373498,0.546126,0.602615,0.448333
difficulty,2D_a0,42,42-121,0.491667,0.483333,0.366667,0.85,0.708333,0.0,0.0,0.559126,0.624745,0.486624,0.356817
difficulty,2D_a0,42,42-122,0.5,0.483333,0.45,0.933333,0.758333,0.0,0.0,0.574049,0.560712,0.485162,0.356676
difficulty,2D_a0,42,42-123,0.425,0.0,0.716667,0.716667,0.425,0.075,0.0,0.733182,0.447515,1.06319,0.472076
difficulty,2D_a0,42,42-124,0.6,0.308333,0.591667,0.9,0.625,0.016667,0.0,0.667376,0.4864,0.740548,0.463989
difficulty,2D_a0,42,42-125,0.5,0.483333,0.425,0.908333,0.733333,0.0,0.0,0.586653,0.603062,0.516056,0.409351
difficulty,2D_a0,42,42-126,0.358333,0.0,0.691667,0.691667,0.358333,0.116667,0.0,0.743313,0.452383,1.116489,0.467668
difficulty,2D_a0,42,42-127,0.041667,0.35,0.0,0.35,0.35,0.0,0.4,0.341991,0.492074,0.701036,0.459455
difficulty,2D_a0,42,42-128,0.325,0.5,0.108333,0.608333,0.608333,0.0,0.133333,0.441399,0.516774,0.466343,0.326597
difficulty,2D_a0,42,42-129,0.216667,0.433333,0.008333,0.441667,0.441667,0.0,0.275,0.382639,0.584527,0.580511,0.431397
difficulty,2D_a0,42,42-130,0.466667,0.475,0.241667,0.716667,0.691667,0.0,0.058333,0.489009,0.531768,0.426199,0.28251
difficulty,2D_a0,42,42-131,0.0,0.216667,0.0,0.216667,0.216667,0.0,0.466667,0.313201,0.464534,0.832014,0.495488
difficulty,2D_a0,42,42-132,0.575,0.458333,0.475,0.933333,0.716667,0.008333,0.0,0.626319,0.568472,0.579745,0.455498
difficulty,2D_a0,42,42-133,0.416667,0.416667,0.283333,0.7,0.625,0.0,0.05,0.500155,0.61166,0.476,0.292486
difficulty,2D_a0,42,42-134,0.0,0.108333,0.0,0.108333,0.108333,0.0,0.508333,0.287576,0.502125,0.955047,0.473375
difficulty,2D_a0,42,42-135,0.116667,0.391667,0.0,0.391667,0.391667,0.0,0.333333,0.363311,0.554972,0.620374,0.423743
difficulty,2D_a0,42,42-136,0.5,0.416667,0.458333,0.875,0.683333,0.0,0.0,0.591132,0.564962,0.551169,0.397468
difficulty,2D_a0,42,42-137,0.566667,0.341667,0.533333,0.875,0.608333,0.041667,0.0,0.662791,0.524493,0.730492,0.515
difficulty,2D_a0,42,42-138,0.0,0.0,0.55,0.55,0.0,0.258333,0.0,0.805804,0.369648,1.477503,0.430799
difficulty,2D_a0,42,42-139,0.0,0.0,0.0,0.0,0.0,1.0,0.0,0.890854,0.232341,2.137345,0.327004
difficulty,2D_a0,42,42-140,0.525,0.458333,0.491667,0.95,0.691667,0.0,0.0,0.606294,0.536572,0.546646,0.389308
difficulty,2D_a0,42,42-141,0.133333,0.466667,0.0,0.466667,0.466667,0.0,0.241667,0.386253,0.426874,0.525592,0.406148
difficulty,2D_a0,42,42-142,0.0,0.0,0.0,0.0,0.0,0.0,1.0,0.180642,0.287428,1.562315,0.401641
difficulty,2D_a0,42,42-143,0.575,0.491667,0.466667,0.958333,0.758333,0.0,0.0,0.601369,0.461296,0.532105,0.377899
difficulty,2D_a0,42,42-144,0.241667,0.525,0.016667,0.541667,0.541667,0.0,0.2,0.40532,0.492003,0.483499,0.37233
difficulty,2D_a0,42,42-145,0.391667,0.541667,0.15,0.691667,0.666667,0.0,0.1,0.470878,0.580735,0.445322,0.285287
difficulty,2D_a0,42,42-146,0.366667,0.491667,0.116667,0.608333,0.6,0.0,0.183333,0.437187,0.63794,0.501012,0.351823
difficulty,2D_a0,42,42-147,0.475,0.525,0.316667,0.841667,0.791667,0.0,0.025,0.525672,0.531039,0.416314,0.281611
difficulty,2D_a0,42,42-148,0.5,0.166667,0.625,0.791667,0.5,0.091667,0.0,0.706988,0.448667,0.940424,0.535254
difficulty,2D_a0,42,42-149,0.508333,0.483333,0.483333,0.966667,0.8,0.0,0.0,0.576767,0.476093,0.474073,0.352941
difficulty,2D_a0,42,42-150,0.558333,0.566667,0.316667,0.883333,0.808333,0.0,0.0,0.539826,0.446598,0.412952,0.261357
difficulty,2D_a0,42,42-151,0.108333,0.416667,0.0,0.416667,0.416667,0.0,0.325,0.364765,0.526107,0.607151,0.415983
difficulty,2D_a0,42,42-152,0.0,0.008333,0.0,0.008333,0.008333,0.0,0.683333,0.245988,0.485175,1.173305,0.459754
difficulty,2D_a0,42,42-153,0.325,0.483333,0.133333,0.616667,0.608333,0.0,0.108333,0.450387,0.623643,0.460135,0.306145
difficulty,2D_a0,42,42-154,0.458333,0.55,0.283333,0.833333,0.758333,0.0,0.0,0.517485,0.624233,0.413072,0.272431
difficulty,2D_a0,42,42-155,0.083333,0.0,0.541667,0.541667,0.083333,0.258333,0.0,0.794176,0.349718,1.411219,0.461732
difficulty,2D_a0,42,42-156,0.433333,0.541667,0.308333,0.85,0.741667,0.0,0.0,0.53556,0.678974,0.431667,0.293408
difficulty,2D_a0,42,42-157,0.55,0.25,0.616667,0.866667,0.575,0.058333,0.0,0.683232,0.51288,0.818663,0.508519
difficulty,2D_a0,42,42-158,0.391667,0.516667,0.125,0.641667,0.641667,0.0,0.133333,0.454658,0.604635,0.445946,0.303459
difficulty,2D_a0,42,42-159,0.05,0.3,0.0,0.3,0.3,0.0,0.425,0.334658,0.563142,0.727857,0.468443
difficulty,2D_a0,42,42-160,0.125,0.45,0.0,0.45,0.45,0.0,0.283333,0.379883,0.491066,0.554238,0.41207
difficulty,2D_a0,42,42-161,0.341667,0.508333,0.083333,0.591667,0.591667,0.0,0.158333,0.430344,0.552569,0.472245,0.353224
difficulty,2D_a0,42,42-162,0.0,0.0,0.483333,0.483333,0.0,0.275,0.0,0.820195,0.350622,1.576418,0.442239
difficulty,2D_a0,42,42-163,0.225,0.466667,0.016667,0.483333,0.483333,0.0,0.241667,0.3941,0.630981,0.555017,0.413644
difficulty,2D_a0,42,42-164,0.6,0.3,0.625,0.925,0.641667,0.025,0.0,0.662508,0.526838,0.724275,0.481242
difficulty,2D_a0,42,42-165,0.183333,0.508333,0.0,0.508333,0.508333,0.0,0.225,0.395563,0.456181,0.497898,0.374899
difficulty,2D_a0,42,42-166,0.483333,0.225,0.616667,0.841667,0.533333,0.025,0.0,0.688259,0.455756,0.841095,0.472359
difficulty,2D_a0,42,42-167,0.566667,0.516667,0.475,0.991667,0.791667,0.0,0.0,0.59757,0.541192,0.501409,0.378168
difficulty,2D_a0,42,42-168,0.533333,0.525,0.325,0.85,0.775,0.0,0.016667,0.528831,0.482709,0.421102,0.266585
difficulty,2D_a0,42,42-169,0.458333,0.45,0.316667,0.766667,0.7,0.0,0.0,0.521539,0.612341,0.435881,0.272986
difficulty,2D_a0,42,42-170,0.358333,0.55,0.083333,0.633333,0.633333,0.0,0.091667,0.447747,0.472234,0.415356,0.295483
difficulty,2D_a0,42,42-171,0.516667,0.483333,0.458333,0.941667,0.758333,0.008333,0.0,0.596595,0.613154,0.533113,0.418852
difficulty,2D_a0,42,42-172,0.425,0.516667,0.141667,0.658333,0.658333,0.0,0.075,0.466293,0.526274,0.405245,0.269043
difficulty,2D_a0,42,42-173,0.033333,0.3,0.0,0.3,0.3,0.0,0.408333,0.329176,0.505639,0.763948,0.507078
difficulty,2D_a0,42,42-174,0.008333,0.233333,0.0,0.233333,0.233333,0.0,0.425,0.319644,0.511135,0.796513,0.467741
difficulty,2D_a0,42,42-175,0.491667,0.508333,0.416667,0.925,0.766667,0.0,0.0,0.569221,0.529609,0.460715,0.339265
difficulty,2D_a0,42,42-176,0.3,0.0,0.725,0.725,0.3,0.116667,0.0,0.752194,0.448481,1.153807,0.414986
difficulty,2D_a0,42,42-177,0.541667,0.516667,0.425,0.941667,0.791667,0.0,0.0,0.570168,0.5316,0.454183,0.334032
difficulty,2D_a0,42,42-178,0.483333,0.55,0.291667,0.841667,0.75,0.0,0.0,0.531774,0.516937,0.439973,0.280248
difficulty,2D_a0,42,42-179,0.533333,0.483333,0.408333,0.891667,0.741667,0.0,0.0,0.587611,0.54941,0.528474,0.408282
difficulty,2D_a0,42,42-180,0.433333,0.066667,0.625,0.691667,0.433333,0.133333,0.0,0.733816,0.439472,1.076445,0.517319
difficulty,2D_a0,42,42-181,0.558333,0.525,0.4,0.925,0.791667,0.0,0.0,0.567632,0.564633,0.44451,0.331063
difficulty,2D_a0,42,42-182,0.425,0.5,0.133333,0.633333,0.625,0.0,0.066667,0.466768,0.587131,0.415737,0.270596
difficulty,2D_a0,42,42-183,0.533333,0.183333,0.65,0.833333,0.533333,0.033333,0.0,0.693895,0.507228,0.859279,0.453732
difficulty,2D_a0,42,42-184,0.533333,0.466667,0.483333,0.95,0.75,0.008333,0.0,0.598549,0.571537,0.525277,0.395757
difficulty,2D_a0,42,42-185,0.325,0.0,0.691667,0.691667,0.325,0.15,0.0,0.753642,0.435806,1.169787,0.452176
difficulty,2D_a0,42,42-186,0.525,0.491667,0.433333,0.925,0.775,0.0,0.0,0.575302,0.506084,0.472231,0.337208
difficulty,2D_a0,42,42-187,0.041667,0.3,0.0,0.3,0.3,0.0,0.383333,0.328126,0.528232,0.761304,0.464174
difficulty,2D_a0,42,42-188,0.0,0.166667,0.0,0.166667,0.166667,0.0,0.483333,0.302554,0.52926,0.875539,0.450724
difficulty,2D_a0,42,42-189,0.283333,0.0,0.783333,0.783333,0.283333,0.125,0.0,0.747999,0.502904,1.131345,0.418033
difficulty,2D_a0,42,42-190,0.108333,0.0,0.625,0.625,0.108333,0.208333,0.0,0.779547,0.391116,1.316653,0.441438
difficulty,2D_a0,42,42-191,0.5,0.508333,0.341667,0.85,0.791667,0.0,0.025,0.529502,0.4636,0.421157,0.272564
difficulty,2D_a0,42,42-192,0.4,0.458333,0.191667,0.65,0.616667,0.0,0.141667,0.462968,0.688912,0.497363,0.331937
difficulty,2D_a0,42,42-193,0.425,0.0,0.741667,0.741667,0.425,0.108333,0.0,0.734643,0.493965,1.073685,0.483882
difficulty,2D_a0,42,42-194,0.083333,0.391667,0.0,0.391667,0.391667,0.0,0.333333,0.361197,0.464756,0.615358,0.429052
difficulty,2D_a0,42,42-195,0.216667,0.533333,0.0,0.533333,0.533333,0.0,0.191667,0.398898,0.461167,0.487217,0.39279
difficulty,2D_a0,42,42-196,0.591667,0.416667,0.533333,0.95,0.683333,0.008333,0.0,0.637494,0.509118,0.617461,0.430945
difficulty,2D_a0,42,42-197,0.466667,0.525,0.208333,0.733333,0.725,0.0,0.058333,0.487991,0.507528,0.432798,0.276485
difficulty,2D_a0,42,42-198,0.433333,0.525,0.325,0.85,0.733333,0.0,0.0,0.535063,0.575325,0.428911,0.292309
difficulty,2D_a0,42,42-199,0.491667,0.533333,0.25,0.783333,0.725,0.0,0.008333,0.515191,0.566774,0.428619,0.26577
difficulty,2D_a0,137,137-0,0.241667,0.466667,0.033333,0.5,0.5,0.0,0.183333,0.40485,0.546512,0.508021,0.392942
difficulty,2D_a0,137,137-1,0.308333,0.483333,0.083333,0.566667,0.566667,0.0,0.183333,0.421009,0.581362,0.503917,0.384387
difficulty,2D_a0,137,137-2,0.366667,0.516667,0.075,0.591667,0.591667,0.0,0.133333,0.438494,0.540814,0.450706,0.326954
difficulty,2D_a0,137,137-3,0.508333,0.483333,0.35,0.833333,0.716667,0.0,0.0,0.543921,0.57004,0.469862,0.314109
difficulty,2D_a0,137,137-4,0.35,0.483333,0.108333,0.591667,0.591667,0.0,0.116667,0.443514,0.558837,0.434521,0.307425
difficulty,2D_a0,137,137-5,0.116667,0.458333,0.0,0.458333,0.458333,0.0,0.266667,0.381666,0.395893,0.524408,0.378566
difficulty,2D_a0,137,137-6,0.55,0.508333,0.441667,0.95,0.791667,0.0,0.0,0.5858,0.486651,0.490574,0.369809
difficulty,2D_a0,137,137-7,0.3,0.466667,0.075,0.541667,0.541667,0.0,0.158333,0.423703,0.612896,0.503106,0.377307
difficulty,2D_a0,137,137-8,0.0,0.0,0.0,0.0,0.0,0.0,0.916667,0.20218,0.541146,1.427246,0.43173
difficulty,2D_a0,137,137-9,0.0,0.0,0.591667,0.591667,0.0,0.225,0.0,0.798348,0.387181,1.424616,0.410074
difficulty,2D_a0,137,137-10,0.225,0.0,0.625,0.625,0.225,0.183333,0.0,0.767422,0.415922,1.255599,0.483911
difficulty,2D_a0,137,137-11,0.091667,0.291667,0.0,0.291667,0.291667,0.0,0.375,0.341987,0.687555,0.710617,0.434378
difficulty,2D_a0,137,137-12,0.4,0.491667,0.15,0.641667,0.625,0.0,0.066667,0.466262,0.64407,0.424675,0.273558
difficulty,2D_a0,137,137-13,0.475,0.533333,0.316667,0.85,0.75,0.0,0.0,0.538185,0.533184,0.446794,0.293268
difficulty,2D_a0,137,137-14,0.525,0.258333,0.55,0.808333,0.533333,0.066667,0.0,0.687769,0.492717,0.847997,0.548621
difficulty,2D_a0,137,137-15,0.0,0.0,0.0,0.0,0.0,0.0,1.0,0.120971,0.401035,2.05048,0.429828
difficulty,2D_a0,137,137-16,0.233333,0.525,0.008333,0.533333,0.533333,0.0,0.191667,0.404436,0.532168,0.491382,0.376925
difficulty,2D_a0,137,137-17,0.491667,0.525,0.416667,0.941667,0.783333,0.0,0.0,0.567492,0.540033,0.460961,0.333695
difficulty,2D_a0,137,137-18,0.0,0.0,0.0,0.0,0.0,0.0,0.816667,0.229148,0.409166,1.264329,0.437245
difficulty,2D_a0,137,137-19,0.3,0.475,0.075,0.55,0.55,0.0,0.191667,0.42129,0.642168,0.496156,0.3498
difficulty,2D_a0,137,137-20,0.45,0.508333,0.191667,0.7,0.683333,0.0,0.05,0.482078,0.605636,0.423387,0.264304
difficulty,2D_a0,137,137-21,0.416667,0.5,0.175,0.675,0.666667,0.0,0.091667,0.472514,0.556852,0.426188,0.283869
difficulty,2D_a0,137,137-22,0.116667,0.458333,0.0,0.458333,0.458333,0.0,0.275,0.370215,0.519365,0.591594,0.435151
difficulty,2D_a0,137,137-23,0.566667,0.208333,0.633333,0.841667,0.566667,0.025,0.0,0.687278,0.507605,0.82774,0.457693
difficulty,2D_a0,137,137-24,0.3,0.483333,0.083333,0.566667,0.566667,0.0,0.15,0.433092,0.618686,0.472145,0.32953
difficulty,2D_a0,137,137-25,0.525,0.275,0.575,0.85,0.558333,0.016667,0.0,0.677973,0.420153,0.792774,0.49412
difficulty,2D_a0,137,137-26,0.416667,0.55,0.175,0.725,0.708333,0.0,0.066667,0.480117,0.579135,0.424616,0.269678
difficulty,2D_a0,137,137-27,0.525,0.55,0.408333,0.958333,0.791667,0.0,0.0,0.571016,0.514831,0.455414,0.322323
difficulty,2D_a0,137,137-28,0.483333,0.541667,0.166667,0.708333,0.708333,0.0,0.05,0.483454,0.456601,0.394883,0.260049
difficulty,2D_a0,137,137-29,0.466667,0.15,0.625,0.775,0.466667,0.083333,0.0,0.714478,0.391754,0.970108,0.497072
difficulty,2D_a0,137,137-30,0.525,0.533333,0.4,0.933333,0.791667,0.008333,0.0,0.583961,0.563783,0.48182,0.391943
difficulty,2D_a0,137,137-31,0.125,0.441667,0.008333,0.45,0.45,0.0,0.266667,0.382631,0.517712,0.543175,0.395408
difficulty,2D_a0,137,137-32,0.616667,0.416667,0.55,0.966667,0.725,0.0,0.0,0.634778,0.579459,0.608233,0.424379
difficulty,2D_a0,137,137-33,0.0,0.0,0.0,0.0,0.0,0.675,0.0,0.878017,0.238304,2.031655,0.4088
difficulty,2D_a0,137,137-34,0.0,0.008333,0.0,0.008333,0.008333,0.0,0.691667,0.245651,0.464889,1.171754,0.444578
difficulty,2D_a0,137,137-35,0.45,0.516667,0.3,0.816667,0.716667,0.0,0.008333,0.523556,0.577525,0.411708,0.275277
difficulty,2D_a0,137,137-36,0.516667,0.483333,0.341667,0.825,0.741667,0.0,0.033333,0.535911,0.621506,0.443679,0.311767
difficulty,2D_a0,137,137-37,0.508333,0.525,0.308333,0.833333,0.783333,0.0,0.05,0.522474,0.512512,0.442241,0.280428
difficulty,2D_a0,137,137-38,0.591667,0.316667,0.575,0.891667,0.616667,0.016667,0.0,0.660878,0.569579,0.706821,0.480806
difficulty,2D_a0,137,137-39,0.466667,0.508333,0.25,0.758333,0.716667,0.0,0.033333,0.506829,0.562387,0.425279,0.269221
difficulty,2D_a0,137,137-40,0.516667,0.283333,0.566667,0.85,0.558333,0.041667,0.0,0.678045,0.46504,0.799338,0.516419
difficulty,2D_a0,137,137-41,0.566667,0.441667,0.491667,0.933333,0.675,0.008333,0.0,0.634163,0.535499,0.617945,0.450696
difficulty,2D_a0,137,137-42,0.141667,0.45,0.0,0.45,0.45,0.0,0.258333,0.375464,0.539661,0.569162,0.427662
difficulty,2D_a0,137,137-43,0.1,0.383333,0.0,0.383333,0.383333,0.0,0.341667,0.359047,0.51095,0.627723,0.427145
difficulty,2D_a0,137,137-44,0.1,0.0,0.575,0.575,0.1,0.266667,0.0,0.791471,0.372663,1.398116,0.476549
difficulty,2D_a0,137,137-45,0.441667,0.516667,0.25,0.766667,0.708333,0.0,0.033333,0.508894,0.580481,0.42139,0.27311
difficulty,2D_a0,137,137-46,0.525,0.491667,0.4,0.891667,0.758333,0.0,0.0,0.556655,0.567468,0.463159,0.327928
difficulty,2D_a0,137,137-47,0.266667,0.0,0.716667,0.716667,0.266667,0.125,0.0,0.753055,0.438076,1.159629,0.42045
difficulty,2D_a0,137,137-48,0.641667,0.45,0.508333,0.958333,0.708333,0.0,0.0,0.628833,0.553298,0.569624,0.41718
difficulty,2D_a0,137,137-49,0.333333,0.508333,0.066667,0.575,0.575,0.0,0.125,0.434451,0.576671,0.446842,0.325654
difficulty,2D_a0,137,137-50,0.458333,0.483333,0.25,0.733333,0.725,0.0,0.05,0.487226,0.553727,0.416453,0.260035
difficulty,2D_a0,137,137-51,0.558333,0.191667,0.658333,0.85,0.558333,0.066667,0.0,0.689093,0.527367,0.844927,0.499278
difficulty,2D_a0,137,137-52,0.4,0.025,0.733333,0.758333,0.4,0.091667,0.0,0.729841,0.473278,1.040525,0.449247
difficulty,2D_a0,137,137-53,0.433333,0.558333,0.191667,0.75,0.716667,0.0,0.058333,0.489045,0.575628,0.433911,0.28344
difficulty,2D_a0,137,137-54,0.433333,0.0,0.733333,0.733333,0.433333,0.075,0.0,0.726471,0.461469,1.020199,0.435066
difficulty,2D_a0,137,137-55,0.441667,0.516667,0.166667,0.683333,0.675,0.0,0.05,0.474075,0.559024,0.419681,0.261713
difficulty,2D_a0,137,137-56,0.475,0.475,0.416667,0.891667,0.741667,0.0,0.0,0.565153,0.581847,0.466052,0.338325
difficulty,2D_a0,137,137-57,0.0,0.275,0.0,0.275,0.275,0.0,0.358333,0.33308,0.321144,0.725944,0.427644
difficulty,2D_a0,137,137-58,0.466667,0.508333,0.266667,0.775,0.725,0.0,0.041667,0.506873,0.560558,0.430363,0.275486
difficulty,2D_a0,137,137-59,0.566667,0.483333,0.491667,0.975,0.758333,0.0,0.0,0.606743,0.57258,0.525236,0.404159
difficulty,2D_a0,137,137-60,0.558333,0.466667,0.475,0.941667,0.741667,0.0,0.0,0.607073,0.514544,0.548987,0.415828
difficulty,2D_a0,137,137-61,0.608333,0.375,0.541667,0.916667,0.666667,0.016667,0.0,0.642894,0.546035,0.629381,0.461777
difficulty,2D_a0,137,137-62,0.25,0.466667,0.05,0.516667,0.516667,0.0,0.216667,0.409488,0.630799,0.521076,0.377255
difficulty,2D_a0,137,137-63,0.458333,0.475,0.258333,0.733333,0.675,0.0,0.033333,0.505452,0.595437,0.442027,0.280067
difficulty,2D_a0,137,137-64,0.5,0.5,0.333333,0.833333,0.75,0.0,0.016667,0.531142,0.532841,0.440866,0.294964
difficulty,2D_a0,137,137-65,0.158333,0.0,0.675,0.675,0.158333,0.208333,0.0,0.77176,0.427875,1.283831,0.497897
difficulty,2D_a0,137,137-66,0.025,0.291667,0.0,0.291667,0.291667,0.0,0.441667,0.326346,0.613516,0.768049,0.464289
difficulty,2D_a0,137,137-67,0.425,0.483333,0.241667,0.725,0.666667,0.0,0.041667,0.495075,0.544892,0.448018,0.289934
difficulty,2D_a0,137,137-68,0.516667,0.5,0.35,0.85,0.783333,0.0,0.008333,0.535298,0.49353,0.438163,0.28395
difficulty,2D_a0,137,137-69,0.0,0.0,0.0,0.0,0.0,1.0,0.0,0.905013,0.207252,2.293371,0.329606
difficulty,2D_a0,137,137-70,0.55,0.475,0.458333,0.933333,0.733333,0.008333,0.0,0.618751,0.606445,0.578883,0.460542
difficulty,2D_a0,137,137-71,0.533333,0.541667,0.341667,0.883333,0.8,0.0,0.0,0.539905,0.522323,0.413286,0.276316
difficulty,2D_a0,137,137-72,0.458333,0.491667,0.366667,0.858333,0.708333,0.0,0.0,0.54808,0.552956,0.464496,0.308696
difficulty,2D_a0,137,137-73,0.0,0.058333,0.0,0.058333,0.058333,0.0,0.625,0.263513,0.514349,1.077764,0.461544
difficulty,2D_a0,137,137-74,0.425,0.45,0.375,0.825,0.675,0.0,0.0,0.564846,0.55602,0.533589,0.379662
difficulty,2D_a0,137,137-75,0.491667,0.066667,0.708333,0.775,0.491667,0.066667,0.0,0.713909,0.509249,0.96186,0.465681
difficulty,2D_a0,137,137-76,0.525,0.575,0.275,0.85,0.808333,0.0,0.0,0.51864,0.49469,0.392519,0.238757
difficulty,2D_a0,137,137-77,0.425,0.5,0.175,0.675,0.675,0.0,0.05,0.467381,0.517374,0.412798,0.274845
difficulty,2D_a0,137,137-78,0.433333,0.483333,0.225,0.708333,0.666667,0.0,0.058333,0.488464,0.574567,0.435572,0.279257
difficulty,2D_a0,137,137-79,0.566667,0.391667,0.483333,0.875,0.641667,0.058333,0.0,0.655031,0.560197,0.709345,0.520481
difficulty,2D_a0,137,137-80,0.566667,0.45,0.508333,0.958333,0.725,0.0,0.0,0.618855,0.583867,0.556851,0.446872
difficulty,2D_a0,137,137-81,0.508333,0.158333,0.658333,0.816667,0.508333,0.05,0.0,0.70044,0.489711,0.892247,0.460724
difficulty,2D_a0,137,137-82,0.516667,0.516667,0.45,0.966667,0.791667,0.0,0.0,0.575895,0.520956,0.468051,0.344913
difficulty,2D_a0,137,137-83,0.616667,0.425,0.5,0.925,0.683333,0.008333,0.0,0.635505,0.579371,0.602199,0.46886
difficulty,2D_a0,137,137-84,0.208333,0.483333,0.016667,0.5,0.5,0.0,0.216667,0.399565,0.515166,0.502251,0.373846
difficulty,2D_a0,137,137-85,0.475,0.491667,0.333333,0.825,0.691667,0.0,0.0,0.549651,0.637033,0.485069,0.336493
difficulty,2D_a0,137,137-86,0.091667,0.35,0.0,0.35,0.35,0.0,0.366667,0.351331,0.549369,0.670917,0.459159
difficulty,2D_a0,137,137-87,0.258333,0.483333,0.066667,0.55,0.55,0.0,0.166667,0.420559,0.626984,0.49497,0.331087
difficulty,2D_a0,137,137-88,0.183333,0.458333,0.016667,0.475,0.475,0.0,0.283333,0.388341,0.593718,0.56145,0.403765
difficulty,2D_a0,137,137-89,0.458333,0.5,0.283333,0.783333,0.725,0.0,0.008333,0.514147,0.591907,0.428435,0.270739
difficulty,2D_a0,137,137-90,0.508333,0.158333,0.658333,0.816667,0.508333,0.066667,0.0,0.701629,0.462548,0.901848,0.478628
difficulty,2D_a0,137,137-91,0.566667,0.533333,0.466667,1.0,0.783333,0.0,0.0,0.596726,0.547672,0.477965,0.367945
difficulty,2D_a0,137,137-92,0.116667,0.316667,0.0,0.316667,0.316667,0.0,0.391667,0.342102,0.589801,0.722529,0.468195
difficulty,2D_a0,137,137-93,0.475,0.433333,0.425,0.858333,0.625,0.025,0.0,0.630472,0.564303,0.649734,0.485237
difficulty,2D_a0,137,137-94,0.0,0.0,0.441667,0.441667,0.0,0.275,0.0,0.82445,0.351238,1.601146,0.420876
difficulty,2D_a0,137,137-95,0.366667,0.041667,0.666667,0.708333,0.366667,0.108333,0.0,0.737708,0.42306,1.08916,0.48169
difficulty,2D_a0,137,137-96,0.566667,0.416667,0.5,0.916667,0.691667,0.008333,0.0,0.634589,0.59266,0.630119,0.463942
difficulty,2D_a0,137,137-97,0.566667,0.075,0.766667,0.841667,0.566667,0.016667,0.0,0.696659,0.534586,0.865824,0.410254
difficulty,2D_a0,137,137-98,0.483333,0.108333,0.658333,0.766667,0.483333,0.091667,0.0,0.714889,0.485552,0.972516,0.494134
difficulty,2D_a0,137,137-99,0.516667,0.416667,0.533333,0.95,0.65,0.0,0.0,0.621859,0.426192,0.598665,0.395098
difficulty,2D_a0,137,137-100,0.416667,0.466667,0.208333,0.675,0.633333,0.0,0.075,0.485849,0.590699,0.44455,0.297871
difficulty,2D_a0,137,137-101,0.0,0.0,0.45,0.45,0.0,0.308333,0.0,0.819588,0.341774,1.570522,0.430994
difficulty,2D_a0,137,137-102,0.558333,0.541667,0.45,0.991667,0.8,0.0,0.0,0.586861,0.572228,0.469618,0.359895
difficulty,2D_a0,137,137-103,0.416667,0.066667,0.691667,0.758333,0.416667,0.083333,0.0,0.729387,0.433847,1.038401,0.451658
difficulty,2D_a0,137,137-104,0.475,0.475,0.35,0.825,0.7,0.0,0.008333,0.544095,0.565661,0.480596,0.335262
difficulty,2D_a0,137,137-105,0.0,0.0,0.433333,0.433333,0.0,0.325,0.0,0.826502,0.338499,1.626517,0.461248
difficulty,2D_a0,137,137-106,0.0,0.0,0.0,0.0,0.0,0.0,1.0,0.085785,0.125475,2.41805,0.362463
difficulty,2D_a0,137,137-107,0.466667,0.525,0.233333,0.758333,0.733333,0.0,0.025,0.499526,0.530758,0.409525,0.25601
difficulty,2D_a0,137,137-108,0.0,0.0,0.0,0.0,0.0,0.0,1.0,0.087437,0.127642,2.402094,0.381928
difficulty,2D_a0,137,137-109,0.2,0.0,0.641667,0.641667,0.2,0.191667,0.0,0.771392,0.416679,1.276487,0.475403
difficulty,2D_a0,137,137-110,0.241667,0.466667,0.083333,0.55,0.541667,0.0,0.141667,0.42727,0.637449,0.460954,0.326848
difficulty,2D_a0,137,137-111,0.466667,0.091667,0.691667,0.783333,0.466667,0.091667,0.0,0.716247,0.491292,0.97649,0.479693
difficulty,2D_a0,137,137-112,0.408333,0.458333,0.208333,0.666667,0.658333,0.0,0.1,0.469395,0.544806,0.462388,0.297967
difficulty,2D_a0,137,137-113,0.3,0.508333,0.075,0.583333,0.583333,0.0,0.125,0.432439,0.568861,0.453402,0.330596
difficulty,2D_a0,137,137-114,0.4,0.483333,0.2,0.683333,0.658333,0.0,0.108333,0.474995,0.563659,0.447267,0.290047
difficulty,2D_a0,137,137-115,0.466667,0.525,0.241667,0.766667,0.741667,0.0,0.033333,0.499543,0.558046,0.394643,0.251021
difficulty,2D_a0,137,137-116,0.458333,0.058333,0.691667,0.75,0.458333,0.058333,0.0,0.72629,0.432365,1.02357,0.457746
difficulty,2D_a0,137,137-117,0.258333,0.483333,0.033333,0.516667,0.516667,0.0,0.141667,0.419034,0.5917,0.459602,0.350281
difficulty,2D_a0,137,137-118,0.0,0.0,0.0,0.0,0.0,0.0,0.808333,0.22806,0.398562,1.265364,0.413617
difficulty,2D_a0,137,137-119,0.4,0.5,0.216667,0.716667,0.683333,0.0,0.091667,0.47947,0.638764,0.460909,0.301367
difficulty,2D_a0,137,137-120,0.0,0.0,0.6,0.6,0.0,0.208333,0.0,0.795614,0.402415,1.410335,0.423255
difficulty,2D_a0,137,137-121,0.0,0.0,0.308333,0.308333,0.0,0.383333,0.0,0.837442,0.305869,1.695656,0.418021
difficulty,2D_a0,137,137-122,0.525,0.441667,0.45,0.891667,0.708333,0.0,0.0,0.574202,0.484835,0.494885,0.343855
difficulty,2D_a0,137,137-123,0.025,0.283333,0.0,0.283333,0.283333,0.0,0.391667,0.33037,0.384468,0.743651,0.449624
difficulty,2D_a0,137,137-124,0.0,0.05,0.0,0.05,0.05,0.0,0.558333,0.274608,0.379909,1.015545,0.441744
difficulty,2D_a0,137,137-125,0.541667,0.5,0.425,0.925,0.791667,0.0,0.0,0.563194,0.512601,0.449419,0.316247
difficulty,2D_a0,137,137-126,0.516667,0.491667,0.4,0.891667,0.75,0.0,0.0,0.573904,0.571993,0.496949,0.376708
difficulty,2D_a0,137,137-127,0.225,0.433333,0.033333,0.466667,0.466667,0.0,0.233333,0.393038,0.481324,0.538729,0.409923
difficulty,2D_a0,137,137-128,0.458333,0.55,0.258333,0.808333,0.758333,0.0,0.016667,0.509837,0.578776,0.406865,0.252507
difficulty,2D_a0,137,137-129,0.533333,0.225,0.608333,0.833333,0.533333,0.025,0.0,0.685671,0.499609,0.823147,0.477245
difficulty,2D_a0,137,137-130,0.466667,0.516667,0.308333,0.825,0.725,0.0,0.033333,0.527604,0.510631,0.466122,0.293769
difficulty,2D_a0,137,137-131,0.483333,0.475,0.266667,0.741667,0.691667,0.0,0.033333,0.502491,0.528857,0.431625,0.27459
difficulty,2D_a0,137,137-132,0.533333,0.366667,0.558333,0.925,0.641667,0.008333,0.0,0.646838,0.444651,0.659989,0.465883
difficulty,2D_a0,137,137-133,0.066667,0.375,0.0,0.375,0.375,0.0,0.375,0.341596,0.524018,0.706008,0.483588
difficulty,2D_a0,137,137-134,0.516667,0.458333,0.433333,0.891667,0.725,0.0,0.0,0.570523,0.546178,0.503433,0.356976
difficulty,2D_a0,137,137-135,0.55,0.541667,0.408333,0.95,0.8,0.0,0.0,0.580797,0.588652,0.459612,0.365778
difficulty,2D_a0,137,137-136,0.508333,0.541667,0.35,0.891667,0.808333,0.0,0.0,0.538659,0.571043,0.416926,0.289027
difficulty,2D_a0,137,137-137,0.533333,0.558333,0.266667,0.825,0.791667,0.0,0.016667,0.513616,0.411175,0.39568,0.233463
difficulty,2D_a0,137,137-138,0.508333,0.525,0.325,0.85,0.783333,0.0,0.016667,0.531566,0.568847,0.420548,0.284812
difficulty,2D_a0,137,137-139,0.516667,0.191667,0.591667,0.783333,0.516667,0.091667,0.0,0.704095,0.46652,0.923945,0.523449
difficulty,2D_a0,137,137-140,0.0,0.0,0.0,0.0,0.0,0.0,1.0,0.149343,0.297986,1.793731,0.398641
difficulty,2D_a0,137,137-141,0.608333,0.308333,0.558333,0.866667,0.608333,0.05,0.0,0.676977,0.515439,0.78289,0.481978
difficulty,2D_a0,137,137-142,0.458333,0.508333,0.316667,0.825,0.716667,0.0,0.0,0.532359,0.555529,0.451803,0.300449
difficulty,2D_a0,137,137-143,0.366667,0.525,0.083333,0.608333,0.608333,0.0,0.108333,0.447539,0.525771,0.438788,0.308531
difficulty,2D_a0,137,137-144,0.458333,0.541667,0.35,0.891667,0.766667,0.0,0.0,0.551487,0.640246,0.436484,0.320035
difficulty,2D_a0,137,137-145,0.516667,0.366667,0.55,0.916667,0.65,0.0,0.0,0.646665,0.476422,0.671876,0.472402
difficulty,2D_a0,137,137-146,0.583333,0.291667,0.575,0.866667,0.608333,0.025,0.0,0.672885,0.528374,0.767503,0.49549
difficulty,2D_a0,137,137-147,0.458333,0.516667,0.183333,0.7,0.691667,0.0,0.05,0.478165,0.525973,0.402446,0.263841
difficulty,2D_a0,137,137-148,0.258333,0.483333,0.058333,0.541667,0.541667,0.0,0.191667,0.414518,0.522084,0.498659,0.366885
difficulty,2D_a0,137,137-149,0.541667,0.533333,0.35,0.883333,0.825,0.0,0.0,0.541226,0.587244,0.397404,0.272043
difficulty,2D_a0,137,137-150,0.108333,0.4,0.0,0.4,0.4,0.0,0.291667,0.369708,0.510023,0.583609,0.428844
difficulty,2D_a0,137,137-151,0.091667,0.0,0.591667,0.591667,0.091667,0.241667,0.0,0.784705,0.360123,1.351208,0.45581
difficulty,2D_a0,137,137-152,0.0,0.0,0.0,0.0,0.0,1.0,0.0,0.939806,0.136769,2.775126,0.26865
difficulty,2D_a0,137,137-153,0.233333,0.475,0.016667,0.491667,0.491667,0.0,0.191667,0.403727,0.499953,0.497966,0.382016
difficulty,2D_a0,137,137-154,0.108333,0.0,0.583333,0.583333,0.108333,0.25,0.0,0.786892,0.354151,1.366954,0.46436
difficulty,2D_a0,137,137-155,0.575,0.383333,0.541667,0.925,0.675,0.0,0.0,0.637227,0.563769,0.615141,0.462135
difficulty,2D_a0,137,137-156,0.483333,0.483333,0.375,0.858333,0.75,0.0,0.016667,0.542363,0.545773,0.458392,0.314243
difficulty,2D_a0,137,137-157,0.566667,0.308333,0.558333,0.866667,0.608333,0.058333,0.0,0.676026,0.531941,0.789539,0.512828
difficulty,2D_a0,137,137-158,0.566667,0.216667,0.65,0.866667,0.566667,0.041667,0.0,0.684925,0.489751,0.821015,0.483308
difficulty,2D_a0,137,137-159,0.45,0.483333,0.425,0.908333,0.691667,0.0,0.0,0.593451,0.580313,0.547102,0.407446
difficulty,2D_a0,137,137-160,0.266667,0.433333,0.091667,0.525,0.525,0.0,0.175,0.419121,0.683829,0.503061,0.348142
difficulty,2D_a0,137,137-161,0.533333,0.55,0.391667,0.941667,0.808333,0.0,0.0,0.563693,0.546821,0.419693,0.307087
difficulty,2D_a0,137,137-162,0.125,0.416667,0.0,0.416667,0.416667,0.0,0.325,0.360706,0.493552,0.626851,0.490447
difficulty,2D_a0,137,137-163,0.616667,0.475,0.458333,0.933333,0.708333,0.016667,0.0,0.629323,0.582334,0.583616,0.477189
difficulty,2D_a0,137,137-164,0.483333,0.458333,0.291667,0.75,0.666667,0.0,0.033333,0.512815,0.513001,0.448265,0.284702
difficulty,2D_a0,137,137-165,0.491667,0.15,0.65,0.8,0.491667,0.066667,0.0,0.705909,0.441483,0.926555,0.495072
difficulty,2D_a0,137,137-166,0.483333,0.483333,0.383333,0.866667,0.683333,0.0,0.0,0.559759,0.576507,0.497499,0.32401
difficulty,2D_a0,137,137-167,0.525,0.491667,0.358333,0.85,0.766667,0.0,0.0,0.540376,0.466757,0.442403,0.28497
difficulty,2D_a0,137,137-168,0.225,0.45,0.025,0.475,0.475,0.0,0.275,0.385692,0.664815,0.592921,0.436956
difficulty,2D_a0,137,137-169,0.525,0.458333,0.508333,0.966667,0.716667,0.008333,0.0,0.617341,0.569325,0.554628,0.431029
difficulty,2D_a0,137,137-170,0.508333,0.466667,0.458333,0.925,0.733333,0.0,0.0,0.58418,0.544493,0.511339,0.369377
difficulty,2D_a0,137,137-171,0.483333,0.541667,0.258333,0.8,0.766667,0.0,0.025,0.507848,0.498111,0.40952,0.253016
difficulty,2D_a0,137,137-172,0.483333,0.466667,0.375,0.841667,0.716667,0.0,0.016667,0.548463,0.542302,0.482327,0.329819
difficulty,2D_a0,137,137-173,0.6,0.183333,0.691667,0.875,0.6,0.033333,0.0,0.683797,0.482389,0.809223,0.449413
difficulty,2D_a0,137,137-174,0.441667,0.516667,0.241667,0.758333,0.725,0.0,0.041667,0.499587,0.593419,0.420723,0.260379
difficulty,2D_a0,137,137-175,0.158333,0.5,0.0,0.5,0.5,0.0,0.283333,0.385284,0.440375,0.530831,0.39371
difficulty,2D_a0,137,137-176,0.5,0.341667,0.558333,0.9,0.6,0.033333,0.0,0.654045,0.471101,0.699398,0.481168
difficulty,2D_a0,137,137-177,0.5,0.458333,0.458333,0.916667,0.691667,0.0,0.0,0.584078,0.513571,0.516862,0.345743
difficulty,2D_a0,137,137-178,0.025,0.233333,0.0,0.233333,0.233333,0.0,0.491667,0.307913,0.601221,0.866696,0.512706
difficulty,2D_a0,137,137-179,0.0,0.0,0.0,0.0,0.0,1.0,0.0,0.888748,0.230346,2.125033,0.366516
difficulty,2D_a0,137,137-180,0.316667,0.45,0.133333,0.583333,0.575,0.0,0.15,0.436626,0.676657,0.500102,0.332564
difficulty,2D_a0,137,137-181,0.525,0.516667,0.316667,0.833333,0.758333,0.0,0.0,0.534424,0.51819,0.420662,0.274038
difficulty,2D_a0,137,137-182,0.0,0.125,0.0,0.125,0.125,0.0,0.5,0.290496,0.395907,0.936175,0.451427
difficulty,2D_a0,137,137-183,0.483333,0.508333,0.275,0.783333,0.708333,0.0,0.008333,0.519765,0.551761,0.433611,0.271567
difficulty,2D_a0,137,137-184,0.308333,0.516667,0.066667,0.583333,0.583333,0.0,0.125,0.434647,0.532557,0.44632,0.322858
difficulty,2D_a0,137,137-185,0.425,0.5,0.158333,0.658333,0.658333,0.0,0.1,0.463824,0.495241,0.427111,0.287993
difficulty,2D_a0,137,137-186,0.066667,0.366667,0.0,0.366667,0.366667,0.0,0.366667,0.350647,0.489942,0.662843,0.469459
difficulty,2D_a0,137,137-187,0.366667,0.441667,0.191667,0.633333,0.608333,0.0,0.116667,0.465738,0.652493,0.472946,0.314522
difficulty,2D_a0,137,137-188,0.35,0.466667,0.141667,0.608333,0.6,0.0,0.15,0.448875,0.592969,0.478992,0.325896
difficulty,2D_a0,137,137-189,0.308333,0.491667,0.1,0.591667,0.591667,0.0,0.141667,0.434533,0.547656,0.46061,0.339292
difficulty,2D_a0,137,137-190,0.375,0.516667,0.1,0.616667,0.616667,0.0,0.108333,0.449785,0.470997,0.420722,0.3023
difficulty,2D_a0,137,137-191,0.016667,0.258333,0.0,0.258333,0.258333,0.0,0.441667,0.322895,0.555755,0.784481,0.485007
difficulty,2D_a0,137,137-192,0.0,0.0,0.0,0.0,0.0,0.0,0.916667,0.210716,0.424874,1.369592,0.414915
difficulty,2D_a0,137,137-193,0.35,0.483333,0.091667,0.575,0.575,0.0,0.2,0.428678,0.651927,0.51162,0.354676
difficulty,2D_a0,137,137-194,0.075,0.0,0.566667,0.566667,0.075,0.258333,0.0,0.793269,0.377194,1.404754,0.458536
difficulty,2D_a0,137,137-195,0.575,0.466667,0.491667,0.958333,0.725,0.008333,0.0,0.617103,0.537712,0.547085,0.426921
difficulty,2D_a0,137,137-196,0.416667,0.491667,0.158333,0.65,0.633333,0.0,0.083333,0.464558,0.549269,0.429558,0.292371
difficulty,2D_a0,137,137-197,0.05,0.341667,0.0,0.341667,0.341667,0.0,0.383333,0.340446,0.561367,0.712142,0.4843
difficulty,2D_a0,137,137-198,0.5,0.483333,0.358333,0.841667,0.783333,0.0,0.016667,0.530346,0.483953,0.419356,0.270097
difficulty,2D_a0,137,137-199,0.55,0.458333,0.416667,0.875,0.741667,0.0,0.0,0.55929,0.491288,0.454632,0.315016
difficulty,2D_a0,369,369-0,0.508333,0.541667,0.358333,0.9,0.775,0.0,0.0,0.569878,0.582119,0.458309,0.351976
difficulty,2D_a0,369,369-1,0.466667,0.541667,0.291667,0.833333,0.758333,0.0,0.0,0.52494,0.656781,0.433168,0.300158
difficulty,2D_a0,369,369-2,0.5,0.141667,0.641667,0.783333,0.5,0.075,0.0,0.707304,0.512125,0.935449,0.500503
difficulty,2D_a0,369,369-3,0.291667,0.525,0.033333,0.558333,0.558333,0.0,0.158333,0.425418,0.535742,0.469336,0.328987
difficulty,2D_a0,369,369-4,0.608333,0.5,0.441667,0.941667,0.833333,0.0,0.0,0.578333,0.529544,0.461187,0.363493
difficulty,2D_a0,369,369-5,0.491667,0.483333,0.433333,0.916667,0.725,0.0,0.0,0.5766,0.577024,0.498103,0.352279
difficulty,2D_a0,369,369-6,0.325,0.508333,0.066667,0.575,0.575,0.0,0.166667,0.427104,0.510672,0.472745,0.344486
difficulty,2D_a0,369,369-7,0.533333,0.483333,0.425,0.908333,0.766667,0.0,0.0,0.572227,0.585281,0.484935,0.363528
difficulty,2D_a0,369,369-8,0.475,0.458333,0.383333,0.841667,0.683333,0.0,0.008333,0.549291,0.553533,0.470585,0.322428
difficulty,2D_a0,369,369-9,0.0,0.0,0.55,0.55,0.0,0.233333,0.0,0.79871,0.382451,1.434815,0.441778
difficulty,2D_a0,369,369-10,0.6,0.333333,0.583333,0.916667,0.625,0.025,0.0,0.658682,0.523102,0.695386,0.468577
difficulty,2D_a0,369,369-11,0.0,0.0,0.0,0.0,0.0,0.0,1.0,0.072364,0.092214,2.605977,0.369869
difficulty,2D_a0,369,369-12,0.416667,0.55,0.125,0.675,0.675,0.0,0.083333,0.45821,0.580782,0.428932,0.284392
difficulty,2D_a0,369,369-13,0.491667,0.475,0.391667,0.866667,0.733333,0.0,0.0,0.55453,0.604055,0.479681,0.340655
difficulty,2D_a0,369,369-14,0.0,0.0,0.0,0.0,0.0,0.0,1.0,0.098951,0.306326,2.276348,0.419385
difficulty,2D_a0,369,369-15,0.0,0.0,0.0,0.0,0.0,0.0,1.0,0.120186,0.121165,2.04014,0.367937
difficulty,2D_a0,369,369-16,0.483333,0.525,0.358333,0.883333,0.741667,0.0,0.0,0.561531,0.60132,0.464249,0.340252
difficulty,2D_a0,369,369-17,0.0,0.008333,0.0,0.008333,0.008333,0.0,0.641667,0.257396,0.478931,1.103616,0.426804
difficulty,2D_a0,369,369-18,0.433333,0.0,0.775,0.775,0.433333,0.083333,0.0,0.727666,0.50213,1.024618,0.425252
difficulty,2D_a0,369,369-19,0.416667,0.525,0.1,0.625,0.625,0.0,0.133333,0.448022,0.48356,0.454081,0.325366
difficulty,2D_a0,369,369-20,0.441667,0.525,0.25,0.775,0.725,0.0,0.016667,0.507287,0.597036,0.408114,0.256053
difficulty,2D_a0,369,369-21,0.516667,0.191667,0.591667,0.783333,0.516667,0.041667,0.0,0.693592,0.502735,0.866309,0.501703
difficulty,2D_a0,369,369-22,0.466667,0.55,0.175,0.725,0.708333,0.0,0.008333,0.485621,0.54344,0.381753,0.229556
difficulty,2D_a0,369,369-23,0.525,0.15,0.658333,0.808333,0.525,0.066667,0.0,0.704856,0.463566,0.916548,0.47071
difficulty,2D_a0,369,369-24,0.458333,0.541667,0.158333,0.7,0.7,0.0,0.075,0.474746,0.504569,0.434207,0.29416
difficulty,2D_a0,369,369-25,0.375,0.466667,0.141667,0.608333,0.6,0.0,0.133333,0.451099,0.641766,0.462454,0.299704
difficulty,2D_a0,369,369-26,0.433333,0.091667,0.658333,0.75,0.433333,0.058333,0.0,0.717579,0.41445,0.978609,0.460327
difficulty,2D_a0,369,369-27,0.391667,0.491667,0.183333,0.675,0.675,0.0,0.083333,0.467596,0.567856,0.435121,0.279413
difficulty,2D_a0,369,369-28,0.116667,0.391667,0.0,0.391667,0.391667,0.0,0.308333,0.361636,0.550429,0.633721,0.439217
difficulty,2D_a0,369,369-29,0.5,0.558333,0.35,0.908333,0.783333,0.0,0.0,0.555747,0.629786,0.430501,0.323917
difficulty,2D_a0,369,369-30,0.533333,0.441667,0.508333,0.95,0.716667,0.0,0.0,0.62017,0.516103,0.583972,0.434222
difficulty,2D_a0,369,369-31,0.491667,0.533333,0.275,0.808333,0.75,0.0,0.0,0.519415,0.567198,0.402149,0.251755
difficulty,2D_a0,369,369-32,0.441667,0.575,0.125,0.7,0.7,0.0,0.058333,0.469037,0.538196,0.39563,0.247587
difficulty,2D_a0,369,369-33,0.0,0.0,0.0,0.0,0.0,0.0,0.925,0.202457,0.526938,1.430137,0.45075
difficulty,2D_a0,369,369-34,0.341667,0.533333,0.091667,0.625,0.625,0.0,0.125,0.440161,0.595027,0.447777,0.304349
difficulty,2D_a0,369,369-35,0.391667,0.483333,0.283333,0.766667,0.641667,0.0,0.041667,0.514195,0.6297,0.493157,0.315781
difficulty,2D_a0,369,369-36,0.4,0.508333,0.133333,0.641667,0.641667,0.0,0.091667,0.458021,0.519858,0.428332,0.29092
difficulty,2D_a0,369,369-37,0.508333,0.45,0.466667,0.916667,0.683333,0.025,0.0,0.627414,0.572782,0.61032,0.485542
difficulty,2D_a0,369,369-38,0.483333,0.525,0.3,0.825,0.758333,0.0,0.008333,0.525959,0.604834,0.407178,0.276647
difficulty,2D_a0,369,369-39,0.491667,0.5,0.416667,0.916667,0.741667,0.0,0.0,0.584996,0.611083,0.50275,0.397493
difficulty,2D_a0,369,369-40,0.525,0.366667,0.566667,0.933333,0.658333,0.0,0.0,0.64109,0.443564,0.654802,0.44897
difficulty,2D_a0,369,369-41,0.333333,0.516667,0.1,0.616667,0.616667,0.0,0.141667,0.440432,0.582623,0.454526,0.311099
difficulty,2D_a0,369,369-42,0.416667,0.533333,0.125,0.658333,0.658333,0.0,0.1,0.465349,0.46284,0.405073,0.272413
difficulty,2D_a0,369,369-43,0.058333,0.358333,0.0,0.358333,0.358333,0.0,0.391667,0.348574,0.492957,0.665832,0.445312
difficulty,2D_a0,369,369-44,0.266667,0.5,0.05,0.55,0.55,0.0,0.141667,0.424826,0.575647,0.45391,0.330886
difficulty,2D_a0,369,369-45,0.533333,0.533333,0.316667,0.85,0.775,0.0,0.008333,0.536092,0.481679,0.431201,0.275286
difficulty,2D_a0,369,369-46,0.541667,0.45,0.516667,0.966667,0.741667,0.0,0.0,0.615229,0.502751,0.57129,0.422106
difficulty,2D_a0,369,369-47,0.241667,0.458333,0.033333,0.491667,0.491667,0.0,0.241667,0.396381,0.516873,0.536586,0.401197
difficulty,2D_a0,369,369-48,0.491667,0.5,0.358333,0.858333,0.75,0.0,0.0,0.545503,0.558087,0.441069,0.302037
difficulty,2D_a0,369,369-49,0.0,0.083333,0.0,0.083333,0.083333,0.0,0.558333,0.280946,0.480943,0.98251,0.44205
difficulty,2D_a0,369,369-50,0.025,0.341667,0.0,0.341667,0.341667,0.0,0.375,0.349381,0.398895,0.651147,0.415611
difficulty,2D_a0,369,369-51,0.525,0.491667,0.383333,0.875,0.733333,0.0,0.0,0.567332,0.591892,0.483432,0.351581
difficulty,2D_a0,369,369-52,0.408333,0.0,0.733333,0.733333,0.408333,0.108333,0.0,0.735987,0.477405,1.073195,0.44937
difficulty,2D_a0,369,369-53,0.566667,0.35,0.533333,0.883333,0.625,0.008333,0.0,0.656372,0.481303,0.696737,0.476563
difficulty,2D_a0,369,369-54,0.4,0.491667,0.116667,0.608333,0.608333,0.0,0.133333,0.444222,0.530465,0.463662,0.343349
difficulty,2D_a0,369,369-55,0.6,0.35,0.558333,0.908333,0.616667,0.041667,0.0,0.661636,0.529361,0.715309,0.496099
difficulty,2D_a0,369,369-56,0.55,0.491667,0.45,0.941667,0.758333,0.0,0.0,0.581496,0.475372,0.493664,0.352216
difficulty,2D_a0,369,369-57,0.358333,0.558333,0.116667,0.675,0.675,0.0,0.091667,0.457446,0.465166,0.424391,0.277458
difficulty,2D_a0,369,369-58,0.133333,0.458333,0.0,0.458333,0.458333,0.0,0.275,0.379267,0.354002,0.545779,0.416827
difficulty,2D_a0,369,369-59,0.516667,0.483333,0.4,0.883333,0.733333,0.0,0.0,0.55927,0.558922,0.478182,0.342603
difficulty,2D_a0,369,369-60,0.4,0.491667,0.158333,0.65,0.633333,0.0,0.108333,0.468596,0.615931,0.446072,0.295625
difficulty,2D_a0,369,369-61,0.0,0.0,0.0,0.0,0.0,0.0,0.741667,0.236518,0.410864,1.220273,0.430546
difficulty,2D_a0,369,369-62,0.583333,0.491667,0.458333,0.95,0.808333,0.0,0.0,0.581138,0.477694,0.463753,0.348093
difficulty,2D_a0,369,369-63,0.0,0.05,0.0,0.05,0.05,0.0,0.608333,0.269097,0.432039,1.042325,0.432246
difficulty,2D_a0,369,369-64,0.366667,0.516667,0.1,0.616667,0.616667,0.0,0.116667,0.447846,0.595431,0.438991,0.307482
difficulty,2D_a0,369,369-65,0.583333,0.333333,0.558333,0.891667,0.616667,0.025,0.0,0.662518,0.510953,0.718713,0.484006
difficulty,2D_a0,369,369-66,0.191667,0.516667,0.0,0.516667,0.516667,0.0,0.233333,0.39509,0.42343,0.507071,0.385855
difficulty,2D_a0,369,369-67,0.475,0.183333,0.625,0.808333,0.483333,0.041667,0.0,0.69955,0.455773,0.896756,0.506631
difficulty,2D_a0,369,369-68,0.583333,0.325,0.616667,0.941667,0.633333,0.0,0.0,0.650901,0.458711,0.665773,0.442758
difficulty,2D_a0,369,369-69,0.025,0.25,0.0,0.25,0.25,0.0,0.441667,0.314477,0.586735,0.822685,0.46738
difficulty,2D_a0,369,369-70,0.466667,0.083333,0.708333,0.791667,0.466667,0.066667,0.0,0.716112,0.434166,0.969001,0.449586
difficulty,2D_a0,369,369-71,0.408333,0.516667,0.141667,0.658333,0.65,0.0,0.083333,0.465512,0.560486,0.432772,0.296156
difficulty,2D_a0,369,369-72,0.358333,0.491667,0.091667,0.583333,0.583333,0.0,0.133333,0.435509,0.508086,0.449933,0.333566
difficulty,2D_a0,369,369-73,0.558333,0.45,0.458333,0.908333,0.7,0.0,0.0,0.609309,0.529688,0.554803,0.415098
difficulty,2D_a0,369,369-74,0.275,0.0,0.675,0.675,0.275,0.158333,0.0,0.758906,0.41023,1.198353,0.448111
difficulty,2D_a0,369,369-75,0.65,0.5,0.483333,0.983333,0.775,0.0,0.0,0.609597,0.60594,0.494034,0.389708
difficulty,2D_a0,369,369-76,0.458333,0.458333,0.383333,0.841667,0.675,0.0,0.0,0.548102,0.599289,0.478294,0.317773
difficulty,2D_a0,369,369-77,0.491667,0.441667,0.475,0.916667,0.691667,0.0,0.0,0.620776,0.536855,0.598153,0.44886
difficulty,2D_a0,369,369-78,0.558333,0.366667,0.516667,0.883333,0.616667,0.016667,0.0,0.654868,0.528262,0.695214,0.505692
difficulty,2D_a0,369,369-79,0.0,0.0,0.325,0.325,0.0,0.35,0.0,0.831402,0.328474,1.652266,0.423796
difficulty,2D_a0,369,369-80,0.575,0.441667,0.491667,0.933333,0.708333,0.0,0.0,0.628219,0.52929,0.58329,0.443268
difficulty,2D_a0,369,369-81,0.5,0.516667,0.383333,0.9,0.775,0.0,0.0,0.557938,0.540834,0.449572,0.319712
difficulty,2D_a0,369,369-82,0.45,0.058333,0.708333,0.766667,0.45,0.066667,0.0,0.720535,0.42946,0.99061,0.44386
difficulty,2D_a0,369,369-83,0.283333,0.491667,0.05,0.541667,0.541667,0.0,0.175,0.421447,0.574856,0.482905,0.353468
difficulty,2D_a0,369,369-84,0.558333,0.125,0.7,0.825,0.558333,0.033333,0.0,0.702168,0.507737,0.898471,0.443366
difficulty,2D_a0,369,369-85,0.0,0.0,0.541667,0.541667,0.0,0.233333,0.0,0.808962,0.386265,1.485482,0.376011
difficulty,2D_a0,369,369-86,0.25,0.466667,0.033333,0.5,0.5,0.0,0.225,0.399081,0.584752,0.543812,0.419009
difficulty,2D_a0,369,369-87,0.683333,0.4,0.566667,0.966667,0.716667,0.0,0.0,0.639934,0.584054,0.604406,0.412948
difficulty,2D_a0,369,369-88,0.608333,0.325,0.616667,0.941667,0.65,0.016667,0.0,0.660827,0.52601,0.713787,0.452947
difficulty,2D_a0,369,369-89,0.075,0.325,0.0,0.325,0.325,0.0,0.375,0.34334,0.543238,0.696269,0.46084
difficulty,2D_a0,369,369-90,0.0,0.0,0.0,0.0,0.0,0.0,0.966667,0.194565,0.404815,1.478579,0.442554
difficulty,2D_a0,369,369-91,0.0,0.0,0.0,0.0,0.0,1.0,0.0,0.882072,0.260998,2.044547,0.30783
difficulty,2D_a0,369,369-92,0.0,0.0,0.0,0.0,0.0,0.0,0.983333,0.190285,0.435943,1.498448,0.407025
difficulty,2D_a0,369,369-93,0.383333,0.0,0.716667,0.716667,0.383333,0.1,0.0,0.740812,0.457598,1.099476,0.451355
difficulty,2D_a0,369,369-94,0.033333,0.0,0.541667,0.541667,0.033333,0.266667,0.0,0.792711,0.354386,1.391935,0.419771
difficulty,2D_a0,369,369-95,0.083333,0.341667,0.0,0.341667,0.341667,0.0,0.375,0.346941,0.567667,0.683439,0.459567
difficulty,2D_a0,369,369-96,0.358333,0.5,0.133333,0.633333,0.616667,0.0,0.141667,0.45012,0.678966,0.480295,0.309236
difficulty,2D_a0,369,369-97,0.0,0.0,0.0,0.0,0.0,0.0,0.85,0.227012,0.344107,1.272439,0.418034
difficulty,2D_a0,369,369-98,0.375,0.525,0.083333,0.608333,0.608333,0.0,0.133333,0.445982,0.523929,0.439241,0.319242
difficulty,2D_a0,369,369-99,0.0,0.0,0.0,0.0,0.0,0.0,1.0,0.119783,0.159707,2.049719,0.39017
difficulty,2D_a0,369,369-100,0.0,0.0,0.05,0.05,0.0,0.366667,0.0,0.846612,0.322966,1.749296,0.355219
difficulty,2D_a0,369,369-101,0.283333,0.491667,0.058333,0.55,0.55,0.0,0.208333,0.40883,0.556711,0.514032,0.378125
difficulty,2D_a0,369,369-102,0.466667,0.575,0.15,0.725,0.725,0.0,0.083333,0.476988,0.487317,0.3982,0.249791
difficulty,2D_a0,369,369-103,0.0,0.0,0.0,0.0,0.0,0.0,0.983333,0.190003,0.413241,1.504416,0.423264
difficulty,2D_a0,369,369-104,0.575,0.35,0.55,0.9,0.625,0.008333,0.0,0.658226,0.550575,0.704777,0.46865
difficulty,2D_a0,369,369-105,0.575,0.541667,0.433333,0.975,0.808333,0.0,0.0,0.587031,0.551875,0.466015,0.362077
difficulty,2D_a0,369,369-106,0.508333,0.208333,0.575,0.783333,0.508333,0.075,0.0,0.701263,0.455217,0.908645,0.522732
difficulty,2D_a0,369,369-107,0.466667,0.525,0.416667,0.941667,0.766667,0.0,0.0,0.567597,0.538101,0.461499,0.32963
difficulty,2D_a0,369,369-108,0.5,0.558333,0.25,0.808333,0.775,0.0,0.025,0.50869,0.525119,0.416607,0.250429
difficulty,2D_a0,369,369-109,0.458333,0.5,0.283333,0.783333,0.716667,0.0,0.033333,0.512798,0.595212,0.425767,0.287544
difficulty,2D_a0,369,369-110,0.075,0.0,0.533333,0.533333,0.075,0.266667,0.0,0.796594,0.353519,1.424204,0.451864
difficulty,2D_a0,369,369-111,0.533333,0.408333,0.541667,0.95,0.666667,0.0,0.0,0.627971,0.483197,0.601715,0.430566
difficulty,2D_a0,369,369-112,0.15,0.383333,0.016667,0.4,0.4,0.0,0.316667,0.37364,0.588446,0.608624,0.444205
difficulty,2D_a0,369,369-113,0.525,0.475,0.441667,0.916667,0.725,0.0,0.0,0.593832,0.551891,0.535096,0.392193
difficulty,2D_a0,369,369-114,0.55,0.466667,0.458333,0.925,0.758333,0.0,0.0,0.579088,0.565284,0.496442,0.356714
difficulty,2D_a0,369,369-115,0.266667,0.483333,0.058333,0.541667,0.541667,0.0,0.183333,0.418004,0.621952,0.488211,0.346971
difficulty,2D_a0,369,369-116,0.5,0.525,0.308333,0.833333,0.783333,0.0,0.016667,0.518084,0.606212,0.397783,0.267241
difficulty,2D_a0,369,369-117,0.158333,0.425,0.0,0.425,0.425,0.0,0.291667,0.371338,0.490283,0.589197,0.443418
difficulty,2D_a0,369,369-118,0.575,0.3,0.541667,0.841667,0.575,0.041667,0.0,0.677018,0.514708,0.787046,0.50517
difficulty,2D_a0,369,369-119,0.583333,0.333333,0.541667,0.875,0.608333,0.041667,0.0,0.663968,0.481846,0.731669,0.510631
difficulty,2D_a0,369,369-120,0.0,0.108333,0.0,0.108333,0.108333,0.0,0.525,0.283901,0.499593,0.971209,0.461146
difficulty,2D_a0,369,369-121,0.0,0.15,0.0,0.15,0.15,0.0,0.483333,0.301439,0.428441,0.880122,0.444317
difficulty,2D_a0,369,369-122,0.583333,0.241667,0.633333,0.875,0.583333,0.033333,0.0,0.682942,0.489269,0.808643,0.466865
difficulty,2D_a0,369,369-123,0.416667,0.05,0.691667,0.741667,0.416667,0.1,0.0,0.732974,0.451598,1.062392,0.475028
difficulty,2D_a0,369,369-124,0.0,0.0,0.0,0.0,0.0,0.0,1.0,0.182583,0.312394,1.559445,0.443292
difficulty,2D_a0,369,369-125,0.55,0.2,0.65,0.85,0.55,0.025,0.0,0.691097,0.506125,0.848723,0.470451
difficulty,2D_a0,369,369-126,0.566667,0.375,0.55,0.925,0.641667,0.008333,0.0,0.644263,0.52701,0.651982,0.473097
difficulty,2D_a0,369,369-127,0.425,0.066667,0.675,0.741667,0.425,0.125,0.0,0.72798,0.458247,1.050221,0.535784
difficulty,2D_a0,369,369-128,0.6,0.541667,0.441667,0.983333,0.783333,0.0,0.0,0.600413,0.539408,0.487641,0.393316
difficulty,2D_a0,369,369-129,0.0,0.0,0.566667,0.566667,0.0,0.25,0.0,0.799044,0.391491,1.437033,0.443318
difficulty,2D_a0,369,369-130,0.541667,0.391667,0.525,0.916667,0.683333,0.016667,0.0,0.639151,0.55813,0.636899,0.487715
difficulty,2D_a0,369,369-131,0.525,0.425,0.491667,0.916667,0.691667,0.0,0.0,0.617713,0.551063,0.586425,0.442475
difficulty,2D_a0,369,369-132,0.575,0.466667,0.508333,0.975,0.75,0.0,0.0,0.614692,0.529763,0.543665,0.415746
difficulty,2D_a0,369,369-133,0.0,0.083333,0.0,0.083333,0.083333,0.0,0.591667,0.273411,0.490363,1.028413,0.475373
difficulty,2D_a0,369,369-134,0.491667,0.5,0.375,0.875,0.725,0.0,0.0,0.559821,0.654896,0.470752,0.351343
difficulty,2D_a0,369,369-135,0.0,0.0,0.375,0.375,0.0,0.325,0.0,0.830086,0.33101,1.647549,0.443231
difficulty,2D_a0,369,369-136,0.375,0.0,0.741667,0.741667,0.375,0.1,0.0,0.740698,0.45923,1.091878,0.41812
difficulty,2D_a0,369,369-137,0.308333,0.475,0.033333,0.508333,0.508333,0.0,0.2,0.414738,0.557527,0.491463,0.365139
difficulty,2D_a0,369,369-138,0.575,0.225,0.608333,0.833333,0.575,0.041667,0.0,0.684791,0.537557,0.820065,0.481851
difficulty,2D_a0,369,369-139,0.5,0.45,0.508333,0.958333,0.725,0.0,0.0,0.61462,0.546767,0.569902,0.427652
difficulty,2D_a0,369,369-140,0.0,0.058333,0.0,0.058333,0.058333,0.0,0.575,0.275962,0.436183,1.008221,0.441759
difficulty,2D_a0,369,369-141,0.391667,0.5,0.116667,0.616667,0.616667,0.0,0.1,0.447455,0.569959,0.441054,0.310808
difficulty,2D_a0,369,369-142,0.0,0.0,0.0,0.0,0.0,0.0,0.766667,0.237849,0.305813,1.207319,0.4053
difficulty,2D_a0,369,369-143,0.533333,0.216667,0.608333,0.825,0.533333,0.05,0.0,0.691982,0.476048,0.856411,0.490339
difficulty,2D_a0,369,369-144,0.4,0.541667,0.183333,0.725,0.691667,0.0,0.041667,0.483583,0.611204,0.409367,0.260176
difficulty,2D_a0,369,369-145,0.033333,0.35,0.0,0.35,0.35,0.0,0.366667,0.340165,0.500794,0.697932,0.436583
difficulty,2D_a0,369,369-146,0.5,0.45,0.475,0.925,0.716667,0.0,0.0,0.589127,0.584006,0.524077,0.372402
difficulty,2D_a0,369,369-147,0.491667,0.475,0.4,0.875,0.708333,0.0,0.0,0.558067,0.544302,0.473706,0.327449
difficulty,2D_a0,369,369-148,0.325,0.516667,0.058333,0.575,0.575,0.0,0.175,0.424903,0.507708,0.469749,0.351187
difficulty,2D_a0,369,369-149,0.508333,0.191667,0.6,0.791667,0.508333,0.033333,0.0,0.698013,0.470306,0.883031,0.477101
difficulty,2D_a0,369,369-150,0.525,0.391667,0.558333,0.95,0.666667,0.008333,0.0,0.637782,0.473585,0.628745,0.452676
difficulty,2D_a0,369,369-151,0.45,0.491667,0.225,0.716667,0.683333,0.0,0.066667,0.489924,0.564206,0.445974,0.28179
difficulty,2D_a0,369,369-152,0.533333,0.533333,0.366667,0.9,0.775,0.0,0.0,0.553435,0.599078,0.439158,0.305739
difficulty,2D_a0,369,369-153,0.475,0.175,0.583333,0.758333,0.475,0.1,0.0,0.71602,0.46375,0.985185,0.527177
difficulty,2D_a0,369,369-154,0.0,0.0,0.0,0.0,0.0,0.0,1.0,0.165393,0.409976,1.683072,0.446798
difficulty,2D_a0,369,369-155,0.45,0.041667,0.725,0.766667,0.45,0.116667,0.0,0.723231,0.489939,1.010648,0.470703
difficulty,2D_a0,369,369-156,0.183333,0.491667,0.0,0.491667,0.491667,0.0,0.275,0.383952,0.431832,0.543613,0.431436
difficulty,2D_a0,369,369-157,0.483333,0.566667,0.166667,0.733333,0.733333,0.0,0.025,0.486634,0.473783,0.387621,0.241421
difficulty,2D_a0,369,369-158,0.6,0.308333,0.608333,0.916667,0.616667,0.0,0.0,0.663696,0.501085,0.713537,0.444626
difficulty,2D_a0,369,369-159,0.433333,0.5,0.208333,0.708333,0.683333,0.0,0.058333,0.484452,0.561031,0.431192,0.269943
difficulty,2D_a0,369,369-160,0.383333,0.0,0.75,0.75,0.383333,0.125,0.0,0.741373,0.461955,1.096149,0.420925
difficulty,2D_a0,369,369-161,0.208333,0.475,0.016667,0.491667,0.491667,0.0,0.241667,0.40252,0.562443,0.512132,0.374662
difficulty,2D_a0,369,369-162,0.483333,0.5,0.275,0.775,0.733333,0.0,0.025,0.504688,0.52973,0.414278,0.2688
difficulty,2D_a0,369,369-163,0.0,0.0,0.0,0.0,0.0,0.0,1.0,0.107055,0.192847,2.173691,0.374497
difficulty,2D_a0,369,369-164,0.466667,0.108333,0.658333,0.766667,0.466667,0.083333,0.0,0.715886,0.463239,0.978558,0.499684
difficulty,2D_a0,369,369-165,0.058333,0.35,0.0,0.35,0.35,0.0,0.391667,0.338458,0.505617,0.724309,0.478674
difficulty,2D_a0,369,369-166,0.2,0.0,0.666667,0.666667,0.2,0.183333,0.0,0.765395,0.429339,1.239892,0.468647
difficulty,2D_a0,369,369-167,0.508333,0.35,0.541667,0.891667,0.625,0.025,0.0,0.65483,0.512851,0.707839,0.507634
difficulty,2D_a0,369,369-168,0.475,0.008333,0.733333,0.741667,0.475,0.1,0.0,0.725997,0.509222,1.026405,0.475327
difficulty,2D_a0,369,369-169,0.325,0.483333,0.125,0.608333,0.608333,0.0,0.108333,0.44654,0.590834,0.456475,0.309377
difficulty,2D_a0,369,369-170,0.516667,0.4,0.525,0.925,0.675,0.008333,0.0,0.633732,0.48329,0.635374,0.468055
difficulty,2D_a0,369,369-171,0.45,0.508333,0.216667,0.725,0.716667,0.0,0.091667,0.478843,0.51883,0.445467,0.291775
difficulty,2D_a0,369,369-172,0.491667,0.541667,0.291667,0.833333,0.75,0.0,0.008333,0.527273,0.54827,0.430914,0.283849
difficulty,2D_a0,369,369-173,0.55,0.458333,0.441667,0.9,0.766667,0.0,0.0,0.566309,0.473484,0.459875,0.322763
difficulty,2D_a0,369,369-174,0.45,0.433333,0.4,0.833333,0.658333,0.0,0.0,0.562351,0.634462,0.520635,0.366273
difficulty,2D_a0,369,369-175,0.375,0.491667,0.133333,0.625,0.625,0.0,0.133333,0.450747,0.57284,0.446565,0.30394
difficulty,2D_a0,369,369-176,0.508333,0.458333,0.466667,0.925,0.683333,0.0,0.0,0.604919,0.519337,0.559074,0.404354
difficulty,2D_a0,369,369-177,0.508333,0.175,0.641667,0.816667,0.508333,0.075,0.0,0.700536,0.467269,0.899488,0.493895
difficulty,2D_a0,369,369-178,0.375,0.516667,0.116667,0.633333,0.633333,0.0,0.125,0.449545,0.544583,0.434835,0.300978
difficulty,2D_a0,369,369-179,0.016667,0.175,0.0,0.175,0.175,0.0,0.55,0.293142,0.61101,0.940901,0.534179
difficulty,2D_a0,369,369-180,0.483333,0.516667,0.441667,0.958333,0.766667,0.0,0.0,0.574607,0.56163,0.466909,0.347531
difficulty,2D_a0,369,369-181,0.541667,0.541667,0.416667,0.958333,0.825,0.0,0.0,0.571651,0.562455,0.455814,0.352128
difficulty,2D_a0,369,369-182,0.533333,0.425,0.516667,0.941667,0.666667,0.008333,0.0,0.627828,0.503228,0.602353,0.450571
difficulty,2D_a0,369,369-183,0.475,0.516667,0.333333,0.85,0.725,0.0,0.0,0.541671,0.577504,0.462288,0.318517
difficulty,2D_a0,369,369-184,0.475,0.466667,0.316667,0.783333,0.733333,0.0,0.033333,0.514329,0.597954,0.434822,0.28994
difficulty,2D_a0,369,369-185,0.0,0.125,0.0,0.125,0.125,0.0,0.5,0.295819,0.432164,0.907896,0.443871
difficulty,2D_a0,369,369-186,0.366667,0.491667,0.125,0.616667,0.616667,0.0,0.116667,0.447062,0.549297,0.452598,0.319096
difficulty,2D_a0,369,369-187,0.433333,0.533333,0.233333,0.766667,0.708333,0.0,0.033333,0.499227,0.562672,0.42957,0.271702
difficulty,2D_a0,369,369-188,0.225,0.5,0.016667,0.516667,0.516667,0.0,0.216667,0.397627,0.574548,0.518057,0.400262
difficulty,2D_a0,369,369-189,0.466667,0.5,0.366667,0.866667,0.741667,0.0,0.0,0.550678,0.592465,0.443652,0.321699
difficulty,2D_a0,369,369-190,0.516667,0.491667,0.408333,0.9,0.75,0.0,0.0,0.590282,0.59336,0.522932,0.405588
difficulty,2D_a0,369,369-191,0.475,0.5,0.375,0.875,0.75,0.0,0.0,0.547285,0.627265,0.444923,0.320737
difficulty,2D_a0,369,369-192,0.441667,0.55,0.191667,0.741667,0.733333,0.0,0.058333,0.486528,0.499103,0.420168,0.261416
difficulty,2D_a0,369,369-193,0.458333,0.483333,0.341667,0.825,0.691667,0.0,0.0,0.540054,0.578791,0.473569,0.305677
difficulty,2D_a0,369,369-194,0.508333,0.491667,0.458333,0.95,0.741667,0.0,0.0,0.60656,0.548623,0.542778,0.421205
difficulty,2D_a0,369,369-195,0.0,0.0,0.0,0.0,0.0,0.0,1.0,0.095055,0.180811,2.310676,0.384962
difficulty,2D_a0,369,369-196,0.45,0.566667,0.133333,0.7,0.683333,0.0,0.058333,0.472791,0.582826,0.412526,0.260721
difficulty,2D_a0,369,369-197,0.0,0.0,0.0,0.0,0.0,0.0,0.666667,0.257252,0.331974,1.096622,0.386233
difficulty,2D_a0,369,369-198,0.525,0.483333,0.5,0.983333,0.733333,0.0,0.0,0.606293,0.571363,0.522255,0.397637
difficulty,2D_a0,369,369-199,0.0,0.0,0.0,0.0,0.0,0.0,0.983333,0.182827,0.439371,1.569738,0.486354
difficulty,2D_a0,1024,1024-0,0.425,0.508333,0.2,0.708333,0.691667,0.0,0.091667,0.47497,0.521659,0.43087,0.278227
difficulty,2D_a0,1024,1024-1,0.466667,0.533333,0.316667,0.85,0.758333,0.0,0.008333,0.527006,0.520225,0.428471,0.276348
difficulty,2D_a0,1024,1024-2,0.0,0.0,0.083333,0.083333,0.0,0.366667,0.0,0.847339,0.312972,1.761916,0.385935
difficulty,2D_a0,1024,1024-3,0.508333,0.5,0.4,0.9,0.758333,0.0,0.0,0.559069,0.53755,0.452026,0.323487
difficulty,2D_a0,1024,1024-4,0.283333,0.0,0.658333,0.658333,0.283333,0.15,0.0,0.756751,0.413069,1.192551,0.476252
difficulty,2D_a0,1024,1024-5,0.516667,0.391667,0.525,0.916667,0.683333,0.008333,0.0,0.635792,0.442416,0.645022,0.469917
difficulty,2D_a0,1024,1024-6,0.483333,0.483333,0.266667,0.75,0.7,0.0,0.033333,0.507744,0.566814,0.444217,0.290062
difficulty,2D_a0,1024,1024-7,0.291667,0.525,0.033333,0.558333,0.558333,0.0,0.141667,0.426727,0.530377,0.447429,0.331612
difficulty,2D_a0,1024,1024-8,0.4,0.533333,0.166667,0.7,0.7,0.0,0.066667,0.473567,0.60468,0.415178,0.26913
difficulty,2D_a0,1024,1024-9,0.558333,0.45,0.508333,0.958333,0.708333,0.008333,0.0,0.621582,0.475548,0.576867,0.430308
difficulty,2D_a0,1024,1024-10,0.0,0.175,0.0,0.175,0.175,0.0,0.483333,0.296593,0.449008,0.915341,0.499952
difficulty,2D_a0,1024,1024-11,0.408333,0.5,0.191667,0.691667,0.683333,0.0,0.108333,0.471478,0.633266,0.456505,0.28798
difficulty,2D_a0,1024,1024-12,0.283333,0.0,0.675,0.675,0.283333,0.15,0.0,0.760132,0.421465,1.205434,0.449276
difficulty,2D_a0,1024,1024-13,0.516667,0.325,0.55,0.875,0.558333,0.025,0.0,0.667773,0.462822,0.747956,0.499312
difficulty,2D_a0,1024,1024-14,0.55,0.516667,0.441667,0.958333,0.791667,0.0,0.0,0.581753,0.536209,0.478909,0.364151
difficulty,2D_a0,1024,1024-15,0.383333,0.516667,0.158333,0.675,0.666667,0.0,0.075,0.467862,0.633784,0.436331,0.269962
difficulty,2D_a0,1024,1024-16,0.2,0.441667,0.0,0.441667,0.441667,0.0,0.266667,0.382074,0.630273,0.561779,0.423433
difficulty,2D_a0,1024,1024-17,0.0,0.0,0.533333,0.533333,0.0,0.25,0.0,0.809075,0.374061,1.496847,0.42195
difficulty,2D_a0,1024,1024-18,0.533333,0.45,0.491667,0.941667,0.691667,0.016667,0.0,0.623886,0.569207,0.599003,0.467183
difficulty,2D_a0,1024,1024-19,0.125,0.433333,0.0,0.433333,0.433333,0.0,0.291667,0.376297,0.426673,0.565103,0.415555
difficulty,2D_a0,1024,1024-20,0.158333,0.45,0.025,0.475,0.475,0.0,0.25,0.386126,0.638063,0.557103,0.387564
difficulty,2D_a0,1024,1024-21,0.408333,0.525,0.125,0.65,0.641667,0.0,0.091667,0.461012,0.538562,0.427593,0.274792
difficulty,2D_a0,1024,1024-22,0.433333,0.525,0.175,0.7,0.691667,0.0,0.1,0.476522,0.530999,0.433393,0.289041
difficulty,2D_a0,1024,1024-23,0.566667,0.475,0.466667,0.941667,0.741667,0.008333,0.0,0.620063,0.586375,0.574057,0.454889
difficulty,2D_a0,1024,1024-24,0.483333,0.175,0.608333,0.783333,0.483333,0.091667,0.0,0.704239,0.507719,0.921873,0.511955
difficulty,2D_a0,1024,1024-25,0.5,0.558333,0.275,0.833333,0.775,0.0,0.0,0.52543,0.524206,0.397473,0.252801
difficulty,2D_a0,1024,1024-26,0.558333,0.2,0.641667,0.841667,0.558333,0.033333,0.0,0.691312,0.515932,0.851164,0.476447
difficulty,2D_a0,1024,1024-27,0.025,0.308333,0.0,0.308333,0.308333,0.0,0.4,0.336526,0.485602,0.714775,0.44577
difficulty,2D_a0,1024,1024-28,0.533333,0.516667,0.45,0.966667,0.75,0.0,0.0,0.607622,0.587299,0.532909,0.427403
difficulty,2D_a0,1024,1024-29,0.6,0.458333,0.466667,0.925,0.716667,0.008333,0.0,0.627476,0.583336,0.581786,0.456125
difficulty,2D_a0,1024,1024-30,0.516667,0.141667,0.683333,0.825,0.516667,0.05,0.0,0.704461,0.492388,0.9109,0.451635
difficulty,2D_a0,1024,1024-31,0.558333,0.258333,0.566667,0.825,0.558333,0.058333,0.0,0.682655,0.524011,0.815118,0.51186
difficulty,2D_a0,1024,1024-32,0.691667,0.333333,0.575,0.908333,0.708333,0.016667,0.0,0.648449,0.643422,0.646569,0.444439
difficulty,2D_a0,1024,1024-33,0.0,0.0,0.0,0.0,0.0,0.0,0.941667,0.208018,0.349728,1.381404,0.393007
difficulty,2D_a0,1024,1024-34,0.4,0.508333,0.108333,0.616667,0.616667,0.0,0.083333,0.452881,0.572301,0.411685,0.279058
difficulty,2D_a0,1024,1024-35,0.0,0.033333,0.0,0.033333,0.033333,0.0,0.575,0.272562,0.400514,1.024894,0.435181
difficulty,2D_a0,1024,1024-36,0.433333,0.525,0.241667,0.766667,0.733333,0.0,0.041667,0.499773,0.573461,0.41569,0.255587
difficulty,2D_a0,1024,1024-37,0.0,0.0,0.0,0.0,0.0,0.0,0.925,0.214337,0.289025,1.344424,0.401442
difficulty,2D_a0,1024,1024-38,0.541667,0.3,0.566667,0.866667,0.575,0.016667,0.0,0.673187,0.497609,0.767396,0.491948
difficulty,2D_a0,1024,1024-39,0.45,0.558333,0.183333,0.741667,0.725,0.0,0.066667,0.482598,0.526124,0.422845,0.266388
difficulty,2D_a0,1024,1024-40,0.541667,0.25,0.616667,0.866667,0.566667,0.033333,0.0,0.681209,0.487512,0.804422,0.472728
difficulty,2D_a0,1024,1024-41,0.291667,0.483333,0.1,0.583333,0.583333,0.0,0.183333,0.425871,0.602282,0.502271,0.354092
difficulty,2D_a0,1024,1024-42,0.433333,0.491667,0.275,0.766667,0.683333,0.0,0.008333,0.513922,0.606368,0.444573,0.285845
difficulty,2D_a0,1024,1024-43,0.583333,0.3,0.625,0.925,0.616667,0.016667,0.0,0.667633,0.463861,0.738865,0.446323
difficulty,2D_a0,1024,1024-44,0.158333,0.491667,0.0,0.491667,0.491667,0.0,0.225,0.393533,0.453906,0.503542,0.387351
difficulty,2D_a0,1024,1024-45,0.0,0.0,0.0,0.0,0.0,0.0,0.875,0.213743,0.456183,1.358592,0.446642
difficulty,2D_a0,1024,1024-46,0.0,0.0,0.108333,0.108333,0.0,0.383333,0.0,0.849584,0.305072,1.783397,0.398594
difficulty,2D_a0,1024,1024-47,0.0,0.041667,0.0,0.041667,0.041667,0.0,0.616667,0.267907,0.404508,1.049316,0.435717
difficulty,2D_a0,1024,1024-48,0.491667,0.45,0.516667,0.966667,0.658333,0.0,0.0,0.613622,0.479903,0.574957,0.389662
difficulty,2D_a0,1024,1024-49,0.45,0.258333,0.541667,0.8,0.491667,0.066667,0.0,0.691995,0.447327,0.876009,0.544112
difficulty,2D_a0,1024,1024-50,0.533333,0.475,0.466667,0.941667,0.733333,0.0,0.0,0.612281,0.577889,0.541238,0.434951
difficulty,2D_a0,1024,1024-51,0.0,0.0,0.0,0.0,0.0,0.0,0.775,0.235269,0.342727,1.224008,0.414875
difficulty,2D_a0,1024,1024-52,0.525,0.375,0.525,0.9,0.625,0.016667,0.0,0.646068,0.496605,0.662515,0.485089
difficulty,2D_a0,1024,1024-53,0.633333,0.5,0.466667,0.966667,0.808333,0.0,0.0,0.596878,0.517692,0.49284,0.383386
difficulty,2D_a0,1024,1024-54,0.533333,0.35,0.558333,0.908333,0.641667,0.016667,0.0,0.648186,0.529739,0.682173,0.484116
difficulty,2D_a0,1024,1024-55,0.0,0.0,0.0,0.0,0.0,0.0,1.0,0.174665,0.299651,1.616132,0.448946
difficulty,2D_a0,1024,1024-56,0.5,0.525,0.3,0.825,0.775,0.0,0.008333,0.525732,0.578534,0.425811,0.279673
difficulty,2D_a0,1024,1024-57,0.325,0.516667,0.05,0.566667,0.566667,0.0,0.166667,0.427448,0.519166,0.468645,0.357091
difficulty,2D_a0,1024,1024-58,0.0,0.225,0.0,0.225,0.225,0.0,0.4,0.321677,0.428314,0.780853,0.437036
difficulty,2D_a0,1024,1024-59,0.466667,0.508333,0.283333,0.791667,0.725,0.0,0.025,0.520514,0.565835,0.440031,0.28346
difficulty,2D_a0,1024,1024-60,0.0,0.091667,0.0,0.091667,0.091667,0.0,0.575,0.277313,0.526536,1.003595,0.454028
difficulty,2D_a0,1024,1024-61,0.533333,0.508333,0.391667,0.9,0.808333,0.0,0.0,0.54874,0.466804,0.422303,0.284704
difficulty,2D_a0,1024,1024-62,0.191667,0.508333,0.0,0.508333,0.508333,0.0,0.216667,0.398975,0.465031,0.497784,0.389395
difficulty,2D_a0,1024,1024-63,0.466667,0.508333,0.208333,0.716667,0.7,0.0,0.041667,0.489132,0.529108,0.403348,0.258187
difficulty,2D_a0,1024,1024-64,0.433333,0.491667,0.225,0.716667,0.675,0.0,0.041667,0.490278,0.631146,0.433072,0.269756
difficulty,2D_a0,1024,1024-65,0.0,0.0,0.0,0.0,0.0,0.0,0.966667,0.199789,0.359578,1.43817,0.414167
difficulty,2D_a0,1024,1024-66,0.525,0.483333,0.316667,0.8,0.716667,0.0,0.016667,0.526924,0.584756,0.445847,0.293906
difficulty,2D_a0,1024,1024-67,0.55,0.508333,0.466667,0.975,0.766667,0.0,0.0,0.602101,0.578339,0.505278,0.401964
difficulty,2D_a0,1024,1024-68,0.3,0.516667,0.041667,0.558333,0.558333,0.0,0.15,0.425216,0.532983,0.448984,0.328886
difficulty,2D_a0,1024,1024-69,0.483333,0.508333,0.3,0.808333,0.733333,0.0,0.0,0.528002,0.568616,0.427696,0.269148
difficulty,2D_a0,1024,1024-70,0.558333,0.566667,0.391667,0.958333,0.825,0.0,0.0,0.568893,0.56241,0.442938,0.326467
difficulty,2D_a0,1024,1024-71,0.516667,0.525,0.4,0.925,0.766667,0.0,0.0,0.568759,0.608562,0.455476,0.339226
difficulty,2D_a0,1024,1024-72,0.325,0.508333,0.066667,0.575,0.575,0.0,0.166667,0.430703,0.558703,0.466767,0.339384
difficulty,2D_a0,1024,1024-73,0.458333,0.491667,0.333333,0.825,0.716667,0.0,0.0,0.531474,0.542567,0.445754,0.291202
difficulty,2D_a0,1024,1024-74,0.416667,0.508333,0.158333,0.666667,0.658333,0.0,0.091667,0.463533,0.594884,0.443428,0.291956
difficulty,2D_a0,1024,1024-75,0.55,0.508333,0.425,0.933333,0.775,0.0,0.0,0.572106,0.547857,0.473316,0.345982
difficulty,2D_a0,1024,1024-76,0.0,0.0,0.441667,0.441667,0.0,0.275,0.0,0.820007,0.359405,1.560919,0.381356
difficulty,2D_a0,1024,1024-77,0.541667,0.2,0.633333,0.833333,0.541667,0.058333,0.0,0.692916,0.513888,0.866701,0.519402
difficulty,2D_a0,1024,1024-78,0.533333,0.483333,0.45,0.933333,0.725,0.0,0.0,0.611933,0.554069,0.54417,0.438279
difficulty,2D_a0,1024,1024-79,0.483333,0.441667,0.491667,0.933333,0.683333,0.0,0.0,0.616933,0.518086,0.592963,0.43416
difficulty,2D_a0,1024,1024-80,0.475,0.5,0.325,0.825,0.758333,0.0,0.025,0.527452,0.539528,0.433762,0.28926
difficulty,2D_a0,1024,1024-81,0.541667,0.458333,0.466667,0.925,0.741667,0.0,0.0,0.594944,0.485799,0.52697,0.389202
difficulty,2D_a0,1024,1024-82,0.625,0.516667,0.475,0.991667,0.766667,0.0,0.0,0.607148,0.56768,0.494101,0.381279
difficulty,2D_a0,1024,1024-83,0.516667,0.458333,0.458333,0.916667,0.716667,0.0,0.0,0.589148,0.530843,0.522227,0.377616
difficulty,2D_a0,1024,1024-84,0.0,0.0,0.583333,0.583333,0.0,0.183333,0.0,0.805901,0.407354,1.464392,0.373994
difficulty,2D_a0,1024,1024-85,0.441667,0.508333,0.133333,0.641667,0.641667,0.0,0.066667,0.462873,0.536998,0.40428,0.273485
difficulty,2D_a0,1024,1024-86,0.591667,0.458333,0.483333,0.941667,0.741667,0.0,0.0,0.621458,0.608524,0.571893,0.433861
difficulty,2D_a0,1024,1024-87,0.275,0.5,0.05,0.55,0.55,0.0,0.166667,0.423516,0.637322,0.466919,0.329553
difficulty,2D_a0,1024,1024-88,0.533333,0.283333,0.6,0.883333,0.575,0.016667,0.0,0.667739,0.500916,0.745416,0.48361
difficulty,2D_a0,1024,1024-89,0.466667,0.5,0.258333,0.758333,0.733333,0.0,0.041667,0.498534,0.554441,0.421952,0.268909
difficulty,2D_a0,1024,1024-90,0.0,0.233333,0.0,0.233333,0.233333,0.0,0.408333,0.318277,0.420198,0.802181,0.465108
difficulty,2D_a0,1024,1024-91,0.55,0.416667,0.5,0.916667,0.7,0.008333,0.0,0.60544,0.620807,0.560521,0.43776
difficulty,2D_a0,1024,1024-92,0.508333,0.541667,0.325,0.866667,0.783333,0.0,0.016667,0.533676,0.561665,0.414912,0.28078
difficulty,2D_a0,1024,1024-93,0.0,0.0,0.0,0.0,0.0,0.0,0.791667,0.236631,0.445328,1.213213,0.400568
difficulty,2D_a0,1024,1024-94,0.55,0.566667,0.358333,0.925,0.841667,0.0,0.0,0.54334,0.602804,0.394103,0.283367
difficulty,2D_a0,1024,1024-95,0.475,0.433333,0.433333,0.866667,0.675,0.0,0.0,0.586377,0.578643,0.55039,0.397443
difficulty,2D_a0,1024,1024-96,0.55,0.533333,0.425,0.958333,0.8,0.0,0.0,0.580957,0.601681,0.449126,0.361571
difficulty,2D_a0,1024,1024-97,0.475,0.508333,0.35,0.858333,0.725,0.0,0.0,0.554408,0.613487,0.462826,0.332511
difficulty,2D_a0,1024,1024-98,0.0,0.166667,0.0,0.166667,0.166667,0.0,0.466667,0.302536,0.439325,0.87209,0.431524
difficulty,2D_a0,1024,1024-99,0.55,0.25,0.583333,0.833333,0.558333,0.041667,0.0,0.68288,0.4853,0.814391,0.498985
difficulty,2D_a0,1024,1024-100,0.5,0.533333,0.333333,0.866667,0.766667,0.0,0.0,0.543675,0.573429,0.436292,0.297784
difficulty,2D_a0,1024,1024-101,0.458333,0.525,0.141667,0.666667,0.666667,0.0,0.083333,0.467671,0.532775,0.408665,0.267813
difficulty,2D_a0,1024,1024-102,0.391667,0.533333,0.133333,0.666667,0.65,0.0,0.041667,0.468179,0.647517,0.411183,0.256219
difficulty,2D_a0,1024,1024-103,0.525,0.491667,0.441667,0.933333,0.775,0.0,0.0,0.573782,0.459654,0.464717,0.324953
difficulty,2D_a0,1024,1024-104,0.416667,0.475,0.233333,0.708333,0.658333,0.0,0.025,0.494765,0.556154,0.43801,0.276502
difficulty,2D_a0,1024,1024-105,0.6,0.133333,0.725,0.858333,0.6,0.016667,0.0,0.68634,0.567463,0.818209,0.424907
difficulty,2D_a0,1024,1024-106,0.425,0.441667,0.466667,0.908333,0.65,0.0,0.0,0.585822,0.546417,0.541493,0.376074
difficulty,2D_a0,1024,1024-107,0.216667,0.45,0.025,0.475,0.475,0.0,0.216667,0.396124,0.583542,0.535845,0.413631
difficulty,2D_a0,1024,1024-108,0.575,0.5,0.45,0.95,0.766667,0.0,0.0,0.589747,0.486801,0.501411,0.361452
difficulty,2D_a0,1024,1024-109,0.25,0.516667,0.025,0.541667,0.541667,0.0,0.208333,0.412051,0.556057,0.485049,0.354867
difficulty,2D_a0,1024,1024-110,0.491667,0.491667,0.308333,0.8,0.725,0.0,0.033333,0.519926,0.534902,0.44055,0.291919
difficulty,2D_a0,1024,1024-111,0.458333,0.491667,0.233333,0.725,0.666667,0.0,0.058333,0.500021,0.632429,0.46614,0.287401
difficulty,2D_a0,1024,1024-112,0.408333,0.5,0.166667,0.666667,0.666667,0.0,0.091667,0.470898,0.553659,0.41212,0.26606
difficulty,2D_a0,1024,1024-113,0.483333,0.516667,0.416667,0.933333,0.766667,0.0,0.0,0.574091,0.596993,0.479305,0.364477
difficulty,2D_a0,1024,1024-114,0.533333,0.441667,0.458333,0.9,0.7,0.008333,0.0,0.629884,0.503141,0.614588,0.472199
difficulty,2D_a0,1024,1024-115,0.508333,0.45,0.483333,0.933333,0.725,0.0,0.0,0.598518,0.497387,0.535333,0.404455
difficulty,2D_a0,1024,1024-116,0.491667,0.15,0.633333,0.783333,0.491667,0.075,0.0,0.707903,0.48408,0.934515,0.483486
difficulty,2D_a0,1024,1024-117,0.233333,0.0,0.658333,0.658333,0.233333,0.183333,0.0,0.765647,0.396949,1.240176,0.462926
difficulty,2D_a0,1024,1024-118,0.6,0.358333,0.591667,0.95,0.675,0.0,0.0,0.644825,0.523448,0.653807,0.432834
difficulty,2D_a0,1024,1024-119,0.0,0.141667,0.0,0.141667,0.141667,0.0,0.516667,0.289673,0.452809,0.946932,0.485378
difficulty,2D_a0,1024,1024-120,0.508333,0.475,0.433333,0.908333,0.733333,0.0,0.0,0.576507,0.567586,0.488062,0.360237
difficulty,2D_a0,1024,1024-121,0.0,0.0,0.0,0.0,0.0,0.0,1.0,0.160212,0.395776,1.718491,0.433747
difficulty,2D_a0,1024,1024-122,0.491667,0.475,0.4,0.875,0.708333,0.0,0.0,0.561644,0.511155,0.48801,0.332008
difficulty,2D_a0,1024,1024-123,0.541667,0.458333,0.5,0.958333,0.733333,0.008333,0.0,0.617157,0.567175,0.558635,0.436705
difficulty,2D_a0,1024,1024-124,0.183333,0.458333,0.0,0.458333,0.458333,0.0,0.25,0.389708,0.467394,0.533722,0.404339
difficulty,2D_a0,1024,1024-125,0.0,0.033333,0.0,0.033333,0.033333,0.0,0.55,0.276837,0.332672,1.000834,0.424789
difficulty,2D_a0,1024,1024-126,0.216667,0.483333,0.016667,0.5,0.5,0.0,0.175,0.40286,0.457939,0.492208,0.390646
difficulty,2D_a0,1024,1024-127,0.466667,0.483333,0.275,0.758333,0.725,0.0,0.025,0.503674,0.510868,0.407681,0.262735
difficulty,2D_a0,1024,1024-128,0.525,0.175,0.616667,0.791667,0.525,0.1,0.0,0.707941,0.50894,0.940095,0.507765
difficulty,2D_a0,1024,1024-129,0.358333,0.533333,0.066667,0.6,0.6,0.0,0.116667,0.442283,0.469338,0.422539,0.317178
difficulty,2D_a0,1024,1024-130,0.5,0.116667,0.658333,0.775,0.5,0.058333,0.0,0.709157,0.488331,0.941718,0.488237
difficulty,2D_a0,1024,1024-131,0.508333,0.508333,0.325,0.833333,0.741667,0.0,0.008333,0.534875,0.626057,0.44146,0.318528
difficulty,2D_a0,1024,1024-132,0.55,0.475,0.491667,0.966667,0.741667,0.0,0.0,0.612295,0.519169,0.540866,0.401385
difficulty,2D_a0,1024,1024-133,0.0,0.0,0.5,0.5,0.0,0.258333,0.0,0.809111,0.335052,1.499607,0.42966
difficulty,2D_a0,1024,1024-134,0.4,0.466667,0.183333,0.65,0.625,0.0,0.1,0.466239,0.601723,0.464066,0.308442
difficulty,2D_a0,1024,1024-135,0.466667,0.541667,0.183333,0.725,0.7,0.0,0.066667,0.482263,0.54064,0.41724,0.269565
difficulty,2D_a0,1024,1024-136,0.416667,0.025,0.683333,0.708333,0.416667,0.141667,0.0,0.737351,0.465959,1.091668,0.499411
difficulty,2D_a0,1024,1024-137,0.241667,0.508333,0.0,0.508333,0.508333,0.0,0.191667,0.396176,0.447708,0.514844,0.42327
difficulty,2D_a0,1024,1024-138,0.0,0.0,0.391667,0.391667,0.0,0.333333,0.0,0.825886,0.32721,1.614318,0.428943
difficulty,2D_a0,1024,1024-139,0.525,0.4,0.541667,0.941667,0.683333,0.008333,0.0,0.631006,0.518732,0.614662,0.448848
difficulty,2D_a0,1024,1024-140,0.508333,0.425,0.475,0.9,0.691667,0.008333,0.0,0.618438,0.54828,0.606908,0.451057
difficulty,2D_a0,1024,1024-141,0.608333,0.441667,0.5,0.941667,0.691667,0.008333,0.0,0.631905,0.531256,0.595126,0.449879
difficulty,2D_a0,1024,1024-142,0.541667,0.358333,0.525,0.883333,0.608333,0.041667,0.0,0.659374,0.517933,0.71455,0.524024
difficulty,2D_a0,1024,1024-143,0.116667,0.391667,0.0,0.391667,0.391667,0.0,0.308333,0.372049,0.499285,0.586672,0.417917
difficulty,2D_a0,1024,1024-144,0.0,0.125,0.0,0.125,0.125,0.0,0.5,0.294579,0.434731,0.913086,0.438662
difficulty,2D_a0,1024,1024-145,0.475,0.5,0.216667,0.716667,0.7,0.0,0.041667,0.491621,0.53103,0.407574,0.265194
difficulty,2D_a0,1024,1024-146,0.516667,0.25,0.558333,0.808333,0.525,0.05,0.0,0.689415,0.47476,0.847131,0.506699
difficulty,2D_a0,1024,1024-147,0.45,0.483333,0.225,0.708333,0.683333,0.0,0.033333,0.491885,0.565987,0.425461,0.2597
difficulty,2D_a0,1024,1024-148,0.458333,0.541667,0.216667,0.758333,0.733333,0.0,0.041667,0.493717,0.518131,0.406228,0.252143
difficulty,2D_a0,1024,1024-149,0.0,0.033333,0.0,0.033333,0.033333,0.0,0.641667,0.262805,0.386596,1.076009,0.434031
difficulty,2D_a0,1024,1024-150,0.55,0.483333,0.425,0.908333,0.75,0.0,0.0,0.563093,0.546016,0.47223,0.335132
difficulty,2D_a0,1024,1024-151,0.108333,0.383333,0.0,0.383333,0.383333,0.0,0.358333,0.356136,0.566412,0.661791,0.453753
difficulty,2D_a0,1024,1024-152,0.558333,0.483333,0.475,0.958333,0.783333,0.0,0.0,0.590935,0.559982,0.496258,0.382884
difficulty,2D_a0,1024,1024-153,0.0,0.0,0.0,0.0,0.0,0.0,0.791667,0.232449,0.38729,1.245115,0.437252
difficulty,2D_a0,1024,1024-154,0.433333,0.241667,0.525,0.766667,0.466667,0.066667,0.0,0.694848,0.427541,0.885618,0.534153
difficulty,2D_a0,1024,1024-155,0.541667,0.425,0.483333,0.908333,0.658333,0.0,0.0,0.635759,0.522884,0.62803,0.454641
difficulty,2D_a0,1024,1024-156,0.083333,0.358333,0.0,0.358333,0.358333,0.0,0.333333,0.360981,0.461419,0.618502,0.42388
difficulty,2D_a0,1024,1024-157,0.05,0.35,0.0,0.35,0.35,0.0,0.375,0.34388,0.452127,0.688668,0.453983
difficulty,2D_a0,1024,1024-158,0.433333,0.5,0.266667,0.766667,0.7,0.0,0.041667,0.505474,0.613117,0.443862,0.283256
difficulty,2D_a0,1024,1024-159,0.0,0.008333,0.0,0.008333,0.008333,0.0,0.725,0.246368,0.40521,1.163631,0.42503
difficulty,2D_a0,1024,1024-160,0.266667,0.516667,0.033333,0.55,0.55,0.0,0.175,0.414432,0.51313,0.477731,0.354612
difficulty,2D_a0,1024,1024-161,0.0,0.0,0.0,0.0,0.0,0.0,1.0,0.180214,0.272387,1.564599,0.399254
difficulty,2D_a0,1024,1024-162,0.366667,0.583333,0.075,0.658333,0.658333,0.0,0.108333,0.451548,0.508261,0.432161,0.296009
difficulty,2D_a0,1024,1024-163,0.558333,0.475,0.466667,0.941667,0.725,0.016667,0.0,0.606246,0.598615,0.541472,0.432206
difficulty,2D_a0,1024,1024-164,0.0,0.0,0.0,0.0,0.0,0.0,0.75,0.239154,0.411943,1.205831,0.433149
difficulty,2D_a0,1024,1024-165,0.533333,0.475,0.491667,0.966667,0.758333,0.0,0.0,0.600493,0.535272,0.52306,0.397558
difficulty,2D_a0,1024,1024-166,0.383333,0.5,0.175,0.675,0.666667,0.0,0.1,0.467284,0.656701,0.456346,0.28402
difficulty,2D_a0,1024,1024-167,0.416667,0.466667,0.175,0.641667,0.625,0.0,0.091667,0.462032,0.636156,0.455246,0.307889
difficulty,2D_a0,1024,1024-168,0.508333,0.55,0.358333,0.908333,0.791667,0.0,0.0,0.563555,0.565792,0.454377,0.344348
difficulty,2D_a0,1024,1024-169,0.583333,0.433333,0.483333,0.916667,0.691667,0.008333,0.0,0.636935,0.565776,0.614878,0.468045
difficulty,2D_a0,1024,1024-170,0.0,0.0,0.0,0.0,0.0,0.0,0.966667,0.192011,0.343841,1.486017,0.403103
difficulty,2D_a0,1024,1024-171,0.0,0.0,0.0,0.0,0.0,0.0,1.0,0.15869,0.279614,1.719768,0.395755
difficulty,2D_a0,1024,1024-172,0.516667,0.591667,0.216667,0.808333,0.8,0.0,0.008333,0.501988,0.470369,0.38796,0.224622
difficulty,2D_a0,1024,1024-173,0.35,0.508333,0.075,0.583333,0.583333,0.0,0.116667,0.442338,0.528426,0.446314,0.328424
difficulty,2D_a0,1024,1024-174,0.0,0.058333,0.0,0.058333,0.058333,0.0,0.625,0.268443,0.404535,1.046421,0.435339
difficulty,2D_a0,1024,1024-175,0.4,0.55,0.125,0.675,0.675,0.0,0.125,0.460691,0.549374,0.430457,0.285514
difficulty,2D_a0,1024,1024-176,0.533333,0.491667,0.416667,0.908333,0.75,0.0,0.0,0.56995,0.514266,0.480908,0.337805
difficulty,2D_a0,1024,1024-177,0.466667,0.491667,0.325,0.816667,0.708333,0.0,0.058333,0.524018,0.543799,0.480584,0.308225
difficulty,2D_a0,1024,1024-178,0.583333,0.516667,0.441667,0.958333,0.808333,0.0,0.0,0.578621,0.481706,0.4541,0.340371
difficulty,2D_a0,1024,1024-179,0.466667,0.558333,0.216667,0.775,0.758333,0.0,0.041667,0.488556,0.52147,0.396135,0.251832
difficulty,2D_a0,1024,1024-180,0.25,0.508333,0.025,0.533333,0.533333,0.0,0.2,0.411737,0.521253,0.490658,0.350797
difficulty,2D_a0,1024,1024-181,0.025,0.266667,0.0,0.266667,0.266667,0.0,0.466667,0.319289,0.662809,0.805965,0.480107
difficulty,2D_a0,1024,1024-182,0.316667,0.508333,0.05,0.558333,0.558333,0.0,0.175,0.422729,0.516873,0.483747,0.375032
difficulty,2D_a0,1024,1024-183,0.533333,0.425,0.4,0.825,0.7,0.0,0.016667,0.551875,0.498774,0.474556,0.317898
difficulty,2D_a0,1024,1024-184,0.566667,0.466667,0.483333,0.95,0.766667,0.0,0.0,0.582899,0.457795,0.472444,0.349079
difficulty,2D_a0,1024,1024-185,0.508333,0.516667,0.283333,0.8,0.775,0.0,0.033333,0.509513,0.488659,0.42276,0.265127
difficulty,2D_a0,1024,1024-186,0.016667,0.333333,0.0,0.333333,0.333333,0.0,0.4,0.341652,0.500367,0.688532,0.442404
difficulty,2D_a0,1024,1024-187,0.291667,0.0,0.658333,0.658333,0.291667,0.175,0.0,0.759694,0.405932,1.208879,0.474651
difficulty,2D_a0,1024,1024-188,0.408333,0.5,0.233333,0.733333,0.658333,0.0,0.05,0.496549,0.648038,0.448232,0.286071
difficulty,2D_a0,1024,1024-189,0.116667,0.4,0.0,0.4,0.4,0.0,0.333333,0.367741,0.470683,0.610085,0.437315
difficulty,2D_a0,1024,1024-190,0.558333,0.358333,0.533333,0.891667,0.633333,0.008333,0.0,0.651227,0.497828,0.673898,0.491921
difficulty,2D_a0,1024,1024-191,0.225,0.441667,0.025,0.466667,0.466667,0.0,0.25,0.389319,0.597654,0.572394,0.421791
difficulty,2D_a0,1024,1024-192,0.358333,0.525,0.075,0.6,0.6,0.0,0.133333,0.443842,0.548503,0.431104,0.291548
difficulty,2D_a0,1024,1024-193,0.475,0.05,0.708333,0.758333,0.475,0.041667,0.0,0.720793,0.483689,0.989226,0.427677
difficulty,2D_a0,1024,1024-194,0.183333,0.458333,0.025,0.483333,0.483333,0.0,0.283333,0.386724,0.595969,0.571029,0.423129
difficulty,2D_a0,1024,1024-195,0.116667,0.4,0.0,0.4,0.4,0.0,0.341667,0.365557,0.540865,0.624897,0.454341
difficulty,2D_a0,1024,1024-196,0.566667,0.333333,0.558333,0.891667,0.6,0.008333,0.0,0.662952,0.490795,0.72113,0.471361
difficulty,2D_a0,1024,1024-197,0.133333,0.391667,0.0,0.391667,0.391667,0.0,0.3,0.370983,0.504918,0.586757,0.42087
difficulty,2D_a0,1024,1024-198,0.425,0.433333,0.25,0.683333,0.633333,0.0,0.075,0.484225,0.59681,0.479487,0.308717
difficulty,2D_a0,1024,1024-199,0.525,0.533333,0.375,0.908333,0.816667,0.0,0.0,0.543627,0.525926,0.40694,0.277808
difficulty,2D_a0,2026,2026-0,0.25,0.466667,0.033333,0.5,0.5,0.0,0.233333,0.404714,0.581422,0.515518,0.366955
difficulty,2D_a0,2026,2026-1,0.441667,0.491667,0.425,0.916667,0.708333,0.0,0.0,0.572872,0.588532,0.506465,0.361993
difficulty,2D_a0,2026,2026-2,0.0,0.0,0.0,0.0,0.0,0.0,0.841667,0.214288,0.527162,1.360394,0.466803
difficulty,2D_a0,2026,2026-3,0.425,0.041667,0.708333,0.75,0.425,0.091667,0.0,0.729926,0.487507,1.042951,0.45882
difficulty,2D_a0,2026,2026-4,0.575,0.45,0.491667,0.941667,0.708333,0.008333,0.0,0.622349,0.602186,0.581877,0.437967
difficulty,2D_a0,2026,2026-5,0.441667,0.5,0.216667,0.716667,0.708333,0.0,0.058333,0.485707,0.579759,0.427321,0.273085
difficulty,2D_a0,2026,2026-6,0.375,0.466667,0.183333,0.65,0.625,0.0,0.091667,0.469629,0.671017,0.444899,0.297541
difficulty,2D_a0,2026,2026-7,0.475,0.441667,0.516667,0.958333,0.716667,0.0,0.0,0.601729,0.490189,0.548684,0.398387
difficulty,2D_a0,2026,2026-8,0.4,0.516667,0.175,0.691667,0.65,0.0,0.05,0.482684,0.632993,0.426737,0.269569
difficulty,2D_a0,2026,2026-9,0.45,0.458333,0.283333,0.741667,0.666667,0.0,0.066667,0.503238,0.592457,0.456608,0.297554
difficulty,2D_a0,2026,2026-10,0.558333,0.441667,0.466667,0.908333,0.65,0.016667,0.0,0.640624,0.556532,0.641281,0.487252
difficulty,2D_a0,2026,2026-11,0.533333,0.408333,0.525,0.933333,0.7,0.008333,0.0,0.627467,0.507918,0.60881,0.455977
difficulty,2D_a0,2026,2026-12,0.5,0.483333,0.35,0.833333,0.708333,0.0,0.0,0.538551,0.524662,0.450272,0.30027
difficulty,2D_a0,2026,2026-13,0.433333,0.491667,0.275,0.766667,0.691667,0.0,0.0,0.516479,0.612027,0.43015,0.273911
difficulty,2D_a0,2026,2026-14,0.458333,0.416667,0.425,0.841667,0.65,0.0,0.0,0.569939,0.574226,0.531223,0.366857
difficulty,2D_a0,2026,2026-15,0.266667,0.483333,0.058333,0.541667,0.541667,0.0,0.183333,0.414018,0.708835,0.497732,0.349044
difficulty,2D_a0,2026,2026-16,0.416667,0.516667,0.166667,0.683333,0.683333,0.0,0.1,0.468735,0.551955,0.447026,0.284396
difficulty,2D_a0,2026,2026-17,0.541667,0.458333,0.483333,0.941667,0.725,0.008333,0.0,0.620433,0.550765,0.571805,0.447474
difficulty,2D_a0,2026,2026-18,0.533333,0.466667,0.358333,0.825,0.725,0.0,0.008333,0.535679,0.50608,0.439908,0.29956
difficulty,2D_a0,2026,2026-19,0.0,0.141667,0.0,0.141667,0.141667,0.0,0.516667,0.300056,0.590363,0.885842,0.439552
difficulty,2D_a0,2026,2026-20,0.333333,0.475,0.108333,0.583333,0.583333,0.0,0.116667,0.443192,0.656153,0.458266,0.300619
difficulty,2D_a0,2026,2026-21,0.525,0.358333,0.558333,0.916667,0.666667,0.008333,0.0,0.642753,0.522848,0.658517,0.46421
difficulty,2D_a0,2026,2026-22,0.441667,0.458333,0.266667,0.725,0.675,0.0,0.083333,0.498143,0.628437,0.464103,0.305449
difficulty,2D_a0,2026,2026-23,0.375,0.508333,0.208333,0.716667,0.675,0.0,0.041667,0.484507,0.744613,0.426987,0.280386
difficulty,2D_a0,2026,2026-24,0.55,0.341667,0.583333,0.925,0.675,0.008333,0.0,0.638869,0.520255,0.642476,0.443771
difficulty,2D_a0,2026,2026-25,0.133333,0.0,0.625,0.625,0.133333,0.216667,0.0,0.783977,0.417201,1.349149,0.467646
difficulty,2D_a0,2026,2026-26,0.333333,0.516667,0.075,0.591667,0.591667,0.0,0.158333,0.433252,0.51374,0.465116,0.338869
difficulty,2D_a0,2026,2026-27,0.433333,0.0,0.758333,0.758333,0.433333,0.05,0.0,0.727728,0.455361,1.022981,0.415453
difficulty,2D_a0,2026,2026-28,0.016667,0.266667,0.0,0.266667,0.266667,0.0,0.441667,0.322802,0.534481,0.782513,0.463173
difficulty,2D_a0,2026,2026-29,0.541667,0.5,0.383333,0.883333,0.766667,0.0,0.0,0.561731,0.592164,0.463353,0.349402
difficulty,2D_a0,2026,2026-30,0.033333,0.341667,0.0,0.341667,0.341667,0.0,0.375,0.342083,0.45968,0.691461,0.426983
difficulty,2D_a0,2026,2026-31,0.425,0.008333,0.725,0.733333,0.425,0.083333,0.0,0.729834,0.461481,1.04317,0.461635
difficulty,2D_a0,2026,2026-32,0.616667,0.316667,0.608333,0.925,0.65,0.016667,0.0,0.658481,0.526189,0.693573,0.450598
difficulty,2D_a0,2026,2026-33,0.45,0.15,0.608333,0.758333,0.45,0.075,0.0,0.713346,0.448615,0.96401,0.496488
difficulty,2D_a0,2026,2026-34,0.208333,0.525,0.0,0.525,0.525,0.0,0.208333,0.398319,0.501266,0.490774,0.396096
difficulty,2D_a0,2026,2026-35,0.591667,0.433333,0.5,0.933333,0.691667,0.008333,0.0,0.6306,0.574833,0.59821,0.45346
difficulty,2D_a0,2026,2026-36,0.4,0.516667,0.091667,0.608333,0.608333,0.0,0.108333,0.44925,0.534961,0.420377,0.289045
difficulty,2D_a0,2026,2026-37,0.366667,0.475,0.158333,0.633333,0.625,0.0,0.1,0.457141,0.598922,0.452476,0.306685
difficulty,2D_a0,2026,2026-38,0.541667,0.458333,0.433333,0.891667,0.708333,0.0,0.0,0.60544,0.603715,0.548766,0.436676
difficulty,2D_a0,2026,2026-39,0.5,0.275,0.583333,0.858333,0.541667,0.016667,0.0,0.674847,0.486762,0.778034,0.482103
difficulty,2D_a0,2026,2026-40,0.475,0.491667,0.425,0.916667,0.708333,0.0,0.0,0.575007,0.542928,0.503371,0.347583
difficulty,2D_a0,2026,2026-41,0.35,0.508333,0.1,0.608333,0.608333,0.0,0.158333,0.439646,0.568194,0.472431,0.345221
difficulty,2D_a0,2026,2026-42,0.291667,0.491667,0.041667,0.533333,0.533333,0.0,0.175,0.413078,0.516438,0.498484,0.398227
difficulty,2D_a0,2026,2026-43,0.35,0.008333,0.683333,0.691667,0.35,0.175,0.0,0.748753,0.430382,1.158766,0.520149
difficulty,2D_a0,2026,2026-44,0.558333,0.441667,0.483333,0.925,0.7,0.016667,0.0,0.625591,0.558225,0.595684,0.469801
difficulty,2D_a0,2026,2026-45,0.608333,0.4,0.55,0.95,0.683333,0.0,0.0,0.637194,0.562216,0.605833,0.456979
difficulty,2D_a0,2026,2026-46,0.0,0.0,0.308333,0.308333,0.0,0.408333,0.0,0.837283,0.297543,1.702436,0.44718
difficulty,2D_a0,2026,2026-47,0.2,0.433333,0.033333,0.466667,0.466667,0.0,0.25,0.394793,0.593367,0.546425,0.379265
difficulty,2D_a0,2026,2026-48,0.0,0.0,0.0,0.0,0.0,0.358333,0.0,0.852686,0.323199,1.791881,0.335602
difficulty,2D_a0,2026,2026-49,0.0,0.0,0.0,0.0,0.0,1.0,0.0,0.909955,0.195011,2.365467,0.383768
difficulty,2D_a0,2026,2026-50,0.2,0.0,0.691667,0.691667,0.2,0.166667,0.0,0.763538,0.419747,1.220719,0.431109
difficulty,2D_a0,2026,2026-51,0.558333,0.275,0.616667,0.891667,0.6,0.016667,0.0,0.674139,0.458282,0.771297,0.461863
difficulty,2D_a0,2026,2026-52,0.275,0.541667,0.041667,0.583333,0.583333,0.0,0.166667,0.424729,0.578514,0.456048,0.326458
difficulty,2D_a0,2026,2026-53,0.625,0.258333,0.633333,0.891667,0.625,0.041667,0.0,0.672997,0.55562,0.761996,0.472121
difficulty,2D_a0,2026,2026-54,0.383333,0.525,0.175,0.7,0.691667,0.0,0.1,0.464268,0.554141,0.429167,0.285191
difficulty,2D_a0,2026,2026-55,0.508333,0.508333,0.375,0.883333,0.791667,0.0,0.0,0.545671,0.522063,0.427055,0.295495
difficulty,2D_a0,2026,2026-56,0.416667,0.45,0.25,0.7,0.675,0.0,0.108333,0.481412,0.663149,0.46675,0.308058
difficulty,2D_a0,2026,2026-57,0.541667,0.491667,0.441667,0.933333,0.758333,0.0,0.0,0.579861,0.560106,0.487169,0.365482
difficulty,2D_a0,2026,2026-58,0.466667,0.075,0.683333,0.758333,0.466667,0.1,0.0,0.719109,0.487077,0.993623,0.490651
difficulty,2D_a0,2026,2026-59,0.366667,0.55,0.083333,0.633333,0.633333,0.0,0.108333,0.448771,0.523788,0.43174,0.29973
difficulty,2D_a0,2026,2026-60,0.175,0.366667,0.008333,0.375,0.375,0.0,0.325,0.36726,0.651548,0.642975,0.469907
difficulty,2D_a0,2026,2026-61,0.175,0.433333,0.0,0.433333,0.433333,0.0,0.3,0.369078,0.548214,0.622656,0.487887
difficulty,2D_a0,2026,2026-62,0.125,0.466667,0.0,0.466667,0.466667,0.0,0.225,0.378842,0.533005,0.548465,0.424505
difficulty,2D_a0,2026,2026-63,0.0,0.158333,0.0,0.158333,0.158333,0.0,0.416667,0.307542,0.3684,0.847624,0.427424
difficulty,2D_a0,2026,2026-64,0.191667,0.433333,0.008333,0.441667,0.441667,0.0,0.266667,0.383824,0.554753,0.568492,0.415633
difficulty,2D_a0,2026,2026-65,0.416667,0.033333,0.7,0.733333,0.416667,0.033333,0.0,0.72576,0.445534,1.012465,0.41537
difficulty,2D_a0,2026,2026-66,0.341667,0.458333,0.116667,0.575,0.575,0.0,0.15,0.434943,0.600021,0.485055,0.349284
difficulty,2D_a0,2026,2026-67,0.5,0.541667,0.391667,0.933333,0.8,0.0,0.0,0.57158,0.577005,0.449127,0.35405
difficulty,2D_a0,2026,2026-68,0.066667,0.291667,0.0,0.291667,0.291667,0.0,0.416667,0.328254,0.552759,0.761271,0.48313
difficulty,2D_a0,2026,2026-69,0.55,0.558333,0.358333,0.916667,0.825,0.0,0.0,0.551352,0.614496,0.409758,0.308955
difficulty,2D_a0,2026,2026-70,0.0,0.0,0.0,0.0,0.0,0.0,0.741667,0.240625,0.442757,1.199337,0.441772
difficulty,2D_a0,2026,2026-71,0.258333,0.483333,0.066667,0.55,0.55,0.0,0.15,0.419916,0.554318,0.477684,0.348217
difficulty,2D_a0,2026,2026-72,0.0,0.0,0.216667,0.216667,0.0,0.45,0.0,0.845594,0.284782,1.766976,0.451097
difficulty,2D_a0,2026,2026-73,0.333333,0.558333,0.041667,0.6,0.6,0.0,0.125,0.437199,0.581229,0.436821,0.313511
difficulty,2D_a0,2026,2026-74,0.458333,0.1,0.675,0.775,0.458333,0.066667,0.0,0.713099,0.42736,0.956322,0.461514
difficulty,2D_a0,2026,2026-75,0.508333,0.475,0.458333,0.933333,0.683333,0.0,0.0,0.610293,0.541327,0.561966,0.419887
difficulty,2D_a0,2026,2026-76,0.441667,0.533333,0.225,0.758333,0.7,0.0,0.008333,0.503187,0.614109,0.425479,0.254094
difficulty,2D_a0,2026,2026-77,0.3,0.5,0.041667,0.541667,0.541667,0.0,0.175,0.420023,0.633322,0.490542,0.350964
difficulty,2D_a0,2026,2026-78,0.375,0.033333,0.675,0.708333,0.375,0.075,0.0,0.735225,0.40704,1.069891,0.454648
difficulty,2D_a0,2026,2026-79,0.45,0.475,0.308333,0.783333,0.741667,0.0,0.041667,0.50866,0.606272,0.42557,0.288201
difficulty,2D_a0,2026,2026-80,0.341667,0.0,0.65,0.65,0.341667,0.15,0.0,0.755883,0.425015,1.184018,0.459224
difficulty,2D_a0,2026,2026-81,0.291667,0.508333,0.058333,0.566667,0.566667,0.0,0.175,0.425964,0.551863,0.481865,0.353808
difficulty,2D_a0,2026,2026-82,0.533333,0.525,0.383333,0.908333,0.825,0.0,0.0,0.549653,0.529179,0.419094,0.300151
difficulty,2D_a0,2026,2026-83,0.525,0.458333,0.525,0.983333,0.708333,0.0,0.0,0.614858,0.509062,0.562272,0.407834
difficulty,2D_a0,2026,2026-84,0.558333,0.541667,0.416667,0.958333,0.8,0.0,0.0,0.592462,0.56272,0.49956,0.402518
difficulty,2D_a0,2026,2026-85,0.008333,0.241667,0.0,0.241667,0.241667,0.0,0.441667,0.324995,0.509351,0.765456,0.439737
difficulty,2D_a0,2026,2026-86,0.375,0.558333,0.05,0.608333,0.608333,0.0,0.125,0.445102,0.458467,0.401488,0.293233
difficulty,2D_a0,2026,2026-87,0.491667,0.541667,0.291667,0.833333,0.791667,0.0,0.016667,0.518261,0.507514,0.400099,0.249301
difficulty,2D_a0,2026,2026-88,0.2,0.466667,0.041667,0.508333,0.508333,0.0,0.225,0.401561,0.506089,0.518405,0.384153
difficulty,2D_a0,2026,2026-89,0.591667,0.425,0.516667,0.941667,0.708333,0.0,0.0,0.627583,0.577297,0.579484,0.430865
difficulty,2D_a0,2026,2026-90,0.583333,0.458333,0.508333,0.966667,0.725,0.0,0.0,0.620122,0.553731,0.543119,0.425839
difficulty,2D_a0,2026,2026-91,0.0,0.0,0.0,0.0,0.0,0.0,0.916667,0.210886,0.41331,1.372765,0.433098
difficulty,2D_a0,2026,2026-92,0.0,0.0,0.0,0.0,0.0,0.0,0.766667,0.232704,0.490287,1.251245,0.469844
difficulty,2D_a0,2026,2026-93,0.0,0.25,0.0,0.25,0.25,0.0,0.391667,0.327143,0.373593,0.753841,0.430663
difficulty,2D_a0,2026,2026-94,0.458333,0.433333,0.441667,0.875,0.683333,0.0,0.0,0.573538,0.50597,0.514126,0.366564
difficulty,2D_a0,2026,2026-95,0.0,0.0,0.558333,0.558333,0.0,0.225,0.0,0.802823,0.401951,1.454804,0.417523
difficulty,2D_a0,2026,2026-96,0.466667,0.483333,0.25,0.733333,0.716667,0.0,0.083333,0.492758,0.515492,0.448527,0.280175
difficulty,2D_a0,2026,2026-97,0.5,0.55,0.4,0.95,0.8,0.0,0.0,0.569557,0.591292,0.454886,0.347596
difficulty,2D_a0,2026,2026-98,0.125,0.416667,0.0,0.416667,0.416667,0.0,0.325,0.367488,0.563596,0.618229,0.447408
difficulty,2D_a0,2026,2026-99,0.116667,0.408333,0.0,0.408333,0.408333,0.0,0.3,0.36708,0.502614,0.596798,0.421264
difficulty,2D_a0,2026,2026-100,0.0,0.0,0.0,0.0,0.0,0.0,0.941667,0.211511,0.329257,1.358372,0.386279
difficulty,2D_a0,2026,2026-101,0.5,0.558333,0.3,0.858333,0.758333,0.0,0.0,0.534961,0.570034,0.435305,0.292756
difficulty,2D_a0,2026,2026-102,0.591667,0.225,0.666667,0.891667,0.591667,0.033333,0.0,0.678407,0.499307,0.787864,0.478025
difficulty,2D_a0,2026,2026-103,0.391667,0.533333,0.15,0.683333,0.675,0.0,0.05,0.469778,0.599428,0.410299,0.258398
difficulty,2D_a0,2026,2026-104,0.408333,0.0,0.708333,0.708333,0.408333,0.141667,0.0,0.739675,0.452667,1.111701,0.529983
difficulty,2D_a0,2026,2026-105,0.516667,0.525,0.383333,0.908333,0.775,0.0,0.0,0.568287,0.570538,0.470229,0.354817
difficulty,2D_a0,2026,2026-106,0.533333,0.491667,0.366667,0.858333,0.75,0.0,0.016667,0.544494,0.516925,0.440992,0.300248
difficulty,2D_a0,2026,2026-107,0.533333,0.475,0.475,0.95,0.741667,0.0,0.0,0.613728,0.56004,0.566938,0.440282
difficulty,2D_a0,2026,2026-108,0.55,0.441667,0.525,0.966667,0.7,0.0,0.0,0.623173,0.48518,0.573975,0.409378
difficulty,2D_a0,2026,2026-109,0.541667,0.15,0.641667,0.791667,0.541667,0.05,0.0,0.70115,0.50373,0.902549,0.491406
difficulty,2D_a0,2026,2026-110,0.241667,0.475,0.008333,0.483333,0.483333,0.0,0.216667,0.399465,0.554643,0.505708,0.373509
difficulty,2D_a0,2026,2026-111,0.0,0.0,0.0,0.0,0.0,0.0,1.0,0.158304,0.215406,1.721825,0.392076
difficulty,2D_a0,2026,2026-112,0.533333,0.516667,0.366667,0.883333,0.766667,0.0,0.0,0.553695,0.582105,0.438491,0.320081
difficulty,2D_a0,2026,2026-113,0.341667,0.541667,0.083333,0.625,0.625,0.0,0.141667,0.441009,0.524773,0.437268,0.305354
difficulty,2D_a0,2026,2026-114,0.441667,0.55,0.266667,0.816667,0.741667,0.0,0.0,0.520034,0.618715,0.40314,0.25535
difficulty,2D_a0,2026,2026-115,0.2,0.0,0.608333,0.608333,0.2,0.2,0.0,0.774015,0.397194,1.288437,0.461104
difficulty,2D_a0,2026,2026-116,0.1,0.45,0.0,0.45,0.45,0.0,0.316667,0.363836,0.441091,0.601719,0.432589
difficulty,2D_a0,2026,2026-117,0.658333,0.425,0.541667,0.966667,0.75,0.0,0.0,0.627609,0.63893,0.581388,0.427774
difficulty,2D_a0,2026,2026-118,0.566667,0.216667,0.633333,0.85,0.566667,0.016667,0.0,0.687049,0.462538,0.828318,0.468878
difficulty,2D_a0,2026,2026-119,0.525,0.508333,0.45,0.958333,0.741667,0.0,0.0,0.597981,0.593936,0.516575,0.399909
difficulty,2D_a0,2026,2026-120,0.516667,0.166667,0.65,0.816667,0.516667,0.066667,0.0,0.701461,0.47271,0.900003,0.470584
difficulty,2D_a0,2026,2026-121,0.458333,0.491667,0.166667,0.658333,0.658333,0.0,0.108333,0.468923,0.561217,0.436563,0.302899
difficulty,2D_a0,2026,2026-122,0.2,0.441667,0.033333,0.475,0.475,0.0,0.183333,0.402784,0.687467,0.510454,0.365218
difficulty,2D_a0,2026,2026-123,0.575,0.225,0.625,0.85,0.575,0.025,0.0,0.683422,0.523637,0.810998,0.467598
difficulty,2D_a0,2026,2026-124,0.516667,0.333333,0.525,0.858333,0.6,0.025,0.0,0.659458,0.484642,0.725498,0.510156
difficulty,2D_a0,2026,2026-125,0.433333,0.033333,0.691667,0.725,0.433333,0.125,0.0,0.734975,0.465148,1.081448,0.510369
difficulty,2D_a0,2026,2026-126,0.541667,0.491667,0.45,0.941667,0.733333,0.0,0.0,0.588123,0.484577,0.506544,0.351087
difficulty,2D_a0,2026,2026-127,0.291667,0.0,0.7,0.7,0.291667,0.133333,0.0,0.755697,0.46693,1.182745,0.459055
difficulty,2D_a0,2026,2026-128,0.483333,0.466667,0.283333,0.75,0.691667,0.0,0.058333,0.50308,0.563944,0.459039,0.291177
difficulty,2D_a0,2026,2026-129,0.108333,0.391667,0.0,0.391667,0.391667,0.0,0.333333,0.361186,0.539704,0.626672,0.42844
difficulty,2D_a0,2026,2026-130,0.0,0.0,0.0,0.0,0.0,0.0,1.0,0.189561,0.286703,1.502006,0.402455
difficulty,2D_a0,2026,2026-131,0.091667,0.35,0.0,0.35,0.35,0.0,0.35,0.34778,0.594796,0.692862,0.454096
difficulty,2D_a0,2026,2026-132,0.566667,0.258333,0.65,0.908333,0.6,0.025,0.0,0.672035,0.460023,0.760541,0.464536
difficulty,2D_a0,2026,2026-133,0.0,0.1,0.0,0.1,0.1,0.0,0.508333,0.290612,0.407834,0.931519,0.430578
difficulty,2D_a0,2026,2026-134,0.433333,0.525,0.183333,0.708333,0.7,0.0,0.058333,0.475544,0.500302,0.407703,0.269066
difficulty,2D_a0,2026,2026-135,0.0,0.0,0.516667,0.516667,0.0,0.241667,0.0,0.813901,0.369866,1.520972,0.389321
difficulty,2D_a0,2026,2026-136,0.533333,0.258333,0.566667,0.825,0.558333,0.025,0.0,0.680728,0.435935,0.804909,0.48148
difficulty,2D_a0,2026,2026-137,0.1,0.0,0.6,0.6,0.1,0.233333,0.0,0.786261,0.392843,1.362704,0.463793
difficulty,2D_a0,2026,2026-138,0.125,0.391667,0.0,0.391667,0.391667,0.0,0.316667,0.365879,0.60819,0.6158,0.429715
difficulty,2D_a0,2026,2026-139,0.0,0.0,0.0,0.0,0.0,0.0,1.0,0.141353,0.350712,1.861333,0.406896
difficulty,2D_a0,2026,2026-140,0.383333,0.0,0.683333,0.683333,0.383333,0.158333,0.0,0.750419,0.456603,1.166827,0.514497
difficulty,2D_a0,2026,2026-141,0.0,0.158333,0.0,0.158333,0.158333,0.0,0.466667,0.303086,0.507575,0.869964,0.433454
difficulty,2D_a0,2026,2026-142,0.508333,0.533333,0.341667,0.875,0.766667,0.0,0.0,0.551094,0.568793,0.440066,0.321591
difficulty,2D_a0,2026,2026-143,0.458333,0.425,0.416667,0.841667,0.666667,0.0,0.0,0.582839,0.54944,0.55238,0.39364
difficulty,2D_a0,2026,2026-144,0.191667,0.508333,0.0,0.508333,0.508333,0.0,0.241667,0.394065,0.374467,0.509517,0.397779
difficulty,2D_a0,2026,2026-145,0.266667,0.0,0.583333,0.583333,0.266667,0.233333,0.0,0.771675,0.374503,1.288085,0.513037
difficulty,2D_a0,2026,2026-146,0.308333,0.0,0.75,0.75,0.308333,0.125,0.0,0.74102,0.498027,1.092816,0.414182
difficulty,2D_a0,2026,2026-147,0.516667,0.541667,0.425,0.966667,0.783333,0.0,0.0,0.599874,0.644105,0.492161,0.414112
difficulty,2D_a0,2026,2026-148,0.491667,0.483333,0.341667,0.825,0.733333,0.0,0.008333,0.537554,0.548147,0.440291,0.293256
difficulty,2D_a0,2026,2026-149,0.508333,0.508333,0.4,0.908333,0.75,0.0,0.0,0.567858,0.575902,0.471364,0.337667
difficulty,2D_a0,2026,2026-150,0.108333,0.358333,0.0,0.358333,0.358333,0.0,0.358333,0.350249,0.609937,0.681573,0.480981
difficulty,2D_a0,2026,2026-151,0.408333,0.591667,0.166667,0.758333,0.741667,0.0,0.058333,0.483114,0.647993,0.425502,0.25439
difficulty,2D_a0,2026,2026-152,0.533333,0.525,0.358333,0.883333,0.816667,0.0,0.008333,0.538051,0.489812,0.40303,0.27689
difficulty,2D_a0,2026,2026-153,0.258333,0.508333,0.016667,0.525,0.525,0.0,0.216667,0.405442,0.502129,0.496639,0.392303
difficulty,2D_a0,2026,2026-154,0.516667,0.316667,0.541667,0.858333,0.583333,0.016667,0.0,0.665701,0.518077,0.749902,0.487888
difficulty,2D_a0,2026,2026-155,0.0,0.2,0.0,0.2,0.2,0.0,0.466667,0.302903,0.511862,0.889046,0.524993
difficulty,2D_a0,2026,2026-156,0.45,0.558333,0.166667,0.725,0.716667,0.0,0.066667,0.481484,0.469928,0.408314,0.264305
difficulty,2D_a0,2026,2026-157,0.0,0.0,0.0,0.0,0.0,0.0,1.0,0.161521,0.316888,1.705378,0.423594
difficulty,2D_a0,2026,2026-158,0.55,0.408333,0.558333,0.966667,0.675,0.0,0.0,0.61853,0.522895,0.571299,0.400071
difficulty,2D_a0,2026,2026-159,0.541667,0.333333,0.575,0.908333,0.625,0.016667,0.0,0.65858,0.488884,0.708034,0.478769
difficulty,2D_a0,2026,2026-160,0.508333,0.383333,0.516667,0.9,0.65,0.008333,0.0,0.636291,0.535708,0.653383,0.471792
difficulty,2D_a0,2026,2026-161,0.0,0.0,0.0,0.0,0.0,1.0,0.0,0.894289,0.220221,2.18081,0.356583
difficulty,2D_a0,2026,2026-162,0.541667,0.241667,0.591667,0.833333,0.558333,0.033333,0.0,0.685489,0.469118,0.823764,0.478633
difficulty,2D_a0,2026,2026-163,0.216667,0.458333,0.008333,0.466667,0.466667,0.0,0.291667,0.384411,0.593303,0.588868,0.428851
difficulty,2D_a0,2026,2026-164,0.0,0.0,0.0,0.0,0.0,0.533333,0.0,0.862134,0.305472,1.868407,0.329021
difficulty,2D_a0,2026,2026-165,0.2,0.433333,0.016667,0.45,0.45,0.0,0.283333,0.385111,0.538774,0.572399,0.432774
difficulty,2D_a0,2026,2026-166,0.55,0.35,0.525,0.875,0.608333,0.041667,0.0,0.661187,0.505401,0.725528,0.512241
difficulty,2D_a0,2026,2026-167,0.558333,0.391667,0.541667,0.933333,0.666667,0.008333,0.0,0.643696,0.558901,0.661061,0.458977
difficulty,2D_a0,2026,2026-168,0.191667,0.458333,0.0,0.458333,0.458333,0.0,0.25,0.386222,0.562495,0.553522,0.422397
difficulty,2D_a0,2026,2026-169,0.341667,0.008333,0.683333,0.691667,0.341667,0.116667,0.0,0.747415,0.412421,1.142296,0.483752
difficulty,2D_a0,2026,2026-170,0.491667,0.45,0.475,0.925,0.716667,0.0,0.0,0.59847,0.532593,0.538848,0.40021
difficulty,2D_a0,2026,2026-171,0.533333,0.383333,0.55,0.933333,0.633333,0.008333,0.0,0.646993,0.43783,0.664508,0.449449
difficulty,2D_a0,2026,2026-172,0.25,0.491667,0.05,0.541667,0.541667,0.0,0.158333,0.420191,0.592903,0.473615,0.332192
difficulty,2D_a0,2026,2026-173,0.45,0.025,0.75,0.775,0.45,0.075,0.0,0.723742,0.464034,1.007633,0.443184
difficulty,2D_a0,2026,2026-174,0.25,0.425,0.041667,0.466667,0.466667,0.0,0.25,0.394657,0.625083,0.57358,0.427482
difficulty,2D_a0,2026,2026-175,0.0,0.0,0.0,0.0,0.0,0.0,0.791667,0.23035,0.288315,1.250327,0.405436
difficulty,2D_a0,2026,2026-176,0.391667,0.016667,0.683333,0.7,0.391667,0.116667,0.0,0.740541,0.454985,1.105462,0.485032
difficulty,2D_a0,2026,2026-177,0.358333,0.441667,0.183333,0.625,0.608333,0.0,0.108333,0.46225,0.616328,0.455169,0.296626
difficulty,2D_a0,2026,2026-178,0.483333,0.525,0.333333,0.858333,0.725,0.0,0.0,0.545159,0.571641,0.449924,0.296742
difficulty,2D_a0,2026,2026-179,0.0,0.0,0.491667,0.491667,0.0,0.275,0.0,0.807052,0.346205,1.491858,0.45365
difficulty,2D_a0,2026,2026-180,0.5,0.141667,0.641667,0.783333,0.5,0.066667,0.0,0.70825,0.463613,0.9357,0.480476
difficulty,2D_a0,2026,2026-181,0.558333,0.425,0.491667,0.916667,0.7,0.016667,0.0,0.627333,0.57942,0.602287,0.468836
difficulty,2D_a0,2026,2026-182,0.575,0.2,0.658333,0.858333,0.575,0.05,0.0,0.691018,0.504989,0.850197,0.477181
difficulty,2D_a0,2026,2026-183,0.258333,0.508333,0.041667,0.55,0.55,0.0,0.158333,0.412918,0.535611,0.471401,0.343088
difficulty,2D_a0,2026,2026-184,0.6,0.366667,0.558333,0.925,0.65,0.033333,0.0,0.650381,0.528867,0.665807,0.479719
difficulty,2D_a0,2026,2026-185,0.55,0.175,0.658333,0.833333,0.55,0.041667,0.0,0.694766,0.505387,0.866624,0.469157
difficulty,2D_a0,2026,2026-186,0.583333,0.408333,0.491667,0.9,0.633333,0.025,0.0,0.648647,0.535895,0.659648,0.490509
difficulty,2D_a0,2026,2026-187,0.516667,0.5,0.3,0.8,0.766667,0.0,0.016667,0.519376,0.506473,0.415151,0.26763
difficulty,2D_a0,2026,2026-188,0.0,0.0,0.0,0.0,0.0,0.0,1.0,0.042431,0.133359,3.176058,0.372932
difficulty,2D_a0,2026,2026-189,0.575,0.383333,0.583333,0.966667,0.675,0.0,0.0,0.635413,0.472454,0.614959,0.422775
difficulty,2D_a0,2026,2026-190,0.516667,0.508333,0.375,0.883333,0.758333,0.0,0.0,0.556862,0.551817,0.456677,0.321289
difficulty,2D_a0,2026,2026-191,0.466667,0.5,0.233333,0.733333,0.716667,0.0,0.041667,0.496165,0.479602,0.412804,0.255346
difficulty,2D_a0,2026,2026-192,0.541667,0.35,0.558333,0.908333,0.65,0.008333,0.0,0.65288,0.530694,0.689976,0.468723
difficulty,2D_a0,2026,2026-193,0.558333,0.575,0.391667,0.966667,0.825,0.0,0.0,0.568616,0.594023,0.419033,0.317858
difficulty,2D_a0,2026,2026-194,0.508333,0.483333,0.466667,0.95,0.733333,0.0,0.0,0.5882,0.478108,0.50294,0.356764
difficulty,2D_a0,2026,2026-195,0.0,0.116667,0.0,0.116667,0.116667,0.0,0.55,0.285795,0.483626,0.959363,0.450417
difficulty,2D_a0,2026,2026-196,0.0,0.133333,0.0,0.133333,0.133333,0.0,0.516667,0.297558,0.405397,0.904568,0.472502
difficulty,2D_a0,2026,2026-197,0.566667,0.475,0.5,0.975,0.716667,0.0,0.0,0.608893,0.482958,0.532001,0.371469
difficulty,2D_a0,2026,2026-198,0.525,0.516667,0.366667,0.883333,0.775,0.0,0.0,0.55152,0.541449,0.430904,0.290072
difficulty,2D_a0,2026,2026-199,0.583333,0.466667,0.491667,0.958333,0.816667,0.0,0.0,0.582814,0.448079,0.461899,0.335837
difficulty,2D_a1,42,42-0,0.5,0.5,0.416667,0.916667,0.708333,0.058333,0.0,0.619606,0.572683,0.610879,0.601127
difficulty,2D_a1,42,42-1,0.333333,0.366667,0.125,0.491667,0.425,0.0,0.208333,0.475447,0.46119,0.661274,0.461077
difficulty,2D_a1,42,42-2,0.483333,0.216667,0.533333,0.75,0.483333,0.166667,0.0,0.708891,0.417753,0.97901,0.64949
difficulty,2D_a1,42,42-3,0.458333,0.158333,0.558333,0.716667,0.458333,0.158333,0.0,0.720557,0.468973,1.052431,0.691043
difficulty,2D_a1,42,42-4,0.183333,0.141667,0.108333,0.25,0.25,0.008333,0.541667,0.329105,0.485348,1.062816,0.606165
difficulty,2D_a1,42,42-5,0.15,0.358333,0.175,0.533333,0.425,0.0,0.308333,0.431327,0.454988,0.690881,0.469299
difficulty,2D_a1,42,42-6,0.433333,0.383333,0.491667,0.875,0.591667,0.041667,0.0,0.642292,0.403045,0.73373,0.587501
difficulty,2D_a1,42,42-7,0.366667,0.391667,0.291667,0.683333,0.516667,0.108333,0.008333,0.582186,0.459806,0.735428,0.724489
difficulty,2D_a1,42,42-8,0.4,0.458333,0.408333,0.866667,0.566667,0.058333,0.0,0.614886,0.423019,0.639644,0.570852
difficulty,2D_a1,42,42-9,0.316667,0.3,0.191667,0.491667,0.441667,0.033333,0.166667,0.479975,0.561848,0.667644,0.473094
difficulty,2D_a1,42,42-10,0.5,0.208333,0.566667,0.775,0.5,0.133333,0.0,0.701334,0.515157,0.929994,0.609089
difficulty,2D_a1,42,42-11,0.575,0.258333,0.566667,0.825,0.591667,0.058333,0.0,0.681377,0.525771,0.813158,0.525801
difficulty,2D_a1,42,42-12,0.433333,0.5,0.383333,0.883333,0.675,0.025,0.0,0.599288,0.531124,0.590434,0.501029
difficulty,2D_a1,42,42-13,0.375,0.058333,0.625,0.683333,0.375,0.158333,0.0,0.746636,0.411059,1.166611,0.598383
difficulty,2D_a1,42,42-14,0.516667,0.425,0.45,0.875,0.658333,0.066667,0.0,0.643162,0.558856,0.681608,0.599277
difficulty,2D_a1,42,42-15,0.341667,0.325,0.2,0.525,0.466667,0.025,0.166667,0.500254,0.453524,0.666383,0.47282
difficulty,2D_a1,42,42-16,0.533333,0.383333,0.425,0.808333,0.633333,0.05,0.0,0.655336,0.448066,0.732807,0.575037
difficulty,2D_a1,42,42-17,0.366667,0.383333,0.141667,0.525,0.458333,0.0,0.158333,0.460616,0.531677,0.585748,0.388343
difficulty,2D_a1,42,42-18,0.491667,0.158333,0.6,0.758333,0.491667,0.125,0.0,0.70808,0.462588,0.950544,0.550263
difficulty,2D_a1,42,42-19,0.408333,0.458333,0.425,0.883333,0.6,0.05,0.0,0.607881,0.44872,0.628794,0.544524
difficulty,2D_a1,42,42-20,0.35,0.416667,0.333333,0.75,0.558333,0.033333,0.0,0.568183,0.545269,0.601402,0.499985
difficulty,2D_a1,42,42-21,0.375,0.4,0.158333,0.558333,0.533333,0.008333,0.083333,0.472839,0.618942,0.559057,0.323869
difficulty,2D_a1,42,42-22,0.325,0.0,0.675,0.675,0.325,0.191667,0.0,0.755574,0.404574,1.201099,0.536032
difficulty,2D_a1,42,42-23,0.391667,0.475,0.316667,0.791667,0.658333,0.041667,0.0,0.566068,0.576102,0.583598,0.523646
difficulty,2D_a1,42,42-24,0.366667,0.375,0.366667,0.741667,0.633333,0.05,0.016667,0.558691,0.439618,0.604919,0.472291
difficulty,2D_a1,42,42-25,0.391667,0.358333,0.333333,0.691667,0.616667,0.075,0.008333,0.578246,0.434196,0.674007,0.552684
difficulty,2D_a1,42,42-26,0.5,0.383333,0.441667,0.825,0.616667,0.091667,0.0,0.657912,0.535504,0.743872,0.618618
difficulty,2D_a1,42,42-27,0.458333,0.325,0.425,0.75,0.583333,0.083333,0.0,0.673402,0.413828,0.855041,0.677081
difficulty,2D_a1,42,42-28,0.516667,0.366667,0.425,0.791667,0.616667,0.075,0.0,0.6636,0.445516,0.779054,0.652993
difficulty,2D_a1,42,42-29,0.55,0.425,0.433333,0.858333,0.641667,0.083333,0.0,0.652274,0.49946,0.716201,0.624108
difficulty,2D_a1,42,42-30,0.0,0.0,0.183333,0.183333,0.0,0.383333,0.0,0.84625,0.309523,1.774303,0.467906
difficulty,2D_a1,42,42-31,0.383333,0.416667,0.316667,0.733333,0.691667,0.05,0.033333,0.539036,0.546553,0.588975,0.451064
difficulty,2D_a1,42,42-32,0.35,0.333333,0.333333,0.666667,0.591667,0.033333,0.025,0.536628,0.495803,0.587957,0.434204
difficulty,2D_a1,42,42-33,0.316667,0.383333,0.208333,0.591667,0.508333,0.041667,0.108333,0.50111,0.500477,0.659745,0.451831
difficulty,2D_a1,42,42-34,0.575,0.383333,0.466667,0.85,0.633333,0.066667,0.0,0.658361,0.551197,0.723328,0.583498
difficulty,2D_a1,42,42-35,0.366667,0.058333,0.616667,0.675,0.366667,0.183333,0.0,0.747558,0.414936,1.174379,0.602835
difficulty,2D_a1,42,42-36,0.366667,0.5,0.325,0.825,0.616667,0.041667,0.0,0.578556,0.529326,0.585904,0.511988
difficulty,2D_a1,42,42-37,0.333333,0.316667,0.208333,0.525,0.475,0.008333,0.166667,0.485868,0.548582,0.673011,0.572094
difficulty,2D_a1,42,42-38,0.358333,0.35,0.216667,0.566667,0.483333,0.016667,0.133333,0.485414,0.509095,0.596552,0.389016
difficulty,2D_a1,42,42-39,0.591667,0.333333,0.508333,0.841667,0.633333,0.058333,0.0,0.665308,0.5396,0.746033,0.544002
difficulty,2D_a1,42,42-40,0.525,0.241667,0.533333,0.775,0.55,0.141667,0.0,0.698016,0.46542,0.925831,0.647363
difficulty,2D_a1,42,42-41,0.5,0.341667,0.466667,0.808333,0.591667,0.091667,0.0,0.667254,0.503687,0.789954,0.630041
difficulty,2D_a1,42,42-42,0.358333,0.358333,0.25,0.608333,0.558333,0.033333,0.075,0.503517,0.530974,0.595406,0.402292
difficulty,2D_a1,42,42-43,0.466667,0.5,0.375,0.875,0.666667,0.041667,0.0,0.602726,0.61095,0.572414,0.528255
difficulty,2D_a1,42,42-44,0.45,0.408333,0.366667,0.775,0.633333,0.058333,0.0,0.617799,0.518964,0.68705,0.612406
difficulty,2D_a1,42,42-45,0.483333,0.5,0.4,0.9,0.7,0.016667,0.0,0.620025,0.513878,0.600921,0.506271
difficulty,2D_a1,42,42-46,0.491667,0.15,0.6,0.75,0.491667,0.116667,0.0,0.710121,0.449552,0.960528,0.548742
difficulty,2D_a1,42,42-47,0.483333,0.45,0.416667,0.866667,0.666667,0.033333,0.0,0.622937,0.51248,0.636471,0.568559
difficulty,2D_a1,42,42-48,0.508333,0.258333,0.516667,0.775,0.541667,0.116667,0.0,0.691009,0.456436,0.883082,0.612454
difficulty,2D_a1,42,42-49,0.4,0.483333,0.341667,0.825,0.658333,0.041667,0.0,0.579847,0.631959,0.561695,0.502295
difficulty,2D_a1,42,42-50,0.491667,0.458333,0.4,0.858333,0.675,0.041667,0.0,0.625792,0.533248,0.639684,0.573264
difficulty,2D_a1,42,42-51,0.558333,0.316667,0.516667,0.833333,0.6,0.075,0.0,0.677375,0.484908,0.806037,0.57074
difficulty,2D_a1,42,42-52,0.15,0.25,0.191667,0.441667,0.35,0.016667,0.383333,0.407775,0.503936,0.831923,0.512718
difficulty,2D_a1,42,42-53,0.366667,0.433333,0.341667,0.775,0.625,0.025,0.008333,0.553073,0.521071,0.565494,0.450402
difficulty,2D_a1,42,42-54,0.366667,0.375,0.341667,0.716667,0.625,0.041667,0.033333,0.532193,0.51757,0.57135,0.419467
difficulty,2D_a1,42,42-55,0.35,0.366667,0.208333,0.575,0.533333,0.05,0.1,0.50597,0.5741,0.676028,0.597486
difficulty,2D_a1,42,42-56,0.391667,0.441667,0.333333,0.775,0.641667,0.058333,0.008333,0.567131,0.50853,0.610013,0.497668
difficulty,2D_a1,42,42-57,0.1,0.0,0.483333,0.483333,0.1,0.291667,0.0,0.801962,0.317187,1.492975,0.57131
difficulty,2D_a1,42,42-58,0.325,0.325,0.208333,0.533333,0.475,0.008333,0.183333,0.472737,0.569214,0.629106,0.42419
difficulty,2D_a1,42,42-59,0.466667,0.141667,0.583333,0.725,0.466667,0.15,0.0,0.720282,0.461762,1.031667,0.622866
difficulty,2D_a1,42,42-60,0.141667,0.191667,0.116667,0.308333,0.266667,0.008333,0.466667,0.350379,0.561208,0.941681,0.554694
difficulty,2D_a1,42,42-61,0.316667,0.416667,0.283333,0.7,0.566667,0.075,0.016667,0.549952,0.529424,0.604085,0.514051
difficulty,2D_a1,42,42-62,0.433333,0.5,0.366667,0.866667,0.691667,0.066667,0.0,0.609816,0.555,0.627599,0.567588
difficulty,2D_a1,42,42-63,0.525,0.283333,0.483333,0.766667,0.583333,0.108333,0.0,0.683758,0.452734,0.858085,0.639907
difficulty,2D_a1,42,42-64,0.575,0.308333,0.491667,0.8,0.6,0.091667,0.0,0.67778,0.533196,0.815783,0.602385
difficulty,2D_a1,42,42-65,0.575,0.3,0.525,0.825,0.6,0.108333,0.0,0.68112,0.541255,0.82811,0.590133
difficulty,2D_a1,42,42-66,0.358333,0.391667,0.3,0.691667,0.591667,0.033333,0.008333,0.539341,0.565815,0.570881,0.447293
difficulty,2D_a1,42,42-67,0.35,0.391667,0.241667,0.633333,0.525,0.1,0.05,0.543789,0.521947,0.642823,0.535359
difficulty,2D_a1,42,42-68,0.45,0.208333,0.533333,0.741667,0.45,0.191667,0.0,0.720466,0.424121,1.04858,0.680099
difficulty,2D_a1,42,42-69,0.341667,0.45,0.316667,0.766667,0.6,0.033333,0.008333,0.564628,0.555984,0.592721,0.500736
difficulty,2D_a1,42,42-70,0.216667,0.375,0.125,0.5,0.425,0.008333,0.316667,0.41271,0.558344,0.686879,0.464302
difficulty,2D_a1,42,42-71,0.233333,0.341667,0.125,0.466667,0.425,0.016667,0.3,0.432532,0.582601,0.721754,0.567916
difficulty,2D_a1,42,42-72,0.35,0.4,0.133333,0.533333,0.475,0.016667,0.141667,0.482848,0.495616,0.643416,0.449648
difficulty,2D_a1,42,42-73,0.558333,0.333333,0.483333,0.816667,0.633333,0.041667,0.0,0.664502,0.472294,0.763031,0.551787
difficulty,2D_a1,42,42-74,0.491667,0.433333,0.433333,0.866667,0.641667,0.025,0.0,0.613669,0.514074,0.621151,0.528386
difficulty,2D_a1,42,42-75,0.55,0.275,0.5,0.775,0.55,0.133333,0.0,0.693376,0.449751,0.90211,0.657216
difficulty,2D_a1,42,42-76,0.383333,0.358333,0.35,0.708333,0.608333,0.041667,0.008333,0.54019,0.506137,0.551975,0.409845
difficulty,2D_a1,42,42-77,0.441667,0.458333,0.391667,0.85,0.666667,0.033333,0.0,0.599496,0.599045,0.614542,0.549508
difficulty,2D_a1,42,42-78,0.541667,0.291667,0.541667,0.833333,0.575,0.083333,0.0,0.678114,0.475843,0.810644,0.576472
difficulty,2D_a1,42,42-79,0.383333,0.45,0.333333,0.783333,0.658333,0.041667,0.016667,0.562202,0.49541,0.57811,0.484933
difficulty,2D_a1,42,42-80,0.525,0.35,0.416667,0.766667,0.6,0.058333,0.0,0.666834,0.455488,0.790618,0.656339
difficulty,2D_a1,42,42-81,0.35,0.341667,0.275,0.616667,0.566667,0.016667,0.091667,0.502029,0.551554,0.616222,0.553841
difficulty,2D_a1,42,42-82,0.408333,0.391667,0.366667,0.758333,0.666667,0.066667,0.008333,0.577663,0.420836,0.627971,0.514787
difficulty,2D_a1,42,42-83,0.375,0.425,0.266667,0.691667,0.541667,0.058333,0.05,0.542682,0.550833,0.603836,0.49245
difficulty,2D_a1,42,42-84,0.2,0.341667,0.158333,0.5,0.416667,0.008333,0.275,0.429074,0.543143,0.679628,0.473468
difficulty,2D_a1,42,42-85,0.508333,0.383333,0.45,0.833333,0.6,0.108333,0.0,0.665045,0.486397,0.786893,0.648609
difficulty,2D_a1,42,42-86,0.333333,0.4,0.291667,0.691667,0.608333,0.058333,0.058333,0.529045,0.548655,0.596104,0.461367
difficulty,2D_a1,42,42-87,0.4,0.483333,0.391667,0.875,0.6,0.066667,0.0,0.617608,0.438943,0.671353,0.64154
difficulty,2D_a1,42,42-88,0.516667,0.341667,0.425,0.766667,0.591667,0.091667,0.0,0.672001,0.44779,0.812572,0.62848
difficulty,2D_a1,42,42-89,0.5,0.416667,0.425,0.841667,0.641667,0.058333,0.0,0.645973,0.544857,0.710068,0.612739
difficulty,2D_a1,42,42-90,0.583333,0.25,0.508333,0.758333,0.591667,0.058333,0.0,0.692411,0.429852,0.878631,0.576978
difficulty,2D_a1,42,42-91,0.375,0.441667,0.375,0.816667,0.55,0.05,0.0,0.602462,0.468089,0.667671,0.555103
difficulty,2D_a1,42,42-92,0.35,0.391667,0.3,0.691667,0.608333,0.016667,0.025,0.519069,0.583241,0.531349,0.384654
difficulty,2D_a1,42,42-93,0.366667,0.483333,0.308333,0.791667,0.658333,0.016667,0.008333,0.556331,0.64831,0.544191,0.447932
difficulty,2D_a1,42,42-94,0.191667,0.116667,0.175,0.291667,0.241667,0.016667,0.416667,0.376802,0.465703,0.976845,0.646177
difficulty,2D_a1,42,42-95,0.091667,0.3,0.15,0.45,0.341667,0.0,0.433333,0.386967,0.563005,0.80652,0.500704
difficulty,2D_a1,42,42-96,0.125,0.366667,0.125,0.491667,0.4,0.0,0.391667,0.392447,0.585503,0.750493,0.459134
difficulty,2D_a1,42,42-97,0.333333,0.375,0.158333,0.533333,0.45,0.0,0.158333,0.459565,0.521735,0.609683,0.395985
difficulty,2D_a1,42,42-98,0.55,0.433333,0.441667,0.875,0.666667,0.033333,0.0,0.64347,0.507038,0.672667,0.563319
difficulty,2D_a1,42,42-99,0.383333,0.408333,0.15,0.558333,0.508333,0.0,0.1,0.500811,0.395071,0.589818,0.435229
difficulty,2D_a1,42,42-100,0.325,0.383333,0.325,0.708333,0.583333,0.025,0.008333,0.541465,0.526569,0.565482,0.431998
difficulty,2D_a1,42,42-101,0.3,0.0,0.675,0.675,0.3,0.2,0.0,0.758769,0.41602,1.210501,0.50253
difficulty,2D_a1,42,42-102,0.366667,0.4,0.325,0.725,0.633333,0.058333,0.016667,0.564492,0.469138,0.609519,0.504163
difficulty,2D_a1,42,42-103,0.583333,0.291667,0.525,0.816667,0.608333,0.066667,0.0,0.679067,0.515852,0.805646,0.53803
difficulty,2D_a1,42,42-104,0.325,0.366667,0.15,0.516667,0.441667,0.033333,0.133333,0.49351,0.451239,0.669638,0.497125
difficulty,2D_a1,42,42-105,0.35,0.458333,0.325,0.783333,0.6,0.033333,0.0,0.56716,0.535186,0.580907,0.490842
difficulty,2D_a1,42,42-106,0.3,0.35,0.15,0.5,0.441667,0.008333,0.183333,0.470238,0.514582,0.651905,0.479443
difficulty,2D_a1,42,42-107,0.35,0.416667,0.333333,0.75,0.616667,0.041667,0.016667,0.555342,0.512818,0.593149,0.487231
difficulty,2D_a1,42,42-108,0.508333,0.2,0.541667,0.741667,0.508333,0.141667,0.0,0.712067,0.436256,0.984626,0.606383
difficulty,2D_a1,42,42-109,0.233333,0.058333,0.225,0.283333,0.266667,0.041667,0.358333,0.402973,0.383395,0.95977,0.560883
difficulty,2D_a1,42,42-110,0.483333,0.458333,0.366667,0.825,0.691667,0.066667,0.0,0.631949,0.612598,0.672138,0.573237
difficulty,2D_a1,42,42-111,0.433333,0.491667,0.383333,0.875,0.683333,0.033333,0.0,0.614919,0.544483,0.606508,0.564143
difficulty,2D_a1,42,42-112,0.35,0.45,0.25,0.7,0.65,0.016667,0.041667,0.507277,0.554157,0.576906,0.380533
difficulty,2D_a1,42,42-113,0.166667,0.291667,0.15,0.441667,0.383333,0.008333,0.408333,0.392877,0.52139,0.815655,0.471753
difficulty,2D_a1,42,42-114,0.391667,0.541667,0.341667,0.883333,0.666667,0.025,0.0,0.586073,0.598341,0.55181,0.480968
difficulty,2D_a1,42,42-115,0.341667,0.366667,0.241667,0.608333,0.55,0.041667,0.05,0.511779,0.56982,0.598828,0.470089
difficulty,2D_a1,42,42-116,0.458333,0.475,0.375,0.85,0.675,0.041667,0.0,0.621452,0.544404,0.639871,0.590363
difficulty,2D_a1,42,42-117,0.4,0.491667,0.366667,0.858333,0.658333,0.041667,0.0,0.595595,0.53998,0.606673,0.542495
difficulty,2D_a1,42,42-118,0.041667,0.0,0.558333,0.558333,0.041667,0.25,0.0,0.798709,0.355932,1.452857,0.513465
difficulty,2D_a1,42,42-119,0.383333,0.441667,0.3,0.741667,0.633333,0.041667,0.016667,0.541356,0.620612,0.554191,0.479873
difficulty,2D_a1,42,42-120,0.258333,0.341667,0.15,0.491667,0.433333,0.016667,0.258333,0.454552,0.559497,0.681965,0.468373
difficulty,2D_a1,42,42-121,0.433333,0.458333,0.383333,0.841667,0.691667,0.025,0.0,0.59916,0.600852,0.57849,0.486772
difficulty,2D_a1,42,42-122,0.45,0.441667,0.383333,0.825,0.658333,0.05,0.0,0.622158,0.543543,0.680942,0.6115
difficulty,2D_a1,42,42-123,0.3,0.0,0.683333,0.683333,0.3,0.183333,0.0,0.764231,0.411081,1.244467,0.514121
difficulty,2D_a1,42,42-124,0.475,0.183333,0.558333,0.741667,0.475,0.166667,0.0,0.714714,0.424569,1.002302,0.623387
difficulty,2D_a1,42,42-125,0.483333,0.466667,0.375,0.841667,0.683333,0.075,0.0,0.635389,0.559129,0.698763,0.670088
difficulty,2D_a1,42,42-126,0.2,0.0,0.641667,0.641667,0.2,0.233333,0.0,0.775868,0.405424,1.313402,0.516926
difficulty,2D_a1,42,42-127,0.208333,0.325,0.158333,0.483333,0.4,0.025,0.275,0.444553,0.514021,0.729822,0.49646
difficulty,2D_a1,42,42-128,0.391667,0.416667,0.208333,0.625,0.6,0.016667,0.091667,0.502296,0.547833,0.571361,0.386249
difficulty,2D_a1,42,42-129,0.308333,0.35,0.133333,0.483333,0.408333,0.008333,0.166667,0.478473,0.508279,0.681854,0.559279
difficulty,2D_a1,42,42-130,0.375,0.4,0.308333,0.708333,0.616667,0.091667,0.025,0.565902,0.4631,0.659775,0.552738
difficulty,2D_a1,42,42-131,0.15,0.316667,0.15,0.466667,0.391667,0.008333,0.375,0.40775,0.493385,0.756182,0.49552
difficulty,2D_a1,42,42-132,0.616667,0.35,0.483333,0.833333,0.633333,0.066667,0.0,0.665375,0.538285,0.753797,0.595805
difficulty,2D_a1,42,42-133,0.333333,0.383333,0.291667,0.675,0.516667,0.075,0.0,0.555843,0.59657,0.647092,0.540166
difficulty,2D_a1,42,42-134,0.1,0.283333,0.158333,0.441667,0.366667,0.025,0.408333,0.395781,0.549522,0.825927,0.521788
difficulty,2D_a1,42,42-135,0.258333,0.35,0.125,0.475,0.425,0.0,0.208333,0.451629,0.548144,0.653197,0.439476
difficulty,2D_a1,42,42-136,0.491667,0.441667,0.375,0.816667,0.666667,0.05,0.0,0.63297,0.542791,0.700315,0.613062
difficulty,2D_a1,42,42-137,0.525,0.225,0.533333,0.758333,0.525,0.15,0.0,0.705715,0.474608,0.968196,0.670096
difficulty,2D_a1,42,42-138,0.0,0.0,0.416667,0.416667,0.0,0.308333,0.0,0.828562,0.339996,1.638695,0.456193
difficulty,2D_a1,42,42-139,0.0,0.0,0.0,0.0,0.0,1.0,0.0,0.905653,0.208129,2.302309,0.341277
difficulty,2D_a1,42,42-140,0.541667,0.4,0.425,0.825,0.683333,0.041667,0.0,0.645344,0.525536,0.698487,0.56666
difficulty,2D_a1,42,42-141,0.308333,0.375,0.158333,0.533333,0.425,0.008333,0.166667,0.491071,0.415093,0.694597,0.601169
difficulty,2D_a1,42,42-142,0.216667,0.233333,0.066667,0.3,0.275,0.0,0.608333,0.323696,0.416165,1.087366,0.64933
difficulty,2D_a1,42,42-143,0.491667,0.4,0.458333,0.858333,0.625,0.041667,0.0,0.648445,0.427857,0.714134,0.572247
difficulty,2D_a1,42,42-144,0.358333,0.366667,0.15,0.516667,0.458333,0.008333,0.1,0.481665,0.536665,0.60431,0.418196
difficulty,2D_a1,42,42-145,0.341667,0.375,0.308333,0.683333,0.566667,0.05,0.05,0.542623,0.543667,0.621777,0.491821
difficulty,2D_a1,42,42-146,0.333333,0.391667,0.241667,0.633333,0.583333,0.033333,0.116667,0.500848,0.604708,0.60552,0.421036
difficulty,2D_a1,42,42-147,0.375,0.458333,0.341667,0.8,0.6,0.066667,0.008333,0.590241,0.501326,0.642568,0.577205
difficulty,2D_a1,42,42-148,0.416667,0.083333,0.591667,0.675,0.416667,0.166667,0.0,0.738747,0.424282,1.129334,0.616982
difficulty,2D_a1,42,42-149,0.458333,0.425,0.408333,0.833333,0.641667,0.058333,0.0,0.6295,0.478309,0.709271,0.634087
difficulty,2D_a1,42,42-150,0.366667,0.441667,0.358333,0.8,0.575,0.091667,0.0,0.605042,0.434471,0.69058,0.625643
difficulty,2D_a1,42,42-151,0.291667,0.358333,0.141667,0.5,0.425,0.016667,0.183333,0.474343,0.478167,0.692732,0.506665
difficulty,2D_a1,42,42-152,0.141667,0.15,0.141667,0.291667,0.25,0.008333,0.441667,0.357056,0.534663,0.933949,0.572399
difficulty,2D_a1,42,42-153,0.358333,0.408333,0.258333,0.666667,0.591667,0.025,0.075,0.503051,0.648137,0.566482,0.400372
difficulty,2D_a1,42,42-154,0.375,0.525,0.341667,0.866667,0.691667,0.025,0.0,0.57546,0.561364,0.541629,0.482522
difficulty,2D_a1,42,42-155,0.0,0.0,0.441667,0.441667,0.0,0.341667,0.0,0.821958,0.311108,1.612235,0.521268
difficulty,2D_a1,42,42-156,0.425,0.533333,0.35,0.883333,0.725,0.025,0.0,0.585261,0.633661,0.555134,0.532754
difficulty,2D_a1,42,42-157,0.475,0.15,0.566667,0.716667,0.475,0.133333,0.0,0.719103,0.490403,1.039049,0.672619
difficulty,2D_a1,42,42-158,0.358333,0.391667,0.333333,0.725,0.633333,0.008333,0.05,0.528579,0.530525,0.576834,0.415323
difficulty,2D_a1,42,42-159,0.208333,0.341667,0.158333,0.5,0.391667,0.0,0.266667,0.434952,0.520736,0.682994,0.45472
difficulty,2D_a1,42,42-160,0.258333,0.383333,0.141667,0.525,0.433333,0.025,0.183333,0.469785,0.513065,0.665323,0.483174
difficulty,2D_a1,42,42-161,0.358333,0.366667,0.241667,0.608333,0.55,0.016667,0.1,0.491108,0.546039,0.588315,0.376197
difficulty,2D_a1,42,42-162,0.0,0.0,0.175,0.175,0.0,0.325,0.0,0.840632,0.325541,1.734491,0.499958
difficulty,2D_a1,42,42-163,0.333333,0.316667,0.216667,0.533333,0.475,0.025,0.15,0.474132,0.575463,0.618804,0.389211
difficulty,2D_a1,42,42-164,0.5,0.2,0.566667,0.766667,0.5,0.125,0.0,0.706587,0.464895,0.96149,0.63008
difficulty,2D_a1,42,42-165,0.366667,0.383333,0.141667,0.525,0.458333,0.033333,0.1,0.504546,0.410898,0.667092,0.563797
difficulty,2D_a1,42,42-166,0.416667,0.141667,0.575,0.716667,0.416667,0.183333,0.0,0.729298,0.41585,1.08917,0.660439
difficulty,2D_a1,42,42-167,0.5,0.408333,0.433333,0.841667,0.616667,0.066667,0.0,0.655888,0.467695,0.744747,0.635273
difficulty,2D_a1,42,42-168,0.358333,0.441667,0.358333,0.8,0.583333,0.033333,0.0,0.583815,0.503174,0.617124,0.5248
difficulty,2D_a1,42,42-169,0.391667,0.5,0.325,0.825,0.658333,0.05,0.0,0.578857,0.574894,0.589914,0.516043
difficulty,2D_a1,42,42-170,0.375,0.35,0.266667,0.616667,0.591667,0.025,0.091667,0.503354,0.538948,0.5875,0.390972
difficulty,2D_a1,42,42-171,0.466667,0.483333,0.375,0.858333,0.7,0.066667,0.0,0.625619,0.633822,0.617656,0.556264
difficulty,2D_a1,42,42-172,0.358333,0.35,0.316667,0.666667,0.608333,0.025,0.016667,0.535901,0.504786,0.579342,0.4369
difficulty,2D_a1,42,42-173,0.191667,0.325,0.158333,0.483333,0.391667,0.0,0.308333,0.429373,0.519652,0.722935,0.46875
difficulty,2D_a1,42,42-174,0.133333,0.333333,0.15,0.483333,0.375,0.016667,0.383333,0.420148,0.53761,0.771163,0.602689
difficulty,2D_a1,42,42-175,0.45,0.466667,0.4,0.866667,0.658333,0.025,0.0,0.616171,0.519317,0.62759,0.534235
difficulty,2D_a1,42,42-176,0.041667,0.0,0.6,0.6,0.041667,0.225,0.0,0.787267,0.387214,1.375993,0.49504
difficulty,2D_a1,42,42-177,0.466667,0.441667,0.416667,0.858333,0.641667,0.033333,0.0,0.628285,0.455252,0.647525,0.538255
difficulty,2D_a1,42,42-178,0.341667,0.425,0.366667,0.791667,0.591667,0.05,0.0,0.59266,0.4743,0.62419,0.523572
difficulty,2D_a1,42,42-179,0.483333,0.425,0.4,0.825,0.65,0.058333,0.0,0.628045,0.540409,0.666286,0.578721
difficulty,2D_a1,42,42-180,0.333333,0.0,0.625,0.625,0.333333,0.225,0.0,0.765502,0.408503,1.287501,0.64099
difficulty,2D_a1,42,42-181,0.416667,0.466667,0.391667,0.858333,0.641667,0.058333,0.0,0.62705,0.509522,0.681133,0.600805
difficulty,2D_a1,42,42-182,0.333333,0.416667,0.308333,0.725,0.608333,0.025,0.041667,0.518572,0.607568,0.545401,0.408442
difficulty,2D_a1,42,42-183,0.466667,0.041667,0.708333,0.75,0.466667,0.133333,0.0,0.727399,0.474186,1.049494,0.547573
difficulty,2D_a1,42,42-184,0.541667,0.425,0.433333,0.858333,0.675,0.025,0.0,0.643124,0.527805,0.685431,0.540096
difficulty,2D_a1,42,42-185,0.1,0.0,0.608333,0.608333,0.1,0.225,0.0,0.785047,0.389107,1.363146,0.496969
difficulty,2D_a1,42,42-186,0.475,0.441667,0.408333,0.85,0.666667,0.041667,0.0,0.626916,0.472324,0.655665,0.565762
difficulty,2D_a1,42,42-187,0.191667,0.366667,0.15,0.516667,0.433333,0.0,0.333333,0.425953,0.529663,0.677249,0.44534
difficulty,2D_a1,42,42-188,0.125,0.366667,0.191667,0.558333,0.433333,0.016667,0.358333,0.431795,0.418577,0.726068,0.463069
difficulty,2D_a1,42,42-189,0.033333,0.0,0.675,0.675,0.033333,0.183333,0.0,0.781102,0.439904,1.32891,0.459266
difficulty,2D_a1,42,42-190,0.0,0.0,0.541667,0.541667,0.0,0.258333,0.0,0.803914,0.366425,1.475668,0.470997
difficulty,2D_a1,42,42-191,0.366667,0.416667,0.358333,0.775,0.55,0.058333,0.0,0.594658,0.441623,0.644235,0.551751
difficulty,2D_a1,42,42-192,0.308333,0.375,0.283333,0.658333,0.55,0.041667,0.083333,0.5227,0.650192,0.60918,0.465032
difficulty,2D_a1,42,42-193,0.216667,0.0,0.691667,0.691667,0.216667,0.191667,0.0,0.763366,0.460375,1.240535,0.520699
difficulty,2D_a1,42,42-194,0.241667,0.35,0.191667,0.541667,0.408333,0.0,0.191667,0.471508,0.44062,0.645768,0.466687
difficulty,2D_a1,42,42-195,0.341667,0.35,0.158333,0.508333,0.425,0.0,0.133333,0.488259,0.46853,0.635052,0.428107
difficulty,2D_a1,42,42-196,0.533333,0.308333,0.5,0.808333,0.591667,0.083333,0.0,0.674924,0.499021,0.797555,0.577532
difficulty,2D_a1,42,42-197,0.358333,0.375,0.308333,0.683333,0.558333,0.066667,0.033333,0.552535,0.506848,0.624361,0.510039
difficulty,2D_a1,42,42-198,0.433333,0.575,0.341667,0.916667,0.75,0.025,0.0,0.575074,0.592426,0.524482,0.467578
difficulty,2D_a1,42,42-199,0.408333,0.45,0.366667,0.816667,0.633333,0.041667,0.0,0.569818,0.546601,0.569719,0.503872
difficulty,2D_a1,137,137-0,0.316667,0.341667,0.183333,0.525,0.483333,0.033333,0.175,0.474433,0.588164,0.661901,0.466253
difficulty,2D_a1,137,137-1,0.3,0.316667,0.233333,0.55,0.491667,0.025,0.15,0.492976,0.573961,0.661818,0.444618
difficulty,2D_a1,137,137-2,0.35,0.375,0.225,0.6,0.55,0.05,0.058333,0.526945,0.478067,0.651201,0.471783
difficulty,2D_a1,137,137-3,0.383333,0.416667,0.391667,0.808333,0.575,0.041667,0.0,0.594919,0.543441,0.631097,0.547259
difficulty,2D_a1,137,137-4,0.375,0.35,0.308333,0.658333,0.6,0.05,0.041667,0.526981,0.491503,0.600681,0.434414
difficulty,2D_a1,137,137-5,0.325,0.375,0.166667,0.541667,0.45,0.008333,0.158333,0.472754,0.432955,0.590144,0.422678
difficulty,2D_a1,137,137-6,0.483333,0.458333,0.425,0.883333,0.675,0.05,0.0,0.630952,0.482575,0.677106,0.614565
difficulty,2D_a1,137,137-7,0.333333,0.316667,0.266667,0.583333,0.508333,0.041667,0.125,0.512803,0.529932,0.66145,0.489373
difficulty,2D_a1,137,137-8,0.133333,0.15,0.083333,0.233333,0.216667,0.008333,0.558333,0.30944,0.543011,1.061634,0.575905
difficulty,2D_a1,137,137-9,0.0,0.0,0.425,0.425,0.0,0.308333,0.0,0.827377,0.336421,1.637471,0.481798
difficulty,2D_a1,137,137-10,0.05,0.0,0.6,0.6,0.05,0.258333,0.0,0.792549,0.393324,1.426247,0.5602
difficulty,2D_a1,137,137-11,0.216667,0.35,0.116667,0.466667,0.416667,0.008333,0.283333,0.434032,0.604273,0.669983,0.490756
difficulty,2D_a1,137,137-12,0.35,0.425,0.325,0.75,0.616667,0.025,0.041667,0.537536,0.579917,0.561463,0.436387
difficulty,2D_a1,137,137-13,0.366667,0.45,0.325,0.775,0.6,0.091667,0.0,0.59736,0.510698,0.67084,0.661909
difficulty,2D_a1,137,137-14,0.491667,0.166667,0.591667,0.758333,0.491667,0.133333,0.0,0.718931,0.471772,1.026907,0.632967
difficulty,2D_a1,137,137-15,0.05,0.191667,0.016667,0.208333,0.208333,0.025,0.716667,0.24949,0.524848,1.466276,0.82518
difficulty,2D_a1,137,137-16,0.35,0.35,0.191667,0.541667,0.5,0.008333,0.125,0.494557,0.503757,0.664253,0.447128
difficulty,2D_a1,137,137-17,0.475,0.458333,0.383333,0.841667,0.708333,0.025,0.0,0.607965,0.550657,0.616989,0.527313
difficulty,2D_a1,137,137-18,0.208333,0.091667,0.15,0.241667,0.233333,0.025,0.441667,0.350961,0.505312,1.021144,0.573972
difficulty,2D_a1,137,137-19,0.3,0.35,0.225,0.575,0.525,0.033333,0.141667,0.482094,0.653144,0.617042,0.407686
difficulty,2D_a1,137,137-20,0.375,0.416667,0.316667,0.733333,0.616667,0.041667,0.008333,0.54724,0.548794,0.568699,0.45989
difficulty,2D_a1,137,137-21,0.391667,0.391667,0.35,0.741667,0.641667,0.025,0.025,0.540974,0.512915,0.587254,0.42897
difficulty,2D_a1,137,137-22,0.291667,0.391667,0.141667,0.533333,0.433333,0.0,0.166667,0.468169,0.469199,0.626968,0.435334
difficulty,2D_a1,137,137-23,0.466667,0.075,0.675,0.75,0.466667,0.125,0.0,0.724463,0.459543,1.028632,0.52164
difficulty,2D_a1,137,137-24,0.341667,0.375,0.241667,0.616667,0.558333,0.025,0.091667,0.495779,0.624454,0.611794,0.552695
difficulty,2D_a1,137,137-25,0.433333,0.175,0.533333,0.708333,0.433333,0.183333,0.0,0.72472,0.365323,1.063932,0.657036
difficulty,2D_a1,137,137-26,0.291667,0.416667,0.275,0.691667,0.525,0.033333,0.041667,0.540474,0.57515,0.590491,0.481886
difficulty,2D_a1,137,137-27,0.466667,0.441667,0.441667,0.883333,0.641667,0.05,0.0,0.631366,0.446343,0.67905,0.588644
difficulty,2D_a1,137,137-28,0.408333,0.383333,0.366667,0.75,0.666667,0.075,0.025,0.557652,0.434558,0.617374,0.482783
difficulty,2D_a1,137,137-29,0.316667,0.025,0.591667,0.616667,0.316667,0.208333,0.0,0.757324,0.336654,1.243983,0.652798
difficulty,2D_a1,137,137-30,0.5,0.458333,0.383333,0.841667,0.666667,0.05,0.0,0.635027,0.512721,0.672931,0.597434
difficulty,2D_a1,137,137-31,0.325,0.375,0.166667,0.541667,0.441667,0.008333,0.15,0.469447,0.481831,0.592188,0.40623
difficulty,2D_a1,137,137-32,0.566667,0.258333,0.558333,0.816667,0.566667,0.108333,0.0,0.68121,0.512037,0.818769,0.561427
difficulty,2D_a1,137,137-33,0.0,0.0,0.0,0.0,0.0,1.0,0.0,0.899071,0.196743,2.262894,0.465087
difficulty,2D_a1,137,137-34,0.191667,0.091667,0.183333,0.275,0.233333,0.008333,0.383333,0.371781,0.461039,0.932476,0.541588
difficulty,2D_a1,137,137-35,0.408333,0.5,0.358333,0.858333,0.675,0.05,0.0,0.586723,0.506868,0.583311,0.543264
difficulty,2D_a1,137,137-36,0.433333,0.475,0.35,0.825,0.616667,0.033333,0.0,0.595502,0.548931,0.617321,0.519336
difficulty,2D_a1,137,137-37,0.366667,0.441667,0.35,0.791667,0.558333,0.066667,0.016667,0.580747,0.506332,0.632848,0.530865
difficulty,2D_a1,137,137-38,0.508333,0.233333,0.55,0.783333,0.508333,0.116667,0.0,0.704975,0.502306,0.941404,0.578066
difficulty,2D_a1,137,137-39,0.358333,0.458333,0.325,0.783333,0.591667,0.058333,0.0,0.57462,0.5071,0.606929,0.528307
difficulty,2D_a1,137,137-40,0.491667,0.216667,0.541667,0.758333,0.491667,0.158333,0.0,0.707731,0.454458,0.970325,0.637738
difficulty,2D_a1,137,137-41,0.525,0.308333,0.525,0.833333,0.575,0.1,0.0,0.67225,0.515617,0.785872,0.570296
difficulty,2D_a1,137,137-42,0.341667,0.366667,0.133333,0.5,0.441667,0.008333,0.166667,0.450917,0.530395,0.609025,0.533194
difficulty,2D_a1,137,137-43,0.191667,0.35,0.2,0.55,0.408333,0.016667,0.225,0.465139,0.428365,0.660436,0.477122
difficulty,2D_a1,137,137-44,0.0,0.0,0.525,0.525,0.0,0.3,0.0,0.811609,0.365037,1.541846,0.527791
difficulty,2D_a1,137,137-45,0.408333,0.491667,0.35,0.841667,0.691667,0.016667,0.0,0.563192,0.538104,0.523924,0.431277
difficulty,2D_a1,137,137-46,0.425,0.408333,0.408333,0.816667,0.608333,0.041667,0.0,0.620387,0.482676,0.675305,0.58548
difficulty,2D_a1,137,137-47,0.083333,0.0,0.641667,0.641667,0.083333,0.216667,0.0,0.783821,0.39648,1.350704,0.478935
difficulty,2D_a1,137,137-48,0.6,0.341667,0.508333,0.85,0.65,0.05,0.0,0.662131,0.556192,0.729953,0.53906
difficulty,2D_a1,137,137-49,0.358333,0.375,0.225,0.6,0.558333,0.025,0.091667,0.488252,0.623132,0.58199,0.389452
difficulty,2D_a1,137,137-50,0.341667,0.416667,0.316667,0.733333,0.591667,0.041667,0.008333,0.562983,0.501354,0.61179,0.501055
difficulty,2D_a1,137,137-51,0.475,0.066667,0.65,0.716667,0.475,0.125,0.0,0.728382,0.476958,1.079236,0.64324
difficulty,2D_a1,137,137-52,0.275,0.0,0.691667,0.691667,0.275,0.191667,0.0,0.761568,0.430122,1.226688,0.504437
difficulty,2D_a1,137,137-53,0.358333,0.441667,0.3,0.741667,0.625,0.033333,0.016667,0.547857,0.552663,0.580147,0.474628
difficulty,2D_a1,137,137-54,0.35,0.0,0.7,0.7,0.35,0.158333,0.0,0.756936,0.426177,1.19378,0.476069
difficulty,2D_a1,137,137-55,0.35,0.366667,0.316667,0.683333,0.583333,0.025,0.008333,0.531773,0.571362,0.552008,0.412214
difficulty,2D_a1,137,137-56,0.475,0.541667,0.366667,0.908333,0.75,0.025,0.0,0.595201,0.626354,0.565316,0.52363
difficulty,2D_a1,137,137-57,0.066667,0.333333,0.233333,0.566667,0.375,0.033333,0.216667,0.466774,0.375723,0.809211,0.686957
difficulty,2D_a1,137,137-58,0.375,0.458333,0.35,0.808333,0.616667,0.066667,0.0,0.573564,0.507416,0.616707,0.535689
difficulty,2D_a1,137,137-59,0.583333,0.35,0.475,0.825,0.65,0.066667,0.0,0.656601,0.501679,0.720643,0.564994
difficulty,2D_a1,137,137-60,0.533333,0.416667,0.416667,0.833333,0.675,0.05,0.0,0.644718,0.500338,0.692434,0.579339
difficulty,2D_a1,137,137-61,0.541667,0.275,0.5,0.775,0.541667,0.116667,0.0,0.694329,0.464546,0.893767,0.604066
difficulty,2D_a1,137,137-62,0.325,0.35,0.183333,0.533333,0.5,0.025,0.125,0.478772,0.618721,0.608728,0.42554
difficulty,2D_a1,137,137-63,0.341667,0.433333,0.3,0.733333,0.55,0.066667,0.0,0.571844,0.560492,0.666825,0.57785
difficulty,2D_a1,137,137-64,0.358333,0.466667,0.366667,0.833333,0.575,0.05,0.0,0.591904,0.5014,0.641038,0.529653
difficulty,2D_a1,137,137-65,0.0,0.0,0.591667,0.591667,0.0,0.241667,0.0,0.799467,0.385796,1.461203,0.531993
difficulty,2D_a1,137,137-66,0.175,0.375,0.1,0.475,0.408333,0.008333,0.358333,0.404223,0.625031,0.728045,0.567593
difficulty,2D_a1,137,137-67,0.366667,0.4,0.325,0.725,0.55,0.058333,0.008333,0.565912,0.500373,0.622364,0.508503
difficulty,2D_a1,137,137-68,0.4,0.466667,0.383333,0.85,0.625,0.033333,0.0,0.589029,0.476465,0.586152,0.475343
difficulty,2D_a1,137,137-69,0.0,0.0,0.0,0.0,0.0,1.0,0.0,0.920184,0.175816,2.48702,0.341317
difficulty,2D_a1,137,137-70,0.541667,0.391667,0.483333,0.875,0.616667,0.083333,0.0,0.659463,0.55684,0.738734,0.604741
difficulty,2D_a1,137,137-71,0.383333,0.525,0.35,0.875,0.666667,0.033333,0.0,0.584063,0.532176,0.567092,0.509836
difficulty,2D_a1,137,137-72,0.4,0.45,0.383333,0.833333,0.633333,0.066667,0.0,0.611653,0.495423,0.676468,0.620818
difficulty,2D_a1,137,137-73,0.15,0.241667,0.1,0.341667,0.283333,0.008333,0.416667,0.371238,0.532778,0.851426,0.494621
difficulty,2D_a1,137,137-74,0.4,0.391667,0.408333,0.8,0.583333,0.083333,0.0,0.622573,0.495237,0.745077,0.687545
difficulty,2D_a1,137,137-75,0.333333,0.0,0.708333,0.708333,0.333333,0.158333,0.0,0.747263,0.4617,1.144823,0.496743
difficulty,2D_a1,137,137-76,0.391667,0.425,0.366667,0.791667,0.641667,0.033333,0.0,0.577936,0.484941,0.590502,0.500011
difficulty,2D_a1,137,137-77,0.35,0.358333,0.308333,0.666667,0.591667,0.05,0.041667,0.524306,0.549165,0.577363,0.42383
difficulty,2D_a1,137,137-78,0.308333,0.416667,0.3,0.716667,0.55,0.058333,0.008333,0.549828,0.548011,0.597113,0.490872
difficulty,2D_a1,137,137-79,0.491667,0.233333,0.533333,0.766667,0.508333,0.15,0.0,0.70522,0.472429,0.973883,0.697587
difficulty,2D_a1,137,137-80,0.566667,0.425,0.433333,0.858333,0.65,0.066667,0.0,0.655549,0.571017,0.724189,0.587514
difficulty,2D_a1,137,137-81,0.441667,0.05,0.7,0.75,0.441667,0.133333,0.0,0.730259,0.467817,1.058759,0.520521
difficulty,2D_a1,137,137-82,0.45,0.475,0.391667,0.866667,0.658333,0.041667,0.0,0.626418,0.490131,0.661647,0.590025
difficulty,2D_a1,137,137-83,0.616667,0.333333,0.516667,0.85,0.616667,0.1,0.0,0.67585,0.550379,0.812345,0.640559
difficulty,2D_a1,137,137-84,0.358333,0.358333,0.2,0.558333,0.5,0.016667,0.141667,0.471615,0.539005,0.604081,0.437022
difficulty,2D_a1,137,137-85,0.4,0.441667,0.35,0.791667,0.633333,0.025,0.0,0.591639,0.637353,0.61491,0.526176
difficulty,2D_a1,137,137-86,0.25,0.341667,0.15,0.491667,0.4,0.008333,0.241667,0.451568,0.50509,0.673513,0.462765
difficulty,2D_a1,137,137-87,0.358333,0.375,0.191667,0.566667,0.516667,0.025,0.083333,0.487642,0.58991,0.570357,0.366877
difficulty,2D_a1,137,137-88,0.308333,0.366667,0.116667,0.483333,0.458333,0.008333,0.175,0.457117,0.5952,0.622714,0.416609
difficulty,2D_a1,137,137-89,0.383333,0.483333,0.333333,0.816667,0.625,0.05,0.0,0.580225,0.52075,0.592375,0.515162
difficulty,2D_a1,137,137-90,0.366667,0.05,0.65,0.7,0.366667,0.158333,0.0,0.742298,0.404156,1.129629,0.545262
difficulty,2D_a1,137,137-91,0.583333,0.425,0.458333,0.883333,0.675,0.016667,0.0,0.639051,0.516809,0.630795,0.517351
difficulty,2D_a1,137,137-92,0.25,0.358333,0.116667,0.475,0.416667,0.0,0.283333,0.443275,0.53649,0.674832,0.464644
difficulty,2D_a1,137,137-93,0.516667,0.341667,0.483333,0.825,0.625,0.075,0.0,0.665963,0.530866,0.776016,0.586788
difficulty,2D_a1,137,137-94,0.0,0.0,0.1,0.1,0.0,0.325,0.0,0.846906,0.317719,1.783588,0.496027
difficulty,2D_a1,137,137-95,0.233333,0.0,0.583333,0.583333,0.233333,0.25,0.0,0.777434,0.363281,1.351092,0.620497
difficulty,2D_a1,137,137-96,0.575,0.325,0.525,0.85,0.6,0.083333,0.0,0.668452,0.567166,0.762168,0.562812
difficulty,2D_a1,137,137-97,0.5,0.0,0.8,0.8,0.5,0.1,0.0,0.726136,0.506429,1.018478,0.43289
difficulty,2D_a1,137,137-98,0.391667,0.0,0.666667,0.666667,0.391667,0.175,0.0,0.751443,0.430065,1.191093,0.587246
difficulty,2D_a1,137,137-99,0.5,0.308333,0.483333,0.791667,0.608333,0.058333,0.0,0.66725,0.406232,0.810636,0.606634
difficulty,2D_a1,137,137-100,0.366667,0.391667,0.3,0.691667,0.541667,0.033333,0.008333,0.533667,0.608776,0.584358,0.410169
difficulty,2D_a1,137,137-101,0.0,0.0,0.216667,0.216667,0.0,0.366667,0.0,0.842666,0.308454,1.75193,0.488185
difficulty,2D_a1,137,137-102,0.508333,0.475,0.425,0.9,0.683333,0.033333,0.0,0.635821,0.523227,0.655826,0.572912
difficulty,2D_a1,137,137-103,0.308333,0.0,0.7,0.7,0.308333,0.2,0.0,0.760523,0.397987,1.221649,0.507757
difficulty,2D_a1,137,137-104,0.408333,0.441667,0.341667,0.783333,0.633333,0.058333,0.0,0.600588,0.520482,0.655954,0.616205
difficulty,2D_a1,137,137-105,0.0,0.0,0.133333,0.133333,0.0,0.383333,0.0,0.849305,0.302361,1.813367,0.530162
difficulty,2D_a1,137,137-106,0.066667,0.033333,0.05,0.083333,0.066667,0.033333,0.625,0.238497,0.32772,1.663042,0.848794
difficulty,2D_a1,137,137-107,0.358333,0.416667,0.341667,0.758333,0.608333,0.058333,0.008333,0.567039,0.513234,0.602424,0.511515
difficulty,2D_a1,137,137-108,0.066667,0.066667,0.025,0.091667,0.091667,0.041667,0.641667,0.238623,0.364695,1.654704,0.857758
difficulty,2D_a1,137,137-109,0.016667,0.0,0.533333,0.533333,0.016667,0.275,0.0,0.80186,0.365948,1.481014,0.546462
difficulty,2D_a1,137,137-110,0.375,0.4,0.25,0.65,0.608333,0.016667,0.05,0.500279,0.553864,0.537867,0.337599
difficulty,2D_a1,137,137-111,0.375,0.0,0.683333,0.683333,0.375,0.183333,0.0,0.750373,0.446176,1.175626,0.550015
difficulty,2D_a1,137,137-112,0.341667,0.358333,0.258333,0.616667,0.525,0.075,0.05,0.547135,0.50091,0.676909,0.571452
difficulty,2D_a1,137,137-113,0.366667,0.275,0.333333,0.608333,0.558333,0.025,0.075,0.52,0.484616,0.608393,0.398464
difficulty,2D_a1,137,137-114,0.35,0.416667,0.291667,0.708333,0.583333,0.058333,0.05,0.542839,0.562066,0.609516,0.511412
difficulty,2D_a1,137,137-115,0.383333,0.416667,0.375,0.791667,0.616667,0.033333,0.016667,0.567757,0.493039,0.575456,0.462342
difficulty,2D_a1,137,137-116,0.333333,0.0,0.683333,0.683333,0.333333,0.208333,0.0,0.755828,0.408663,1.19854,0.520053
difficulty,2D_a1,137,137-117,0.358333,0.366667,0.275,0.641667,0.616667,0.008333,0.091667,0.495395,0.545413,0.573956,0.353107
difficulty,2D_a1,137,137-118,0.183333,0.133333,0.108333,0.241667,0.225,0.016667,0.433333,0.345044,0.445592,0.970201,0.575625
difficulty,2D_a1,137,137-119,0.333333,0.433333,0.291667,0.725,0.6,0.05,0.05,0.550772,0.577316,0.614873,0.519851
difficulty,2D_a1,137,137-120,0.0,0.0,0.458333,0.458333,0.0,0.325,0.0,0.827024,0.337985,1.633343,0.474216
difficulty,2D_a1,137,137-121,0.0,0.0,0.033333,0.033333,0.0,0.466667,0.0,0.860867,0.268542,1.898608,0.480844
difficulty,2D_a1,137,137-122,0.416667,0.433333,0.45,0.883333,0.625,0.058333,0.0,0.633108,0.429983,0.712987,0.594833
difficulty,2D_a1,137,137-123,0.183333,0.325,0.166667,0.491667,0.4,0.008333,0.283333,0.430238,0.482652,0.713386,0.55459
difficulty,2D_a1,137,137-124,0.15,0.233333,0.158333,0.391667,0.341667,0.025,0.408333,0.39784,0.455935,0.920011,0.680486
difficulty,2D_a1,137,137-125,0.45,0.533333,0.391667,0.925,0.691667,0.041667,0.0,0.609467,0.496971,0.593901,0.532049
difficulty,2D_a1,137,137-126,0.466667,0.483333,0.366667,0.85,0.683333,0.05,0.0,0.627395,0.513917,0.678023,0.616925
difficulty,2D_a1,137,137-127,0.325,0.341667,0.166667,0.508333,0.45,0.025,0.158333,0.469034,0.557624,0.647164,0.5695
difficulty,2D_a1,137,137-128,0.408333,0.491667,0.333333,0.825,0.683333,0.033333,0.0,0.565924,0.545119,0.544606,0.466603
difficulty,2D_a1,137,137-129,0.508333,0.125,0.666667,0.791667,0.508333,0.116667,0.0,0.714443,0.485816,0.975942,0.518865
difficulty,2D_a1,137,137-130,0.35,0.441667,0.333333,0.775,0.591667,0.058333,0.0,0.580441,0.51627,0.615243,0.537462
difficulty,2D_a1,137,137-131,0.391667,0.425,0.333333,0.758333,0.616667,0.066667,0.008333,0.577216,0.468565,0.64735,0.542078
difficulty,2D_a1,137,137-132,0.525,0.283333,0.483333,0.766667,0.566667,0.083333,0.0,0.68593,0.42852,0.855921,0.602574
difficulty,2D_a1,137,137-133,0.216667,0.275,0.166667,0.441667,0.35,0.016667,0.283333,0.439836,0.576958,0.773434,0.518363
difficulty,2D_a1,137,137-134,0.441667,0.408333,0.408333,0.816667,0.625,0.05,0.0,0.622959,0.505315,0.702039,0.614322
difficulty,2D_a1,137,137-135,0.525,0.441667,0.425,0.866667,0.691667,0.025,0.0,0.63499,0.514126,0.650277,0.578966
difficulty,2D_a1,137,137-136,0.366667,0.466667,0.383333,0.85,0.583333,0.058333,0.0,0.611115,0.468143,0.647898,0.577406
difficulty,2D_a1,137,137-137,0.383333,0.408333,0.383333,0.791667,0.616667,0.05,0.0,0.592264,0.387615,0.632952,0.534237
difficulty,2D_a1,137,137-138,0.4,0.466667,0.366667,0.833333,0.608333,0.025,0.0,0.593233,0.51674,0.599506,0.486583
difficulty,2D_a1,137,137-139,0.408333,0.025,0.65,0.675,0.408333,0.15,0.0,0.74069,0.425432,1.153069,0.667204
difficulty,2D_a1,137,137-140,0.075,0.191667,0.033333,0.225,0.216667,0.033333,0.675,0.286568,0.402207,1.303319,0.802515
difficulty,2D_a1,137,137-141,0.5,0.1,0.65,0.75,0.5,0.116667,0.0,0.715992,0.464402,0.988216,0.536619
difficulty,2D_a1,137,137-142,0.4,0.433333,0.383333,0.816667,0.608333,0.058333,0.0,0.596751,0.49049,0.632197,0.572474
difficulty,2D_a1,137,137-143,0.341667,0.308333,0.308333,0.616667,0.541667,0.058333,0.075,0.527943,0.518755,0.656617,0.620658
difficulty,2D_a1,137,137-144,0.475,0.5,0.391667,0.891667,0.708333,0.008333,0.0,0.603274,0.579043,0.571392,0.481814
difficulty,2D_a1,137,137-145,0.516667,0.283333,0.483333,0.766667,0.533333,0.133333,0.0,0.691126,0.434934,0.891035,0.657292
difficulty,2D_a1,137,137-146,0.558333,0.2,0.6,0.8,0.558333,0.108333,0.0,0.698459,0.534552,0.900902,0.544391
difficulty,2D_a1,137,137-147,0.366667,0.383333,0.341667,0.725,0.6,0.058333,0.008333,0.55397,0.490791,0.605568,0.484634
difficulty,2D_a1,137,137-148,0.341667,0.366667,0.208333,0.575,0.516667,0.033333,0.15,0.482542,0.559089,0.641346,0.437361
difficulty,2D_a1,137,137-149,0.466667,0.55,0.35,0.9,0.7,0.0,0.0,0.583632,0.58363,0.510528,0.436824
difficulty,2D_a1,137,137-150,0.325,0.358333,0.15,0.508333,0.441667,0.008333,0.158333,0.48139,0.443682,0.638682,0.459347
difficulty,2D_a1,137,137-151,0.0,0.0,0.5,0.5,0.0,0.283333,0.0,0.808665,0.336292,1.510235,0.483191
difficulty,2D_a1,137,137-152,0.0,0.0,0.0,0.0,0.0,1.0,0.0,0.950646,0.112117,2.98992,0.291969
difficulty,2D_a1,137,137-153,0.366667,0.325,0.2,0.525,0.475,0.016667,0.133333,0.488687,0.475977,0.634063,0.465971
difficulty,2D_a1,137,137-154,0.0,0.0,0.483333,0.483333,0.0,0.291667,0.0,0.813766,0.318744,1.553314,0.515038
difficulty,2D_a1,137,137-155,0.591667,0.325,0.483333,0.808333,0.608333,0.091667,0.0,0.680025,0.511868,0.818289,0.579716
difficulty,2D_a1,137,137-156,0.425,0.475,0.366667,0.841667,0.641667,0.033333,0.0,0.578187,0.576718,0.568179,0.461611
difficulty,2D_a1,137,137-157,0.533333,0.125,0.633333,0.758333,0.533333,0.116667,0.0,0.708444,0.50071,0.961236,0.588319
difficulty,2D_a1,137,137-158,0.5,0.1,0.641667,0.741667,0.5,0.141667,0.0,0.720274,0.453353,1.014027,0.552161
difficulty,2D_a1,137,137-159,0.45,0.416667,0.416667,0.833333,0.65,0.058333,0.0,0.640255,0.544376,0.722499,0.655974
difficulty,2D_a1,137,137-160,0.258333,0.358333,0.158333,0.516667,0.491667,0.016667,0.125,0.470141,0.740184,0.601348,0.43327
difficulty,2D_a1,137,137-161,0.475,0.466667,0.408333,0.875,0.666667,0.033333,0.0,0.623939,0.479581,0.637767,0.548516
difficulty,2D_a1,137,137-162,0.283333,0.35,0.15,0.5,0.391667,0.008333,0.175,0.467872,0.450096,0.673338,0.497414
difficulty,2D_a1,137,137-163,0.625,0.358333,0.483333,0.841667,0.641667,0.058333,0.0,0.665766,0.551955,0.751128,0.579939
difficulty,2D_a1,137,137-164,0.391667,0.433333,0.366667,0.8,0.658333,0.025,0.016667,0.553833,0.533233,0.542244,0.407508
difficulty,2D_a1,137,137-165,0.383333,0.066667,0.625,0.691667,0.383333,0.175,0.0,0.741533,0.4038,1.138117,0.597187
difficulty,2D_a1,137,137-166,0.45,0.45,0.391667,0.841667,0.666667,0.016667,0.0,0.605037,0.540523,0.609812,0.493456
difficulty,2D_a1,137,137-167,0.358333,0.441667,0.35,0.791667,0.633333,0.066667,0.0,0.591565,0.492428,0.63087,0.588212
difficulty,2D_a1,137,137-168,0.291667,0.35,0.125,0.475,0.433333,0.016667,0.191667,0.450343,0.680082,0.63922,0.420677
difficulty,2D_a1,137,137-169,0.591667,0.425,0.416667,0.841667,0.65,0.05,0.0,0.651595,0.563576,0.686396,0.573828
difficulty,2D_a1,137,137-170,0.491667,0.416667,0.433333,0.85,0.641667,0.033333,0.0,0.635555,0.483596,0.69048,0.556914
difficulty,2D_a1,137,137-171,0.333333,0.391667,0.358333,0.75,0.558333,0.05,0.0,0.57745,0.467231,0.623227,0.522178
difficulty,2D_a1,137,137-172,0.383333,0.408333,0.375,0.783333,0.525,0.058333,0.0,0.601689,0.524566,0.68661,0.549553
difficulty,2D_a1,137,137-173,0.533333,0.116667,0.65,0.766667,0.533333,0.083333,0.0,0.710002,0.485557,0.952475,0.514764
difficulty,2D_a1,137,137-174,0.325,0.433333,0.291667,0.725,0.583333,0.066667,0.0,0.57342,0.539277,0.624476,0.551714
difficulty,2D_a1,137,137-175,0.375,0.391667,0.133333,0.525,0.441667,0.008333,0.116667,0.48676,0.445082,0.614421,0.41906
difficulty,2D_a1,137,137-176,0.5,0.275,0.508333,0.783333,0.558333,0.108333,0.0,0.686939,0.474729,0.873303,0.621578
difficulty,2D_a1,137,137-177,0.441667,0.366667,0.408333,0.775,0.591667,0.05,0.0,0.646416,0.434732,0.7537,0.596073
difficulty,2D_a1,137,137-178,0.141667,0.291667,0.141667,0.433333,0.366667,0.016667,0.341667,0.415691,0.550182,0.817811,0.590863
difficulty,2D_a1,137,137-179,0.0,0.0,0.0,0.0,0.0,1.0,0.0,0.905618,0.198725,2.313354,0.384701
difficulty,2D_a1,137,137-180,0.275,0.358333,0.25,0.608333,0.516667,0.041667,0.125,0.495471,0.673433,0.594756,0.453816
difficulty,2D_a1,137,137-181,0.366667,0.475,0.391667,0.866667,0.633333,0.041667,0.0,0.586617,0.500704,0.578141,0.510447
difficulty,2D_a1,137,137-182,0.141667,0.233333,0.208333,0.441667,0.3,0.025,0.35,0.425887,0.380274,0.842206,0.560088
difficulty,2D_a1,137,137-183,0.375,0.458333,0.366667,0.825,0.6,0.041667,0.0,0.575777,0.532198,0.595269,0.481599
difficulty,2D_a1,137,137-184,0.333333,0.341667,0.258333,0.6,0.508333,0.033333,0.116667,0.511355,0.506052,0.623566,0.43671
difficulty,2D_a1,137,137-185,0.375,0.325,0.325,0.65,0.591667,0.075,0.041667,0.543155,0.466677,0.644569,0.483185
difficulty,2D_a1,137,137-186,0.208333,0.358333,0.15,0.508333,0.416667,0.0,0.291667,0.433018,0.551196,0.682602,0.455923
difficulty,2D_a1,137,137-187,0.35,0.408333,0.275,0.683333,0.566667,0.008333,0.041667,0.512831,0.642922,0.533158,0.370924
difficulty,2D_a1,137,137-188,0.375,0.391667,0.275,0.666667,0.6,0.016667,0.05,0.516643,0.543144,0.563031,0.395623
difficulty,2D_a1,137,137-189,0.333333,0.35,0.233333,0.583333,0.541667,0.041667,0.116667,0.495596,0.579909,0.601255,0.408818
difficulty,2D_a1,137,137-190,0.333333,0.35,0.3,0.65,0.566667,0.058333,0.05,0.543806,0.416637,0.65504,0.499117
difficulty,2D_a1,137,137-191,0.15,0.308333,0.15,0.458333,0.358333,0.016667,0.383333,0.411698,0.578948,0.813588,0.67168
difficulty,2D_a1,137,137-192,0.175,0.1,0.15,0.25,0.241667,0.008333,0.491667,0.339562,0.488355,1.044505,0.58405
difficulty,2D_a1,137,137-193,0.366667,0.358333,0.25,0.608333,0.566667,0.041667,0.1,0.504064,0.564897,0.617822,0.444086
difficulty,2D_a1,137,137-194,0.0,0.0,0.475,0.475,0.0,0.333333,0.0,0.819359,0.341107,1.591072,0.514396
difficulty,2D_a1,137,137-195,0.558333,0.383333,0.458333,0.841667,0.65,0.075,0.0,0.650187,0.544797,0.694354,0.581731
difficulty,2D_a1,137,137-196,0.325,0.383333,0.316667,0.7,0.583333,0.091667,0.066667,0.549627,0.487556,0.667852,0.569519
difficulty,2D_a1,137,137-197,0.233333,0.358333,0.158333,0.516667,0.4,0.008333,0.283333,0.440704,0.49731,0.703464,0.512032
difficulty,2D_a1,137,137-198,0.4,0.441667,0.391667,0.833333,0.608333,0.058333,0.0,0.60559,0.401196,0.644502,0.564565
difficulty,2D_a1,137,137-199,0.425,0.508333,0.391667,0.9,0.65,0.033333,0.0,0.604904,0.485522,0.594513,0.516772
difficulty,2D_a1,369,369-0,0.508333,0.483333,0.4,0.883333,0.708333,0.033333,0.0,0.622591,0.521826,0.63727,0.575783
difficulty,2D_a1,369,369-1,0.4,0.491667,0.341667,0.833333,0.675,0.025,0.0,0.573117,0.640036,0.545674,0.485899
difficulty,2D_a1,369,369-2,0.425,0.008333,0.7,0.708333,0.425,0.166667,0.0,0.743376,0.458536,1.144482,0.580516
difficulty,2D_a1,369,369-3,0.341667,0.358333,0.225,0.583333,0.533333,0.025,0.108333,0.517691,0.491663,0.648109,0.471226
difficulty,2D_a1,369,369-4,0.425,0.483333,0.375,0.858333,0.616667,0.05,0.0,0.632074,0.491036,0.697483,0.601929
difficulty,2D_a1,369,369-5,0.475,0.433333,0.4,0.833333,0.675,0.058333,0.0,0.628638,0.533271,0.689221,0.600616
difficulty,2D_a1,369,369-6,0.35,0.366667,0.216667,0.583333,0.533333,0.058333,0.108333,0.521881,0.452635,0.664658,0.484572
difficulty,2D_a1,369,369-7,0.433333,0.475,0.366667,0.841667,0.641667,0.05,0.0,0.625554,0.521127,0.666901,0.604305
difficulty,2D_a1,369,369-8,0.433333,0.475,0.375,0.85,0.641667,0.05,0.0,0.607124,0.496619,0.668161,0.699145
difficulty,2D_a1,369,369-9,0.0,0.0,0.408333,0.408333,0.0,0.316667,0.0,0.826245,0.334711,1.628855,0.477508
difficulty,2D_a1,369,369-10,0.566667,0.208333,0.575,0.783333,0.566667,0.1,0.0,0.695331,0.493713,0.895719,0.589853
difficulty,2D_a1,369,369-11,0.066667,0.091667,0.008333,0.1,0.091667,0.041667,0.783333,0.224906,0.28015,1.786313,0.873895
difficulty,2D_a1,369,369-12,0.391667,0.375,0.35,0.725,0.658333,0.025,0.041667,0.530726,0.529509,0.567545,0.40594
difficulty,2D_a1,369,369-13,0.416667,0.491667,0.35,0.841667,0.65,0.041667,0.0,0.59659,0.592958,0.599214,0.548439
difficulty,2D_a1,369,369-14,0.066667,0.116667,0.058333,0.175,0.166667,0.008333,0.725,0.224446,0.47107,1.617874,0.851955
difficulty,2D_a1,369,369-15,0.058333,0.216667,0.058333,0.275,0.258333,0.041667,0.616667,0.291183,0.291597,1.406555,0.828403
difficulty,2D_a1,369,369-16,0.458333,0.441667,0.433333,0.875,0.658333,0.025,0.0,0.609044,0.566203,0.60865,0.496325
difficulty,2D_a1,369,369-17,0.158333,0.158333,0.166667,0.325,0.258333,0.008333,0.408333,0.372745,0.481728,0.908328,0.557635
difficulty,2D_a1,369,369-18,0.241667,0.0,0.725,0.725,0.241667,0.175,0.0,0.757127,0.468654,1.192454,0.465982
difficulty,2D_a1,369,369-19,0.366667,0.341667,0.258333,0.6,0.566667,0.058333,0.108333,0.522348,0.481577,0.648798,0.474319
difficulty,2D_a1,369,369-20,0.375,0.483333,0.358333,0.841667,0.641667,0.016667,0.0,0.556958,0.578872,0.510588,0.416704
difficulty,2D_a1,369,369-21,0.483333,0.108333,0.625,0.733333,0.483333,0.125,0.0,0.724237,0.482614,1.042776,0.586868
difficulty,2D_a1,369,369-22,0.366667,0.4,0.366667,0.766667,0.683333,0.016667,0.0,0.549597,0.503709,0.54012,0.415334
difficulty,2D_a1,369,369-23,0.425,0.041667,0.691667,0.733333,0.425,0.125,0.0,0.732218,0.455269,1.070644,0.527034
difficulty,2D_a1,369,369-24,0.4,0.35,0.383333,0.733333,0.666667,0.05,0.05,0.541239,0.483545,0.590436,0.440057
difficulty,2D_a1,369,369-25,0.325,0.391667,0.275,0.666667,0.591667,0.041667,0.066667,0.523379,0.568505,0.595023,0.469675
difficulty,2D_a1,369,369-26,0.4,0.016667,0.675,0.691667,0.4,0.141667,0.0,0.744026,0.409776,1.145905,0.572095
difficulty,2D_a1,369,369-27,0.358333,0.35,0.333333,0.683333,0.591667,0.033333,0.016667,0.543824,0.499603,0.583892,0.445242
difficulty,2D_a1,369,369-28,0.3,0.375,0.125,0.5,0.425,0.008333,0.225,0.446006,0.542615,0.597458,0.407808
difficulty,2D_a1,369,369-29,0.441667,0.508333,0.366667,0.875,0.691667,0.025,0.0,0.604583,0.593306,0.591505,0.527273
difficulty,2D_a1,369,369-30,0.5,0.333333,0.441667,0.775,0.591667,0.091667,0.0,0.671182,0.460913,0.812869,0.658545
difficulty,2D_a1,369,369-31,0.4,0.491667,0.35,0.841667,0.633333,0.058333,0.0,0.590011,0.493062,0.61122,0.546052
difficulty,2D_a1,369,369-32,0.358333,0.433333,0.333333,0.766667,0.666667,0.033333,0.025,0.52962,0.548146,0.539496,0.4062
difficulty,2D_a1,369,369-33,0.141667,0.133333,0.075,0.208333,0.191667,0.008333,0.575,0.311107,0.567225,1.098221,0.6402
difficulty,2D_a1,369,369-34,0.383333,0.425,0.266667,0.691667,0.633333,0.025,0.05,0.513202,0.540001,0.567343,0.386322
difficulty,2D_a1,369,369-35,0.366667,0.441667,0.358333,0.8,0.591667,0.033333,0.0,0.5678,0.567902,0.574716,0.478851
difficulty,2D_a1,369,369-36,0.325,0.358333,0.3,0.658333,0.583333,0.025,0.083333,0.514927,0.56881,0.596492,0.42719
difficulty,2D_a1,369,369-37,0.558333,0.391667,0.45,0.841667,0.633333,0.083333,0.0,0.656076,0.581675,0.722559,0.619814
difficulty,2D_a1,369,369-38,0.408333,0.541667,0.358333,0.9,0.683333,0.008333,0.0,0.571245,0.592075,0.509275,0.407925
difficulty,2D_a1,369,369-39,0.525,0.475,0.391667,0.866667,0.7,0.05,0.0,0.624231,0.593804,0.62903,0.572124
difficulty,2D_a1,369,369-40,0.491667,0.308333,0.441667,0.75,0.575,0.083333,0.0,0.681173,0.435084,0.85577,0.632474
difficulty,2D_a1,369,369-41,0.341667,0.425,0.233333,0.658333,0.591667,0.016667,0.075,0.49812,0.592982,0.564739,0.36961
difficulty,2D_a1,369,369-42,0.375,0.383333,0.25,0.633333,0.6,0.033333,0.033333,0.526313,0.496498,0.60864,0.441718
difficulty,2D_a1,369,369-43,0.308333,0.358333,0.15,0.508333,0.425,0.0,0.241667,0.448775,0.483272,0.654002,0.449903
difficulty,2D_a1,369,369-44,0.358333,0.333333,0.266667,0.6,0.558333,0.025,0.091667,0.507263,0.524676,0.608604,0.388128
difficulty,2D_a1,369,369-45,0.383333,0.466667,0.375,0.841667,0.616667,0.075,0.0,0.601583,0.447849,0.645291,0.577328
difficulty,2D_a1,369,369-46,0.516667,0.358333,0.425,0.783333,0.616667,0.083333,0.0,0.667816,0.448772,0.802079,0.641373
difficulty,2D_a1,369,369-47,0.341667,0.366667,0.175,0.541667,0.458333,0.025,0.15,0.493752,0.484478,0.667859,0.458131
difficulty,2D_a1,369,369-48,0.416667,0.433333,0.408333,0.841667,0.616667,0.041667,0.0,0.609109,0.482634,0.640585,0.519479
difficulty,2D_a1,369,369-49,0.166667,0.233333,0.166667,0.4,0.35,0.016667,0.383333,0.396463,0.458908,0.812363,0.459082
difficulty,2D_a1,369,369-50,0.216667,0.375,0.175,0.55,0.441667,0.016667,0.25,0.454591,0.439084,0.690527,0.632453
difficulty,2D_a1,369,369-51,0.475,0.4,0.375,0.775,0.666667,0.041667,0.0,0.61294,0.583646,0.65803,0.586363
difficulty,2D_a1,369,369-52,0.208333,0.0,0.716667,0.716667,0.208333,0.166667,0.0,0.762318,0.449916,1.222491,0.471969
difficulty,2D_a1,369,369-53,0.5,0.241667,0.533333,0.775,0.508333,0.133333,0.0,0.69967,0.440342,0.926353,0.627128
difficulty,2D_a1,369,369-54,0.35,0.4,0.258333,0.658333,0.608333,0.016667,0.091667,0.516716,0.503245,0.615064,0.435846
difficulty,2D_a1,369,369-55,0.558333,0.216667,0.591667,0.808333,0.558333,0.108333,0.0,0.698661,0.492957,0.918127,0.613416
difficulty,2D_a1,369,369-56,0.45,0.458333,0.416667,0.875,0.65,0.033333,0.0,0.629857,0.458313,0.672545,0.554818
difficulty,2D_a1,369,369-57,0.375,0.366667,0.275,0.641667,0.608333,0.033333,0.066667,0.531173,0.467818,0.611372,0.445745
difficulty,2D_a1,369,369-58,0.275,0.358333,0.183333,0.541667,0.425,0.008333,0.133333,0.485888,0.383643,0.644549,0.539587
difficulty,2D_a1,369,369-59,0.433333,0.45,0.391667,0.841667,0.666667,0.058333,0.0,0.611728,0.522703,0.658167,0.61577
difficulty,2D_a1,369,369-60,0.3,0.4,0.316667,0.716667,0.591667,0.016667,0.058333,0.526082,0.590004,0.553687,0.414643
difficulty,2D_a1,369,369-61,0.191667,0.141667,0.1,0.241667,0.233333,0.008333,0.441667,0.350057,0.466575,0.942375,0.591972
difficulty,2D_a1,369,369-62,0.458333,0.458333,0.441667,0.9,0.625,0.041667,0.0,0.634058,0.437349,0.666548,0.565585
difficulty,2D_a1,369,369-63,0.2,0.166667,0.225,0.391667,0.308333,0.0,0.391667,0.392802,0.448851,0.862637,0.458785
difficulty,2D_a1,369,369-64,0.35,0.383333,0.291667,0.675,0.608333,0.016667,0.066667,0.502787,0.584915,0.538993,0.349527
difficulty,2D_a1,369,369-65,0.558333,0.208333,0.566667,0.775,0.558333,0.125,0.0,0.702145,0.475992,0.932118,0.598724
difficulty,2D_a1,369,369-66,0.383333,0.375,0.141667,0.516667,0.458333,0.0,0.116667,0.491606,0.436426,0.610192,0.429993
difficulty,2D_a1,369,369-67,0.466667,0.116667,0.633333,0.75,0.466667,0.15,0.0,0.72535,0.45564,1.052569,0.601432
difficulty,2D_a1,369,369-68,0.558333,0.25,0.516667,0.766667,0.575,0.083333,0.0,0.694122,0.421007,0.892867,0.604924
difficulty,2D_a1,369,369-69,0.116667,0.358333,0.133333,0.491667,0.383333,0.008333,0.383333,0.408482,0.586743,0.752254,0.484507
difficulty,2D_a1,369,369-70,0.4,0.016667,0.708333,0.725,0.4,0.141667,0.0,0.74184,0.432862,1.124774,0.536104
difficulty,2D_a1,369,369-71,0.308333,0.375,0.291667,0.666667,0.558333,0.05,0.041667,0.534179,0.525894,0.604085,0.458922
difficulty,2D_a1,369,369-72,0.333333,0.375,0.225,0.6,0.541667,0.025,0.1,0.512509,0.507024,0.634949,0.466032
difficulty,2D_a1,369,369-73,0.516667,0.35,0.458333,0.808333,0.616667,0.075,0.0,0.660174,0.476338,0.780827,0.618708
difficulty,2D_a1,369,369-74,0.05,0.0,0.566667,0.566667,0.05,0.258333,0.0,0.791129,0.364047,1.409698,0.526868
difficulty,2D_a1,369,369-75,0.633333,0.425,0.483333,0.908333,0.683333,0.025,0.0,0.645351,0.596289,0.651686,0.521636
difficulty,2D_a1,369,369-76,0.4,0.425,0.35,0.775,0.608333,0.041667,0.0,0.605523,0.544412,0.65865,0.568544
difficulty,2D_a1,369,369-77,0.525,0.333333,0.441667,0.775,0.591667,0.066667,0.0,0.669876,0.470254,0.79435,0.622329
difficulty,2D_a1,369,369-78,0.55,0.283333,0.525,0.808333,0.55,0.133333,0.0,0.69325,0.48939,0.898057,0.643223
difficulty,2D_a1,369,369-79,0.0,0.0,0.066667,0.066667,0.0,0.341667,0.0,0.84789,0.316428,1.779074,0.440662
difficulty,2D_a1,369,369-80,0.558333,0.3,0.516667,0.816667,0.591667,0.058333,0.0,0.675004,0.475488,0.803306,0.59375
difficulty,2D_a1,369,369-81,0.408333,0.466667,0.416667,0.883333,0.633333,0.041667,0.0,0.619646,0.479946,0.650674,0.55943
difficulty,2D_a1,369,369-82,0.291667,0.016667,0.633333,0.65,0.291667,0.2,0.0,0.762146,0.364648,1.239532,0.539554
difficulty,2D_a1,369,369-83,0.35,0.366667,0.216667,0.583333,0.541667,0.008333,0.083333,0.502513,0.532951,0.597109,0.390235
difficulty,2D_a1,369,369-84,0.408333,0.0,0.758333,0.758333,0.408333,0.133333,0.0,0.737413,0.462861,1.094796,0.510785
difficulty,2D_a1,369,369-85,0.0,0.0,0.283333,0.283333,0.0,0.283333,0.0,0.832923,0.348193,1.655288,0.396045
difficulty,2D_a1,369,369-86,0.333333,0.366667,0.158333,0.525,0.5,0.008333,0.191667,0.4603,0.618194,0.63585,0.407138
difficulty,2D_a1,369,369-87,0.591667,0.291667,0.516667,0.808333,0.591667,0.091667,0.0,0.683962,0.525721,0.82623,0.527658
difficulty,2D_a1,369,369-88,0.558333,0.25,0.558333,0.808333,0.558333,0.091667,0.0,0.690362,0.525413,0.861988,0.550541
difficulty,2D_a1,369,369-89,0.175,0.341667,0.15,0.491667,0.391667,0.008333,0.266667,0.447399,0.456953,0.686781,0.478115
difficulty,2D_a1,369,369-90,0.183333,0.175,0.141667,0.316667,0.266667,0.016667,0.583333,0.336696,0.436412,1.101805,0.661333
difficulty,2D_a1,369,369-91,0.0,0.0,0.0,0.0,0.0,1.0,0.0,0.901622,0.217795,2.256922,0.347652
difficulty,2D_a1,369,369-92,0.208333,0.191667,0.091667,0.283333,0.25,0.0,0.591667,0.322803,0.453648,1.076962,0.610057
difficulty,2D_a1,369,369-93,0.158333,0.0,0.691667,0.691667,0.158333,0.183333,0.0,0.765353,0.438899,1.237567,0.460037
difficulty,2D_a1,369,369-94,0.0,0.0,0.516667,0.516667,0.0,0.283333,0.0,0.816035,0.335877,1.561352,0.490455
difficulty,2D_a1,369,369-95,0.191667,0.35,0.158333,0.508333,0.375,0.0,0.25,0.445783,0.523732,0.689261,0.465069
difficulty,2D_a1,369,369-96,0.308333,0.408333,0.283333,0.691667,0.558333,0.033333,0.05,0.51783,0.625066,0.574979,0.411604
difficulty,2D_a1,369,369-97,0.2,0.083333,0.166667,0.25,0.241667,0.016667,0.433333,0.353701,0.451627,1.016855,0.616023
difficulty,2D_a1,369,369-98,0.358333,0.375,0.325,0.7,0.616667,0.05,0.066667,0.529341,0.493608,0.605483,0.439399
difficulty,2D_a1,369,369-99,0.083333,0.225,0.058333,0.283333,0.275,0.041667,0.6,0.297995,0.301288,1.380532,0.826247
difficulty,2D_a1,369,369-100,0.0,0.0,0.0,0.0,0.0,0.691667,0.0,0.869079,0.27786,1.937542,0.364134
difficulty,2D_a1,369,369-101,0.358333,0.366667,0.225,0.591667,0.5,0.016667,0.116667,0.492768,0.513227,0.599326,0.384214
difficulty,2D_a1,369,369-102,0.366667,0.433333,0.325,0.758333,0.675,0.05,0.008333,0.559368,0.442652,0.597117,0.473879
difficulty,2D_a1,369,369-103,0.2,0.166667,0.091667,0.258333,0.225,0.016667,0.55,0.329139,0.461313,1.097723,0.596378
difficulty,2D_a1,369,369-104,0.6,0.216667,0.616667,0.833333,0.6,0.083333,0.0,0.689209,0.525882,0.847956,0.509735
difficulty,2D_a1,369,369-105,0.483333,0.441667,0.408333,0.85,0.65,0.058333,0.0,0.637011,0.52018,0.685126,0.621169
difficulty,2D_a1,369,369-106,0.408333,0.083333,0.633333,0.716667,0.408333,0.15,0.0,0.734076,0.421427,1.092495,0.574525
difficulty,2D_a1,369,369-107,0.441667,0.475,0.383333,0.858333,0.658333,0.058333,0.0,0.628411,0.478562,0.679481,0.617875
difficulty,2D_a1,369,369-108,0.358333,0.425,0.333333,0.758333,0.625,0.058333,0.008333,0.568242,0.528041,0.590153,0.537342
difficulty,2D_a1,369,369-109,0.366667,0.475,0.333333,0.808333,0.608333,0.033333,0.0,0.561573,0.586347,0.551033,0.471928
difficulty,2D_a1,369,369-110,0.0,0.0,0.458333,0.458333,0.0,0.341667,0.0,0.820319,0.327812,1.594492,0.501999
difficulty,2D_a1,369,369-111,0.475,0.308333,0.458333,0.766667,0.583333,0.075,0.0,0.6777,0.438003,0.842481,0.63137
difficulty,2D_a1,369,369-112,0.316667,0.341667,0.158333,0.5,0.45,0.0,0.233333,0.444902,0.573324,0.637556,0.432052
difficulty,2D_a1,369,369-113,0.458333,0.441667,0.375,0.816667,0.658333,0.066667,0.0,0.635158,0.543471,0.680458,0.613343
difficulty,2D_a1,369,369-114,0.483333,0.458333,0.391667,0.85,0.641667,0.033333,0.0,0.625145,0.537829,0.649654,0.552935
difficulty,2D_a1,369,369-115,0.341667,0.341667,0.216667,0.558333,0.516667,0.025,0.091667,0.499109,0.559369,0.613574,0.422042
difficulty,2D_a1,369,369-116,0.35,0.475,0.366667,0.841667,0.641667,0.041667,0.0,0.576831,0.55287,0.56913,0.489759
difficulty,2D_a1,369,369-117,0.35,0.35,0.133333,0.483333,0.416667,0.033333,0.141667,0.492275,0.43463,0.714027,0.631312
difficulty,2D_a1,369,369-118,0.5,0.166667,0.583333,0.75,0.5,0.141667,0.0,0.713508,0.481123,0.991553,0.60255
difficulty,2D_a1,369,369-119,0.525,0.216667,0.558333,0.775,0.525,0.1,0.0,0.701879,0.446434,0.934044,0.61582
difficulty,2D_a1,369,369-120,0.125,0.241667,0.141667,0.383333,0.316667,0.0,0.416667,0.376422,0.533705,0.811833,0.471236
difficulty,2D_a1,369,369-121,0.116667,0.308333,0.175,0.483333,0.358333,0.025,0.366667,0.42487,0.461713,0.838716,0.582943
difficulty,2D_a1,369,369-122,0.516667,0.1,0.658333,0.758333,0.516667,0.091667,0.0,0.713381,0.478806,0.981242,0.56607
difficulty,2D_a1,369,369-123,0.258333,0.0,0.658333,0.658333,0.258333,0.191667,0.0,0.762985,0.414406,1.236889,0.51213
difficulty,2D_a1,369,369-124,0.183333,0.208333,0.075,0.283333,0.258333,0.016667,0.616667,0.320831,0.472999,1.128387,0.694045
difficulty,2D_a1,369,369-125,0.466667,0.058333,0.675,0.733333,0.466667,0.133333,0.0,0.726801,0.471416,1.049084,0.555106
difficulty,2D_a1,369,369-126,0.608333,0.35,0.5,0.85,0.616667,0.091667,0.0,0.675936,0.522782,0.807322,0.613889
difficulty,2D_a1,369,369-127,0.333333,0.0,0.633333,0.633333,0.333333,0.183333,0.0,0.764907,0.399583,1.283286,0.642037
difficulty,2D_a1,369,369-128,0.566667,0.383333,0.466667,0.85,0.65,0.033333,0.0,0.650503,0.491348,0.696392,0.58519
difficulty,2D_a1,369,369-129,0.0,0.0,0.483333,0.483333,0.0,0.266667,0.0,0.821479,0.364322,1.593303,0.474802
difficulty,2D_a1,369,369-130,0.566667,0.316667,0.491667,0.808333,0.583333,0.116667,0.0,0.685358,0.492402,0.856796,0.63129
difficulty,2D_a1,369,369-131,0.583333,0.4,0.441667,0.841667,0.666667,0.066667,0.0,0.65415,0.530804,0.731084,0.620043
difficulty,2D_a1,369,369-132,0.558333,0.391667,0.441667,0.833333,0.658333,0.075,0.0,0.65133,0.524875,0.699832,0.556864
difficulty,2D_a1,369,369-133,0.158333,0.233333,0.125,0.358333,0.316667,0.008333,0.416667,0.382719,0.501289,0.853762,0.486212
difficulty,2D_a1,369,369-134,0.483333,0.533333,0.35,0.883333,0.741667,0.033333,0.0,0.595021,0.654546,0.553987,0.513521
difficulty,2D_a1,369,369-135,0.0,0.0,0.116667,0.116667,0.0,0.408333,0.0,0.853775,0.288624,1.833117,0.460796
difficulty,2D_a1,369,369-136,0.125,0.0,0.658333,0.658333,0.125,0.2,0.0,0.773034,0.41145,1.28627,0.47668
difficulty,2D_a1,369,369-137,0.325,0.375,0.175,0.55,0.5,0.041667,0.108333,0.493732,0.549138,0.633023,0.444828
difficulty,2D_a1,369,369-138,0.508333,0.1,0.666667,0.766667,0.508333,0.141667,0.0,0.720505,0.500501,1.021511,0.580372
difficulty,2D_a1,369,369-139,0.566667,0.408333,0.433333,0.841667,0.691667,0.033333,0.0,0.644597,0.564201,0.674254,0.571993
difficulty,2D_a1,369,369-140,0.15,0.233333,0.175,0.408333,0.341667,0.025,0.4,0.403576,0.457226,0.871519,0.513234
difficulty,2D_a1,369,369-141,0.383333,0.383333,0.275,0.658333,0.591667,0.025,0.066667,0.508371,0.57308,0.567289,0.390052
difficulty,2D_a1,369,369-142,0.2,0.116667,0.158333,0.275,0.25,0.016667,0.416667,0.372173,0.389182,0.964223,0.565709
difficulty,2D_a1,369,369-143,0.5,0.133333,0.633333,0.766667,0.5,0.125,0.0,0.714749,0.491541,0.98774,0.565426
difficulty,2D_a1,369,369-144,0.391667,0.458333,0.316667,0.775,0.683333,0.033333,0.0,0.543235,0.555777,0.529373,0.435981
difficulty,2D_a1,369,369-145,0.166667,0.35,0.2,0.55,0.391667,0.008333,0.266667,0.452694,0.429082,0.704159,0.577293
difficulty,2D_a1,369,369-146,0.508333,0.408333,0.416667,0.825,0.683333,0.025,0.0,0.637697,0.524391,0.682755,0.547298
difficulty,2D_a1,369,369-147,0.433333,0.441667,0.425,0.866667,0.65,0.041667,0.0,0.610379,0.501533,0.645869,0.557211
difficulty,2D_a1,369,369-148,0.325,0.408333,0.191667,0.6,0.516667,0.033333,0.091667,0.513292,0.469533,0.657458,0.473723
difficulty,2D_a1,369,369-149,0.4,0.075,0.641667,0.716667,0.4,0.183333,0.0,0.7373,0.415426,1.10622,0.559558
difficulty,2D_a1,369,369-150,0.533333,0.308333,0.491667,0.8,0.575,0.108333,0.0,0.679743,0.442778,0.832539,0.628759
difficulty,2D_a1,369,369-151,0.341667,0.425,0.341667,0.766667,0.583333,0.041667,0.016667,0.555086,0.521832,0.583407,0.486692
difficulty,2D_a1,369,369-152,0.466667,0.5,0.4,0.9,0.725,0.025,0.0,0.601423,0.576977,0.57887,0.513066
difficulty,2D_a1,369,369-153,0.358333,0.016667,0.658333,0.675,0.358333,0.191667,0.0,0.748953,0.420562,1.173319,0.570463
difficulty,2D_a1,369,369-154,0.175,0.233333,0.033333,0.266667,0.25,0.025,0.683333,0.304336,0.440648,1.23414,0.787291
difficulty,2D_a1,369,369-155,0.3,0.0,0.65,0.65,0.3,0.183333,0.0,0.76131,0.421841,1.232949,0.533914
difficulty,2D_a1,369,369-156,0.3,0.35,0.166667,0.516667,0.416667,0.016667,0.141667,0.495085,0.436301,0.685978,0.499619
difficulty,2D_a1,369,369-157,0.4,0.358333,0.333333,0.691667,0.625,0.066667,0.025,0.56516,0.440347,0.627231,0.517292
difficulty,2D_a1,369,369-158,0.533333,0.191667,0.575,0.766667,0.533333,0.108333,0.0,0.70503,0.449366,0.93222,0.536385
difficulty,2D_a1,369,369-159,0.341667,0.4,0.3,0.7,0.541667,0.033333,0.016667,0.543252,0.568484,0.598734,0.468109
difficulty,2D_a1,369,369-160,0.141667,0.0,0.675,0.675,0.141667,0.2,0.0,0.771475,0.420691,1.271941,0.455315
difficulty,2D_a1,369,369-161,0.35,0.375,0.15,0.525,0.475,0.025,0.133333,0.478308,0.539948,0.605859,0.40193
difficulty,2D_a1,369,369-162,0.358333,0.433333,0.333333,0.766667,0.591667,0.066667,0.0,0.580521,0.464951,0.659757,0.684688
difficulty,2D_a1,369,369-163,0.066667,0.175,0.05,0.225,0.208333,0.025,0.625,0.265856,0.32725,1.450024,0.834905
difficulty,2D_a1,369,369-164,0.35,0.008333,0.658333,0.666667,0.35,0.2,0.0,0.756335,0.403146,1.231649,0.636373
difficulty,2D_a1,369,369-165,0.158333,0.341667,0.141667,0.483333,0.4,0.025,0.308333,0.439371,0.510277,0.772105,0.691989
difficulty,2D_a1,369,369-166,0.066667,0.0,0.625,0.625,0.066667,0.233333,0.0,0.791003,0.402732,1.410411,0.545452
difficulty,2D_a1,369,369-167,0.5,0.291667,0.491667,0.783333,0.525,0.133333,0.0,0.690843,0.4796,0.880052,0.602065
difficulty,2D_a1,369,369-168,0.333333,0.0,0.7,0.7,0.333333,0.183333,0.0,0.761144,0.445729,1.226086,0.511017
difficulty,2D_a1,369,369-169,0.358333,0.35,0.25,0.6,0.533333,0.066667,0.058333,0.524834,0.539805,0.620243,0.480942
difficulty,2D_a1,369,369-170,0.525,0.35,0.433333,0.783333,0.591667,0.091667,0.0,0.675012,0.459069,0.830872,0.673186
difficulty,2D_a1,369,369-171,0.308333,0.35,0.358333,0.708333,0.575,0.033333,0.05,0.542781,0.508156,0.606786,0.461586
difficulty,2D_a1,369,369-172,0.391667,0.416667,0.416667,0.833333,0.616667,0.05,0.0,0.599889,0.45261,0.629551,0.54278
difficulty,2D_a1,369,369-173,0.433333,0.458333,0.416667,0.875,0.583333,0.041667,0.0,0.622314,0.430086,0.657924,0.558426
difficulty,2D_a1,369,369-174,0.383333,0.491667,0.358333,0.85,0.666667,0.041667,0.0,0.6092,0.597937,0.663691,0.608957
difficulty,2D_a1,369,369-175,0.375,0.441667,0.266667,0.708333,0.616667,0.025,0.058333,0.514741,0.550049,0.561309,0.388066
difficulty,2D_a1,369,369-176,0.5,0.375,0.466667,0.841667,0.641667,0.058333,0.0,0.653417,0.475283,0.758392,0.634476
difficulty,2D_a1,369,369-177,0.425,0.191667,0.516667,0.708333,0.425,0.183333,0.0,0.726483,0.482048,1.062316,0.615325
difficulty,2D_a1,369,369-178,0.341667,0.375,0.258333,0.633333,0.583333,0.033333,0.05,0.515604,0.540105,0.613162,0.439543
difficulty,2D_a1,369,369-179,0.116667,0.283333,0.116667,0.4,0.308333,0.016667,0.441667,0.384225,0.629151,0.873339,0.629291
difficulty,2D_a1,369,369-180,0.5,0.45,0.408333,0.858333,0.691667,0.05,0.0,0.62658,0.526605,0.658674,0.603783
difficulty,2D_a1,369,369-181,0.433333,0.5,0.358333,0.858333,0.633333,0.05,0.0,0.621598,0.529892,0.634289,0.593348
difficulty,2D_a1,369,369-182,0.566667,0.358333,0.458333,0.816667,0.625,0.075,0.0,0.660565,0.5044,0.737197,0.572296
difficulty,2D_a1,369,369-183,0.375,0.45,0.366667,0.816667,0.616667,0.033333,0.0,0.586306,0.581679,0.601143,0.538238
difficulty,2D_a1,369,369-184,0.408333,0.45,0.333333,0.783333,0.6,0.058333,0.008333,0.585994,0.513304,0.642501,0.548479
difficulty,2D_a1,369,369-185,0.166667,0.275,0.175,0.45,0.358333,0.008333,0.366667,0.418467,0.41402,0.789086,0.44878
difficulty,2D_a1,369,369-186,0.35,0.325,0.316667,0.641667,0.583333,0.066667,0.108333,0.523615,0.513845,0.627059,0.455155
difficulty,2D_a1,369,369-187,0.366667,0.441667,0.3,0.741667,0.566667,0.058333,0.025,0.563871,0.536649,0.604351,0.528702
difficulty,2D_a1,369,369-188,0.358333,0.341667,0.191667,0.533333,0.475,0.033333,0.175,0.486523,0.5229,0.642653,0.415041
difficulty,2D_a1,369,369-189,0.408333,0.466667,0.358333,0.825,0.666667,0.033333,0.0,0.60084,0.571088,0.618206,0.524952
difficulty,2D_a1,369,369-190,0.516667,0.416667,0.416667,0.833333,0.666667,0.025,0.0,0.64098,0.519631,0.69261,0.581611
difficulty,2D_a1,369,369-191,0.433333,0.483333,0.375,0.858333,0.666667,0.05,0.0,0.603993,0.560524,0.612223,0.58231
difficulty,2D_a1,369,369-192,0.366667,0.408333,0.283333,0.691667,0.6,0.066667,0.033333,0.54916,0.499191,0.613244,0.505217
difficulty,2D_a1,369,369-193,0.333333,0.408333,0.375,0.783333,0.566667,0.05,0.0,0.593078,0.546646,0.624044,0.524845
difficulty,2D_a1,369,369-194,0.541667,0.408333,0.433333,0.841667,0.658333,0.066667,0.0,0.646725,0.522115,0.688792,0.587978
difficulty,2D_a1,369,369-195,0.083333,0.058333,0.033333,0.091667,0.091667,0.05,0.625,0.262893,0.298763,1.567999,0.84169
difficulty,2D_a1,369,369-196,0.35,0.408333,0.308333,0.716667,0.633333,0.016667,0.025,0.515092,0.616301,0.519015,0.363483
difficulty,2D_a1,369,369-197,0.241667,0.091667,0.216667,0.308333,0.266667,0.033333,0.375,0.404701,0.380429,0.939245,0.595592
difficulty,2D_a1,369,369-198,0.55,0.391667,0.408333,0.8,0.658333,0.066667,0.0,0.656071,0.5158,0.734374,0.599657
difficulty,2D_a1,369,369-199,0.2,0.2,0.058333,0.258333,0.225,0.033333,0.591667,0.33956,0.406905,1.204248,0.757232
difficulty,2D_a1,1024,1024-0,0.333333,0.391667,0.3,0.691667,0.566667,0.058333,0.033333,0.54281,0.509084,0.605853,0.467321
difficulty,2D_a1,1024,1024-1,0.366667,0.441667,0.333333,0.775,0.616667,0.058333,0.0,0.585769,0.486248,0.618558,0.563545
difficulty,2D_a1,1024,1024-2,0.0,0.0,0.0,0.0,0.0,0.566667,0.0,0.865065,0.290358,1.911645,0.410718
difficulty,2D_a1,1024,1024-3,0.416667,0.533333,0.391667,0.925,0.683333,0.025,0.0,0.597019,0.549023,0.565702,0.481544
difficulty,2D_a1,1024,1024-4,0.141667,0.0,0.55,0.55,0.141667,0.241667,0.0,0.787377,0.369254,1.385131,0.522061
difficulty,2D_a1,1024,1024-5,0.441667,0.308333,0.433333,0.741667,0.55,0.116667,0.0,0.680136,0.420719,0.866925,0.681085
difficulty,2D_a1,1024,1024-6,0.366667,0.433333,0.341667,0.775,0.6,0.075,0.016667,0.574721,0.513729,0.634765,0.545207
difficulty,2D_a1,1024,1024-7,0.358333,0.408333,0.241667,0.65,0.575,0.041667,0.066667,0.520038,0.474724,0.626984,0.425007
difficulty,2D_a1,1024,1024-8,0.358333,0.416667,0.341667,0.758333,0.616667,0.016667,0.025,0.541141,0.542442,0.54249,0.399058
difficulty,2D_a1,1024,1024-9,0.525,0.341667,0.466667,0.808333,0.6,0.091667,0.0,0.675887,0.418494,0.84124,0.677287
difficulty,2D_a1,1024,1024-10,0.141667,0.283333,0.175,0.458333,0.375,0.016667,0.366667,0.412137,0.4837,0.838282,0.542488
difficulty,2D_a1,1024,1024-11,0.341667,0.425,0.258333,0.683333,0.558333,0.033333,0.041667,0.525698,0.632849,0.572918,0.440414
difficulty,2D_a1,1024,1024-12,0.083333,0.0,0.591667,0.591667,0.083333,0.241667,0.0,0.787253,0.394116,1.383956,0.525185
difficulty,2D_a1,1024,1024-13,0.508333,0.208333,0.533333,0.741667,0.508333,0.166667,0.0,0.713325,0.414387,1.017341,0.702612
difficulty,2D_a1,1024,1024-14,0.466667,0.45,0.45,0.9,0.683333,0.025,0.0,0.626132,0.510136,0.634845,0.540216
difficulty,2D_a1,1024,1024-15,0.366667,0.441667,0.291667,0.733333,0.65,0.041667,0.016667,0.534312,0.581916,0.538765,0.447472
difficulty,2D_a1,1024,1024-16,0.283333,0.358333,0.125,0.483333,0.425,0.016667,0.2,0.46453,0.581053,0.697232,0.601986
difficulty,2D_a1,1024,1024-17,0.0,0.0,0.275,0.275,0.0,0.358333,0.0,0.83487,0.33026,1.686189,0.460686
difficulty,2D_a1,1024,1024-18,0.558333,0.375,0.475,0.85,0.625,0.075,0.0,0.661443,0.540803,0.753349,0.615836
difficulty,2D_a1,1024,1024-19,0.25,0.325,0.158333,0.483333,0.366667,0.008333,0.233333,0.46275,0.517461,0.710326,0.49234
difficulty,2D_a1,1024,1024-20,0.366667,0.383333,0.133333,0.516667,0.458333,0.008333,0.125,0.465291,0.577027,0.570733,0.356541
difficulty,2D_a1,1024,1024-21,0.358333,0.358333,0.291667,0.65,0.591667,0.066667,0.041667,0.538399,0.481182,0.629084,0.485489
difficulty,2D_a1,1024,1024-22,0.341667,0.4,0.308333,0.708333,0.608333,0.041667,0.058333,0.536631,0.531095,0.604544,0.460376
difficulty,2D_a1,1024,1024-23,0.541667,0.4,0.45,0.85,0.616667,0.075,0.0,0.658004,0.556814,0.730467,0.604466
difficulty,2D_a1,1024,1024-24,0.408333,0.066667,0.641667,0.708333,0.408333,0.158333,0.0,0.736691,0.471338,1.105439,0.568888
difficulty,2D_a1,1024,1024-25,0.375,0.458333,0.366667,0.825,0.591667,0.033333,0.0,0.583319,0.504133,0.574468,0.472458
difficulty,2D_a1,1024,1024-26,0.4,0.041667,0.666667,0.708333,0.4,0.15,0.0,0.732932,0.446198,1.080332,0.550245
difficulty,2D_a1,1024,1024-27,0.175,0.375,0.125,0.5,0.408333,0.008333,0.325,0.431205,0.525964,0.710643,0.498448
difficulty,2D_a1,1024,1024-28,0.575,0.433333,0.433333,0.866667,0.666667,0.05,0.0,0.64449,0.568455,0.667299,0.568435
difficulty,2D_a1,1024,1024-29,0.6,0.35,0.516667,0.866667,0.641667,0.066667,0.0,0.664451,0.551134,0.746424,0.562137
difficulty,2D_a1,1024,1024-30,0.433333,0.041667,0.691667,0.733333,0.433333,0.133333,0.0,0.734476,0.474842,1.085777,0.538509
difficulty,2D_a1,1024,1024-31,0.483333,0.141667,0.608333,0.75,0.483333,0.141667,0.0,0.721214,0.480806,1.048691,0.669545
difficulty,2D_a1,1024,1024-32,0.591667,0.166667,0.666667,0.833333,0.591667,0.083333,0.0,0.691216,0.570384,0.859816,0.517858
difficulty,2D_a1,1024,1024-33,0.183333,0.191667,0.066667,0.258333,0.25,0.033333,0.525,0.34982,0.412022,1.108566,0.721531
difficulty,2D_a1,1024,1024-34,0.341667,0.341667,0.3,0.641667,0.575,0.025,0.058333,0.515074,0.56564,0.562059,0.393358
difficulty,2D_a1,1024,1024-35,0.216667,0.158333,0.233333,0.391667,0.325,0.025,0.375,0.419039,0.361996,0.925366,0.638093
difficulty,2D_a1,1024,1024-36,0.366667,0.458333,0.341667,0.8,0.616667,0.041667,0.008333,0.570416,0.489666,0.581358,0.489662
difficulty,2D_a1,1024,1024-37,0.2,0.166667,0.108333,0.275,0.258333,0.016667,0.491667,0.356049,0.39276,1.041785,0.590171
difficulty,2D_a1,1024,1024-38,0.491667,0.183333,0.575,0.758333,0.491667,0.15,0.0,0.712987,0.455561,0.991025,0.61392
difficulty,2D_a1,1024,1024-39,0.325,0.416667,0.291667,0.708333,0.575,0.025,0.016667,0.536903,0.556578,0.562498,0.433553
difficulty,2D_a1,1024,1024-40,0.475,0.083333,0.641667,0.725,0.475,0.125,0.0,0.720662,0.43525,1.019674,0.570773
difficulty,2D_a1,1024,1024-41,0.35,0.383333,0.233333,0.616667,0.55,0.05,0.075,0.506126,0.526418,0.615388,0.432551
difficulty,2D_a1,1024,1024-42,0.375,0.45,0.325,0.775,0.633333,0.05,0.0,0.569303,0.587182,0.604212,0.555519
difficulty,2D_a1,1024,1024-43,0.516667,0.191667,0.55,0.741667,0.516667,0.125,0.0,0.70829,0.429127,0.962078,0.597369
difficulty,2D_a1,1024,1024-44,0.35,0.366667,0.191667,0.558333,0.425,0.016667,0.116667,0.500218,0.404431,0.649496,0.577407
difficulty,2D_a1,1024,1024-45,0.183333,0.15,0.108333,0.258333,0.25,0.016667,0.508333,0.333623,0.476911,1.047061,0.643471
difficulty,2D_a1,1024,1024-46,0.0,0.0,0.0,0.0,0.0,0.6,0.0,0.870574,0.268019,1.965361,0.421121
difficulty,2D_a1,1024,1024-47,0.191667,0.166667,0.191667,0.358333,0.291667,0.025,0.391667,0.39636,0.442221,0.935112,0.622169
difficulty,2D_a1,1024,1024-48,0.491667,0.341667,0.458333,0.8,0.608333,0.05,0.0,0.660456,0.443675,0.767183,0.590419
difficulty,2D_a1,1024,1024-49,0.5,0.216667,0.525,0.741667,0.5,0.133333,0.0,0.711996,0.479567,0.995131,0.648592
difficulty,2D_a1,1024,1024-50,0.55,0.408333,0.45,0.858333,0.633333,0.075,0.0,0.656322,0.536007,0.721492,0.582081
difficulty,2D_a1,1024,1024-51,0.208333,0.125,0.15,0.275,0.25,0.025,0.4,0.371656,0.423459,0.981663,0.645954
difficulty,2D_a1,1024,1024-52,0.591667,0.3,0.516667,0.816667,0.6,0.091667,0.0,0.679909,0.487606,0.831122,0.633451
difficulty,2D_a1,1024,1024-53,0.5,0.458333,0.425,0.883333,0.633333,0.033333,0.0,0.643441,0.482379,0.678986,0.575798
difficulty,2D_a1,1024,1024-54,0.508333,0.3,0.466667,0.766667,0.541667,0.133333,0.0,0.693334,0.475785,0.917624,0.699975
difficulty,2D_a1,1024,1024-55,0.191667,0.233333,0.066667,0.3,0.266667,0.016667,0.633333,0.322795,0.38968,1.14624,0.733524
difficulty,2D_a1,1024,1024-56,0.366667,0.5,0.358333,0.858333,0.625,0.025,0.0,0.57565,0.567581,0.570869,0.485904
difficulty,2D_a1,1024,1024-57,0.325,0.383333,0.25,0.633333,0.533333,0.033333,0.1,0.51538,0.502899,0.65751,0.484012
difficulty,2D_a1,1024,1024-58,0.116667,0.341667,0.191667,0.533333,0.416667,0.016667,0.333333,0.429283,0.42501,0.747668,0.559457
difficulty,2D_a1,1024,1024-59,0.375,0.508333,0.325,0.833333,0.625,0.033333,0.008333,0.568225,0.568807,0.571165,0.490963
difficulty,2D_a1,1024,1024-60,0.141667,0.266667,0.15,0.416667,0.341667,0.008333,0.408333,0.390425,0.509331,0.804667,0.461532
difficulty,2D_a1,1024,1024-61,0.425,0.475,0.375,0.85,0.633333,0.033333,0.0,0.601138,0.461928,0.611058,0.554738
difficulty,2D_a1,1024,1024-62,0.383333,0.358333,0.208333,0.566667,0.475,0.008333,0.116667,0.493425,0.445073,0.627715,0.564139
difficulty,2D_a1,1024,1024-63,0.366667,0.441667,0.341667,0.783333,0.641667,0.058333,0.008333,0.569953,0.455616,0.614316,0.50861
difficulty,2D_a1,1024,1024-64,0.383333,0.475,0.283333,0.758333,0.641667,0.025,0.008333,0.541671,0.619427,0.539008,0.441265
difficulty,2D_a1,1024,1024-65,0.183333,0.2,0.083333,0.283333,0.266667,0.025,0.525,0.345716,0.394583,1.082393,0.663856
difficulty,2D_a1,1024,1024-66,0.383333,0.466667,0.333333,0.8,0.666667,0.075,0.0,0.580285,0.557861,0.618263,0.577657
difficulty,2D_a1,1024,1024-67,0.55,0.4,0.433333,0.833333,0.658333,0.066667,0.0,0.648124,0.538834,0.700046,0.568666
difficulty,2D_a1,1024,1024-68,0.35,0.383333,0.241667,0.625,0.575,0.025,0.083333,0.503533,0.518369,0.588305,0.396058
difficulty,2D_a1,1024,1024-69,0.383333,0.525,0.358333,0.883333,0.666667,0.033333,0.0,0.583877,0.534216,0.561824,0.488368
difficulty,2D_a1,1024,1024-70,0.483333,0.433333,0.441667,0.875,0.675,0.05,0.0,0.622576,0.512052,0.641762,0.577279
difficulty,2D_a1,1024,1024-71,0.491667,0.525,0.4,0.925,0.733333,0.033333,0.0,0.601433,0.627462,0.537843,0.499733
difficulty,2D_a1,1024,1024-72,0.341667,0.366667,0.233333,0.6,0.541667,0.016667,0.1,0.503189,0.537529,0.608843,0.421335
difficulty,2D_a1,1024,1024-73,0.358333,0.458333,0.35,0.808333,0.616667,0.05,0.0,0.58389,0.53012,0.602476,0.535584
difficulty,2D_a1,1024,1024-74,0.383333,0.366667,0.291667,0.658333,0.591667,0.058333,0.033333,0.538884,0.530258,0.605954,0.467979
difficulty,2D_a1,1024,1024-75,0.45,0.533333,0.366667,0.9,0.725,0.033333,0.0,0.609144,0.558005,0.604933,0.537192
difficulty,2D_a1,1024,1024-76,0.0,0.0,0.125,0.125,0.0,0.291667,0.0,0.840435,0.334054,1.712364,0.406278
difficulty,2D_a1,1024,1024-77,0.408333,0.091667,0.608333,0.7,0.408333,0.175,0.0,0.735652,0.445892,1.116285,0.630893
difficulty,2D_a1,1024,1024-78,0.55,0.383333,0.441667,0.825,0.625,0.066667,0.0,0.659817,0.503768,0.74627,0.609461
difficulty,2D_a1,1024,1024-79,0.483333,0.383333,0.416667,0.8,0.633333,0.091667,0.0,0.653902,0.522048,0.745408,0.645433
difficulty,2D_a1,1024,1024-80,0.391667,0.458333,0.35,0.808333,0.608333,0.033333,0.0,0.580939,0.523347,0.615246,0.533844
difficulty,2D_a1,1024,1024-81,0.508333,0.408333,0.433333,0.841667,0.666667,0.05,0.0,0.637673,0.477533,0.700015,0.583425
difficulty,2D_a1,1024,1024-82,0.575,0.366667,0.483333,0.85,0.658333,0.041667,0.0,0.652216,0.53564,0.698097,0.556769
difficulty,2D_a1,1024,1024-83,0.491667,0.408333,0.383333,0.791667,0.658333,0.066667,0.0,0.644035,0.47444,0.743939,0.624731
difficulty,2D_a1,1024,1024-84,0.0,0.0,0.241667,0.241667,0.0,0.266667,0.0,0.833064,0.352493,1.653397,0.384755
difficulty,2D_a1,1024,1024-85,0.408333,0.333333,0.383333,0.716667,0.666667,0.033333,0.016667,0.539403,0.467051,0.568556,0.40695
difficulty,2D_a1,1024,1024-86,0.541667,0.316667,0.508333,0.825,0.608333,0.1,0.0,0.667826,0.540496,0.775661,0.592597
difficulty,2D_a1,1024,1024-87,0.366667,0.391667,0.225,0.616667,0.575,0.033333,0.091667,0.488231,0.632161,0.588658,0.406285
difficulty,2D_a1,1024,1024-88,0.541667,0.2,0.575,0.775,0.541667,0.141667,0.0,0.701601,0.484919,0.934607,0.620537
difficulty,2D_a1,1024,1024-89,0.383333,0.433333,0.333333,0.766667,0.6,0.058333,0.008333,0.567395,0.520534,0.618451,0.513167
difficulty,2D_a1,1024,1024-90,0.091667,0.325,0.191667,0.516667,0.366667,0.033333,0.325,0.441066,0.444224,0.856243,0.739034
difficulty,2D_a1,1024,1024-91,0.533333,0.4,0.441667,0.841667,0.641667,0.075,0.0,0.653901,0.547327,0.742252,0.597128
difficulty,2D_a1,1024,1024-92,0.441667,0.55,0.358333,0.908333,0.7,0.016667,0.0,0.585359,0.52442,0.541217,0.46
difficulty,2D_a1,1024,1024-93,0.166667,0.108333,0.133333,0.241667,0.225,0.008333,0.475,0.341268,0.515097,0.975279,0.589861
difficulty,2D_a1,1024,1024-94,0.416667,0.55,0.375,0.925,0.666667,0.016667,0.0,0.59955,0.545641,0.554358,0.478284
difficulty,2D_a1,1024,1024-95,0.466667,0.425,0.375,0.8,0.666667,0.066667,0.0,0.632054,0.542575,0.70322,0.60292
difficulty,2D_a1,1024,1024-96,0.533333,0.466667,0.433333,0.9,0.683333,0.033333,0.0,0.628814,0.552486,0.614102,0.51059
difficulty,2D_a1,1024,1024-97,0.45,0.483333,0.391667,0.875,0.675,0.033333,0.0,0.611897,0.531082,0.612936,0.513834
difficulty,2D_a1,1024,1024-98,0.108333,0.333333,0.175,0.508333,0.4,0.0,0.341667,0.416299,0.468484,0.722595,0.462313
difficulty,2D_a1,1024,1024-99,0.508333,0.133333,0.625,0.758333,0.508333,0.116667,0.0,0.713922,0.469903,0.983703,0.564223
difficulty,2D_a1,1024,1024-100,0.441667,0.516667,0.358333,0.875,0.691667,0.025,0.0,0.590242,0.562566,0.565896,0.496146
difficulty,2D_a1,1024,1024-101,0.35,0.375,0.341667,0.716667,0.641667,0.041667,0.016667,0.53672,0.515423,0.592372,0.475741
difficulty,2D_a1,1024,1024-102,0.35,0.425,0.333333,0.758333,0.633333,0.016667,0.0,0.537723,0.574667,0.535511,0.398248
difficulty,2D_a1,1024,1024-103,0.433333,0.441667,0.45,0.891667,0.616667,0.058333,0.0,0.628846,0.430059,0.690301,0.592218
difficulty,2D_a1,1024,1024-104,0.383333,0.458333,0.3,0.758333,0.65,0.05,0.0,0.547855,0.55681,0.566331,0.4771
difficulty,2D_a1,1024,1024-105,0.475,0.033333,0.741667,0.775,0.475,0.091667,0.0,0.724208,0.507173,1.016456,0.473023
difficulty,2D_a1,1024,1024-106,0.466667,0.45,0.391667,0.841667,0.683333,0.041667,0.0,0.622122,0.55545,0.656987,0.606513
difficulty,2D_a1,1024,1024-107,0.325,0.275,0.25,0.525,0.458333,0.008333,0.166667,0.482829,0.541554,0.644561,0.429465
difficulty,2D_a1,1024,1024-108,0.475,0.416667,0.425,0.841667,0.625,0.075,0.0,0.647505,0.43545,0.75445,0.633145
difficulty,2D_a1,1024,1024-109,0.325,0.375,0.216667,0.591667,0.5,0.025,0.125,0.500644,0.497847,0.649564,0.441002
difficulty,2D_a1,1024,1024-110,0.366667,0.425,0.358333,0.783333,0.566667,0.058333,0.0,0.584908,0.485389,0.630662,0.530838
difficulty,2D_a1,1024,1024-111,0.358333,0.441667,0.325,0.766667,0.591667,0.033333,0.008333,0.550092,0.608727,0.564538,0.458105
difficulty,2D_a1,1024,1024-112,0.375,0.416667,0.325,0.741667,0.633333,0.016667,0.016667,0.531969,0.54486,0.555175,0.376873
difficulty,2D_a1,1024,1024-113,0.483333,0.475,0.358333,0.833333,0.725,0.033333,0.0,0.6161,0.591375,0.627063,0.576902
difficulty,2D_a1,1024,1024-114,0.525,0.308333,0.5,0.808333,0.575,0.108333,0.0,0.675968,0.452384,0.816093,0.627687
difficulty,2D_a1,1024,1024-115,0.483333,0.425,0.45,0.875,0.641667,0.041667,0.0,0.642438,0.481607,0.703475,0.62372
difficulty,2D_a1,1024,1024-116,0.416667,0.041667,0.658333,0.7,0.416667,0.166667,0.0,0.741815,0.443761,1.127992,0.548855
difficulty,2D_a1,1024,1024-117,0.083333,0.0,0.583333,0.583333,0.083333,0.266667,0.0,0.792684,0.371698,1.421142,0.533682
difficulty,2D_a1,1024,1024-118,0.55,0.25,0.575,0.825,0.575,0.083333,0.0,0.685428,0.477643,0.839546,0.531782
difficulty,2D_a1,1024,1024-119,0.108333,0.266667,0.183333,0.45,0.341667,0.016667,0.391667,0.412114,0.467622,0.809318,0.491709
difficulty,2D_a1,1024,1024-120,0.5,0.466667,0.4,0.866667,0.708333,0.033333,0.0,0.627069,0.509861,0.645337,0.555415
difficulty,2D_a1,1024,1024-121,0.158333,0.241667,0.033333,0.275,0.266667,0.025,0.633333,0.309391,0.451049,1.20692,0.782917
difficulty,2D_a1,1024,1024-122,0.4,0.408333,0.425,0.833333,0.575,0.091667,0.0,0.633427,0.424638,0.766341,0.770779
difficulty,2D_a1,1024,1024-123,0.558333,0.366667,0.466667,0.833333,0.625,0.05,0.0,0.661467,0.514612,0.734037,0.571364
difficulty,2D_a1,1024,1024-124,0.375,0.408333,0.158333,0.566667,0.491667,0.008333,0.108333,0.496175,0.396483,0.60686,0.440953
difficulty,2D_a1,1024,1024-125,0.141667,0.25,0.15,0.4,0.308333,0.008333,0.408333,0.387252,0.494719,0.88415,0.49942
difficulty,2D_a1,1024,1024-126,0.35,0.35,0.166667,0.516667,0.45,0.025,0.1,0.516545,0.404494,0.651626,0.455805
difficulty,2D_a1,1024,1024-127,0.391667,0.433333,0.358333,0.791667,0.625,0.033333,0.008333,0.56756,0.479771,0.583953,0.464652
difficulty,2D_a1,1024,1024-128,0.458333,0.008333,0.758333,0.766667,0.458333,0.133333,0.0,0.727613,0.511033,1.033883,0.471531
difficulty,2D_a1,1024,1024-129,0.366667,0.341667,0.266667,0.608333,0.575,0.025,0.058333,0.514802,0.505866,0.59522,0.411678
difficulty,2D_a1,1024,1024-130,0.383333,0.033333,0.641667,0.675,0.383333,0.158333,0.0,0.746123,0.438465,1.154948,0.561592
difficulty,2D_a1,1024,1024-131,0.408333,0.55,0.308333,0.858333,0.7,0.008333,0.0,0.575433,0.6178,0.535635,0.467938
difficulty,2D_a1,1024,1024-132,0.558333,0.433333,0.425,0.858333,0.666667,0.025,0.0,0.645284,0.527961,0.672694,0.564559
difficulty,2D_a1,1024,1024-133,0.0,0.0,0.341667,0.341667,0.0,0.4,0.0,0.836573,0.290612,1.703877,0.473935
difficulty,2D_a1,1024,1024-134,0.35,0.391667,0.291667,0.683333,0.583333,0.033333,0.033333,0.539282,0.529747,0.602934,0.44343
difficulty,2D_a1,1024,1024-135,0.325,0.383333,0.308333,0.691667,0.575,0.041667,0.025,0.551122,0.507705,0.611114,0.490082
difficulty,2D_a1,1024,1024-136,0.225,0.0,0.675,0.675,0.225,0.208333,0.0,0.767477,0.425395,1.2739,0.559305
difficulty,2D_a1,1024,1024-137,0.341667,0.35,0.166667,0.516667,0.425,0.016667,0.158333,0.498446,0.442745,0.711105,0.602152
difficulty,2D_a1,1024,1024-138,0.0,0.0,0.183333,0.183333,0.0,0.416667,0.0,0.848347,0.297336,1.798046,0.488026
difficulty,2D_a1,1024,1024-139,0.508333,0.316667,0.475,0.791667,0.566667,0.091667,0.0,0.680034,0.455841,0.834855,0.628131
difficulty,2D_a1,1024,1024-140,0.483333,0.375,0.433333,0.808333,0.616667,0.091667,0.0,0.661331,0.516976,0.79218,0.681552
difficulty,2D_a1,1024,1024-141,0.591667,0.316667,0.533333,0.85,0.608333,0.1,0.0,0.676423,0.478546,0.809625,0.609909
difficulty,2D_a1,1024,1024-142,0.566667,0.291667,0.533333,0.825,0.566667,0.116667,0.0,0.693761,0.495682,0.905658,0.661473
difficulty,2D_a1,1024,1024-143,0.275,0.375,0.141667,0.516667,0.416667,0.0,0.2,0.459986,0.51462,0.639034,0.438367
difficulty,2D_a1,1024,1024-144,0.133333,0.341667,0.2,0.541667,0.433333,0.016667,0.366667,0.422001,0.407183,0.792567,0.458727
difficulty,2D_a1,1024,1024-145,0.383333,0.45,0.341667,0.791667,0.65,0.033333,0.0,0.553461,0.497848,0.559636,0.430072
difficulty,2D_a1,1024,1024-146,0.45,0.125,0.608333,0.733333,0.45,0.15,0.0,0.724195,0.448464,1.048955,0.608747
difficulty,2D_a1,1024,1024-147,0.383333,0.408333,0.308333,0.716667,0.608333,0.058333,0.016667,0.555882,0.550363,0.594387,0.51281
difficulty,2D_a1,1024,1024-148,0.375,0.425,0.325,0.75,0.625,0.025,0.016667,0.543666,0.542499,0.563246,0.435984
difficulty,2D_a1,1024,1024-149,0.216667,0.141667,0.2,0.341667,0.308333,0.033333,0.358333,0.418472,0.353203,0.913751,0.544752
difficulty,2D_a1,1024,1024-150,0.466667,0.475,0.391667,0.866667,0.716667,0.016667,0.0,0.60259,0.545335,0.580269,0.497426
difficulty,2D_a1,1024,1024-151,0.3,0.35,0.125,0.475,0.433333,0.008333,0.233333,0.446102,0.556125,0.666878,0.453029
difficulty,2D_a1,1024,1024-152,0.516667,0.441667,0.433333,0.875,0.658333,0.033333,0.0,0.638498,0.511747,0.659947,0.550339
difficulty,2D_a1,1024,1024-153,0.175,0.125,0.141667,0.266667,0.241667,0.016667,0.433333,0.361694,0.489066,1.000945,0.547607
difficulty,2D_a1,1024,1024-154,0.45,0.175,0.541667,0.716667,0.45,0.225,0.0,0.729239,0.419664,1.112104,0.733099
difficulty,2D_a1,1024,1024-155,0.566667,0.3,0.516667,0.816667,0.591667,0.083333,0.0,0.679513,0.473719,0.823667,0.589475
difficulty,2D_a1,1024,1024-156,0.283333,0.375,0.158333,0.533333,0.433333,0.008333,0.183333,0.47289,0.421476,0.651575,0.498463
difficulty,2D_a1,1024,1024-157,0.208333,0.375,0.141667,0.516667,0.425,0.0,0.308333,0.438177,0.495011,0.6655,0.458593
difficulty,2D_a1,1024,1024-158,0.383333,0.466667,0.3,0.766667,0.625,0.058333,0.0,0.56268,0.59373,0.618256,0.667341
difficulty,2D_a1,1024,1024-159,0.183333,0.125,0.175,0.3,0.266667,0.0,0.391667,0.363394,0.459936,0.881926,0.458139
difficulty,2D_a1,1024,1024-160,0.325,0.391667,0.2,0.591667,0.475,0.016667,0.116667,0.505652,0.473608,0.648842,0.571451
difficulty,2D_a1,1024,1024-161,0.191667,0.225,0.041667,0.266667,0.241667,0.025,0.675,0.319315,0.441438,1.167287,0.715292
difficulty,2D_a1,1024,1024-162,0.383333,0.35,0.3,0.65,0.583333,0.066667,0.058333,0.543569,0.433155,0.665371,0.606881
difficulty,2D_a1,1024,1024-163,0.558333,0.383333,0.466667,0.85,0.658333,0.083333,0.0,0.652714,0.538946,0.722912,0.577344
difficulty,2D_a1,1024,1024-164,0.183333,0.083333,0.166667,0.25,0.241667,0.016667,0.416667,0.362821,0.504776,0.989374,0.58759
difficulty,2D_a1,1024,1024-165,0.466667,0.408333,0.416667,0.825,0.633333,0.075,0.0,0.651232,0.485865,0.725344,0.605583
difficulty,2D_a1,1024,1024-166,0.325,0.416667,0.308333,0.725,0.6,0.033333,0.041667,0.527479,0.623265,0.565844,0.43981
difficulty,2D_a1,1024,1024-167,0.333333,0.366667,0.283333,0.65,0.575,0.041667,0.05,0.518348,0.621341,0.58523,0.444561
difficulty,2D_a1,1024,1024-168,0.483333,0.475,0.383333,0.858333,0.666667,0.041667,0.0,0.615518,0.513387,0.613097,0.551663
difficulty,2D_a1,1024,1024-169,0.55,0.283333,0.525,0.808333,0.575,0.075,0.0,0.679516,0.523245,0.82276,0.59459
difficulty,2D_a1,1024,1024-170,0.208333,0.25,0.066667,0.316667,0.266667,0.016667,0.591667,0.344719,0.36789,1.062026,0.655732
difficulty,2D_a1,1024,1024-171,0.133333,0.216667,0.033333,0.25,0.233333,0.025,0.658333,0.301442,0.427652,1.21285,0.757529
difficulty,2D_a1,1024,1024-172,0.391667,0.391667,0.4,0.791667,0.666667,0.083333,0.008333,0.590295,0.389895,0.634156,0.548115
difficulty,2D_a1,1024,1024-173,0.333333,0.341667,0.308333,0.65,0.566667,0.025,0.091667,0.512875,0.526233,0.616185,0.425746
difficulty,2D_a1,1024,1024-174,0.191667,0.175,0.166667,0.341667,0.291667,0.025,0.383333,0.392783,0.420482,0.890544,0.5527
difficulty,2D_a1,1024,1024-175,0.333333,0.35,0.358333,0.708333,0.608333,0.041667,0.041667,0.537226,0.510869,0.622079,0.603023
difficulty,2D_a1,1024,1024-176,0.416667,0.4,0.383333,0.783333,0.591667,0.05,0.0,0.621004,0.49519,0.683644,0.561166
difficulty,2D_a1,1024,1024-177,0.341667,0.416667,0.316667,0.733333,0.525,0.066667,0.025,0.576684,0.53549,0.664376,0.559161
difficulty,2D_a1,1024,1024-178,0.466667,0.483333,0.383333,0.866667,0.65,0.041667,0.0,0.625114,0.470274,0.643726,0.565817
difficulty,2D_a1,1024,1024-179,0.358333,0.425,0.325,0.75,0.6,0.025,0.016667,0.541214,0.545185,0.528897,0.417662
difficulty,2D_a1,1024,1024-180,0.333333,0.4,0.141667,0.541667,0.483333,0.016667,0.083333,0.513571,0.442933,0.65794,0.468077
difficulty,2D_a1,1024,1024-181,0.166667,0.333333,0.1,0.433333,0.375,0.0,0.408333,0.395294,0.697074,0.751722,0.477062
difficulty,2D_a1,1024,1024-182,0.341667,0.383333,0.283333,0.666667,0.6,0.025,0.1,0.510379,0.500234,0.637985,0.456288
difficulty,2D_a1,1024,1024-183,0.383333,0.408333,0.383333,0.791667,0.541667,0.05,0.0,0.605546,0.483957,0.671758,0.536927
difficulty,2D_a1,1024,1024-184,0.45,0.441667,0.366667,0.808333,0.616667,0.091667,0.0,0.642398,0.42475,0.753428,0.682725
difficulty,2D_a1,1024,1024-185,0.383333,0.425,0.375,0.8,0.6,0.05,0.0,0.577306,0.467461,0.616064,0.503734
difficulty,2D_a1,1024,1024-186,0.158333,0.35,0.175,0.525,0.383333,0.025,0.291667,0.454149,0.462879,0.743233,0.611886
difficulty,2D_a1,1024,1024-187,0.108333,0.0,0.55,0.55,0.108333,0.283333,0.0,0.790825,0.365745,1.414328,0.549011
difficulty,2D_a1,1024,1024-188,0.375,0.475,0.333333,0.808333,0.641667,0.016667,0.016667,0.55826,0.566639,0.542132,0.450427
difficulty,2D_a1,1024,1024-189,0.3,0.416667,0.108333,0.525,0.458333,0.016667,0.183333,0.461699,0.489722,0.643877,0.569898
difficulty,2D_a1,1024,1024-190,0.566667,0.316667,0.483333,0.8,0.575,0.116667,0.0,0.687656,0.475975,0.86578,0.622863
difficulty,2D_a1,1024,1024-191,0.316667,0.366667,0.133333,0.5,0.466667,0.016667,0.191667,0.461506,0.586609,0.650949,0.560582
difficulty,2D_a1,1024,1024-192,0.358333,0.375,0.258333,0.633333,0.6,0.041667,0.058333,0.514646,0.54615,0.596513,0.419022
difficulty,2D_a1,1024,1024-193,0.283333,0.0,0.7,0.7,0.283333,0.208333,0.0,0.760849,0.413689,1.224987,0.513235
difficulty,2D_a1,1024,1024-194,0.3,0.383333,0.1,0.483333,0.433333,0.025,0.133333,0.481913,0.508143,0.666634,0.489504
difficulty,2D_a1,1024,1024-195,0.283333,0.316667,0.158333,0.475,0.383333,0.016667,0.225,0.462471,0.52659,0.696756,0.486931
difficulty,2D_a1,1024,1024-196,0.508333,0.241667,0.55,0.791667,0.508333,0.141667,0.0,0.698439,0.469804,0.914168,0.603307
difficulty,2D_a1,1024,1024-197,0.283333,0.325,0.166667,0.491667,0.416667,0.016667,0.216667,0.481674,0.435902,0.689815,0.518166
difficulty,2D_a1,1024,1024-198,0.325,0.416667,0.291667,0.708333,0.575,0.033333,0.025,0.5298,0.621139,0.58062,0.45013
difficulty,2D_a1,1024,1024-199,0.383333,0.508333,0.358333,0.866667,0.608333,0.05,0.0,0.611225,0.463492,0.640054,0.549923
difficulty,2D_a1,2026,2026-0,0.333333,0.333333,0.208333,0.541667,0.5,0.016667,0.125,0.477631,0.570206,0.612312,0.39385
difficulty,2D_a1,2026,2026-1,0.466667,0.441667,0.4,0.841667,0.675,0.033333,0.0,0.61806,0.549482,0.632543,0.555342
difficulty,2D_a1,2026,2026-2,0.191667,0.091667,0.175,0.266667,0.266667,0.033333,0.491667,0.354666,0.450662,1.090911,0.717425
difficulty,2D_a1,2026,2026-3,0.225,0.0,0.675,0.675,0.225,0.191667,0.0,0.763592,0.429442,1.23477,0.490622
difficulty,2D_a1,2026,2026-4,0.591667,0.316667,0.483333,0.8,0.65,0.05,0.0,0.668007,0.52993,0.768689,0.543825
difficulty,2D_a1,2026,2026-5,0.366667,0.425,0.325,0.75,0.625,0.041667,0.05,0.550639,0.551558,0.573851,0.477038
difficulty,2D_a1,2026,2026-6,0.375,0.433333,0.283333,0.716667,0.616667,0.033333,0.033333,0.528268,0.619183,0.535548,0.408428
difficulty,2D_a1,2026,2026-7,0.475,0.425,0.391667,0.816667,0.641667,0.041667,0.0,0.642834,0.473771,0.697628,0.615597
difficulty,2D_a1,2026,2026-8,0.4,0.433333,0.325,0.758333,0.666667,0.041667,0.0,0.544451,0.567834,0.538395,0.422604
difficulty,2D_a1,2026,2026-9,0.358333,0.416667,0.3,0.716667,0.558333,0.033333,0.025,0.560547,0.575624,0.612929,0.50776
difficulty,2D_a1,2026,2026-10,0.566667,0.308333,0.5,0.808333,0.583333,0.108333,0.0,0.679335,0.515187,0.812762,0.570224
difficulty,2D_a1,2026,2026-11,0.541667,0.383333,0.433333,0.816667,0.608333,0.091667,0.0,0.659808,0.517584,0.745307,0.63779
difficulty,2D_a1,2026,2026-12,0.375,0.458333,0.383333,0.841667,0.608333,0.05,0.0,0.59195,0.505223,0.624394,0.536448
difficulty,2D_a1,2026,2026-13,0.391667,0.491667,0.35,0.841667,0.666667,0.033333,0.0,0.570815,0.558302,0.544324,0.484258
difficulty,2D_a1,2026,2026-14,0.45,0.408333,0.391667,0.8,0.616667,0.066667,0.0,0.621635,0.524667,0.70067,0.601473
difficulty,2D_a1,2026,2026-15,0.341667,0.358333,0.216667,0.575,0.525,0.016667,0.1,0.493635,0.604405,0.578091,0.367072
difficulty,2D_a1,2026,2026-16,0.341667,0.4,0.291667,0.691667,0.625,0.075,0.033333,0.547805,0.506456,0.619546,0.552226
difficulty,2D_a1,2026,2026-17,0.541667,0.341667,0.458333,0.8,0.608333,0.083333,0.0,0.665885,0.501495,0.771281,0.645588
difficulty,2D_a1,2026,2026-18,0.375,0.441667,0.4,0.841667,0.591667,0.041667,0.0,0.597491,0.439913,0.613272,0.509683
difficulty,2D_a1,2026,2026-19,0.166667,0.341667,0.125,0.466667,0.391667,0.008333,0.375,0.400206,0.553826,0.747258,0.502157
difficulty,2D_a1,2026,2026-20,0.341667,0.366667,0.291667,0.658333,0.591667,0.041667,0.066667,0.512286,0.601206,0.56256,0.434476
difficulty,2D_a1,2026,2026-21,0.5,0.258333,0.5,0.758333,0.533333,0.158333,0.0,0.69278,0.446512,0.893491,0.610652
difficulty,2D_a1,2026,2026-22,0.35,0.408333,0.308333,0.716667,0.55,0.05,0.033333,0.560141,0.591168,0.638318,0.528954
difficulty,2D_a1,2026,2026-23,0.383333,0.516667,0.3,0.816667,0.683333,0.008333,0.0,0.539503,0.673591,0.489542,0.377572
difficulty,2D_a1,2026,2026-24,0.508333,0.275,0.5,0.775,0.558333,0.066667,0.0,0.682643,0.460962,0.830055,0.550932
difficulty,2D_a1,2026,2026-25,0.0,0.0,0.516667,0.516667,0.0,0.266667,0.0,0.810901,0.37289,1.517002,0.454174
difficulty,2D_a1,2026,2026-26,0.375,0.383333,0.191667,0.575,0.525,0.033333,0.083333,0.502423,0.512447,0.6038,0.426555
difficulty,2D_a1,2026,2026-27,0.291667,0.0,0.716667,0.716667,0.291667,0.191667,0.0,0.756211,0.436582,1.194954,0.502509
difficulty,2D_a1,2026,2026-28,0.191667,0.35,0.158333,0.508333,0.408333,0.008333,0.3,0.429638,0.530782,0.707151,0.481213
difficulty,2D_a1,2026,2026-29,0.458333,0.516667,0.366667,0.883333,0.65,0.016667,0.0,0.609444,0.546736,0.595085,0.524906
difficulty,2D_a1,2026,2026-30,0.233333,0.366667,0.166667,0.533333,0.458333,0.0,0.308333,0.441639,0.481684,0.640364,0.43695
difficulty,2D_a1,2026,2026-31,0.266667,0.0,0.666667,0.666667,0.266667,0.216667,0.0,0.768122,0.399526,1.279302,0.563595
difficulty,2D_a1,2026,2026-32,0.516667,0.2,0.575,0.775,0.516667,0.125,0.0,0.706783,0.451064,0.959723,0.617419
difficulty,2D_a1,2026,2026-33,0.333333,0.05,0.6,0.65,0.333333,0.225,0.0,0.755923,0.379308,1.221937,0.606088
difficulty,2D_a1,2026,2026-34,0.358333,0.35,0.141667,0.491667,0.433333,0.025,0.15,0.490548,0.451713,0.640341,0.484807
difficulty,2D_a1,2026,2026-35,0.566667,0.35,0.491667,0.841667,0.6,0.083333,0.0,0.6711,0.532153,0.780757,0.57225
difficulty,2D_a1,2026,2026-36,0.383333,0.383333,0.341667,0.725,0.658333,0.025,0.033333,0.522238,0.514053,0.570479,0.390073
difficulty,2D_a1,2026,2026-37,0.366667,0.408333,0.275,0.683333,0.608333,0.041667,0.066667,0.520407,0.584705,0.583554,0.43938
difficulty,2D_a1,2026,2026-38,0.533333,0.425,0.45,0.875,0.675,0.058333,0.0,0.641003,0.590488,0.67309,0.571413
difficulty,2D_a1,2026,2026-39,0.475,0.175,0.591667,0.766667,0.475,0.15,0.0,0.70938,0.465467,0.966395,0.589644
difficulty,2D_a1,2026,2026-40,0.466667,0.425,0.391667,0.816667,0.658333,0.083333,0.0,0.63332,0.494409,0.738685,0.672363
difficulty,2D_a1,2026,2026-41,0.35,0.383333,0.258333,0.641667,0.575,0.008333,0.066667,0.516365,0.51992,0.608124,0.416443
difficulty,2D_a1,2026,2026-42,0.3,0.383333,0.166667,0.55,0.466667,0.025,0.116667,0.500539,0.497864,0.678805,0.469146
difficulty,2D_a1,2026,2026-43,0.208333,0.0,0.608333,0.608333,0.208333,0.241667,0.0,0.774341,0.409795,1.313715,0.550952
difficulty,2D_a1,2026,2026-44,0.541667,0.366667,0.491667,0.858333,0.608333,0.066667,0.0,0.660549,0.540119,0.735531,0.565391
difficulty,2D_a1,2026,2026-45,0.608333,0.35,0.491667,0.841667,0.608333,0.091667,0.0,0.671618,0.552157,0.775756,0.571508
difficulty,2D_a1,2026,2026-46,0.0,0.0,0.066667,0.066667,0.0,0.458333,0.0,0.857664,0.270747,1.872388,0.483626
difficulty,2D_a1,2026,2026-47,0.358333,0.333333,0.175,0.508333,0.483333,0.016667,0.158333,0.473352,0.573948,0.611938,0.399675
difficulty,2D_a1,2026,2026-48,0.0,0.0,0.0,0.0,0.0,0.85,0.0,0.873244,0.284123,1.97029,0.352931
difficulty,2D_a1,2026,2026-49,0.0,0.0,0.0,0.0,0.0,1.0,0.0,0.923835,0.167498,2.551022,0.398825
difficulty,2D_a1,2026,2026-50,0.041667,0.0,0.558333,0.558333,0.041667,0.241667,0.0,0.795831,0.365856,1.426635,0.481885
difficulty,2D_a1,2026,2026-51,0.458333,0.183333,0.575,0.758333,0.458333,0.141667,0.0,0.710204,0.434634,0.969598,0.587272
difficulty,2D_a1,2026,2026-52,0.35,0.383333,0.225,0.608333,0.541667,0.016667,0.083333,0.504337,0.522093,0.578718,0.378062
difficulty,2D_a1,2026,2026-53,0.533333,0.108333,0.666667,0.775,0.533333,0.1,0.0,0.708457,0.512982,0.949023,0.533696
difficulty,2D_a1,2026,2026-54,0.358333,0.416667,0.283333,0.7,0.575,0.025,0.033333,0.524821,0.572576,0.571162,0.435159
difficulty,2D_a1,2026,2026-55,0.425,0.458333,0.383333,0.841667,0.608333,0.05,0.0,0.607869,0.472252,0.655111,0.565554
difficulty,2D_a1,2026,2026-56,0.333333,0.433333,0.3,0.733333,0.55,0.033333,0.025,0.536948,0.641962,0.583644,0.437774
difficulty,2D_a1,2026,2026-57,0.491667,0.441667,0.433333,0.875,0.675,0.025,0.0,0.63109,0.51244,0.66617,0.543974
difficulty,2D_a1,2026,2026-58,0.358333,0.0,0.658333,0.658333,0.358333,0.175,0.0,0.757884,0.42196,1.228449,0.592085
difficulty,2D_a1,2026,2026-59,0.375,0.425,0.316667,0.741667,0.666667,0.016667,0.033333,0.520262,0.499089,0.566205,0.373794
difficulty,2D_a1,2026,2026-60,0.308333,0.325,0.133333,0.458333,0.433333,0.0,0.25,0.43675,0.654395,0.673889,0.447333
difficulty,2D_a1,2026,2026-61,0.275,0.283333,0.15,0.433333,0.366667,0.016667,0.233333,0.453923,0.598231,0.748245,0.571391
difficulty,2D_a1,2026,2026-62,0.333333,0.366667,0.15,0.516667,0.425,0.016667,0.15,0.472664,0.472406,0.65293,0.557128
difficulty,2D_a1,2026,2026-63,0.116667,0.333333,0.166667,0.5,0.366667,0.016667,0.375,0.415825,0.437159,0.791824,0.493447
difficulty,2D_a1,2026,2026-64,0.291667,0.358333,0.133333,0.491667,0.441667,0.008333,0.241667,0.458002,0.596134,0.661154,0.425426
difficulty,2D_a1,2026,2026-65,0.3,0.0,0.7,0.7,0.3,0.191667,0.0,0.757855,0.41092,1.199523,0.478348
difficulty,2D_a1,2026,2026-66,0.308333,0.316667,0.241667,0.558333,0.533333,0.041667,0.108333,0.497043,0.63569,0.633554,0.448223
difficulty,2D_a1,2026,2026-67,0.458333,0.483333,0.391667,0.875,0.633333,0.05,0.0,0.631548,0.497528,0.661925,0.602183
difficulty,2D_a1,2026,2026-68,0.15,0.316667,0.166667,0.483333,0.366667,0.008333,0.341667,0.425952,0.55432,0.749785,0.492009
difficulty,2D_a1,2026,2026-69,0.508333,0.5,0.4,0.9,0.708333,0.033333,0.0,0.608971,0.533858,0.585727,0.51933
difficulty,2D_a1,2026,2026-70,0.2,0.1,0.15,0.25,0.225,0.025,0.408333,0.381138,0.432214,0.964666,0.647876
difficulty,2D_a1,2026,2026-71,0.308333,0.366667,0.175,0.541667,0.483333,0.033333,0.116667,0.488621,0.580881,0.617429,0.420842
difficulty,2D_a1,2026,2026-72,0.0,0.0,0.058333,0.058333,0.0,0.575,0.0,0.868266,0.249774,1.975126,0.518307
difficulty,2D_a1,2026,2026-73,0.35,0.383333,0.275,0.658333,0.608333,0.033333,0.058333,0.511174,0.538233,0.57711,0.396079
difficulty,2D_a1,2026,2026-74,0.366667,0.016667,0.65,0.666667,0.366667,0.158333,0.0,0.751366,0.380117,1.185905,0.567188
difficulty,2D_a1,2026,2026-75,0.5,0.408333,0.4,0.808333,0.65,0.058333,0.0,0.650255,0.521931,0.714212,0.599758
difficulty,2D_a1,2026,2026-76,0.375,0.475,0.341667,0.816667,0.641667,0.0,0.008333,0.555182,0.586758,0.510458,0.40432
difficulty,2D_a1,2026,2026-77,0.333333,0.341667,0.233333,0.575,0.516667,0.025,0.141667,0.489137,0.598841,0.610949,0.416672
difficulty,2D_a1,2026,2026-78,0.316667,0.0,0.658333,0.658333,0.316667,0.233333,0.0,0.767788,0.375725,1.277347,0.556743
difficulty,2D_a1,2026,2026-79,0.375,0.475,0.333333,0.808333,0.591667,0.025,0.0,0.558114,0.586212,0.554739,0.44332
difficulty,2D_a1,2026,2026-80,0.116667,0.0,0.625,0.625,0.116667,0.241667,0.0,0.784473,0.393002,1.367378,0.524875
difficulty,2D_a1,2026,2026-81,0.341667,0.35,0.216667,0.566667,0.516667,0.016667,0.116667,0.503073,0.52379,0.620862,0.427826
difficulty,2D_a1,2026,2026-82,0.425,0.5,0.4,0.9,0.65,0.041667,0.0,0.603819,0.503244,0.597966,0.522041
difficulty,2D_a1,2026,2026-83,0.466667,0.366667,0.433333,0.8,0.6,0.083333,0.0,0.661106,0.494695,0.78052,0.640188
difficulty,2D_a1,2026,2026-84,0.525,0.466667,0.4,0.866667,0.691667,0.075,0.0,0.638925,0.536755,0.688131,0.629784
difficulty,2D_a1,2026,2026-85,0.2,0.375,0.125,0.5,0.408333,0.0,0.333333,0.411534,0.562438,0.676498,0.453384
difficulty,2D_a1,2026,2026-86,0.316667,0.358333,0.25,0.608333,0.566667,0.033333,0.058333,0.549508,0.387208,0.69193,0.509283
difficulty,2D_a1,2026,2026-87,0.425,0.45,0.391667,0.841667,0.65,0.05,0.0,0.588731,0.430754,0.580026,0.494462
difficulty,2D_a1,2026,2026-88,0.333333,0.35,0.166667,0.516667,0.441667,0.025,0.141667,0.492743,0.483109,0.676568,0.564492
difficulty,2D_a1,2026,2026-89,0.575,0.308333,0.516667,0.825,0.6,0.058333,0.0,0.673292,0.515298,0.789774,0.591446
difficulty,2D_a1,2026,2026-90,0.591667,0.333333,0.483333,0.816667,0.633333,0.066667,0.0,0.666787,0.504487,0.75696,0.559304
difficulty,2D_a1,2026,2026-91,0.191667,0.158333,0.125,0.283333,0.258333,0.025,0.525,0.350674,0.444625,1.077532,0.647592
difficulty,2D_a1,2026,2026-92,0.183333,0.133333,0.125,0.258333,0.233333,0.016667,0.466667,0.346009,0.535278,0.980926,0.530649
difficulty,2D_a1,2026,2026-93,0.133333,0.333333,0.166667,0.5,0.358333,0.016667,0.341667,0.437949,0.477986,0.772482,0.604452
difficulty,2D_a1,2026,2026-94,0.458333,0.458333,0.4,0.858333,0.683333,0.041667,0.0,0.618747,0.49516,0.658476,0.562333
difficulty,2D_a1,2026,2026-95,0.0,0.0,0.333333,0.333333,0.0,0.283333,0.0,0.828239,0.356232,1.630078,0.432924
difficulty,2D_a1,2026,2026-96,0.391667,0.391667,0.316667,0.708333,0.6,0.058333,0.025,0.560156,0.486493,0.627591,0.520897
difficulty,2D_a1,2026,2026-97,0.475,0.491667,0.391667,0.883333,0.675,0.033333,0.0,0.621482,0.537645,0.623446,0.563787
difficulty,2D_a1,2026,2026-98,0.266667,0.366667,0.108333,0.475,0.4,0.0,0.233333,0.441994,0.575902,0.671229,0.455654
difficulty,2D_a1,2026,2026-99,0.225,0.333333,0.15,0.483333,0.416667,0.016667,0.241667,0.464016,0.498371,0.695823,0.494522
difficulty,2D_a1,2026,2026-100,0.216667,0.208333,0.1,0.308333,0.258333,0.033333,0.516667,0.371886,0.343844,1.090021,0.728668
difficulty,2D_a1,2026,2026-101,0.408333,0.45,0.4,0.85,0.641667,0.025,0.0,0.587076,0.542173,0.584258,0.504875
difficulty,2D_a1,2026,2026-102,0.458333,0.141667,0.616667,0.758333,0.458333,0.133333,0.0,0.720971,0.435894,1.016292,0.54904
difficulty,2D_a1,2026,2026-103,0.375,0.425,0.3,0.725,0.65,0.016667,0.025,0.520615,0.611234,0.510128,0.368096
difficulty,2D_a1,2026,2026-104,0.258333,0.0,0.6,0.6,0.258333,0.25,0.0,0.775108,0.39796,1.347576,0.660932
difficulty,2D_a1,2026,2026-105,0.441667,0.45,0.4,0.85,0.65,0.058333,0.0,0.616529,0.548649,0.659049,0.628521
difficulty,2D_a1,2026,2026-106,0.383333,0.466667,0.366667,0.833333,0.583333,0.041667,0.0,0.596841,0.515513,0.639803,0.543724
difficulty,2D_a1,2026,2026-107,0.558333,0.366667,0.475,0.841667,0.658333,0.058333,0.0,0.655483,0.515989,0.718716,0.584797
difficulty,2D_a1,2026,2026-108,0.533333,0.325,0.433333,0.758333,0.6,0.05,0.0,0.674506,0.437173,0.819278,0.636157
difficulty,2D_a1,2026,2026-109,0.45,0.033333,0.691667,0.725,0.45,0.15,0.0,0.734627,0.46584,1.095423,0.575722
difficulty,2D_a1,2026,2026-110,0.391667,0.3,0.275,0.575,0.516667,0.0,0.141667,0.482755,0.538237,0.588548,0.360178
difficulty,2D_a1,2026,2026-111,0.158333,0.216667,0.05,0.266667,0.241667,0.016667,0.666667,0.305649,0.373188,1.184228,0.73893
difficulty,2D_a1,2026,2026-112,0.458333,0.5,0.375,0.875,0.683333,0.025,0.0,0.60945,0.523193,0.613019,0.539415
difficulty,2D_a1,2026,2026-113,0.383333,0.4,0.233333,0.633333,0.575,0.033333,0.066667,0.514147,0.496923,0.583001,0.402405
difficulty,2D_a1,2026,2026-114,0.391667,0.491667,0.358333,0.85,0.675,0.008333,0.0,0.570048,0.621749,0.544873,0.452215
difficulty,2D_a1,2026,2026-115,0.008333,0.0,0.541667,0.541667,0.008333,0.283333,0.0,0.805445,0.347998,1.509316,0.562494
difficulty,2D_a1,2026,2026-116,0.241667,0.375,0.141667,0.516667,0.441667,0.0,0.225,0.450878,0.494629,0.652532,0.452122
difficulty,2D_a1,2026,2026-117,0.591667,0.291667,0.55,0.841667,0.633333,0.058333,0.0,0.670536,0.576582,0.773838,0.568409
difficulty,2D_a1,2026,2026-118,0.45,0.091667,0.641667,0.733333,0.45,0.15,0.0,0.722388,0.436986,1.031615,0.579111
difficulty,2D_a1,2026,2026-119,0.541667,0.425,0.416667,0.841667,0.675,0.058333,0.0,0.643624,0.552594,0.691483,0.583634
difficulty,2D_a1,2026,2026-120,0.408333,0.016667,0.7,0.716667,0.408333,0.133333,0.0,0.739136,0.427802,1.112532,0.544605
difficulty,2D_a1,2026,2026-121,0.366667,0.391667,0.316667,0.708333,0.616667,0.041667,0.058333,0.538269,0.522107,0.612011,0.465948
difficulty,2D_a1,2026,2026-122,0.325,0.35,0.208333,0.558333,0.525,0.008333,0.125,0.469573,0.646875,0.558472,0.333069
difficulty,2D_a1,2026,2026-123,0.483333,0.091667,0.65,0.741667,0.483333,0.125,0.0,0.723088,0.46855,1.032429,0.570389
difficulty,2D_a1,2026,2026-124,0.508333,0.225,0.533333,0.758333,0.516667,0.133333,0.0,0.703012,0.431488,0.952292,0.66254
difficulty,2D_a1,2026,2026-125,0.233333,0.0,0.683333,0.683333,0.233333,0.208333,0.0,0.76499,0.434166,1.274485,0.616922
difficulty,2D_a1,2026,2026-126,0.466667,0.4,0.425,0.825,0.625,0.041667,0.0,0.641289,0.441003,0.711623,0.576276
difficulty,2D_a1,2026,2026-127,0.058333,0.0,0.641667,0.641667,0.058333,0.208333,0.0,0.784567,0.425204,1.360227,0.499266
difficulty,2D_a1,2026,2026-128,0.35,0.425,0.333333,0.758333,0.608333,0.041667,0.025,0.558229,0.541937,0.590229,0.496799
difficulty,2D_a1,2026,2026-129,0.233333,0.358333,0.125,0.483333,0.416667,0.008333,0.225,0.438367,0.554885,0.651209,0.436099
difficulty,2D_a1,2026,2026-130,0.208333,0.208333,0.066667,0.275,0.258333,0.016667,0.616667,0.349377,0.337866,1.100694,0.654537
difficulty,2D_a1,2026,2026-131,0.191667,0.375,0.125,0.5,0.416667,0.016667,0.241667,0.439939,0.542017,0.66514,0.486147
difficulty,2D_a1,2026,2026-132,0.491667,0.166667,0.6,0.766667,0.491667,0.133333,0.0,0.709682,0.421375,0.956838,0.543596
difficulty,2D_a1,2026,2026-133,0.15,0.291667,0.166667,0.458333,0.366667,0.025,0.358333,0.418444,0.418084,0.775971,0.493461
difficulty,2D_a1,2026,2026-134,0.391667,0.35,0.366667,0.716667,0.625,0.033333,0.008333,0.551798,0.452687,0.587052,0.44365
difficulty,2D_a1,2026,2026-135,0.0,0.0,0.166667,0.166667,0.0,0.325,0.0,0.838762,0.326587,1.700716,0.406217
difficulty,2D_a1,2026,2026-136,0.491667,0.208333,0.558333,0.766667,0.491667,0.175,0.0,0.713034,0.437959,1.005071,0.664382
difficulty,2D_a1,2026,2026-137,0.0,0.0,0.5,0.5,0.0,0.308333,0.0,0.815245,0.344138,1.562023,0.510596
difficulty,2D_a1,2026,2026-138,0.316667,0.333333,0.133333,0.466667,0.425,0.008333,0.225,0.454582,0.562792,0.661901,0.460148
difficulty,2D_a1,2026,2026-139,0.1,0.208333,0.033333,0.241667,0.208333,0.016667,0.666667,0.276134,0.397512,1.323168,0.811845
difficulty,2D_a1,2026,2026-140,0.133333,0.0,0.625,0.625,0.133333,0.241667,0.0,0.780513,0.410195,1.354125,0.568282
difficulty,2D_a1,2026,2026-141,0.133333,0.308333,0.15,0.458333,0.366667,0.008333,0.383333,0.403019,0.502496,0.775099,0.476912
difficulty,2D_a1,2026,2026-142,0.458333,0.533333,0.375,0.908333,0.708333,0.025,0.0,0.595596,0.548641,0.563817,0.507784
difficulty,2D_a1,2026,2026-143,0.433333,0.425,0.383333,0.808333,0.625,0.066667,0.0,0.628202,0.522147,0.718599,0.686333
difficulty,2D_a1,2026,2026-144,0.341667,0.383333,0.166667,0.55,0.45,0.008333,0.141667,0.497714,0.405589,0.632541,0.478807
difficulty,2D_a1,2026,2026-145,0.091667,0.0,0.541667,0.541667,0.091667,0.291667,0.0,0.799386,0.34444,1.485263,0.608806
difficulty,2D_a1,2026,2026-146,0.191667,0.0,0.691667,0.691667,0.191667,0.183333,0.0,0.77282,0.449797,1.283924,0.47243
difficulty,2D_a1,2026,2026-147,0.583333,0.433333,0.441667,0.875,0.658333,0.05,0.0,0.645082,0.588426,0.663833,0.559299
difficulty,2D_a1,2026,2026-148,0.425,0.475,0.375,0.85,0.641667,0.041667,0.0,0.595388,0.506069,0.614576,0.532261
difficulty,2D_a1,2026,2026-149,0.475,0.491667,0.391667,0.883333,0.725,0.033333,0.0,0.605762,0.573938,0.587246,0.515385
difficulty,2D_a1,2026,2026-150,0.258333,0.358333,0.133333,0.491667,0.416667,0.0,0.25,0.437189,0.588606,0.682496,0.473058
difficulty,2D_a1,2026,2026-151,0.341667,0.45,0.308333,0.758333,0.6,0.033333,0.033333,0.54629,0.587248,0.538406,0.461013
difficulty,2D_a1,2026,2026-152,0.341667,0.45,0.391667,0.841667,0.55,0.058333,0.0,0.603574,0.446513,0.648999,0.535592
difficulty,2D_a1,2026,2026-153,0.308333,0.333333,0.183333,0.516667,0.458333,0.016667,0.158333,0.478009,0.537255,0.6511,0.441279
difficulty,2D_a1,2026,2026-154,0.483333,0.208333,0.558333,0.766667,0.483333,0.158333,0.0,0.707858,0.472163,0.972254,0.644857
difficulty,2D_a1,2026,2026-155,0.141667,0.3,0.175,0.475,0.375,0.016667,0.375,0.41271,0.515149,0.811751,0.550992
difficulty,2D_a1,2026,2026-156,0.35,0.325,0.358333,0.683333,0.566667,0.058333,0.025,0.555045,0.456775,0.612563,0.480342
difficulty,2D_a1,2026,2026-157,0.158333,0.225,0.058333,0.283333,0.241667,0.025,0.625,0.335018,0.337316,1.21635,0.789952
difficulty,2D_a1,2026,2026-158,0.566667,0.366667,0.441667,0.808333,0.641667,0.05,0.0,0.664793,0.486231,0.783176,0.596167
difficulty,2D_a1,2026,2026-159,0.508333,0.208333,0.541667,0.75,0.508333,0.141667,0.0,0.702313,0.434636,0.934605,0.609192
difficulty,2D_a1,2026,2026-160,0.533333,0.35,0.475,0.825,0.608333,0.1,0.0,0.66825,0.536517,0.791839,0.631389
difficulty,2D_a1,2026,2026-161,0.0,0.0,0.0,0.0,0.0,1.0,0.0,0.909944,0.192236,2.364792,0.381433
difficulty,2D_a1,2026,2026-162,0.408333,0.125,0.608333,0.733333,0.408333,0.2,0.0,0.728204,0.414998,1.066035,0.593193
difficulty,2D_a1,2026,2026-163,0.25,0.341667,0.108333,0.45,0.4,0.033333,0.233333,0.460956,0.596123,0.715062,0.470122
difficulty,2D_a1,2026,2026-164,0.0,0.0,0.0,0.0,0.0,1.0,0.0,0.882074,0.263429,2.047607,0.325793
difficulty,2D_a1,2026,2026-165,0.3,0.308333,0.2,0.508333,0.391667,0.008333,0.183333,0.477531,0.508607,0.673341,0.441365
difficulty,2D_a1,2026,2026-166,0.525,0.233333,0.55,0.783333,0.525,0.158333,0.0,0.700792,0.463861,0.935195,0.639267
difficulty,2D_a1,2026,2026-167,0.491667,0.25,0.525,0.775,0.525,0.108333,0.0,0.691319,0.490103,0.886378,0.619445
difficulty,2D_a1,2026,2026-168,0.316667,0.358333,0.2,0.558333,0.466667,0.008333,0.175,0.48079,0.508026,0.669566,0.557048
difficulty,2D_a1,2026,2026-169,0.183333,0.0,0.583333,0.583333,0.183333,0.258333,0.0,0.782271,0.362507,1.36672,0.568311
difficulty,2D_a1,2026,2026-170,0.466667,0.416667,0.4,0.816667,0.641667,0.066667,0.0,0.647383,0.498591,0.739149,0.631742
difficulty,2D_a1,2026,2026-171,0.5,0.3,0.466667,0.766667,0.558333,0.1,0.0,0.680776,0.448463,0.844085,0.629055
difficulty,2D_a1,2026,2026-172,0.325,0.325,0.191667,0.516667,0.466667,0.025,0.125,0.495268,0.572855,0.633728,0.439872
difficulty,2D_a1,2026,2026-173,0.383333,0.0,0.691667,0.691667,0.383333,0.166667,0.0,0.751185,0.44437,1.167062,0.498381
difficulty,2D_a1,2026,2026-174,0.3,0.291667,0.233333,0.525,0.466667,0.016667,0.208333,0.470053,0.626504,0.676718,0.426526
difficulty,2D_a1,2026,2026-175,0.191667,0.141667,0.133333,0.275,0.258333,0.025,0.4,0.369193,0.428856,0.9898,0.680625
difficulty,2D_a1,2026,2026-176,0.241667,0.0,0.683333,0.683333,0.241667,0.191667,0.0,0.763095,0.448289,1.235544,0.504437
difficulty,2D_a1,2026,2026-177,0.341667,0.366667,0.266667,0.633333,0.508333,0.041667,0.058333,0.531414,0.575186,0.588382,0.460246
difficulty,2D_a1,2026,2026-178,0.433333,0.491667,0.366667,0.858333,0.666667,0.033333,0.0,0.596706,0.529418,0.587447,0.537079
difficulty,2D_a1,2026,2026-179,0.0,0.0,0.375,0.375,0.0,0.4,0.0,0.836449,0.294042,1.713894,0.513474
difficulty,2D_a1,2026,2026-180,0.425,0.025,0.691667,0.716667,0.425,0.158333,0.0,0.738585,0.441465,1.113798,0.565751
difficulty,2D_a1,2026,2026-181,0.608333,0.35,0.508333,0.858333,0.666667,0.025,0.0,0.662009,0.545729,0.732172,0.54221
difficulty,2D_a1,2026,2026-182,0.466667,0.041667,0.666667,0.708333,0.466667,0.133333,0.0,0.728693,0.458486,1.068594,0.59267
difficulty,2D_a1,2026,2026-183,0.358333,0.375,0.2,0.575,0.508333,0.008333,0.091667,0.493746,0.521515,0.590147,0.380787
difficulty,2D_a1,2026,2026-184,0.55,0.241667,0.55,0.791667,0.55,0.108333,0.0,0.696435,0.464588,0.907547,0.618098
difficulty,2D_a1,2026,2026-185,0.433333,0.016667,0.683333,0.7,0.433333,0.15,0.0,0.738011,0.432464,1.113832,0.572656
difficulty,2D_a1,2026,2026-186,0.583333,0.266667,0.533333,0.8,0.583333,0.083333,0.0,0.691691,0.469846,0.868057,0.548671
difficulty,2D_a1,2026,2026-187,0.383333,0.433333,0.341667,0.775,0.6,0.083333,0.008333,0.592732,0.444955,0.656298,0.562862
difficulty,2D_a1,2026,2026-188,0.0,0.108333,0.0,0.108333,0.108333,0.033333,0.825,0.165976,0.228982,2.178989,1.031782
difficulty,2D_a1,2026,2026-189,0.533333,0.316667,0.483333,0.8,0.583333,0.066667,0.0,0.676302,0.45451,0.82219,0.637775
difficulty,2D_a1,2026,2026-190,0.466667,0.466667,0.408333,0.875,0.675,0.033333,0.0,0.614039,0.502633,0.63224,0.563224
difficulty,2D_a1,2026,2026-191,0.391667,0.375,0.358333,0.733333,0.65,0.066667,0.0,0.576321,0.420722,0.642473,0.535228
difficulty,2D_a1,2026,2026-192,0.55,0.25,0.525,0.775,0.55,0.083333,0.0,0.688733,0.506446,0.861286,0.585834
difficulty,2D_a1,2026,2026-193,0.516667,0.508333,0.416667,0.925,0.725,0.008333,0.0,0.616814,0.544868,0.578024,0.477839
difficulty,2D_a1,2026,2026-194,0.475,0.425,0.408333,0.833333,0.658333,0.033333,0.0,0.628492,0.504511,0.678165,0.572277
difficulty,2D_a1,2026,2026-195,0.116667,0.216667,0.191667,0.408333,0.3,0.016667,0.4,0.403645,0.509668,0.868439,0.559884
difficulty,2D_a1,2026,2026-196,0.1,0.25,0.216667,0.466667,0.308333,0.025,0.316667,0.42957,0.421957,0.827918,0.503681
difficulty,2D_a1,2026,2026-197,0.508333,0.333333,0.483333,0.816667,0.625,0.041667,0.0,0.661908,0.426494,0.758197,0.565892
difficulty,2D_a1,2026,2026-198,0.383333,0.491667,0.341667,0.833333,0.616667,0.066667,0.0,0.61118,0.494928,0.646823,0.57593
difficulty,2D_a1,2026,2026-199,0.441667,0.466667,0.408333,0.875,0.575,0.058333,0.0,0.636003,0.417147,0.689052,0.583507
difficulty,2D_offset,42,42-0,0.633333,0.416667,0.516667,0.933333,0.691667,0.008333,0.0,0.639107,0.55841,0.620265,0.458867
difficulty,2D_offset,42,42-1,0.425,0.533333,0.125,0.658333,0.658333,0.0,0.091667,0.455506,0.502645,0.430072,0.310196
difficulty,2D_offset,42,42-2,0.391667,0.075,0.683333,0.758333,0.391667,0.116667,0.0,0.727621,0.39838,1.036935,0.489195
difficulty,2D_offset,42,42-3,0.383333,0.066667,0.591667,0.658333,0.383333,0.158333,0.0,0.742726,0.439356,1.140801,0.578391
difficulty,2D_offset,42,42-4,0.0,0.166667,0.0,0.166667,0.166667,0.0,0.541667,0.287967,0.580801,0.962574,0.518513
difficulty,2D_offset,42,42-5,0.216667,0.508333,0.025,0.533333,0.533333,0.0,0.2,0.402445,0.509539,0.496614,0.381229
difficulty,2D_offset,42,42-6,0.516667,0.341667,0.566667,0.908333,0.625,0.0,0.0,0.649765,0.425696,0.692139,0.452122
difficulty,2D_offset,42,42-7,0.483333,0.458333,0.416667,0.875,0.666667,0.0,0.0,0.570497,0.506538,0.522897,0.342597
difficulty,2D_offset,42,42-8,0.55,0.441667,0.533333,0.975,0.716667,0.0,0.0,0.616424,0.472251,0.572052,0.399645
difficulty,2D_offset,42,42-9,0.408333,0.533333,0.158333,0.691667,0.675,0.0,0.091667,0.471777,0.579305,0.440797,0.292908
difficulty,2D_offset,42,42-10,0.458333,0.116667,0.65,0.766667,0.458333,0.108333,0.0,0.719735,0.503229,1.001196,0.511326
difficulty,2D_offset,42,42-11,0.525,0.141667,0.691667,0.833333,0.525,0.033333,0.0,0.700376,0.518157,0.887552,0.434467
difficulty,2D_offset,42,42-12,0.55,0.45,0.483333,0.933333,0.7,0.0,0.0,0.614982,0.531717,0.568366,0.420192
difficulty,2D_offset,42,42-13,0.291667,0.0,0.7,0.7,0.291667,0.175,0.0,0.758977,0.415515,1.200432,0.456347
difficulty,2D_offset,42,42-14,0.6,0.308333,0.616667,0.925,0.625,0.016667,0.0,0.660948,0.547036,0.705763,0.456805
difficulty,2D_offset,42,42-15,0.466667,0.5,0.2,0.7,0.7,0.0,0.058333,0.478238,0.503407,0.412467,0.257793
difficulty,2D_offset,42,42-16,0.558333,0.258333,0.65,0.908333,0.591667,0.008333,0.0,0.672717,0.434579,0.761138,0.448894
difficulty,2D_offset,42,42-17,0.391667,0.591667,0.075,0.666667,0.666667,0.0,0.091667,0.454228,0.545064,0.406701,0.274732
difficulty,2D_offset,42,42-18,0.466667,0.041667,0.75,0.791667,0.466667,0.05,0.0,0.72208,0.468634,0.996577,0.431195
difficulty,2D_offset,42,42-19,0.541667,0.408333,0.533333,0.941667,0.708333,0.0,0.0,0.616131,0.469998,0.569785,0.402487
difficulty,2D_offset,42,42-20,0.491667,0.508333,0.391667,0.9,0.741667,0.0,0.0,0.570187,0.587925,0.485294,0.346909
difficulty,2D_offset,42,42-21,0.425,0.508333,0.2,0.708333,0.666667,0.0,0.033333,0.485719,0.613006,0.420561,0.259917
difficulty,2D_offset,42,42-22,0.158333,0.0,0.675,0.675,0.158333,0.175,0.0,0.769178,0.408608,1.255322,0.440854
difficulty,2D_offset,42,42-23,0.491667,0.5,0.433333,0.933333,0.775,0.0,0.0,0.578098,0.570972,0.483339,0.385408
difficulty,2D_offset,42,42-24,0.566667,0.491667,0.4,0.891667,0.791667,0.0,0.0,0.554574,0.46753,0.439841,0.296548
difficulty,2D_offset,42,42-25,0.508333,0.458333,0.441667,0.9,0.725,0.0,0.0,0.566858,0.486499,0.481086,0.331217
difficulty,2D_offset,42,42-26,0.625,0.3,0.6,0.9,0.633333,0.016667,0.0,0.665465,0.565181,0.726681,0.471136
difficulty,2D_offset,42,42-27,0.5,0.266667,0.575,0.841667,0.55,0.041667,0.0,0.678282,0.438359,0.802623,0.510547
difficulty,2D_offset,42,42-28,0.583333,0.275,0.608333,0.883333,0.591667,0.041667,0.0,0.67543,0.458863,0.778316,0.496638
difficulty,2D_offset,42,42-29,0.55,0.325,0.558333,0.883333,0.575,0.008333,0.0,0.668836,0.495444,0.74679,0.475736
difficulty,2D_offset,42,42-30,0.0,0.0,0.0,0.0,0.0,0.475,0.0,0.862542,0.284014,1.891822,0.4106
difficulty,2D_offset,42,42-31,0.508333,0.483333,0.366667,0.85,0.75,0.0,0.0,0.540466,0.578704,0.441547,0.302963
difficulty,2D_offset,42,42-32,0.516667,0.558333,0.316667,0.875,0.808333,0.0,0.016667,0.53082,0.549224,0.409658,0.279365
difficulty,2D_offset,42,42-33,0.466667,0.508333,0.225,0.733333,0.708333,0.0,0.075,0.490001,0.533966,0.438952,0.288992
difficulty,2D_offset,42,42-34,0.616667,0.258333,0.625,0.883333,0.616667,0.025,0.0,0.677496,0.538476,0.780478,0.453242
difficulty,2D_offset,42,42-35,0.308333,0.0,0.633333,0.633333,0.308333,0.175,0.0,0.764511,0.401344,1.240285,0.490022
difficulty,2D_offset,42,42-36,0.525,0.533333,0.425,0.958333,0.791667,0.0,0.0,0.581638,0.565906,0.472108,0.366758
difficulty,2D_offset,42,42-37,0.391667,0.533333,0.191667,0.725,0.716667,0.0,0.091667,0.476841,0.574079,0.43083,0.275355
difficulty,2D_offset,42,42-38,0.391667,0.55,0.125,0.675,0.666667,0.0,0.058333,0.466644,0.590373,0.410182,0.26141
difficulty,2D_offset,42,42-39,0.558333,0.2,0.65,0.85,0.558333,0.033333,0.0,0.685273,0.527201,0.8182,0.457234
difficulty,2D_offset,42,42-40,0.475,0.116667,0.65,0.766667,0.475,0.075,0.0,0.711714,0.460767,0.953928,0.484929
difficulty,2D_offset,42,42-41,0.575,0.266667,0.591667,0.858333,0.575,0.041667,0.0,0.680096,0.509735,0.800266,0.497958
difficulty,2D_offset,42,42-42,0.483333,0.525,0.25,0.775,0.758333,0.0,0.016667,0.504817,0.540883,0.398573,0.248014
difficulty,2D_offset,42,42-43,0.566667,0.5,0.475,0.975,0.733333,0.0,0.0,0.613902,0.635663,0.538245,0.418452
difficulty,2D_offset,42,42-44,0.533333,0.416667,0.491667,0.908333,0.683333,0.0,0.0,0.628803,0.520874,0.623561,0.461947
difficulty,2D_offset,42,42-45,0.55,0.383333,0.566667,0.95,0.658333,0.0,0.0,0.638001,0.510201,0.619417,0.439819
difficulty,2D_offset,42,42-46,0.425,0.016667,0.716667,0.733333,0.425,0.083333,0.0,0.729693,0.433651,1.039292,0.447346
difficulty,2D_offset,42,42-47,0.575,0.408333,0.516667,0.925,0.666667,0.0,0.0,0.643327,0.49149,0.646038,0.454462
difficulty,2D_offset,42,42-48,0.483333,0.133333,0.658333,0.791667,0.483333,0.041667,0.0,0.709464,0.441001,0.939775,0.473395
difficulty,2D_offset,42,42-49,0.55,0.5,0.45,0.95,0.75,0.0,0.0,0.593319,0.635212,0.497417,0.388594
difficulty,2D_offset,42,42-50,0.591667,0.366667,0.558333,0.925,0.65,0.008333,0.0,0.648644,0.504345,0.663553,0.476745
difficulty,2D_offset,42,42-51,0.516667,0.166667,0.675,0.841667,0.516667,0.033333,0.0,0.695074,0.479202,0.867791,0.469441
difficulty,2D_offset,42,42-52,0.141667,0.458333,0.0,0.458333,0.458333,0.0,0.325,0.370671,0.457859,0.593007,0.454863
difficulty,2D_offset,42,42-53,0.533333,0.55,0.391667,0.941667,0.841667,0.0,0.0,0.557097,0.54277,0.422902,0.308776
difficulty,2D_offset,42,42-54,0.508333,0.516667,0.325,0.841667,0.766667,0.0,0.033333,0.534264,0.558097,0.43123,0.289919
difficulty,2D_offset,42,42-55,0.433333,0.508333,0.216667,0.725,0.675,0.0,0.05,0.499415,0.620712,0.460445,0.285392
difficulty,2D_offset,42,42-56,0.491667,0.466667,0.425,0.891667,0.725,0.0,0.0,0.573493,0.520479,0.496365,0.347576
difficulty,2D_offset,42,42-57,0.0,0.0,0.416667,0.416667,0.0,0.35,0.0,0.817068,0.306795,1.563115,0.465075
difficulty,2D_offset,42,42-58,0.358333,0.5,0.158333,0.658333,0.65,0.0,0.108333,0.462004,0.625191,0.455813,0.299656
difficulty,2D_offset,42,42-59,0.391667,0.041667,0.666667,0.708333,0.391667,0.116667,0.0,0.737145,0.454362,1.086265,0.48138
difficulty,2D_offset,42,42-60,0.025,0.191667,0.0,0.191667,0.191667,0.0,0.466667,0.311706,0.619447,0.836149,0.461137
difficulty,2D_offset,42,42-61,0.508333,0.483333,0.4,0.883333,0.733333,0.0,0.0,0.558291,0.510322,0.453406,0.320393
difficulty,2D_offset,42,42-62,0.516667,0.475,0.441667,0.916667,0.708333,0.008333,0.0,0.622302,0.567773,0.584745,0.47078
difficulty,2D_offset,42,42-63,0.475,0.225,0.566667,0.791667,0.475,0.016667,0.0,0.694354,0.466669,0.865646,0.480875
difficulty,2D_offset,42,42-64,0.525,0.233333,0.583333,0.816667,0.525,0.066667,0.0,0.69746,0.52019,0.887863,0.50927
difficulty,2D_offset,42,42-65,0.566667,0.083333,0.741667,0.825,0.566667,0.033333,0.0,0.699163,0.529457,0.883434,0.442315
difficulty,2D_offset,42,42-66,0.483333,0.533333,0.35,0.883333,0.766667,0.0,0.0,0.549025,0.559758,0.443298,0.305372
difficulty,2D_offset,42,42-67,0.5,0.483333,0.383333,0.866667,0.741667,0.0,0.008333,0.548378,0.498695,0.457794,0.301834
difficulty,2D_offset,42,42-68,0.441667,0.066667,0.675,0.741667,0.441667,0.1,0.0,0.726185,0.45113,1.032673,0.5014
difficulty,2D_offset,42,42-69,0.491667,0.525,0.383333,0.908333,0.766667,0.0,0.0,0.570869,0.580043,0.484309,0.371484
difficulty,2D_offset,42,42-70,0.191667,0.458333,0.008333,0.466667,0.466667,0.0,0.25,0.388687,0.593932,0.54286,0.412401
difficulty,2D_offset,42,42-71,0.291667,0.475,0.1,0.575,0.575,0.0,0.191667,0.419665,0.581868,0.50001,0.356352
difficulty,2D_offset,42,42-72,0.425,0.5,0.166667,0.666667,0.666667,0.0,0.083333,0.469247,0.518684,0.431544,0.291664
difficulty,2D_offset,42,42-73,0.541667,0.216667,0.691667,0.908333,0.566667,0.025,0.0,0.682213,0.462407,0.804177,0.446125
difficulty,2D_offset,42,42-74,0.525,0.458333,0.5,0.958333,0.7,0.008333,0.0,0.622052,0.545654,0.5887,0.430428
difficulty,2D_offset,42,42-75,0.508333,0.183333,0.616667,0.8,0.508333,0.075,0.0,0.702599,0.471458,0.909035,0.488161
difficulty,2D_offset,42,42-76,0.5,0.541667,0.333333,0.875,0.766667,0.0,0.008333,0.542601,0.542557,0.42356,0.2947
difficulty,2D_offset,42,42-77,0.508333,0.45,0.491667,0.941667,0.7,0.025,0.0,0.62316,0.563579,0.604166,0.449982
difficulty,2D_offset,42,42-78,0.516667,0.15,0.683333,0.833333,0.516667,0.058333,0.0,0.701098,0.451394,0.898156,0.473189
difficulty,2D_offset,42,42-79,0.516667,0.483333,0.416667,0.9,0.741667,0.0,0.0,0.563135,0.549285,0.470644,0.334427
difficulty,2D_offset,42,42-80,0.541667,0.266667,0.575,0.841667,0.55,0.041667,0.0,0.682113,0.449159,0.809411,0.493489
difficulty,2D_offset,42,42-81,0.408333,0.516667,0.25,0.766667,0.733333,0.0,0.05,0.489748,0.609402,0.417221,0.266847
difficulty,2D_offset,42,42-82,0.541667,0.508333,0.425,0.933333,0.775,0.0,0.0,0.567051,0.485139,0.459696,0.328398
difficulty,2D_offset,42,42-83,0.483333,0.5,0.341667,0.841667,0.7,0.0,0.0,0.54455,0.558494,0.46494,0.300873
difficulty,2D_offset,42,42-84,0.283333,0.508333,0.05,0.558333,0.558333,0.0,0.191667,0.416265,0.556422,0.493032,0.366675
difficulty,2D_offset,42,42-85,0.533333,0.275,0.583333,0.858333,0.566667,0.033333,0.0,0.676254,0.504279,0.786713,0.503586
difficulty,2D_offset,42,42-86,0.45,0.525,0.3,0.825,0.725,0.0,0.008333,0.524897,0.608497,0.427768,0.286195
difficulty,2D_offset,42,42-87,0.55,0.4,0.575,0.975,0.683333,0.0,0.0,0.620852,0.463197,0.580423,0.401447
difficulty,2D_offset,42,42-88,0.491667,0.258333,0.558333,0.816667,0.508333,0.05,0.0,0.685894,0.454667,0.834619,0.526605
difficulty,2D_offset,42,42-89,0.591667,0.333333,0.575,0.908333,0.641667,0.033333,0.0,0.663441,0.538456,0.732445,0.493272
difficulty,2D_offset,42,42-90,0.525,0.15,0.658333,0.808333,0.525,0.016667,0.0,0.698079,0.472014,0.877461,0.442058
difficulty,2D_offset,42,42-91,0.466667,0.425,0.475,0.9,0.666667,0.0,0.0,0.603411,0.51442,0.582387,0.413129
difficulty,2D_offset,42,42-92,0.466667,0.575,0.291667,0.866667,0.808333,0.0,0.0,0.52435,0.617972,0.397341,0.271505
difficulty,2D_offset,42,42-93,0.483333,0.533333,0.383333,0.916667,0.75,0.0,0.0,0.571567,0.657309,0.483868,0.381534
difficulty,2D_offset,42,42-94,0.016667,0.266667,0.0,0.266667,0.266667,0.0,0.425,0.321787,0.538993,0.789785,0.470616
difficulty,2D_offset,42,42-95,0.141667,0.416667,0.0,0.416667,0.416667,0.0,0.308333,0.368728,0.591566,0.62293,0.46995
difficulty,2D_offset,42,42-96,0.141667,0.441667,0.0,0.441667,0.441667,0.0,0.308333,0.377835,0.599107,0.571764,0.406922
difficulty,2D_offset,42,42-97,0.375,0.508333,0.075,0.583333,0.583333,0.0,0.15,0.439662,0.583891,0.449221,0.310327
difficulty,2D_offset,42,42-98,0.6,0.333333,0.558333,0.891667,0.625,0.008333,0.0,0.660466,0.511492,0.703945,0.465051
difficulty,2D_offset,42,42-99,0.458333,0.525,0.166667,0.691667,0.691667,0.0,0.058333,0.479417,0.427264,0.390136,0.255925
difficulty,2D_offset,42,42-100,0.475,0.508333,0.333333,0.841667,0.716667,0.0,0.0,0.540668,0.580549,0.450942,0.295641
difficulty,2D_offset,42,42-101,0.191667,0.0,0.65,0.65,0.191667,0.208333,0.0,0.775194,0.417723,1.295006,0.45951
difficulty,2D_offset,42,42-102,0.558333,0.516667,0.408333,0.925,0.825,0.0,0.0,0.559332,0.504618,0.426812,0.312363
difficulty,2D_offset,42,42-103,0.533333,0.091667,0.725,0.816667,0.533333,0.016667,0.0,0.700986,0.493816,0.891823,0.441091
difficulty,2D_offset,42,42-104,0.441667,0.525,0.183333,0.708333,0.708333,0.0,0.066667,0.474005,0.460619,0.408962,0.275823
difficulty,2D_offset,42,42-105,0.483333,0.458333,0.458333,0.916667,0.725,0.0,0.0,0.580493,0.532958,0.500036,0.37702
difficulty,2D_offset,42,42-106,0.316667,0.5,0.1,0.6,0.6,0.0,0.091667,0.447894,0.580975,0.435956,0.299602
difficulty,2D_offset,42,42-107,0.475,0.475,0.366667,0.841667,0.716667,0.0,0.0,0.544241,0.605636,0.460376,0.324637
difficulty,2D_offset,42,42-108,0.425,0.033333,0.708333,0.741667,0.425,0.1,0.0,0.725639,0.437921,1.021984,0.46568
difficulty,2D_offset,42,42-109,0.0,0.241667,0.0,0.241667,0.241667,0.0,0.408333,0.322739,0.400771,0.777681,0.446141
difficulty,2D_offset,42,42-110,0.525,0.383333,0.5,0.883333,0.633333,0.016667,0.0,0.651596,0.602625,0.687026,0.51985
difficulty,2D_offset,42,42-111,0.616667,0.458333,0.491667,0.95,0.675,0.008333,0.0,0.631521,0.539935,0.581904,0.462498
difficulty,2D_offset,42,42-112,0.433333,0.483333,0.291667,0.775,0.741667,0.0,0.033333,0.509449,0.592274,0.406078,0.265273
difficulty,2D_offset,42,42-113,0.116667,0.4,0.0,0.4,0.4,0.0,0.316667,0.36725,0.490038,0.595963,0.426368
difficulty,2D_offset,42,42-114,0.558333,0.525,0.441667,0.966667,0.775,0.0,0.0,0.593624,0.631407,0.473661,0.386891
difficulty,2D_offset,42,42-115,0.45,0.533333,0.266667,0.8,0.741667,0.0,0.016667,0.516236,0.584524,0.419582,0.269467
difficulty,2D_offset,42,42-116,0.583333,0.391667,0.525,0.916667,0.666667,0.016667,0.0,0.640761,0.52233,0.636174,0.479277
difficulty,2D_offset,42,42-117,0.541667,0.491667,0.45,0.941667,0.725,0.0,0.0,0.602168,0.564379,0.514854,0.406139
difficulty,2D_offset,42,42-118,0.0,0.0,0.508333,0.508333,0.0,0.258333,0.0,0.812183,0.355598,1.521637,0.438522
difficulty,2D_offset,42,42-119,0.508333,0.541667,0.358333,0.9,0.791667,0.0,0.0,0.555457,0.611757,0.442368,0.332404
difficulty,2D_offset,42,42-120,0.341667,0.483333,0.141667,0.625,0.625,0.0,0.116667,0.447918,0.56402,0.473141,0.33125
difficulty,2D_offset,42,42-121,0.558333,0.458333,0.5,0.958333,0.708333,0.0,0.0,0.621201,0.574658,0.572545,0.440278
difficulty,2D_offset,42,42-122,0.5,0.4,0.491667,0.891667,0.65,0.008333,0.0,0.637125,0.551101,0.66124,0.485415
difficulty,2D_offset,42,42-123,0.041667,0.0,0.666667,0.666667,0.041667,0.225,0.0,0.776248,0.420812,1.29081,0.415348
difficulty,2D_offset,42,42-124,0.441667,0.075,0.675,0.75,0.441667,0.1,0.0,0.7245,0.439932,1.014796,0.460286
difficulty,2D_offset,42,42-125,0.575,0.375,0.525,0.9,0.641667,0.016667,0.0,0.648958,0.552889,0.667909,0.493476
difficulty,2D_offset,42,42-126,0.016667,0.0,0.541667,0.541667,0.016667,0.258333,0.0,0.797761,0.370484,1.428188,0.439012
difficulty,2D_offset,42,42-127,0.275,0.483333,0.033333,0.516667,0.516667,0.0,0.241667,0.413317,0.556329,0.5153,0.371221
difficulty,2D_offset,42,42-128,0.483333,0.5,0.25,0.75,0.7,0.0,0.008333,0.506032,0.556241,0.431858,0.26996
difficulty,2D_offset,42,42-129,0.4,0.541667,0.133333,0.675,0.675,0.0,0.116667,0.460202,0.547018,0.433049,0.287693
difficulty,2D_offset,42,42-130,0.491667,0.475,0.425,0.9,0.733333,0.0,0.008333,0.562104,0.50136,0.487412,0.336253
difficulty,2D_offset,42,42-131,0.15,0.4,0.008333,0.408333,0.408333,0.0,0.291667,0.376653,0.561592,0.577374,0.426501
difficulty,2D_offset,42,42-132,0.6,0.233333,0.641667,0.875,0.6,0.041667,0.0,0.68222,0.535759,0.805809,0.468632
difficulty,2D_offset,42,42-133,0.425,0.483333,0.408333,0.891667,0.7,0.0,0.0,0.566051,0.586645,0.503948,0.357698
difficulty,2D_offset,42,42-134,0.133333,0.433333,0.0,0.433333,0.433333,0.0,0.325,0.361542,0.567715,0.637847,0.467751
difficulty,2D_offset,42,42-135,0.325,0.491667,0.108333,0.6,0.6,0.0,0.133333,0.440092,0.566549,0.447914,0.30909
difficulty,2D_offset,42,42-136,0.575,0.441667,0.475,0.916667,0.691667,0.025,0.0,0.636507,0.591186,0.629666,0.482451
difficulty,2D_offset,42,42-137,0.433333,0.125,0.6,0.725,0.433333,0.116667,0.0,0.723359,0.465458,1.025089,0.533967
difficulty,2D_offset,42,42-138,0.0,0.0,0.058333,0.058333,0.0,0.358333,0.0,0.846885,0.315047,1.759816,0.391117
difficulty,2D_offset,42,42-139,0.0,0.0,0.0,0.0,0.0,1.0,0.0,0.919673,0.177278,2.472624,0.308023
difficulty,2D_offset,42,42-140,0.566667,0.333333,0.558333,0.891667,0.616667,0.008333,0.0,0.659697,0.53646,0.710556,0.479682
difficulty,2D_offset,42,42-141,0.366667,0.516667,0.133333,0.65,0.65,0.0,0.1,0.453934,0.502328,0.435189,0.309193
difficulty,2D_offset,42,42-142,0.0,0.016667,0.0,0.016667,0.016667,0.0,0.666667,0.250411,0.453729,1.150094,0.465632
difficulty,2D_offset,42,42-143,0.566667,0.325,0.583333,0.908333,0.616667,0.0,0.0,0.656635,0.453674,0.693033,0.448529
difficulty,2D_offset,42,42-144,0.433333,0.516667,0.2,0.716667,0.7,0.0,0.066667,0.478852,0.524717,0.421986,0.264852
difficulty,2D_offset,42,42-145,0.533333,0.483333,0.341667,0.825,0.725,0.0,0.008333,0.540786,0.584115,0.465457,0.323237
difficulty,2D_offset,42,42-146,0.475,0.441667,0.325,0.766667,0.7,0.0,0.058333,0.510389,0.602301,0.46274,0.310962
difficulty,2D_offset,42,42-147,0.541667,0.5,0.433333,0.933333,0.75,0.0,0.0,0.587312,0.542795,0.5057,0.375035
difficulty,2D_offset,42,42-148,0.283333,0.0,0.658333,0.658333,0.283333,0.183333,0.0,0.75802,0.405971,1.209195,0.514733
difficulty,2D_offset,42,42-149,0.516667,0.408333,0.508333,0.916667,0.65,0.008333,0.0,0.635485,0.49479,0.637244,0.45855
difficulty,2D_offset,42,42-150,0.508333,0.458333,0.45,0.908333,0.691667,0.0,0.0,0.594784,0.508867,0.542749,0.393588
difficulty,2D_offset,42,42-151,0.366667,0.533333,0.075,0.608333,0.608333,0.0,0.133333,0.443068,0.507853,0.436342,0.310457
difficulty,2D_offset,42,42-152,0.025,0.258333,0.0,0.258333,0.258333,0.0,0.441667,0.320135,0.559315,0.797405,0.469688
difficulty,2D_offset,42,42-153,0.441667,0.541667,0.258333,0.8,0.716667,0.0,0.016667,0.517387,0.627965,0.442566,0.291744
difficulty,2D_offset,42,42-154,0.575,0.516667,0.433333,0.95,0.791667,0.0,0.0,0.590198,0.564639,0.486051,0.373661
difficulty,2D_offset,42,42-155,0.0,0.0,0.325,0.325,0.0,0.4,0.0,0.837588,0.298528,1.707143,0.458081
difficulty,2D_offset,42,42-156,0.525,0.55,0.391667,0.941667,0.75,0.008333,0.0,0.604134,0.621742,0.514277,0.437457
difficulty,2D_offset,42,42-157,0.441667,0.058333,0.641667,0.7,0.441667,0.15,0.0,0.732327,0.497677,1.07656,0.547185
difficulty,2D_offset,42,42-158,0.508333,0.516667,0.308333,0.825,0.741667,0.0,0.016667,0.529031,0.563977,0.429557,0.282736
difficulty,2D_offset,42,42-159,0.308333,0.475,0.05,0.525,0.525,0.0,0.2,0.414458,0.593104,0.507689,0.386191
difficulty,2D_offset,42,42-160,0.383333,0.508333,0.108333,0.616667,0.616667,0.0,0.116667,0.449354,0.553638,0.448347,0.307134
difficulty,2D_offset,42,42-161,0.416667,0.441667,0.25,0.691667,0.65,0.0,0.058333,0.488024,0.606984,0.452891,0.292934
difficulty,2D_offset,42,42-162,0.0,0.0,0.0,0.0,0.0,0.425,0.0,0.859114,0.291633,1.86053,0.405106
difficulty,2D_offset,42,42-163,0.416667,0.516667,0.175,0.691667,0.691667,0.0,0.108333,0.467992,0.605814,0.440151,0.284762
difficulty,2D_offset,42,42-164,0.45,0.108333,0.65,0.758333,0.45,0.1,0.0,0.721239,0.477892,1.009368,0.514233
difficulty,2D_offset,42,42-165,0.425,0.516667,0.166667,0.683333,0.675,0.0,0.083333,0.47105,0.495416,0.421088,0.270873
difficulty,2D_offset,42,42-166,0.325,0.058333,0.641667,0.7,0.325,0.15,0.0,0.746243,0.401703,1.13725,0.49072
difficulty,2D_offset,42,42-167,0.55,0.308333,0.583333,0.891667,0.6,0.016667,0.0,0.665067,0.487855,0.729183,0.482986
difficulty,2D_offset,42,42-168,0.525,0.45,0.5,0.95,0.725,0.0,0.0,0.591057,0.507054,0.521871,0.378248
difficulty,2D_offset,42,42-169,0.475,0.475,0.458333,0.933333,0.725,0.0,0.0,0.597503,0.55908,0.53965,0.398516
difficulty,2D_offset,42,42-170,0.483333,0.55,0.25,0.8,0.75,0.0,0.008333,0.510592,0.536561,0.409578,0.260029
difficulty,2D_offset,42,42-171,0.55,0.383333,0.491667,0.875,0.608333,0.025,0.0,0.648842,0.611443,0.662043,0.507613
difficulty,2D_offset,42,42-172,0.5,0.516667,0.333333,0.85,0.775,0.0,0.008333,0.532986,0.549289,0.428202,0.284058
difficulty,2D_offset,42,42-173,0.25,0.475,0.033333,0.508333,0.508333,0.0,0.208333,0.403737,0.53291,0.515751,0.395314
difficulty,2D_offset,42,42-174,0.208333,0.45,0.016667,0.466667,0.466667,0.0,0.258333,0.387383,0.594621,0.56521,0.415228
difficulty,2D_offset,42,42-175,0.533333,0.416667,0.5,0.916667,0.666667,0.0,0.0,0.6371,0.493318,0.632234,0.447515
difficulty,2D_offset,42,42-176,0.0,0.0,0.55,0.55,0.0,0.233333,0.0,0.802906,0.381187,1.45297,0.406251
difficulty,2D_offset,42,42-177,0.6,0.4,0.558333,0.958333,0.691667,0.0,0.0,0.638845,0.466678,0.61553,0.420247
difficulty,2D_offset,42,42-178,0.575,0.516667,0.475,0.991667,0.816667,0.0,0.0,0.592431,0.506761,0.485375,0.367983
difficulty,2D_offset,42,42-179,0.591667,0.408333,0.516667,0.925,0.683333,0.008333,0.0,0.63724,0.561465,0.628064,0.463787
difficulty,2D_offset,42,42-180,0.158333,0.0,0.633333,0.633333,0.158333,0.25,0.0,0.776481,0.420626,1.315566,0.510982
difficulty,2D_offset,42,42-181,0.533333,0.383333,0.55,0.933333,0.641667,0.0,0.0,0.638046,0.511045,0.623777,0.454802
difficulty,2D_offset,42,42-182,0.483333,0.55,0.333333,0.883333,0.808333,0.0,0.0,0.529908,0.598197,0.405245,0.28253
difficulty,2D_offset,42,42-183,0.325,0.0,0.708333,0.708333,0.325,0.158333,0.0,0.752861,0.432041,1.163663,0.444194
difficulty,2D_offset,42,42-184,0.566667,0.3,0.6,0.9,0.625,0.008333,0.0,0.665156,0.50007,0.726065,0.463534
difficulty,2D_offset,42,42-185,0.0,0.0,0.558333,0.558333,0.0,0.208333,0.0,0.800147,0.378444,1.428975,0.377342
difficulty,2D_offset,42,42-186,0.6,0.466667,0.475,0.941667,0.691667,0.0,0.0,0.630044,0.514609,0.580268,0.439906
difficulty,2D_offset,42,42-187,0.208333,0.5,0.016667,0.516667,0.516667,0.0,0.216667,0.399653,0.532702,0.507782,0.35964
difficulty,2D_offset,42,42-188,0.158333,0.475,0.0,0.475,0.475,0.0,0.241667,0.386486,0.501514,0.527162,0.402143
difficulty,2D_offset,42,42-189,0.0,0.0,0.583333,0.583333,0.0,0.216667,0.0,0.807984,0.382656,1.486646,0.411359
difficulty,2D_offset,42,42-190,0.0,0.0,0.475,0.475,0.0,0.258333,0.0,0.818577,0.35832,1.554935,0.397896
difficulty,2D_offset,42,42-191,0.533333,0.508333,0.45,0.958333,0.766667,0.0,0.0,0.58735,0.48927,0.508032,0.35352
difficulty,2D_offset,42,42-192,0.441667,0.5,0.308333,0.808333,0.716667,0.0,0.008333,0.525205,0.672941,0.449534,0.310449
difficulty,2D_offset,42,42-193,0.058333,0.0,0.683333,0.683333,0.058333,0.191667,0.0,0.782059,0.440519,1.330638,0.440638
difficulty,2D_offset,42,42-194,0.35,0.525,0.091667,0.616667,0.616667,0.0,0.15,0.440588,0.474586,0.445218,0.322327
difficulty,2D_offset,42,42-195,0.458333,0.55,0.158333,0.708333,0.708333,0.0,0.075,0.473944,0.51441,0.409295,0.266014
difficulty,2D_offset,42,42-196,0.55,0.216667,0.608333,0.825,0.55,0.058333,0.0,0.689565,0.51053,0.845458,0.492675
difficulty,2D_offset,42,42-197,0.533333,0.491667,0.366667,0.858333,0.75,0.0,0.0,0.553183,0.528572,0.465348,0.319784
difficulty,2D_offset,42,42-198,0.558333,0.525,0.433333,0.958333,0.783333,0.0,0.0,0.596629,0.570014,0.496942,0.39819
difficulty,2D_offset,42,42-199,0.541667,0.516667,0.45,0.966667,0.791667,0.0,0.0,0.580747,0.541667,0.470848,0.364479
difficulty,2D_offset,137,137-0,0.425,0.508333,0.183333,0.691667,0.683333,0.0,0.066667,0.468124,0.589226,0.431675,0.281631
difficulty,2D_offset,137,137-1,0.425,0.508333,0.216667,0.725,0.675,0.0,0.091667,0.484656,0.603136,0.448253,0.289002
difficulty,2D_offset,137,137-2,0.491667,0.525,0.275,0.8,0.75,0.0,0.016667,0.515211,0.501006,0.420019,0.264324
difficulty,2D_offset,137,137-3,0.508333,0.475,0.483333,0.958333,0.725,0.008333,0.0,0.603314,0.559542,0.552273,0.402736
difficulty,2D_offset,137,137-4,0.458333,0.516667,0.283333,0.8,0.733333,0.0,0.025,0.516899,0.547642,0.417768,0.268586
difficulty,2D_offset,137,137-5,0.358333,0.541667,0.066667,0.608333,0.608333,0.0,0.058333,0.449417,0.482591,0.388712,0.267791
difficulty,2D_offset,137,137-6,0.541667,0.375,0.55,0.925,0.658333,0.008333,0.0,0.643866,0.488267,0.656903,0.480018
difficulty,2D_offset,137,137-7,0.45,0.508333,0.258333,0.766667,0.708333,0.0,0.058333,0.505121,0.56996,0.465585,0.302515
difficulty,2D_offset,137,137-8,0.0,0.05,0.0,0.05,0.05,0.0,0.608333,0.267213,0.550281,1.055353,0.449067
difficulty,2D_offset,137,137-9,0.0,0.0,0.091667,0.091667,0.0,0.383333,0.0,0.847071,0.300312,1.762983,0.396044
difficulty,2D_offset,137,137-10,0.0,0.0,0.516667,0.516667,0.0,0.3,0.0,0.813253,0.357675,1.53122,0.446628
difficulty,2D_offset,137,137-11,0.241667,0.475,0.075,0.55,0.55,0.0,0.158333,0.417224,0.649764,0.488532,0.32591
difficulty,2D_offset,137,137-12,0.516667,0.508333,0.35,0.858333,0.775,0.0,0.0,0.537874,0.615872,0.417377,0.290825
difficulty,2D_offset,137,137-13,0.541667,0.483333,0.458333,0.941667,0.741667,0.0,0.0,0.604815,0.505184,0.541387,0.419504
difficulty,2D_offset,137,137-14,0.358333,0.025,0.691667,0.716667,0.358333,0.133333,0.0,0.738052,0.450867,1.092758,0.489471
difficulty,2D_offset,137,137-15,0.0,0.0,0.0,0.0,0.0,0.0,0.991667,0.171921,0.504472,1.637455,0.453605
difficulty,2D_offset,137,137-16,0.425,0.5,0.183333,0.683333,0.675,0.0,0.083333,0.475051,0.559887,0.443459,0.290793
difficulty,2D_offset,137,137-17,0.566667,0.466667,0.475,0.941667,0.708333,0.0,0.0,0.626455,0.536324,0.592268,0.444996
difficulty,2D_offset,137,137-18,0.0,0.166667,0.0,0.166667,0.166667,0.0,0.525,0.297339,0.4913,0.901968,0.453193
difficulty,2D_offset,137,137-19,0.441667,0.5,0.241667,0.741667,0.708333,0.0,0.05,0.492581,0.632956,0.438638,0.275935
difficulty,2D_offset,137,137-20,0.508333,0.508333,0.4,0.908333,0.766667,0.0,0.0,0.555358,0.562782,0.437116,0.315582
difficulty,2D_offset,137,137-21,0.491667,0.516667,0.366667,0.883333,0.766667,0.0,0.0,0.545957,0.50772,0.433225,0.28938
difficulty,2D_offset,137,137-22,0.408333,0.516667,0.1,0.616667,0.616667,0.0,0.133333,0.448123,0.540299,0.438936,0.309907
difficulty,2D_offset,137,137-23,0.366667,0.0,0.708333,0.708333,0.366667,0.116667,0.0,0.746526,0.440179,1.131552,0.456559
difficulty,2D_offset,137,137-24,0.433333,0.516667,0.241667,0.758333,0.716667,0.0,0.025,0.499835,0.636557,0.413581,0.264885
difficulty,2D_offset,137,137-25,0.375,0.033333,0.683333,0.716667,0.375,0.108333,0.0,0.736072,0.368847,1.078819,0.475107
difficulty,2D_offset,137,137-26,0.533333,0.516667,0.35,0.866667,0.758333,0.0,0.0,0.544321,0.592652,0.447636,0.310189
difficulty,2D_offset,137,137-27,0.558333,0.433333,0.508333,0.941667,0.7,0.0,0.0,0.625696,0.542003,0.597848,0.43596
difficulty,2D_offset,137,137-28,0.541667,0.483333,0.425,0.908333,0.791667,0.0,0.0,0.559067,0.438605,0.448798,0.304101
difficulty,2D_offset,137,137-29,0.266667,0.016667,0.566667,0.583333,0.266667,0.183333,0.0,0.76797,0.34433,1.263136,0.5015
difficulty,2D_offset,137,137-30,0.575,0.383333,0.55,0.933333,0.675,0.025,0.0,0.644858,0.548004,0.656101,0.481573
difficulty,2D_offset,137,137-31,0.391667,0.583333,0.1,0.683333,0.683333,0.0,0.083333,0.459784,0.514225,0.40555,0.269123
difficulty,2D_offset,137,137-32,0.55,0.175,0.658333,0.833333,0.55,0.025,0.0,0.692573,0.537564,0.852682,0.454753
difficulty,2D_offset,137,137-33,0.0,0.0,0.0,0.0,0.0,1.0,0.0,0.910861,0.178609,2.383267,0.401691
difficulty,2D_offset,137,137-34,0.008333,0.216667,0.0,0.216667,0.216667,0.0,0.433333,0.321675,0.519049,0.78167,0.43464
difficulty,2D_offset,137,137-35,0.566667,0.516667,0.466667,0.983333,0.791667,0.0,0.0,0.598717,0.499232,0.493894,0.381571
difficulty,2D_offset,137,137-36,0.508333,0.441667,0.458333,0.9,0.7,0.0,0.0,0.60502,0.569096,0.550854,0.410301
difficulty,2D_offset,137,137-37,0.491667,0.466667,0.458333,0.925,0.7,0.0,0.0,0.585621,0.516768,0.519327,0.364137
difficulty,2D_offset,137,137-38,0.491667,0.083333,0.7,0.783333,0.491667,0.083333,0.0,0.718877,0.50987,0.989616,0.477278
difficulty,2D_offset,137,137-39,0.55,0.508333,0.45,0.958333,0.791667,0.0,0.0,0.578787,0.522899,0.483272,0.349388
difficulty,2D_offset,137,137-40,0.425,0.041667,0.683333,0.725,0.425,0.091667,0.0,0.729556,0.424538,1.042992,0.468508
difficulty,2D_offset,137,137-41,0.566667,0.191667,0.658333,0.85,0.566667,0.05,0.0,0.690999,0.503216,0.848648,0.472145
difficulty,2D_offset,137,137-42,0.35,0.516667,0.066667,0.583333,0.583333,0.0,0.125,0.439736,0.579801,0.444175,0.309279
difficulty,2D_offset,137,137-43,0.291667,0.516667,0.066667,0.583333,0.583333,0.0,0.141667,0.430455,0.509041,0.450473,0.317716
difficulty,2D_offset,137,137-44,0.0,0.0,0.391667,0.391667,0.0,0.283333,0.0,0.826369,0.352148,1.620311,0.443496
difficulty,2D_offset,137,137-45,0.55,0.516667,0.4,0.916667,0.783333,0.0,0.0,0.56593,0.598259,0.44426,0.335181
difficulty,2D_offset,137,137-46,0.558333,0.433333,0.5,0.933333,0.691667,0.0,0.0,0.627984,0.505634,0.603414,0.447194
difficulty,2D_offset,137,137-47,0.0,0.0,0.541667,0.541667,0.0,0.216667,0.0,0.803215,0.373611,1.453525,0.399865
difficulty,2D_offset,137,137-48,0.625,0.216667,0.65,0.866667,0.625,0.016667,0.0,0.677545,0.564568,0.778029,0.436928
difficulty,2D_offset,137,137-49,0.408333,0.533333,0.208333,0.741667,0.691667,0.0,0.041667,0.487025,0.667007,0.420359,0.275885
difficulty,2D_offset,137,137-50,0.508333,0.483333,0.408333,0.891667,0.758333,0.0,0.0,0.557586,0.532967,0.457547,0.323924
difficulty,2D_offset,137,137-51,0.341667,0.0,0.675,0.675,0.341667,0.166667,0.0,0.750881,0.444943,1.168812,0.513053
difficulty,2D_offset,137,137-52,0.058333,0.0,0.625,0.625,0.058333,0.216667,0.0,0.783806,0.397296,1.337709,0.422757
difficulty,2D_offset,137,137-53,0.508333,0.508333,0.366667,0.875,0.741667,0.0,0.025,0.552574,0.589135,0.465407,0.334446
difficulty,2D_offset,137,137-54,0.083333,0.0,0.675,0.675,0.083333,0.208333,0.0,0.777769,0.402774,1.297086,0.40229
difficulty,2D_offset,137,137-55,0.475,0.508333,0.325,0.833333,0.733333,0.0,0.0,0.534851,0.599778,0.424305,0.286237
difficulty,2D_offset,137,137-56,0.566667,0.5,0.45,0.95,0.758333,0.008333,0.0,0.614161,0.613499,0.53349,0.44481
difficulty,2D_offset,137,137-57,0.258333,0.566667,0.008333,0.575,0.575,0.0,0.183333,0.420738,0.406221,0.461509,0.367618
difficulty,2D_offset,137,137-58,0.541667,0.508333,0.408333,0.916667,0.775,0.0,0.0,0.570026,0.552248,0.469759,0.346247
difficulty,2D_offset,137,137-59,0.6,0.25,0.65,0.9,0.608333,0.016667,0.0,0.672727,0.500204,0.757891,0.451556
difficulty,2D_offset,137,137-60,0.575,0.341667,0.558333,0.9,0.625,0.016667,0.0,0.65955,0.509962,0.717044,0.460878
difficulty,2D_offset,137,137-61,0.483333,0.108333,0.716667,0.825,0.483333,0.075,0.0,0.710134,0.459034,0.941371,0.460602
difficulty,2D_offset,137,137-62,0.416667,0.466667,0.208333,0.675,0.65,0.0,0.075,0.48029,0.625239,0.445097,0.282433
difficulty,2D_offset,137,137-63,0.458333,0.466667,0.425,0.891667,0.691667,0.0,0.0,0.578192,0.55566,0.523092,0.368747
difficulty,2D_offset,137,137-64,0.5,0.458333,0.475,0.933333,0.708333,0.0,0.0,0.596625,0.518487,0.538085,0.402916
difficulty,2D_offset,137,137-65,0.0,0.0,0.583333,0.583333,0.0,0.216667,0.0,0.812076,0.385551,1.519299,0.43936
difficulty,2D_offset,137,137-66,0.191667,0.441667,0.008333,0.45,0.45,0.0,0.233333,0.391913,0.649602,0.528058,0.383156
difficulty,2D_offset,137,137-67,0.483333,0.475,0.391667,0.866667,0.7,0.0,0.0,0.557824,0.570916,0.486728,0.325696
difficulty,2D_offset,137,137-68,0.533333,0.483333,0.441667,0.925,0.741667,0.0,0.0,0.587266,0.54834,0.507994,0.371754
difficulty,2D_offset,137,137-69,0.0,0.0,0.0,0.0,0.0,1.0,0.0,0.931488,0.152677,2.644672,0.305953
difficulty,2D_offset,137,137-70,0.6,0.283333,0.583333,0.866667,0.625,0.05,0.0,0.670551,0.589756,0.755459,0.492544
difficulty,2D_offset,137,137-71,0.541667,0.533333,0.458333,0.991667,0.791667,0.0,0.0,0.595332,0.534877,0.494679,0.372159
difficulty,2D_offset,137,137-72,0.558333,0.483333,0.45,0.933333,0.75,0.0,0.0,0.615754,0.512701,0.565266,0.439858
difficulty,2D_offset,137,137-73,0.066667,0.316667,0.0,0.316667,0.316667,0.0,0.383333,0.33923,0.522048,0.715975,0.45259
difficulty,2D_offset,137,137-74,0.5,0.425,0.491667,0.916667,0.683333,0.016667,0.0,0.627619,0.520973,0.63706,0.47891
difficulty,2D_offset,137,137-75,0.225,0.0,0.716667,0.716667,0.225,0.158333,0.0,0.764714,0.452685,1.225169,0.421079
difficulty,2D_offset,137,137-76,0.583333,0.483333,0.466667,0.95,0.816667,0.0,0.0,0.579609,0.52096,0.476236,0.358967
difficulty,2D_offset,137,137-77,0.491667,0.533333,0.308333,0.841667,0.766667,0.0,0.008333,0.528168,0.563965,0.419987,0.273579
difficulty,2D_offset,137,137-78,0.483333,0.516667,0.341667,0.858333,0.75,0.0,0.0,0.543599,0.607961,0.440497,0.312902
difficulty,2D_offset,137,137-79,0.441667,0.075,0.666667,0.741667,0.441667,0.091667,0.0,0.721769,0.460376,1.008016,0.495557
difficulty,2D_offset,137,137-80,0.583333,0.266667,0.591667,0.858333,0.583333,0.033333,0.0,0.67861,0.542461,0.792291,0.491238
difficulty,2D_offset,137,137-81,0.308333,0.0,0.691667,0.691667,0.308333,0.133333,0.0,0.751721,0.444632,1.15613,0.438885
difficulty,2D_offset,137,137-82,0.583333,0.441667,0.491667,0.933333,0.666667,0.008333,0.0,0.634858,0.515863,0.609759,0.461763
difficulty,2D_offset,137,137-83,0.55,0.158333,0.641667,0.8,0.55,0.075,0.0,0.700944,0.507906,0.90245,0.494065
difficulty,2D_offset,137,137-84,0.408333,0.508333,0.175,0.683333,0.675,0.0,0.05,0.47114,0.534072,0.418102,0.280598
difficulty,2D_offset,137,137-85,0.5,0.483333,0.441667,0.925,0.741667,0.008333,0.0,0.605659,0.635215,0.549212,0.444328
difficulty,2D_offset,137,137-86,0.308333,0.491667,0.091667,0.583333,0.583333,0.0,0.158333,0.429653,0.55826,0.480004,0.335963
difficulty,2D_offset,137,137-87,0.425,0.525,0.175,0.7,0.666667,0.0,0.016667,0.486803,0.622082,0.410903,0.249503
difficulty,2D_offset,137,137-88,0.391667,0.458333,0.133333,0.591667,0.583333,0.0,0.108333,0.456911,0.600824,0.443044,0.304171
difficulty,2D_offset,137,137-89,0.533333,0.525,0.433333,0.958333,0.775,0.0,0.0,0.58598,0.54403,0.480968,0.37324
difficulty,2D_offset,137,137-90,0.25,0.0,0.641667,0.641667,0.25,0.166667,0.0,0.764715,0.372036,1.230003,0.442523
difficulty,2D_offset,137,137-91,0.65,0.333333,0.6,0.933333,0.65,0.0,0.0,0.65888,0.505079,0.688203,0.425346
difficulty,2D_offset,137,137-92,0.275,0.475,0.083333,0.558333,0.558333,0.0,0.175,0.418184,0.612523,0.503836,0.374463
difficulty,2D_offset,137,137-93,0.55,0.25,0.575,0.825,0.566667,0.066667,0.0,0.678558,0.554487,0.797139,0.519575
difficulty,2D_offset,137,137-94,0.0,0.0,0.0,0.0,0.0,0.508333,0.0,0.863347,0.290462,1.894218,0.394788
difficulty,2D_offset,137,137-95,0.116667,0.0,0.575,0.575,0.116667,0.25,0.0,0.790059,0.366485,1.39199,0.486158
difficulty,2D_offset,137,137-96,0.583333,0.166667,0.675,0.841667,0.583333,0.066667,0.0,0.692636,0.537034,0.856897,0.472762
difficulty,2D_offset,137,137-97,0.183333,0.0,0.741667,0.741667,0.183333,0.125,0.0,0.753703,0.459346,1.155435,0.381265
difficulty,2D_offset,137,137-98,0.233333,0.0,0.666667,0.666667,0.233333,0.183333,0.0,0.764605,0.442007,1.240804,0.49018
difficulty,2D_offset,137,137-99,0.533333,0.25,0.633333,0.883333,0.6,0.016667,0.0,0.67734,0.418902,0.791821,0.466788
difficulty,2D_offset,137,137-100,0.441667,0.483333,0.35,0.833333,0.683333,0.0,0.0,0.545916,0.601692,0.470326,0.311711
difficulty,2D_offset,137,137-101,0.0,0.0,0.0,0.0,0.0,0.433333,0.0,0.857386,0.289341,1.842934,0.384706
difficulty,2D_offset,137,137-102,0.575,0.333333,0.583333,0.916667,0.633333,0.0,0.0,0.654295,0.527942,0.689336,0.469434
difficulty,2D_offset,137,137-103,0.108333,0.0,0.633333,0.633333,0.108333,0.216667,0.0,0.777186,0.392525,1.299399,0.428404
difficulty,2D_offset,137,137-104,0.508333,0.483333,0.441667,0.925,0.733333,0.008333,0.0,0.607552,0.539307,0.552411,0.441797
difficulty,2D_offset,137,137-105,0.0,0.0,0.0,0.0,0.0,0.516667,0.0,0.867232,0.26973,1.93748,0.427825
difficulty,2D_offset,137,137-106,0.0,0.0,0.0,0.0,0.0,0.0,1.0,0.123633,0.191106,2.013063,0.389347
difficulty,2D_offset,137,137-107,0.508333,0.516667,0.416667,0.933333,0.775,0.0,0.0,0.569063,0.527679,0.466366,0.338882
difficulty,2D_offset,137,137-108,0.0,0.0,0.0,0.0,0.0,0.0,1.0,0.128206,0.205444,1.969923,0.385245
difficulty,2D_offset,137,137-109,0.0,0.0,0.408333,0.408333,0.0,0.333333,0.0,0.823968,0.325816,1.604557,0.444687
difficulty,2D_offset,137,137-110,0.408333,0.558333,0.2,0.758333,0.708333,0.0,0.016667,0.493423,0.638018,0.395749,0.241329
difficulty,2D_offset,137,137-111,0.241667,0.0,0.666667,0.666667,0.241667,0.183333,0.0,0.769014,0.433144,1.26311,0.477492
difficulty,2D_offset,137,137-112,0.466667,0.466667,0.366667,0.833333,0.675,0.0,0.016667,0.545082,0.512476,0.488588,0.31893
difficulty,2D_offset,137,137-113,0.483333,0.541667,0.25,0.791667,0.75,0.0,0.041667,0.508217,0.558717,0.417295,0.265367
difficulty,2D_offset,137,137-114,0.491667,0.458333,0.391667,0.85,0.716667,0.0,0.0,0.549152,0.572424,0.472096,0.328536
difficulty,2D_offset,137,137-115,0.533333,0.5,0.433333,0.933333,0.75,0.0,0.0,0.573509,0.502376,0.465984,0.318417
difficulty,2D_offset,137,137-116,0.166667,0.0,0.65,0.65,0.166667,0.183333,0.0,0.770078,0.413342,1.259925,0.437527
difficulty,2D_offset,137,137-117,0.45,0.533333,0.233333,0.766667,0.741667,0.0,0.033333,0.494699,0.553808,0.40262,0.247591
difficulty,2D_offset,137,137-118,0.0,0.15,0.0,0.15,0.15,0.0,0.5,0.298859,0.500152,0.889457,0.426267
difficulty,2D_offset,137,137-119,0.533333,0.458333,0.4,0.858333,0.733333,0.0,0.016667,0.55892,0.575717,0.489724,0.354832
difficulty,2D_offset,137,137-120,0.0,0.0,0.2,0.2,0.0,0.358333,0.0,0.841303,0.324362,1.713843,0.377501
difficulty,2D_offset,137,137-121,0.0,0.0,0.0,0.0,0.0,0.666667,0.0,0.872691,0.258632,1.979636,0.399655
difficulty,2D_offset,137,137-122,0.516667,0.325,0.6,0.925,0.65,0.008333,0.0,0.647776,0.421079,0.676114,0.460627
difficulty,2D_offset,137,137-123,0.25,0.566667,0.016667,0.583333,0.583333,0.0,0.166667,0.414136,0.452847,0.461452,0.362415
difficulty,2D_offset,137,137-124,0.058333,0.341667,0.0,0.341667,0.341667,0.0,0.366667,0.347716,0.48343,0.682681,0.477269
difficulty,2D_offset,137,137-125,0.533333,0.491667,0.466667,0.958333,0.691667,0.0,0.0,0.621731,0.507112,0.560591,0.430776
difficulty,2D_offset,137,137-126,0.558333,0.366667,0.533333,0.9,0.658333,0.016667,0.0,0.645502,0.495572,0.660656,0.490259
difficulty,2D_offset,137,137-127,0.366667,0.491667,0.133333,0.625,0.6,0.0,0.1,0.458879,0.585361,0.440487,0.298263
difficulty,2D_offset,137,137-128,0.591667,0.533333,0.45,0.983333,0.841667,0.0,0.0,0.580704,0.52861,0.451285,0.352402
difficulty,2D_offset,137,137-129,0.416667,0.033333,0.716667,0.75,0.416667,0.1,0.0,0.732414,0.489046,1.055288,0.454876
difficulty,2D_offset,137,137-130,0.533333,0.45,0.45,0.9,0.716667,0.0,0.0,0.590411,0.525404,0.547788,0.39336
difficulty,2D_offset,137,137-131,0.483333,0.433333,0.475,0.908333,0.7,0.0,0.0,0.579073,0.485824,0.515521,0.360915
difficulty,2D_offset,137,137-132,0.516667,0.208333,0.591667,0.8,0.516667,0.058333,0.0,0.699731,0.442755,0.896829,0.504386
difficulty,2D_offset,137,137-133,0.291667,0.466667,0.066667,0.533333,0.533333,0.0,0.216667,0.410564,0.625774,0.538262,0.386336
difficulty,2D_offset,137,137-134,0.5,0.391667,0.516667,0.908333,0.65,0.008333,0.0,0.634913,0.521639,0.667876,0.465723
difficulty,2D_offset,137,137-135,0.608333,0.341667,0.583333,0.925,0.658333,0.016667,0.0,0.654013,0.504625,0.677381,0.46661
difficulty,2D_offset,137,137-136,0.6,0.475,0.483333,0.958333,0.75,0.0,0.0,0.611053,0.510481,0.539195,0.411794
difficulty,2D_offset,137,137-137,0.566667,0.466667,0.5,0.966667,0.766667,0.0,0.0,0.591649,0.409584,0.499241,0.350068
difficulty,2D_offset,137,137-138,0.55,0.441667,0.5,0.941667,0.733333,0.0,0.0,0.607074,0.512277,0.544496,0.39738
difficulty,2D_offset,137,137-139,0.325,0.0,0.666667,0.666667,0.325,0.175,0.0,0.757482,0.419557,1.206184,0.514204
difficulty,2D_offset,137,137-140,0.0,0.0,0.0,0.0,0.0,0.0,0.908333,0.208813,0.426243,1.383917,0.425602
difficulty,2D_offset,137,137-141,0.425,0.025,0.733333,0.758333,0.425,0.083333,0.0,0.732018,0.467874,1.052063,0.449002
difficulty,2D_offset,137,137-142,0.541667,0.466667,0.483333,0.95,0.741667,0.0,0.0,0.613357,0.465943,0.567651,0.426415
difficulty,2D_offset,137,137-143,0.5,0.508333,0.308333,0.816667,0.758333,0.0,0.008333,0.527253,0.514402,0.432732,0.273825
difficulty,2D_offset,137,137-144,0.575,0.475,0.475,0.95,0.725,0.0,0.0,0.617697,0.59458,0.550926,0.426873
difficulty,2D_offset,137,137-145,0.466667,0.208333,0.575,0.783333,0.466667,0.083333,0.0,0.705547,0.440226,0.929667,0.518599
difficulty,2D_offset,137,137-146,0.491667,0.033333,0.766667,0.8,0.491667,0.091667,0.0,0.716903,0.528208,0.977129,0.465506
difficulty,2D_offset,137,137-147,0.508333,0.516667,0.375,0.891667,0.775,0.0,0.0,0.549063,0.515283,0.430179,0.293375
difficulty,2D_offset,137,137-148,0.433333,0.5,0.216667,0.716667,0.691667,0.0,0.083333,0.484963,0.544669,0.441145,0.285906
difficulty,2D_offset,137,137-149,0.591667,0.55,0.441667,0.991667,0.8,0.0,0.0,0.599705,0.581897,0.473782,0.377579
difficulty,2D_offset,137,137-150,0.366667,0.558333,0.108333,0.666667,0.666667,0.0,0.075,0.456236,0.478721,0.406539,0.286829
difficulty,2D_offset,137,137-151,0.0,0.0,0.366667,0.366667,0.0,0.35,0.0,0.829791,0.302777,1.642165,0.429154
difficulty,2D_offset,137,137-152,0.0,0.0,0.0,0.0,0.0,1.0,0.0,0.958102,0.096168,3.154541,0.255088
difficulty,2D_offset,137,137-153,0.408333,0.525,0.141667,0.666667,0.666667,0.0,0.1,0.466822,0.551775,0.428294,0.286423
difficulty,2D_offset,137,137-154,0.0,0.0,0.341667,0.341667,0.0,0.366667,0.0,0.83431,0.284977,1.674696,0.425963
difficulty,2D_offset,137,137-155,0.533333,0.166667,0.641667,0.808333,0.533333,0.041667,0.0,0.700648,0.488617,0.893723,0.459394
difficulty,2D_offset,137,137-156,0.5,0.5,0.425,0.925,0.716667,0.0,0.0,0.590741,0.592281,0.515115,0.391866
difficulty,2D_offset,137,137-157,0.416667,0.041667,0.7,0.741667,0.416667,0.075,0.0,0.728595,0.478739,1.036139,0.459099
difficulty,2D_offset,137,137-158,0.366667,0.008333,0.708333,0.716667,0.366667,0.116667,0.0,0.742448,0.426467,1.10985,0.459288
difficulty,2D_offset,137,137-159,0.541667,0.35,0.533333,0.883333,0.633333,0.033333,0.0,0.657613,0.533167,0.71936,0.510923
difficulty,2D_offset,137,137-160,0.391667,0.475,0.183333,0.658333,0.625,0.0,0.033333,0.479391,0.724453,0.437287,0.271789
difficulty,2D_offset,137,137-161,0.583333,0.466667,0.508333,0.975,0.7,0.0,0.0,0.623721,0.536151,0.557834,0.413195
difficulty,2D_offset,137,137-162,0.366667,0.525,0.108333,0.633333,0.633333,0.0,0.116667,0.441239,0.507372,0.44585,0.344092
difficulty,2D_offset,137,137-163,0.591667,0.233333,0.625,0.858333,0.591667,0.033333,0.0,0.686765,0.534994,0.824065,0.448262
difficulty,2D_offset,137,137-164,0.5,0.508333,0.4,0.908333,0.783333,0.0,0.0,0.560705,0.563082,0.434831,0.320362
difficulty,2D_offset,137,137-165,0.275,0.0,0.65,0.65,0.275,0.166667,0.0,0.760664,0.386553,1.216536,0.483691
difficulty,2D_offset,137,137-166,0.533333,0.483333,0.483333,0.966667,0.741667,0.0,0.0,0.608865,0.600837,0.547977,0.42404
difficulty,2D_offset,137,137-167,0.516667,0.466667,0.466667,0.933333,0.725,0.0,0.0,0.596793,0.515909,0.530704,0.401726
difficulty,2D_offset,137,137-168,0.391667,0.433333,0.183333,0.616667,0.6,0.0,0.108333,0.458064,0.66271,0.472182,0.318854
difficulty,2D_offset,137,137-169,0.625,0.333333,0.541667,0.875,0.625,0.033333,0.0,0.667185,0.572772,0.733408,0.462726
difficulty,2D_offset,137,137-170,0.558333,0.4,0.533333,0.933333,0.691667,0.0,0.0,0.63674,0.546463,0.629474,0.441206
difficulty,2D_offset,137,137-171,0.508333,0.508333,0.416667,0.925,0.75,0.0,0.0,0.572798,0.516542,0.492108,0.342508
difficulty,2D_offset,137,137-172,0.466667,0.383333,0.508333,0.891667,0.641667,0.0,0.0,0.602945,0.572787,0.589679,0.39484
difficulty,2D_offset,137,137-173,0.383333,0.016667,0.733333,0.75,0.383333,0.058333,0.0,0.733931,0.450823,1.054142,0.409451
difficulty,2D_offset,137,137-174,0.525,0.533333,0.408333,0.941667,0.775,0.0,0.0,0.574145,0.558163,0.474182,0.349152
difficulty,2D_offset,137,137-175,0.475,0.525,0.125,0.65,0.65,0.0,0.091667,0.464791,0.472559,0.409405,0.284169
difficulty,2D_offset,137,137-176,0.525,0.183333,0.625,0.808333,0.525,0.066667,0.0,0.701777,0.477328,0.906725,0.500125
difficulty,2D_offset,137,137-177,0.508333,0.333333,0.6,0.933333,0.616667,0.0,0.0,0.655572,0.449205,0.714046,0.456495
difficulty,2D_offset,137,137-178,0.166667,0.416667,0.025,0.441667,0.441667,0.0,0.275,0.383447,0.59278,0.581901,0.423621
difficulty,2D_offset,137,137-179,0.0,0.0,0.0,0.0,0.0,1.0,0.0,0.918393,0.174056,2.462183,0.334974
difficulty,2D_offset,137,137-180,0.416667,0.475,0.25,0.725,0.658333,0.0,0.025,0.495634,0.698563,0.439077,0.285172
difficulty,2D_offset,137,137-181,0.566667,0.525,0.45,0.975,0.791667,0.0,0.0,0.592453,0.529398,0.48731,0.369796
difficulty,2D_offset,137,137-182,0.133333,0.408333,0.0,0.408333,0.408333,0.0,0.291667,0.365275,0.40874,0.606068,0.442994
difficulty,2D_offset,137,137-183,0.516667,0.483333,0.433333,0.916667,0.725,0.0,0.0,0.586993,0.543973,0.517464,0.368108
difficulty,2D_offset,137,137-184,0.475,0.516667,0.233333,0.75,0.708333,0.0,0.008333,0.503537,0.532194,0.425382,0.263619
difficulty,2D_offset,137,137-185,0.483333,0.483333,0.341667,0.825,0.733333,0.0,0.016667,0.533021,0.505872,0.446114,0.283704
difficulty,2D_offset,137,137-186,0.283333,0.525,0.041667,0.566667,0.566667,0.0,0.166667,0.420897,0.521607,0.474764,0.350216
difficulty,2D_offset,137,137-187,0.483333,0.533333,0.283333,0.816667,0.716667,0.0,0.0,0.527562,0.627012,0.422312,0.275339
difficulty,2D_offset,137,137-188,0.475,0.516667,0.241667,0.758333,0.7,0.0,0.016667,0.507796,0.62037,0.430388,0.274914
difficulty,2D_offset,137,137-189,0.441667,0.533333,0.216667,0.75,0.716667,0.0,0.041667,0.495179,0.59482,0.426789,0.26162
difficulty,2D_offset,137,137-190,0.533333,0.491667,0.316667,0.808333,0.775,0.0,0.008333,0.524579,0.461355,0.418775,0.26364
difficulty,2D_offset,137,137-191,0.208333,0.45,0.008333,0.458333,0.458333,0.0,0.275,0.387284,0.603562,0.5698,0.418509
difficulty,2D_offset,137,137-192,0.0,0.075,0.0,0.075,0.075,0.0,0.541667,0.278433,0.535797,0.99725,0.450393
difficulty,2D_offset,137,137-193,0.433333,0.466667,0.3,0.766667,0.7,0.0,0.041667,0.508513,0.574035,0.44387,0.294615
difficulty,2D_offset,137,137-194,0.0,0.0,0.3,0.3,0.0,0.383333,0.0,0.836818,0.316325,1.693592,0.429031
difficulty,2D_offset,137,137-195,0.558333,0.3,0.566667,0.866667,0.575,0.025,0.0,0.674619,0.521626,0.777144,0.499198
difficulty,2D_offset,137,137-196,0.475,0.475,0.375,0.85,0.708333,0.0,0.0,0.545276,0.498945,0.453047,0.310892
difficulty,2D_offset,137,137-197,0.3,0.483333,0.066667,0.55,0.55,0.0,0.208333,0.417449,0.551939,0.512018,0.383623
difficulty,2D_offset,137,137-198,0.533333,0.466667,0.483333,0.95,0.708333,0.0,0.0,0.604102,0.437013,0.542295,0.376513
difficulty,2D_offset,137,137-199,0.55,0.433333,0.525,0.958333,0.716667,0.0,0.0,0.614262,0.504097,0.549355,0.400491
difficulty,2D_offset,369,369-0,0.591667,0.458333,0.491667,0.95,0.725,0.0,0.0,0.626536,0.566488,0.570383,0.430894
difficulty,2D_offset,369,369-1,0.533333,0.566667,0.4,0.966667,0.8,0.0,0.0,0.583782,0.658929,0.463139,0.396547
difficulty,2D_offset,369,369-2,0.2,0.0,0.675,0.675,0.2,0.191667,0.0,0.766158,0.421266,1.24415,0.46783
difficulty,2D_offset,369,369-3,0.508333,0.525,0.258333,0.783333,0.775,0.0,0.016667,0.508782,0.506647,0.404428,0.2521
difficulty,2D_offset,369,369-4,0.533333,0.366667,0.566667,0.933333,0.641667,0.016667,0.0,0.643356,0.499604,0.65364,0.470475
difficulty,2D_offset,369,369-5,0.525,0.408333,0.508333,0.916667,0.658333,0.008333,0.0,0.640291,0.537069,0.639275,0.469543
difficulty,2D_offset,369,369-6,0.483333,0.45,0.3,0.75,0.708333,0.0,0.041667,0.503691,0.507235,0.433867,0.281248
difficulty,2D_offset,369,369-7,0.558333,0.4,0.508333,0.908333,0.666667,0.025,0.0,0.635366,0.549121,0.624263,0.490035
difficulty,2D_offset,369,369-8,0.533333,0.475,0.475,0.95,0.741667,0.0,0.0,0.606825,0.556658,0.544078,0.418075
difficulty,2D_offset,369,369-9,0.0,0.0,0.216667,0.216667,0.0,0.366667,0.0,0.84058,0.322348,1.712141,0.392722
difficulty,2D_offset,369,369-10,0.466667,0.05,0.733333,0.783333,0.466667,0.058333,0.0,0.716985,0.469943,0.971667,0.436332
difficulty,2D_offset,369,369-11,0.0,0.0,0.0,0.0,0.0,0.0,1.0,0.103814,0.126867,2.212164,0.388407
difficulty,2D_offset,369,369-12,0.483333,0.466667,0.366667,0.833333,0.766667,0.0,0.025,0.526468,0.591542,0.427529,0.282566
difficulty,2D_offset,369,369-13,0.508333,0.466667,0.458333,0.925,0.683333,0.0,0.0,0.615511,0.578719,0.568521,0.449215
difficulty,2D_offset,369,369-14,0.0,0.0,0.0,0.0,0.0,0.0,1.0,0.143006,0.360211,1.86061,0.453821
difficulty,2D_offset,369,369-15,0.0,0.0,0.0,0.0,0.0,0.0,1.0,0.172961,0.214476,1.616522,0.403519
difficulty,2D_offset,369,369-16,0.516667,0.408333,0.558333,0.966667,0.675,0.0,0.0,0.630046,0.54231,0.612519,0.432906
difficulty,2D_offset,369,369-17,0.033333,0.308333,0.0,0.308333,0.308333,0.0,0.416667,0.329523,0.523312,0.752077,0.463765
difficulty,2D_offset,369,369-18,0.041667,0.0,0.675,0.675,0.041667,0.175,0.0,0.781432,0.426504,1.318228,0.399791
difficulty,2D_offset,369,369-19,0.483333,0.466667,0.341667,0.808333,0.758333,0.0,0.033333,0.517534,0.483033,0.431777,0.275734
difficulty,2D_offset,369,369-20,0.558333,0.558333,0.408333,0.966667,0.833333,0.0,0.0,0.567394,0.588373,0.425869,0.320707
difficulty,2D_offset,369,369-21,0.358333,0.0,0.725,0.725,0.358333,0.158333,0.0,0.746159,0.452799,1.136298,0.486476
difficulty,2D_offset,369,369-22,0.516667,0.55,0.366667,0.916667,0.841667,0.0,0.0,0.545047,0.566269,0.390082,0.274409
difficulty,2D_offset,369,369-23,0.3,0.0,0.708333,0.708333,0.3,0.133333,0.0,0.754563,0.424414,1.16857,0.423272
difficulty,2D_offset,369,369-24,0.516667,0.5,0.375,0.875,0.783333,0.0,0.016667,0.538718,0.518283,0.431521,0.296687
difficulty,2D_offset,369,369-25,0.466667,0.466667,0.3,0.766667,0.691667,0.0,0.008333,0.520539,0.623151,0.445326,0.283549
difficulty,2D_offset,369,369-26,0.25,0.0,0.65,0.65,0.25,0.183333,0.0,0.763041,0.394136,1.223335,0.454848
difficulty,2D_offset,369,369-27,0.458333,0.508333,0.325,0.833333,0.7,0.0,0.0,0.534609,0.583673,0.448792,0.289648
difficulty,2D_offset,369,369-28,0.325,0.475,0.108333,0.583333,0.583333,0.0,0.166667,0.433056,0.606532,0.481305,0.32561
difficulty,2D_offset,369,369-29,0.575,0.458333,0.5,0.958333,0.725,0.0,0.0,0.621971,0.581926,0.561732,0.42378
difficulty,2D_offset,369,369-30,0.516667,0.266667,0.575,0.841667,0.541667,0.025,0.0,0.679252,0.488427,0.80065,0.492405
difficulty,2D_offset,369,369-31,0.558333,0.458333,0.508333,0.966667,0.75,0.0,0.0,0.601356,0.488684,0.52224,0.38265
difficulty,2D_offset,369,369-32,0.525,0.5,0.366667,0.866667,0.791667,0.0,0.0,0.539115,0.533303,0.413665,0.280796
difficulty,2D_offset,369,369-33,0.0,0.066667,0.0,0.066667,0.066667,0.0,0.608333,0.26772,0.551536,1.055831,0.46285
difficulty,2D_offset,369,369-34,0.483333,0.533333,0.25,0.783333,0.725,0.0,0.008333,0.51047,0.583142,0.406087,0.258605
difficulty,2D_offset,369,369-35,0.491667,0.425,0.416667,0.841667,0.658333,0.0,0.0,0.573006,0.625828,0.51137,0.372774
difficulty,2D_offset,369,369-36,0.475,0.491667,0.3,0.791667,0.733333,0.0,0.008333,0.519907,0.577608,0.43546,0.288938
difficulty,2D_offset,369,369-37,0.6,0.283333,0.566667,0.85,0.6,0.066667,0.0,0.679714,0.555234,0.803376,0.519152
difficulty,2D_offset,369,369-38,0.533333,0.508333,0.458333,0.966667,0.75,0.0,0.0,0.586679,0.609569,0.487541,0.366272
difficulty,2D_offset,369,369-39,0.541667,0.408333,0.483333,0.891667,0.675,0.016667,0.0,0.64089,0.601504,0.640734,0.492164
difficulty,2D_offset,369,369-40,0.466667,0.216667,0.575,0.791667,0.483333,0.058333,0.0,0.69552,0.43417,0.877651,0.508558
difficulty,2D_offset,369,369-41,0.466667,0.525,0.208333,0.733333,0.708333,0.0,0.025,0.493402,0.653118,0.404503,0.257019
difficulty,2D_offset,369,369-42,0.508333,0.5,0.308333,0.808333,0.75,0.0,0.008333,0.52811,0.499249,0.417035,0.261649
difficulty,2D_offset,369,369-43,0.266667,0.466667,0.058333,0.525,0.525,0.0,0.183333,0.416399,0.576565,0.495208,0.36125
difficulty,2D_offset,369,369-44,0.483333,0.533333,0.225,0.758333,0.741667,0.0,0.008333,0.501519,0.557903,0.407541,0.242794
difficulty,2D_offset,369,369-45,0.533333,0.466667,0.491667,0.958333,0.725,0.0,0.0,0.599088,0.486619,0.522679,0.380464
difficulty,2D_offset,369,369-46,0.566667,0.283333,0.575,0.858333,0.566667,0.033333,0.0,0.676417,0.469172,0.780813,0.4903
difficulty,2D_offset,369,369-47,0.425,0.483333,0.208333,0.691667,0.675,0.0,0.083333,0.476283,0.528131,0.437021,0.286398
difficulty,2D_offset,369,369-48,0.516667,0.416667,0.533333,0.95,0.691667,0.0,0.0,0.622951,0.477871,0.594341,0.425557
difficulty,2D_offset,369,369-49,0.083333,0.358333,0.0,0.358333,0.358333,0.0,0.325,0.357098,0.500712,0.631764,0.414463
difficulty,2D_offset,369,369-50,0.325,0.525,0.033333,0.558333,0.558333,0.0,0.133333,0.427058,0.443764,0.432347,0.338649
difficulty,2D_offset,369,369-51,0.533333,0.441667,0.458333,0.9,0.708333,0.025,0.0,0.625276,0.59682,0.607772,0.494413
difficulty,2D_offset,369,369-52,0.008333,0.0,0.683333,0.683333,0.008333,0.166667,0.0,0.779447,0.440696,1.302383,0.380989
difficulty,2D_offset,369,369-53,0.475,0.116667,0.658333,0.775,0.475,0.075,0.0,0.716933,0.42576,0.976595,0.465665
difficulty,2D_offset,369,369-54,0.45,0.491667,0.241667,0.733333,0.675,0.0,0.025,0.499472,0.605919,0.424211,0.275747
difficulty,2D_offset,369,369-55,0.458333,0.033333,0.7,0.733333,0.458333,0.075,0.0,0.723145,0.456263,1.013055,0.483242
difficulty,2D_offset,369,369-56,0.566667,0.4,0.533333,0.933333,0.7,0.0,0.0,0.633014,0.50219,0.61087,0.439385
difficulty,2D_offset,369,369-57,0.491667,0.491667,0.3,0.791667,0.691667,0.0,0.016667,0.523302,0.523838,0.453798,0.293833
difficulty,2D_offset,369,369-58,0.375,0.583333,0.066667,0.65,0.65,0.0,0.075,0.454334,0.422381,0.396375,0.28198
difficulty,2D_offset,369,369-59,0.525,0.425,0.466667,0.891667,0.691667,0.008333,0.0,0.630357,0.501124,0.622409,0.475313
difficulty,2D_offset,369,369-60,0.533333,0.483333,0.358333,0.841667,0.775,0.0,0.008333,0.534157,0.608882,0.436479,0.301055
difficulty,2D_offset,369,369-61,0.0,0.166667,0.0,0.166667,0.166667,0.0,0.491667,0.302397,0.523527,0.881485,0.478763
difficulty,2D_offset,369,369-62,0.558333,0.375,0.566667,0.941667,0.633333,0.008333,0.0,0.646783,0.442596,0.650441,0.43428
difficulty,2D_offset,369,369-63,0.041667,0.341667,0.0,0.341667,0.341667,0.0,0.358333,0.34794,0.440338,0.664913,0.435792
difficulty,2D_offset,369,369-64,0.45,0.516667,0.275,0.791667,0.741667,0.0,0.025,0.510923,0.609122,0.411482,0.265692
difficulty,2D_offset,369,369-65,0.45,0.075,0.7,0.775,0.45,0.1,0.0,0.718717,0.472443,0.987783,0.472851
difficulty,2D_offset,369,369-66,0.433333,0.55,0.1,0.65,0.65,0.0,0.075,0.465144,0.458997,0.384042,0.255615
difficulty,2D_offset,369,369-67,0.383333,0.008333,0.691667,0.7,0.383333,0.133333,0.0,0.744042,0.445944,1.127422,0.497988
difficulty,2D_offset,369,369-68,0.483333,0.116667,0.683333,0.8,0.483333,0.05,0.0,0.708145,0.425216,0.929603,0.453694
difficulty,2D_offset,369,369-69,0.2,0.483333,0.016667,0.5,0.5,0.0,0.275,0.388938,0.609538,0.555098,0.38928
difficulty,2D_offset,369,369-70,0.25,0.0,0.658333,0.658333,0.25,0.158333,0.0,0.761308,0.412997,1.207563,0.428691
difficulty,2D_offset,369,369-71,0.516667,0.5,0.341667,0.841667,0.775,0.0,0.0,0.529842,0.568081,0.429714,0.288093
difficulty,2D_offset,369,369-72,0.475,0.508333,0.275,0.783333,0.741667,0.0,0.041667,0.505128,0.533754,0.426418,0.270703
difficulty,2D_offset,369,369-73,0.533333,0.308333,0.575,0.883333,0.6,0.033333,0.0,0.669996,0.498854,0.771176,0.480003
difficulty,2D_offset,369,369-74,0.0,0.0,0.516667,0.516667,0.0,0.283333,0.0,0.808698,0.345586,1.499969,0.441852
difficulty,2D_offset,369,369-75,0.641667,0.283333,0.616667,0.9,0.641667,0.008333,0.0,0.670109,0.568094,0.742629,0.435264
difficulty,2D_offset,369,369-76,0.566667,0.441667,0.508333,0.95,0.741667,0.0,0.0,0.613116,0.553873,0.567792,0.423998
difficulty,2D_offset,369,369-77,0.525,0.258333,0.55,0.808333,0.533333,0.05,0.0,0.687223,0.470672,0.837279,0.510681
difficulty,2D_offset,369,369-78,0.5,0.108333,0.683333,0.791667,0.5,0.075,0.0,0.711703,0.477778,0.955458,0.491958
difficulty,2D_offset,369,369-79,0.0,0.0,0.0,0.0,0.0,0.566667,0.0,0.867584,0.275706,1.928226,0.378971
difficulty,2D_offset,369,369-80,0.566667,0.183333,0.666667,0.85,0.566667,0.033333,0.0,0.690118,0.480668,0.841477,0.459476
difficulty,2D_offset,369,369-81,0.55,0.458333,0.483333,0.941667,0.708333,0.0,0.0,0.627753,0.486463,0.585769,0.44383
difficulty,2D_offset,369,369-82,0.15,0.0,0.583333,0.583333,0.15,0.241667,0.0,0.780609,0.345817,1.320818,0.431912
difficulty,2D_offset,369,369-83,0.466667,0.558333,0.216667,0.775,0.766667,0.0,0.025,0.500101,0.546412,0.40814,0.246453
difficulty,2D_offset,369,369-84,0.316667,0.0,0.7,0.7,0.316667,0.133333,0.0,0.755848,0.453262,1.179586,0.440629
difficulty,2D_offset,369,369-85,0.0,0.0,0.0,0.0,0.0,0.358333,0.0,0.85086,0.318886,1.779744,0.342671
difficulty,2D_offset,369,369-86,0.4,0.475,0.175,0.65,0.65,0.0,0.108333,0.458396,0.625796,0.460479,0.31286
difficulty,2D_offset,369,369-87,0.541667,0.066667,0.741667,0.808333,0.541667,0.041667,0.0,0.704548,0.510865,0.90789,0.429694
difficulty,2D_offset,369,369-88,0.541667,0.1,0.691667,0.791667,0.541667,0.05,0.0,0.704638,0.539517,0.912978,0.455575
difficulty,2D_offset,369,369-89,0.283333,0.566667,0.05,0.616667,0.616667,0.0,0.158333,0.42578,0.501854,0.452524,0.32733
difficulty,2D_offset,369,369-90,0.0,0.016667,0.0,0.016667,0.016667,0.0,0.625,0.261122,0.479925,1.087353,0.445112
difficulty,2D_offset,369,369-91,0.0,0.0,0.0,0.0,0.0,1.0,0.0,0.91358,0.19595,2.381326,0.253705
difficulty,2D_offset,369,369-92,0.0,0.016667,0.0,0.016667,0.016667,0.0,0.658333,0.254486,0.442317,1.118644,0.423518
difficulty,2D_offset,369,369-93,0.033333,0.0,0.641667,0.641667,0.033333,0.2,0.0,0.788119,0.404105,1.358144,0.397529
difficulty,2D_offset,369,369-94,0.0,0.0,0.333333,0.333333,0.0,0.375,0.0,0.835685,0.305273,1.681732,0.416273
difficulty,2D_offset,369,369-95,0.283333,0.475,0.05,0.525,0.525,0.0,0.175,0.421629,0.582041,0.47518,0.3393
difficulty,2D_offset,369,369-96,0.45,0.508333,0.275,0.783333,0.7,0.0,0.0,0.517249,0.669239,0.44272,0.278559
difficulty,2D_offset,369,369-97,0.0,0.108333,0.0,0.108333,0.108333,0.0,0.508333,0.294191,0.490716,0.919803,0.466298
difficulty,2D_offset,369,369-98,0.533333,0.5,0.316667,0.816667,0.775,0.0,0.016667,0.526491,0.514925,0.421756,0.276427
difficulty,2D_offset,369,369-99,0.0,0.0,0.0,0.0,0.0,0.0,1.0,0.177898,0.318049,1.579563,0.394155
difficulty,2D_offset,369,369-100,0.0,0.0,0.0,0.0,0.0,1.0,0.0,0.887147,0.239661,2.101206,0.333508
difficulty,2D_offset,369,369-101,0.466667,0.516667,0.208333,0.725,0.708333,0.0,0.033333,0.484495,0.540708,0.399159,0.256597
difficulty,2D_offset,369,369-102,0.55,0.5,0.366667,0.866667,0.775,0.0,0.0,0.548502,0.498492,0.428134,0.281522
difficulty,2D_offset,369,369-103,0.0,0.025,0.0,0.025,0.025,0.0,0.683333,0.254887,0.489832,1.121321,0.447078
difficulty,2D_offset,369,369-104,0.483333,0.083333,0.708333,0.791667,0.483333,0.05,0.0,0.714709,0.496984,0.961139,0.444084
difficulty,2D_offset,369,369-105,0.591667,0.366667,0.55,0.916667,0.641667,0.016667,0.0,0.648539,0.532064,0.660242,0.479008
difficulty,2D_offset,369,369-106,0.316667,0.0,0.641667,0.641667,0.316667,0.15,0.0,0.755845,0.396789,1.191543,0.492437
difficulty,2D_offset,369,369-107,0.55,0.4,0.516667,0.916667,0.65,0.0,0.0,0.640261,0.475314,0.632431,0.465401
difficulty,2D_offset,369,369-108,0.533333,0.516667,0.416667,0.933333,0.766667,0.0,0.0,0.572095,0.546787,0.468282,0.350374
difficulty,2D_offset,369,369-109,0.533333,0.516667,0.408333,0.925,0.783333,0.0,0.0,0.578908,0.567319,0.482656,0.378219
difficulty,2D_offset,369,369-110,0.0,0.0,0.275,0.275,0.0,0.358333,0.0,0.837426,0.305625,1.698162,0.429504
difficulty,2D_offset,369,369-111,0.5,0.2,0.625,0.825,0.508333,0.041667,0.0,0.694803,0.422742,0.869851,0.487057
difficulty,2D_offset,369,369-112,0.316667,0.508333,0.091667,0.6,0.591667,0.0,0.116667,0.440321,0.589137,0.460743,0.339743
difficulty,2D_offset,369,369-113,0.558333,0.375,0.516667,0.891667,0.658333,0.008333,0.0,0.651046,0.538025,0.681615,0.497765
difficulty,2D_offset,369,369-114,0.541667,0.391667,0.533333,0.925,0.641667,0.008333,0.0,0.639193,0.536338,0.6307,0.464469
difficulty,2D_offset,369,369-115,0.45,0.508333,0.208333,0.716667,0.683333,0.0,0.05,0.489859,0.612378,0.428085,0.272782
difficulty,2D_offset,369,369-116,0.541667,0.508333,0.458333,0.966667,0.791667,0.0,0.0,0.586617,0.569505,0.483692,0.367804
difficulty,2D_offset,369,369-117,0.391667,0.516667,0.125,0.641667,0.641667,0.0,0.15,0.453605,0.474164,0.439914,0.290477
difficulty,2D_offset,369,369-118,0.416667,0.041667,0.683333,0.725,0.416667,0.133333,0.0,0.731729,0.471908,1.063141,0.505938
difficulty,2D_offset,369,369-119,0.475,0.133333,0.608333,0.741667,0.475,0.083333,0.0,0.717457,0.458854,0.990156,0.516149
difficulty,2D_offset,369,369-120,0.083333,0.358333,0.0,0.358333,0.358333,0.0,0.35,0.350561,0.534336,0.666809,0.440393
difficulty,2D_offset,369,369-121,0.158333,0.45,0.0,0.45,0.45,0.0,0.275,0.37546,0.526135,0.588006,0.439369
difficulty,2D_offset,369,369-122,0.433333,0.008333,0.741667,0.75,0.433333,0.091667,0.0,0.731565,0.471907,1.05204,0.459808
difficulty,2D_offset,369,369-123,0.091667,0.0,0.616667,0.616667,0.091667,0.216667,0.0,0.783486,0.388373,1.336434,0.425374
difficulty,2D_offset,369,369-124,0.0,0.0,0.0,0.0,0.0,0.0,0.716667,0.245414,0.430164,1.173833,0.447352
difficulty,2D_offset,369,369-125,0.4,0.0,0.741667,0.741667,0.4,0.091667,0.0,0.736742,0.489724,1.070797,0.417201
difficulty,2D_offset,369,369-126,0.583333,0.175,0.666667,0.841667,0.583333,0.05,0.0,0.693114,0.524172,0.864914,0.499109
difficulty,2D_offset,369,369-127,0.125,0.0,0.6,0.6,0.125,0.25,0.0,0.784904,0.369561,1.360657,0.48844
difficulty,2D_offset,369,369-128,0.608333,0.3,0.616667,0.916667,0.616667,0.0,0.0,0.666498,0.489053,0.725437,0.435449
difficulty,2D_offset,369,369-129,0.0,0.0,0.175,0.175,0.0,0.325,0.0,0.839984,0.333532,1.708052,0.398385
difficulty,2D_offset,369,369-130,0.483333,0.175,0.6,0.775,0.483333,0.066667,0.0,0.708187,0.460532,0.939957,0.503395
difficulty,2D_offset,369,369-131,0.541667,0.291667,0.558333,0.85,0.566667,0.033333,0.0,0.674198,0.512959,0.772106,0.488477
difficulty,2D_offset,369,369-132,0.55,0.308333,0.575,0.883333,0.591667,0.025,0.0,0.667095,0.536472,0.741429,0.478892
difficulty,2D_offset,369,369-133,0.058333,0.358333,0.0,0.358333,0.358333,0.0,0.366667,0.346597,0.478668,0.680312,0.455948
difficulty,2D_offset,369,369-134,0.558333,0.483333,0.458333,0.941667,0.758333,0.008333,0.0,0.612581,0.664597,0.551168,0.447332
difficulty,2D_offset,369,369-135,0.0,0.0,0.0,0.0,0.0,0.566667,0.0,0.864129,0.288451,1.895748,0.370038
difficulty,2D_offset,369,369-136,0.008333,0.0,0.633333,0.633333,0.008333,0.2,0.0,0.787217,0.417293,1.356451,0.414707
difficulty,2D_offset,369,369-137,0.408333,0.491667,0.2,0.691667,0.675,0.0,0.041667,0.480393,0.600251,0.424612,0.265327
difficulty,2D_offset,369,369-138,0.383333,0.0,0.733333,0.733333,0.383333,0.133333,0.0,0.739871,0.486777,1.099397,0.474374
difficulty,2D_offset,369,369-139,0.583333,0.366667,0.5,0.866667,0.608333,0.025,0.0,0.661376,0.574848,0.712864,0.496391
difficulty,2D_offset,369,369-140,0.066667,0.383333,0.0,0.383333,0.383333,0.0,0.358333,0.352862,0.473161,0.652791,0.447375
difficulty,2D_offset,369,369-141,0.433333,0.525,0.258333,0.783333,0.708333,0.0,0.033333,0.508388,0.621573,0.43096,0.291363
difficulty,2D_offset,369,369-142,0.0,0.133333,0.0,0.133333,0.133333,0.0,0.466667,0.30594,0.434437,0.855109,0.428596
difficulty,2D_offset,369,369-143,0.375,0.0,0.741667,0.741667,0.375,0.125,0.0,0.740039,0.449667,1.095687,0.454169
difficulty,2D_offset,369,369-144,0.541667,0.55,0.333333,0.883333,0.8,0.0,0.0,0.544645,0.630583,0.422689,0.317934
difficulty,2D_offset,369,369-145,0.308333,0.491667,0.058333,0.55,0.55,0.0,0.158333,0.421741,0.505665,0.469799,0.355279
difficulty,2D_offset,369,369-146,0.591667,0.35,0.566667,0.916667,0.658333,0.0,0.0,0.651893,0.524753,0.676595,0.451639
difficulty,2D_offset,369,369-147,0.516667,0.4,0.533333,0.933333,0.675,0.0,0.0,0.628311,0.484736,0.617509,0.438806
difficulty,2D_offset,369,369-148,0.466667,0.483333,0.233333,0.716667,0.691667,0.0,0.066667,0.488644,0.526369,0.419149,0.263017
difficulty,2D_offset,369,369-149,0.316667,0.0,0.708333,0.708333,0.316667,0.141667,0.0,0.749856,0.422656,1.146085,0.440177
difficulty,2D_offset,369,369-150,0.541667,0.233333,0.6,0.833333,0.541667,0.025,0.0,0.687899,0.476511,0.835781,0.487616
difficulty,2D_offset,369,369-151,0.5,0.491667,0.383333,0.875,0.741667,0.0,0.0,0.555594,0.552315,0.45787,0.330793
difficulty,2D_offset,369,369-152,0.583333,0.491667,0.475,0.966667,0.775,0.0,0.0,0.610501,0.608487,0.53021,0.416155
difficulty,2D_offset,369,369-153,0.241667,0.0,0.633333,0.633333,0.241667,0.183333,0.0,0.765813,0.413636,1.243538,0.473137
difficulty,2D_offset,369,369-154,0.0,0.0,0.0,0.0,0.0,0.0,0.791667,0.226675,0.455689,1.285545,0.465929
difficulty,2D_offset,369,369-155,0.1,0.0,0.616667,0.616667,0.1,0.225,0.0,0.785373,0.381154,1.353923,0.449796
difficulty,2D_offset,369,369-156,0.458333,0.516667,0.166667,0.683333,0.683333,0.0,0.075,0.46854,0.444719,0.408286,0.283935
difficulty,2D_offset,369,369-157,0.516667,0.483333,0.408333,0.891667,0.741667,0.0,0.008333,0.558805,0.475077,0.463035,0.314558
difficulty,2D_offset,369,369-158,0.425,0.025,0.708333,0.733333,0.425,0.058333,0.0,0.728653,0.419195,1.03003,0.428288
difficulty,2D_offset,369,369-159,0.466667,0.508333,0.35,0.858333,0.716667,0.0,0.0,0.549458,0.567234,0.46315,0.30847
difficulty,2D_offset,369,369-160,0.0,0.0,0.6,0.6,0.0,0.191667,0.0,0.792425,0.392256,1.380217,0.376421
difficulty,2D_offset,369,369-161,0.433333,0.558333,0.158333,0.716667,0.708333,0.0,0.058333,0.480114,0.525439,0.416225,0.257684
difficulty,2D_offset,369,369-162,0.5,0.483333,0.458333,0.941667,0.758333,0.0,0.0,0.582974,0.482843,0.499061,0.36456
difficulty,2D_offset,369,369-163,0.0,0.0,0.0,0.0,0.0,0.0,1.0,0.156232,0.315883,1.742756,0.411339
difficulty,2D_offset,369,369-164,0.225,0.0,0.616667,0.616667,0.225,0.208333,0.0,0.773143,0.386561,1.290298,0.490255
difficulty,2D_offset,369,369-165,0.258333,0.5,0.041667,0.541667,0.541667,0.0,0.191667,0.409658,0.521189,0.502381,0.361735
difficulty,2D_offset,369,369-166,0.0,0.0,0.516667,0.516667,0.0,0.266667,0.0,0.814489,0.35599,1.537128,0.439578
difficulty,2D_offset,369,369-167,0.5,0.15,0.641667,0.791667,0.5,0.083333,0.0,0.707244,0.481478,0.932638,0.493019
difficulty,2D_offset,369,369-168,0.033333,0.0,0.591667,0.591667,0.033333,0.258333,0.0,0.787733,0.397106,1.371423,0.463506
difficulty,2D_offset,369,369-169,0.45,0.525,0.291667,0.816667,0.716667,0.0,0.025,0.522379,0.576188,0.452987,0.295634
difficulty,2D_offset,369,369-170,0.533333,0.258333,0.566667,0.825,0.541667,0.05,0.0,0.682231,0.486286,0.814005,0.51399
difficulty,2D_offset,369,369-171,0.483333,0.458333,0.375,0.833333,0.691667,0.0,0.016667,0.54682,0.51572,0.47411,0.319325
difficulty,2D_offset,369,369-172,0.575,0.433333,0.5,0.933333,0.733333,0.0,0.0,0.602875,0.490483,0.542922,0.391789
difficulty,2D_offset,369,369-173,0.566667,0.408333,0.541667,0.95,0.65,0.0,0.0,0.627838,0.458276,0.596749,0.415016
difficulty,2D_offset,369,369-174,0.483333,0.45,0.45,0.9,0.7,0.033333,0.0,0.625308,0.599423,0.625723,0.503342
difficulty,2D_offset,369,369-175,0.466667,0.533333,0.266667,0.8,0.733333,0.0,0.0,0.513768,0.588912,0.420833,0.263622
difficulty,2D_offset,369,369-176,0.541667,0.3,0.583333,0.883333,0.641667,0.016667,0.0,0.65762,0.516885,0.709985,0.47206
difficulty,2D_offset,369,369-177,0.35,0.0,0.675,0.675,0.35,0.175,0.0,0.747139,0.458182,1.148808,0.51574
difficulty,2D_offset,369,369-178,0.441667,0.516667,0.241667,0.758333,0.708333,0.0,0.016667,0.506517,0.601044,0.414188,0.263284
difficulty,2D_offset,369,369-179,0.1,0.375,0.008333,0.383333,0.383333,0.0,0.35,0.361026,0.653495,0.648745,0.450704
difficulty,2D_offset,369,369-180,0.6,0.4,0.525,0.925,0.666667,0.0,0.0,0.644659,0.506786,0.644934,0.457714
difficulty,2D_offset,369,369-181,0.55,0.425,0.491667,0.916667,0.65,0.025,0.0,0.635804,0.541079,0.629264,0.473257
difficulty,2D_offset,369,369-182,0.566667,0.266667,0.591667,0.858333,0.583333,0.033333,0.0,0.677983,0.504583,0.789467,0.482035
difficulty,2D_offset,369,369-183,0.508333,0.458333,0.45,0.908333,0.725,0.0,0.0,0.603822,0.569634,0.550576,0.434784
difficulty,2D_offset,369,369-184,0.475,0.441667,0.458333,0.9,0.675,0.0,0.0,0.587302,0.558036,0.534351,0.378744
difficulty,2D_offset,369,369-185,0.15,0.45,0.0,0.45,0.45,0.0,0.291667,0.374105,0.508336,0.581185,0.449721
difficulty,2D_offset,369,369-186,0.5,0.5,0.3,0.8,0.741667,0.0,0.033333,0.519845,0.545952,0.443085,0.286842
difficulty,2D_offset,369,369-187,0.55,0.483333,0.408333,0.891667,0.716667,0.0,0.0,0.574293,0.534163,0.500927,0.354636
difficulty,2D_offset,369,369-188,0.425,0.483333,0.183333,0.666667,0.658333,0.0,0.091667,0.46497,0.610851,0.449972,0.299466
difficulty,2D_offset,369,369-189,0.508333,0.475,0.458333,0.933333,0.725,0.0,0.0,0.61694,0.564808,0.56712,0.448589
difficulty,2D_offset,369,369-190,0.566667,0.358333,0.533333,0.891667,0.633333,0.025,0.0,0.653078,0.546806,0.68996,0.480095
difficulty,2D_offset,369,369-191,0.525,0.483333,0.458333,0.941667,0.708333,0.0,0.0,0.617361,0.570652,0.569966,0.443307
difficulty,2D_offset,369,369-192,0.5,0.5,0.358333,0.858333,0.733333,0.0,0.0,0.547235,0.532639,0.457213,0.315689
difficulty,2D_offset,369,369-193,0.533333,0.441667,0.508333,0.95,0.741667,0.0,0.0,0.606819,0.533582,0.554007,0.409336
difficulty,2D_offset,369,369-194,0.55,0.275,0.591667,0.866667,0.566667,0.033333,0.0,0.673183,0.482865,0.768874,0.498507
difficulty,2D_offset,369,369-195,0.0,0.0,0.0,0.0,0.0,0.0,1.0,0.137903,0.203979,1.884331,0.383825
difficulty,2D_offset,369,369-196,0.491667,0.558333,0.308333,0.866667,0.808333,0.0,0.0,0.525954,0.638134,0.39411,0.268957
difficulty,2D_offset,369,369-197,0.0,0.283333,0.0,0.283333,0.283333,0.0,0.408333,0.332714,0.419,0.730194,0.445645
difficulty,2D_offset,369,369-198,0.591667,0.3,0.583333,0.883333,0.6,0.008333,0.0,0.668263,0.530725,0.740049,0.478956
difficulty,2D_offset,369,369-199,0.0,0.025,0.0,0.025,0.025,0.0,0.683333,0.251558,0.471342,1.153175,0.505355
difficulty,2D_offset,1024,1024-0,0.516667,0.458333,0.375,0.833333,0.716667,0.0,0.0,0.545367,0.535826,0.461811,0.311628
difficulty,2D_offset,1024,1024-1,0.55,0.508333,0.425,0.933333,0.75,0.0,0.0,0.584382,0.547478,0.498292,0.382438
difficulty,2D_offset,1024,1024-2,0.0,0.0,0.0,0.0,0.0,0.966667,0.0,0.878292,0.27174,2.008847,0.312305
difficulty,2D_offset,1024,1024-3,0.516667,0.491667,0.483333,0.975,0.725,0.0,0.0,0.607935,0.570636,0.521812,0.406788
difficulty,2D_offset,1024,1024-4,0.016667,0.0,0.508333,0.508333,0.016667,0.275,0.0,0.805285,0.351537,1.479999,0.450883
difficulty,2D_offset,1024,1024-5,0.5,0.25,0.575,0.825,0.508333,0.058333,0.0,0.689209,0.430699,0.846786,0.509794
difficulty,2D_offset,1024,1024-6,0.483333,0.458333,0.475,0.933333,0.733333,0.0,0.0,0.578959,0.525236,0.499965,0.362631
difficulty,2D_offset,1024,1024-7,0.475,0.533333,0.241667,0.775,0.75,0.0,0.025,0.502986,0.524423,0.407767,0.248295
difficulty,2D_offset,1024,1024-8,0.525,0.533333,0.341667,0.875,0.758333,0.0,0.008333,0.5496,0.557488,0.441503,0.300311
difficulty,2D_offset,1024,1024-9,0.541667,0.233333,0.641667,0.875,0.55,0.016667,0.0,0.680093,0.447422,0.794234,0.466004
difficulty,2D_offset,1024,1024-10,0.166667,0.441667,0.0,0.441667,0.441667,0.0,0.283333,0.370004,0.537748,0.612667,0.461879
difficulty,2D_offset,1024,1024-11,0.466667,0.508333,0.308333,0.816667,0.683333,0.0,0.016667,0.537065,0.625532,0.448792,0.299579
difficulty,2D_offset,1024,1024-12,0.0,0.0,0.55,0.55,0.0,0.241667,0.0,0.804064,0.377873,1.465292,0.42709
difficulty,2D_offset,1024,1024-13,0.45,0.1,0.641667,0.741667,0.45,0.108333,0.0,0.724084,0.429163,1.025537,0.52011
difficulty,2D_offset,1024,1024-14,0.591667,0.4,0.533333,0.933333,0.675,0.016667,0.0,0.641458,0.517533,0.637749,0.460509
difficulty,2D_offset,1024,1024-15,0.458333,0.55,0.325,0.875,0.758333,0.0,0.0,0.539943,0.601408,0.421454,0.295087
difficulty,2D_offset,1024,1024-16,0.383333,0.466667,0.175,0.641667,0.641667,0.0,0.116667,0.456875,0.626865,0.457603,0.301753
difficulty,2D_offset,1024,1024-17,0.0,0.0,0.05,0.05,0.0,0.441667,0.0,0.855503,0.28933,1.832289,0.402855
difficulty,2D_offset,1024,1024-18,0.533333,0.233333,0.6,0.833333,0.541667,0.041667,0.0,0.687968,0.498572,0.838971,0.50074
difficulty,2D_offset,1024,1024-19,0.375,0.558333,0.083333,0.641667,0.641667,0.0,0.141667,0.442701,0.523202,0.456753,0.315716
difficulty,2D_offset,1024,1024-20,0.408333,0.55,0.116667,0.666667,0.65,0.0,0.091667,0.457706,0.639891,0.423038,0.275701
difficulty,2D_offset,1024,1024-21,0.491667,0.491667,0.325,0.816667,0.75,0.0,0.025,0.526314,0.536309,0.424701,0.27249
difficulty,2D_offset,1024,1024-22,0.458333,0.466667,0.366667,0.833333,0.716667,0.0,0.016667,0.536788,0.561395,0.451271,0.310648
difficulty,2D_offset,1024,1024-23,0.583333,0.25,0.608333,0.858333,0.591667,0.016667,0.0,0.676477,0.55003,0.778959,0.47307
difficulty,2D_offset,1024,1024-24,0.316667,0.0,0.675,0.675,0.316667,0.15,0.0,0.754915,0.453936,1.179126,0.461917
difficulty,2D_offset,1024,1024-25,0.541667,0.508333,0.466667,0.975,0.758333,0.0,0.0,0.595806,0.491335,0.508128,0.361921
difficulty,2D_offset,1024,1024-26,0.341667,0.0,0.725,0.725,0.341667,0.141667,0.0,0.749691,0.43947,1.146901,0.447412
difficulty,2D_offset,1024,1024-27,0.241667,0.483333,0.033333,0.516667,0.516667,0.0,0.2,0.40727,0.564648,0.501449,0.362982
difficulty,2D_offset,1024,1024-28,0.625,0.341667,0.541667,0.883333,0.65,0.016667,0.0,0.659612,0.581236,0.700543,0.468443
difficulty,2D_offset,1024,1024-29,0.6,0.258333,0.6,0.858333,0.6,0.033333,0.0,0.682378,0.55464,0.807253,0.472881
difficulty,2D_offset,1024,1024-30,0.283333,0.0,0.733333,0.733333,0.283333,0.133333,0.0,0.749116,0.479077,1.141342,0.436371
difficulty,2D_offset,1024,1024-31,0.4,0.0,0.7,0.7,0.4,0.133333,0.0,0.739762,0.462326,1.10451,0.498901
difficulty,2D_offset,1024,1024-32,0.5,0.041667,0.775,0.816667,0.5,0.05,0.0,0.714372,0.539291,0.956776,0.42677
difficulty,2D_offset,1024,1024-33,0.0,0.033333,0.0,0.033333,0.033333,0.0,0.575,0.276307,0.401943,1.002038,0.417397
difficulty,2D_offset,1024,1024-34,0.466667,0.508333,0.266667,0.775,0.725,0.0,0.008333,0.507807,0.636589,0.405274,0.258067
difficulty,2D_offset,1024,1024-35,0.05,0.383333,0.0,0.383333,0.383333,0.0,0.341667,0.358151,0.428751,0.62177,0.446499
difficulty,2D_offset,1024,1024-36,0.541667,0.533333,0.4,0.933333,0.758333,0.0,0.0,0.571454,0.520159,0.463306,0.32412
difficulty,2D_offset,1024,1024-37,0.0,0.091667,0.0,0.091667,0.091667,0.0,0.558333,0.282924,0.412721,0.971268,0.434895
difficulty,2D_offset,1024,1024-38,0.425,0.058333,0.7,0.758333,0.425,0.108333,0.0,0.729078,0.44889,1.043267,0.480982
difficulty,2D_offset,1024,1024-39,0.541667,0.508333,0.325,0.833333,0.758333,0.0,0.0,0.539141,0.582921,0.436998,0.301732
difficulty,2D_offset,1024,1024-40,0.4,0.05,0.683333,0.733333,0.4,0.091667,0.0,0.735552,0.445117,1.074297,0.46667
difficulty,2D_offset,1024,1024-41,0.458333,0.533333,0.233333,0.766667,0.716667,0.0,0.05,0.49806,0.571909,0.428408,0.269733
difficulty,2D_offset,1024,1024-42,0.5,0.516667,0.383333,0.9,0.766667,0.0,0.0,0.574449,0.615528,0.487276,0.397699
difficulty,2D_offset,1024,1024-43,0.433333,0.066667,0.675,0.741667,0.433333,0.058333,0.0,0.722002,0.435178,1.002779,0.4649
difficulty,2D_offset,1024,1024-44,0.45,0.541667,0.141667,0.683333,0.683333,0.0,0.05,0.473724,0.443855,0.386753,0.249433
difficulty,2D_offset,1024,1024-45,0.0,0.091667,0.0,0.091667,0.091667,0.0,0.6,0.277797,0.541532,1.001495,0.457477
difficulty,2D_offset,1024,1024-46,0.0,0.0,0.0,0.0,0.0,1.0,0.0,0.884045,0.249554,2.077276,0.364391
difficulty,2D_offset,1024,1024-47,0.058333,0.275,0.0,0.275,0.275,0.0,0.375,0.333351,0.512704,0.740087,0.451273
difficulty,2D_offset,1024,1024-48,0.541667,0.266667,0.608333,0.875,0.583333,0.016667,0.0,0.671532,0.45967,0.768155,0.476581
difficulty,2D_offset,1024,1024-49,0.408333,0.05,0.675,0.725,0.408333,0.116667,0.0,0.730205,0.457723,1.05324,0.499626
difficulty,2D_offset,1024,1024-50,0.583333,0.275,0.633333,0.908333,0.6,0.025,0.0,0.673883,0.524166,0.764554,0.456497
difficulty,2D_offset,1024,1024-51,0.0,0.175,0.0,0.175,0.175,0.0,0.441667,0.311072,0.428758,0.829234,0.422503
difficulty,2D_offset,1024,1024-52,0.508333,0.183333,0.608333,0.791667,0.508333,0.075,0.0,0.701811,0.472411,0.911405,0.520306
difficulty,2D_offset,1024,1024-53,0.583333,0.308333,0.616667,0.925,0.608333,0.016667,0.0,0.660628,0.477553,0.704837,0.465617
difficulty,2D_offset,1024,1024-54,0.5,0.208333,0.55,0.758333,0.5,0.083333,0.0,0.708153,0.475998,0.945565,0.529614
difficulty,2D_offset,1024,1024-55,0.0,0.0,0.0,0.0,0.0,0.0,0.75,0.238851,0.402646,1.212074,0.453431
difficulty,2D_offset,1024,1024-56,0.558333,0.5,0.433333,0.933333,0.758333,0.0,0.0,0.591373,0.556079,0.507062,0.389242
difficulty,2D_offset,1024,1024-57,0.466667,0.458333,0.291667,0.75,0.716667,0.0,0.033333,0.502574,0.520741,0.423443,0.265023
difficulty,2D_offset,1024,1024-58,0.233333,0.458333,0.025,0.483333,0.483333,0.0,0.225,0.396526,0.481569,0.515542,0.387279
difficulty,2D_offset,1024,1024-59,0.525,0.508333,0.441667,0.95,0.775,0.0,0.0,0.580456,0.56552,0.484492,0.361358
difficulty,2D_offset,1024,1024-60,0.075,0.35,0.0,0.35,0.35,0.0,0.375,0.354679,0.575748,0.651404,0.421587
difficulty,2D_offset,1024,1024-61,0.541667,0.483333,0.475,0.958333,0.75,0.0,0.0,0.604372,0.494288,0.522334,0.401339
difficulty,2D_offset,1024,1024-62,0.441667,0.541667,0.15,0.691667,0.691667,0.0,0.083333,0.475023,0.499318,0.404726,0.264153
difficulty,2D_offset,1024,1024-63,0.525,0.466667,0.433333,0.9,0.758333,0.0,0.0,0.564837,0.498924,0.477452,0.32142
difficulty,2D_offset,1024,1024-64,0.475,0.55,0.383333,0.933333,0.775,0.0,0.0,0.560734,0.583222,0.44938,0.328692
difficulty,2D_offset,1024,1024-65,0.0,0.025,0.0,0.025,0.025,0.0,0.591667,0.268235,0.40769,1.045385,0.424339
difficulty,2D_offset,1024,1024-66,0.516667,0.458333,0.5,0.958333,0.75,0.0,0.0,0.593541,0.54678,0.51869,0.393834
difficulty,2D_offset,1024,1024-67,0.591667,0.275,0.633333,0.908333,0.608333,0.016667,0.0,0.66848,0.515789,0.739892,0.465353
difficulty,2D_offset,1024,1024-68,0.441667,0.491667,0.241667,0.733333,0.716667,0.0,0.05,0.494179,0.567176,0.409548,0.273419
difficulty,2D_offset,1024,1024-69,0.525,0.483333,0.491667,0.975,0.766667,0.0,0.0,0.59848,0.54316,0.52094,0.405604
difficulty,2D_offset,1024,1024-70,0.583333,0.416667,0.55,0.966667,0.675,0.0,0.0,0.636432,0.512216,0.611334,0.438482
difficulty,2D_offset,1024,1024-71,0.625,0.466667,0.475,0.941667,0.716667,0.008333,0.0,0.629807,0.582004,0.583776,0.448597
difficulty,2D_offset,1024,1024-72,0.441667,0.483333,0.283333,0.766667,0.716667,0.0,0.025,0.5062,0.53738,0.425539,0.273358
difficulty,2D_offset,1024,1024-73,0.516667,0.491667,0.441667,0.933333,0.733333,0.0,0.0,0.597194,0.537392,0.537295,0.409397
difficulty,2D_offset,1024,1024-74,0.483333,0.508333,0.35,0.858333,0.758333,0.0,0.0,0.537972,0.555811,0.433598,0.299582
difficulty,2D_offset,1024,1024-75,0.541667,0.433333,0.491667,0.925,0.708333,0.008333,0.0,0.626416,0.555044,0.588245,0.461368
difficulty,2D_offset,1024,1024-76,0.0,0.0,0.0,0.0,0.0,0.475,0.0,0.861203,0.290186,1.865695,0.348202
difficulty,2D_offset,1024,1024-77,0.35,0.0,0.7,0.7,0.35,0.141667,0.0,0.744351,0.467508,1.127557,0.491144
difficulty,2D_offset,1024,1024-78,0.6,0.275,0.633333,0.908333,0.616667,0.016667,0.0,0.670385,0.526624,0.748161,0.455182
difficulty,2D_offset,1024,1024-79,0.608333,0.316667,0.566667,0.883333,0.616667,0.041667,0.0,0.664664,0.53155,0.727742,0.500865
difficulty,2D_offset,1024,1024-80,0.491667,0.483333,0.425,0.908333,0.733333,0.0,0.0,0.586738,0.549069,0.508885,0.389915
difficulty,2D_offset,1024,1024-81,0.508333,0.35,0.541667,0.891667,0.616667,0.008333,0.0,0.653513,0.483999,0.716029,0.47204
difficulty,2D_offset,1024,1024-82,0.65,0.3,0.641667,0.941667,0.658333,0.016667,0.0,0.662726,0.557212,0.707539,0.432356
difficulty,2D_offset,1024,1024-83,0.458333,0.341667,0.533333,0.875,0.591667,0.025,0.0,0.655544,0.494117,0.727986,0.498432
difficulty,2D_offset,1024,1024-84,0.0,0.0,0.0,0.0,0.0,0.341667,0.0,0.849868,0.328379,1.768708,0.330454
difficulty,2D_offset,1024,1024-85,0.483333,0.55,0.341667,0.891667,0.841667,0.0,0.016667,0.532658,0.532926,0.391002,0.26813
difficulty,2D_offset,1024,1024-86,0.608333,0.25,0.591667,0.841667,0.608333,0.016667,0.0,0.679191,0.561952,0.788663,0.457093
difficulty,2D_offset,1024,1024-87,0.416667,0.491667,0.225,0.716667,0.675,0.0,0.025,0.49096,0.656785,0.425286,0.266772
difficulty,2D_offset,1024,1024-88,0.466667,0.075,0.683333,0.758333,0.466667,0.075,0.0,0.72146,0.462292,1.001328,0.471447
difficulty,2D_offset,1024,1024-89,0.508333,0.475,0.416667,0.891667,0.725,0.0,0.0,0.569984,0.540914,0.480609,0.3424
difficulty,2D_offset,1024,1024-90,0.208333,0.5,0.008333,0.508333,0.508333,0.0,0.291667,0.3919,0.474877,0.529261,0.402471
difficulty,2D_offset,1024,1024-91,0.516667,0.275,0.583333,0.858333,0.575,0.033333,0.0,0.672005,0.536779,0.769443,0.506327
difficulty,2D_offset,1024,1024-92,0.575,0.525,0.458333,0.983333,0.766667,0.0,0.0,0.594667,0.546361,0.476442,0.357488
difficulty,2D_offset,1024,1024-93,0.0,0.158333,0.0,0.158333,0.158333,0.0,0.525,0.29572,0.554203,0.912017,0.465979
difficulty,2D_offset,1024,1024-94,0.591667,0.483333,0.5,0.983333,0.716667,0.0,0.0,0.612286,0.552278,0.511102,0.398921
difficulty,2D_offset,1024,1024-95,0.516667,0.4,0.508333,0.908333,0.658333,0.008333,0.0,0.640646,0.566584,0.662101,0.484697
difficulty,2D_offset,1024,1024-96,0.633333,0.416667,0.516667,0.933333,0.683333,0.0,0.0,0.640464,0.581719,0.620766,0.446503
difficulty,2D_offset,1024,1024-97,0.591667,0.458333,0.516667,0.975,0.75,0.016667,0.0,0.616594,0.580535,0.55017,0.436138
difficulty,2D_offset,1024,1024-98,0.175,0.466667,0.008333,0.475,0.475,0.0,0.25,0.38576,0.535768,0.550411,0.407422
difficulty,2D_offset,1024,1024-99,0.408333,0.041667,0.7,0.741667,0.408333,0.091667,0.0,0.732736,0.457193,1.06075,0.472615
difficulty,2D_offset,1024,1024-100,0.558333,0.55,0.408333,0.958333,0.8,0.008333,0.0,0.596395,0.605893,0.492427,0.423096
difficulty,2D_offset,1024,1024-101,0.5,0.475,0.375,0.85,0.741667,0.0,0.0,0.544512,0.511368,0.434795,0.289255
difficulty,2D_offset,1024,1024-102,0.483333,0.541667,0.366667,0.908333,0.825,0.0,0.0,0.543714,0.591316,0.398309,0.290968
difficulty,2D_offset,1024,1024-103,0.525,0.416667,0.516667,0.933333,0.65,0.0,0.0,0.632153,0.473986,0.621932,0.439419
difficulty,2D_offset,1024,1024-104,0.475,0.508333,0.391667,0.9,0.758333,0.0,0.0,0.560444,0.547288,0.460956,0.332824
difficulty,2D_offset,1024,1024-105,0.308333,0.0,0.758333,0.758333,0.308333,0.133333,0.0,0.744701,0.491367,1.112164,0.411782
difficulty,2D_offset,1024,1024-106,0.558333,0.408333,0.5,0.908333,0.675,0.008333,0.0,0.637258,0.545394,0.625786,0.470073
difficulty,2D_offset,1024,1024-107,0.391667,0.55,0.15,0.7,0.683333,0.0,0.108333,0.469423,0.586035,0.43901,0.29536
difficulty,2D_offset,1024,1024-108,0.525,0.308333,0.6,0.908333,0.616667,0.016667,0.0,0.656948,0.446952,0.714018,0.469746
difficulty,2D_offset,1024,1024-109,0.425,0.55,0.158333,0.708333,0.708333,0.0,0.066667,0.473568,0.596037,0.423479,0.270936
difficulty,2D_offset,1024,1024-110,0.516667,0.458333,0.5,0.958333,0.733333,0.0,0.0,0.592982,0.484283,0.519252,0.365932
difficulty,2D_offset,1024,1024-111,0.483333,0.525,0.375,0.9,0.75,0.0,0.0,0.561744,0.619748,0.464375,0.347747
difficulty,2D_offset,1024,1024-112,0.483333,0.55,0.325,0.875,0.775,0.0,0.0,0.541348,0.542438,0.425487,0.283282
difficulty,2D_offset,1024,1024-113,0.591667,0.416667,0.491667,0.908333,0.7,0.025,0.0,0.638239,0.561457,0.633555,0.485424
difficulty,2D_offset,1024,1024-114,0.533333,0.233333,0.616667,0.85,0.533333,0.05,0.0,0.692876,0.441184,0.859794,0.484878
difficulty,2D_offset,1024,1024-115,0.575,0.358333,0.55,0.908333,0.633333,0.033333,0.0,0.656636,0.48755,0.701158,0.491763
difficulty,2D_offset,1024,1024-116,0.266667,0.0,0.7,0.7,0.266667,0.141667,0.0,0.756548,0.441692,1.182211,0.435306
difficulty,2D_offset,1024,1024-117,0.0,0.0,0.5,0.5,0.0,0.275,0.0,0.810554,0.348475,1.509069,0.429587
difficulty,2D_offset,1024,1024-118,0.458333,0.108333,0.666667,0.775,0.458333,0.05,0.0,0.71174,0.438157,0.947212,0.452691
difficulty,2D_offset,1024,1024-119,0.125,0.441667,0.0,0.441667,0.441667,0.0,0.291667,0.369718,0.501215,0.595896,0.448267
difficulty,2D_offset,1024,1024-120,0.508333,0.433333,0.491667,0.925,0.683333,0.0,0.0,0.627604,0.595189,0.605079,0.457169
difficulty,2D_offset,1024,1024-121,0.0,0.0,0.0,0.0,0.0,0.0,0.808333,0.230127,0.486367,1.261909,0.452216
difficulty,2D_offset,1024,1024-122,0.533333,0.391667,0.541667,0.933333,0.666667,0.0,0.0,0.633186,0.458658,0.638285,0.450834
difficulty,2D_offset,1024,1024-123,0.558333,0.258333,0.6,0.858333,0.558333,0.041667,0.0,0.684293,0.492496,0.81917,0.489576
difficulty,2D_offset,1024,1024-124,0.425,0.566667,0.133333,0.7,0.7,0.0,0.075,0.470537,0.443373,0.397003,0.261841
difficulty,2D_offset,1024,1024-125,0.058333,0.358333,0.0,0.358333,0.358333,0.0,0.383333,0.34478,0.450757,0.691512,0.468692
difficulty,2D_offset,1024,1024-126,0.458333,0.525,0.2,0.725,0.716667,0.0,0.075,0.485197,0.469166,0.414294,0.258891
difficulty,2D_offset,1024,1024-127,0.55,0.508333,0.425,0.933333,0.791667,0.0,0.0,0.571478,0.494226,0.458007,0.324872
difficulty,2D_offset,1024,1024-128,0.25,0.0,0.716667,0.716667,0.25,0.141667,0.0,0.753568,0.471894,1.164177,0.428757
difficulty,2D_offset,1024,1024-129,0.5,0.558333,0.241667,0.8,0.783333,0.0,0.016667,0.508859,0.536849,0.394262,0.240005
difficulty,2D_offset,1024,1024-130,0.225,0.0,0.675,0.675,0.225,0.2,0.0,0.765383,0.418101,1.240994,0.473108
difficulty,2D_offset,1024,1024-131,0.516667,0.466667,0.45,0.916667,0.716667,0.0,0.0,0.596408,0.611828,0.523551,0.41201
difficulty,2D_offset,1024,1024-132,0.608333,0.341667,0.558333,0.9,0.625,0.016667,0.0,0.659487,0.541912,0.698441,0.464022
difficulty,2D_offset,1024,1024-133,0.0,0.0,0.041667,0.041667,0.0,0.433333,0.0,0.852548,0.270898,1.80882,0.403349
difficulty,2D_offset,1024,1024-134,0.466667,0.433333,0.35,0.783333,0.691667,0.0,0.008333,0.533603,0.592439,0.456239,0.304719
difficulty,2D_offset,1024,1024-135,0.491667,0.516667,0.35,0.866667,0.75,0.0,0.008333,0.545374,0.560956,0.444613,0.310663
difficulty,2D_offset,1024,1024-136,0.033333,0.0,0.633333,0.633333,0.033333,0.208333,0.0,0.784323,0.409166,1.341664,0.427511
difficulty,2D_offset,1024,1024-137,0.466667,0.55,0.166667,0.716667,0.716667,0.0,0.1,0.473246,0.437746,0.437513,0.295246
difficulty,2D_offset,1024,1024-138,0.0,0.0,0.0,0.0,0.0,0.516667,0.0,0.862517,0.281153,1.896638,0.424476
difficulty,2D_offset,1024,1024-139,0.491667,0.216667,0.6,0.816667,0.508333,0.033333,0.0,0.690333,0.480406,0.848438,0.490239
difficulty,2D_offset,1024,1024-140,0.533333,0.291667,0.533333,0.825,0.575,0.058333,0.0,0.672939,0.536185,0.780026,0.549688
difficulty,2D_offset,1024,1024-141,0.575,0.2,0.65,0.85,0.575,0.05,0.0,0.69005,0.498048,0.845805,0.481224
difficulty,2D_offset,1024,1024-142,0.5,0.1,0.691667,0.791667,0.5,0.083333,0.0,0.712694,0.478048,0.960636,0.489954
difficulty,2D_offset,1024,1024-143,0.341667,0.55,0.066667,0.616667,0.616667,0.0,0.108333,0.443865,0.521753,0.426234,0.304305
difficulty,2D_offset,1024,1024-144,0.133333,0.433333,0.0,0.433333,0.433333,0.0,0.308333,0.376628,0.446952,0.56109,0.416977
difficulty,2D_offset,1024,1024-145,0.516667,0.508333,0.391667,0.9,0.766667,0.0,0.0,0.560209,0.510417,0.440447,0.303056
difficulty,2D_offset,1024,1024-146,0.366667,0.033333,0.658333,0.691667,0.366667,0.133333,0.0,0.744136,0.423944,1.126903,0.493892
difficulty,2D_offset,1024,1024-147,0.5,0.5,0.425,0.925,0.783333,0.0,0.0,0.566011,0.534355,0.463249,0.343829
difficulty,2D_offset,1024,1024-148,0.475,0.525,0.366667,0.891667,0.783333,0.0,0.0,0.548488,0.565728,0.431223,0.303524
difficulty,2D_offset,1024,1024-149,0.033333,0.35,0.0,0.35,0.35,0.0,0.366667,0.344438,0.375371,0.677075,0.434378
difficulty,2D_offset,1024,1024-150,0.583333,0.483333,0.475,0.958333,0.775,0.0,0.0,0.61034,0.583652,0.535789,0.425447
difficulty,2D_offset,1024,1024-151,0.333333,0.483333,0.1,0.583333,0.583333,0.0,0.141667,0.432444,0.58713,0.48669,0.347328
difficulty,2D_offset,1024,1024-152,0.6,0.375,0.541667,0.916667,0.658333,0.016667,0.0,0.651116,0.538411,0.675417,0.465435
difficulty,2D_offset,1024,1024-153,0.0,0.175,0.0,0.175,0.175,0.0,0.5,0.299043,0.491722,0.899802,0.488011
difficulty,2D_offset,1024,1024-154,0.366667,0.041667,0.633333,0.675,0.366667,0.158333,0.0,0.745117,0.399727,1.140173,0.526719
difficulty,2D_offset,1024,1024-155,0.533333,0.216667,0.6,0.816667,0.55,0.066667,0.0,0.691549,0.502511,0.859425,0.517332
difficulty,2D_offset,1024,1024-156,0.358333,0.516667,0.083333,0.6,0.6,0.0,0.116667,0.444356,0.453166,0.427509,0.320124
difficulty,2D_offset,1024,1024-157,0.283333,0.516667,0.041667,0.558333,0.558333,0.0,0.166667,0.41659,0.503518,0.478925,0.377936
difficulty,2D_offset,1024,1024-158,0.483333,0.475,0.416667,0.891667,0.716667,0.0,0.0,0.571951,0.611545,0.496946,0.361869
difficulty,2D_offset,1024,1024-159,0.0,0.2,0.0,0.2,0.2,0.0,0.391667,0.317791,0.460757,0.795904,0.416244
difficulty,2D_offset,1024,1024-160,0.475,0.5,0.258333,0.758333,0.733333,0.0,0.05,0.495316,0.516636,0.426181,0.271441
difficulty,2D_offset,1024,1024-161,0.0,0.0,0.0,0.0,0.0,0.0,0.7,0.246931,0.433491,1.161975,0.431498
difficulty,2D_offset,1024,1024-162,0.525,0.475,0.333333,0.808333,0.758333,0.0,0.025,0.528442,0.485062,0.425099,0.280363
difficulty,2D_offset,1024,1024-163,0.558333,0.283333,0.591667,0.875,0.591667,0.008333,0.0,0.672335,0.522592,0.764285,0.467876
difficulty,2D_offset,1024,1024-164,0.0,0.208333,0.0,0.208333,0.208333,0.0,0.458333,0.311497,0.476249,0.835498,0.46835
difficulty,2D_offset,1024,1024-165,0.566667,0.316667,0.558333,0.875,0.608333,0.041667,0.0,0.66316,0.500158,0.728825,0.503501
difficulty,2D_offset,1024,1024-166,0.441667,0.491667,0.333333,0.825,0.683333,0.0,0.008333,0.538572,0.628222,0.467832,0.316693
difficulty,2D_offset,1024,1024-167,0.45,0.5,0.325,0.825,0.716667,0.0,0.025,0.527136,0.639703,0.442933,0.304526
difficulty,2D_offset,1024,1024-168,0.583333,0.45,0.483333,0.933333,0.7,0.016667,0.0,0.628372,0.521592,0.590055,0.449994
difficulty,2D_offset,1024,1024-169,0.533333,0.158333,0.616667,0.775,0.533333,0.066667,0.0,0.699754,0.513068,0.894334,0.48541
difficulty,2D_offset,1024,1024-170,0.0,0.025,0.0,0.025,0.025,0.0,0.65,0.259847,0.409301,1.089815,0.42387
difficulty,2D_offset,1024,1024-171,0.0,0.0,0.0,0.0,0.0,0.0,0.883333,0.217282,0.323406,1.330291,0.418217
difficulty,2D_offset,1024,1024-172,0.6,0.475,0.458333,0.933333,0.783333,0.0,0.0,0.576954,0.444173,0.473859,0.33197
difficulty,2D_offset,1024,1024-173,0.483333,0.533333,0.266667,0.8,0.741667,0.0,0.05,0.51339,0.536478,0.435282,0.28637
difficulty,2D_offset,1024,1024-174,0.058333,0.291667,0.0,0.291667,0.291667,0.0,0.35,0.338347,0.468727,0.717228,0.458949
difficulty,2D_offset,1024,1024-175,0.525,0.475,0.341667,0.816667,0.758333,0.0,0.025,0.530038,0.560233,0.427955,0.289397
difficulty,2D_offset,1024,1024-176,0.525,0.416667,0.516667,0.933333,0.683333,0.0,0.0,0.625733,0.530465,0.614989,0.444515
difficulty,2D_offset,1024,1024-177,0.525,0.441667,0.441667,0.883333,0.716667,0.0,0.0,0.575645,0.575841,0.515299,0.370136
difficulty,2D_offset,1024,1024-178,0.575,0.391667,0.55,0.941667,0.658333,0.0,0.0,0.642267,0.45852,0.633385,0.447306
difficulty,2D_offset,1024,1024-179,0.491667,0.558333,0.35,0.908333,0.775,0.0,0.0,0.548641,0.556481,0.424137,0.287848
difficulty,2D_offset,1024,1024-180,0.425,0.483333,0.208333,0.691667,0.658333,0.0,0.075,0.485069,0.548189,0.437219,0.281468
difficulty,2D_offset,1024,1024-181,0.141667,0.358333,0.033333,0.391667,0.391667,0.0,0.325,0.373619,0.784439,0.632949,0.408782
difficulty,2D_offset,1024,1024-182,0.458333,0.441667,0.3,0.741667,0.708333,0.0,0.075,0.499213,0.57172,0.450647,0.298398
difficulty,2D_offset,1024,1024-183,0.458333,0.433333,0.516667,0.95,0.675,0.0,0.0,0.611361,0.498108,0.591396,0.408982
difficulty,2D_offset,1024,1024-184,0.5,0.341667,0.566667,0.908333,0.608333,0.008333,0.0,0.646348,0.450669,0.679924,0.465955
difficulty,2D_offset,1024,1024-185,0.508333,0.466667,0.433333,0.9,0.7,0.0,0.0,0.576795,0.505094,0.501544,0.337745
difficulty,2D_offset,1024,1024-186,0.283333,0.533333,0.008333,0.541667,0.541667,0.0,0.15,0.420245,0.502795,0.453018,0.349443
difficulty,2D_offset,1024,1024-187,0.0,0.0,0.483333,0.483333,0.0,0.3,0.0,0.810468,0.338217,1.516068,0.458395
difficulty,2D_offset,1024,1024-188,0.541667,0.533333,0.408333,0.941667,0.8,0.0,0.0,0.568586,0.574515,0.448158,0.33224
difficulty,2D_offset,1024,1024-189,0.35,0.5,0.091667,0.591667,0.591667,0.0,0.133333,0.440863,0.53827,0.454439,0.319823
difficulty,2D_offset,1024,1024-190,0.483333,0.175,0.608333,0.783333,0.483333,0.083333,0.0,0.704443,0.484232,0.926955,0.529533
difficulty,2D_offset,1024,1024-191,0.391667,0.516667,0.166667,0.683333,0.658333,0.0,0.108333,0.465272,0.575199,0.448939,0.297834
difficulty,2D_offset,1024,1024-192,0.483333,0.491667,0.291667,0.783333,0.733333,0.0,0.016667,0.516497,0.556144,0.420062,0.272204
difficulty,2D_offset,1024,1024-193,0.125,0.0,0.633333,0.633333,0.125,0.208333,0.0,0.778612,0.400605,1.307627,0.427366
difficulty,2D_offset,1024,1024-194,0.416667,0.533333,0.116667,0.65,0.65,0.0,0.1,0.458951,0.555732,0.426037,0.297119
difficulty,2D_offset,1024,1024-195,0.35,0.475,0.116667,0.591667,0.591667,0.0,0.125,0.441063,0.555632,0.464682,0.327768
difficulty,2D_offset,1024,1024-196,0.483333,0.083333,0.7,0.783333,0.483333,0.075,0.0,0.714422,0.465248,0.96179,0.454294
difficulty,2D_offset,1024,1024-197,0.358333,0.525,0.1,0.625,0.625,0.0,0.116667,0.445171,0.501621,0.436549,0.312111
difficulty,2D_offset,1024,1024-198,0.466667,0.508333,0.341667,0.85,0.741667,0.0,0.0,0.537215,0.624521,0.43579,0.301905
difficulty,2D_offset,1024,1024-199,0.533333,0.45,0.516667,0.966667,0.716667,0.0,0.0,0.610165,0.511538,0.542681,0.413128
difficulty,2D_offset,2026,2026-0,0.425,0.508333,0.191667,0.7,0.683333,0.0,0.075,0.477734,0.589488,0.422689,0.274056
difficulty,2D_offset,2026,2026-1,0.558333,0.4,0.533333,0.933333,0.683333,0.0,0.0,0.639168,0.525397,0.640829,0.458638
difficulty,2D_offset,2026,2026-2,0.0,0.125,0.0,0.125,0.125,0.0,0.525,0.28873,0.508641,0.946963,0.464174
difficulty,2D_offset,2026,2026-3,0.075,0.0,0.608333,0.608333,0.075,0.225,0.0,0.786756,0.395583,1.357208,0.429469
difficulty,2D_offset,2026,2026-4,0.558333,0.2,0.625,0.825,0.558333,0.016667,0.0,0.685276,0.531105,0.818847,0.464626
difficulty,2D_offset,2026,2026-5,0.583333,0.5,0.416667,0.916667,0.791667,0.0,0.0,0.565032,0.521367,0.459615,0.326838
difficulty,2D_offset,2026,2026-6,0.466667,0.516667,0.358333,0.875,0.75,0.0,0.0,0.548019,0.591776,0.44867,0.314655
difficulty,2D_offset,2026,2026-7,0.558333,0.358333,0.516667,0.875,0.575,0.025,0.0,0.659556,0.462502,0.703905,0.485648
difficulty,2D_offset,2026,2026-8,0.491667,0.45,0.391667,0.841667,0.741667,0.0,0.0,0.549342,0.631347,0.458745,0.33119
difficulty,2D_offset,2026,2026-9,0.483333,0.45,0.425,0.875,0.7,0.0,0.0,0.56393,0.603687,0.503697,0.363595
difficulty,2D_offset,2026,2026-10,0.55,0.175,0.658333,0.833333,0.55,0.058333,0.0,0.698257,0.507971,0.882972,0.465161
difficulty,2D_offset,2026,2026-11,0.583333,0.258333,0.608333,0.866667,0.591667,0.05,0.0,0.67852,0.498227,0.791943,0.490225
difficulty,2D_offset,2026,2026-12,0.483333,0.45,0.491667,0.941667,0.741667,0.0,0.0,0.597145,0.536525,0.536278,0.413696
difficulty,2D_offset,2026,2026-13,0.533333,0.533333,0.433333,0.966667,0.816667,0.0,0.0,0.589921,0.54761,0.497935,0.390847
difficulty,2D_offset,2026,2026-14,0.483333,0.425,0.491667,0.916667,0.658333,0.008333,0.0,0.627873,0.548571,0.629915,0.460961
difficulty,2D_offset,2026,2026-15,0.466667,0.55,0.191667,0.741667,0.716667,0.0,0.041667,0.489208,0.667632,0.422791,0.259635
difficulty,2D_offset,2026,2026-16,0.491667,0.483333,0.358333,0.841667,0.725,0.0,0.016667,0.539483,0.548339,0.450539,0.298104
difficulty,2D_offset,2026,2026-17,0.566667,0.3,0.55,0.85,0.566667,0.058333,0.0,0.678327,0.520064,0.794984,0.511694
difficulty,2D_offset,2026,2026-18,0.516667,0.483333,0.475,0.958333,0.733333,0.0,0.0,0.600398,0.480759,0.528549,0.385622
difficulty,2D_offset,2026,2026-19,0.133333,0.4,0.0,0.4,0.4,0.0,0.275,0.372372,0.614657,0.587986,0.435001
difficulty,2D_offset,2026,2026-20,0.483333,0.508333,0.3,0.808333,0.775,0.0,0.008333,0.515531,0.601287,0.389619,0.255663
difficulty,2D_offset,2026,2026-21,0.491667,0.2,0.6,0.8,0.491667,0.058333,0.0,0.702341,0.471817,0.907984,0.493972
difficulty,2D_offset,2026,2026-22,0.458333,0.458333,0.4,0.858333,0.691667,0.0,0.0,0.563686,0.609116,0.506967,0.360363
difficulty,2D_offset,2026,2026-23,0.516667,0.575,0.35,0.925,0.816667,0.0,0.0,0.554963,0.678297,0.414202,0.32787
difficulty,2D_offset,2026,2026-24,0.508333,0.175,0.641667,0.816667,0.508333,0.025,0.0,0.702192,0.449076,0.90098,0.462191
difficulty,2D_offset,2026,2026-25,0.0,0.0,0.258333,0.258333,0.0,0.35,0.0,0.833535,0.328804,1.663432,0.406733
difficulty,2D_offset,2026,2026-26,0.483333,0.483333,0.241667,0.725,0.691667,0.0,0.041667,0.497774,0.552621,0.433344,0.282411
difficulty,2D_offset,2026,2026-27,0.075,0.0,0.608333,0.608333,0.075,0.208333,0.0,0.781206,0.394138,1.319661,0.411951
difficulty,2D_offset,2026,2026-28,0.208333,0.508333,0.008333,0.516667,0.516667,0.0,0.2,0.402624,0.555125,0.502015,0.392005
difficulty,2D_offset,2026,2026-29,0.583333,0.458333,0.491667,0.95,0.708333,0.0,0.0,0.622819,0.557032,0.565973,0.427541
difficulty,2D_offset,2026,2026-30,0.25,0.516667,0.033333,0.55,0.55,0.0,0.175,0.414362,0.509937,0.465758,0.347654
difficulty,2D_offset,2026,2026-31,0.05,0.0,0.591667,0.591667,0.05,0.25,0.0,0.787134,0.375277,1.3625,0.441788
difficulty,2D_offset,2026,2026-32,0.433333,0.05,0.708333,0.758333,0.433333,0.075,0.0,0.723661,0.445295,1.009209,0.453625
difficulty,2D_offset,2026,2026-33,0.225,0.0,0.583333,0.583333,0.225,0.233333,0.0,0.774234,0.364867,1.298625,0.495768
difficulty,2D_offset,2026,2026-34,0.45,0.516667,0.175,0.691667,0.691667,0.0,0.058333,0.472009,0.502111,0.404581,0.262031
difficulty,2D_offset,2026,2026-35,0.541667,0.175,0.65,0.825,0.541667,0.041667,0.0,0.695962,0.495569,0.872418,0.470537
difficulty,2D_offset,2026,2026-36,0.466667,0.508333,0.316667,0.825,0.775,0.0,0.0,0.522343,0.523012,0.393098,0.247765
difficulty,2D_offset,2026,2026-37,0.491667,0.533333,0.308333,0.841667,0.758333,0.0,0.025,0.52849,0.568179,0.439319,0.286486
difficulty,2D_offset,2026,2026-38,0.541667,0.333333,0.525,0.858333,0.6,0.041667,0.0,0.668523,0.545093,0.748346,0.501657
difficulty,2D_offset,2026,2026-39,0.458333,0.091667,0.666667,0.758333,0.458333,0.1,0.0,0.722951,0.476893,1.013389,0.49106
difficulty,2D_offset,2026,2026-40,0.55,0.408333,0.525,0.933333,0.675,0.008333,0.0,0.63772,0.521472,0.648644,0.464718
difficulty,2D_offset,2026,2026-41,0.491667,0.508333,0.266667,0.775,0.733333,0.0,0.033333,0.509216,0.563245,0.432327,0.276244
difficulty,2D_offset,2026,2026-42,0.4,0.45,0.208333,0.658333,0.616667,0.0,0.125,0.476242,0.59538,0.480826,0.325786
difficulty,2D_offset,2026,2026-43,0.008333,0.0,0.608333,0.608333,0.008333,0.25,0.0,0.794097,0.383263,1.414943,0.478894
difficulty,2D_offset,2026,2026-44,0.541667,0.225,0.633333,0.858333,0.566667,0.033333,0.0,0.679995,0.534085,0.797007,0.483303
difficulty,2D_offset,2026,2026-45,0.575,0.183333,0.65,0.833333,0.575,0.025,0.0,0.687516,0.555462,0.828859,0.454318
difficulty,2D_offset,2026,2026-46,0.0,0.0,0.0,0.0,0.0,0.583333,0.0,0.868357,0.267048,1.93753,0.387969
difficulty,2D_offset,2026,2026-47,0.375,0.516667,0.125,0.641667,0.625,0.0,0.066667,0.461053,0.600224,0.424708,0.270517
difficulty,2D_offset,2026,2026-48,0.0,0.0,0.0,0.0,0.0,1.0,0.0,0.889849,0.249827,2.122834,0.31504
difficulty,2D_offset,2026,2026-49,0.0,0.0,0.0,0.0,0.0,1.0,0.0,0.934506,0.145679,2.701158,0.343264
difficulty,2D_offset,2026,2026-50,0.0,0.0,0.483333,0.483333,0.0,0.275,0.0,0.811774,0.358551,1.514937,0.420913
difficulty,2D_offset,2026,2026-51,0.416667,0.066667,0.666667,0.733333,0.416667,0.108333,0.0,0.72816,0.426142,1.036779,0.474378
difficulty,2D_offset,2026,2026-52,0.483333,0.575,0.191667,0.766667,0.75,0.0,0.016667,0.494081,0.593808,0.405761,0.239197
difficulty,2D_offset,2026,2026-53,0.4,0.0,0.766667,0.766667,0.4,0.083333,0.0,0.730397,0.485576,1.040689,0.434916
difficulty,2D_offset,2026,2026-54,0.483333,0.525,0.266667,0.791667,0.716667,0.0,0.0,0.521249,0.605985,0.414878,0.260233
difficulty,2D_offset,2026,2026-55,0.541667,0.45,0.466667,0.916667,0.708333,0.0,0.0,0.613033,0.504361,0.574223,0.418556
difficulty,2D_offset,2026,2026-56,0.466667,0.475,0.358333,0.833333,0.666667,0.0,0.0,0.550047,0.628478,0.480932,0.317898
difficulty,2D_offset,2026,2026-57,0.533333,0.458333,0.466667,0.925,0.691667,0.008333,0.0,0.629523,0.594761,0.594855,0.466165
difficulty,2D_offset,2026,2026-58,0.141667,0.0,0.675,0.675,0.141667,0.175,0.0,0.770906,0.418427,1.260133,0.417569
difficulty,2D_offset,2026,2026-59,0.483333,0.5,0.316667,0.816667,0.758333,0.0,0.008333,0.520566,0.549934,0.425817,0.270374
difficulty,2D_offset,2026,2026-60,0.316667,0.441667,0.15,0.591667,0.583333,0.0,0.166667,0.438915,0.646897,0.507309,0.352513
difficulty,2D_offset,2026,2026-61,0.4,0.458333,0.141667,0.6,0.6,0.0,0.175,0.448045,0.560946,0.492831,0.348337
difficulty,2D_offset,2026,2026-62,0.408333,0.566667,0.091667,0.658333,0.658333,0.0,0.116667,0.455396,0.526043,0.424006,0.288218
difficulty,2D_offset,2026,2026-63,0.125,0.458333,0.0,0.458333,0.458333,0.0,0.283333,0.378616,0.459211,0.560801,0.419495
difficulty,2D_offset,2026,2026-64,0.383333,0.516667,0.158333,0.675,0.675,0.0,0.133333,0.457075,0.572883,0.460773,0.292644
difficulty,2D_offset,2026,2026-65,0.108333,0.0,0.616667,0.616667,0.108333,0.216667,0.0,0.782057,0.3733,1.323529,0.405669
difficulty,2D_offset,2026,2026-66,0.383333,0.466667,0.266667,0.733333,0.666667,0.0,0.066667,0.49384,0.666021,0.46609,0.296582
difficulty,2D_offset,2026,2026-67,0.558333,0.4,0.508333,0.908333,0.633333,0.016667,0.0,0.647796,0.49264,0.665145,0.4627
difficulty,2D_offset,2026,2026-68,0.291667,0.458333,0.058333,0.516667,0.516667,0.0,0.191667,0.407645,0.592853,0.532725,0.405509
difficulty,2D_offset,2026,2026-69,0.566667,0.408333,0.533333,0.941667,0.7,0.0,0.0,0.624724,0.550056,0.592873,0.422158
difficulty,2D_offset,2026,2026-70,0.008333,0.2,0.0,0.2,0.2,0.0,0.433333,0.311608,0.516219,0.83566,0.469348
difficulty,2D_offset,2026,2026-71,0.45,0.516667,0.2,0.716667,0.691667,0.0,0.033333,0.48623,0.5987,0.421708,0.258399
difficulty,2D_offset,2026,2026-72,0.0,0.0,0.0,0.0,0.0,0.766667,0.0,0.88247,0.227991,2.082848,0.43515
difficulty,2D_offset,2026,2026-73,0.5,0.516667,0.291667,0.808333,0.758333,0.0,0.008333,0.514515,0.56238,0.417638,0.261457
difficulty,2D_offset,2026,2026-74,0.2,0.0,0.625,0.625,0.2,0.183333,0.0,0.773028,0.352765,1.283141,0.462905
difficulty,2D_offset,2026,2026-75,0.616667,0.333333,0.558333,0.891667,0.641667,0.025,0.0,0.663299,0.531981,0.723321,0.486783
difficulty,2D_offset,2026,2026-76,0.541667,0.541667,0.425,0.966667,0.825,0.0,0.0,0.57481,0.569068,0.456691,0.34697
difficulty,2D_offset,2026,2026-77,0.458333,0.491667,0.25,0.741667,0.725,0.0,0.041667,0.493656,0.58235,0.418407,0.258217
difficulty,2D_offset,2026,2026-78,0.166667,0.0,0.583333,0.583333,0.166667,0.233333,0.0,0.781944,0.376085,1.335679,0.459871
difficulty,2D_offset,2026,2026-79,0.475,0.516667,0.391667,0.908333,0.7,0.0,0.0,0.572525,0.585738,0.485959,0.34283
difficulty,2D_offset,2026,2026-80,0.0,0.0,0.566667,0.566667,0.0,0.266667,0.0,0.801308,0.380423,1.453974,0.452906
difficulty,2D_offset,2026,2026-81,0.45,0.541667,0.233333,0.775,0.733333,0.0,0.05,0.501101,0.527127,0.429581,0.273215
difficulty,2D_offset,2026,2026-82,0.55,0.45,0.516667,0.966667,0.716667,0.0,0.0,0.620981,0.492086,0.569546,0.420892
difficulty,2D_offset,2026,2026-83,0.541667,0.3,0.541667,0.841667,0.558333,0.033333,0.0,0.675721,0.485083,0.782874,0.515158
difficulty,2D_offset,2026,2026-84,0.566667,0.366667,0.525,0.891667,0.616667,0.016667,0.0,0.654514,0.533487,0.686742,0.492178
difficulty,2D_offset,2026,2026-85,0.2,0.466667,0.016667,0.483333,0.483333,0.0,0.241667,0.394364,0.590656,0.519774,0.380013
difficulty,2D_offset,2026,2026-86,0.508333,0.441667,0.341667,0.783333,0.75,0.0,0.033333,0.5173,0.48883,0.427511,0.273632
difficulty,2D_offset,2026,2026-87,0.575,0.491667,0.458333,0.95,0.733333,0.0,0.0,0.588972,0.482356,0.49256,0.336807
difficulty,2D_offset,2026,2026-88,0.408333,0.483333,0.208333,0.691667,0.675,0.0,0.108333,0.474429,0.552938,0.449461,0.291468
difficulty,2D_offset,2026,2026-89,0.6,0.158333,0.708333,0.866667,0.6,0.025,0.0,0.688791,0.511981,0.830129,0.427663
difficulty,2D_offset,2026,2026-90,0.608333,0.233333,0.641667,0.875,0.608333,0.016667,0.0,0.679057,0.523513,0.78676,0.448418
difficulty,2D_offset,2026,2026-91,0.0,0.108333,0.0,0.108333,0.108333,0.0,0.566667,0.280725,0.522986,0.987786,0.462992
difficulty,2D_offset,2026,2026-92,0.016667,0.191667,0.0,0.191667,0.191667,0.0,0.483333,0.306317,0.547129,0.867355,0.50068
difficulty,2D_offset,2026,2026-93,0.225,0.466667,0.033333,0.5,0.5,0.0,0.25,0.399786,0.50941,0.528419,0.379907
difficulty,2D_offset,2026,2026-94,0.508333,0.391667,0.5,0.891667,0.666667,0.0,0.0,0.629473,0.524626,0.6344,0.463918
difficulty,2D_offset,2026,2026-95,0.0,0.0,0.1,0.1,0.0,0.391667,0.0,0.849861,0.311528,1.781674,0.385075
difficulty,2D_offset,2026,2026-96,0.483333,0.475,0.391667,0.866667,0.691667,0.0,0.0,0.555297,0.538598,0.480037,0.332042
difficulty,2D_offset,2026,2026-97,0.608333,0.425,0.516667,0.941667,0.675,0.0,0.0,0.637344,0.530709,0.609963,0.440984
difficulty,2D_offset,2026,2026-98,0.325,0.483333,0.075,0.558333,0.558333,0.0,0.15,0.435885,0.571049,0.473081,0.335677
difficulty,2D_offset,2026,2026-99,0.358333,0.55,0.1,0.65,0.65,0.0,0.125,0.443719,0.537009,0.451641,0.320402
difficulty,2D_offset,2026,2026-100,0.0,0.05,0.0,0.05,0.05,0.0,0.591667,0.275351,0.417641,1.008116,0.423807
difficulty,2D_offset,2026,2026-101,0.541667,0.483333,0.466667,0.95,0.775,0.0,0.0,0.595846,0.558836,0.503038,0.388057
difficulty,2D_offset,2026,2026-102,0.35,0.008333,0.725,0.733333,0.35,0.091667,0.0,0.736675,0.43352,1.075463,0.444168
difficulty,2D_offset,2026,2026-103,0.483333,0.558333,0.316667,0.875,0.808333,0.0,0.0,0.530707,0.627772,0.387679,0.268466
difficulty,2D_offset,2026,2026-104,0.05,0.0,0.591667,0.591667,0.05,0.266667,0.0,0.79305,0.377799,1.416491,0.509609
difficulty,2D_offset,2026,2026-105,0.533333,0.466667,0.45,0.916667,0.708333,0.008333,0.0,0.626348,0.573197,0.607632,0.468464
difficulty,2D_offset,2026,2026-106,0.525,0.416667,0.5,0.916667,0.675,0.0,0.0,0.611125,0.502504,0.575184,0.406933
difficulty,2D_offset,2026,2026-107,0.55,0.291667,0.575,0.866667,0.591667,0.05,0.0,0.67126,0.531837,0.76084,0.501021
difficulty,2D_offset,2026,2026-108,0.508333,0.233333,0.6,0.833333,0.516667,0.041667,0.0,0.689035,0.439315,0.842655,0.494245
difficulty,2D_offset,2026,2026-109,0.275,0.0,0.708333,0.708333,0.275,0.15,0.0,0.754036,0.44994,1.17385,0.460602
difficulty,2D_offset,2026,2026-110,0.416667,0.525,0.183333,0.708333,0.708333,0.0,0.075,0.477662,0.547331,0.410402,0.259611
difficulty,2D_offset,2026,2026-111,0.0,0.0,0.0,0.0,0.0,0.0,0.825,0.226973,0.355967,1.270839,0.409706
difficulty,2D_offset,2026,2026-112,0.558333,0.441667,0.516667,0.958333,0.725,0.008333,0.0,0.62127,0.541886,0.574322,0.446974
difficulty,2D_offset,2026,2026-113,0.508333,0.541667,0.25,0.791667,0.758333,0.0,0.033333,0.513084,0.52846,0.417923,0.255853
difficulty,2D_offset,2026,2026-114,0.516667,0.533333,0.433333,0.966667,0.775,0.0,0.0,0.585842,0.615221,0.481419,0.382215
difficulty,2D_offset,2026,2026-115,0.0,0.0,0.458333,0.458333,0.0,0.325,0.0,0.822903,0.326931,1.597976,0.448513
difficulty,2D_offset,2026,2026-116,0.325,0.525,0.058333,0.583333,0.583333,0.0,0.158333,0.433711,0.519642,0.437155,0.318216
difficulty,2D_offset,2026,2026-117,0.558333,0.166667,0.65,0.816667,0.558333,0.025,0.0,0.693875,0.55766,0.863027,0.475311
difficulty,2D_offset,2026,2026-118,0.375,0.016667,0.691667,0.708333,0.375,0.133333,0.0,0.742454,0.419328,1.114812,0.481419
difficulty,2D_offset,2026,2026-119,0.558333,0.316667,0.558333,0.875,0.6,0.025,0.0,0.664923,0.539631,0.739184,0.499167
difficulty,2D_offset,2026,2026-120,0.258333,0.0,0.666667,0.666667,0.258333,0.175,0.0,0.761263,0.39841,1.213055,0.453936
difficulty,2D_offset,2026,2026-121,0.475,0.483333,0.333333,0.816667,0.733333,0.0,0.0,0.532055,0.570979,0.438665,0.289623
difficulty,2D_offset,2026,2026-122,0.366667,0.525,0.158333,0.683333,0.666667,0.0,0.041667,0.470563,0.695242,0.414592,0.252657
difficulty,2D_offset,2026,2026-123,0.35,0.0,0.708333,0.708333,0.35,0.133333,0.0,0.744427,0.449634,1.125041,0.478884
difficulty,2D_offset,2026,2026-124,0.458333,0.158333,0.6,0.758333,0.458333,0.1,0.0,0.713078,0.458212,0.973737,0.542391
difficulty,2D_offset,2026,2026-125,0.058333,0.0,0.641667,0.641667,0.058333,0.233333,0.0,0.784154,0.409939,1.352345,0.477405
difficulty,2D_offset,2026,2026-126,0.55,0.358333,0.55,0.908333,0.641667,0.0,0.0,0.64949,0.461863,0.672759,0.46372
difficulty,2D_offset,2026,2026-127,0.0,0.0,0.566667,0.566667,0.0,0.25,0.0,0.806998,0.384601,1.482978,0.421779
difficulty,2D_offset,2026,2026-128,0.508333,0.458333,0.416667,0.875,0.733333,0.0,0.0,0.566088,0.559015,0.497972,0.358385
difficulty,2D_offset,2026,2026-129,0.283333,0.541667,0.05,0.591667,0.591667,0.0,0.158333,0.427254,0.582183,0.465568,0.329908
difficulty,2D_offset,2026,2026-130,0.0,0.0,0.0,0.0,0.0,0.0,0.641667,0.258516,0.363831,1.097958,0.428013
difficulty,2D_offset,2026,2026-131,0.308333,0.5,0.075,0.575,0.575,0.0,0.141667,0.427919,0.576723,0.466462,0.341125
difficulty,2D_offset,2026,2026-132,0.366667,0.025,0.708333,0.733333,0.366667,0.066667,0.0,0.732161,0.39407,1.050508,0.439926
difficulty,2D_offset,2026,2026-133,0.1,0.425,0.0,0.425,0.425,0.0,0.333333,0.367644,0.456224,0.598976,0.426249
difficulty,2D_offset,2026,2026-134,0.55,0.516667,0.383333,0.9,0.8,0.0,0.0,0.551509,0.46746,0.431271,0.278599
difficulty,2D_offset,2026,2026-135,0.0,0.0,0.0,0.0,0.0,0.475,0.0,0.859575,0.284762,1.856488,0.366631
difficulty,2D_offset,2026,2026-136,0.433333,0.041667,0.683333,0.725,0.433333,0.125,0.0,0.731495,0.416941,1.058891,0.49376
difficulty,2D_offset,2026,2026-137,0.0,0.0,0.341667,0.341667,0.0,0.375,0.0,0.83477,0.313331,1.680391,0.435519
difficulty,2D_offset,2026,2026-138,0.333333,0.466667,0.125,0.591667,0.591667,0.0,0.15,0.436854,0.633476,0.497621,0.344681
difficulty,2D_offset,2026,2026-139,0.0,0.0,0.0,0.0,0.0,0.0,0.975,0.199744,0.401832,1.441236,0.426008
difficulty,2D_offset,2026,2026-140,0.0,0.0,0.6,0.6,0.0,0.25,0.0,0.795541,0.402227,1.415852,0.447799
difficulty,2D_offset,2026,2026-141,0.141667,0.416667,0.0,0.416667,0.416667,0.0,0.3,0.370728,0.609725,0.611716,0.451005
difficulty,2D_offset,2026,2026-142,0.558333,0.458333,0.508333,0.966667,0.741667,0.008333,0.0,0.611279,0.554438,0.541362,0.411602
difficulty,2D_offset,2026,2026-143,0.508333,0.425,0.458333,0.883333,0.658333,0.041667,0.0,0.639816,0.531987,0.671145,0.503042
difficulty,2D_offset,2026,2026-144,0.466667,0.541667,0.175,0.716667,0.716667,0.0,0.066667,0.476544,0.419873,0.399356,0.262729
difficulty,2D_offset,2026,2026-145,0.0,0.0,0.45,0.45,0.0,0.341667,0.0,0.818717,0.314906,1.580125,0.487564
difficulty,2D_offset,2026,2026-146,0.0,0.0,0.608333,0.608333,0.0,0.208333,0.0,0.793551,0.419351,1.392919,0.402977
difficulty,2D_offset,2026,2026-147,0.658333,0.325,0.575,0.9,0.658333,0.016667,0.0,0.662464,0.585266,0.710273,0.457856
difficulty,2D_offset,2026,2026-148,0.491667,0.433333,0.541667,0.975,0.708333,0.0,0.0,0.610671,0.496578,0.554311,0.399431
difficulty,2D_offset,2026,2026-149,0.566667,0.425,0.516667,0.941667,0.7,0.0,0.0,0.628976,0.542375,0.591844,0.449066
difficulty,2D_offset,2026,2026-150,0.283333,0.466667,0.091667,0.558333,0.558333,0.0,0.175,0.42284,0.610986,0.503211,0.376336
difficulty,2D_offset,2026,2026-151,0.608333,0.55,0.366667,0.916667,0.816667,0.0,0.0,0.559228,0.581371,0.441363,0.312631
difficulty,2D_offset,2026,2026-152,0.541667,0.45,0.525,0.975,0.7,0.0,0.0,0.610811,0.446563,0.558563,0.380155
difficulty,2D_offset,2026,2026-153,0.425,0.516667,0.166667,0.683333,0.666667,0.0,0.091667,0.472684,0.541452,0.424508,0.267522
difficulty,2D_offset,2026,2026-154,0.458333,0.083333,0.658333,0.741667,0.458333,0.133333,0.0,0.722136,0.479939,1.018129,0.531074
difficulty,2D_offset,2026,2026-155,0.15,0.458333,0.0,0.458333,0.458333,0.0,0.316667,0.374184,0.589394,0.603209,0.466222
difficulty,2D_offset,2026,2026-156,0.525,0.516667,0.366667,0.883333,0.766667,0.0,0.0,0.553803,0.464938,0.444534,0.293207
difficulty,2D_offset,2026,2026-157,0.0,0.0,0.0,0.0,0.0,0.0,0.858333,0.22537,0.319551,1.283333,0.423939
difficulty,2D_offset,2026,2026-158,0.541667,0.216667,0.675,0.891667,0.583333,0.016667,0.0,0.680711,0.471727,0.799674,0.44373
difficulty,2D_offset,2026,2026-159,0.45,0.133333,0.625,0.758333,0.45,0.066667,0.0,0.719848,0.426058,0.991816,0.469181
difficulty,2D_offset,2026,2026-160,0.558333,0.233333,0.6,0.833333,0.583333,0.05,0.0,0.685593,0.527483,0.830523,0.515026
difficulty,2D_offset,2026,2026-161,0.0,0.0,0.0,0.0,0.0,1.0,0.0,0.921222,0.172007,2.498782,0.329207
difficulty,2D_offset,2026,2026-162,0.358333,0.025,0.666667,0.691667,0.358333,0.133333,0.0,0.741659,0.422301,1.112271,0.489283
difficulty,2D_offset,2026,2026-163,0.383333,0.45,0.166667,0.616667,0.608333,0.0,0.141667,0.453197,0.60368,0.486285,0.317063
difficulty,2D_offset,2026,2026-164,0.0,0.0,0.0,0.0,0.0,1.0,0.0,0.898525,0.228568,2.208819,0.282048
difficulty,2D_offset,2026,2026-165,0.433333,0.508333,0.158333,0.666667,0.666667,0.0,0.125,0.462853,0.536347,0.454505,0.305736
difficulty,2D_offset,2026,2026-166,0.45,0.075,0.675,0.75,0.45,0.075,0.0,0.722026,0.434853,1.00753,0.487052
difficulty,2D_offset,2026,2026-167,0.541667,0.15,0.658333,0.808333,0.541667,0.066667,0.0,0.700332,0.513939,0.898845,0.49371
difficulty,2D_offset,2026,2026-168,0.425,0.533333,0.158333,0.691667,0.691667,0.0,0.1,0.470367,0.509337,0.424904,0.290401
difficulty,2D_offset,2026,2026-169,0.091667,0.0,0.558333,0.558333,0.091667,0.283333,0.0,0.797893,0.35186,1.436549,0.468312
difficulty,2D_offset,2026,2026-170,0.533333,0.358333,0.5,0.858333,0.591667,0.025,0.0,0.662593,0.492937,0.729684,0.512244
difficulty,2D_offset,2026,2026-171,0.533333,0.2,0.65,0.85,0.541667,0.05,0.0,0.694722,0.453811,0.871142,0.497491
difficulty,2D_offset,2026,2026-172,0.416667,0.533333,0.191667,0.725,0.683333,0.0,0.025,0.489269,0.622176,0.428796,0.275084
difficulty,2D_offset,2026,2026-173,0.125,0.0,0.691667,0.691667,0.125,0.191667,0.0,0.769915,0.429881,1.25481,0.419635
difficulty,2D_offset,2026,2026-174,0.341667,0.45,0.191667,0.641667,0.616667,0.0,0.166667,0.459899,0.668764,0.498328,0.333523
difficulty,2D_offset,2026,2026-175,0.0,0.175,0.0,0.175,0.175,0.0,0.458333,0.307438,0.437796,0.847452,0.427466
difficulty,2D_offset,2026,2026-176,0.083333,0.0,0.625,0.625,0.083333,0.2,0.0,0.786091,0.406974,1.349389,0.413271
difficulty,2D_offset,2026,2026-177,0.508333,0.491667,0.325,0.816667,0.708333,0.0,0.008333,0.535441,0.600549,0.457641,0.300925
difficulty,2D_offset,2026,2026-178,0.558333,0.491667,0.458333,0.95,0.741667,0.0,0.0,0.60457,0.562067,0.527981,0.41186
difficulty,2D_offset,2026,2026-179,0.0,0.0,0.116667,0.116667,0.0,0.408333,0.0,0.848737,0.288722,1.784887,0.430194
difficulty,2D_offset,2026,2026-180,0.316667,0.0,0.716667,0.716667,0.316667,0.166667,0.0,0.754043,0.440354,1.173215,0.457491
difficulty,2D_offset,2026,2026-181,0.566667,0.266667,0.591667,0.858333,0.566667,0.033333,0.0,0.680088,0.556168,0.799005,0.489132
difficulty,2D_offset,2026,2026-182,0.358333,0.0,0.716667,0.716667,0.358333,0.108333,0.0,0.746056,0.446858,1.126722,0.445912
difficulty,2D_offset,2026,2026-183,0.45,0.491667,0.216667,0.708333,0.691667,0.0,0.025,0.48083,0.582139,0.405314,0.259225
difficulty,2D_offset,2026,2026-184,0.508333,0.091667,0.691667,0.783333,0.508333,0.075,0.0,0.711626,0.463186,0.950247,0.467199
difficulty,2D_offset,2026,2026-185,0.325,0.0,0.683333,0.683333,0.325,0.141667,0.0,0.751376,0.444841,1.157407,0.45272
difficulty,2D_offset,2026,2026-186,0.55,0.125,0.675,0.8,0.55,0.041667,0.0,0.70058,0.512836,0.89493,0.467481
difficulty,2D_offset,2026,2026-187,0.55,0.508333,0.458333,0.966667,0.766667,0.0,0.0,0.588557,0.470489,0.494872,0.349469
difficulty,2D_offset,2026,2026-188,0.0,0.0,0.0,0.0,0.0,0.0,1.0,0.063905,0.166392,2.74186,0.374364
difficulty,2D_offset,2026,2026-189,0.533333,0.216667,0.633333,0.85,0.533333,0.041667,0.0,0.690173,0.458649,0.844437,0.47422
difficulty,2D_offset,2026,2026-190,0.533333,0.441667,0.483333,0.925,0.708333,0.016667,0.0,0.624042,0.522836,0.586121,0.457408
difficulty,2D_offset,2026,2026-191,0.508333,0.475,0.441667,0.916667,0.758333,0.0,0.0,0.569988,0.439226,0.452749,0.317649
difficulty,2D_offset,2026,2026-192,0.5,0.158333,0.625,0.783333,0.5,0.033333,0.0,0.708145,0.488973,0.933546,0.472703
difficulty,2D_offset,2026,2026-193,0.608333,0.391667,0.583333,0.975,0.691667,0.0,0.0,0.63734,0.534386,0.60714,0.41287
difficulty,2D_offset,2026,2026-194,0.508333,0.366667,0.533333,0.9,0.641667,0.0,0.0,0.647236,0.481737,0.681395,0.455499
difficulty,2D_offset,2026,2026-195,0.125,0.416667,0.0,0.416667,0.416667,0.0,0.308333,0.367005,0.547351,0.619001,0.451509
difficulty,2D_offset,2026,2026-196,0.116667,0.408333,0.016667,0.425,0.425,0.0,0.316667,0.372274,0.521248,0.605812,0.439292
difficulty,2D_offset,2026,2026-197,0.566667,0.241667,0.658333,0.9,0.6,0.008333,0.0,0.672505,0.444419,0.760026,0.455417
difficulty,2D_offset,2026,2026-198,0.558333,0.441667,0.525,0.966667,0.7,0.0,0.0,0.619035,0.509176,0.566824,0.421211
difficulty,2D_offset,2026,2026-199,0.541667,0.408333,0.55,0.958333,0.658333,0.0,0.0,0.634303,0.474105,0.614414,0.425485
