rule,alpha,seed,student,zpd,zpd_40_60,zpd_60_80,zpd_40_80,zpd_40_70,bored,frustr,mean_p,gain,track
volkan,0.0,42,42-0,0.558333,0.541667,0.391667,0.933333,0.825,0.0,0.0,0.56048,0.56,0.417253
volkan,0.0,42,42-1,0.0,0.125,0.0,0.125,0.125,0.0,0.566667,0.283078,-1.28,0.97816
volkan,0.0,42,42-2,0.491667,0.275,0.558333,0.833333,0.533333,0.033333,0.0,0.679144,0.48,0.804475
volkan,0.0,42,42-3,0.391667,0.141667,0.566667,0.708333,0.433333,0.15,0.0,0.72191,1.04,1.039419
volkan,0.0,42,42-4,0.0,0.0,0.0,0.0,0.0,0.0,1.0,0.137051,-1.44,1.934361
volkan,0.0,42,42-5,0.0,0.041667,0.0,0.041667,0.041667,0.0,0.808333,0.227594,-1.24,1.282906
volkan,0.0,42,42-6,0.541667,0.516667,0.341667,0.858333,0.8,0.0,0.0,0.538783,-0.2,0.3982
volkan,0.0,42,42-7,0.316667,0.525,0.066667,0.591667,0.591667,0.0,0.216667,0.425251,-0.56,0.507463
volkan,0.0,42,42-8,0.466667,0.475,0.241667,0.716667,0.7,0.0,0.041667,0.489879,-0.24,0.418361
volkan,0.0,42,42-9,0.025,0.191667,0.0,0.191667,0.191667,0.0,0.5,0.301587,-0.72,0.898037
volkan,0.0,42,42-10,0.441667,0.216667,0.6,0.816667,0.483333,0.083333,0.0,0.700252,1.16,0.915063
volkan,0.0,42,42-11,0.508333,0.266667,0.591667,0.858333,0.566667,0.025,0.0,0.674004,0.96,0.775852
volkan,0.0,42,42-12,0.475,0.5,0.291667,0.791667,0.708333,0.0,0.016667,0.522162,0.2,0.452165
volkan,0.0,42,42-13,0.3,0.091667,0.641667,0.733333,0.3,0.125,0.0,0.741299,1.2,1.111101
volkan,0.0,42,42-14,0.55,0.483333,0.491667,0.975,0.758333,0.0,0.0,0.59991,0.72,0.528575
volkan,0.0,42,42-15,0.025,0.216667,0.0,0.216667,0.216667,0.0,0.45,0.316018,-1.16,0.813848
volkan,0.0,42,42-16,0.55,0.491667,0.475,0.966667,0.775,0.0,0.0,0.591895,0.24,0.497492
volkan,0.0,42,42-17,0.0,0.1,0.0,0.1,0.1,0.0,0.541667,0.287951,-1.04,0.949583
volkan,0.0,42,42-18,0.516667,0.166667,0.666667,0.833333,0.525,0.016667,0.0,0.69085,0.92,0.843208
volkan,0.0,42,42-19,0.533333,0.6,0.233333,0.833333,0.825,0.0,0.008333,0.510883,-0.44,0.383957
volkan,0.0,42,42-20,0.375,0.525,0.091667,0.616667,0.616667,0.0,0.133333,0.446834,-0.0,0.428103
volkan,0.0,42,42-21,0.083333,0.35,0.0,0.35,0.35,0.0,0.341667,0.346785,-0.92,0.688528
volkan,0.0,42,42-22,0.233333,0.025,0.683333,0.708333,0.233333,0.15,0.0,0.758881,1.28,1.200668
volkan,0.0,42,42-23,0.416667,0.466667,0.208333,0.675,0.666667,0.0,0.058333,0.473285,0.04,0.427352
volkan,0.0,42,42-24,0.191667,0.475,0.041667,0.516667,0.516667,0.0,0.216667,0.39629,-0.76,0.524473
volkan,0.0,42,42-25,0.258333,0.483333,0.066667,0.55,0.55,0.0,0.225,0.412558,-0.64,0.522351
volkan,0.0,42,42-26,0.575,0.458333,0.475,0.933333,0.733333,0.008333,0.0,0.62609,0.8,0.592039
volkan,0.0,42,42-27,0.558333,0.458333,0.458333,0.916667,0.733333,0.0,0.0,0.595407,0.16,0.52876
volkan,0.0,42,42-28,0.533333,0.466667,0.475,0.941667,0.733333,0.0,0.0,0.609096,0.2,0.550078
volkan,0.0,42,42-29,0.566667,0.475,0.491667,0.966667,0.775,0.0,0.0,0.60081,0.52,0.506873
volkan,0.0,42,42-30,0.0,0.0,0.116667,0.116667,0.0,0.733333,0.0,0.885625,1.96,2.179222
volkan,0.0,42,42-31,0.258333,0.533333,0.016667,0.55,0.55,0.0,0.141667,0.416713,-0.32,0.466794
volkan,0.0,42,42-32,0.175,0.466667,0.016667,0.483333,0.483333,0.0,0.258333,0.390112,-0.44,0.523439
volkan,0.0,42,42-33,0.041667,0.233333,0.0,0.233333,0.233333,0.0,0.425,0.321901,-0.96,0.796877
volkan,0.0,42,42-34,0.583333,0.45,0.491667,0.941667,0.725,0.008333,0.0,0.626185,0.8,0.582417
volkan,0.0,42,42-35,0.325,0.091667,0.591667,0.683333,0.325,0.175,0.0,0.74896,1.0,1.162979
volkan,0.0,42,42-36,0.416667,0.5,0.183333,0.683333,0.675,0.0,0.041667,0.472996,0.08,0.416911
volkan,0.0,42,42-37,0.008333,0.241667,0.0,0.241667,0.241667,0.0,0.433333,0.319554,-0.64,0.795712
volkan,0.0,42,42-38,0.016667,0.25,0.0,0.25,0.25,0.0,0.425,0.317833,-0.6,0.808957
volkan,0.0,42,42-39,0.591667,0.333333,0.575,0.908333,0.691667,0.016667,0.0,0.649578,1.04,0.682164
volkan,0.0,42,42-40,0.508333,0.275,0.575,0.85,0.566667,0.066667,0.0,0.678602,0.84,0.815446
volkan,0.0,42,42-41,0.541667,0.441667,0.508333,0.95,0.7,0.008333,0.0,0.622743,0.68,0.591023
volkan,0.0,42,42-42,0.091667,0.35,0.0,0.35,0.35,0.0,0.341667,0.351988,-0.84,0.660029
volkan,0.0,42,42-43,0.483333,0.541667,0.358333,0.9,0.825,0.0,0.0,0.538432,0.64,0.391711
volkan,0.0,42,42-44,0.475,0.558333,0.291667,0.85,0.758333,0.0,0.0,0.528722,0.36,0.421285
volkan,0.0,42,42-45,0.516667,0.558333,0.308333,0.866667,0.808333,0.0,0.0,0.532599,0.28,0.39966
volkan,0.0,42,42-46,0.533333,0.208333,0.65,0.858333,0.55,0.008333,0.0,0.687491,0.88,0.828889
volkan,0.0,42,42-47,0.483333,0.5,0.375,0.875,0.733333,0.0,0.0,0.554479,0.16,0.455547
volkan,0.0,42,42-48,0.55,0.316667,0.591667,0.908333,0.625,0.041667,0.0,0.65781,0.68,0.709694
volkan,0.0,42,42-49,0.466667,0.541667,0.266667,0.808333,0.741667,0.0,0.0,0.516428,0.4,0.423851
volkan,0.0,42,42-50,0.516667,0.533333,0.4,0.933333,0.8,0.0,0.0,0.562446,0.4,0.435742
volkan,0.0,42,42-51,0.616667,0.433333,0.508333,0.941667,0.708333,0.008333,0.0,0.632944,0.64,0.601342
volkan,0.0,42,42-52,0.0,0.0,0.0,0.0,0.0,0.0,0.9,0.199733,-1.4,1.466675
volkan,0.0,42,42-53,0.266667,0.533333,0.016667,0.55,0.55,0.0,0.141667,0.421101,-0.24,0.448833
volkan,0.0,42,42-54,0.216667,0.433333,0.008333,0.441667,0.441667,0.0,0.241667,0.394197,-0.4,0.547208
volkan,0.0,42,42-55,0.141667,0.408333,0.0,0.408333,0.408333,0.0,0.308333,0.36673,-0.52,0.607388
volkan,0.0,42,42-56,0.35,0.558333,0.05,0.608333,0.608333,0.0,0.141667,0.43648,-0.52,0.437257
volkan,0.0,42,42-57,0.108333,0.0,0.441667,0.441667,0.108333,0.316667,0.0,0.803404,0.96,1.478552
volkan,0.0,42,42-58,0.016667,0.275,0.0,0.275,0.275,0.0,0.391667,0.32567,-0.68,0.764173
volkan,0.0,42,42-59,0.483333,0.191667,0.575,0.766667,0.483333,0.075,0.0,0.70745,0.88,0.941461
volkan,0.0,42,42-60,0.0,0.0,0.0,0.0,0.0,0.0,0.95,0.16773,-1.52,1.691751
volkan,0.0,42,42-61,0.233333,0.483333,0.066667,0.55,0.55,0.0,0.191667,0.41327,-0.68,0.498978
volkan,0.0,42,42-62,0.425,0.541667,0.3,0.841667,0.691667,0.0,0.0,0.53934,0.32,0.452821
volkan,0.0,42,42-63,0.516667,0.375,0.55,0.925,0.683333,0.0,0.0,0.635815,0.52,0.646079
volkan,0.0,42,42-64,0.516667,0.341667,0.533333,0.875,0.633333,0.025,0.0,0.654598,0.88,0.698189
volkan,0.0,42,42-65,0.6,0.225,0.658333,0.883333,0.641667,0.016667,0.0,0.670512,1.08,0.757184
volkan,0.0,42,42-66,0.275,0.483333,0.041667,0.525,0.525,0.0,0.166667,0.414173,-0.52,0.484843
volkan,0.0,42,42-67,0.258333,0.5,0.016667,0.516667,0.516667,0.0,0.2,0.407139,-0.44,0.50638
volkan,0.0,42,42-68,0.533333,0.216667,0.608333,0.825,0.55,0.058333,0.0,0.690776,0.84,0.856052
volkan,0.0,42,42-69,0.375,0.525,0.125,0.65,0.65,0.0,0.116667,0.452493,0.04,0.459426
volkan,0.0,42,42-70,0.0,0.0,0.0,0.0,0.0,0.0,0.775,0.231945,-1.4,1.269011
volkan,0.0,42,42-71,0.0,0.058333,0.0,0.058333,0.058333,0.0,0.7,0.257117,-1.0,1.118115
volkan,0.0,42,42-72,0.0,0.183333,0.0,0.183333,0.183333,0.0,0.516667,0.302895,-1.12,0.882422
volkan,0.0,42,42-73,0.566667,0.45,0.525,0.975,0.716667,0.0,0.0,0.618637,0.48,0.552848
volkan,0.0,42,42-74,0.525,0.475,0.358333,0.833333,0.725,0.0,0.0,0.540836,0.2,0.457698
volkan,0.0,42,42-75,0.558333,0.358333,0.566667,0.925,0.633333,0.025,0.0,0.648525,0.4,0.66469
volkan,0.0,42,42-76,0.225,0.525,0.016667,0.541667,0.541667,0.0,0.191667,0.407431,-0.44,0.475096
volkan,0.0,42,42-77,0.5,0.516667,0.333333,0.85,0.741667,0.0,0.0,0.542087,0.48,0.437656
volkan,0.0,42,42-78,0.575,0.391667,0.55,0.941667,0.675,0.025,0.0,0.641218,0.72,0.636248
volkan,0.0,42,42-79,0.258333,0.483333,0.1,0.583333,0.583333,0.0,0.15,0.427392,-0.28,0.481965
volkan,0.0,42,42-80,0.508333,0.516667,0.425,0.941667,0.75,0.0,0.0,0.595312,0.32,0.521958
volkan,0.0,42,42-81,0.108333,0.358333,0.0,0.358333,0.358333,0.0,0.383333,0.349777,-0.48,0.680197
volkan,0.0,42,42-82,0.283333,0.516667,0.058333,0.575,0.575,0.0,0.183333,0.423631,-0.68,0.457844
volkan,0.0,42,42-83,0.283333,0.441667,0.091667,0.533333,0.533333,0.0,0.241667,0.413733,-0.28,0.53387
volkan,0.0,42,42-84,0.0,0.041667,0.0,0.041667,0.041667,0.0,0.725,0.24877,-1.32,1.155643
volkan,0.0,42,42-85,0.616667,0.458333,0.483333,0.941667,0.758333,0.008333,0.0,0.614334,0.64,0.560967
volkan,0.0,42,42-86,0.233333,0.466667,0.016667,0.483333,0.483333,0.0,0.216667,0.398427,-0.32,0.531541
volkan,0.0,42,42-87,0.5,0.466667,0.233333,0.7,0.675,0.0,0.033333,0.498705,-0.4,0.41668
volkan,0.0,42,42-88,0.558333,0.416667,0.541667,0.958333,0.758333,0.0,0.0,0.61207,0.32,0.56102
volkan,0.0,42,42-89,0.516667,0.483333,0.433333,0.916667,0.7,0.008333,0.0,0.603637,0.8,0.53911
volkan,0.0,42,42-90,0.55,0.425,0.508333,0.933333,0.666667,0.008333,0.0,0.636751,0.56,0.618722
volkan,0.0,42,42-91,0.5,0.55,0.216667,0.766667,0.758333,0.0,0.058333,0.495046,-0.32,0.407907
volkan,0.0,42,42-92,0.2,0.483333,0.016667,0.5,0.5,0.0,0.191667,0.395775,-0.12,0.512446
volkan,0.0,42,42-93,0.408333,0.525,0.2,0.725,0.716667,0.0,0.1,0.478446,0.12,0.44419
volkan,0.0,42,42-94,0.0,0.0,0.0,0.0,0.0,0.0,0.95,0.170057,-1.44,1.659121
volkan,0.0,42,42-95,0.0,0.0,0.0,0.0,0.0,0.0,0.883333,0.206054,-1.36,1.413696
volkan,0.0,42,42-96,0.0,0.016667,0.0,0.016667,0.016667,0.0,0.841667,0.217559,-1.2,1.349142
volkan,0.0,42,42-97,0.0,0.125,0.0,0.125,0.125,0.0,0.575,0.280252,-1.08,0.998125
volkan,0.0,42,42-98,0.583333,0.525,0.45,0.975,0.791667,0.0,0.0,0.591915,0.52,0.485075
volkan,0.0,42,42-99,0.025,0.158333,0.0,0.158333,0.158333,0.0,0.525,0.298382,-1.56,0.910583
volkan,0.0,42,42-100,0.275,0.5,0.025,0.525,0.525,0.0,0.183333,0.410934,-0.44,0.496293
volkan,0.0,42,42-101,0.208333,0.016667,0.591667,0.608333,0.208333,0.175,0.0,0.772168,1.32,1.286031
volkan,0.0,42,42-102,0.241667,0.541667,0.025,0.566667,0.566667,0.0,0.175,0.417722,-0.68,0.459106
volkan,0.0,42,42-103,0.575,0.308333,0.608333,0.916667,0.633333,0.016667,0.0,0.65874,0.88,0.708423
volkan,0.0,42,42-104,0.025,0.141667,0.0,0.141667,0.141667,0.0,0.45,0.304399,-1.24,0.870382
volkan,0.0,42,42-105,0.416667,0.516667,0.15,0.666667,0.666667,0.0,0.125,0.461321,-0.24,0.437874
volkan,0.0,42,42-106,0.0,0.125,0.0,0.125,0.125,0.0,0.541667,0.287847,-0.84,0.960906
volkan,0.0,42,42-107,0.283333,0.583333,0.016667,0.6,0.6,0.0,0.141667,0.425656,-0.6,0.432917
volkan,0.0,42,42-108,0.525,0.25,0.591667,0.841667,0.55,0.025,0.0,0.67991,0.76,0.801128
volkan,0.0,42,42-109,0.0,0.0,0.0,0.0,0.0,0.0,0.983333,0.162549,-1.92,1.742087
volkan,0.0,42,42-110,0.466667,0.458333,0.475,0.933333,0.708333,0.008333,0.0,0.596829,0.8,0.546342
volkan,0.0,42,42-111,0.458333,0.55,0.341667,0.891667,0.783333,0.0,0.0,0.537708,0.48,0.410517
volkan,0.0,42,42-112,0.133333,0.441667,0.0,0.441667,0.441667,0.0,0.275,0.374793,-0.76,0.573064
volkan,0.0,42,42-113,0.0,0.0,0.0,0.0,0.0,0.0,0.866667,0.203023,-1.24,1.44988
volkan,0.0,42,42-114,0.458333,0.475,0.291667,0.766667,0.708333,0.0,0.008333,0.512646,0.28,0.424718
volkan,0.0,42,42-115,0.15,0.475,0.0,0.475,0.475,0.0,0.283333,0.379388,-0.44,0.552618
volkan,0.0,42,42-116,0.508333,0.508333,0.383333,0.891667,0.741667,0.0,0.0,0.565602,0.4,0.474135
volkan,0.0,42,42-117,0.491667,0.491667,0.3,0.791667,0.733333,0.0,0.016667,0.517534,0.16,0.418554
volkan,0.0,42,42-118,0.075,0.0,0.375,0.375,0.075,0.425,0.0,0.820217,1.6,1.593725
volkan,0.0,42,42-119,0.358333,0.525,0.108333,0.633333,0.633333,0.0,0.091667,0.451006,0.0,0.434567
volkan,0.0,42,42-120,0.0,0.091667,0.0,0.091667,0.091667,0.0,0.55,0.287824,-1.08,0.946304
volkan,0.0,42,42-121,0.458333,0.475,0.366667,0.841667,0.7,0.0,0.0,0.553651,0.52,0.481187
volkan,0.0,42,42-122,0.483333,0.516667,0.375,0.891667,0.766667,0.0,0.0,0.550158,0.28,0.443976
volkan,0.0,42,42-123,0.141667,0.0,0.591667,0.591667,0.141667,0.175,0.0,0.779173,1.44,1.327264
volkan,0.0,42,42-124,0.55,0.25,0.608333,0.858333,0.575,0.016667,0.0,0.679764,0.72,0.796284
volkan,0.0,42,42-125,0.5,0.491667,0.408333,0.9,0.75,0.0,0.0,0.578852,0.6,0.500541
volkan,0.0,42,42-126,0.133333,0.0,0.441667,0.441667,0.133333,0.341667,0.0,0.802593,1.56,1.492848
volkan,0.0,42,42-127,0.0,0.066667,0.0,0.066667,0.066667,0.0,0.741667,0.247793,-1.08,1.16637
volkan,0.0,42,42-128,0.091667,0.375,0.0,0.375,0.375,0.0,0.35,0.35739,-0.64,0.660326
volkan,0.0,42,42-129,0.0,0.175,0.0,0.175,0.175,0.0,0.491667,0.303523,-1.2,0.875051
volkan,0.0,42,42-130,0.3,0.55,0.008333,0.558333,0.558333,0.0,0.183333,0.417457,-0.6,0.465761
volkan,0.0,42,42-131,0.0,0.0,0.0,0.0,0.0,0.0,0.825,0.219615,-1.32,1.338484
volkan,0.0,42,42-132,0.566667,0.408333,0.516667,0.925,0.675,0.016667,0.0,0.641698,0.88,0.639749
volkan,0.0,42,42-133,0.375,0.416667,0.175,0.591667,0.591667,0.0,0.225,0.436924,-0.12,0.557341
volkan,0.0,42,42-134,0.0,0.0,0.0,0.0,0.0,0.0,0.875,0.203917,-1.44,1.465847
volkan,0.0,42,42-135,0.0,0.116667,0.0,0.116667,0.116667,0.0,0.575,0.274468,-0.8,1.030113
volkan,0.0,42,42-136,0.5,0.433333,0.458333,0.891667,0.7,0.0,0.0,0.587625,0.48,0.527824
volkan,0.0,42,42-137,0.525,0.233333,0.583333,0.816667,0.55,0.066667,0.0,0.689657,0.84,0.85982
volkan,0.0,42,42-138,0.0,0.0,0.141667,0.141667,0.0,0.6,0.0,0.865285,1.72,1.947466
volkan,0.0,42,42-139,0.0,0.0,0.0,0.0,0.0,1.0,0.0,0.942286,2.08,2.929869
volkan,0.0,42,42-140,0.558333,0.5,0.466667,0.966667,0.741667,0.0,0.0,0.596338,0.52,0.513812
volkan,0.0,42,42-141,0.0,0.141667,0.0,0.141667,0.141667,0.0,0.583333,0.285023,-1.32,0.978731
volkan,0.0,42,42-142,0.0,0.0,0.0,0.0,0.0,0.0,1.0,0.118053,-1.88,2.10675
volkan,0.0,42,42-143,0.533333,0.516667,0.358333,0.875,0.758333,0.0,0.0,0.548496,-0.04,0.441095
volkan,0.0,42,42-144,0.05,0.225,0.0,0.225,0.225,0.0,0.466667,0.30919,-1.12,0.861867
volkan,0.0,42,42-145,0.258333,0.5,0.033333,0.533333,0.533333,0.0,0.166667,0.412307,-0.28,0.496228
volkan,0.0,42,42-146,0.141667,0.366667,0.0,0.366667,0.366667,0.0,0.341667,0.359824,-0.36,0.646998
volkan,0.0,42,42-147,0.433333,0.491667,0.175,0.666667,0.666667,0.0,0.058333,0.474814,-0.08,0.416489
volkan,0.0,42,42-148,0.35,0.108333,0.575,0.683333,0.35,0.15,0.0,0.737177,0.84,1.100265
volkan,0.0,42,42-149,0.516667,0.508333,0.333333,0.841667,0.758333,0.0,0.0,0.533733,-0.12,0.423503
volkan,0.0,42,42-150,0.466667,0.516667,0.166667,0.683333,0.683333,0.0,0.091667,0.470321,-0.6,0.432688
volkan,0.0,42,42-151,0.0,0.125,0.0,0.125,0.125,0.0,0.616667,0.273133,-1.24,1.039243
volkan,0.0,42,42-152,0.0,0.0,0.0,0.0,0.0,0.0,0.925,0.169492,-1.64,1.708922
volkan,0.0,42,42-153,0.2,0.491667,0.0,0.491667,0.491667,0.0,0.266667,0.39194,-0.48,0.541079
volkan,0.0,42,42-154,0.433333,0.491667,0.191667,0.683333,0.675,0.0,0.033333,0.476327,0.12,0.416118
volkan,0.0,42,42-155,0.008333,0.0,0.283333,0.283333,0.008333,0.466667,0.0,0.839971,1.44,1.735449
volkan,0.0,42,42-156,0.433333,0.491667,0.308333,0.8,0.716667,0.0,0.0,0.518806,0.36,0.435602
volkan,0.0,42,42-157,0.425,0.15,0.591667,0.741667,0.425,0.158333,0.0,0.723248,1.2,1.046162
volkan,0.0,42,42-158,0.175,0.491667,0.0,0.491667,0.491667,0.0,0.241667,0.392428,-0.56,0.518986
volkan,0.0,42,42-159,0.0,0.058333,0.0,0.058333,0.058333,0.0,0.666667,0.249814,-1.08,1.169871
volkan,0.0,42,42-160,0.0,0.133333,0.0,0.133333,0.133333,0.0,0.583333,0.287214,-1.2,0.962513
volkan,0.0,42,42-161,0.05,0.366667,0.0,0.366667,0.366667,0.0,0.366667,0.348863,-0.6,0.666354
volkan,0.0,42,42-162,0.0,0.0,0.108333,0.108333,0.0,0.733333,0.0,0.883792,1.92,2.155372
volkan,0.0,42,42-163,0.066667,0.341667,0.0,0.341667,0.341667,0.0,0.416667,0.334516,-0.6,0.744143
volkan,0.0,42,42-164,0.491667,0.233333,0.591667,0.825,0.525,0.05,0.0,0.693046,0.92,0.871496
volkan,0.0,42,42-165,0.033333,0.158333,0.0,0.158333,0.158333,0.0,0.6,0.294053,-1.28,0.931669
volkan,0.0,42,42-166,0.441667,0.141667,0.633333,0.775,0.458333,0.058333,0.0,0.709459,0.76,0.945387
volkan,0.0,42,42-167,0.533333,0.5,0.433333,0.933333,0.775,0.0,0.0,0.57781,0.36,0.47805
volkan,0.0,42,42-168,0.433333,0.55,0.133333,0.683333,0.683333,0.0,0.066667,0.468161,-0.52,0.388948
volkan,0.0,42,42-169,0.4,0.475,0.191667,0.666667,0.633333,0.0,0.125,0.471676,-0.08,0.477497
volkan,0.0,42,42-170,0.075,0.391667,0.0,0.391667,0.391667,0.0,0.35,0.355659,-0.64,0.643425
volkan,0.0,42,42-171,0.583333,0.475,0.466667,0.941667,0.775,0.008333,0.0,0.602415,0.84,0.538397
volkan,0.0,42,42-172,0.166667,0.383333,0.033333,0.416667,0.416667,0.0,0.308333,0.377903,-0.6,0.606723
volkan,0.0,42,42-173,0.0,0.075,0.0,0.075,0.075,0.0,0.733333,0.240006,-1.28,1.222703
volkan,0.0,42,42-174,0.0,0.041667,0.0,0.041667,0.041667,0.0,0.716667,0.227078,-1.28,1.31199
volkan,0.0,42,42-175,0.5,0.508333,0.3,0.808333,0.725,0.0,0.0,0.529807,0.0,0.440518
volkan,0.0,42,42-176,0.041667,0.0,0.458333,0.458333,0.041667,0.358333,0.0,0.814563,1.56,1.564728
volkan,0.0,42,42-177,0.525,0.55,0.366667,0.916667,0.816667,0.0,0.0,0.550156,0.2,0.424716
volkan,0.0,42,42-178,0.458333,0.516667,0.183333,0.7,0.7,0.0,0.116667,0.468044,-0.36,0.437247
volkan,0.0,42,42-179,0.533333,0.483333,0.408333,0.891667,0.75,0.0,0.0,0.57817,0.36,0.503766
volkan,0.0,42,42-180,0.208333,0.058333,0.583333,0.641667,0.208333,0.241667,0.0,0.773247,1.28,1.314505
volkan,0.0,42,42-181,0.5,0.458333,0.333333,0.791667,0.691667,0.0,0.008333,0.531803,-0.12,0.453949
volkan,0.0,42,42-182,0.225,0.483333,0.016667,0.5,0.5,0.0,0.183333,0.40299,-0.24,0.4952
volkan,0.0,42,42-183,0.341667,0.083333,0.666667,0.75,0.341667,0.116667,0.0,0.73648,1.2,1.083977
volkan,0.0,42,42-184,0.566667,0.5,0.483333,0.983333,0.783333,0.008333,0.0,0.596073,0.64,0.513244
volkan,0.0,42,42-185,0.108333,0.0,0.375,0.375,0.108333,0.341667,0.0,0.810153,1.56,1.527581
volkan,0.0,42,42-186,0.5,0.541667,0.333333,0.875,0.783333,0.0,0.0,0.540013,0.08,0.42005
volkan,0.0,42,42-187,0.0,0.016667,0.0,0.016667,0.016667,0.0,0.775,0.23966,-1.2,1.215308
volkan,0.0,42,42-188,0.0,0.0,0.0,0.0,0.0,0.0,0.808333,0.217422,-1.36,1.357163
volkan,0.0,42,42-189,0.066667,0.0,0.366667,0.366667,0.066667,0.458333,0.0,0.828277,1.72,1.670704
volkan,0.0,42,42-190,0.041667,0.0,0.316667,0.316667,0.041667,0.433333,0.0,0.832895,1.6,1.688973
volkan,0.0,42,42-191,0.383333,0.5,0.141667,0.641667,0.641667,0.0,0.108333,0.45722,-0.44,0.439064
volkan,0.0,42,42-192,0.291667,0.483333,0.05,0.533333,0.533333,0.0,0.216667,0.415834,-0.12,0.516559
volkan,0.0,42,42-193,0.15,0.0,0.45,0.45,0.15,0.35,0.0,0.7996,1.84,1.474904
volkan,0.0,42,42-194,0.0,0.091667,0.0,0.091667,0.091667,0.0,0.716667,0.255033,-1.16,1.135037
volkan,0.0,42,42-195,0.016667,0.208333,0.0,0.208333,0.208333,0.0,0.5,0.306897,-1.56,0.860344
volkan,0.0,42,42-196,0.591667,0.375,0.558333,0.933333,0.658333,0.008333,0.0,0.648457,0.68,0.663341
volkan,0.0,42,42-197,0.3,0.516667,0.016667,0.533333,0.533333,0.0,0.225,0.410808,-0.6,0.50628
volkan,0.0,42,42-198,0.416667,0.408333,0.233333,0.641667,0.625,0.0,0.058333,0.480709,0.12,0.435253
volkan,0.0,42,42-199,0.408333,0.516667,0.158333,0.675,0.675,0.0,0.116667,0.460508,-0.28,0.434451
volkan,0.0,137,137-0,0.033333,0.225,0.0,0.225,0.225,0.0,0.425,0.316268,-0.8,0.816495
volkan,0.0,137,137-1,0.058333,0.333333,0.0,0.333333,0.333333,0.0,0.375,0.34016,-0.64,0.711589
volkan,0.0,137,137-2,0.15,0.383333,0.0,0.383333,0.383333,0.0,0.35,0.356278,-0.84,0.689733
volkan,0.0,137,137-3,0.475,0.558333,0.241667,0.8,0.758333,0.0,0.025,0.508146,-0.08,0.415564
volkan,0.0,137,137-4,0.125,0.458333,0.0,0.458333,0.458333,0.0,0.3,0.379538,-0.68,0.562167
volkan,0.0,137,137-5,0.0,0.15,0.0,0.15,0.15,0.0,0.566667,0.285687,-1.48,0.965335
volkan,0.0,137,137-6,0.483333,0.55,0.35,0.9,0.791667,0.0,0.0,0.547973,0.12,0.428361
volkan,0.0,137,137-7,0.1,0.4,0.0,0.4,0.4,0.0,0.333333,0.359309,-0.48,0.631514
volkan,0.0,137,137-8,0.0,0.0,0.0,0.0,0.0,0.0,1.0,0.132691,-1.56,1.967685
volkan,0.0,137,137-9,0.0,0.0,0.175,0.175,0.0,0.6,0.0,0.859549,1.84,1.886278
volkan,0.0,137,137-10,0.033333,0.0,0.391667,0.391667,0.033333,0.358333,0.0,0.818876,1.4,1.592341
volkan,0.0,137,137-11,0.0,0.108333,0.0,0.108333,0.108333,0.0,0.558333,0.277411,-0.6,1.0101
volkan,0.0,137,137-12,0.275,0.45,0.041667,0.491667,0.491667,0.0,0.225,0.407191,-0.12,0.529632
volkan,0.0,137,137-13,0.458333,0.466667,0.241667,0.708333,0.691667,0.0,0.075,0.486445,-0.16,0.442056
volkan,0.0,137,137-14,0.441667,0.175,0.583333,0.758333,0.441667,0.091667,0.0,0.713858,1.0,0.976411
volkan,0.0,137,137-15,0.0,0.0,0.0,0.0,0.0,0.0,1.0,0.075876,-1.88,2.639432
volkan,0.0,137,137-16,0.025,0.25,0.0,0.25,0.25,0.0,0.458333,0.311883,-0.84,0.843683
volkan,0.0,137,137-17,0.475,0.508333,0.35,0.858333,0.775,0.0,0.0,0.537918,0.16,0.425033
volkan,0.0,137,137-18,0.0,0.0,0.0,0.0,0.0,0.0,1.0,0.150354,-1.68,1.849009
volkan,0.0,137,137-19,0.083333,0.4,0.0,0.4,0.4,0.0,0.358333,0.354295,-0.48,0.662748
volkan,0.0,137,137-20,0.283333,0.491667,0.066667,0.558333,0.558333,0.0,0.158333,0.423846,-0.2,0.47806
volkan,0.0,137,137-21,0.241667,0.541667,0.016667,0.558333,0.558333,0.0,0.208333,0.412385,-0.52,0.463349
volkan,0.0,137,137-22,0.0,0.116667,0.0,0.116667,0.116667,0.0,0.608333,0.273566,-1.12,1.0322
volkan,0.0,137,137-23,0.4,0.116667,0.675,0.791667,0.4,0.075,0.0,0.722194,1.12,1.006188
volkan,0.0,137,137-24,0.091667,0.325,0.0,0.325,0.325,0.0,0.366667,0.358045,-0.6,0.660825
volkan,0.0,137,137-25,0.55,0.283333,0.583333,0.866667,0.566667,0.025,0.0,0.67777,0.44,0.789906
volkan,0.0,137,137-26,0.325,0.5,0.075,0.575,0.575,0.0,0.183333,0.427399,-0.2,0.471995
volkan,0.0,137,137-27,0.525,0.525,0.375,0.9,0.8,0.0,0.0,0.54829,0.08,0.415182
volkan,0.0,137,137-28,0.183333,0.458333,0.016667,0.475,0.475,0.0,0.225,0.391243,-0.72,0.531164
volkan,0.0,137,137-29,0.4,0.083333,0.65,0.733333,0.4,0.108333,0.0,0.730507,0.6,1.055202
volkan,0.0,137,137-30,0.533333,0.525,0.416667,0.941667,0.783333,0.0,0.0,0.581455,0.4,0.483045
volkan,0.0,137,137-31,0.0,0.175,0.0,0.175,0.175,0.0,0.575,0.283722,-1.0,0.983408
volkan,0.0,137,137-32,0.491667,0.275,0.591667,0.866667,0.591667,0.008333,0.0,0.666888,0.96,0.745071
volkan,0.0,137,137-33,0.0,0.0,0.0,0.0,0.0,0.966667,0.0,0.926768,1.8,2.637902
volkan,0.0,137,137-34,0.0,0.0,0.0,0.0,0.0,0.0,0.975,0.159938,-1.44,1.746539
volkan,0.0,137,137-35,0.425,0.483333,0.191667,0.675,0.658333,0.0,0.058333,0.474071,0.04,0.418348
volkan,0.0,137,137-36,0.475,0.5,0.291667,0.791667,0.725,0.0,0.033333,0.516324,0.32,0.417863
volkan,0.0,137,137-37,0.416667,0.516667,0.133333,0.65,0.65,0.0,0.125,0.45876,-0.36,0.441392
volkan,0.0,137,137-38,0.45,0.158333,0.616667,0.775,0.45,0.083333,0.0,0.70697,1.32,0.943557
volkan,0.0,137,137-39,0.375,0.483333,0.15,0.633333,0.633333,0.0,0.133333,0.449749,-0.24,0.476282
volkan,0.0,137,137-40,0.541667,0.316667,0.558333,0.875,0.6,0.0,0.0,0.663794,0.4,0.735331
volkan,0.0,137,137-41,0.525,0.316667,0.566667,0.883333,0.625,0.025,0.0,0.654696,0.92,0.709146
volkan,0.0,137,137-42,0.0,0.125,0.0,0.125,0.125,0.0,0.558333,0.284341,-0.76,0.973631
volkan,0.0,137,137-43,0.0,0.058333,0.0,0.058333,0.058333,0.0,0.675,0.259514,-1.08,1.100971
volkan,0.0,137,137-44,0.008333,0.0,0.291667,0.291667,0.008333,0.508333,0.0,0.845157,1.72,1.801755
volkan,0.0,137,137-45,0.358333,0.458333,0.133333,0.591667,0.591667,0.0,0.1,0.452052,0.04,0.425691
volkan,0.0,137,137-46,0.491667,0.541667,0.325,0.866667,0.775,0.0,0.0,0.535431,0.32,0.419049
volkan,0.0,137,137-47,0.058333,0.0,0.375,0.375,0.058333,0.341667,0.0,0.81028,1.56,1.513053
volkan,0.0,137,137-48,0.65,0.391667,0.566667,0.958333,0.7,0.0,0.0,0.639948,0.84,0.615118
volkan,0.0,137,137-49,0.141667,0.35,0.0,0.35,0.35,0.0,0.333333,0.358824,-0.48,0.655266
volkan,0.0,137,137-50,0.308333,0.516667,0.041667,0.558333,0.558333,0.0,0.225,0.418775,-0.48,0.504446
volkan,0.0,137,137-51,0.35,0.091667,0.625,0.716667,0.35,0.175,0.0,0.739328,1.2,1.124761
volkan,0.0,137,137-52,0.166667,0.008333,0.525,0.533333,0.166667,0.15,0.0,0.780202,1.48,1.324553
volkan,0.0,137,137-53,0.341667,0.516667,0.083333,0.6,0.6,0.0,0.108333,0.444971,-0.2,0.427233
volkan,0.0,137,137-54,0.2,0.0,0.583333,0.583333,0.2,0.116667,0.0,0.772086,1.36,1.271293
volkan,0.0,137,137-55,0.225,0.458333,0.041667,0.5,0.5,0.0,0.266667,0.395491,-0.28,0.56682
volkan,0.0,137,137-56,0.508333,0.516667,0.333333,0.85,0.75,0.0,0.0,0.540322,0.28,0.437735
volkan,0.0,137,137-57,0.0,0.008333,0.0,0.008333,0.008333,0.0,0.775,0.236869,-1.6,1.224383
volkan,0.0,137,137-58,0.391667,0.533333,0.108333,0.641667,0.641667,0.0,0.133333,0.454085,-0.2,0.434276
volkan,0.0,137,137-59,0.591667,0.425,0.508333,0.933333,0.741667,0.008333,0.0,0.621331,0.76,0.57286
volkan,0.0,137,137-60,0.516667,0.483333,0.483333,0.966667,0.741667,0.0,0.0,0.590696,0.24,0.511611
volkan,0.0,137,137-61,0.583333,0.358333,0.533333,0.891667,0.625,0.016667,0.0,0.659264,0.8,0.705793
volkan,0.0,137,137-62,0.066667,0.316667,0.0,0.316667,0.316667,0.0,0.375,0.340607,-0.76,0.709457
volkan,0.0,137,137-63,0.375,0.533333,0.091667,0.625,0.625,0.0,0.091667,0.452026,-0.28,0.414123
volkan,0.0,137,137-64,0.4,0.475,0.216667,0.691667,0.675,0.0,0.1,0.474074,-0.16,0.471141
volkan,0.0,137,137-65,0.033333,0.0,0.316667,0.316667,0.033333,0.45,0.0,0.833937,1.72,1.708006
volkan,0.0,137,137-66,0.0,0.025,0.0,0.025,0.025,0.0,0.741667,0.23705,-1.04,1.230582
volkan,0.0,137,137-67,0.341667,0.491667,0.1,0.591667,0.591667,0.0,0.183333,0.431709,-0.48,0.479466
volkan,0.0,137,137-68,0.45,0.491667,0.175,0.666667,0.666667,0.0,0.083333,0.468964,-0.2,0.424453
volkan,0.0,137,137-69,0.0,0.0,0.0,0.0,0.0,1.0,0.0,0.95203,2.28,3.145739
volkan,0.0,137,137-70,0.558333,0.341667,0.541667,0.883333,0.675,0.025,0.0,0.648042,1.08,0.688777
volkan,0.0,137,137-71,0.475,0.5,0.166667,0.666667,0.666667,0.0,0.058333,0.476383,-0.2,0.406387
volkan,0.0,137,137-72,0.45,0.416667,0.3,0.716667,0.666667,0.0,0.05,0.501723,-0.12,0.444234
volkan,0.0,137,137-73,0.0,0.0,0.0,0.0,0.0,0.0,0.908333,0.183797,-1.52,1.588441
volkan,0.0,137,137-74,0.483333,0.491667,0.35,0.841667,0.7,0.0,0.0,0.542858,-0.04,0.480824
volkan,0.0,137,137-75,0.258333,0.016667,0.558333,0.575,0.258333,0.158333,0.0,0.771594,1.56,1.289532
volkan,0.0,137,137-76,0.366667,0.541667,0.075,0.616667,0.616667,0.0,0.091667,0.450232,-0.4,0.407401
volkan,0.0,137,137-77,0.166667,0.466667,0.0,0.466667,0.466667,0.0,0.208333,0.389675,-0.64,0.527921
volkan,0.0,137,137-78,0.283333,0.516667,0.05,0.566667,0.566667,0.0,0.15,0.427192,-0.4,0.460854
volkan,0.0,137,137-79,0.475,0.208333,0.608333,0.816667,0.516667,0.066667,0.0,0.694413,1.0,0.889903
volkan,0.0,137,137-80,0.583333,0.4,0.516667,0.916667,0.691667,0.016667,0.0,0.633306,0.92,0.624675
volkan,0.0,137,137-81,0.341667,0.075,0.625,0.7,0.341667,0.133333,0.0,0.744365,1.24,1.130268
volkan,0.0,137,137-82,0.516667,0.466667,0.366667,0.833333,0.75,0.0,0.008333,0.53723,0.0,0.434579
volkan,0.0,137,137-83,0.583333,0.325,0.558333,0.883333,0.625,0.033333,0.0,0.662457,1.08,0.723352
volkan,0.0,137,137-84,0.0,0.166667,0.0,0.166667,0.166667,0.0,0.433333,0.30909,-1.04,0.846114
volkan,0.0,137,137-85,0.433333,0.475,0.308333,0.783333,0.65,0.0,0.016667,0.535193,0.52,0.47177
volkan,0.0,137,137-86,0.0,0.066667,0.0,0.066667,0.066667,0.0,0.608333,0.273045,-1.0,1.028689
volkan,0.0,137,137-87,0.083333,0.358333,0.0,0.358333,0.358333,0.0,0.375,0.347457,-0.64,0.687402
volkan,0.0,137,137-88,0.0,0.216667,0.0,0.216667,0.216667,0.0,0.475,0.306435,-0.64,0.862473
volkan,0.0,137,137-89,0.425,0.475,0.2,0.675,0.675,0.0,0.1,0.470765,-0.16,0.44256
volkan,0.0,137,137-90,0.366667,0.075,0.616667,0.691667,0.366667,0.125,0.0,0.740934,0.96,1.112378
volkan,0.0,137,137-91,0.608333,0.55,0.45,1.0,0.833333,0.0,0.0,0.5872,0.56,0.447055
volkan,0.0,137,137-92,0.0,0.075,0.0,0.075,0.075,0.0,0.65,0.264186,-0.88,1.080112
volkan,0.0,137,137-93,0.483333,0.4,0.483333,0.883333,0.616667,0.025,0.0,0.636455,0.8,0.66804
volkan,0.0,137,137-94,0.0,0.0,0.058333,0.058333,0.0,0.758333,0.0,0.886199,1.88,2.147717
volkan,0.0,137,137-95,0.225,0.025,0.558333,0.583333,0.225,0.216667,0.0,0.774358,0.92,1.305649
volkan,0.0,137,137-96,0.525,0.291667,0.6,0.891667,0.633333,0.0,0.0,0.655841,1.0,0.711669
volkan,0.0,137,137-97,0.266667,0.025,0.7,0.725,0.266667,0.091667,0.0,0.751231,1.44,1.151925
volkan,0.0,137,137-98,0.233333,0.041667,0.6,0.641667,0.233333,0.2,0.0,0.766319,1.2,1.26971
volkan,0.0,137,137-99,0.608333,0.466667,0.475,0.941667,0.808333,0.0,0.0,0.589393,0.08,0.484699
volkan,0.0,137,137-100,0.325,0.508333,0.075,0.583333,0.583333,0.0,0.166667,0.432689,-0.12,0.460017
volkan,0.0,137,137-101,0.0,0.0,0.108333,0.108333,0.0,0.7,0.0,0.876046,1.76,2.061713
volkan,0.0,137,137-102,0.558333,0.558333,0.4,0.958333,0.833333,0.0,0.0,0.5679,0.44,0.419063
volkan,0.0,137,137-103,0.2,0.016667,0.633333,0.65,0.2,0.175,0.0,0.770032,1.2,1.265794
volkan,0.0,137,137-104,0.458333,0.458333,0.266667,0.725,0.683333,0.0,0.058333,0.499516,0.04,0.446706
volkan,0.0,137,137-105,0.0,0.0,0.058333,0.058333,0.0,0.75,0.0,0.882684,1.8,2.116492
volkan,0.0,137,137-106,0.0,0.0,0.0,0.0,0.0,0.0,1.0,0.052875,-2.28,3.051322
volkan,0.0,137,137-107,0.325,0.533333,0.066667,0.6,0.6,0.0,0.141667,0.436622,-0.32,0.445498
volkan,0.0,137,137-108,0.0,0.0,0.0,0.0,0.0,0.0,1.0,0.054674,-2.16,3.013239
volkan,0.0,137,137-109,0.058333,0.0,0.325,0.325,0.058333,0.483333,0.0,0.834286,1.44,1.718045
volkan,0.0,137,137-110,0.108333,0.433333,0.0,0.433333,0.433333,0.0,0.308333,0.372734,-0.64,0.579573
volkan,0.0,137,137-111,0.275,0.008333,0.658333,0.666667,0.275,0.175,0.0,0.761236,1.32,1.224558
volkan,0.0,137,137-112,0.283333,0.525,0.0,0.525,0.525,0.0,0.241667,0.400195,-0.6,0.53763
volkan,0.0,137,137-113,0.125,0.375,0.0,0.375,0.375,0.0,0.35,0.354125,-0.64,0.668431
volkan,0.0,137,137-114,0.291667,0.516667,0.058333,0.575,0.575,0.0,0.25,0.414804,-0.4,0.506861
volkan,0.0,137,137-115,0.325,0.525,0.066667,0.591667,0.591667,0.0,0.116667,0.437097,-0.36,0.427141
volkan,0.0,137,137-116,0.266667,0.0,0.691667,0.691667,0.266667,0.133333,0.0,0.760039,1.32,1.206612
volkan,0.0,137,137-117,0.116667,0.366667,0.0,0.366667,0.366667,0.0,0.333333,0.354711,-0.76,0.664966
volkan,0.0,137,137-118,0.0,0.0,0.0,0.0,0.0,0.0,1.0,0.14864,-1.76,1.85303
volkan,0.0,137,137-119,0.35,0.5,0.083333,0.583333,0.583333,0.0,0.208333,0.423961,-0.28,0.511318
volkan,0.0,137,137-120,0.0,0.0,0.208333,0.208333,0.0,0.683333,0.0,0.864119,1.8,1.955139
volkan,0.0,137,137-121,0.0,0.0,0.058333,0.058333,0.0,0.758333,0.0,0.891885,1.88,2.230453
volkan,0.0,137,137-122,0.525,0.425,0.375,0.8,0.758333,0.0,0.016667,0.527985,-0.2,0.431135
volkan,0.0,137,137-123,0.0,0.058333,0.0,0.058333,0.058333,0.0,0.725,0.225658,-1.6,1.337665
volkan,0.0,137,137-124,0.0,0.0,0.0,0.0,0.0,0.0,0.916667,0.188039,-1.64,1.548436
volkan,0.0,137,137-125,0.491667,0.533333,0.266667,0.8,0.733333,0.0,0.0,0.519289,-0.2,0.415908
volkan,0.0,137,137-126,0.491667,0.508333,0.375,0.883333,0.741667,0.0,0.0,0.558732,0.4,0.469224
volkan,0.0,137,137-127,0.008333,0.15,0.0,0.15,0.15,0.0,0.458333,0.306815,-1.08,0.856031
volkan,0.0,137,137-128,0.383333,0.5,0.133333,0.633333,0.633333,0.0,0.141667,0.450268,-0.04,0.472313
volkan,0.0,137,137-129,0.391667,0.15,0.658333,0.808333,0.391667,0.108333,0.0,0.719694,1.24,0.996997
volkan,0.0,137,137-130,0.425,0.466667,0.225,0.691667,0.691667,0.0,0.116667,0.473516,-0.4,0.479224
volkan,0.0,137,137-131,0.391667,0.558333,0.058333,0.616667,0.616667,0.0,0.133333,0.440614,-0.44,0.43759
volkan,0.0,137,137-132,0.525,0.416667,0.541667,0.958333,0.683333,0.0,0.0,0.627264,0.2,0.600901
volkan,0.0,137,137-133,0.0,0.05,0.0,0.05,0.05,0.0,0.633333,0.255696,-1.12,1.134266
volkan,0.0,137,137-134,0.475,0.483333,0.35,0.833333,0.716667,0.0,0.0,0.54153,0.16,0.457413
volkan,0.0,137,137-135,0.508333,0.533333,0.416667,0.95,0.8,0.0,0.0,0.565872,0.56,0.432218
volkan,0.0,137,137-136,0.5,0.575,0.225,0.8,0.783333,0.0,0.016667,0.50269,-0.0,0.389083
volkan,0.0,137,137-137,0.308333,0.466667,0.083333,0.55,0.55,0.0,0.183333,0.426025,-0.84,0.501539
volkan,0.0,137,137-138,0.45,0.541667,0.25,0.791667,0.758333,0.0,0.016667,0.49886,0.08,0.402926
volkan,0.0,137,137-139,0.408333,0.066667,0.7,0.766667,0.408333,0.1,0.0,0.727362,1.0,1.04021
volkan,0.0,137,137-140,0.0,0.0,0.0,0.0,0.0,0.0,1.0,0.09274,-1.88,2.383549
volkan,0.0,137,137-141,0.5,0.141667,0.666667,0.808333,0.5,0.066667,0.0,0.708071,1.0,0.932074
volkan,0.0,137,137-142,0.433333,0.475,0.25,0.725,0.675,0.0,0.033333,0.496424,-0.12,0.434364
volkan,0.0,137,137-143,0.125,0.425,0.0,0.425,0.425,0.0,0.308333,0.367023,-0.8,0.620846
volkan,0.0,137,137-144,0.458333,0.55,0.333333,0.883333,0.775,0.0,0.0,0.541215,0.56,0.421853
volkan,0.0,137,137-145,0.525,0.408333,0.533333,0.941667,0.666667,0.0,0.0,0.634435,0.32,0.622797
volkan,0.0,137,137-146,0.475,0.208333,0.6,0.808333,0.491667,0.066667,0.0,0.699604,1.28,0.900065
volkan,0.0,137,137-147,0.2,0.525,0.041667,0.566667,0.566667,0.0,0.216667,0.407829,-0.6,0.494035
volkan,0.0,137,137-148,0.041667,0.233333,0.0,0.233333,0.233333,0.0,0.408333,0.324333,-0.88,0.776828
volkan,0.0,137,137-149,0.45,0.5,0.241667,0.741667,0.716667,0.0,0.025,0.495045,0.28,0.401449
volkan,0.0,137,137-150,0.0,0.108333,0.0,0.108333,0.108333,0.0,0.608333,0.274165,-1.16,1.028975
volkan,0.0,137,137-151,0.041667,0.0,0.308333,0.308333,0.041667,0.425,0.0,0.830508,1.28,1.669251
volkan,0.0,137,137-152,0.0,0.0,0.0,0.0,0.0,1.0,0.0,0.972907,2.28,3.765829
volkan,0.0,137,137-153,0.0,0.158333,0.0,0.158333,0.158333,0.0,0.466667,0.304061,-0.88,0.871087
volkan,0.0,137,137-154,0.016667,0.0,0.291667,0.291667,0.016667,0.458333,0.0,0.834718,1.32,1.701172
volkan,0.0,137,137-155,0.575,0.308333,0.6,0.908333,0.625,0.016667,0.0,0.654573,0.84,0.690112
volkan,0.0,137,137-156,0.45,0.5,0.241667,0.741667,0.7,0.0,0.025,0.495153,0.08,0.423826
volkan,0.0,137,137-157,0.441667,0.15,0.658333,0.808333,0.441667,0.058333,0.0,0.707173,1.2,0.929898
volkan,0.0,137,137-158,0.433333,0.133333,0.658333,0.791667,0.433333,0.066667,0.0,0.715801,0.96,0.977539
volkan,0.0,137,137-159,0.433333,0.441667,0.475,0.916667,0.683333,0.0,0.0,0.585429,0.28,0.537034
volkan,0.0,137,137-160,0.116667,0.383333,0.0,0.383333,0.383333,0.0,0.333333,0.361556,-0.2,0.641322
volkan,0.0,137,137-161,0.491667,0.491667,0.341667,0.833333,0.766667,0.0,0.0,0.531374,0.12,0.411787
volkan,0.0,137,137-162,0.0,0.1,0.0,0.1,0.1,0.0,0.575,0.272267,-1.16,1.04382
volkan,0.0,137,137-163,0.608333,0.408333,0.5,0.908333,0.7,0.033333,0.0,0.643194,1.04,0.640024
volkan,0.0,137,137-164,0.391667,0.558333,0.083333,0.641667,0.641667,0.0,0.125,0.450026,-0.32,0.415857
volkan,0.0,137,137-165,0.375,0.091667,0.65,0.741667,0.375,0.141667,0.0,0.73545,1.0,1.080598
volkan,0.0,137,137-166,0.533333,0.483333,0.333333,0.816667,0.733333,0.0,0.0,0.532095,0.32,0.445273
volkan,0.0,137,137-167,0.45,0.541667,0.175,0.716667,0.716667,0.0,0.083333,0.474192,-0.6,0.410721
volkan,0.0,137,137-168,0.1,0.291667,0.0,0.291667,0.291667,0.0,0.433333,0.326038,-0.72,0.791518
volkan,0.0,137,137-169,0.516667,0.483333,0.466667,0.95,0.733333,0.008333,0.0,0.611967,0.72,0.541965
volkan,0.0,137,137-170,0.575,0.516667,0.408333,0.925,0.8,0.0,0.0,0.566136,0.36,0.451073
volkan,0.0,137,137-171,0.325,0.558333,0.041667,0.6,0.6,0.0,0.116667,0.432971,-0.44,0.433441
volkan,0.0,137,137-172,0.466667,0.483333,0.275,0.758333,0.716667,0.0,0.05,0.503934,0.04,0.430823
volkan,0.0,137,137-173,0.441667,0.141667,0.658333,0.8,0.441667,0.058333,0.0,0.710593,1.08,0.943311
volkan,0.0,137,137-174,0.316667,0.475,0.116667,0.591667,0.591667,0.0,0.141667,0.439409,-0.36,0.480924
volkan,0.0,137,137-175,0.033333,0.15,0.0,0.15,0.15,0.0,0.55,0.291158,-1.2,0.942235
volkan,0.0,137,137-176,0.533333,0.333333,0.55,0.883333,0.591667,0.041667,0.0,0.663844,0.68,0.745928
volkan,0.0,137,137-177,0.533333,0.45,0.4,0.85,0.741667,0.0,0.0,0.548024,-0.04,0.438224
volkan,0.0,137,137-178,0.0,0.033333,0.0,0.033333,0.033333,0.0,0.741667,0.229649,-1.0,1.280733
volkan,0.0,137,137-179,0.0,0.0,0.0,0.0,0.0,1.0,0.0,0.938093,2.04,2.826609
volkan,0.0,137,137-180,0.208333,0.441667,0.025,0.466667,0.466667,0.0,0.3,0.3907,-0.12,0.568763
volkan,0.0,137,137-181,0.45,0.516667,0.191667,0.708333,0.708333,0.0,0.058333,0.475879,-0.2,0.41412
volkan,0.0,137,137-182,0.0,0.0,0.0,0.0,0.0,0.0,0.933333,0.195168,-1.52,1.485933
volkan,0.0,137,137-183,0.383333,0.516667,0.158333,0.675,0.675,0.0,0.108333,0.464288,0.0,0.439115
volkan,0.0,137,137-184,0.091667,0.341667,0.0,0.341667,0.341667,0.0,0.366667,0.345693,-0.92,0.699339
volkan,0.0,137,137-185,0.133333,0.433333,0.0,0.433333,0.433333,0.0,0.275,0.380114,-0.8,0.571974
volkan,0.0,137,137-186,0.0,0.041667,0.0,0.041667,0.041667,0.0,0.658333,0.25272,-1.32,1.149723
volkan,0.0,137,137-187,0.283333,0.433333,0.066667,0.5,0.5,0.0,0.216667,0.413593,-0.16,0.508872
volkan,0.0,137,137-188,0.158333,0.433333,0.0,0.433333,0.433333,0.0,0.275,0.381654,-0.56,0.553976
volkan,0.0,137,137-189,0.108333,0.383333,0.0,0.383333,0.383333,0.0,0.375,0.34971,-0.56,0.690526
volkan,0.0,137,137-190,0.1,0.375,0.0,0.375,0.375,0.0,0.333333,0.358956,-1.04,0.651443
volkan,0.0,137,137-191,0.0,0.033333,0.0,0.033333,0.033333,0.0,0.8,0.23117,-1.36,1.278562
volkan,0.0,137,137-192,0.0,0.0,0.0,0.0,0.0,0.0,1.0,0.139037,-1.8,1.932155
volkan,0.0,137,137-193,0.116667,0.391667,0.0,0.391667,0.391667,0.0,0.316667,0.367264,-0.6,0.602852
volkan,0.0,137,137-194,0.008333,0.0,0.25,0.25,0.008333,0.641667,0.0,0.853802,1.76,1.882835
volkan,0.0,137,137-195,0.575,0.483333,0.491667,0.975,0.775,0.0,0.0,0.608109,0.52,0.526073
volkan,0.0,137,137-196,0.191667,0.5,0.0,0.5,0.5,0.0,0.241667,0.39278,-0.6,0.524743
volkan,0.0,137,137-197,0.0,0.016667,0.0,0.016667,0.016667,0.0,0.725,0.251692,-0.88,1.137622
volkan,0.0,137,137-198,0.433333,0.55,0.158333,0.708333,0.708333,0.0,0.075,0.470569,-0.36,0.401032
volkan,0.0,137,137-199,0.508333,0.5,0.241667,0.741667,0.716667,0.0,0.033333,0.502413,-0.24,0.417232
volkan,0.0,369,369-0,0.516667,0.541667,0.358333,0.9,0.775,0.0,0.0,0.561518,0.52,0.434854
volkan,0.0,369,369-1,0.458333,0.583333,0.191667,0.775,0.733333,0.0,0.008333,0.494551,0.24,0.414029
volkan,0.0,369,369-2,0.266667,0.033333,0.6,0.633333,0.266667,0.166667,0.0,0.761494,1.28,1.234811
volkan,0.0,369,369-3,0.1,0.358333,0.0,0.358333,0.358333,0.0,0.341667,0.348113,-0.84,0.684458
volkan,0.0,369,369-4,0.483333,0.533333,0.358333,0.891667,0.825,0.0,0.0,0.553654,0.28,0.421637
volkan,0.0,369,369-5,0.525,0.508333,0.375,0.883333,0.741667,0.0,0.0,0.558327,0.4,0.460287
volkan,0.0,369,369-6,0.033333,0.383333,0.0,0.383333,0.383333,0.0,0.341667,0.349336,-0.96,0.664618
volkan,0.0,369,369-7,0.475,0.491667,0.391667,0.883333,0.741667,0.0,0.0,0.552373,0.44,0.455165
volkan,0.0,369,369-8,0.483333,0.466667,0.283333,0.75,0.708333,0.0,0.025,0.507879,-0.08,0.432858
volkan,0.0,369,369-9,0.0,0.0,0.2,0.2,0.0,0.608333,0.0,0.860755,1.84,1.924305
volkan,0.0,369,369-10,0.6,0.283333,0.6,0.883333,0.616667,0.008333,0.0,0.665344,1.0,0.723511
volkan,0.0,369,369-11,0.0,0.0,0.0,0.0,0.0,0.0,1.0,0.045516,-2.28,3.23135
volkan,0.0,369,369-12,0.191667,0.441667,0.025,0.466667,0.466667,0.0,0.241667,0.38702,-0.4,0.555354
volkan,0.0,369,369-13,0.458333,0.458333,0.316667,0.775,0.666667,0.0,0.0,0.52708,0.28,0.467672
volkan,0.0,369,369-14,0.0,0.0,0.0,0.0,0.0,0.0,1.0,0.059911,-1.84,2.865065
volkan,0.0,369,369-15,0.0,0.0,0.0,0.0,0.0,0.0,1.0,0.075645,-2.16,2.668523
volkan,0.0,369,369-16,0.541667,0.483333,0.366667,0.85,0.758333,0.0,0.0,0.543416,0.32,0.429867
volkan,0.0,369,369-17,0.0,0.0,0.0,0.0,0.0,0.0,0.975,0.168244,-1.44,1.686401
volkan,0.0,369,369-18,0.166667,0.0,0.491667,0.491667,0.166667,0.275,0.0,0.793901,1.56,1.434378
volkan,0.0,369,369-19,0.091667,0.408333,0.0,0.408333,0.408333,0.0,0.291667,0.361129,-0.88,0.620272
volkan,0.0,369,369-20,0.433333,0.483333,0.158333,0.641667,0.641667,0.0,0.075,0.46653,-0.08,0.417129
volkan,0.0,369,369-21,0.341667,0.15,0.583333,0.733333,0.341667,0.125,0.0,0.728884,1.24,1.05789
volkan,0.0,369,369-22,0.241667,0.5,0.033333,0.533333,0.533333,0.0,0.175,0.411169,-0.44,0.482342
volkan,0.0,369,369-23,0.333333,0.066667,0.65,0.716667,0.333333,0.108333,0.0,0.735383,1.12,1.075801
volkan,0.0,369,369-24,0.208333,0.533333,0.0,0.533333,0.533333,0.0,0.183333,0.401317,-0.64,0.496453
volkan,0.0,369,369-25,0.216667,0.491667,0.0,0.491667,0.491667,0.0,0.25,0.393801,-0.28,0.542472
volkan,0.0,369,369-26,0.383333,0.066667,0.683333,0.75,0.383333,0.091667,0.0,0.730221,0.92,1.041402
volkan,0.0,369,369-27,0.233333,0.483333,0.033333,0.516667,0.516667,0.0,0.258333,0.39956,-0.56,0.550492
volkan,0.0,369,369-28,0.0,0.141667,0.0,0.141667,0.141667,0.0,0.508333,0.285058,-0.96,0.972378
volkan,0.0,369,369-29,0.483333,0.533333,0.325,0.858333,0.766667,0.0,0.0,0.539556,0.56,0.418422
volkan,0.0,369,369-30,0.516667,0.45,0.5,0.95,0.716667,0.0,0.0,0.615118,0.48,0.569612
volkan,0.0,369,369-31,0.466667,0.525,0.175,0.7,0.7,0.0,0.041667,0.479396,-0.36,0.393622
volkan,0.0,369,369-32,0.2,0.45,0.0,0.45,0.45,0.0,0.258333,0.389797,-0.52,0.554389
volkan,0.0,369,369-33,0.0,0.0,0.0,0.0,0.0,0.0,1.0,0.13117,-1.64,2.007026
volkan,0.0,369,369-34,0.158333,0.466667,0.0,0.466667,0.466667,0.0,0.283333,0.380977,-0.48,0.561794
volkan,0.0,369,369-35,0.416667,0.491667,0.216667,0.708333,0.683333,0.0,0.066667,0.4832,0.16,0.441218
volkan,0.0,369,369-36,0.108333,0.441667,0.0,0.441667,0.441667,0.0,0.283333,0.37209,-0.72,0.58861
volkan,0.0,369,369-37,0.541667,0.391667,0.525,0.916667,0.675,0.016667,0.0,0.640055,0.92,0.647307
volkan,0.0,369,369-38,0.441667,0.541667,0.208333,0.75,0.733333,0.0,0.025,0.493689,0.2,0.399465
volkan,0.0,369,369-39,0.558333,0.5,0.433333,0.933333,0.775,0.0,0.0,0.590724,0.88,0.498721
volkan,0.0,369,369-40,0.5,0.408333,0.558333,0.966667,0.691667,0.0,0.0,0.623186,0.12,0.605147
volkan,0.0,369,369-41,0.1,0.366667,0.0,0.366667,0.366667,0.0,0.341667,0.355958,-0.36,0.647605
volkan,0.0,369,369-42,0.15,0.408333,0.008333,0.416667,0.416667,0.0,0.316667,0.366605,-0.8,0.633412
volkan,0.0,369,369-43,0.0,0.058333,0.0,0.058333,0.058333,0.0,0.641667,0.256904,-1.36,1.127801
volkan,0.0,369,369-44,0.108333,0.3,0.0,0.3,0.3,0.0,0.408333,0.342112,-0.76,0.729643
volkan,0.0,369,369-45,0.5,0.55,0.175,0.725,0.725,0.0,0.041667,0.487805,-0.48,0.380975
volkan,0.0,369,369-46,0.525,0.45,0.491667,0.941667,0.716667,0.0,0.0,0.596853,0.08,0.532932
volkan,0.0,369,369-47,0.05,0.216667,0.0,0.216667,0.216667,0.0,0.475,0.312274,-1.04,0.841159
volkan,0.0,369,369-48,0.491667,0.533333,0.275,0.808333,0.75,0.0,0.0,0.516561,0.12,0.40783
volkan,0.0,369,369-49,0.0,0.0,0.0,0.0,0.0,0.0,0.891667,0.197752,-1.6,1.468863
volkan,0.0,369,369-50,0.0,0.066667,0.0,0.066667,0.066667,0.0,0.683333,0.249217,-1.44,1.181189
volkan,0.0,369,369-51,0.516667,0.541667,0.35,0.891667,0.758333,0.0,0.0,0.557579,0.48,0.455663
volkan,0.0,369,369-52,0.183333,0.0,0.45,0.45,0.183333,0.266667,0.0,0.792139,1.68,1.407223
volkan,0.0,369,369-53,0.566667,0.383333,0.541667,0.925,0.65,0.008333,0.0,0.645326,0.52,0.655521
volkan,0.0,369,369-54,0.091667,0.333333,0.0,0.333333,0.333333,0.0,0.366667,0.351979,-0.6,0.670321
volkan,0.0,369,369-55,0.541667,0.191667,0.666667,0.858333,0.55,0.058333,0.0,0.690576,1.08,0.857142
volkan,0.0,369,369-56,0.533333,0.491667,0.35,0.841667,0.741667,0.0,0.0,0.54263,-0.24,0.438945
volkan,0.0,369,369-57,0.116667,0.416667,0.0,0.416667,0.416667,0.0,0.283333,0.37269,-0.88,0.578109
volkan,0.0,369,369-58,0.0,0.15,0.0,0.15,0.15,0.0,0.666667,0.268724,-1.68,1.064006
volkan,0.0,369,369-59,0.516667,0.533333,0.308333,0.841667,0.75,0.0,0.0,0.537313,0.12,0.438384
volkan,0.0,369,369-60,0.275,0.491667,0.05,0.541667,0.541667,0.0,0.158333,0.421961,-0.24,0.463097
volkan,0.0,369,369-61,0.0,0.0,0.0,0.0,0.0,0.0,0.991667,0.15528,-1.52,1.783082
volkan,0.0,369,369-62,0.55,0.566667,0.325,0.891667,0.825,0.0,0.0,0.542561,-0.12,0.403109
volkan,0.0,369,369-63,0.0,0.0,0.0,0.0,0.0,0.0,0.925,0.175998,-1.52,1.650014
volkan,0.0,369,369-64,0.125,0.416667,0.0,0.416667,0.416667,0.0,0.283333,0.369004,-0.32,0.596722
volkan,0.0,369,369-65,0.558333,0.25,0.591667,0.841667,0.575,0.05,0.0,0.676753,0.72,0.788445
volkan,0.0,369,369-66,0.008333,0.166667,0.0,0.166667,0.166667,0.0,0.575,0.28926,-1.24,0.962009
volkan,0.0,369,369-67,0.416667,0.1,0.65,0.75,0.416667,0.141667,0.0,0.72762,1.08,1.049039
volkan,0.0,369,369-68,0.591667,0.375,0.583333,0.958333,0.675,0.0,0.0,0.641218,0.48,0.626275
volkan,0.0,369,369-69,0.0,0.041667,0.0,0.041667,0.041667,0.0,0.766667,0.231041,-1.24,1.293752
volkan,0.0,369,369-70,0.308333,0.05,0.683333,0.733333,0.308333,0.116667,0.0,0.741501,1.0,1.101166
volkan,0.0,369,369-71,0.191667,0.458333,0.008333,0.466667,0.466667,0.0,0.225,0.397086,-0.36,0.513122
volkan,0.0,369,369-72,0.083333,0.333333,0.0,0.333333,0.333333,0.0,0.4,0.34247,-0.8,0.71742
volkan,0.0,369,369-73,0.558333,0.458333,0.458333,0.916667,0.716667,0.0,0.0,0.604296,0.48,0.538491
volkan,0.0,369,369-74,0.066667,0.0,0.491667,0.491667,0.066667,0.3,0.0,0.805,1.32,1.482462
volkan,0.0,369,369-75,0.625,0.416667,0.541667,0.958333,0.741667,0.0,0.0,0.625883,1.0,0.567564
volkan,0.0,369,369-76,0.466667,0.458333,0.325,0.783333,0.683333,0.0,0.008333,0.52761,0.12,0.442532
volkan,0.0,369,369-77,0.508333,0.475,0.508333,0.983333,0.725,0.0,0.0,0.610177,0.44,0.553514
volkan,0.0,369,369-78,0.533333,0.241667,0.616667,0.858333,0.566667,0.05,0.0,0.677601,1.0,0.793825
volkan,0.0,369,369-79,0.0,0.0,0.05,0.05,0.0,0.783333,0.0,0.889404,1.96,2.182616
volkan,0.0,369,369-80,0.541667,0.441667,0.516667,0.958333,0.7,0.0,0.0,0.625244,0.44,0.584612
volkan,0.0,369,369-81,0.5,0.55,0.275,0.825,0.75,0.0,0.0,0.52816,-0.12,0.422401
volkan,0.0,369,369-82,0.25,0.041667,0.625,0.666667,0.25,0.133333,0.0,0.75544,1.04,1.179693
volkan,0.0,369,369-83,0.1,0.341667,0.0,0.341667,0.341667,0.0,0.391667,0.340866,-0.88,0.726539
volkan,0.0,369,369-84,0.316667,0.016667,0.708333,0.725,0.316667,0.1,0.0,0.74389,1.32,1.116252
volkan,0.0,369,369-85,0.0,0.0,0.133333,0.133333,0.0,0.733333,0.0,0.879068,2.04,2.089965
volkan,0.0,369,369-86,0.033333,0.233333,0.0,0.233333,0.233333,0.0,0.433333,0.322602,-0.72,0.786383
volkan,0.0,369,369-87,0.633333,0.241667,0.691667,0.933333,0.65,0.0,0.0,0.665599,1.12,0.717928
volkan,0.0,369,369-88,0.491667,0.175,0.683333,0.858333,0.541667,0.033333,0.0,0.682602,1.28,0.818563
volkan,0.0,369,369-89,0.0,0.041667,0.0,0.041667,0.041667,0.0,0.675,0.255369,-1.08,1.120651
volkan,0.0,369,369-90,0.0,0.0,0.0,0.0,0.0,0.0,1.0,0.122026,-1.92,2.075416
volkan,0.0,369,369-91,0.0,0.0,0.0,0.0,0.0,1.0,0.0,0.93937,2.16,2.876088
volkan,0.0,369,369-92,0.0,0.0,0.0,0.0,0.0,0.0,1.0,0.120019,-1.76,2.119379
volkan,0.0,369,369-93,0.108333,0.0,0.458333,0.458333,0.108333,0.233333,0.0,0.794939,1.52,1.414093
volkan,0.0,369,369-94,0.0,0.0,0.225,0.225,0.0,0.45,0.0,0.840169,1.48,1.7286
volkan,0.0,369,369-95,0.0,0.075,0.0,0.075,0.075,0.0,0.633333,0.262945,-1.24,1.092539
volkan,0.0,369,369-96,0.2,0.408333,0.05,0.458333,0.458333,0.0,0.266667,0.391541,-0.16,0.567451
volkan,0.0,369,369-97,0.0,0.0,0.0,0.0,0.0,0.0,1.0,0.147953,-1.76,1.845226
volkan,0.0,369,369-98,0.15,0.408333,0.0,0.408333,0.408333,0.0,0.316667,0.365328,-0.96,0.665964
volkan,0.0,369,369-99,0.0,0.0,0.0,0.0,0.0,0.0,1.0,0.076232,-1.92,2.605112
volkan,0.0,369,369-100,0.0,0.0,0.0,0.0,0.0,0.883333,0.0,0.912177,2.16,2.469723
volkan,0.0,369,369-101,0.041667,0.275,0.0,0.275,0.275,0.0,0.433333,0.322379,-0.92,0.799136
volkan,0.0,369,369-102,0.241667,0.425,0.025,0.45,0.45,0.0,0.266667,0.386722,-0.64,0.594637
volkan,0.0,369,369-103,0.0,0.0,0.0,0.0,0.0,0.0,1.0,0.123133,-1.92,2.081668
volkan,0.0,369,369-104,0.5,0.166667,0.683333,0.85,0.533333,0.066667,0.0,0.689917,1.08,0.852054
volkan,0.0,369,369-105,0.558333,0.541667,0.391667,0.933333,0.808333,0.0,0.0,0.561051,0.28,0.437596
volkan,0.0,369,369-106,0.408333,0.091667,0.658333,0.75,0.408333,0.133333,0.0,0.72556,0.92,1.037478
volkan,0.0,369,369-107,0.45,0.475,0.325,0.8,0.7,0.0,0.008333,0.530404,0.12,0.45982
volkan,0.0,369,369-108,0.341667,0.525,0.091667,0.616667,0.616667,0.0,0.141667,0.441289,-0.36,0.45764
volkan,0.0,369,369-109,0.45,0.483333,0.175,0.658333,0.641667,0.0,0.05,0.474906,0.08,0.430564
volkan,0.0,369,369-110,0.025,0.0,0.266667,0.266667,0.025,0.583333,0.0,0.850148,1.56,1.846085
volkan,0.0,369,369-111,0.558333,0.45,0.508333,0.958333,0.725,0.0,0.0,0.609996,0.28,0.556716
volkan,0.0,369,369-112,0.0,0.116667,0.0,0.116667,0.116667,0.0,0.525,0.287224,-0.72,0.955104
volkan,0.0,369,369-113,0.516667,0.508333,0.433333,0.941667,0.783333,0.0,0.0,0.57033,0.28,0.465465
volkan,0.0,369,369-114,0.491667,0.483333,0.391667,0.875,0.75,0.0,0.016667,0.548118,0.2,0.450793
volkan,0.0,369,369-115,0.058333,0.341667,0.0,0.341667,0.341667,0.0,0.383333,0.345567,-0.6,0.689553
volkan,0.0,369,369-116,0.433333,0.583333,0.133333,0.716667,0.716667,0.0,0.033333,0.477932,0.24,0.391952
volkan,0.0,369,369-117,0.0,0.133333,0.0,0.133333,0.133333,0.0,0.533333,0.289455,-1.32,0.95311
volkan,0.0,369,369-118,0.475,0.2,0.6,0.8,0.475,0.125,0.0,0.707247,1.0,0.941391
volkan,0.0,369,369-119,0.55,0.258333,0.583333,0.841667,0.575,0.041667,0.0,0.678689,0.8,0.799799
volkan,0.0,369,369-120,0.0,0.0,0.0,0.0,0.0,0.0,0.891667,0.197303,-1.6,1.459393
volkan,0.0,369,369-121,0.0,0.0,0.0,0.0,0.0,0.0,0.833333,0.21423,-1.52,1.353881
volkan,0.0,369,369-122,0.516667,0.141667,0.691667,0.833333,0.516667,0.075,0.0,0.706217,1.04,0.924314
volkan,0.0,369,369-123,0.175,0.033333,0.491667,0.525,0.175,0.233333,0.0,0.783273,1.32,1.357228
volkan,0.0,369,369-124,0.0,0.0,0.0,0.0,0.0,0.0,1.0,0.119135,-1.72,2.097052
volkan,0.0,369,369-125,0.383333,0.083333,0.691667,0.775,0.383333,0.083333,0.0,0.727031,1.4,1.033355
volkan,0.0,369,369-126,0.566667,0.35,0.55,0.9,0.633333,0.025,0.0,0.65655,0.76,0.706549
volkan,0.0,369,369-127,0.216667,0.033333,0.55,0.583333,0.216667,0.241667,0.0,0.775247,1.16,1.324268
volkan,0.0,369,369-128,0.575,0.541667,0.441667,0.983333,0.833333,0.0,0.0,0.585333,0.44,0.460815
volkan,0.0,369,369-129,0.0,0.0,0.175,0.175,0.0,0.616667,0.0,0.865521,1.88,1.972731
volkan,0.0,369,369-130,0.541667,0.341667,0.525,0.866667,0.608333,0.025,0.0,0.664448,0.84,0.745398
volkan,0.0,369,369-131,0.533333,0.458333,0.5,0.958333,0.708333,0.0,0.0,0.617374,0.6,0.572136
volkan,0.0,369,369-132,0.566667,0.491667,0.491667,0.983333,0.766667,0.0,0.0,0.607358,0.56,0.519573
volkan,0.0,369,369-133,0.0,0.0,0.0,0.0,0.0,0.0,0.891667,0.181666,-1.44,1.615958
volkan,0.0,369,369-134,0.483333,0.491667,0.358333,0.85,0.716667,0.0,0.0,0.557483,0.76,0.486643
volkan,0.0,369,369-135,0.0,0.0,0.05,0.05,0.0,0.766667,0.0,0.891496,1.92,2.239986
volkan,0.0,369,369-136,0.1,0.0,0.466667,0.466667,0.1,0.283333,0.0,0.798241,1.56,1.439406
volkan,0.0,369,369-137,0.083333,0.258333,0.0,0.258333,0.258333,0.0,0.425,0.331235,-0.68,0.771106
volkan,0.0,369,369-138,0.366667,0.125,0.616667,0.741667,0.366667,0.1,0.0,0.729988,1.28,1.054842
volkan,0.0,369,369-139,0.491667,0.483333,0.508333,0.991667,0.733333,0.0,0.0,0.601181,0.44,0.530007
volkan,0.0,369,369-140,0.0,0.0,0.0,0.0,0.0,0.0,0.891667,0.189888,-1.56,1.542667
volkan,0.0,369,369-141,0.175,0.475,0.0,0.475,0.475,0.0,0.275,0.383874,-0.4,0.55582
volkan,0.0,369,369-142,0.0,0.0,0.0,0.0,0.0,0.0,0.991667,0.151714,-2.0,1.825116
volkan,0.0,369,369-143,0.441667,0.125,0.666667,0.791667,0.441667,0.066667,0.0,0.711999,0.96,0.956309
volkan,0.0,369,369-144,0.325,0.508333,0.058333,0.566667,0.566667,0.0,0.133333,0.434564,-0.12,0.433536
volkan,0.0,369,369-145,0.0,0.016667,0.0,0.016667,0.016667,0.0,0.691667,0.244824,-1.36,1.187137
volkan,0.0,369,369-146,0.508333,0.466667,0.466667,0.933333,0.725,0.0,0.0,0.592195,0.6,0.525391
volkan,0.0,369,369-147,0.516667,0.466667,0.333333,0.8,0.725,0.0,0.016667,0.527414,-0.0,0.429971
volkan,0.0,369,369-148,0.066667,0.258333,0.0,0.258333,0.258333,0.0,0.425,0.323428,-1.08,0.811192
volkan,0.0,369,369-149,0.358333,0.116667,0.633333,0.75,0.358333,0.075,0.0,0.72648,1.04,1.024615
volkan,0.0,369,369-150,0.541667,0.425,0.55,0.975,0.716667,0.0,0.0,0.62388,0.24,0.586404
volkan,0.0,369,369-151,0.316667,0.55,0.033333,0.583333,0.583333,0.0,0.141667,0.431418,-0.4,0.450821
volkan,0.0,369,369-152,0.491667,0.533333,0.333333,0.866667,0.775,0.0,0.0,0.536654,0.28,0.419838
volkan,0.0,369,369-153,0.308333,0.058333,0.591667,0.65,0.308333,0.166667,0.0,0.758105,1.2,1.214565
volkan,0.0,369,369-154,0.0,0.0,0.0,0.0,0.0,0.0,1.0,0.105077,-1.84,2.234325
volkan,0.0,369,369-155,0.216667,0.008333,0.558333,0.566667,0.216667,0.208333,0.0,0.775556,1.48,1.307325
volkan,0.0,369,369-156,0.0,0.183333,0.0,0.183333,0.183333,0.0,0.533333,0.296299,-1.28,0.916604
volkan,0.0,369,369-157,0.258333,0.533333,0.008333,0.541667,0.541667,0.0,0.183333,0.410279,-0.68,0.481898
volkan,0.0,369,369-158,0.541667,0.175,0.683333,0.858333,0.541667,0.033333,0.0,0.689039,0.84,0.834507
volkan,0.0,369,369-159,0.316667,0.5,0.05,0.55,0.55,0.0,0.175,0.427698,-0.32,0.475793
volkan,0.0,369,369-160,0.108333,0.0,0.45,0.45,0.108333,0.3,0.0,0.801889,1.56,1.46054
volkan,0.0,369,369-161,0.05,0.25,0.0,0.25,0.25,0.0,0.416667,0.321787,-0.8,0.797656
volkan,0.0,369,369-162,0.341667,0.516667,0.091667,0.608333,0.608333,0.0,0.125,0.441901,-0.4,0.447224
volkan,0.0,369,369-163,0.0,0.0,0.0,0.0,0.0,0.0,1.0,0.066775,-2.08,2.781872
volkan,0.0,369,369-164,0.275,0.058333,0.616667,0.675,0.275,0.141667,0.0,0.75338,1.2,1.18726
volkan,0.0,369,369-165,0.0,0.058333,0.0,0.058333,0.058333,0.0,0.7,0.251138,-1.28,1.155106
volkan,0.0,369,369-166,0.1,0.0,0.341667,0.341667,0.1,0.483333,0.0,0.827255,1.64,1.660971
volkan,0.0,369,369-167,0.55,0.358333,0.516667,0.875,0.625,0.016667,0.0,0.658644,0.64,0.715754
volkan,0.0,369,369-168,0.158333,0.0,0.558333,0.558333,0.158333,0.216667,0.0,0.781761,1.48,1.346678
volkan,0.0,369,369-169,0.2,0.416667,0.016667,0.433333,0.433333,0.0,0.325,0.384325,-0.36,0.597446
volkan,0.0,369,369-170,0.458333,0.425,0.491667,0.916667,0.675,0.016667,0.0,0.629324,0.24,0.633898
volkan,0.0,369,369-171,0.258333,0.458333,0.025,0.483333,0.483333,0.0,0.258333,0.39881,-0.56,0.545199
volkan,0.0,369,369-172,0.466667,0.55,0.175,0.725,0.708333,0.0,0.033333,0.486702,-0.16,0.408067
volkan,0.0,369,369-173,0.5,0.533333,0.258333,0.791667,0.758333,0.0,0.041667,0.505075,-0.4,0.41217
volkan,0.0,369,369-174,0.466667,0.458333,0.366667,0.825,0.683333,0.0,0.0,0.551891,0.48,0.500385
volkan,0.0,369,369-175,0.116667,0.425,0.0,0.425,0.425,0.0,0.275,0.373063,-0.6,0.583509
volkan,0.0,369,369-176,0.525,0.45,0.483333,0.933333,0.75,0.0,0.0,0.587925,0.32,0.513791
volkan,0.0,369,369-177,0.425,0.15,0.6,0.75,0.425,0.108333,0.0,0.727856,1.16,1.048829
volkan,0.0,369,369-178,0.108333,0.391667,0.0,0.391667,0.391667,0.0,0.333333,0.358427,-0.6,0.647317
volkan,0.0,369,369-179,0.0,0.0,0.0,0.0,0.0,0.0,0.85,0.211107,-1.16,1.393912
volkan,0.0,369,369-180,0.483333,0.533333,0.358333,0.891667,0.775,0.0,0.0,0.544278,0.24,0.426773
volkan,0.0,369,369-181,0.483333,0.5,0.425,0.925,0.775,0.0,0.0,0.55981,0.28,0.449087
volkan,0.0,369,369-182,0.558333,0.466667,0.491667,0.958333,0.716667,0.0,0.0,0.621855,0.4,0.575518
volkan,0.0,369,369-183,0.441667,0.5,0.266667,0.766667,0.691667,0.0,0.0,0.510013,0.16,0.441943
volkan,0.0,369,369-184,0.45,0.508333,0.166667,0.675,0.675,0.0,0.108333,0.466008,-0.2,0.443505
volkan,0.0,369,369-185,0.0,0.0,0.0,0.0,0.0,0.0,0.9,0.199235,-1.44,1.453503
volkan,0.0,369,369-186,0.15,0.458333,0.0,0.458333,0.458333,0.0,0.25,0.378895,-0.68,0.568079
volkan,0.0,369,369-187,0.366667,0.483333,0.116667,0.6,0.6,0.0,0.108333,0.451035,-0.36,0.449162
volkan,0.0,369,369-188,0.008333,0.208333,0.0,0.208333,0.208333,0.0,0.475,0.308111,-0.88,0.858193
volkan,0.0,369,369-189,0.483333,0.508333,0.333333,0.841667,0.75,0.0,0.0,0.528883,0.2,0.42698
volkan,0.0,369,369-190,0.516667,0.483333,0.425,0.908333,0.733333,0.0,0.0,0.596672,0.68,0.522978
volkan,0.0,369,369-191,0.458333,0.525,0.316667,0.841667,0.741667,0.0,0.0,0.530276,0.36,0.430842
volkan,0.0,369,369-192,0.258333,0.475,0.033333,0.508333,0.508333,0.0,0.25,0.407839,-0.36,0.525027
volkan,0.0,369,369-193,0.441667,0.45,0.283333,0.733333,0.7,0.0,0.083333,0.498888,-0.08,0.473085
volkan,0.0,369,369-194,0.55,0.491667,0.475,0.966667,0.775,0.0,0.0,0.60157,0.52,0.519489
volkan,0.0,369,369-195,0.0,0.0,0.0,0.0,0.0,0.0,1.0,0.059747,-2.16,2.918708
volkan,0.0,369,369-196,0.216667,0.516667,0.008333,0.525,0.525,0.0,0.183333,0.404225,-0.16,0.486313
volkan,0.0,369,369-197,0.0,0.0,0.0,0.0,0.0,0.0,1.0,0.166686,-1.8,1.697142
volkan,0.0,369,369-198,0.541667,0.516667,0.466667,0.983333,0.758333,0.0,0.0,0.602496,0.68,0.514957
volkan,0.0,369,369-199,0.0,0.0,0.0,0.0,0.0,0.0,1.0,0.118787,-1.64,2.092374
volkan,0.0,1024,1024-0,0.225,0.475,0.008333,0.483333,0.483333,0.0,0.225,0.401032,-0.6,0.518474
volkan,0.0,1024,1024-1,0.45,0.533333,0.158333,0.691667,0.691667,0.0,0.058333,0.470799,-0.28,0.39664
volkan,0.0,1024,1024-2,0.0,0.0,0.0,0.0,0.0,0.85,0.0,0.910266,2.2,2.461536
volkan,0.0,1024,1024-3,0.491667,0.475,0.308333,0.783333,0.75,0.0,0.016667,0.51324,0.04,0.410636
volkan,0.0,1024,1024-4,0.125,0.0,0.441667,0.441667,0.125,0.358333,0.0,0.804815,1.4,1.498996
volkan,0.0,1024,1024-5,0.5,0.425,0.541667,0.966667,0.683333,0.0,0.0,0.613686,-0.0,0.576717
volkan,0.0,1024,1024-6,0.416667,0.5,0.166667,0.666667,0.666667,0.0,0.125,0.456836,-0.24,0.447616
volkan,0.0,1024,1024-7,0.075,0.316667,0.0,0.316667,0.316667,0.0,0.366667,0.346461,-0.92,0.696532
volkan,0.0,1024,1024-8,0.275,0.483333,0.041667,0.525,0.525,0.0,0.183333,0.41551,-0.16,0.488966
volkan,0.0,1024,1024-9,0.533333,0.458333,0.491667,0.95,0.733333,0.0,0.0,0.605211,0.12,0.546873
volkan,0.0,1024,1024-10,0.0,0.0,0.0,0.0,0.0,0.0,0.858333,0.207458,-1.4,1.414656
volkan,0.0,1024,1024-11,0.3,0.466667,0.075,0.541667,0.541667,0.0,0.233333,0.419603,-0.08,0.508048
volkan,0.0,1024,1024-12,0.083333,0.0,0.4,0.4,0.083333,0.408333,0.0,0.817341,1.64,1.582749
volkan,0.0,1024,1024-13,0.533333,0.308333,0.575,0.883333,0.558333,0.025,0.0,0.669122,0.56,0.750595
volkan,0.0,1024,1024-14,0.466667,0.533333,0.341667,0.875,0.75,0.0,0.0,0.547105,0.12,0.438143
volkan,0.0,1024,1024-15,0.258333,0.458333,0.091667,0.55,0.55,0.0,0.2,0.418177,-0.28,0.516556
volkan,0.0,1024,1024-16,0.0,0.166667,0.0,0.166667,0.166667,0.0,0.483333,0.305978,-0.68,0.867625
volkan,0.0,1024,1024-17,0.0,0.0,0.125,0.125,0.0,0.691667,0.0,0.876247,1.88,2.078422
volkan,0.0,1024,1024-18,0.525,0.433333,0.5,0.933333,0.691667,0.016667,0.0,0.62567,0.68,0.612438
volkan,0.0,1024,1024-19,0.0,0.15,0.0,0.15,0.15,0.0,0.566667,0.282426,-1.2,0.981611
volkan,0.0,1024,1024-20,0.016667,0.241667,0.0,0.241667,0.241667,0.0,0.416667,0.317399,-0.68,0.806819
volkan,0.0,1024,1024-21,0.191667,0.475,0.0,0.475,0.475,0.0,0.266667,0.380853,-0.68,0.573496
volkan,0.0,1024,1024-22,0.225,0.55,0.0,0.55,0.55,0.0,0.175,0.411888,-0.6,0.455568
volkan,0.0,1024,1024-23,0.575,0.408333,0.533333,0.941667,0.716667,0.0,0.0,0.62888,0.88,0.60189
volkan,0.0,1024,1024-24,0.291667,0.083333,0.508333,0.591667,0.291667,0.183333,0.0,0.755994,1.48,1.212827
volkan,0.0,1024,1024-25,0.391667,0.516667,0.125,0.641667,0.633333,0.0,0.1,0.457413,-0.2,0.432429
volkan,0.0,1024,1024-26,0.35,0.075,0.675,0.75,0.35,0.125,0.0,0.735802,1.2,1.085502
volkan,0.0,1024,1024-27,0.0,0.025,0.0,0.025,0.025,0.0,0.758333,0.237324,-1.16,1.236033
volkan,0.0,1024,1024-28,0.55,0.483333,0.475,0.958333,0.75,0.0,0.0,0.611542,0.72,0.53989
volkan,0.0,1024,1024-29,0.6,0.35,0.558333,0.908333,0.658333,0.008333,0.0,0.647688,0.96,0.662248
volkan,0.0,1024,1024-30,0.3,0.058333,0.6,0.658333,0.3,0.15,0.0,0.751964,1.44,1.177483
volkan,0.0,1024,1024-31,0.441667,0.183333,0.583333,0.766667,0.441667,0.091667,0.0,0.712084,1.12,0.96453
volkan,0.0,1024,1024-32,0.433333,0.166667,0.666667,0.833333,0.441667,0.05,0.0,0.705427,1.44,0.922544
volkan,0.0,1024,1024-33,0.0,0.0,0.0,0.0,0.0,0.0,1.0,0.132218,-1.96,1.98202
volkan,0.0,1024,1024-34,0.116667,0.425,0.016667,0.441667,0.441667,0.0,0.316667,0.373054,-0.4,0.593758
volkan,0.0,1024,1024-35,0.0,0.0,0.0,0.0,0.0,0.0,0.933333,0.178717,-1.56,1.605334
volkan,0.0,1024,1024-36,0.316667,0.5,0.108333,0.608333,0.608333,0.0,0.141667,0.441523,-0.24,0.454769
volkan,0.0,1024,1024-37,0.0,0.0,0.0,0.0,0.0,0.0,1.0,0.136805,-1.96,1.951835
volkan,0.0,1024,1024-38,0.483333,0.241667,0.566667,0.808333,0.5,0.05,0.0,0.692802,0.96,0.864815
volkan,0.0,1024,1024-39,0.241667,0.516667,0.041667,0.558333,0.558333,0.0,0.208333,0.409923,-0.64,0.490425
volkan,0.0,1024,1024-40,0.475,0.108333,0.691667,0.8,0.483333,0.066667,0.0,0.711752,0.92,0.952215
volkan,0.0,1024,1024-41,0.108333,0.383333,0.0,0.383333,0.383333,0.0,0.325,0.357169,-0.6,0.645442
volkan,0.0,1024,1024-42,0.375,0.45,0.208333,0.658333,0.616667,0.0,0.075,0.475705,0.04,0.439852
volkan,0.0,1024,1024-43,0.558333,0.233333,0.65,0.883333,0.583333,0.033333,0.0,0.681449,0.68,0.803419
volkan,0.0,1024,1024-44,0.0,0.175,0.0,0.175,0.175,0.0,0.575,0.294875,-1.28,0.921901
volkan,0.0,1024,1024-45,0.0,0.0,0.0,0.0,0.0,0.0,1.0,0.138225,-1.72,1.927528
volkan,0.0,1024,1024-46,0.0,0.0,0.0,0.0,0.0,0.841667,0.0,0.910599,2.04,2.456196
volkan,0.0,1024,1024-47,0.0,0.0,0.0,0.0,0.0,0.0,0.925,0.176965,-1.6,1.624717
volkan,0.0,1024,1024-48,0.608333,0.466667,0.475,0.941667,0.766667,0.0,0.0,0.591253,0.04,0.505548
volkan,0.0,1024,1024-49,0.425,0.233333,0.55,0.783333,0.458333,0.125,0.0,0.706447,1.0,0.944179
volkan,0.0,1024,1024-50,0.558333,0.45,0.458333,0.908333,0.7,0.0,0.0,0.623868,0.76,0.592136
volkan,0.0,1024,1024-51,0.0,0.0,0.0,0.0,0.0,0.0,0.991667,0.155172,-1.72,1.802026
volkan,0.0,1024,1024-52,0.508333,0.383333,0.508333,0.891667,0.641667,0.016667,0.0,0.644475,0.52,0.660382
volkan,0.0,1024,1024-53,0.575,0.516667,0.45,0.966667,0.816667,0.0,0.0,0.583233,0.36,0.454477
volkan,0.0,1024,1024-54,0.491667,0.333333,0.516667,0.85,0.583333,0.025,0.0,0.660415,0.72,0.730941
volkan,0.0,1024,1024-55,0.0,0.0,0.0,0.0,0.0,0.0,1.0,0.110492,-1.92,2.206889
volkan,0.0,1024,1024-56,0.45,0.583333,0.175,0.758333,0.75,0.0,0.066667,0.486336,-0.04,0.425298
volkan,0.0,1024,1024-57,0.133333,0.258333,0.0,0.258333,0.258333,0.0,0.391667,0.333412,-0.92,0.779114
volkan,0.0,1024,1024-58,0.0,0.016667,0.0,0.016667,0.016667,0.0,0.833333,0.21942,-1.48,1.334294
volkan,0.0,1024,1024-59,0.4,0.5,0.166667,0.666667,0.641667,0.0,0.1,0.466616,-0.24,0.45438
volkan,0.0,1024,1024-60,0.0,0.0,0.0,0.0,0.0,0.0,0.916667,0.19443,-1.48,1.49182
volkan,0.0,1024,1024-61,0.475,0.525,0.2,0.725,0.708333,0.0,0.041667,0.487667,-0.24,0.400928
volkan,0.0,1024,1024-62,0.0,0.166667,0.0,0.166667,0.166667,0.0,0.491667,0.304303,-1.2,0.872806
volkan,0.0,1024,1024-63,0.291667,0.491667,0.041667,0.533333,0.533333,0.0,0.2,0.413284,-0.6,0.501641
volkan,0.0,1024,1024-64,0.341667,0.5,0.083333,0.583333,0.583333,0.0,0.175,0.435724,-0.24,0.485986
volkan,0.0,1024,1024-65,0.0,0.0,0.0,0.0,0.0,0.0,1.0,0.129997,-2.0,2.003959
volkan,0.0,1024,1024-66,0.416667,0.5,0.2,0.7,0.691667,0.0,0.058333,0.478771,0.08,0.428758
volkan,0.0,1024,1024-67,0.608333,0.508333,0.458333,0.966667,0.766667,0.0,0.0,0.608858,0.68,0.522837
volkan,0.0,1024,1024-68,0.083333,0.308333,0.0,0.308333,0.308333,0.0,0.4,0.339148,-0.76,0.726612
volkan,0.0,1024,1024-69,0.458333,0.533333,0.2,0.733333,0.725,0.0,0.05,0.484657,-0.16,0.405178
volkan,0.0,1024,1024-70,0.475,0.525,0.333333,0.858333,0.766667,0.0,0.0,0.532424,0.16,0.41982
volkan,0.0,1024,1024-71,0.525,0.533333,0.375,0.908333,0.775,0.0,0.0,0.558645,0.4,0.444165
volkan,0.0,1024,1024-72,0.1,0.358333,0.0,0.358333,0.358333,0.0,0.341667,0.351337,-0.76,0.679642
volkan,0.0,1024,1024-73,0.441667,0.491667,0.191667,0.683333,0.675,0.0,0.091667,0.476505,-0.2,0.442938
volkan,0.0,1024,1024-74,0.216667,0.45,0.008333,0.458333,0.458333,0.0,0.225,0.396316,-0.24,0.523981
volkan,0.0,1024,1024-75,0.5,0.525,0.341667,0.866667,0.75,0.0,0.0,0.548024,0.24,0.442375
volkan,0.0,1024,1024-76,0.0,0.0,0.091667,0.091667,0.0,0.775,0.0,0.887845,2.0,2.17862
volkan,0.0,1024,1024-77,0.375,0.116667,0.583333,0.7,0.375,0.141667,0.0,0.733565,1.28,1.088828
volkan,0.0,1024,1024-78,0.575,0.45,0.475,0.925,0.741667,0.0,0.0,0.610045,0.44,0.553982
volkan,0.0,1024,1024-79,0.5,0.483333,0.458333,0.941667,0.725,0.0,0.0,0.601306,0.4,0.547466
volkan,0.0,1024,1024-80,0.45,0.55,0.15,0.7,0.7,0.0,0.05,0.476136,-0.24,0.388169
volkan,0.0,1024,1024-81,0.5,0.483333,0.416667,0.9,0.733333,0.0,0.0,0.56212,0.0,0.469699
volkan,0.0,1024,1024-82,0.641667,0.525,0.466667,0.991667,0.816667,0.0,0.0,0.603596,0.56,0.478556
volkan,0.0,1024,1024-83,0.516667,0.491667,0.433333,0.925,0.733333,0.0,0.0,0.579982,0.36,0.48835
volkan,0.0,1024,1024-84,0.0,0.0,0.083333,0.083333,0.0,0.691667,0.0,0.882645,2.08,2.148156
volkan,0.0,1024,1024-85,0.15,0.441667,0.008333,0.45,0.45,0.0,0.225,0.383207,-0.6,0.54932
volkan,0.0,1024,1024-86,0.566667,0.325,0.558333,0.883333,0.658333,0.008333,0.0,0.652811,0.96,0.700752
volkan,0.0,1024,1024-87,0.1,0.383333,0.0,0.383333,0.383333,0.0,0.325,0.356056,-0.32,0.64954
volkan,0.0,1024,1024-88,0.525,0.233333,0.616667,0.85,0.566667,0.033333,0.0,0.676198,0.92,0.782206
volkan,0.0,1024,1024-89,0.341667,0.516667,0.083333,0.6,0.6,0.0,0.158333,0.435589,-0.28,0.463799
volkan,0.0,1024,1024-90,0.0,0.025,0.0,0.025,0.025,0.0,0.791667,0.220027,-1.72,1.357478
volkan,0.0,1024,1024-91,0.55,0.391667,0.491667,0.883333,0.675,0.025,0.0,0.629034,0.8,0.642625
volkan,0.0,1024,1024-92,0.458333,0.55,0.225,0.775,0.75,0.0,0.058333,0.492246,-0.08,0.41685
volkan,0.0,1024,1024-93,0.0,0.0,0.0,0.0,0.0,0.0,1.0,0.149583,-1.6,1.806233
volkan,0.0,1024,1024-94,0.475,0.516667,0.291667,0.808333,0.775,0.0,0.0,0.511804,0.24,0.397433
volkan,0.0,1024,1024-95,0.475,0.433333,0.433333,0.866667,0.675,0.0,0.0,0.57525,0.36,0.536758
volkan,0.0,1024,1024-96,0.575,0.533333,0.433333,0.966667,0.791667,0.0,0.0,0.583682,0.72,0.44914
volkan,0.0,1024,1024-97,0.475,0.508333,0.35,0.858333,0.75,0.0,0.0,0.537013,0.36,0.424985
volkan,0.0,1024,1024-98,0.0,0.0,0.0,0.0,0.0,0.0,0.883333,0.219452,-1.32,1.323005
volkan,0.0,1024,1024-99,0.441667,0.175,0.608333,0.783333,0.441667,0.058333,0.0,0.708114,0.96,0.941796
volkan,0.0,1024,1024-100,0.458333,0.508333,0.241667,0.75,0.691667,0.0,0.041667,0.499884,0.12,0.436179
volkan,0.0,1024,1024-101,0.225,0.475,0.008333,0.483333,0.483333,0.0,0.25,0.391814,-0.56,0.54959
volkan,0.0,1024,1024-102,0.25,0.508333,0.066667,0.575,0.575,0.0,0.133333,0.424989,-0.32,0.454964
volkan,0.0,1024,1024-103,0.525,0.525,0.308333,0.833333,0.8,0.0,0.016667,0.519984,-0.24,0.401145
volkan,0.0,1024,1024-104,0.333333,0.475,0.091667,0.566667,0.566667,0.0,0.158333,0.433492,-0.36,0.481938
volkan,0.0,1024,1024-105,0.275,0.05,0.658333,0.708333,0.275,0.125,0.0,0.749177,1.52,1.154409
volkan,0.0,1024,1024-106,0.5,0.475,0.383333,0.858333,0.7,0.0,0.0,0.55764,0.36,0.48659
volkan,0.0,1024,1024-107,0.016667,0.225,0.0,0.225,0.225,0.0,0.475,0.31077,-0.8,0.844809
volkan,0.0,1024,1024-108,0.525,0.55,0.366667,0.916667,0.791667,0.0,0.0,0.554227,0.2,0.417315
volkan,0.0,1024,1024-109,0.033333,0.216667,0.0,0.216667,0.216667,0.0,0.483333,0.311492,-0.64,0.841915
volkan,0.0,1024,1024-110,0.425,0.483333,0.2,0.683333,0.683333,0.0,0.075,0.4709,-0.28,0.438113
volkan,0.0,1024,1024-111,0.341667,0.458333,0.158333,0.616667,0.583333,0.0,0.133333,0.457809,0.12,0.489829
volkan,0.0,1024,1024-112,0.241667,0.533333,0.008333,0.541667,0.541667,0.0,0.191667,0.408377,-0.56,0.476285
volkan,0.0,1024,1024-113,0.475,0.525,0.391667,0.916667,0.766667,0.0,0.0,0.566499,0.48,0.458821
volkan,0.0,1024,1024-114,0.541667,0.441667,0.458333,0.9,0.7,0.033333,0.0,0.631869,0.52,0.624646
volkan,0.0,1024,1024-115,0.475,0.483333,0.425,0.908333,0.725,0.0,0.0,0.572664,0.2,0.488712
volkan,0.0,1024,1024-116,0.291667,0.05,0.625,0.675,0.291667,0.141667,0.0,0.750158,1.24,1.163475
volkan,0.0,1024,1024-117,0.075,0.0,0.475,0.475,0.075,0.3,0.0,0.805279,1.36,1.484515
volkan,0.0,1024,1024-118,0.566667,0.283333,0.625,0.908333,0.633333,0.025,0.0,0.662902,0.76,0.73285
volkan,0.0,1024,1024-119,0.0,0.0,0.0,0.0,0.0,0.0,0.875,0.20575,-1.4,1.442153
volkan,0.0,1024,1024-120,0.491667,0.516667,0.391667,0.908333,0.741667,0.0,0.0,0.56665,0.36,0.465965
volkan,0.0,1024,1024-121,0.0,0.0,0.0,0.0,0.0,0.0,1.0,0.098594,-1.68,2.326043
volkan,0.0,1024,1024-122,0.516667,0.525,0.3,0.825,0.775,0.0,0.016667,0.521809,-0.16,0.423509
volkan,0.0,1024,1024-123,0.541667,0.441667,0.516667,0.958333,0.725,0.008333,0.0,0.623651,0.72,0.579619
volkan,0.0,1024,1024-124,0.0,0.141667,0.0,0.141667,0.141667,0.0,0.516667,0.292654,-1.08,0.933896
volkan,0.0,1024,1024-125,0.0,0.0,0.0,0.0,0.0,0.0,0.933333,0.183764,-1.64,1.564255
volkan,0.0,1024,1024-126,0.05,0.241667,0.0,0.241667,0.241667,0.0,0.466667,0.3159,-1.32,0.823315
volkan,0.0,1024,1024-127,0.308333,0.508333,0.058333,0.566667,0.566667,0.0,0.133333,0.432347,-0.28,0.441648
volkan,0.0,1024,1024-128,0.291667,0.05,0.566667,0.616667,0.291667,0.15,0.0,0.758678,1.64,1.21811
volkan,0.0,1024,1024-129,0.125,0.341667,0.0,0.341667,0.341667,0.0,0.366667,0.34803,-0.96,0.727409
volkan,0.0,1024,1024-130,0.241667,0.05,0.541667,0.591667,0.241667,0.166667,0.0,0.762033,1.36,1.243242
volkan,0.0,1024,1024-131,0.416667,0.491667,0.283333,0.775,0.683333,0.0,0.008333,0.511869,0.4,0.42618
volkan,0.0,1024,1024-132,0.6,0.475,0.483333,0.958333,0.783333,0.0,0.0,0.603901,0.36,0.525492
volkan,0.0,1024,1024-133,0.0,0.0,0.15,0.15,0.0,0.608333,0.0,0.861012,1.56,1.900248
volkan,0.0,1024,1024-134,0.233333,0.45,0.016667,0.466667,0.466667,0.0,0.25,0.398024,-0.08,0.538553
volkan,0.0,1024,1024-135,0.275,0.516667,0.033333,0.55,0.55,0.0,0.158333,0.420226,-0.48,0.475975
volkan,0.0,1024,1024-136,0.15,0.0,0.466667,0.466667,0.15,0.291667,0.0,0.792837,1.6,1.410498
volkan,0.0,1024,1024-137,0.016667,0.258333,0.0,0.258333,0.258333,0.0,0.525,0.300761,-1.32,0.916225
volkan,0.0,1024,1024-138,0.0,0.0,0.116667,0.116667,0.0,0.733333,0.0,0.885614,1.88,2.183437
volkan,0.0,1024,1024-139,0.516667,0.383333,0.583333,0.966667,0.666667,0.0,0.0,0.631855,0.48,0.617576
volkan,0.0,1024,1024-140,0.516667,0.441667,0.491667,0.933333,0.7,0.0,0.0,0.615219,0.56,0.589169
volkan,0.0,1024,1024-141,0.575,0.383333,0.525,0.908333,0.633333,0.025,0.0,0.6498,0.68,0.674189
volkan,0.0,1024,1024-142,0.525,0.291667,0.566667,0.858333,0.566667,0.058333,0.0,0.677235,0.88,0.799432
volkan,0.0,1024,1024-143,0.0,0.125,0.0,0.125,0.125,0.0,0.616667,0.274085,-1.08,1.031983
volkan,0.0,1024,1024-144,0.0,0.0,0.0,0.0,0.0,0.0,0.833333,0.20387,-1.56,1.45025
volkan,0.0,1024,1024-145,0.308333,0.533333,0.041667,0.575,0.575,0.0,0.15,0.42459,-0.4,0.435686
volkan,0.0,1024,1024-146,0.425,0.15,0.6,0.75,0.425,0.083333,0.0,0.717977,0.96,0.995855
volkan,0.0,1024,1024-147,0.316667,0.45,0.116667,0.566667,0.566667,0.0,0.216667,0.428911,-0.52,0.512909
volkan,0.0,1024,1024-148,0.275,0.591667,0.025,0.616667,0.616667,0.0,0.116667,0.431047,-0.52,0.413283
volkan,0.0,1024,1024-149,0.0,0.0,0.0,0.0,0.0,0.0,0.925,0.176062,-1.72,1.625939
volkan,0.0,1024,1024-150,0.483333,0.508333,0.333333,0.841667,0.75,0.0,0.0,0.535468,0.2,0.419109
volkan,0.0,1024,1024-151,0.0,0.108333,0.0,0.108333,0.108333,0.0,0.583333,0.277868,-0.84,1.006158
volkan,0.0,1024,1024-152,0.525,0.483333,0.458333,0.941667,0.766667,0.0,0.0,0.584271,0.56,0.48957
volkan,0.0,1024,1024-153,0.0,0.0,0.0,0.0,0.0,0.0,1.0,0.151193,-1.72,1.810253
volkan,0.0,1024,1024-154,0.433333,0.241667,0.525,0.766667,0.466667,0.058333,0.0,0.694998,0.6,0.882652
volkan,0.0,1024,1024-155,0.566667,0.391667,0.533333,0.925,0.675,0.008333,0.0,0.640308,0.64,0.642568
volkan,0.0,1024,1024-156,0.0,0.066667,0.0,0.066667,0.066667,0.0,0.641667,0.270901,-1.36,1.032386
volkan,0.0,1024,1024-157,0.0,0.05,0.0,0.05,0.05,0.0,0.725,0.246528,-1.16,1.176429
volkan,0.0,1024,1024-158,0.366667,0.441667,0.158333,0.6,0.6,0.0,0.133333,0.448117,0.12,0.492918
volkan,0.0,1024,1024-159,0.0,0.0,0.0,0.0,0.0,0.0,0.95,0.161753,-1.88,1.755783
volkan,0.0,1024,1024-160,0.041667,0.225,0.0,0.225,0.225,0.0,0.441667,0.32327,-0.96,0.783234
volkan,0.0,1024,1024-161,0.0,0.0,0.0,0.0,0.0,0.0,1.0,0.116399,-1.92,2.115245
volkan,0.0,1024,1024-162,0.075,0.4,0.0,0.4,0.4,0.0,0.316667,0.361881,-0.68,0.613658
volkan,0.0,1024,1024-163,0.575,0.425,0.491667,0.916667,0.691667,0.016667,0.0,0.624358,0.8,0.602662
volkan,0.0,1024,1024-164,0.0,0.0,0.0,0.0,0.0,0.0,0.966667,0.162226,-1.76,1.719785
volkan,0.0,1024,1024-165,0.541667,0.508333,0.466667,0.975,0.766667,0.0,0.0,0.595556,0.36,0.50676
volkan,0.0,1024,1024-166,0.291667,0.483333,0.05,0.533333,0.533333,0.0,0.225,0.412115,-0.32,0.515192
volkan,0.0,1024,1024-167,0.258333,0.475,0.025,0.5,0.5,0.0,0.216667,0.403943,-0.28,0.517164
volkan,0.0,1024,1024-168,0.508333,0.508333,0.383333,0.891667,0.783333,0.0,0.0,0.554209,0.24,0.437515
volkan,0.0,1024,1024-169,0.575,0.35,0.566667,0.916667,0.683333,0.008333,0.0,0.645678,0.8,0.654945
volkan,0.0,1024,1024-170,0.0,0.0,0.0,0.0,0.0,0.0,1.0,0.122986,-1.84,2.07072
volkan,0.0,1024,1024-171,0.0,0.0,0.0,0.0,0.0,0.0,1.0,0.099175,-2.08,2.350825
volkan,0.0,1024,1024-172,0.266667,0.525,0.058333,0.583333,0.583333,0.0,0.175,0.4245,-0.76,0.45008
volkan,0.0,1024,1024-173,0.116667,0.375,0.0,0.375,0.375,0.0,0.3,0.361216,-0.68,0.634181
volkan,0.0,1024,1024-174,0.0,0.0,0.0,0.0,0.0,0.0,0.95,0.176177,-1.72,1.618541
volkan,0.0,1024,1024-175,0.2,0.458333,0.008333,0.466667,0.466667,0.0,0.225,0.38835,-0.8,0.559352
volkan,0.0,1024,1024-176,0.508333,0.508333,0.35,0.858333,0.766667,0.0,0.0,0.540094,0.0,0.421197
volkan,0.0,1024,1024-177,0.425,0.541667,0.175,0.716667,0.708333,0.0,0.083333,0.475468,-0.08,0.420183
volkan,0.0,1024,1024-178,0.533333,0.516667,0.375,0.891667,0.808333,0.0,0.0,0.545196,0.0,0.407837
volkan,0.0,1024,1024-179,0.208333,0.508333,0.05,0.558333,0.558333,0.0,0.116667,0.419304,-0.24,0.454894
volkan,0.0,1024,1024-180,0.033333,0.291667,0.0,0.291667,0.291667,0.0,0.375,0.331903,-1.12,0.745806
volkan,0.0,1024,1024-181,0.0,0.025,0.0,0.025,0.025,0.0,0.741667,0.241006,-1.0,1.209513
volkan,0.0,1024,1024-182,0.058333,0.333333,0.0,0.333333,0.333333,0.0,0.358333,0.346962,-0.88,0.678602
volkan,0.0,1024,1024-183,0.441667,0.508333,0.25,0.758333,0.716667,0.0,0.05,0.500048,-0.2,0.43905
volkan,0.0,1024,1024-184,0.533333,0.541667,0.366667,0.908333,0.816667,0.0,0.0,0.545626,-0.08,0.417612
volkan,0.0,1024,1024-185,0.308333,0.533333,0.066667,0.6,0.6,0.0,0.158333,0.432082,-0.52,0.448513
volkan,0.0,1024,1024-186,0.0,0.083333,0.0,0.083333,0.083333,0.0,0.65,0.250799,-1.28,1.178641
volkan,0.0,1024,1024-187,0.091667,0.0,0.416667,0.416667,0.091667,0.308333,0.0,0.80828,1.28,1.511444
volkan,0.0,1024,1024-188,0.375,0.466667,0.166667,0.633333,0.633333,0.0,0.125,0.457838,-0.08,0.45771
volkan,0.0,1024,1024-189,0.0,0.083333,0.0,0.083333,0.083333,0.0,0.566667,0.278407,-1.16,1.000125
volkan,0.0,1024,1024-190,0.575,0.366667,0.533333,0.9,0.65,0.008333,0.0,0.64817,0.64,0.660222
volkan,0.0,1024,1024-191,0.0,0.233333,0.0,0.233333,0.233333,0.0,0.416667,0.318678,-0.84,0.807388
volkan,0.0,1024,1024-192,0.141667,0.383333,0.0,0.383333,0.383333,0.0,0.316667,0.355284,-0.72,0.673145
volkan,0.0,1024,1024-193,0.175,0.041667,0.541667,0.583333,0.175,0.191667,0.0,0.776264,1.36,1.311608
volkan,0.0,1024,1024-194,0.0,0.2,0.0,0.2,0.2,0.0,0.458333,0.309302,-1.0,0.849436
volkan,0.0,1024,1024-195,0.0,0.125,0.0,0.125,0.125,0.0,0.6,0.274414,-1.04,1.032999
volkan,0.0,1024,1024-196,0.575,0.291667,0.6,0.891667,0.6,0.016667,0.0,0.671189,0.88,0.755858
volkan,0.0,1024,1024-197,0.0,0.116667,0.0,0.116667,0.116667,0.0,0.608333,0.269259,-0.96,1.063637
volkan,0.0,1024,1024-198,0.325,0.508333,0.066667,0.575,0.575,0.0,0.166667,0.422926,-0.4,0.494464
volkan,0.0,1024,1024-199,0.5,0.491667,0.225,0.716667,0.708333,0.0,0.008333,0.498812,-0.24,0.394808
volkan,0.0,2026,2026-0,0.025,0.283333,0.0,0.283333,0.283333,0.0,0.383333,0.328667,-0.68,0.754351
volkan,0.0,2026,2026-1,0.491667,0.508333,0.366667,0.875,0.725,0.0,0.0,0.555278,0.36,0.479566
volkan,0.0,2026,2026-2,0.0,0.0,0.0,0.0,0.0,0.0,1.0,0.146123,-1.56,1.842443
volkan,0.0,2026,2026-3,0.175,0.0,0.466667,0.466667,0.175,0.233333,0.0,0.791685,1.48,1.410542
volkan,0.0,2026,2026-4,0.583333,0.308333,0.633333,0.941667,0.683333,0.025,0.0,0.649546,1.0,0.687583
volkan,0.0,2026,2026-5,0.291667,0.475,0.075,0.55,0.55,0.0,0.191667,0.422006,-0.48,0.502149
volkan,0.0,2026,2026-6,0.308333,0.466667,0.091667,0.558333,0.558333,0.0,0.15,0.430879,-0.08,0.47438
volkan,0.0,2026,2026-7,0.475,0.491667,0.45,0.941667,0.741667,0.0,0.0,0.574888,0.24,0.479105
volkan,0.0,2026,2026-8,0.3,0.458333,0.1,0.558333,0.558333,0.0,0.158333,0.433537,0.12,0.46666
volkan,0.0,2026,2026-9,0.341667,0.475,0.116667,0.591667,0.591667,0.0,0.15,0.440626,-0.08,0.467798
volkan,0.0,2026,2026-10,0.533333,0.391667,0.508333,0.9,0.625,0.016667,0.0,0.648553,0.72,0.676798
volkan,0.0,2026,2026-11,0.525,0.433333,0.516667,0.95,0.708333,0.008333,0.0,0.623608,0.4,0.598527
volkan,0.0,2026,2026-12,0.483333,0.541667,0.191667,0.733333,0.716667,0.0,0.025,0.491647,-0.16,0.394971
volkan,0.0,2026,2026-13,0.425,0.466667,0.233333,0.7,0.683333,0.0,0.066667,0.480305,-0.08,0.427079
volkan,0.0,2026,2026-14,0.491667,0.433333,0.408333,0.841667,0.691667,0.0,0.0,0.55146,0.16,0.499552
volkan,0.0,2026,2026-15,0.108333,0.391667,0.0,0.391667,0.391667,0.0,0.341667,0.353233,-0.32,0.662268
volkan,0.0,2026,2026-16,0.266667,0.383333,0.091667,0.475,0.475,0.0,0.258333,0.398408,-0.8,0.596586
volkan,0.0,2026,2026-17,0.541667,0.483333,0.466667,0.95,0.733333,0.008333,0.0,0.616105,0.64,0.560018
volkan,0.0,2026,2026-18,0.5,0.566667,0.183333,0.75,0.75,0.0,0.041667,0.491622,-0.24,0.394474
volkan,0.0,2026,2026-19,0.0,0.0,0.0,0.0,0.0,0.0,0.833333,0.213884,-1.2,1.372393
volkan,0.0,2026,2026-20,0.208333,0.391667,0.025,0.416667,0.416667,0.0,0.291667,0.379833,-0.4,0.600566
volkan,0.0,2026,2026-21,0.516667,0.333333,0.55,0.883333,0.608333,0.016667,0.0,0.655039,0.72,0.703172
volkan,0.0,2026,2026-22,0.375,0.475,0.15,0.625,0.625,0.0,0.125,0.452331,0.12,0.457623
volkan,0.0,2026,2026-23,0.391667,0.475,0.166667,0.641667,0.616667,0.0,0.058333,0.467915,0.48,0.44162
volkan,0.0,2026,2026-24,0.525,0.316667,0.6,0.916667,0.616667,0.008333,0.0,0.650436,0.76,0.688601
volkan,0.0,2026,2026-25,0.008333,0.0,0.2,0.2,0.008333,0.608333,0.0,0.854078,1.76,1.884731
volkan,0.0,2026,2026-26,0.083333,0.366667,0.0,0.366667,0.366667,0.0,0.35,0.351308,-0.92,0.672037
volkan,0.0,2026,2026-27,0.15,0.033333,0.533333,0.566667,0.15,0.175,0.0,0.779678,1.48,1.324577
volkan,0.0,2026,2026-28,0.0,0.041667,0.0,0.041667,0.041667,0.0,0.716667,0.236637,-1.32,1.250223
volkan,0.0,2026,2026-29,0.458333,0.516667,0.375,0.891667,0.775,0.0,0.0,0.548528,0.28,0.437911
volkan,0.0,2026,2026-30,0.0,0.05,0.0,0.05,0.05,0.0,0.708333,0.254277,-1.28,1.126948
volkan,0.0,2026,2026-31,0.2,0.0,0.558333,0.558333,0.2,0.225,0.0,0.778145,1.16,1.325668
volkan,0.0,2026,2026-32,0.566667,0.216667,0.65,0.866667,0.583333,0.025,0.0,0.67924,0.96,0.789049
volkan,0.0,2026,2026-33,0.266667,0.075,0.566667,0.641667,0.266667,0.166667,0.0,0.752544,0.96,1.179286
volkan,0.0,2026,2026-34,0.0,0.158333,0.0,0.158333,0.158333,0.0,0.475,0.300634,-1.24,0.904091
volkan,0.0,2026,2026-35,0.583333,0.341667,0.55,0.891667,0.641667,0.025,0.0,0.654952,0.96,0.701204
volkan,0.0,2026,2026-36,0.133333,0.391667,0.0,0.391667,0.391667,0.0,0.316667,0.368729,-0.6,0.612334
volkan,0.0,2026,2026-37,0.216667,0.391667,0.033333,0.425,0.425,0.0,0.325,0.381033,-0.52,0.637773
volkan,0.0,2026,2026-38,0.533333,0.475,0.441667,0.916667,0.7,0.0,0.0,0.605615,0.76,0.552015
volkan,0.0,2026,2026-39,0.491667,0.216667,0.616667,0.833333,0.516667,0.058333,0.0,0.691563,0.96,0.858296
volkan,0.0,2026,2026-40,0.491667,0.533333,0.358333,0.891667,0.791667,0.0,0.0,0.544488,0.16,0.41812
volkan,0.0,2026,2026-41,0.1,0.383333,0.0,0.383333,0.383333,0.0,0.325,0.357527,-0.76,0.64973
volkan,0.0,2026,2026-42,0.041667,0.233333,0.0,0.233333,0.233333,0.0,0.375,0.321723,-0.88,0.807337
volkan,0.0,2026,2026-43,0.183333,0.0,0.458333,0.458333,0.183333,0.316667,0.0,0.798326,1.36,1.475508
volkan,0.0,2026,2026-44,0.566667,0.4,0.516667,0.916667,0.683333,0.008333,0.0,0.639255,0.84,0.64422
volkan,0.0,2026,2026-45,0.625,0.383333,0.575,0.958333,0.691667,0.008333,0.0,0.642028,0.84,0.623938
volkan,0.0,2026,2026-46,0.0,0.0,0.066667,0.066667,0.0,0.783333,0.0,0.887932,1.68,2.176753
volkan,0.0,2026,2026-47,0.033333,0.208333,0.0,0.208333,0.208333,0.0,0.425,0.320949,-1.04,0.790275
volkan,0.0,2026,2026-48,0.0,0.0,0.0,0.0,0.0,0.908333,0.0,0.919404,2.2,2.57398
volkan,0.0,2026,2026-49,0.0,0.0,0.0,0.0,0.0,1.0,0.0,0.954645,2.16,3.242312
volkan,0.0,2026,2026-50,0.066667,0.0,0.35,0.35,0.066667,0.416667,0.0,0.824567,1.48,1.632475
volkan,0.0,2026,2026-51,0.525,0.2,0.633333,0.833333,0.558333,0.033333,0.0,0.686715,0.68,0.82944
volkan,0.0,2026,2026-52,0.1,0.3,0.0,0.3,0.3,0.0,0.433333,0.333946,-0.6,0.754207
volkan,0.0,2026,2026-53,0.425,0.125,0.658333,0.783333,0.425,0.091667,0.0,0.720832,1.4,1.00645
volkan,0.0,2026,2026-54,0.233333,0.475,0.025,0.5,0.5,0.0,0.233333,0.399931,-0.36,0.53926
volkan,0.0,2026,2026-55,0.491667,0.516667,0.266667,0.783333,0.758333,0.0,0.025,0.503725,-0.2,0.404597
volkan,0.0,2026,2026-56,0.358333,0.475,0.116667,0.591667,0.591667,0.0,0.191667,0.434025,0.0,0.503639
volkan,0.0,2026,2026-57,0.491667,0.508333,0.4,0.908333,0.75,0.0,0.0,0.568592,0.4,0.461663
volkan,0.0,2026,2026-58,0.208333,0.025,0.566667,0.591667,0.208333,0.208333,0.0,0.773386,1.4,1.303328
volkan,0.0,2026,2026-59,0.15,0.358333,0.008333,0.366667,0.366667,0.0,0.308333,0.364518,-0.92,0.638887
volkan,0.0,2026,2026-60,0.0,0.166667,0.0,0.166667,0.166667,0.0,0.475,0.297139,-0.72,0.911675
volkan,0.0,2026,2026-61,0.0,0.175,0.0,0.175,0.175,0.0,0.583333,0.287291,-1.0,0.979489
volkan,0.0,2026,2026-62,0.0,0.158333,0.0,0.158333,0.158333,0.0,0.533333,0.28812,-1.16,0.96398
volkan,0.0,2026,2026-63,0.0,0.0,0.0,0.0,0.0,0.0,0.858333,0.207457,-1.6,1.413788
volkan,0.0,2026,2026-64,0.016667,0.15,0.0,0.15,0.15,0.0,0.525,0.295497,-0.84,0.921629
volkan,0.0,2026,2026-65,0.216667,0.016667,0.591667,0.608333,0.216667,0.158333,0.0,0.769491,1.16,1.259311
volkan,0.0,2026,2026-66,0.15,0.408333,0.008333,0.416667,0.416667,0.0,0.35,0.360762,-0.36,0.668622
volkan,0.0,2026,2026-67,0.508333,0.541667,0.4,0.941667,0.833333,0.0,0.0,0.554389,0.4,0.411475
volkan,0.0,2026,2026-68,0.0,0.05,0.0,0.05,0.05,0.0,0.75,0.240304,-1.08,1.214638
volkan,0.0,2026,2026-69,0.566667,0.55,0.358333,0.908333,0.85,0.0,0.0,0.54167,0.44,0.388545
volkan,0.0,2026,2026-70,0.0,0.0,0.0,0.0,0.0,0.0,0.958333,0.162088,-1.72,1.739325
volkan,0.0,2026,2026-71,0.075,0.308333,0.0,0.308333,0.308333,0.0,0.366667,0.335713,-0.68,0.737095
volkan,0.0,2026,2026-72,0.0,0.0,0.091667,0.091667,0.0,0.825,0.0,0.899387,1.68,2.325016
volkan,0.0,2026,2026-73,0.091667,0.416667,0.0,0.416667,0.416667,0.0,0.333333,0.358142,-0.8,0.655382
volkan,0.0,2026,2026-74,0.366667,0.041667,0.691667,0.733333,0.366667,0.108333,0.0,0.736145,0.88,1.077643
volkan,0.0,2026,2026-75,0.525,0.491667,0.458333,0.95,0.733333,0.0,0.0,0.600072,0.44,0.530874
volkan,0.0,2026,2026-76,0.358333,0.491667,0.125,0.616667,0.616667,0.0,0.125,0.449491,0.0,0.450125
volkan,0.0,2026,2026-77,0.108333,0.4,0.0,0.4,0.4,0.0,0.366667,0.354748,-0.6,0.660355
volkan,0.0,2026,2026-78,0.241667,0.008333,0.666667,0.675,0.241667,0.183333,0.0,0.762821,1.16,1.228213
volkan,0.0,2026,2026-79,0.391667,0.516667,0.166667,0.683333,0.675,0.0,0.091667,0.465283,0.16,0.427324
volkan,0.0,2026,2026-80,0.091667,0.0,0.4,0.4,0.091667,0.366667,0.0,0.806562,1.56,1.500611
volkan,0.0,2026,2026-81,0.05,0.375,0.0,0.375,0.375,0.0,0.341667,0.34821,-0.84,0.67363
volkan,0.0,2026,2026-82,0.5,0.558333,0.241667,0.8,0.775,0.0,0.025,0.504207,-0.16,0.405018
volkan,0.0,2026,2026-83,0.533333,0.458333,0.508333,0.966667,0.758333,0.0,0.0,0.589858,0.24,0.508216
volkan,0.0,2026,2026-84,0.5,0.5,0.425,0.925,0.775,0.0,0.0,0.575133,0.48,0.474558
volkan,0.0,2026,2026-85,0.0,0.025,0.0,0.025,0.025,0.0,0.783333,0.235853,-1.16,1.237756
volkan,0.0,2026,2026-86,0.075,0.333333,0.0,0.333333,0.333333,0.0,0.316667,0.356581,-1.12,0.642384
volkan,0.0,2026,2026-87,0.316667,0.508333,0.091667,0.6,0.6,0.0,0.141667,0.438117,-0.28,0.448975
volkan,0.0,2026,2026-88,0.008333,0.191667,0.0,0.191667,0.191667,0.0,0.466667,0.31307,-1.04,0.824254
volkan,0.0,2026,2026-89,0.591667,0.35,0.575,0.925,0.675,0.008333,0.0,0.645754,1.0,0.650422
volkan,0.0,2026,2026-90,0.6,0.466667,0.491667,0.958333,0.733333,0.008333,0.0,0.622171,0.6,0.555435
volkan,0.0,2026,2026-91,0.0,0.0,0.0,0.0,0.0,0.0,1.0,0.13389,-1.92,1.969515
volkan,0.0,2026,2026-92,0.0,0.0,0.0,0.0,0.0,0.0,1.0,0.153475,-1.52,1.791965
volkan,0.0,2026,2026-93,0.0,0.008333,0.0,0.008333,0.008333,0.0,0.775,0.230311,-1.4,1.269213
volkan,0.0,2026,2026-94,0.475,0.433333,0.35,0.783333,0.691667,0.0,0.025,0.526505,-0.2,0.45879
volkan,0.0,2026,2026-95,0.0,0.0,0.175,0.175,0.0,0.708333,0.0,0.874948,1.92,2.06027
volkan,0.0,2026,2026-96,0.275,0.541667,0.041667,0.583333,0.583333,0.0,0.183333,0.414499,-0.64,0.486045
volkan,0.0,2026,2026-97,0.483333,0.491667,0.391667,0.883333,0.733333,0.0,0.0,0.555947,0.2,0.462295
volkan,0.0,2026,2026-98,0.0,0.1,0.0,0.1,0.1,0.0,0.516667,0.281181,-0.84,0.989831
volkan,0.0,2026,2026-99,0.0,0.1,0.0,0.1,0.1,0.0,0.6,0.267349,-1.04,1.073054
volkan,0.0,2026,2026-100,0.0,0.0,0.0,0.0,0.0,0.0,1.0,0.13418,-2.0,1.981112
volkan,0.0,2026,2026-101,0.466667,0.55,0.225,0.775,0.733333,0.0,0.025,0.502643,0.12,0.408504
volkan,0.0,2026,2026-102,0.458333,0.175,0.633333,0.808333,0.458333,0.066667,0.0,0.706267,1.0,0.925018
volkan,0.0,2026,2026-103,0.266667,0.491667,0.05,0.541667,0.541667,0.0,0.175,0.414677,-0.32,0.487631
volkan,0.0,2026,2026-104,0.158333,0.0,0.591667,0.591667,0.158333,0.216667,0.0,0.786233,1.24,1.388603
volkan,0.0,2026,2026-105,0.5,0.491667,0.35,0.841667,0.741667,0.0,0.0,0.537686,0.12,0.444441
volkan,0.0,2026,2026-106,0.466667,0.508333,0.208333,0.716667,0.708333,0.0,0.075,0.488195,-0.2,0.422039
volkan,0.0,2026,2026-107,0.525,0.475,0.466667,0.941667,0.733333,0.0,0.0,0.614371,0.64,0.563547
volkan,0.0,2026,2026-108,0.583333,0.5,0.458333,0.958333,0.775,0.0,0.0,0.600406,0.36,0.513744
volkan,0.0,2026,2026-109,0.316667,0.083333,0.641667,0.725,0.316667,0.15,0.0,0.742551,1.24,1.123441
volkan,0.0,2026,2026-110,0.025,0.216667,0.0,0.216667,0.216667,0.0,0.458333,0.312534,-0.92,0.840981
volkan,0.0,2026,2026-111,0.0,0.0,0.0,0.0,0.0,0.0,1.0,0.101993,-1.92,2.30547
volkan,0.0,2026,2026-112,0.508333,0.525,0.316667,0.841667,0.783333,0.0,0.0,0.529581,0.24,0.415322
volkan,0.0,2026,2026-113,0.075,0.333333,0.0,0.333333,0.333333,0.0,0.375,0.349973,-0.84,0.676293
volkan,0.0,2026,2026-114,0.425,0.483333,0.2,0.683333,0.666667,0.0,0.058333,0.475544,0.12,0.431361
volkan,0.0,2026,2026-115,0.041667,0.0,0.375,0.375,0.041667,0.416667,0.0,0.822698,1.6,1.611504
volkan,0.0,2026,2026-116,0.0,0.1,0.0,0.1,0.1,0.0,0.625,0.266138,-1.6,1.076446
volkan,0.0,2026,2026-117,0.516667,0.258333,0.625,0.883333,0.591667,0.033333,0.0,0.6714,1.2,0.780212
volkan,0.0,2026,2026-118,0.516667,0.141667,0.666667,0.808333,0.516667,0.05,0.0,0.703589,0.8,0.910523
volkan,0.0,2026,2026-119,0.516667,0.475,0.466667,0.941667,0.733333,0.0,0.0,0.592073,0.6,0.513537
volkan,0.0,2026,2026-120,0.375,0.058333,0.708333,0.766667,0.375,0.108333,0.0,0.731623,0.96,1.055169
volkan,0.0,2026,2026-121,0.208333,0.483333,0.008333,0.491667,0.491667,0.0,0.216667,0.395502,-0.64,0.51483
volkan,0.0,2026,2026-122,0.058333,0.3,0.0,0.3,0.3,0.0,0.4,0.339727,-0.32,0.716609
volkan,0.0,2026,2026-123,0.383333,0.116667,0.641667,0.758333,0.383333,0.141667,0.0,0.729481,1.16,1.052899
volkan,0.0,2026,2026-124,0.533333,0.3,0.55,0.85,0.583333,0.058333,0.0,0.676562,0.64,0.801355
volkan,0.0,2026,2026-125,0.15,0.0,0.491667,0.491667,0.15,0.241667,0.0,0.790238,1.52,1.407535
volkan,0.0,2026,2026-126,0.558333,0.525,0.375,0.9,0.808333,0.0,0.0,0.548762,0.16,0.422193
volkan,0.0,2026,2026-127,0.083333,0.0,0.325,0.325,0.083333,0.466667,0.0,0.824239,1.68,1.637621
volkan,0.0,2026,2026-128,0.35,0.508333,0.075,0.583333,0.583333,0.0,0.183333,0.433972,-0.52,0.480141
volkan,0.0,2026,2026-129,0.0,0.083333,0.0,0.083333,0.083333,0.0,0.658333,0.26898,-1.2,1.049948
volkan,0.0,2026,2026-130,0.0,0.0,0.0,0.0,0.0,0.0,1.0,0.122916,-1.88,2.109282
volkan,0.0,2026,2026-131,0.0,0.091667,0.0,0.091667,0.091667,0.0,0.633333,0.270346,-1.12,1.045576
volkan,0.0,2026,2026-132,0.525,0.191667,0.658333,0.85,0.541667,0.025,0.0,0.689583,0.64,0.843871
volkan,0.0,2026,2026-133,0.0,0.0,0.0,0.0,0.0,0.0,0.875,0.198412,-1.52,1.48491
volkan,0.0,2026,2026-134,0.191667,0.516667,0.008333,0.525,0.525,0.0,0.208333,0.397584,-0.8,0.508748
volkan,0.0,2026,2026-135,0.0,0.0,0.091667,0.091667,0.0,0.733333,0.0,0.883154,1.84,2.137707
volkan,0.0,2026,2026-136,0.483333,0.258333,0.55,0.808333,0.508333,0.041667,0.0,0.689157,0.6,0.847338
volkan,0.0,2026,2026-137,0.041667,0.0,0.25,0.25,0.041667,0.566667,0.0,0.848008,1.52,1.825075
volkan,0.0,2026,2026-138,0.0,0.166667,0.0,0.166667,0.166667,0.0,0.566667,0.287979,-1.04,0.960304
volkan,0.0,2026,2026-139,0.0,0.0,0.0,0.0,0.0,0.0,1.0,0.087383,-1.96,2.476031
volkan,0.0,2026,2026-140,0.133333,0.0,0.458333,0.458333,0.133333,0.283333,0.0,0.805254,1.56,1.505498
volkan,0.0,2026,2026-141,0.0,0.0,0.0,0.0,0.0,0.0,0.841667,0.210977,-1.32,1.387348
volkan,0.0,2026,2026-142,0.475,0.541667,0.283333,0.825,0.741667,0.0,0.0,0.522502,0.04,0.41875
volkan,0.0,2026,2026-143,0.483333,0.483333,0.375,0.858333,0.7,0.0,0.0,0.562879,0.32,0.500565
volkan,0.0,2026,2026-144,0.0,0.191667,0.0,0.191667,0.191667,0.0,0.5,0.296018,-1.48,0.919609
volkan,0.0,2026,2026-145,0.108333,0.0,0.433333,0.433333,0.108333,0.325,0.0,0.810524,1.16,1.536091
volkan,0.0,2026,2026-146,0.141667,0.0,0.375,0.375,0.141667,0.425,0.0,0.81432,1.84,1.581451
volkan,0.0,2026,2026-147,0.6,0.45,0.483333,0.933333,0.733333,0.016667,0.0,0.624217,1.08,0.583909
volkan,0.0,2026,2026-148,0.466667,0.525,0.233333,0.758333,0.733333,0.0,0.041667,0.497405,-0.16,0.41345
volkan,0.0,2026,2026-149,0.508333,0.533333,0.333333,0.866667,0.766667,0.0,0.0,0.543104,0.44,0.426204
volkan,0.0,2026,2026-150,0.0,0.091667,0.0,0.091667,0.091667,0.0,0.625,0.270642,-0.84,1.044065
volkan,0.0,2026,2026-151,0.341667,0.441667,0.125,0.566667,0.566667,0.0,0.15,0.438621,0.04,0.480268
volkan,0.0,2026,2026-152,0.433333,0.558333,0.166667,0.725,0.725,0.0,0.041667,0.477146,-0.32,0.38584
volkan,0.0,2026,2026-153,0.075,0.216667,0.0,0.216667,0.216667,0.0,0.508333,0.302366,-1.2,0.908346
volkan,0.0,2026,2026-154,0.475,0.233333,0.583333,0.816667,0.525,0.066667,0.0,0.688269,0.92,0.858574
volkan,0.0,2026,2026-155,0.0,0.033333,0.0,0.033333,0.033333,0.0,0.833333,0.216093,-1.16,1.366992
volkan,0.0,2026,2026-156,0.233333,0.491667,0.008333,0.5,0.5,0.0,0.241667,0.395816,-0.84,0.549573
volkan,0.0,2026,2026-157,0.0,0.0,0.0,0.0,0.0,0.0,1.0,0.102927,-1.96,2.314479
volkan,0.0,2026,2026-158,0.558333,0.516667,0.475,0.991667,0.758333,0.0,0.0,0.601314,0.4,0.506223
volkan,0.0,2026,2026-159,0.558333,0.308333,0.591667,0.9,0.608333,0.016667,0.0,0.663203,0.6,0.725049
volkan,0.0,2026,2026-160,0.516667,0.375,0.533333,0.908333,0.666667,0.008333,0.0,0.640354,0.64,0.664046
volkan,0.0,2026,2026-161,0.0,0.0,0.0,0.0,0.0,1.0,0.0,0.942878,2.12,2.959152
volkan,0.0,2026,2026-162,0.483333,0.141667,0.641667,0.783333,0.483333,0.066667,0.0,0.705169,0.76,0.92054
volkan,0.0,2026,2026-163,0.008333,0.216667,0.0,0.216667,0.216667,0.0,0.483333,0.301558,-0.8,0.89808
volkan,0.0,2026,2026-164,0.0,0.0,0.0,0.0,0.0,1.0,0.0,0.926681,2.2,2.663062
volkan,0.0,2026,2026-165,0.016667,0.191667,0.0,0.191667,0.191667,0.0,0.541667,0.297868,-1.16,0.917531
volkan,0.0,2026,2026-166,0.55,0.316667,0.558333,0.875,0.591667,0.05,0.0,0.671807,0.72,0.766459
volkan,0.0,2026,2026-167,0.5,0.216667,0.641667,0.858333,0.575,0.033333,0.0,0.674362,0.96,0.794403
volkan,0.0,2026,2026-168,0.016667,0.175,0.0,0.175,0.175,0.0,0.516667,0.301046,-0.96,0.896845
volkan,0.0,2026,2026-169,0.15,0.0,0.433333,0.433333,0.15,0.266667,0.0,0.795628,1.2,1.441029
volkan,0.0,2026,2026-170,0.483333,0.458333,0.45,0.908333,0.725,0.0,0.0,0.603528,0.36,0.549614
volkan,0.0,2026,2026-171,0.566667,0.391667,0.558333,0.95,0.691667,0.0,0.0,0.635865,0.28,0.619858
volkan,0.0,2026,2026-172,0.058333,0.35,0.0,0.35,0.35,0.0,0.4,0.344239,-0.64,0.699819
volkan,0.0,2026,2026-173,0.225,0.0,0.65,0.65,0.225,0.15,0.0,0.765562,1.4,1.239767
volkan,0.0,2026,2026-174,0.025,0.258333,0.0,0.258333,0.258333,0.0,0.45,0.315345,-0.56,0.825374
volkan,0.0,2026,2026-175,0.0,0.0,0.0,0.0,0.0,0.0,0.958333,0.154054,-1.92,1.810881
volkan,0.0,2026,2026-176,0.15,0.0,0.441667,0.441667,0.15,0.275,0.0,0.793576,1.48,1.419122
volkan,0.0,2026,2026-177,0.3,0.475,0.05,0.525,0.525,0.0,0.208333,0.411889,-0.4,0.530547
volkan,0.0,2026,2026-178,0.491667,0.575,0.233333,0.808333,0.775,0.0,0.008333,0.508126,0.04,0.397042
volkan,0.0,2026,2026-179,0.0,0.0,0.15,0.15,0.0,0.65,0.0,0.862642,1.52,1.939125
volkan,0.0,2026,2026-180,0.333333,0.05,0.733333,0.783333,0.333333,0.1,0.0,0.735553,1.28,1.078764
volkan,0.0,2026,2026-181,0.55,0.391667,0.516667,0.908333,0.683333,0.008333,0.0,0.635922,0.84,0.629354
volkan,0.0,2026,2026-182,0.416667,0.091667,0.733333,0.825,0.416667,0.05,0.0,0.719448,1.2,0.984926
volkan,0.0,2026,2026-183,0.083333,0.25,0.0,0.25,0.25,0.0,0.491667,0.319735,-0.96,0.832613
volkan,0.0,2026,2026-184,0.566667,0.308333,0.575,0.883333,0.6,0.041667,0.0,0.671129,0.88,0.764002
volkan,0.0,2026,2026-185,0.375,0.091667,0.666667,0.758333,0.375,0.083333,0.0,0.728892,1.12,1.039035
volkan,0.0,2026,2026-186,0.583333,0.3,0.591667,0.891667,0.608333,0.033333,0.0,0.667834,0.84,0.744207
volkan,0.0,2026,2026-187,0.333333,0.533333,0.108333,0.641667,0.641667,0.0,0.066667,0.452363,-0.36,0.409878
volkan,0.0,2026,2026-188,0.0,0.0,0.0,0.0,0.0,0.0,1.0,0.026029,-2.28,3.799057
volkan,0.0,2026,2026-189,0.608333,0.416667,0.558333,0.975,0.716667,0.0,0.0,0.627199,0.44,0.57984
volkan,0.0,2026,2026-190,0.483333,0.516667,0.308333,0.825,0.766667,0.0,0.0,0.526507,0.12,0.402608
volkan,0.0,2026,2026-191,0.241667,0.558333,0.016667,0.575,0.575,0.0,0.166667,0.419747,-0.84,0.460047
volkan,0.0,2026,2026-192,0.533333,0.25,0.633333,0.883333,0.608333,0.016667,0.0,0.668726,0.92,0.752156
volkan,0.0,2026,2026-193,0.566667,0.6,0.341667,0.941667,0.858333,0.0,0.0,0.555997,0.56,0.393084
volkan,0.0,2026,2026-194,0.491667,0.458333,0.433333,0.891667,0.733333,0.0,0.0,0.558689,0.04,0.464406
volkan,0.0,2026,2026-195,0.0,0.0,0.0,0.0,0.0,0.0,0.85,0.203567,-1.48,1.428089
volkan,0.0,2026,2026-196,0.0,0.0,0.0,0.0,0.0,0.0,0.875,0.206025,-1.44,1.414026
volkan,0.0,2026,2026-197,0.641667,0.516667,0.433333,0.95,0.825,0.0,0.0,0.5774,0.32,0.446033
volkan,0.0,2026,2026-198,0.466667,0.516667,0.225,0.741667,0.733333,0.0,0.033333,0.49465,0.12,0.405808
volkan,0.0,2026,2026-199,0.533333,0.583333,0.3,0.883333,0.85,0.0,0.025,0.523942,-0.32,0.402982
volkan,0.5,42,42-0,0.466667,0.491667,0.291667,0.783333,0.716667,0.0,0.0,0.509705,0.28,0.427282
volkan,0.5,42,42-1,0.0,0.025,0.0,0.025,0.025,0.0,0.733333,0.246494,-1.44,1.174585
volkan,0.5,42,42-2,0.508333,0.4,0.516667,0.916667,0.65,0.0,0.0,0.631361,0.24,0.637563
volkan,0.5,42,42-3,0.483333,0.316667,0.516667,0.833333,0.566667,0.066667,0.0,0.676639,0.76,0.82528
volkan,0.5,42,42-4,0.0,0.0,0.0,0.0,0.0,0.0,1.0,0.117054,-1.6,2.123524
volkan,0.5,42,42-5,0.0,0.0,0.0,0.0,0.0,0.0,0.9,0.196665,-1.32,1.475218
volkan,0.5,42,42-6,0.516667,0.516667,0.233333,0.75,0.75,0.0,0.025,0.493189,-0.32,0.390317
volkan,0.5,42,42-7,0.166667,0.441667,0.008333,0.45,0.45,0.0,0.291667,0.376559,-0.88,0.61758
volkan,0.5,42,42-8,0.383333,0.5,0.15,0.65,0.65,0.0,0.166667,0.451778,-0.56,0.477457
volkan,0.5,42,42-9,0.0,0.1,0.0,0.1,0.1,0.0,0.65,0.270068,-1.0,1.050734
volkan,0.5,42,42-10,0.508333,0.316667,0.525,0.841667,0.608333,0.05,0.0,0.662341,0.92,0.761862
volkan,0.5,42,42-11,0.6,0.408333,0.55,0.958333,0.733333,0.0,0.0,0.628722,0.64,0.598478
volkan,0.5,42,42-12,0.425,0.508333,0.175,0.683333,0.675,0.0,0.1,0.472791,-0.12,0.448804
volkan,0.5,42,42-13,0.491667,0.133333,0.658333,0.791667,0.491667,0.075,0.0,0.707703,0.8,0.940974
volkan,0.5,42,42-14,0.45,0.475,0.383333,0.858333,0.683333,0.0,0.0,0.560343,0.44,0.483348
volkan,0.5,42,42-15,0.0,0.1,0.0,0.1,0.1,0.0,0.65,0.27662,-1.36,1.01055
volkan,0.5,42,42-16,0.541667,0.475,0.383333,0.858333,0.758333,0.0,0.0,0.547063,-0.04,0.44805
volkan,0.5,42,42-17,0.0,0.033333,0.0,0.033333,0.033333,0.0,0.658333,0.250844,-1.12,1.15338
volkan,0.5,42,42-18,0.6,0.341667,0.616667,0.958333,0.666667,0.0,0.0,0.644941,0.56,0.639333
volkan,0.5,42,42-19,0.425,0.541667,0.108333,0.65,0.65,0.0,0.125,0.457898,-0.52,0.41723
volkan,0.5,42,42-20,0.225,0.491667,0.033333,0.525,0.525,0.0,0.216667,0.405237,-0.2,0.512015
volkan,0.5,42,42-21,0.025,0.2,0.0,0.2,0.2,0.0,0.508333,0.307008,-0.96,0.862285
volkan,0.5,42,42-22,0.4,0.091667,0.675,0.766667,0.4,0.075,0.0,0.722535,1.08,1.004942
volkan,0.5,42,42-23,0.275,0.475,0.083333,0.558333,0.558333,0.0,0.191667,0.422534,-0.16,0.502665
volkan,0.5,42,42-24,0.1,0.366667,0.0,0.366667,0.366667,0.0,0.358333,0.358009,-0.92,0.653745
volkan,0.5,42,42-25,0.166667,0.441667,0.0,0.441667,0.441667,0.0,0.308333,0.369179,-0.76,0.633491
volkan,0.5,42,42-26,0.541667,0.516667,0.425,0.941667,0.8,0.0,0.0,0.577967,0.64,0.468166
volkan,0.5,42,42-27,0.491667,0.483333,0.4,0.883333,0.758333,0.0,0.0,0.549022,0.0,0.448961
volkan,0.5,42,42-28,0.483333,0.491667,0.408333,0.9,0.766667,0.0,0.0,0.555445,0.12,0.461468
volkan,0.5,42,42-29,0.516667,0.491667,0.375,0.866667,0.758333,0.0,0.0,0.548625,0.2,0.439245
volkan,0.5,42,42-30,0.0,0.0,0.216667,0.216667,0.0,0.658333,0.0,0.862621,1.84,1.955553
volkan,0.5,42,42-31,0.125,0.45,0.0,0.45,0.45,0.0,0.283333,0.374108,-0.44,0.572967
volkan,0.5,42,42-32,0.033333,0.333333,0.0,0.333333,0.333333,0.0,0.35,0.351671,-0.76,0.652824
volkan,0.5,42,42-33,0.0,0.141667,0.0,0.141667,0.141667,0.0,0.55,0.285188,-1.16,0.97096
volkan,0.5,42,42-34,0.525,0.508333,0.433333,0.941667,0.775,0.0,0.0,0.585615,0.44,0.492007
volkan,0.5,42,42-35,0.475,0.166667,0.625,0.791667,0.483333,0.075,0.0,0.704067,0.72,0.920944
volkan,0.5,42,42-36,0.3,0.475,0.091667,0.566667,0.566667,0.0,0.2,0.422873,-0.12,0.501918
volkan,0.5,42,42-37,0.0,0.133333,0.0,0.133333,0.133333,0.0,0.558333,0.286329,-0.96,0.958606
volkan,0.5,42,42-38,0.0,0.116667,0.0,0.116667,0.116667,0.0,0.533333,0.28156,-0.8,0.982565
volkan,0.5,42,42-39,0.516667,0.458333,0.466667,0.925,0.708333,0.0,0.0,0.605122,0.76,0.552128
volkan,0.5,42,42-40,0.533333,0.416667,0.433333,0.85,0.641667,0.016667,0.0,0.637012,0.64,0.662618
volkan,0.5,42,42-41,0.5,0.508333,0.408333,0.916667,0.75,0.0,0.0,0.57452,0.52,0.488296
volkan,0.5,42,42-42,0.0,0.266667,0.0,0.266667,0.266667,0.0,0.45,0.312227,-1.12,0.839986
volkan,0.5,42,42-43,0.475,0.525,0.208333,0.733333,0.725,0.0,0.025,0.491066,0.48,0.414505
volkan,0.5,42,42-44,0.416667,0.441667,0.225,0.666667,0.633333,0.0,0.058333,0.482098,0.08,0.44729
volkan,0.5,42,42-45,0.466667,0.5,0.225,0.725,0.708333,0.0,0.05,0.495911,0.0,0.423483
volkan,0.5,42,42-46,0.566667,0.383333,0.575,0.958333,0.683333,0.008333,0.0,0.641406,0.76,0.640906
volkan,0.5,42,42-47,0.458333,0.483333,0.283333,0.766667,0.716667,0.0,0.016667,0.510254,0.0,0.426944
volkan,0.5,42,42-48,0.516667,0.416667,0.491667,0.908333,0.7,0.0,0.0,0.611467,0.2,0.573082
volkan,0.5,42,42-49,0.383333,0.45,0.208333,0.658333,0.641667,0.0,0.083333,0.47033,0.28,0.463336
volkan,0.5,42,42-50,0.475,0.483333,0.283333,0.766667,0.7,0.0,0.008333,0.515647,0.12,0.433045
volkan,0.5,42,42-51,0.525,0.533333,0.425,0.958333,0.775,0.0,0.0,0.585532,0.44,0.490488
volkan,0.5,42,42-52,0.0,0.0,0.0,0.0,0.0,0.0,0.941667,0.174646,-1.52,1.634727
volkan,0.5,42,42-53,0.133333,0.45,0.0,0.45,0.45,0.0,0.258333,0.380295,-0.4,0.540703
volkan,0.5,42,42-54,0.108333,0.391667,0.0,0.391667,0.391667,0.0,0.341667,0.35326,-0.64,0.668162
volkan,0.5,42,42-55,0.05,0.25,0.0,0.25,0.25,0.0,0.4,0.325545,-0.72,0.779399
volkan,0.5,42,42-56,0.175,0.475,0.016667,0.491667,0.491667,0.0,0.225,0.39464,-0.72,0.51705
volkan,0.5,42,42-57,0.258333,0.041667,0.566667,0.608333,0.258333,0.208333,0.0,0.768499,0.68,1.272223
volkan,0.5,42,42-58,0.0,0.075,0.0,0.075,0.075,0.0,0.533333,0.28252,-0.92,0.980769
volkan,0.5,42,42-59,0.533333,0.316667,0.558333,0.875,0.608333,0.033333,0.0,0.664281,0.72,0.742969
volkan,0.5,42,42-60,0.0,0.0,0.0,0.0,0.0,0.0,1.0,0.144389,-1.72,1.888279
volkan,0.5,42,42-61,0.116667,0.391667,0.041667,0.433333,0.433333,0.0,0.291667,0.371834,-0.88,0.61812
volkan,0.5,42,42-62,0.458333,0.433333,0.241667,0.675,0.641667,0.0,0.05,0.494746,0.0,0.436892
volkan,0.5,42,42-63,0.5,0.433333,0.5,0.933333,0.691667,0.0,0.0,0.593316,0.08,0.531791
volkan,0.5,42,42-64,0.533333,0.491667,0.433333,0.925,0.733333,0.0,0.0,0.606215,0.68,0.543761
volkan,0.5,42,42-65,0.633333,0.425,0.533333,0.958333,0.733333,0.0,0.0,0.630159,0.96,0.604326
volkan,0.5,42,42-66,0.133333,0.441667,0.0,0.441667,0.441667,0.0,0.325,0.370158,-0.6,0.60414
volkan,0.5,42,42-67,0.083333,0.391667,0.0,0.391667,0.391667,0.0,0.366667,0.356411,-0.6,0.644668
volkan,0.5,42,42-68,0.533333,0.383333,0.483333,0.866667,0.633333,0.041667,0.0,0.651413,0.64,0.700836
volkan,0.5,42,42-69,0.291667,0.425,0.066667,0.491667,0.491667,0.0,0.25,0.408452,-0.04,0.53934
volkan,0.5,42,42-70,0.0,0.0,0.0,0.0,0.0,0.0,0.841667,0.198554,-1.56,1.482666
volkan,0.5,42,42-71,0.0,0.016667,0.0,0.016667,0.016667,0.0,0.825,0.219929,-1.12,1.33738
volkan,0.5,42,42-72,0.0,0.083333,0.0,0.083333,0.083333,0.0,0.65,0.262369,-1.24,1.091892
volkan,0.5,42,42-73,0.591667,0.525,0.425,0.95,0.833333,0.0,0.0,0.569573,0.36,0.450334
volkan,0.5,42,42-74,0.433333,0.525,0.2,0.725,0.716667,0.0,0.066667,0.48441,-0.04,0.428251
volkan,0.5,42,42-75,0.566667,0.475,0.466667,0.941667,0.766667,0.0,0.0,0.603274,0.16,0.536679
volkan,0.5,42,42-76,0.133333,0.391667,0.0,0.391667,0.391667,0.0,0.3,0.366088,-0.64,0.612064
volkan,0.5,42,42-77,0.4,0.466667,0.241667,0.708333,0.641667,0.0,0.058333,0.489995,0.4,0.452207
volkan,0.5,42,42-78,0.516667,0.45,0.491667,0.941667,0.75,0.0,0.0,0.595909,0.24,0.515464
volkan,0.5,42,42-79,0.183333,0.416667,0.025,0.441667,0.441667,0.0,0.325,0.382168,-0.36,0.587515
volkan,0.5,42,42-80,0.458333,0.441667,0.416667,0.858333,0.716667,0.0,0.0,0.555442,0.04,0.474974
volkan,0.5,42,42-81,0.008333,0.233333,0.0,0.233333,0.233333,0.0,0.475,0.312285,-0.64,0.836397
volkan,0.5,42,42-82,0.133333,0.475,0.0,0.475,0.475,0.0,0.266667,0.380841,-0.8,0.560823
volkan,0.5,42,42-83,0.175,0.408333,0.0,0.408333,0.408333,0.0,0.333333,0.362901,-0.52,0.663735
volkan,0.5,42,42-84,0.0,0.0,0.0,0.0,0.0,0.0,0.841667,0.215736,-1.44,1.356492
volkan,0.5,42,42-85,0.5,0.516667,0.391667,0.908333,0.791667,0.0,0.0,0.560274,0.4,0.446036
volkan,0.5,42,42-86,0.075,0.408333,0.0,0.408333,0.408333,0.0,0.366667,0.351138,-0.56,0.669563
volkan,0.5,42,42-87,0.35,0.483333,0.15,0.633333,0.633333,0.0,0.116667,0.451064,-0.48,0.453363
volkan,0.5,42,42-88,0.55,0.45,0.45,0.9,0.758333,0.0,0.008333,0.564089,-0.12,0.480258
volkan,0.5,42,42-89,0.55,0.516667,0.366667,0.883333,0.775,0.0,0.0,0.560643,0.52,0.459358
volkan,0.5,42,42-90,0.55,0.5,0.466667,0.966667,0.8,0.0,0.0,0.589682,0.24,0.502344
volkan,0.5,42,42-91,0.35,0.558333,0.1,0.658333,0.658333,0.0,0.125,0.444953,-0.56,0.422726
volkan,0.5,42,42-92,0.075,0.375,0.0,0.375,0.375,0.0,0.383333,0.352887,-0.16,0.658284
volkan,0.5,42,42-93,0.375,0.491667,0.1,0.591667,0.591667,0.0,0.133333,0.442677,-0.2,0.46302
volkan,0.5,42,42-94,0.0,0.0,0.0,0.0,0.0,0.0,1.0,0.145198,-1.68,1.871441
volkan,0.5,42,42-95,0.0,0.0,0.0,0.0,0.0,0.0,0.941667,0.177555,-1.48,1.608913
volkan,0.5,42,42-96,0.0,0.0,0.0,0.0,0.0,0.0,0.916667,0.187287,-1.4,1.554292
volkan,0.5,42,42-97,0.0,0.041667,0.0,0.041667,0.041667,0.0,0.725,0.24599,-1.32,1.190595
volkan,0.5,42,42-98,0.483333,0.483333,0.35,0.833333,0.716667,0.0,0.0,0.543086,0.2,0.450783
volkan,0.5,42,42-99,0.0,0.116667,0.0,0.116667,0.116667,0.0,0.666667,0.258851,-1.68,1.126734
volkan,0.5,42,42-100,0.108333,0.441667,0.0,0.441667,0.441667,0.0,0.333333,0.364656,-0.64,0.61383
volkan,0.5,42,42-101,0.358333,0.1,0.633333,0.733333,0.358333,0.1,0.0,0.734047,1.2,1.07262
volkan,0.5,42,42-102,0.133333,0.425,0.0,0.425,0.425,0.0,0.283333,0.370066,-0.8,0.602035
volkan,0.5,42,42-103,0.541667,0.458333,0.475,0.933333,0.725,0.0,0.0,0.617175,0.48,0.566492
volkan,0.5,42,42-104,0.0,0.083333,0.0,0.083333,0.083333,0.0,0.641667,0.261984,-1.56,1.095818
volkan,0.5,42,42-105,0.308333,0.541667,0.033333,0.575,0.575,0.0,0.15,0.42267,-0.52,0.452533
volkan,0.5,42,42-106,0.0,0.066667,0.0,0.066667,0.066667,0.0,0.666667,0.255974,-1.12,1.126805
volkan,0.5,42,42-107,0.116667,0.475,0.008333,0.483333,0.483333,0.0,0.258333,0.382073,-0.8,0.543891
volkan,0.5,42,42-108,0.583333,0.408333,0.525,0.933333,0.7,0.008333,0.0,0.637802,0.64,0.629834
volkan,0.5,42,42-109,0.0,0.0,0.0,0.0,0.0,0.0,1.0,0.141062,-2.04,1.918052
volkan,0.5,42,42-110,0.458333,0.483333,0.35,0.833333,0.683333,0.0,0.0,0.551742,0.68,0.499198
volkan,0.5,42,42-111,0.441667,0.5,0.225,0.725,0.691667,0.0,0.033333,0.494928,0.2,0.418463
volkan,0.5,42,42-112,0.083333,0.275,0.0,0.275,0.275,0.0,0.4,0.331034,-0.92,0.767132
volkan,0.5,42,42-113,0.0,0.0,0.0,0.0,0.0,0.0,0.95,0.175891,-1.36,1.635431
volkan,0.5,42,42-114,0.391667,0.541667,0.15,0.691667,0.683333,0.0,0.091667,0.471784,0.16,0.436089
volkan,0.5,42,42-115,0.058333,0.283333,0.0,0.283333,0.283333,0.0,0.383333,0.336429,-0.84,0.733695
volkan,0.5,42,42-116,0.466667,0.491667,0.3,0.791667,0.725,0.0,0.008333,0.517895,0.24,0.429454
volkan,0.5,42,42-117,0.441667,0.525,0.15,0.675,0.675,0.0,0.066667,0.466995,-0.0,0.425961
volkan,0.5,42,42-118,0.158333,0.0,0.508333,0.508333,0.158333,0.258333,0.0,0.791005,1.32,1.408021
volkan,0.5,42,42-119,0.208333,0.483333,0.008333,0.491667,0.491667,0.0,0.266667,0.39095,-0.32,0.534681
volkan,0.5,42,42-120,0.0,0.008333,0.0,0.008333,0.008333,0.0,0.716667,0.253721,-1.16,1.120422
volkan,0.5,42,42-121,0.425,0.475,0.3,0.775,0.683333,0.0,0.016667,0.508308,0.24,0.454467
volkan,0.5,42,42-122,0.475,0.508333,0.241667,0.75,0.716667,0.0,0.016667,0.505047,0.0,0.420383
volkan,0.5,42,42-123,0.341667,0.033333,0.683333,0.716667,0.341667,0.125,0.0,0.743851,1.32,1.129069
volkan,0.5,42,42-124,0.575,0.408333,0.55,0.958333,0.675,0.0,0.0,0.634918,0.68,0.615021
volkan,0.5,42,42-125,0.425,0.491667,0.3,0.791667,0.675,0.0,0.008333,0.524345,0.44,0.466714
volkan,0.5,42,42-126,0.266667,0.0,0.616667,0.616667,0.266667,0.166667,0.0,0.764925,1.28,1.250465
volkan,0.5,42,42-127,0.0,0.0,0.0,0.0,0.0,0.0,0.841667,0.215246,-1.24,1.351348
volkan,0.5,42,42-128,0.05,0.191667,0.0,0.191667,0.191667,0.0,0.416667,0.317398,-1.04,0.825677
volkan,0.5,42,42-129,0.0,0.075,0.0,0.075,0.075,0.0,0.675,0.264708,-1.36,1.069425
volkan,0.5,42,42-130,0.141667,0.475,0.0,0.475,0.475,0.0,0.25,0.376988,-0.76,0.562795
volkan,0.5,42,42-131,0.0,0.0,0.0,0.0,0.0,0.0,0.908333,0.189017,-1.56,1.545335
volkan,0.5,42,42-132,0.541667,0.516667,0.45,0.966667,0.775,0.0,0.0,0.592662,0.68,0.493078
volkan,0.5,42,42-133,0.308333,0.5,0.016667,0.516667,0.516667,0.0,0.275,0.396073,-0.4,0.592423
volkan,0.5,42,42-134,0.0,0.0,0.0,0.0,0.0,0.0,0.975,0.174782,-1.6,1.667625
volkan,0.5,42,42-135,0.0,0.025,0.0,0.025,0.025,0.0,0.716667,0.241773,-1.2,1.210383
volkan,0.5,42,42-136,0.491667,0.483333,0.358333,0.841667,0.716667,0.0,0.0,0.543465,0.16,0.477952
volkan,0.5,42,42-137,0.558333,0.408333,0.475,0.883333,0.675,0.025,0.0,0.645842,0.72,0.677894
volkan,0.5,42,42-138,0.0,0.0,0.291667,0.291667,0.0,0.458333,0.0,0.839265,1.68,1.741409
volkan,0.5,42,42-139,0.0,0.0,0.0,0.0,0.0,0.991667,0.0,0.929142,2.04,2.697656
volkan,0.5,42,42-140,0.525,0.483333,0.383333,0.866667,0.741667,0.0,0.0,0.556509,0.12,0.469609
volkan,0.5,42,42-141,0.0,0.083333,0.0,0.083333,0.083333,0.0,0.708333,0.247055,-1.48,1.188052
volkan,0.5,42,42-142,0.0,0.0,0.0,0.0,0.0,0.0,1.0,0.098664,-2.04,2.332623
volkan,0.5,42,42-143,0.541667,0.433333,0.291667,0.725,0.708333,0.0,0.008333,0.507699,-0.24,0.41533
volkan,0.5,42,42-144,0.0,0.158333,0.0,0.158333,0.158333,0.0,0.633333,0.272546,-1.48,1.054964
volkan,0.5,42,42-145,0.15,0.416667,0.0,0.416667,0.416667,0.0,0.316667,0.373973,-0.44,0.597582
volkan,0.5,42,42-146,0.075,0.266667,0.0,0.266667,0.266667,0.0,0.466667,0.318736,-0.44,0.821789
volkan,0.5,42,42-147,0.316667,0.566667,0.05,0.616667,0.616667,0.0,0.15,0.433718,-0.4,0.452098
volkan,0.5,42,42-148,0.491667,0.2,0.591667,0.791667,0.533333,0.075,0.0,0.696023,0.76,0.898646
volkan,0.5,42,42-149,0.491667,0.516667,0.233333,0.75,0.733333,0.0,0.025,0.489822,-0.24,0.410432
volkan,0.5,42,42-150,0.283333,0.541667,0.033333,0.575,0.575,0.0,0.15,0.425282,-0.76,0.46168
volkan,0.5,42,42-151,0.0,0.033333,0.0,0.033333,0.033333,0.0,0.725,0.239329,-1.28,1.229683
volkan,0.5,42,42-152,0.0,0.0,0.0,0.0,0.0,0.0,1.0,0.147313,-1.72,1.883636
volkan,0.5,42,42-153,0.083333,0.35,0.0,0.35,0.35,0.0,0.35,0.351184,-0.64,0.663596
volkan,0.5,42,42-154,0.333333,0.508333,0.066667,0.575,0.575,0.0,0.158333,0.433103,-0.28,0.463966
volkan,0.5,42,42-155,0.083333,0.0,0.391667,0.391667,0.083333,0.325,0.0,0.812416,1.32,1.541941
volkan,0.5,42,42-156,0.35,0.483333,0.175,0.658333,0.608333,0.0,0.083333,0.469595,0.24,0.459146
volkan,0.5,42,42-157,0.516667,0.275,0.558333,0.833333,0.566667,0.091667,0.0,0.685119,0.92,0.84674
volkan,0.5,42,42-158,0.075,0.358333,0.0,0.358333,0.358333,0.0,0.316667,0.354157,-0.64,0.64568
volkan,0.5,42,42-159,0.0,0.0,0.0,0.0,0.0,0.0,0.825,0.215502,-1.24,1.375796
volkan,0.5,42,42-160,0.0,0.066667,0.0,0.066667,0.066667,0.0,0.716667,0.253201,-1.36,1.144436
volkan,0.5,42,42-161,0.016667,0.2,0.0,0.2,0.2,0.0,0.466667,0.304202,-0.8,0.877942
volkan,0.5,42,42-162,0.0,0.0,0.208333,0.208333,0.0,0.608333,0.0,0.860765,1.76,1.934745
volkan,0.5,42,42-163,0.0,0.133333,0.0,0.133333,0.133333,0.0,0.525,0.291848,-0.92,0.935887
volkan,0.5,42,42-164,0.591667,0.341667,0.583333,0.925,0.666667,0.016667,0.0,0.645661,0.8,0.658437
volkan,0.5,42,42-165,0.0,0.116667,0.0,0.116667,0.116667,0.0,0.675,0.259065,-1.36,1.114077
volkan,0.5,42,42-166,0.558333,0.3,0.6,0.9,0.625,0.016667,0.0,0.662642,0.56,0.738029
volkan,0.5,42,42-167,0.508333,0.483333,0.366667,0.85,0.758333,0.0,0.0,0.537363,0.16,0.436062
volkan,0.5,42,42-168,0.3,0.591667,0.025,0.616667,0.616667,0.0,0.15,0.427709,-0.68,0.425669
volkan,0.5,42,42-169,0.333333,0.475,0.091667,0.566667,0.566667,0.0,0.166667,0.434147,-0.48,0.496734
volkan,0.5,42,42-170,0.008333,0.191667,0.0,0.191667,0.191667,0.0,0.416667,0.315401,-0.92,0.818905
volkan,0.5,42,42-171,0.466667,0.525,0.366667,0.891667,0.758333,0.0,0.0,0.560293,0.64,0.450914
volkan,0.5,42,42-172,0.108333,0.291667,0.0,0.291667,0.291667,0.0,0.4,0.333081,-0.76,0.778285
volkan,0.5,42,42-173,0.0,0.0,0.0,0.0,0.0,0.0,0.85,0.20545,-1.36,1.439247
volkan,0.5,42,42-174,0.0,0.0,0.0,0.0,0.0,0.0,0.866667,0.194261,-1.48,1.518834
volkan,0.5,42,42-175,0.466667,0.475,0.25,0.725,0.716667,0.0,0.058333,0.48875,-0.2,0.436219
volkan,0.5,42,42-176,0.2,0.0,0.566667,0.566667,0.2,0.208333,0.0,0.77941,1.36,1.329526
volkan,0.5,42,42-177,0.475,0.575,0.208333,0.783333,0.766667,0.0,0.016667,0.499208,0.04,0.393143
volkan,0.5,42,42-178,0.333333,0.533333,0.041667,0.575,0.575,0.0,0.175,0.426319,-0.48,0.480088
volkan,0.5,42,42-179,0.425,0.458333,0.366667,0.825,0.675,0.0,0.016667,0.539215,0.2,0.474994
volkan,0.5,42,42-180,0.4,0.1,0.633333,0.733333,0.4,0.15,0.0,0.734537,1.16,1.09413
volkan,0.5,42,42-181,0.441667,0.508333,0.208333,0.716667,0.7,0.0,0.091667,0.481165,-0.32,0.440144
volkan,0.5,42,42-182,0.083333,0.416667,0.0,0.416667,0.416667,0.0,0.375,0.357577,-0.36,0.641852
volkan,0.5,42,42-183,0.525,0.158333,0.666667,0.825,0.533333,0.025,0.0,0.691132,1.04,0.84712
volkan,0.5,42,42-184,0.508333,0.5,0.375,0.875,0.75,0.0,0.0,0.549762,0.36,0.46465
volkan,0.5,42,42-185,0.191667,0.016667,0.508333,0.525,0.191667,0.2,0.0,0.776604,1.52,1.314247
volkan,0.5,42,42-186,0.508333,0.5,0.25,0.75,0.741667,0.0,0.041667,0.49834,-0.32,0.407393
volkan,0.5,42,42-187,0.0,0.0,0.0,0.0,0.0,0.0,0.85,0.203273,-1.36,1.447624
volkan,0.5,42,42-188,0.0,0.0,0.0,0.0,0.0,0.0,0.925,0.187322,-1.44,1.552942
volkan,0.5,42,42-189,0.125,0.0,0.5,0.5,0.125,0.3,0.0,0.794516,1.64,1.433748
volkan,0.5,42,42-190,0.091667,0.0,0.466667,0.466667,0.091667,0.308333,0.0,0.801445,1.4,1.468031
volkan,0.5,42,42-191,0.241667,0.475,0.075,0.55,0.55,0.0,0.216667,0.409285,-0.8,0.530451
volkan,0.5,42,42-192,0.183333,0.4,0.0,0.4,0.4,0.0,0.325,0.371707,-0.4,0.613734
volkan,0.5,42,42-193,0.241667,0.075,0.533333,0.608333,0.241667,0.2,0.0,0.763468,1.64,1.251157
volkan,0.5,42,42-194,0.0,0.016667,0.0,0.016667,0.016667,0.0,0.783333,0.22124,-1.28,1.337002
volkan,0.5,42,42-195,0.0,0.1,0.0,0.1,0.1,0.0,0.625,0.270352,-1.6,1.051288
volkan,0.5,42,42-196,0.558333,0.458333,0.508333,0.966667,0.741667,0.0,0.0,0.605007,0.36,0.530628
volkan,0.5,42,42-197,0.15,0.416667,0.0,0.416667,0.416667,0.0,0.291667,0.370423,-0.68,0.604674
volkan,0.5,42,42-198,0.341667,0.466667,0.125,0.591667,0.591667,0.0,0.166667,0.44097,-0.2,0.4858
volkan,0.5,42,42-199,0.275,0.516667,0.041667,0.558333,0.558333,0.0,0.208333,0.414646,-0.48,0.496206
volkan,0.5,137,137-0,0.0,0.141667,0.0,0.141667,0.141667,0.0,0.575,0.28055,-0.92,0.997317
volkan,0.5,137,137-1,0.0,0.15,0.0,0.15,0.15,0.0,0.5,0.297438,-0.92,0.917181
volkan,0.5,137,137-2,0.033333,0.25,0.0,0.25,0.25,0.0,0.466667,0.313956,-1.12,0.847314
volkan,0.5,137,137-3,0.425,0.5,0.125,0.625,0.625,0.0,0.116667,0.457261,-0.32,0.440357
volkan,0.5,137,137-4,0.066667,0.258333,0.0,0.258333,0.258333,0.0,0.35,0.339895,-0.88,0.715706
volkan,0.5,137,137-5,0.0,0.033333,0.0,0.033333,0.033333,0.0,0.708333,0.250709,-1.52,1.154243
volkan,0.5,137,137-6,0.475,0.5,0.25,0.75,0.7,0.0,0.016667,0.503959,-0.08,0.421722
volkan,0.5,137,137-7,0.008333,0.241667,0.0,0.241667,0.241667,0.0,0.441667,0.314204,-0.68,0.828715
volkan,0.5,137,137-8,0.0,0.0,0.0,0.0,0.0,0.0,1.0,0.113956,-1.6,2.142421
volkan,0.5,137,137-9,0.025,0.0,0.308333,0.308333,0.025,0.466667,0.0,0.832864,1.68,1.676443
volkan,0.5,137,137-10,0.158333,0.0,0.541667,0.541667,0.158333,0.241667,0.0,0.784839,1.36,1.369178
volkan,0.5,137,137-11,0.0,0.025,0.0,0.025,0.025,0.0,0.741667,0.239535,-0.88,1.218443
volkan,0.5,137,137-12,0.15,0.416667,0.008333,0.425,0.425,0.0,0.325,0.365022,-0.4,0.635661
volkan,0.5,137,137-13,0.341667,0.441667,0.125,0.566667,0.566667,0.0,0.208333,0.431948,-0.28,0.512526
volkan,0.5,137,137-14,0.5,0.291667,0.525,0.816667,0.566667,0.058333,0.0,0.675339,0.92,0.802213
volkan,0.5,137,137-15,0.0,0.0,0.0,0.0,0.0,0.0,1.0,0.064374,-1.88,2.821463
volkan,0.5,137,137-16,0.0,0.116667,0.0,0.116667,0.116667,0.0,0.566667,0.277358,-0.92,1.017542
volkan,0.5,137,137-17,0.441667,0.525,0.191667,0.716667,0.675,0.0,0.041667,0.487493,0.04,0.430048
volkan,0.5,137,137-18,0.0,0.0,0.0,0.0,0.0,0.0,1.0,0.128101,-1.72,2.047037
volkan,0.5,137,137-19,0.016667,0.216667,0.0,0.216667,0.216667,0.0,0.491667,0.307966,-0.68,0.864456
volkan,0.5,137,137-20,0.166667,0.408333,0.016667,0.425,0.425,0.0,0.266667,0.378626,-0.44,0.581422
volkan,0.5,137,137-21,0.091667,0.366667,0.0,0.366667,0.366667,0.0,0.308333,0.362295,-0.64,0.613165
volkan,0.5,137,137-22,0.0,0.008333,0.0,0.008333,0.008333,0.0,0.758333,0.238222,-1.12,1.227355
volkan,0.5,137,137-23,0.55,0.233333,0.616667,0.85,0.583333,0.041667,0.0,0.676624,0.92,0.783507
volkan,0.5,137,137-24,0.066667,0.216667,0.0,0.216667,0.216667,0.0,0.433333,0.318457,-1.0,0.837483
volkan,0.5,137,137-25,0.5,0.4,0.533333,0.933333,0.675,0.0,0.0,0.631827,0.24,0.627307
volkan,0.5,137,137-26,0.183333,0.433333,0.0,0.433333,0.433333,0.0,0.266667,0.381244,-0.24,0.567968
volkan,0.5,137,137-27,0.491667,0.475,0.283333,0.758333,0.741667,0.0,0.033333,0.506785,-0.08,0.420512
volkan,0.5,137,137-28,0.083333,0.4,0.0,0.4,0.4,0.0,0.35,0.351416,-0.88,0.67366
volkan,0.5,137,137-29,0.475,0.233333,0.566667,0.8,0.491667,0.05,0.0,0.690748,0.44,0.856769
volkan,0.5,137,137-30,0.458333,0.491667,0.333333,0.825,0.725,0.0,0.0,0.53372,0.32,0.443202
volkan,0.5,137,137-31,0.0,0.05,0.0,0.05,0.05,0.0,0.691667,0.251451,-1.16,1.156354
volkan,0.5,137,137-32,0.591667,0.4,0.575,0.975,0.741667,0.0,0.0,0.620337,0.96,0.593642
volkan,0.5,137,137-33,0.0,0.0,0.0,0.0,0.0,0.916667,0.0,0.910666,1.8,2.418862
volkan,0.5,137,137-34,0.0,0.0,0.0,0.0,0.0,0.0,1.0,0.137622,-1.52,1.937464
volkan,0.5,137,137-35,0.283333,0.483333,0.075,0.558333,0.558333,0.0,0.191667,0.426887,-0.08,0.484417
volkan,0.5,137,137-36,0.408333,0.525,0.133333,0.658333,0.658333,0.0,0.066667,0.464542,0.16,0.41685
volkan,0.5,137,137-37,0.25,0.491667,0.058333,0.55,0.55,0.0,0.191667,0.414686,-0.44,0.498305
volkan,0.5,137,137-38,0.55,0.308333,0.566667,0.875,0.616667,0.041667,0.0,0.664975,1.0,0.741922
volkan,0.5,137,137-39,0.266667,0.491667,0.041667,0.533333,0.533333,0.0,0.241667,0.399457,-0.56,0.561875
volkan,0.5,137,137-40,0.508333,0.425,0.516667,0.941667,0.691667,0.0,0.0,0.622325,0.32,0.598472
volkan,0.5,137,137-41,0.55,0.433333,0.533333,0.966667,0.733333,0.0,0.0,0.607602,0.56,0.539586
volkan,0.5,137,137-42,0.0,0.033333,0.0,0.033333,0.033333,0.0,0.716667,0.245465,-1.04,1.181288
volkan,0.5,137,137-43,0.0,0.016667,0.0,0.016667,0.016667,0.0,0.808333,0.225967,-1.2,1.296787
volkan,0.5,137,137-44,0.108333,0.0,0.366667,0.366667,0.108333,0.4,0.0,0.816771,1.52,1.582655
volkan,0.5,137,137-45,0.258333,0.491667,0.033333,0.525,0.525,0.0,0.25,0.409848,-0.16,0.513365
volkan,0.5,137,137-46,0.491667,0.525,0.2,0.725,0.708333,0.0,0.016667,0.491236,-0.08,0.401118
volkan,0.5,137,137-47,0.175,0.0,0.575,0.575,0.175,0.133333,0.0,0.773875,1.44,1.278278
volkan,0.5,137,137-48,0.583333,0.55,0.441667,0.991667,0.791667,0.0,0.0,0.591376,0.76,0.468204
volkan,0.5,137,137-49,0.033333,0.258333,0.0,0.258333,0.258333,0.0,0.466667,0.31793,-0.72,0.81698
volkan,0.5,137,137-50,0.15,0.441667,0.0,0.441667,0.441667,0.0,0.291667,0.372148,-0.64,0.60879
volkan,0.5,137,137-51,0.458333,0.191667,0.583333,0.775,0.491667,0.091667,0.0,0.699026,1.12,0.917687
volkan,0.5,137,137-52,0.283333,0.058333,0.683333,0.741667,0.283333,0.116667,0.0,0.740712,1.24,1.103462
volkan,0.5,137,137-53,0.191667,0.516667,0.008333,0.525,0.525,0.0,0.216667,0.398718,-0.48,0.492084
volkan,0.5,137,137-54,0.366667,0.05,0.691667,0.741667,0.366667,0.091667,0.0,0.734658,1.16,1.069311
volkan,0.5,137,137-55,0.116667,0.341667,0.033333,0.375,0.375,0.0,0.366667,0.359297,-0.68,0.675627
volkan,0.5,137,137-56,0.441667,0.516667,0.225,0.741667,0.708333,0.0,0.033333,0.495042,0.2,0.42531
volkan,0.5,137,137-57,0.0,0.0,0.0,0.0,0.0,0.0,0.925,0.207215,-1.64,1.400238
volkan,0.5,137,137-58,0.208333,0.516667,0.016667,0.533333,0.533333,0.0,0.191667,0.4068,-0.4,0.477018
volkan,0.5,137,137-59,0.541667,0.55,0.383333,0.933333,0.791667,0.0,0.0,0.571678,0.56,0.45687
volkan,0.5,137,137-60,0.466667,0.466667,0.333333,0.8,0.708333,0.0,0.008333,0.530179,0.0,0.457157
volkan,0.5,137,137-61,0.55,0.483333,0.483333,0.966667,0.75,0.008333,0.0,0.613453,0.44,0.549227
volkan,0.5,137,137-62,0.008333,0.216667,0.0,0.216667,0.216667,0.0,0.516667,0.301312,-0.84,0.892382
volkan,0.5,137,137-63,0.225,0.516667,0.033333,0.55,0.55,0.0,0.191667,0.410509,-0.48,0.474482
volkan,0.5,137,137-64,0.316667,0.458333,0.083333,0.541667,0.541667,0.0,0.208333,0.423257,-0.4,0.524679
volkan,0.5,137,137-65,0.108333,0.0,0.483333,0.483333,0.108333,0.258333,0.0,0.799595,1.64,1.462742
volkan,0.5,137,137-66,0.0,0.0,0.0,0.0,0.0,0.0,0.875,0.207936,-1.16,1.409345
volkan,0.5,137,137-67,0.241667,0.441667,0.025,0.466667,0.466667,0.0,0.266667,0.387749,-0.64,0.579997
volkan,0.5,137,137-68,0.291667,0.491667,0.075,0.566667,0.566667,0.0,0.2,0.422199,-0.36,0.489185
volkan,0.5,137,137-69,0.0,0.0,0.0,0.0,0.0,1.0,0.0,0.941034,2.28,2.924124
volkan,0.5,137,137-70,0.508333,0.475,0.441667,0.916667,0.708333,0.008333,0.0,0.603071,0.76,0.555355
volkan,0.5,137,137-71,0.291667,0.5,0.091667,0.591667,0.591667,0.0,0.158333,0.430702,-0.28,0.454749
volkan,0.5,137,137-72,0.375,0.491667,0.15,0.641667,0.641667,0.0,0.116667,0.454801,-0.16,0.467989
volkan,0.5,137,137-73,0.0,0.0,0.0,0.0,0.0,0.0,0.95,0.158423,-1.56,1.77551
volkan,0.5,137,137-74,0.458333,0.483333,0.233333,0.716667,0.7,0.0,0.075,0.490342,-0.2,0.448373
volkan,0.5,137,137-75,0.366667,0.116667,0.633333,0.75,0.366667,0.116667,0.0,0.733937,1.32,1.078979
volkan,0.5,137,137-76,0.208333,0.508333,0.033333,0.541667,0.541667,0.0,0.2,0.407556,-0.6,0.487086
volkan,0.5,137,137-77,0.05,0.325,0.0,0.325,0.325,0.0,0.375,0.337738,-0.8,0.731581
volkan,0.5,137,137-78,0.141667,0.5,0.0,0.5,0.5,0.0,0.275,0.385239,-0.72,0.541675
volkan,0.5,137,137-79,0.533333,0.4,0.5,0.9,0.641667,0.058333,0.0,0.646758,0.8,0.690694
volkan,0.5,137,137-80,0.5,0.533333,0.383333,0.916667,0.75,0.0,0.0,0.589611,0.6,0.514593
volkan,0.5,137,137-81,0.4,0.141667,0.658333,0.8,0.441667,0.075,0.0,0.705663,1.16,0.933842
volkan,0.5,137,137-82,0.475,0.541667,0.208333,0.75,0.725,0.0,0.058333,0.493948,-0.2,0.430528
volkan,0.5,137,137-83,0.55,0.491667,0.441667,0.933333,0.766667,0.008333,0.0,0.610199,0.84,0.542857
volkan,0.5,137,137-84,0.0,0.091667,0.0,0.091667,0.091667,0.0,0.641667,0.268019,-1.16,1.060802
volkan,0.5,137,137-85,0.425,0.458333,0.275,0.733333,0.691667,0.0,0.108333,0.489854,0.16,0.48596
volkan,0.5,137,137-86,0.0,0.008333,0.0,0.008333,0.008333,0.0,0.808333,0.23444,-1.08,1.242532
volkan,0.5,137,137-87,0.025,0.183333,0.0,0.183333,0.183333,0.0,0.483333,0.307645,-0.8,0.86146
volkan,0.5,137,137-88,0.0,0.066667,0.0,0.066667,0.066667,0.0,0.566667,0.273938,-0.88,1.026283
volkan,0.5,137,137-89,0.283333,0.483333,0.083333,0.566667,0.566667,0.0,0.158333,0.424058,-0.28,0.495395
volkan,0.5,137,137-90,0.466667,0.166667,0.641667,0.808333,0.491667,0.066667,0.0,0.700137,0.92,0.904031
volkan,0.5,137,137-91,0.483333,0.55,0.325,0.875,0.791667,0.0,0.0,0.534754,0.36,0.399391
volkan,0.5,137,137-92,0.0,0.008333,0.0,0.008333,0.008333,0.0,0.783333,0.227236,-1.04,1.290364
volkan,0.5,137,137-93,0.491667,0.45,0.441667,0.891667,0.691667,0.0,0.0,0.59185,0.48,0.551468
volkan,0.5,137,137-94,0.0,0.0,0.175,0.175,0.0,0.633333,0.0,0.862452,1.84,1.920066
volkan,0.5,137,137-95,0.358333,0.075,0.666667,0.741667,0.358333,0.158333,0.0,0.736297,0.92,1.092063
volkan,0.5,137,137-96,0.558333,0.508333,0.475,0.983333,0.75,0.0,0.0,0.607011,0.8,0.536948
volkan,0.5,137,137-97,0.433333,0.133333,0.708333,0.841667,0.433333,0.041667,0.0,0.707367,1.32,0.920843
volkan,0.5,137,137-98,0.416667,0.15,0.583333,0.733333,0.416667,0.141667,0.0,0.721108,1.12,1.017788
volkan,0.5,137,137-99,0.516667,0.466667,0.416667,0.883333,0.791667,0.0,0.0,0.549479,-0.04,0.42956
volkan,0.5,137,137-100,0.158333,0.466667,0.0,0.466667,0.466667,0.0,0.258333,0.382291,-0.24,0.558846
volkan,0.5,137,137-101,0.0,0.0,0.25,0.25,0.0,0.575,0.0,0.851274,1.68,1.843187
volkan,0.5,137,137-102,0.483333,0.525,0.325,0.85,0.791667,0.0,0.0,0.5261,0.28,0.395692
volkan,0.5,137,137-103,0.333333,0.116667,0.633333,0.75,0.333333,0.091667,0.0,0.730991,1.08,1.05171
volkan,0.5,137,137-104,0.408333,0.491667,0.141667,0.633333,0.633333,0.0,0.141667,0.455608,-0.04,0.468201
volkan,0.5,137,137-105,0.0,0.0,0.191667,0.191667,0.0,0.583333,0.0,0.858655,1.8,1.897742
volkan,0.5,137,137-106,0.0,0.0,0.0,0.0,0.0,0.0,1.0,0.044856,-2.32,3.23769
volkan,0.5,137,137-107,0.208333,0.491667,0.008333,0.5,0.5,0.0,0.25,0.396901,-0.44,0.515042
volkan,0.5,137,137-108,0.0,0.0,0.0,0.0,0.0,0.0,1.0,0.046364,-2.24,3.202404
volkan,0.5,137,137-109,0.141667,0.0,0.466667,0.466667,0.141667,0.325,0.0,0.801409,1.36,1.481563
volkan,0.5,137,137-110,0.033333,0.25,0.0,0.25,0.25,0.0,0.383333,0.329202,-0.76,0.753925
volkan,0.5,137,137-111,0.383333,0.141667,0.591667,0.733333,0.383333,0.108333,0.0,0.726183,1.2,1.039771
volkan,0.5,137,137-112,0.15,0.408333,0.0,0.408333,0.408333,0.0,0.35,0.357364,-0.64,0.666028
volkan,0.5,137,137-113,0.033333,0.2,0.0,0.2,0.2,0.0,0.466667,0.315318,-0.76,0.824118
volkan,0.5,137,137-114,0.133333,0.375,0.0,0.375,0.375,0.0,0.325,0.366651,-0.6,0.627387
volkan,0.5,137,137-115,0.208333,0.516667,0.008333,0.525,0.525,0.0,0.241667,0.395427,-0.44,0.523547
volkan,0.5,137,137-116,0.408333,0.108333,0.658333,0.766667,0.408333,0.1,0.0,0.726559,1.0,1.027057
volkan,0.5,137,137-117,0.033333,0.158333,0.0,0.158333,0.158333,0.0,0.466667,0.309115,-0.8,0.852449
volkan,0.5,137,137-118,0.0,0.0,0.0,0.0,0.0,0.0,1.0,0.127043,-1.8,2.050512
volkan,0.5,137,137-119,0.191667,0.441667,0.0,0.441667,0.441667,0.0,0.275,0.386035,-0.44,0.57552
volkan,0.5,137,137-120,0.05,0.0,0.266667,0.266667,0.05,0.533333,0.0,0.83805,1.72,1.739282
volkan,0.5,137,137-121,0.0,0.0,0.166667,0.166667,0.0,0.625,0.0,0.866936,1.68,1.971688
volkan,0.5,137,137-122,0.491667,0.533333,0.208333,0.741667,0.741667,0.0,0.083333,0.488241,-0.32,0.4277
volkan,0.5,137,137-123,0.0,0.0,0.0,0.0,0.0,0.0,0.8,0.196446,-1.68,1.533884
volkan,0.5,137,137-124,0.0,0.0,0.0,0.0,0.0,0.0,0.966667,0.162898,-1.8,1.723029
volkan,0.5,137,137-125,0.433333,0.483333,0.2,0.683333,0.675,0.0,0.1,0.476276,-0.44,0.443233
volkan,0.5,137,137-126,0.441667,0.458333,0.283333,0.741667,0.683333,0.0,0.008333,0.503843,0.2,0.442344
volkan,0.5,137,137-127,0.0,0.116667,0.0,0.116667,0.116667,0.0,0.65,0.268766,-1.2,1.051974
volkan,0.5,137,137-128,0.283333,0.458333,0.041667,0.5,0.5,0.0,0.225,0.408684,-0.28,0.520311
volkan,0.5,137,137-129,0.558333,0.241667,0.633333,0.875,0.575,0.016667,0.0,0.677716,0.92,0.786535
volkan,0.5,137,137-130,0.333333,0.5,0.075,0.575,0.575,0.0,0.183333,0.424501,-0.8,0.489557
volkan,0.5,137,137-131,0.191667,0.5,0.0,0.5,0.5,0.0,0.241667,0.389343,-0.64,0.532654
volkan,0.5,137,137-132,0.533333,0.475,0.466667,0.941667,0.75,0.0,0.0,0.582062,0.08,0.490361
volkan,0.5,137,137-133,0.0,0.016667,0.0,0.016667,0.016667,0.0,0.816667,0.218646,-1.24,1.347752
volkan,0.5,137,137-134,0.458333,0.45,0.283333,0.733333,0.691667,0.0,0.05,0.499917,-0.12,0.4401
volkan,0.5,137,137-135,0.45,0.533333,0.275,0.808333,0.75,0.0,0.0,0.515355,0.32,0.409404
volkan,0.5,137,137-136,0.4,0.516667,0.116667,0.633333,0.633333,0.0,0.1,0.455753,-0.24,0.428807
volkan,0.5,137,137-137,0.191667,0.425,0.016667,0.441667,0.441667,0.0,0.291667,0.378571,-0.92,0.623252
volkan,0.5,137,137-138,0.458333,0.5,0.125,0.625,0.625,0.0,0.091667,0.459341,-0.16,0.413016
volkan,0.5,137,137-139,0.508333,0.2,0.633333,0.833333,0.533333,0.066667,0.0,0.691562,0.8,0.867984
volkan,0.5,137,137-140,0.0,0.0,0.0,0.0,0.0,0.0,1.0,0.077739,-2.0,2.604969
volkan,0.5,137,137-141,0.558333,0.333333,0.55,0.883333,0.6,0.058333,0.0,0.666425,0.76,0.742165
volkan,0.5,137,137-142,0.4,0.483333,0.15,0.633333,0.633333,0.0,0.116667,0.453932,-0.2,0.453272
volkan,0.5,137,137-143,0.083333,0.241667,0.0,0.241667,0.241667,0.0,0.416667,0.32283,-0.88,0.811413
volkan,0.5,137,137-144,0.433333,0.525,0.191667,0.716667,0.691667,0.0,0.008333,0.489702,0.28,0.41451
volkan,0.5,137,137-145,0.475,0.458333,0.458333,0.916667,0.7,0.0,0.0,0.58442,0.24,0.521177
volkan,0.5,137,137-146,0.55,0.291667,0.608333,0.9,0.633333,0.025,0.0,0.657046,0.92,0.712923
volkan,0.5,137,137-147,0.108333,0.4,0.0,0.4,0.4,0.0,0.316667,0.364335,-0.72,0.627849
volkan,0.5,137,137-148,0.0,0.15,0.0,0.15,0.15,0.0,0.533333,0.288994,-1.04,0.947441
volkan,0.5,137,137-149,0.425,0.525,0.15,0.675,0.675,0.0,0.108333,0.457942,-0.08,0.447954
volkan,0.5,137,137-150,0.0,0.033333,0.0,0.033333,0.033333,0.0,0.733333,0.238251,-1.4,1.233539
volkan,0.5,137,137-151,0.116667,0.0,0.5,0.5,0.116667,0.266667,0.0,0.795927,1.16,1.42853
volkan,0.5,137,137-152,0.0,0.0,0.0,0.0,0.0,1.0,0.0,0.966469,2.24,3.533661
volkan,0.5,137,137-153,0.0,0.066667,0.0,0.066667,0.066667,0.0,0.616667,0.269298,-1.12,1.051904
volkan,0.5,137,137-154,0.125,0.0,0.466667,0.466667,0.125,0.275,0.0,0.797994,1.08,1.445195
volkan,0.5,137,137-155,0.525,0.458333,0.491667,0.95,0.708333,0.0,0.0,0.612606,0.56,0.566245
volkan,0.5,137,137-156,0.358333,0.516667,0.1,0.616667,0.616667,0.0,0.108333,0.448251,-0.28,0.437439
volkan,0.5,137,137-157,0.6,0.3,0.591667,0.891667,0.658333,0.058333,0.0,0.661931,0.96,0.725158
volkan,0.5,137,137-158,0.533333,0.283333,0.558333,0.841667,0.575,0.041667,0.0,0.676667,0.84,0.794284
volkan,0.5,137,137-159,0.433333,0.45,0.341667,0.791667,0.641667,0.0,0.0,0.532761,0.16,0.4886
volkan,0.5,137,137-160,0.041667,0.241667,0.0,0.241667,0.241667,0.0,0.45,0.314192,-0.36,0.835545
volkan,0.5,137,137-161,0.433333,0.5,0.216667,0.716667,0.691667,0.0,0.075,0.484498,0.0,0.438821
volkan,0.5,137,137-162,0.0,0.0,0.0,0.0,0.0,0.0,0.741667,0.235199,-1.36,1.245904
volkan,0.5,137,137-163,0.516667,0.475,0.458333,0.933333,0.741667,0.016667,0.0,0.601094,0.56,0.541848
volkan,0.5,137,137-164,0.216667,0.591667,0.0,0.591667,0.591667,0.0,0.175,0.411363,-0.72,0.435896
volkan,0.5,137,137-165,0.491667,0.175,0.65,0.825,0.516667,0.058333,0.0,0.6937,0.72,0.866911
volkan,0.5,137,137-166,0.4,0.516667,0.216667,0.733333,0.716667,0.0,0.083333,0.481389,0.16,0.432384
volkan,0.5,137,137-167,0.283333,0.533333,0.066667,0.6,0.6,0.0,0.158333,0.428029,-0.8,0.460309
volkan,0.5,137,137-168,0.0,0.166667,0.0,0.166667,0.166667,0.0,0.575,0.284532,-0.92,0.9786
volkan,0.5,137,137-169,0.525,0.525,0.4,0.925,0.791667,0.0,0.0,0.56737,0.52,0.456569
volkan,0.5,137,137-170,0.466667,0.541667,0.266667,0.808333,0.766667,0.0,0.0,0.512929,0.2,0.406052
volkan,0.5,137,137-171,0.191667,0.475,0.0,0.475,0.475,0.0,0.266667,0.386942,-0.48,0.543273
volkan,0.5,137,137-172,0.383333,0.508333,0.125,0.633333,0.633333,0.0,0.108333,0.450229,-0.08,0.449072
volkan,0.5,137,137-173,0.608333,0.275,0.658333,0.933333,0.641667,0.016667,0.0,0.663718,0.88,0.716359
volkan,0.5,137,137-174,0.258333,0.483333,0.05,0.533333,0.533333,0.0,0.258333,0.400801,-0.48,0.55668
volkan,0.5,137,137-175,0.0,0.1,0.0,0.1,0.1,0.0,0.716667,0.253786,-1.24,1.143125
volkan,0.5,137,137-176,0.541667,0.475,0.458333,0.933333,0.725,0.0,0.0,0.618912,0.32,0.572553
volkan,0.5,137,137-177,0.508333,0.55,0.225,0.775,0.775,0.0,0.058333,0.495592,-0.2,0.422884
volkan,0.5,137,137-178,0.0,0.0,0.0,0.0,0.0,0.0,0.916667,0.197315,-1.28,1.481867
volkan,0.5,137,137-179,0.0,0.0,0.0,0.0,0.0,0.983333,0.0,0.923034,1.92,2.577679
volkan,0.5,137,137-180,0.108333,0.341667,0.0,0.341667,0.341667,0.0,0.383333,0.3473,-0.28,0.700487
volkan,0.5,137,137-181,0.316667,0.5,0.066667,0.566667,0.566667,0.0,0.166667,0.427856,-0.36,0.473732
volkan,0.5,137,137-182,0.0,0.0,0.0,0.0,0.0,0.0,0.983333,0.168359,-1.52,1.673969
volkan,0.5,137,137-183,0.258333,0.483333,0.033333,0.516667,0.516667,0.0,0.166667,0.415011,-0.24,0.489095
volkan,0.5,137,137-184,0.016667,0.208333,0.0,0.208333,0.208333,0.0,0.491667,0.307117,-1.12,0.87305
volkan,0.5,137,137-185,0.083333,0.283333,0.0,0.283333,0.283333,0.0,0.408333,0.332494,-0.88,0.754266
volkan,0.5,137,137-186,0.0,0.016667,0.0,0.016667,0.016667,0.0,0.808333,0.217067,-1.56,1.36595
volkan,0.5,137,137-187,0.166667,0.441667,0.0,0.441667,0.441667,0.0,0.316667,0.369181,-0.36,0.619705
volkan,0.5,137,137-188,0.041667,0.308333,0.0,0.308333,0.308333,0.0,0.375,0.338964,-0.64,0.710863
volkan,0.5,137,137-189,0.025,0.241667,0.0,0.241667,0.241667,0.0,0.45,0.309712,-0.96,0.864117
volkan,0.5,137,137-190,0.05,0.258333,0.0,0.258333,0.258333,0.0,0.383333,0.326613,-1.2,0.77192
volkan,0.5,137,137-191,0.0,0.0,0.0,0.0,0.0,0.0,0.875,0.201379,-1.56,1.471991
volkan,0.5,137,137-192,0.0,0.0,0.0,0.0,0.0,0.0,1.0,0.119045,-1.88,2.11054
volkan,0.5,137,137-193,0.033333,0.208333,0.0,0.208333,0.208333,0.0,0.425,0.320093,-0.72,0.793618
volkan,0.5,137,137-194,0.1,0.0,0.308333,0.308333,0.1,0.466667,0.0,0.826142,1.6,1.658493
volkan,0.5,137,137-195,0.516667,0.483333,0.416667,0.9,0.783333,0.0,0.0,0.561437,0.24,0.446071
volkan,0.5,137,137-196,0.1,0.325,0.0,0.325,0.325,0.0,0.366667,0.35011,-0.84,0.681426
volkan,0.5,137,137-197,0.0,0.0,0.0,0.0,0.0,0.0,0.833333,0.213181,-1.12,1.372925
volkan,0.5,137,137-198,0.291667,0.533333,0.05,0.583333,0.583333,0.0,0.2,0.421331,-0.52,0.471153
volkan,0.5,137,137-199,0.408333,0.483333,0.166667,0.65,0.641667,0.0,0.141667,0.459568,-0.52,0.463016
volkan,0.5,369,369-0,0.466667,0.55,0.283333,0.833333,0.766667,0.0,0.0,0.518041,0.44,0.416734
volkan,0.5,369,369-1,0.366667,0.466667,0.116667,0.583333,0.583333,0.0,0.133333,0.446678,0.12,0.466242
volkan,0.5,369,369-2,0.408333,0.158333,0.6,0.758333,0.408333,0.116667,0.0,0.720359,1.24,1.010517
volkan,0.5,369,369-3,0.008333,0.183333,0.0,0.183333,0.183333,0.0,0.458333,0.309128,-1.12,0.84784
volkan,0.5,369,369-4,0.458333,0.583333,0.216667,0.8,0.75,0.0,0.0,0.504978,0.08,0.419815
volkan,0.5,369,369-5,0.491667,0.458333,0.308333,0.766667,0.741667,0.0,0.033333,0.508285,0.0,0.42925
volkan,0.5,369,369-6,0.0,0.175,0.0,0.175,0.175,0.0,0.441667,0.305629,-1.16,0.867717
volkan,0.5,369,369-7,0.45,0.466667,0.275,0.741667,0.7,0.0,0.041667,0.501366,0.12,0.43809
volkan,0.5,369,369-8,0.408333,0.483333,0.158333,0.641667,0.641667,0.0,0.15,0.459004,-0.44,0.470666
volkan,0.5,369,369-9,0.025,0.0,0.333333,0.333333,0.025,0.433333,0.0,0.831981,1.72,1.69118
volkan,0.5,369,369-10,0.55,0.441667,0.508333,0.95,0.683333,0.0,0.0,0.627503,0.64,0.584328
volkan,0.5,369,369-11,0.0,0.0,0.0,0.0,0.0,0.0,1.0,0.038733,-2.32,3.407385
volkan,0.5,369,369-12,0.091667,0.358333,0.0,0.358333,0.358333,0.0,0.375,0.34696,-0.76,0.698865
volkan,0.5,369,369-13,0.408333,0.466667,0.233333,0.7,0.65,0.0,0.066667,0.485258,0.04,0.44927
volkan,0.5,369,369-14,0.0,0.0,0.0,0.0,0.0,0.0,1.0,0.05062,-1.84,3.047038
volkan,0.5,369,369-15,0.0,0.0,0.0,0.0,0.0,0.0,1.0,0.06475,-2.2,2.830382
volkan,0.5,369,369-16,0.466667,0.541667,0.216667,0.758333,0.75,0.0,0.025,0.492227,-0.04,0.405774
volkan,0.5,369,369-17,0.0,0.0,0.0,0.0,0.0,0.0,1.0,0.143772,-1.64,1.894804
volkan,0.5,369,369-18,0.275,0.05,0.616667,0.666667,0.275,0.141667,0.0,0.753397,1.44,1.181776
volkan,0.5,369,369-19,0.016667,0.225,0.0,0.225,0.225,0.0,0.416667,0.31793,-1.0,0.809429
volkan,0.5,369,369-20,0.283333,0.491667,0.058333,0.55,0.55,0.0,0.15,0.423663,-0.16,0.460181
volkan,0.5,369,369-21,0.533333,0.208333,0.641667,0.85,0.6,0.05,0.0,0.68177,0.88,0.824562
volkan,0.5,369,369-22,0.125,0.408333,0.0,0.408333,0.408333,0.0,0.316667,0.370651,-0.64,0.603147
volkan,0.5,369,369-23,0.533333,0.208333,0.641667,0.85,0.55,0.041667,0.0,0.68932,1.0,0.84284
volkan,0.5,369,369-24,0.075,0.425,0.0,0.425,0.425,0.0,0.325,0.355838,-0.76,0.641761
volkan,0.5,369,369-25,0.083333,0.375,0.0,0.375,0.375,0.0,0.366667,0.349844,-0.56,0.683602
volkan,0.5,369,369-26,0.516667,0.141667,0.683333,0.825,0.516667,0.016667,0.0,0.697432,0.72,0.875651
volkan,0.5,369,369-27,0.133333,0.425,0.0,0.425,0.425,0.0,0.341667,0.359532,-0.64,0.668297
volkan,0.5,369,369-28,0.0,0.041667,0.0,0.041667,0.041667,0.0,0.733333,0.250397,-1.16,1.155714
volkan,0.5,369,369-29,0.45,0.516667,0.216667,0.733333,0.716667,0.0,0.041667,0.492872,0.28,0.427652
volkan,0.5,369,369-30,0.516667,0.508333,0.425,0.933333,0.766667,0.0,0.0,0.571586,0.4,0.474658
volkan,0.5,369,369-31,0.316667,0.566667,0.05,0.616667,0.616667,0.0,0.125,0.431453,-0.56,0.437178
volkan,0.5,369,369-32,0.1,0.4,0.0,0.4,0.4,0.0,0.291667,0.35635,-0.72,0.647729
volkan,0.5,369,369-33,0.0,0.0,0.0,0.0,0.0,0.0,1.0,0.111999,-1.76,2.196712
volkan,0.5,369,369-34,0.05,0.308333,0.0,0.308333,0.308333,0.0,0.358333,0.339294,-0.72,0.712448
volkan,0.5,369,369-35,0.358333,0.466667,0.116667,0.583333,0.583333,0.0,0.158333,0.43504,-0.16,0.474566
volkan,0.5,369,369-36,0.033333,0.3,0.0,0.3,0.3,0.0,0.383333,0.336045,-0.88,0.722392
volkan,0.5,369,369-37,0.5,0.483333,0.408333,0.891667,0.691667,0.0,0.0,0.587817,0.64,0.525937
volkan,0.5,369,369-38,0.375,0.5,0.116667,0.616667,0.616667,0.0,0.116667,0.451584,-0.24,0.443759
volkan,0.5,369,369-39,0.508333,0.541667,0.341667,0.883333,0.766667,0.0,0.0,0.548125,0.52,0.435831
volkan,0.5,369,369-40,0.541667,0.483333,0.45,0.933333,0.75,0.0,0.0,0.580336,-0.04,0.494897
volkan,0.5,369,369-41,0.041667,0.241667,0.0,0.241667,0.241667,0.0,0.466667,0.316226,-0.68,0.826362
volkan,0.5,369,369-42,0.083333,0.241667,0.0,0.241667,0.241667,0.0,0.416667,0.326416,-1.0,0.796859
volkan,0.5,369,369-43,0.0,0.0,0.0,0.0,0.0,0.0,0.741667,0.227629,-1.52,1.293973
volkan,0.5,369,369-44,0.066667,0.225,0.0,0.225,0.225,0.0,0.525,0.307464,-1.08,0.877441
volkan,0.5,369,369-45,0.358333,0.6,0.033333,0.633333,0.633333,0.0,0.108333,0.440956,-0.56,0.40936
volkan,0.5,369,369-46,0.475,0.45,0.441667,0.891667,0.725,0.0,0.0,0.558578,-0.08,0.474118
volkan,0.5,369,369-47,0.0,0.116667,0.0,0.116667,0.116667,0.0,0.583333,0.27103,-1.2,1.05349
volkan,0.5,369,369-48,0.408333,0.516667,0.15,0.666667,0.666667,0.0,0.091667,0.461447,-0.2,0.424374
volkan,0.5,369,369-49,0.0,0.0,0.0,0.0,0.0,0.0,0.991667,0.172713,-1.68,1.632187
volkan,0.5,369,369-50,0.0,0.0,0.0,0.0,0.0,0.0,0.841667,0.217282,-1.48,1.373154
volkan,0.5,369,369-51,0.433333,0.458333,0.308333,0.766667,0.666667,0.0,0.016667,0.515227,0.32,0.462679
volkan,0.5,369,369-52,0.275,0.033333,0.641667,0.675,0.275,0.116667,0.0,0.755254,1.64,1.188803
volkan,0.5,369,369-53,0.5,0.491667,0.45,0.941667,0.75,0.0,0.0,0.596395,0.24,0.524127
volkan,0.5,369,369-54,0.016667,0.216667,0.0,0.216667,0.216667,0.0,0.516667,0.306801,-0.96,0.869101
volkan,0.5,369,369-55,0.558333,0.375,0.525,0.9,0.641667,0.025,0.0,0.65217,0.64,0.682741
volkan,0.5,369,369-56,0.491667,0.458333,0.275,0.733333,0.733333,0.0,0.041667,0.498359,-0.28,0.429414
volkan,0.5,369,369-57,0.033333,0.208333,0.0,0.208333,0.208333,0.0,0.383333,0.326203,-1.12,0.767532
volkan,0.5,369,369-58,0.0,0.075,0.0,0.075,0.075,0.0,0.733333,0.236947,-1.72,1.238671
volkan,0.5,369,369-59,0.45,0.45,0.258333,0.708333,0.691667,0.0,0.05,0.488953,-0.04,0.424896
volkan,0.5,369,369-60,0.141667,0.441667,0.0,0.441667,0.441667,0.0,0.316667,0.369248,-0.36,0.611411
volkan,0.5,369,369-61,0.0,0.0,0.0,0.0,0.0,0.0,1.0,0.1328,-1.64,1.970058
volkan,0.5,369,369-62,0.516667,0.566667,0.191667,0.758333,0.758333,0.0,0.016667,0.49048,-0.28,0.383882
volkan,0.5,369,369-63,0.0,0.0,0.0,0.0,0.0,0.0,0.991667,0.151225,-1.84,1.855531
volkan,0.5,369,369-64,0.016667,0.275,0.0,0.275,0.275,0.0,0.45,0.329094,-0.56,0.757127
volkan,0.5,369,369-65,0.55,0.4,0.55,0.95,0.658333,0.0,0.0,0.638284,0.4,0.62686
volkan,0.5,369,369-66,0.0,0.133333,0.0,0.133333,0.133333,0.0,0.658333,0.25337,-1.36,1.161946
volkan,0.5,369,369-67,0.491667,0.208333,0.633333,0.841667,0.525,0.033333,0.0,0.688517,0.68,0.843854
volkan,0.5,369,369-68,0.558333,0.483333,0.483333,0.966667,0.775,0.0,0.0,0.590171,0.28,0.495756
volkan,0.5,369,369-69,0.0,0.0,0.0,0.0,0.0,0.0,0.841667,0.204529,-1.4,1.445214
volkan,0.5,369,369-70,0.441667,0.141667,0.658333,0.8,0.458333,0.041667,0.0,0.706364,0.84,0.924294
volkan,0.5,369,369-71,0.058333,0.358333,0.0,0.358333,0.358333,0.0,0.35,0.348463,-0.6,0.670566
volkan,0.5,369,369-72,0.033333,0.216667,0.0,0.216667,0.216667,0.0,0.508333,0.303711,-0.84,0.889203
volkan,0.5,369,369-73,0.475,0.466667,0.4,0.866667,0.716667,0.0,0.0,0.557398,0.16,0.47868
volkan,0.5,369,369-74,0.183333,0.025,0.591667,0.616667,0.183333,0.175,0.0,0.770239,1.28,1.268674
volkan,0.5,369,369-75,0.591667,0.608333,0.375,0.983333,0.841667,0.0,0.0,0.576133,0.84,0.419928
volkan,0.5,369,369-76,0.4,0.441667,0.233333,0.675,0.65,0.0,0.1,0.479919,-0.04,0.466531
volkan,0.5,369,369-77,0.483333,0.475,0.416667,0.891667,0.725,0.0,0.0,0.564117,0.4,0.475135
volkan,0.5,369,369-78,0.541667,0.416667,0.491667,0.908333,0.691667,0.008333,0.0,0.633358,0.68,0.617507
volkan,0.5,369,369-79,0.0,0.0,0.133333,0.133333,0.0,0.616667,0.0,0.865074,1.8,1.942899
volkan,0.5,369,369-80,0.541667,0.5,0.45,0.95,0.766667,0.0,0.0,0.586172,0.28,0.500009
volkan,0.5,369,369-81,0.425,0.508333,0.175,0.683333,0.675,0.0,0.091667,0.47039,-0.24,0.435582
volkan,0.5,369,369-82,0.441667,0.116667,0.658333,0.775,0.45,0.066667,0.0,0.715674,0.84,0.972803
volkan,0.5,369,369-83,0.008333,0.233333,0.0,0.233333,0.233333,0.0,0.475,0.302883,-1.16,0.9049
volkan,0.5,369,369-84,0.475,0.158333,0.683333,0.841667,0.475,0.033333,0.0,0.702711,1.08,0.900017
volkan,0.5,369,369-85,0.0,0.0,0.183333,0.183333,0.0,0.583333,0.0,0.853613,1.88,1.849843
volkan,0.5,369,369-86,0.0,0.15,0.0,0.15,0.15,0.0,0.583333,0.286345,-0.96,0.970119
volkan,0.5,369,369-87,0.625,0.475,0.508333,0.983333,0.75,0.0,0.0,0.619022,0.84,0.539623
volkan,0.5,369,369-88,0.583333,0.366667,0.583333,0.95,0.675,0.008333,0.0,0.639678,0.84,0.62322
volkan,0.5,369,369-89,0.0,0.0,0.0,0.0,0.0,0.0,0.841667,0.222757,-1.36,1.304832
volkan,0.5,369,369-90,0.0,0.0,0.0,0.0,0.0,0.0,1.0,0.104354,-1.92,2.256492
volkan,0.5,369,369-91,0.0,0.0,0.0,0.0,0.0,1.0,0.0,0.925605,2.08,2.640089
volkan,0.5,369,369-92,0.0,0.0,0.0,0.0,0.0,0.0,1.0,0.102601,-1.76,2.304219
volkan,0.5,369,369-93,0.233333,0.058333,0.666667,0.725,0.233333,0.091667,0.0,0.754411,1.4,1.16921
volkan,0.5,369,369-94,0.033333,0.0,0.5,0.5,0.033333,0.266667,0.0,0.80673,1.2,1.485422
volkan,0.5,369,369-95,0.0,0.025,0.0,0.025,0.025,0.0,0.766667,0.232779,-1.48,1.260823
volkan,0.5,369,369-96,0.141667,0.35,0.0,0.35,0.35,0.0,0.366667,0.351669,-0.36,0.687725
volkan,0.5,369,369-97,0.0,0.0,0.0,0.0,0.0,0.0,1.0,0.126746,-1.96,2.041463
volkan,0.5,369,369-98,0.058333,0.283333,0.0,0.283333,0.283333,0.0,0.458333,0.3202,-1.24,0.832135
volkan,0.5,369,369-99,0.0,0.0,0.0,0.0,0.0,0.0,1.0,0.064602,-2.08,2.814003
volkan,0.5,369,369-100,0.0,0.0,0.066667,0.066667,0.0,0.75,0.0,0.89325,2.04,2.231823
volkan,0.5,369,369-101,0.0,0.158333,0.0,0.158333,0.158333,0.0,0.558333,0.288339,-1.12,0.9589
volkan,0.5,369,369-102,0.108333,0.366667,0.0,0.366667,0.366667,0.0,0.383333,0.350789,-0.84,0.692704
volkan,0.5,369,369-103,0.0,0.0,0.0,0.0,0.0,0.0,1.0,0.105713,-2.04,2.266524
volkan,0.5,369,369-104,0.608333,0.408333,0.5,0.908333,0.683333,0.008333,0.0,0.639414,0.88,0.626059
volkan,0.5,369,369-105,0.483333,0.483333,0.291667,0.775,0.733333,0.0,0.016667,0.511432,0.12,0.422122
volkan,0.5,369,369-106,0.508333,0.233333,0.583333,0.816667,0.541667,0.041667,0.0,0.686494,0.64,0.83945
volkan,0.5,369,369-107,0.45,0.508333,0.225,0.733333,0.716667,0.0,0.066667,0.484125,-0.28,0.438888
volkan,0.5,369,369-108,0.233333,0.466667,0.033333,0.5,0.5,0.0,0.241667,0.398478,-0.6,0.537026
volkan,0.5,369,369-109,0.308333,0.491667,0.066667,0.558333,0.558333,0.0,0.208333,0.421851,-0.12,0.492106
volkan,0.5,369,369-110,0.075,0.0,0.35,0.35,0.075,0.391667,0.0,0.820131,1.48,1.608835
volkan,0.5,369,369-111,0.491667,0.483333,0.4,0.883333,0.741667,0.0,0.0,0.563047,0.24,0.46943
volkan,0.5,369,369-112,0.0,0.033333,0.0,0.033333,0.033333,0.0,0.708333,0.249116,-1.04,1.159736
volkan,0.5,369,369-113,0.466667,0.516667,0.308333,0.825,0.75,0.0,0.0,0.527691,0.16,0.424967
volkan,0.5,369,369-114,0.441667,0.475,0.275,0.75,0.7,0.0,0.066667,0.499902,0.04,0.453169
volkan,0.5,369,369-115,0.025,0.2,0.0,0.2,0.2,0.0,0.441667,0.309971,-0.92,0.846482
volkan,0.5,369,369-116,0.341667,0.483333,0.116667,0.6,0.6,0.0,0.133333,0.438989,0.0,0.459891
volkan,0.5,369,369-117,0.0,0.058333,0.0,0.058333,0.058333,0.0,0.658333,0.250785,-1.44,1.166066
volkan,0.5,369,369-118,0.541667,0.333333,0.525,0.858333,0.583333,0.05,0.0,0.66662,0.88,0.74893
volkan,0.5,369,369-119,0.525,0.425,0.483333,0.908333,0.675,0.025,0.0,0.63407,0.4,0.630277
volkan,0.5,369,369-120,0.0,0.0,0.0,0.0,0.0,0.0,0.991667,0.170204,-1.6,1.646141
volkan,0.5,369,369-121,0.0,0.0,0.0,0.0,0.0,0.0,0.925,0.181823,-1.68,1.572887
volkan,0.5,369,369-122,0.566667,0.341667,0.533333,0.875,0.6,0.041667,0.0,0.664276,0.84,0.729109
volkan,0.5,369,369-123,0.35,0.058333,0.641667,0.7,0.35,0.125,0.0,0.741952,1.16,1.115628
volkan,0.5,369,369-124,0.0,0.0,0.0,0.0,0.0,0.0,1.0,0.101711,-1.76,2.288243
volkan,0.5,369,369-125,0.508333,0.233333,0.625,0.858333,0.525,0.041667,0.0,0.685488,1.16,0.824837
volkan,0.5,369,369-126,0.541667,0.491667,0.483333,0.975,0.733333,0.0,0.0,0.609234,0.36,0.530527
volkan,0.5,369,369-127,0.408333,0.1,0.566667,0.666667,0.408333,0.15,0.0,0.736162,1.08,1.10336
volkan,0.5,369,369-128,0.533333,0.491667,0.366667,0.858333,0.758333,0.0,0.0,0.547355,0.16,0.434894
volkan,0.5,369,369-129,0.041667,0.0,0.325,0.325,0.041667,0.5,0.0,0.837948,1.84,1.73814
volkan,0.5,369,369-130,0.5,0.425,0.533333,0.958333,0.708333,0.008333,0.0,0.618177,0.68,0.602683
volkan,0.5,369,369-131,0.533333,0.508333,0.425,0.933333,0.775,0.0,0.0,0.575431,0.24,0.473407
volkan,0.5,369,369-132,0.583333,0.541667,0.391667,0.933333,0.816667,0.0,0.0,0.558468,0.28,0.422154
volkan,0.5,369,369-133,0.0,0.0,0.0,0.0,0.0,0.0,0.958333,0.158763,-1.64,1.772872
volkan,0.5,369,369-134,0.45,0.491667,0.266667,0.758333,0.7,0.0,0.033333,0.50406,0.48,0.449702
volkan,0.5,369,369-135,0.0,0.0,0.166667,0.166667,0.0,0.658333,0.0,0.869163,1.84,2.008681
volkan,0.5,369,369-136,0.216667,0.041667,0.591667,0.633333,0.216667,0.141667,0.0,0.76362,1.48,1.231325
volkan,0.5,369,369-137,0.033333,0.233333,0.0,0.233333,0.233333,0.0,0.541667,0.295824,-1.04,0.933086
volkan,0.5,369,369-138,0.525,0.208333,0.65,0.858333,0.558333,0.033333,0.0,0.681278,1.08,0.809351
volkan,0.5,369,369-139,0.491667,0.525,0.366667,0.891667,0.75,0.0,0.0,0.554447,0.4,0.467373
volkan,0.5,369,369-140,0.0,0.0,0.0,0.0,0.0,0.0,0.941667,0.164011,-1.56,1.729877
volkan,0.5,369,369-141,0.05,0.341667,0.0,0.341667,0.341667,0.0,0.358333,0.342815,-0.56,0.696758
volkan,0.5,369,369-142,0.0,0.0,0.0,0.0,0.0,0.0,1.0,0.130684,-2.0,2.005064
volkan,0.5,369,369-143,0.558333,0.275,0.591667,0.866667,0.616667,0.016667,0.0,0.67068,0.72,0.761276
volkan,0.5,369,369-144,0.158333,0.475,0.008333,0.483333,0.483333,0.0,0.266667,0.389587,-0.48,0.523781
volkan,0.5,369,369-145,0.0,0.0,0.0,0.0,0.0,0.0,0.816667,0.214404,-1.52,1.370368
volkan,0.5,369,369-146,0.508333,0.483333,0.358333,0.841667,0.708333,0.0,0.0,0.545831,0.4,0.463714
volkan,0.5,369,369-147,0.466667,0.558333,0.175,0.733333,0.733333,0.0,0.066667,0.47624,-0.36,0.407344
volkan,0.5,369,369-148,0.016667,0.183333,0.0,0.183333,0.183333,0.0,0.566667,0.292133,-1.28,0.944883
volkan,0.5,369,369-149,0.516667,0.2,0.641667,0.841667,0.575,0.025,0.0,0.685129,0.84,0.83086
volkan,0.5,369,369-150,0.508333,0.466667,0.441667,0.908333,0.741667,0.0,0.0,0.571331,0.2,0.476927
volkan,0.5,369,369-151,0.158333,0.466667,0.008333,0.475,0.475,0.0,0.266667,0.385564,-0.64,0.549575
volkan,0.5,369,369-152,0.433333,0.558333,0.175,0.733333,0.725,0.0,0.066667,0.481775,-0.08,0.417464
volkan,0.5,369,369-153,0.425,0.158333,0.616667,0.775,0.425,0.141667,0.0,0.717709,0.96,0.998617
volkan,0.5,369,369-154,0.0,0.0,0.0,0.0,0.0,0.0,1.0,0.089131,-1.88,2.427491
volkan,0.5,369,369-155,0.383333,0.066667,0.65,0.716667,0.383333,0.133333,0.0,0.738212,1.36,1.101389
volkan,0.5,369,369-156,0.0,0.075,0.0,0.075,0.075,0.0,0.708333,0.256114,-1.48,1.127623
volkan,0.5,369,369-157,0.108333,0.433333,0.0,0.433333,0.433333,0.0,0.308333,0.368058,-0.76,0.606539
volkan,0.5,369,369-158,0.566667,0.366667,0.575,0.941667,0.641667,0.0,0.0,0.648017,0.48,0.648133
volkan,0.5,369,369-159,0.183333,0.475,0.0,0.475,0.475,0.0,0.266667,0.384151,-0.52,0.550261
volkan,0.5,369,369-160,0.208333,0.016667,0.575,0.591667,0.208333,0.15,0.0,0.765316,1.4,1.237387
volkan,0.5,369,369-161,0.0,0.15,0.0,0.15,0.15,0.0,0.591667,0.278935,-1.0,1.011917
volkan,0.5,369,369-162,0.233333,0.491667,0.025,0.516667,0.516667,0.0,0.233333,0.399876,-0.56,0.510565
volkan,0.5,369,369-163,0.0,0.0,0.0,0.0,0.0,0.0,1.0,0.056492,-2.12,2.978161
volkan,0.5,369,369-164,0.45,0.133333,0.633333,0.766667,0.45,0.075,0.0,0.717348,0.84,0.990283
volkan,0.5,369,369-165,0.0,0.025,0.0,0.025,0.025,0.0,0.816667,0.214462,-1.4,1.378713
volkan,0.5,369,369-166,0.166667,0.0,0.441667,0.441667,0.166667,0.258333,0.0,0.793442,1.48,1.434494
volkan,0.5,369,369-167,0.475,0.425,0.491667,0.916667,0.675,0.0,0.0,0.616571,0.48,0.597761
volkan,0.5,369,369-168,0.366667,0.058333,0.641667,0.7,0.366667,0.133333,0.0,0.74542,1.36,1.145259
volkan,0.5,369,369-169,0.066667,0.341667,0.0,0.341667,0.341667,0.0,0.375,0.344117,-0.72,0.703897
volkan,0.5,369,369-170,0.475,0.45,0.425,0.875,0.666667,0.0,0.0,0.579783,0.08,0.54092
volkan,0.5,369,369-171,0.108333,0.375,0.0,0.375,0.375,0.0,0.325,0.356966,-0.8,0.656812
volkan,0.5,369,369-172,0.358333,0.483333,0.091667,0.575,0.575,0.0,0.125,0.438778,-0.16,0.446074
volkan,0.5,369,369-173,0.408333,0.541667,0.108333,0.65,0.65,0.0,0.108333,0.45387,-0.6,0.438709
volkan,0.5,369,369-174,0.441667,0.433333,0.291667,0.725,0.641667,0.0,0.091667,0.506302,0.36,0.491276
volkan,0.5,369,369-175,0.05,0.291667,0.0,0.291667,0.291667,0.0,0.383333,0.33698,-0.84,0.722685
volkan,0.5,369,369-176,0.483333,0.45,0.375,0.825,0.683333,0.0,0.0,0.546389,-0.04,0.483513
volkan,0.5,369,369-177,0.458333,0.216667,0.608333,0.825,0.508333,0.058333,0.0,0.688524,0.8,0.849579
volkan,0.5,369,369-178,0.1,0.275,0.0,0.275,0.275,0.0,0.408333,0.328558,-1.16,0.777513
volkan,0.5,369,369-179,0.0,0.0,0.0,0.0,0.0,0.0,0.925,0.180547,-1.28,1.607644
volkan,0.5,369,369-180,0.458333,0.525,0.225,0.75,0.75,0.0,0.016667,0.494556,0.16,0.412605
volkan,0.5,369,369-181,0.466667,0.516667,0.266667,0.783333,0.725,0.0,0.016667,0.51296,0.24,0.424078
volkan,0.5,369,369-182,0.483333,0.466667,0.433333,0.9,0.7,0.0,0.0,0.575356,0.16,0.502472
volkan,0.5,369,369-183,0.375,0.483333,0.15,0.633333,0.6,0.0,0.108333,0.463541,-0.04,0.464573
volkan,0.5,369,369-184,0.308333,0.5,0.075,0.575,0.575,0.0,0.183333,0.42237,-0.52,0.517344
volkan,0.5,369,369-185,0.0,0.0,0.0,0.0,0.0,0.0,0.975,0.173508,-1.76,1.633966
volkan,0.5,369,369-186,0.041667,0.325,0.0,0.325,0.325,0.0,0.4,0.338302,-0.84,0.717193
volkan,0.5,369,369-187,0.241667,0.5,0.041667,0.541667,0.541667,0.0,0.233333,0.405533,-0.4,0.534151
volkan,0.5,369,369-188,0.0,0.116667,0.0,0.116667,0.116667,0.0,0.583333,0.27506,-1.04,1.027452
volkan,0.5,369,369-189,0.433333,0.491667,0.166667,0.658333,0.65,0.0,0.058333,0.471428,0.04,0.423932
volkan,0.5,369,369-190,0.483333,0.441667,0.383333,0.825,0.683333,0.0,0.0,0.551304,0.36,0.488231
volkan,0.5,369,369-191,0.425,0.483333,0.191667,0.675,0.65,0.0,0.05,0.480171,0.2,0.43469
volkan,0.5,369,369-192,0.141667,0.425,0.0,0.425,0.425,0.0,0.308333,0.368707,-0.52,0.61152
volkan,0.5,369,369-193,0.458333,0.458333,0.191667,0.65,0.65,0.0,0.158333,0.460038,-0.4,0.489161
volkan,0.5,369,369-194,0.475,0.516667,0.35,0.866667,0.733333,0.0,0.0,0.548946,0.44,0.441559
volkan,0.5,369,369-195,0.0,0.0,0.0,0.0,0.0,0.0,1.0,0.05073,-2.16,3.095126
volkan,0.5,369,369-196,0.091667,0.366667,0.0,0.366667,0.366667,0.0,0.341667,0.362387,-0.44,0.619292
volkan,0.5,369,369-197,0.0,0.0,0.0,0.0,0.0,0.0,1.0,0.141044,-2.08,1.936518
volkan,0.5,369,369-198,0.508333,0.525,0.375,0.9,0.766667,0.0,0.0,0.55487,0.56,0.442227
volkan,0.5,369,369-199,0.0,0.0,0.0,0.0,0.0,0.0,1.0,0.101243,-1.64,2.276894
volkan,0.5,1024,1024-0,0.091667,0.375,0.0,0.375,0.375,0.0,0.325,0.353929,-0.72,0.662204
volkan,0.5,1024,1024-1,0.308333,0.533333,0.041667,0.575,0.575,0.0,0.116667,0.429125,-0.48,0.430786
volkan,0.5,1024,1024-2,0.0,0.0,0.075,0.075,0.0,0.791667,0.0,0.888895,1.96,2.177004
volkan,0.5,1024,1024-3,0.441667,0.525,0.141667,0.666667,0.666667,0.0,0.075,0.467127,-0.2,0.4201
volkan,0.5,1024,1024-4,0.216667,0.066667,0.491667,0.558333,0.216667,0.191667,0.0,0.770917,1.16,1.285224
volkan,0.5,1024,1024-5,0.55,0.433333,0.441667,0.875,0.741667,0.0,0.0,0.560747,-0.16,0.482198
volkan,0.5,1024,1024-6,0.266667,0.508333,0.041667,0.55,0.55,0.0,0.208333,0.411776,-0.48,0.504579
volkan,0.5,1024,1024-7,0.041667,0.158333,0.0,0.158333,0.158333,0.0,0.475,0.302112,-1.08,0.900166
volkan,0.5,1024,1024-8,0.175,0.483333,0.0,0.483333,0.483333,0.0,0.258333,0.380443,-0.44,0.56003
volkan,0.5,1024,1024-9,0.525,0.466667,0.416667,0.883333,0.75,0.0,0.008333,0.558385,-0.2,0.468326
volkan,0.5,1024,1024-10,0.0,0.0,0.0,0.0,0.0,0.0,0.941667,0.178115,-1.48,1.616349
volkan,0.5,1024,1024-11,0.183333,0.416667,0.008333,0.425,0.425,0.0,0.316667,0.375208,-0.28,0.62241
volkan,0.5,1024,1024-12,0.166667,0.0,0.533333,0.533333,0.166667,0.191667,0.0,0.782265,1.48,1.354697
volkan,0.5,1024,1024-13,0.541667,0.441667,0.475,0.916667,0.691667,0.016667,0.0,0.628167,0.48,0.607714
volkan,0.5,1024,1024-14,0.491667,0.525,0.233333,0.758333,0.708333,0.0,0.016667,0.505177,-0.12,0.430806
volkan,0.5,1024,1024-15,0.175,0.391667,0.0,0.391667,0.391667,0.0,0.316667,0.374504,-0.48,0.615076
volkan,0.5,1024,1024-16,0.0,0.108333,0.0,0.108333,0.108333,0.0,0.608333,0.267733,-0.72,1.070297
volkan,0.5,1024,1024-17,0.025,0.0,0.241667,0.241667,0.025,0.575,0.0,0.851503,1.64,1.854408
volkan,0.5,1024,1024-18,0.516667,0.533333,0.4,0.933333,0.783333,0.0,0.0,0.578098,0.4,0.477755
volkan,0.5,1024,1024-19,0.0,0.041667,0.0,0.041667,0.041667,0.0,0.741667,0.244639,-1.32,1.190881
volkan,0.5,1024,1024-20,0.0,0.083333,0.0,0.083333,0.083333,0.0,0.558333,0.2836,-0.84,0.972412
volkan,0.5,1024,1024-21,0.058333,0.358333,0.0,0.358333,0.358333,0.0,0.358333,0.345615,-0.88,0.686353
volkan,0.5,1024,1024-22,0.108333,0.425,0.0,0.425,0.425,0.0,0.291667,0.366804,-0.6,0.594293
volkan,0.5,1024,1024-23,0.475,0.483333,0.466667,0.95,0.733333,0.0,0.0,0.588023,0.6,0.508175
volkan,0.5,1024,1024-24,0.433333,0.175,0.558333,0.733333,0.441667,0.108333,0.0,0.715306,1.24,0.986966
volkan,0.5,1024,1024-25,0.258333,0.491667,0.058333,0.55,0.55,0.0,0.2,0.411638,-0.4,0.512237
volkan,0.5,1024,1024-26,0.491667,0.216667,0.6,0.816667,0.491667,0.058333,0.0,0.694997,1.08,0.876679
volkan,0.5,1024,1024-27,0.0,0.0,0.0,0.0,0.0,0.0,0.858333,0.207299,-1.44,1.419135
volkan,0.5,1024,1024-28,0.483333,0.525,0.4,0.925,0.758333,0.0,0.0,0.56472,0.64,0.451336
volkan,0.5,1024,1024-29,0.533333,0.483333,0.475,0.958333,0.766667,0.0,0.0,0.598291,0.68,0.511445
volkan,0.5,1024,1024-30,0.441667,0.158333,0.641667,0.8,0.441667,0.091667,0.0,0.712737,1.28,0.967151
volkan,0.5,1024,1024-31,0.475,0.283333,0.533333,0.816667,0.566667,0.058333,0.0,0.673025,1.04,0.790341
volkan,0.5,1024,1024-32,0.541667,0.3,0.591667,0.891667,0.608333,0.025,0.0,0.661764,1.36,0.725069
volkan,0.5,1024,1024-33,0.0,0.0,0.0,0.0,0.0,0.0,1.0,0.11326,-2.04,2.176541
volkan,0.5,1024,1024-34,0.066667,0.275,0.0,0.275,0.275,0.0,0.375,0.333313,-0.76,0.754346
volkan,0.5,1024,1024-35,0.0,0.0,0.0,0.0,0.0,0.0,1.0,0.155,-1.64,1.777889
volkan,0.5,1024,1024-36,0.241667,0.433333,0.016667,0.45,0.45,0.0,0.241667,0.393865,-0.6,0.558171
volkan,0.5,1024,1024-37,0.0,0.0,0.0,0.0,0.0,0.0,1.0,0.117349,-2.08,2.155852
volkan,0.5,1024,1024-38,0.55,0.35,0.583333,0.933333,0.675,0.008333,0.0,0.648902,0.64,0.673947
volkan,0.5,1024,1024-39,0.125,0.458333,0.016667,0.475,0.475,0.0,0.258333,0.376388,-0.88,0.577521
volkan,0.5,1024,1024-40,0.591667,0.283333,0.6,0.883333,0.633333,0.025,0.0,0.66747,0.8,0.750509
volkan,0.5,1024,1024-41,0.008333,0.25,0.0,0.25,0.25,0.0,0.466667,0.314704,-0.88,0.820369
volkan,0.5,1024,1024-42,0.325,0.491667,0.066667,0.558333,0.558333,0.0,0.175,0.428065,-0.32,0.482883
volkan,0.5,1024,1024-43,0.6,0.408333,0.55,0.958333,0.675,0.008333,0.0,0.636717,0.64,0.615849
volkan,0.5,1024,1024-44,0.0,0.116667,0.0,0.116667,0.116667,0.0,0.658333,0.257499,-1.64,1.132784
volkan,0.5,1024,1024-45,0.0,0.0,0.0,0.0,0.0,0.0,1.0,0.117522,-1.76,2.128574
volkan,0.5,1024,1024-46,0.0,0.0,0.083333,0.083333,0.0,0.8,0.0,0.891379,2.0,2.22665
volkan,0.5,1024,1024-47,0.0,0.0,0.0,0.0,0.0,0.0,1.0,0.153149,-1.72,1.810738
volkan,0.5,1024,1024-48,0.541667,0.508333,0.391667,0.9,0.825,0.0,0.0,0.546604,-0.24,0.420869
volkan,0.5,1024,1024-49,0.458333,0.308333,0.508333,0.816667,0.541667,0.066667,0.0,0.67557,0.64,0.822405
volkan,0.5,1024,1024-50,0.525,0.516667,0.408333,0.925,0.775,0.0,0.0,0.569523,0.52,0.465149
volkan,0.5,1024,1024-51,0.0,0.0,0.0,0.0,0.0,0.0,1.0,0.134266,-1.76,1.972153
volkan,0.5,1024,1024-52,0.483333,0.491667,0.475,0.966667,0.733333,0.0,0.0,0.603874,0.28,0.543832
volkan,0.5,1024,1024-53,0.5,0.5,0.366667,0.866667,0.791667,0.0,0.0,0.536386,0.08,0.412094
volkan,0.5,1024,1024-54,0.466667,0.408333,0.5,0.908333,0.65,0.0,0.0,0.619552,0.44,0.612099
volkan,0.5,1024,1024-55,0.0,0.0,0.0,0.0,0.0,0.0,1.0,0.094484,-1.92,2.387271
volkan,0.5,1024,1024-56,0.366667,0.5,0.108333,0.608333,0.608333,0.0,0.133333,0.439026,-0.16,0.449168
volkan,0.5,1024,1024-57,0.058333,0.191667,0.0,0.191667,0.191667,0.0,0.566667,0.301291,-1.2,0.907165
volkan,0.5,1024,1024-58,0.0,0.0,0.0,0.0,0.0,0.0,0.9,0.187711,-1.64,1.552748
volkan,0.5,1024,1024-59,0.291667,0.525,0.066667,0.591667,0.591667,0.0,0.15,0.427133,-0.6,0.471133
volkan,0.5,1024,1024-60,0.0,0.0,0.0,0.0,0.0,0.0,0.991667,0.168421,-1.56,1.679774
volkan,0.5,1024,1024-61,0.325,0.516667,0.091667,0.608333,0.608333,0.0,0.125,0.440055,-0.68,0.452172
volkan,0.5,1024,1024-62,0.0,0.091667,0.0,0.091667,0.091667,0.0,0.633333,0.266679,-1.28,1.065246
volkan,0.5,1024,1024-63,0.15,0.475,0.008333,0.483333,0.483333,0.0,0.275,0.377027,-0.76,0.575253
volkan,0.5,1024,1024-64,0.216667,0.458333,0.025,0.483333,0.483333,0.0,0.258333,0.389527,-0.32,0.569346
volkan,0.5,1024,1024-65,0.0,0.0,0.0,0.0,0.0,0.0,1.0,0.110719,-2.04,2.201578
volkan,0.5,1024,1024-66,0.333333,0.5,0.108333,0.608333,0.608333,0.0,0.183333,0.435966,-0.16,0.474425
volkan,0.5,1024,1024-67,0.533333,0.55,0.408333,0.958333,0.833333,0.0,0.0,0.567641,0.32,0.440305
volkan,0.5,1024,1024-68,0.016667,0.175,0.0,0.175,0.175,0.0,0.458333,0.30287,-1.12,0.882326
volkan,0.5,1024,1024-69,0.333333,0.441667,0.108333,0.55,0.55,0.0,0.183333,0.431081,-0.32,0.505592
volkan,0.5,1024,1024-70,0.416667,0.491667,0.216667,0.708333,0.683333,0.0,0.041667,0.483655,0.16,0.426277
volkan,0.5,1024,1024-71,0.483333,0.508333,0.283333,0.791667,0.766667,0.0,0.008333,0.515395,0.16,0.395169
volkan,0.5,1024,1024-72,0.0,0.191667,0.0,0.191667,0.191667,0.0,0.483333,0.305984,-0.96,0.885209
volkan,0.5,1024,1024-73,0.358333,0.508333,0.091667,0.6,0.6,0.0,0.15,0.438372,-0.4,0.46991
volkan,0.5,1024,1024-74,0.058333,0.383333,0.0,0.383333,0.383333,0.0,0.358333,0.347747,-0.52,0.681701
volkan,0.5,1024,1024-75,0.425,0.458333,0.266667,0.725,0.641667,0.0,0.033333,0.5004,0.16,0.447572
volkan,0.5,1024,1024-76,0.0,0.0,0.158333,0.158333,0.0,0.641667,0.0,0.86424,1.96,1.947492
volkan,0.5,1024,1024-77,0.441667,0.191667,0.625,0.816667,0.491667,0.091667,0.0,0.697931,1.0,0.909972
volkan,0.5,1024,1024-78,0.483333,0.516667,0.391667,0.908333,0.758333,0.0,0.0,0.563875,0.2,0.458894
volkan,0.5,1024,1024-79,0.475,0.45,0.4,0.85,0.683333,0.0,0.0,0.556908,0.12,0.489963
volkan,0.5,1024,1024-80,0.3,0.483333,0.075,0.558333,0.558333,0.0,0.116667,0.432788,-0.32,0.444231
volkan,0.5,1024,1024-81,0.5,0.508333,0.308333,0.816667,0.758333,0.0,0.008333,0.519781,-0.12,0.431172
volkan,0.5,1024,1024-82,0.508333,0.566667,0.383333,0.95,0.85,0.0,0.0,0.552784,0.52,0.385694
volkan,0.5,1024,1024-83,0.491667,0.475,0.35,0.825,0.708333,0.0,0.008333,0.540627,0.08,0.471915
volkan,0.5,1024,1024-84,0.0,0.0,0.183333,0.183333,0.0,0.583333,0.0,0.858638,2.08,1.92699
volkan,0.5,1024,1024-85,0.041667,0.325,0.0,0.325,0.325,0.0,0.366667,0.342778,-0.68,0.698316
volkan,0.5,1024,1024-86,0.558333,0.508333,0.458333,0.966667,0.75,0.0,0.0,0.598045,0.84,0.500781
volkan,0.5,1024,1024-87,0.033333,0.291667,0.0,0.291667,0.291667,0.0,0.441667,0.319575,-0.68,0.814267
volkan,0.5,1024,1024-88,0.525,0.408333,0.558333,0.966667,0.65,0.0,0.0,0.63206,0.36,0.602849
volkan,0.5,1024,1024-89,0.191667,0.458333,0.025,0.483333,0.483333,0.0,0.258333,0.384577,-0.52,0.569985
volkan,0.5,1024,1024-90,0.0,0.0,0.0,0.0,0.0,0.0,0.8,0.194689,-1.84,1.511641
volkan,0.5,1024,1024-91,0.441667,0.458333,0.408333,0.866667,0.675,0.008333,0.0,0.584976,0.52,0.549497
volkan,0.5,1024,1024-92,0.391667,0.5,0.083333,0.583333,0.583333,0.0,0.125,0.450133,-0.2,0.425574
volkan,0.5,1024,1024-93,0.0,0.0,0.0,0.0,0.0,0.0,1.0,0.128178,-1.76,2.00321
volkan,0.5,1024,1024-94,0.425,0.55,0.133333,0.683333,0.683333,0.0,0.066667,0.469238,0.08,0.424429
volkan,0.5,1024,1024-95,0.483333,0.441667,0.358333,0.8,0.675,0.0,0.033333,0.530497,0.04,0.488149
volkan,0.5,1024,1024-96,0.491667,0.566667,0.341667,0.908333,0.808333,0.0,0.0,0.542905,0.44,0.41521
volkan,0.5,1024,1024-97,0.433333,0.566667,0.166667,0.733333,0.716667,0.0,0.025,0.483617,0.2,0.404983
volkan,0.5,1024,1024-98,0.0,0.0,0.0,0.0,0.0,0.0,0.941667,0.186123,-1.6,1.544285
volkan,0.5,1024,1024-99,0.55,0.333333,0.558333,0.891667,0.616667,0.008333,0.0,0.661087,0.76,0.724985
volkan,0.5,1024,1024-100,0.416667,0.491667,0.166667,0.658333,0.658333,0.0,0.116667,0.460174,-0.16,0.445987
volkan,0.5,1024,1024-101,0.116667,0.333333,0.0,0.333333,0.333333,0.0,0.333333,0.351868,-1.04,0.675796
volkan,0.5,1024,1024-102,0.175,0.416667,0.008333,0.425,0.425,0.0,0.291667,0.379743,-0.44,0.578558
volkan,0.5,1024,1024-103,0.458333,0.491667,0.183333,0.675,0.675,0.0,0.1,0.471193,-0.48,0.436928
volkan,0.5,1024,1024-104,0.225,0.45,0.025,0.475,0.475,0.0,0.283333,0.394103,-0.56,0.552586
volkan,0.5,1024,1024-105,0.483333,0.166667,0.641667,0.808333,0.5,0.058333,0.0,0.70559,1.4,0.927599
volkan,0.5,1024,1024-106,0.483333,0.483333,0.283333,0.766667,0.725,0.0,0.008333,0.511069,0.12,0.422538
volkan,0.5,1024,1024-107,0.0,0.1,0.0,0.1,0.1,0.0,0.616667,0.271628,-0.96,1.04378
volkan,0.5,1024,1024-108,0.491667,0.508333,0.258333,0.766667,0.716667,0.0,0.0,0.509592,0.08,0.421692
volkan,0.5,1024,1024-109,0.0,0.125,0.0,0.125,0.125,0.0,0.591667,0.274488,-0.92,1.036872
volkan,0.5,1024,1024-110,0.325,0.516667,0.058333,0.575,0.575,0.0,0.183333,0.42411,-0.48,0.480599
volkan,0.5,1024,1024-111,0.308333,0.441667,0.075,0.516667,0.516667,0.0,0.266667,0.407291,-0.08,0.57676
volkan,0.5,1024,1024-112,0.083333,0.391667,0.0,0.391667,0.391667,0.0,0.333333,0.358428,-0.72,0.636624
volkan,0.5,1024,1024-113,0.425,0.5,0.283333,0.783333,0.683333,0.0,0.0,0.516328,0.36,0.443375
volkan,0.5,1024,1024-114,0.45,0.458333,0.458333,0.916667,0.691667,0.0,0.0,0.585219,0.08,0.530548
volkan,0.5,1024,1024-115,0.466667,0.491667,0.3,0.791667,0.666667,0.0,0.0,0.524535,0.0,0.469816
volkan,0.5,1024,1024-116,0.425,0.158333,0.616667,0.775,0.425,0.075,0.0,0.712393,1.0,0.962268
volkan,0.5,1024,1024-117,0.191667,0.0,0.583333,0.583333,0.191667,0.175,0.0,0.774373,1.2,1.299101
volkan,0.5,1024,1024-118,0.575,0.5,0.466667,0.966667,0.716667,0.0,0.0,0.610674,0.64,0.529677
volkan,0.5,1024,1024-119,0.0,0.0,0.0,0.0,0.0,0.0,0.958333,0.178485,-1.44,1.622782
volkan,0.5,1024,1024-120,0.475,0.5,0.325,0.825,0.733333,0.0,0.0,0.520514,0.12,0.44133
volkan,0.5,1024,1024-121,0.0,0.0,0.0,0.0,0.0,0.0,1.0,0.084692,-1.84,2.504358
volkan,0.5,1024,1024-122,0.475,0.533333,0.158333,0.691667,0.691667,0.0,0.075,0.473437,-0.44,0.412037
volkan,0.5,1024,1024-123,0.558333,0.55,0.391667,0.941667,0.825,0.0,0.0,0.578683,0.48,0.467739
volkan,0.5,1024,1024-124,0.0,0.058333,0.0,0.058333,0.058333,0.0,0.641667,0.260913,-1.36,1.09897
volkan,0.5,1024,1024-125,0.0,0.0,0.0,0.0,0.0,0.0,1.0,0.157784,-1.76,1.766233
volkan,0.5,1024,1024-126,0.0,0.116667,0.0,0.116667,0.116667,0.0,0.608333,0.277357,-1.44,1.016815
volkan,0.5,1024,1024-127,0.183333,0.416667,0.025,0.441667,0.441667,0.0,0.241667,0.383102,-0.72,0.562412
volkan,0.5,1024,1024-128,0.391667,0.141667,0.658333,0.8,0.391667,0.116667,0.0,0.719149,1.4,1.004805
volkan,0.5,1024,1024-129,0.108333,0.225,0.0,0.225,0.225,0.0,0.5,0.306779,-1.12,0.909489
volkan,0.5,1024,1024-130,0.375,0.125,0.608333,0.733333,0.4,0.125,0.0,0.722251,1.04,1.023405
volkan,0.5,1024,1024-131,0.383333,0.45,0.183333,0.633333,0.625,0.0,0.116667,0.465103,0.12,0.468374
volkan,0.5,1024,1024-132,0.475,0.5,0.416667,0.916667,0.741667,0.0,0.0,0.563847,0.2,0.468529
volkan,0.5,1024,1024-133,0.033333,0.0,0.258333,0.258333,0.033333,0.441667,0.0,0.833402,1.44,1.678053
volkan,0.5,1024,1024-134,0.108333,0.333333,0.0,0.333333,0.333333,0.0,0.375,0.347374,-0.56,0.713435
volkan,0.5,1024,1024-135,0.125,0.408333,0.0,0.408333,0.408333,0.0,0.341667,0.367071,-0.72,0.620956
volkan,0.5,1024,1024-136,0.291667,0.041667,0.65,0.691667,0.291667,0.175,0.0,0.756161,1.36,1.198764
volkan,0.5,1024,1024-137,0.0,0.15,0.0,0.15,0.15,0.0,0.625,0.266006,-1.48,1.090965
volkan,0.5,1024,1024-138,0.0,0.0,0.15,0.15,0.0,0.616667,0.0,0.862892,1.68,1.963456
volkan,0.5,1024,1024-139,0.508333,0.466667,0.466667,0.933333,0.708333,0.0,0.0,0.592319,0.28,0.529236
volkan,0.5,1024,1024-140,0.466667,0.516667,0.4,0.916667,0.733333,0.0,0.0,0.569239,0.4,0.481072
volkan,0.5,1024,1024-141,0.558333,0.491667,0.466667,0.958333,0.775,0.008333,0.0,0.602466,0.52,0.511758
volkan,0.5,1024,1024-142,0.525,0.458333,0.466667,0.925,0.683333,0.016667,0.0,0.63016,0.64,0.617713
volkan,0.5,1024,1024-143,0.0,0.075,0.0,0.075,0.075,0.0,0.75,0.239639,-1.24,1.228184
volkan,0.5,1024,1024-144,0.0,0.0,0.0,0.0,0.0,0.0,0.966667,0.177158,-1.8,1.620591
volkan,0.5,1024,1024-145,0.141667,0.441667,0.0,0.441667,0.441667,0.0,0.258333,0.3807,-0.52,0.552625
volkan,0.5,1024,1024-146,0.5,0.3,0.533333,0.833333,0.566667,0.025,0.0,0.672965,0.68,0.779911
volkan,0.5,1024,1024-147,0.25,0.416667,0.033333,0.45,0.45,0.0,0.291667,0.385328,-0.6,0.621581
volkan,0.5,1024,1024-148,0.15,0.458333,0.0,0.458333,0.458333,0.0,0.266667,0.385936,-0.68,0.535963
volkan,0.5,1024,1024-149,0.0,0.0,0.0,0.0,0.0,0.0,0.966667,0.151808,-1.72,1.810198
volkan,0.5,1024,1024-150,0.45,0.483333,0.216667,0.7,0.683333,0.0,0.075,0.487331,-0.16,0.435592
volkan,0.5,1024,1024-151,0.0,0.058333,0.0,0.058333,0.058333,0.0,0.75,0.238162,-0.96,1.230463
volkan,0.5,1024,1024-152,0.475,0.508333,0.308333,0.816667,0.741667,0.0,0.0,0.528981,0.32,0.428413
volkan,0.5,1024,1024-153,0.0,0.0,0.0,0.0,0.0,0.0,1.0,0.131566,-1.92,1.97768
volkan,0.5,1024,1024-154,0.458333,0.341667,0.55,0.891667,0.625,0.0,0.0,0.650155,0.24,0.707304
volkan,0.5,1024,1024-155,0.533333,0.466667,0.466667,0.933333,0.725,0.0,0.0,0.596478,0.44,0.532126
volkan,0.5,1024,1024-156,0.0,0.0,0.0,0.0,0.0,0.0,0.758333,0.238185,-1.48,1.215081
volkan,0.5,1024,1024-157,0.0,0.0,0.0,0.0,0.0,0.0,0.808333,0.212572,-1.4,1.3966
volkan,0.5,1024,1024-158,0.258333,0.458333,0.041667,0.5,0.5,0.0,0.258333,0.401185,-0.2,0.55362
volkan,0.5,1024,1024-159,0.0,0.0,0.0,0.0,0.0,0.0,1.0,0.139221,-2.04,1.970656
volkan,0.5,1024,1024-160,0.0,0.166667,0.0,0.166667,0.166667,0.0,0.6,0.282849,-1.2,0.988961
volkan,0.5,1024,1024-161,0.0,0.0,0.0,0.0,0.0,0.0,1.0,0.098838,-2.04,2.318073
volkan,0.5,1024,1024-162,0.016667,0.258333,0.0,0.258333,0.258333,0.0,0.425,0.324159,-0.76,0.774322
volkan,0.5,1024,1024-163,0.483333,0.483333,0.408333,0.891667,0.7,0.008333,0.0,0.578304,0.68,0.500847
volkan,0.5,1024,1024-164,0.0,0.0,0.0,0.0,0.0,0.0,1.0,0.139519,-1.76,1.90335
volkan,0.5,1024,1024-165,0.516667,0.483333,0.391667,0.875,0.758333,0.0,0.0,0.549045,0.04,0.453885
volkan,0.5,1024,1024-166,0.158333,0.425,0.0,0.425,0.425,0.0,0.316667,0.367797,-0.32,0.626705
volkan,0.5,1024,1024-167,0.116667,0.458333,0.0,0.458333,0.458333,0.0,0.308333,0.36415,-0.52,0.627523
volkan,0.5,1024,1024-168,0.458333,0.516667,0.266667,0.783333,0.733333,0.0,0.008333,0.507867,0.08,0.413924
volkan,0.5,1024,1024-169,0.491667,0.5,0.425,0.925,0.716667,0.0,0.0,0.601158,0.48,0.541329
volkan,0.5,1024,1024-170,0.0,0.0,0.0,0.0,0.0,0.0,1.0,0.105412,-1.88,2.255407
volkan,0.5,1024,1024-171,0.0,0.0,0.0,0.0,0.0,0.0,1.0,0.084772,-2.08,2.529037
volkan,0.5,1024,1024-172,0.133333,0.408333,0.0,0.408333,0.408333,0.0,0.25,0.376229,-0.84,0.582082
volkan,0.5,1024,1024-173,0.033333,0.266667,0.0,0.266667,0.266667,0.0,0.425,0.3253,-0.8,0.774718
volkan,0.5,1024,1024-174,0.0,0.0,0.0,0.0,0.0,0.0,1.0,0.152321,-1.8,1.799285
volkan,0.5,1024,1024-175,0.116667,0.35,0.0,0.35,0.35,0.0,0.35,0.345994,-0.96,0.700607
volkan,0.5,1024,1024-176,0.483333,0.55,0.191667,0.741667,0.733333,0.0,0.033333,0.489181,-0.08,0.41151
volkan,0.5,1024,1024-177,0.325,0.508333,0.05,0.558333,0.558333,0.0,0.166667,0.425227,-0.12,0.461671
volkan,0.5,1024,1024-178,0.483333,0.591667,0.175,0.766667,0.766667,0.0,0.025,0.490705,-0.12,0.392022
volkan,0.5,1024,1024-179,0.125,0.391667,0.0,0.391667,0.391667,0.0,0.333333,0.373093,-0.4,0.596018
volkan,0.5,1024,1024-180,0.0,0.166667,0.0,0.166667,0.166667,0.0,0.525,0.294001,-1.2,0.927055
volkan,0.5,1024,1024-181,0.0,0.0,0.0,0.0,0.0,0.0,0.85,0.210301,-1.04,1.395308
volkan,0.5,1024,1024-182,0.008333,0.216667,0.0,0.216667,0.216667,0.0,0.466667,0.304539,-0.96,0.874898
volkan,0.5,1024,1024-183,0.416667,0.483333,0.125,0.608333,0.608333,0.0,0.15,0.45162,-0.4,0.454088
volkan,0.5,1024,1024-184,0.5,0.491667,0.241667,0.733333,0.7,0.0,0.008333,0.503233,-0.24,0.419122
volkan,0.5,1024,1024-185,0.183333,0.441667,0.041667,0.483333,0.483333,0.0,0.266667,0.389456,-0.72,0.557838
volkan,0.5,1024,1024-186,0.0,0.0,0.0,0.0,0.0,0.0,0.783333,0.22213,-1.44,1.34724
volkan,0.5,1024,1024-187,0.191667,0.025,0.591667,0.616667,0.191667,0.2,0.0,0.772209,1.24,1.289395
volkan,0.5,1024,1024-188,0.266667,0.458333,0.041667,0.5,0.5,0.0,0.241667,0.405615,-0.44,0.532064
volkan,0.5,1024,1024-189,0.0,0.058333,0.0,0.058333,0.058333,0.0,0.733333,0.241366,-1.32,1.208326
volkan,0.5,1024,1024-190,0.483333,0.5,0.475,0.975,0.741667,0.0,0.0,0.599399,0.52,0.528058
volkan,0.5,1024,1024-191,0.0,0.05,0.0,0.05,0.05,0.0,0.575,0.273156,-1.04,1.038744
volkan,0.5,1024,1024-192,0.033333,0.241667,0.0,0.241667,0.241667,0.0,0.466667,0.314953,-0.96,0.839077
volkan,0.5,1024,1024-193,0.341667,0.05,0.7,0.75,0.341667,0.066667,0.0,0.732,1.16,1.049591
volkan,0.5,1024,1024-194,0.0,0.091667,0.0,0.091667,0.091667,0.0,0.666667,0.266601,-1.24,1.064343
volkan,0.5,1024,1024-195,0.0,0.058333,0.0,0.058333,0.058333,0.0,0.75,0.239223,-1.24,1.228701
volkan,0.5,1024,1024-196,0.533333,0.425,0.516667,0.941667,0.708333,0.0,0.0,0.628722,0.6,0.601789
volkan,0.5,1024,1024-197,0.0,0.016667,0.0,0.016667,0.016667,0.0,0.741667,0.235075,-1.16,1.262718
volkan,0.5,1024,1024-198,0.2,0.441667,0.0,0.441667,0.441667,0.0,0.3,0.375055,-0.56,0.620442
volkan,0.5,1024,1024-199,0.375,0.533333,0.125,0.658333,0.658333,0.0,0.091667,0.455167,-0.44,0.43225
volkan,0.5,2026,2026-0,0.0,0.166667,0.0,0.166667,0.166667,0.0,0.525,0.292121,-0.84,0.931085
volkan,0.5,2026,2026-1,0.441667,0.416667,0.283333,0.7,0.65,0.0,0.05,0.497316,0.2,0.461101
volkan,0.5,2026,2026-2,0.0,0.0,0.0,0.0,0.0,0.0,1.0,0.125989,-1.76,2.019311
volkan,0.5,2026,2026-3,0.308333,0.05,0.641667,0.691667,0.308333,0.125,0.0,0.750934,1.28,1.164903
volkan,0.5,2026,2026-4,0.583333,0.533333,0.433333,0.966667,0.766667,0.0,0.0,0.597021,0.72,0.485153
volkan,0.5,2026,2026-5,0.175,0.416667,0.016667,0.433333,0.433333,0.0,0.3,0.379851,-0.56,0.597779
volkan,0.5,2026,2026-6,0.2,0.4,0.041667,0.441667,0.441667,0.0,0.308333,0.383476,-0.2,0.602546
volkan,0.5,2026,2026-7,0.5,0.533333,0.291667,0.825,0.766667,0.0,0.0,0.528215,0.16,0.411283
volkan,0.5,2026,2026-8,0.191667,0.475,0.016667,0.491667,0.491667,0.0,0.258333,0.389677,-0.28,0.547277
volkan,0.5,2026,2026-9,0.291667,0.458333,0.041667,0.5,0.5,0.0,0.233333,0.402895,-0.32,0.534327
volkan,0.5,2026,2026-10,0.458333,0.475,0.466667,0.941667,0.716667,0.0,0.0,0.595214,0.44,0.543019
volkan,0.5,2026,2026-11,0.508333,0.475,0.441667,0.916667,0.725,0.0,0.0,0.576688,0.2,0.498341
volkan,0.5,2026,2026-12,0.375,0.55,0.075,0.625,0.625,0.0,0.133333,0.447099,-0.44,0.441877
volkan,0.5,2026,2026-13,0.358333,0.483333,0.066667,0.55,0.55,0.0,0.175,0.432483,-0.28,0.474112
volkan,0.5,2026,2026-14,0.491667,0.583333,0.233333,0.816667,0.8,0.0,0.05,0.503933,-0.28,0.406845
volkan,0.5,2026,2026-15,0.033333,0.25,0.0,0.25,0.25,0.0,0.45,0.314534,-0.68,0.836268
volkan,0.5,2026,2026-16,0.183333,0.358333,0.0,0.358333,0.358333,0.0,0.375,0.358911,-0.88,0.695477
volkan,0.5,2026,2026-17,0.508333,0.525,0.416667,0.941667,0.766667,0.0,0.0,0.577597,0.44,0.467616
volkan,0.5,2026,2026-18,0.341667,0.566667,0.058333,0.625,0.625,0.0,0.091667,0.444651,-0.52,0.407467
volkan,0.5,2026,2026-19,0.0,0.0,0.0,0.0,0.0,0.0,0.941667,0.181904,-1.28,1.586803
volkan,0.5,2026,2026-20,0.1,0.358333,0.0,0.358333,0.358333,0.0,0.35,0.343685,-0.64,0.711912
volkan,0.5,2026,2026-21,0.5,0.475,0.508333,0.983333,0.725,0.0,0.0,0.604085,0.48,0.548588
volkan,0.5,2026,2026-22,0.291667,0.45,0.058333,0.508333,0.508333,0.0,0.233333,0.410202,-0.24,0.526068
volkan,0.5,2026,2026-23,0.291667,0.45,0.091667,0.541667,0.541667,0.0,0.208333,0.422426,0.08,0.503033
volkan,0.5,2026,2026-24,0.516667,0.433333,0.5,0.933333,0.7,0.0,0.0,0.606139,0.6,0.556984
volkan,0.5,2026,2026-25,0.091667,0.0,0.316667,0.316667,0.091667,0.425,0.0,0.825806,1.56,1.651966
volkan,0.5,2026,2026-26,0.016667,0.208333,0.0,0.208333,0.208333,0.0,0.466667,0.306632,-1.2,0.867945
volkan,0.5,2026,2026-27,0.358333,0.033333,0.691667,0.725,0.358333,0.091667,0.0,0.739622,1.2,1.095001
volkan,0.5,2026,2026-28,0.0,0.0,0.0,0.0,0.0,0.0,0.816667,0.210887,-1.48,1.397726
volkan,0.5,2026,2026-29,0.433333,0.475,0.258333,0.733333,0.666667,0.0,0.041667,0.503327,-0.08,0.453596
volkan,0.5,2026,2026-30,0.0,0.0,0.0,0.0,0.0,0.0,0.841667,0.221747,-1.4,1.313629
volkan,0.5,2026,2026-31,0.366667,0.041667,0.675,0.716667,0.366667,0.125,0.0,0.740218,1.16,1.111374
volkan,0.5,2026,2026-32,0.591667,0.425,0.516667,0.941667,0.7,0.0,0.0,0.634636,0.84,0.604085
volkan,0.5,2026,2026-33,0.458333,0.175,0.6,0.775,0.491667,0.058333,0.0,0.704887,0.76,0.927133
volkan,0.5,2026,2026-34,0.0,0.083333,0.0,0.083333,0.083333,0.0,0.633333,0.266164,-1.44,1.085597
volkan,0.5,2026,2026-35,0.55,0.475,0.45,0.925,0.7,0.008333,0.0,0.606347,0.68,0.528145
volkan,0.5,2026,2026-36,0.066667,0.258333,0.0,0.258333,0.258333,0.0,0.433333,0.322648,-0.68,0.805053
volkan,0.5,2026,2026-37,0.15,0.35,0.0,0.35,0.35,0.0,0.358333,0.353637,-0.96,0.691427
volkan,0.5,2026,2026-38,0.441667,0.491667,0.375,0.866667,0.708333,0.0,0.0,0.561093,0.48,0.49073
volkan,0.5,2026,2026-39,0.558333,0.358333,0.566667,0.925,0.65,0.0,0.0,0.651071,0.48,0.683139
volkan,0.5,2026,2026-40,0.441667,0.466667,0.241667,0.708333,0.658333,0.0,0.041667,0.497722,-0.04,0.433776
volkan,0.5,2026,2026-41,0.016667,0.266667,0.0,0.266667,0.266667,0.0,0.45,0.314205,-0.88,0.833636
volkan,0.5,2026,2026-42,0.0,0.15,0.0,0.15,0.15,0.0,0.558333,0.287939,-1.16,0.960054
volkan,0.5,2026,2026-43,0.266667,0.041667,0.575,0.616667,0.266667,0.2,0.0,0.763111,1.28,1.254937
volkan,0.5,2026,2026-44,0.516667,0.508333,0.45,0.958333,0.75,0.0,0.0,0.595159,0.48,0.514641
volkan,0.5,2026,2026-45,0.5,0.55,0.416667,0.966667,0.766667,0.0,0.0,0.595427,0.72,0.500536
volkan,0.5,2026,2026-46,0.0,0.0,0.15,0.15,0.0,0.65,0.0,0.864093,1.56,1.943658
volkan,0.5,2026,2026-47,0.0,0.108333,0.0,0.108333,0.108333,0.0,0.583333,0.28158,-1.16,0.984808
volkan,0.5,2026,2026-48,0.0,0.0,0.025,0.025,0.0,0.85,0.0,0.899932,2.08,2.306501
volkan,0.5,2026,2026-49,0.0,0.0,0.0,0.0,0.0,1.0,0.0,0.944042,2.12,3.00294
volkan,0.5,2026,2026-50,0.158333,0.0,0.45,0.45,0.158333,0.291667,0.0,0.793387,1.44,1.42837
volkan,0.5,2026,2026-51,0.566667,0.325,0.625,0.95,0.666667,0.0,0.0,0.647821,0.44,0.666556
volkan,0.5,2026,2026-52,0.016667,0.2,0.0,0.2,0.2,0.0,0.55,0.29739,-0.92,0.924929
volkan,0.5,2026,2026-53,0.508333,0.266667,0.575,0.841667,0.558333,0.066667,0.0,0.681233,1.32,0.82312
volkan,0.5,2026,2026-54,0.141667,0.375,0.0,0.375,0.375,0.0,0.358333,0.357649,-0.52,0.668305
volkan,0.5,2026,2026-55,0.383333,0.516667,0.125,0.641667,0.641667,0.0,0.091667,0.456372,-0.32,0.432235
volkan,0.5,2026,2026-56,0.208333,0.45,0.033333,0.483333,0.483333,0.0,0.225,0.39353,-0.24,0.550276
volkan,0.5,2026,2026-57,0.441667,0.533333,0.233333,0.766667,0.691667,0.0,0.025,0.506728,-0.04,0.439086
volkan,0.5,2026,2026-58,0.375,0.091667,0.65,0.741667,0.375,0.133333,0.0,0.732592,1.16,1.07328
volkan,0.5,2026,2026-59,0.058333,0.25,0.0,0.25,0.25,0.0,0.4,0.326464,-1.08,0.780892
volkan,0.5,2026,2026-60,0.0,0.041667,0.0,0.041667,0.041667,0.0,0.616667,0.261886,-0.92,1.094012
volkan,0.5,2026,2026-61,0.0,0.108333,0.0,0.108333,0.108333,0.0,0.616667,0.255198,-1.12,1.155481
volkan,0.5,2026,2026-62,0.0,0.05,0.0,0.05,0.05,0.0,0.691667,0.250339,-1.32,1.174253
volkan,0.5,2026,2026-63,0.0,0.0,0.0,0.0,0.0,0.0,0.941667,0.183539,-1.76,1.566721
volkan,0.5,2026,2026-64,0.0,0.05,0.0,0.05,0.05,0.0,0.666667,0.256141,-0.88,1.128806
volkan,0.5,2026,2026-65,0.358333,0.058333,0.716667,0.775,0.358333,0.075,0.0,0.731054,1.12,1.044884
volkan,0.5,2026,2026-66,0.05,0.258333,0.0,0.258333,0.258333,0.0,0.45,0.315251,-0.56,0.840241
volkan,0.5,2026,2026-67,0.5,0.566667,0.258333,0.825,0.783333,0.0,0.008333,0.514139,0.16,0.410691
volkan,0.5,2026,2026-68,0.0,0.0,0.0,0.0,0.0,0.0,0.9,0.207256,-1.16,1.416945
volkan,0.5,2026,2026-69,0.458333,0.608333,0.191667,0.8,0.766667,0.0,0.0,0.497849,0.04,0.390424
volkan,0.5,2026,2026-70,0.0,0.0,0.0,0.0,0.0,0.0,1.0,0.13862,-1.76,1.934733
volkan,0.5,2026,2026-71,0.016667,0.133333,0.0,0.133333,0.133333,0.0,0.508333,0.29566,-0.84,0.914672
volkan,0.5,2026,2026-72,0.0,0.0,0.125,0.125,0.0,0.708333,0.0,0.877616,1.48,2.088336
volkan,0.5,2026,2026-73,0.025,0.275,0.0,0.275,0.275,0.0,0.433333,0.319998,-0.84,0.81566
volkan,0.5,2026,2026-74,0.525,0.175,0.658333,0.833333,0.541667,0.041667,0.0,0.693645,0.68,0.86289
volkan,0.5,2026,2026-75,0.491667,0.483333,0.416667,0.9,0.741667,0.0,0.0,0.559428,0.28,0.462778
volkan,0.5,2026,2026-76,0.258333,0.458333,0.05,0.508333,0.508333,0.0,0.283333,0.399771,-0.36,0.578212
volkan,0.5,2026,2026-77,0.008333,0.258333,0.0,0.258333,0.258333,0.0,0.45,0.314435,-0.64,0.834747
volkan,0.5,2026,2026-78,0.408333,0.1,0.616667,0.716667,0.408333,0.091667,0.0,0.727416,0.8,1.03488
volkan,0.5,2026,2026-79,0.266667,0.475,0.066667,0.541667,0.541667,0.0,0.183333,0.418565,-0.12,0.495673
volkan,0.5,2026,2026-80,0.2,0.008333,0.625,0.633333,0.2,0.166667,0.0,0.770718,1.2,1.272842
volkan,0.5,2026,2026-81,0.0,0.2,0.0,0.2,0.2,0.0,0.458333,0.308032,-0.96,0.857374
volkan,0.5,2026,2026-82,0.441667,0.508333,0.141667,0.65,0.65,0.0,0.058333,0.46584,-0.48,0.41132
volkan,0.5,2026,2026-83,0.5,0.475,0.383333,0.858333,0.733333,0.0,0.0,0.547305,0.16,0.453439
volkan,0.5,2026,2026-84,0.433333,0.491667,0.325,0.816667,0.7,0.0,0.008333,0.534485,0.28,0.457874
volkan,0.5,2026,2026-85,0.0,0.0,0.0,0.0,0.0,0.0,0.866667,0.203471,-1.2,1.438684
volkan,0.5,2026,2026-86,0.033333,0.225,0.0,0.225,0.225,0.0,0.45,0.312463,-1.2,0.839935
volkan,0.5,2026,2026-87,0.2,0.45,0.041667,0.491667,0.491667,0.0,0.241667,0.395555,-0.44,0.538529
volkan,0.5,2026,2026-88,0.0,0.091667,0.0,0.091667,0.091667,0.0,0.591667,0.274417,-1.16,1.02206
volkan,0.5,2026,2026-89,0.6,0.5,0.458333,0.958333,0.758333,0.0,0.0,0.604314,0.76,0.518169
volkan,0.5,2026,2026-90,0.533333,0.533333,0.408333,0.941667,0.8,0.0,0.0,0.576114,0.52,0.459011
volkan,0.5,2026,2026-91,0.0,0.0,0.0,0.0,0.0,0.0,1.0,0.114055,-2.0,2.173758
volkan,0.5,2026,2026-92,0.0,0.0,0.0,0.0,0.0,0.0,1.0,0.131309,-1.52,1.980275
volkan,0.5,2026,2026-93,0.0,0.0,0.0,0.0,0.0,0.0,0.858333,0.20095,-1.56,1.45268
volkan,0.5,2026,2026-94,0.466667,0.433333,0.266667,0.7,0.691667,0.0,0.116667,0.487909,-0.44,0.488785
volkan,0.5,2026,2026-95,0.0,0.0,0.241667,0.241667,0.0,0.566667,0.0,0.851501,1.84,1.868483
volkan,0.5,2026,2026-96,0.116667,0.458333,0.0,0.458333,0.458333,0.0,0.291667,0.368544,-0.84,0.61301
volkan,0.5,2026,2026-97,0.45,0.508333,0.266667,0.775,0.708333,0.0,0.008333,0.50973,0.08,0.431883
volkan,0.5,2026,2026-98,0.0,0.041667,0.0,0.041667,0.041667,0.0,0.766667,0.243025,-1.08,1.194536
volkan,0.5,2026,2026-99,0.0,0.025,0.0,0.025,0.025,0.0,0.741667,0.237278,-1.36,1.250057
volkan,0.5,2026,2026-100,0.0,0.0,0.0,0.0,0.0,0.0,1.0,0.116396,-2.08,2.136911
volkan,0.5,2026,2026-101,0.408333,0.491667,0.158333,0.65,0.633333,0.0,0.108333,0.462239,-0.08,0.444086
volkan,0.5,2026,2026-102,0.5,0.266667,0.633333,0.9,0.6,0.016667,0.0,0.663342,0.8,0.738788
volkan,0.5,2026,2026-103,0.141667,0.408333,0.0,0.408333,0.408333,0.0,0.308333,0.367302,-0.6,0.618025
volkan,0.5,2026,2026-104,0.3,0.05,0.65,0.7,0.3,0.191667,0.0,0.752726,1.12,1.193585
volkan,0.5,2026,2026-105,0.425,0.5,0.241667,0.741667,0.683333,0.0,0.058333,0.494439,-0.08,0.450102
volkan,0.5,2026,2026-106,0.375,0.55,0.1,0.65,0.65,0.0,0.125,0.449791,-0.48,0.424013
volkan,0.5,2026,2026-107,0.441667,0.491667,0.408333,0.9,0.725,0.0,0.0,0.564159,0.36,0.482014
volkan,0.5,2026,2026-108,0.516667,0.441667,0.45,0.891667,0.75,0.0,0.0,0.560703,-0.12,0.470123
volkan,0.5,2026,2026-109,0.516667,0.2,0.6,0.8,0.516667,0.066667,0.0,0.699033,1.08,0.899191
volkan,0.5,2026,2026-110,0.0,0.116667,0.0,0.116667,0.116667,0.0,0.6,0.277179,-1.04,1.011935
volkan,0.5,2026,2026-111,0.0,0.0,0.0,0.0,0.0,0.0,1.0,0.086773,-2.0,2.494743
volkan,0.5,2026,2026-112,0.45,0.516667,0.183333,0.7,0.691667,0.0,0.058333,0.480201,0.0,0.414329
volkan,0.5,2026,2026-113,0.05,0.233333,0.0,0.233333,0.233333,0.0,0.466667,0.313333,-1.24,0.847161
volkan,0.5,2026,2026-114,0.316667,0.466667,0.091667,0.558333,0.558333,0.0,0.158333,0.434165,-0.08,0.475813
volkan,0.5,2026,2026-115,0.15,0.0,0.475,0.475,0.15,0.241667,0.0,0.794715,1.28,1.433628
volkan,0.5,2026,2026-116,0.0,0.016667,0.0,0.016667,0.016667,0.0,0.733333,0.232902,-1.6,1.263194
volkan,0.5,2026,2026-117,0.6,0.466667,0.5,0.966667,0.758333,0.0,0.0,0.613493,0.96,0.538752
volkan,0.5,2026,2026-118,0.575,0.333333,0.566667,0.9,0.625,0.016667,0.0,0.662914,0.68,0.720726
volkan,0.5,2026,2026-119,0.558333,0.525,0.375,0.9,0.816667,0.0,0.0,0.547585,0.4,0.4408
volkan,0.5,2026,2026-120,0.533333,0.216667,0.616667,0.833333,0.541667,0.058333,0.0,0.68846,0.68,0.842638
volkan,0.5,2026,2026-121,0.075,0.383333,0.0,0.383333,0.383333,0.0,0.325,0.34956,-0.84,0.67887
volkan,0.5,2026,2026-122,0.008333,0.166667,0.0,0.166667,0.166667,0.0,0.5,0.297729,-0.52,0.908766
volkan,0.5,2026,2026-123,0.508333,0.241667,0.583333,0.825,0.533333,0.05,0.0,0.687338,1.04,0.841077
volkan,0.5,2026,2026-124,0.516667,0.383333,0.541667,0.925,0.641667,0.0,0.0,0.633267,0.44,0.642669
volkan,0.5,2026,2026-125,0.316667,0.058333,0.65,0.708333,0.316667,0.133333,0.0,0.744841,1.12,1.138867
volkan,0.5,2026,2026-126,0.491667,0.558333,0.25,0.808333,0.783333,0.0,0.025,0.505487,-0.2,0.402179
volkan,0.5,2026,2026-127,0.2,0.0,0.466667,0.466667,0.2,0.291667,0.0,0.790374,1.6,1.406867
volkan,0.5,2026,2026-128,0.208333,0.466667,0.016667,0.483333,0.483333,0.0,0.266667,0.387205,-0.68,0.574898
volkan,0.5,2026,2026-129,0.0,0.016667,0.0,0.016667,0.016667,0.0,0.8,0.231734,-1.32,1.259969
volkan,0.5,2026,2026-130,0.0,0.0,0.0,0.0,0.0,0.0,1.0,0.105416,-2.0,2.296739
volkan,0.5,2026,2026-131,0.0,0.041667,0.0,0.041667,0.041667,0.0,0.758333,0.234841,-1.24,1.243961
volkan,0.5,2026,2026-132,0.566667,0.341667,0.591667,0.933333,0.641667,0.008333,0.0,0.648485,0.36,0.67192
volkan,0.5,2026,2026-133,0.0,0.0,0.0,0.0,0.0,0.0,0.941667,0.17278,-1.64,1.655834
volkan,0.5,2026,2026-134,0.108333,0.341667,0.0,0.341667,0.341667,0.0,0.325,0.352955,-1.08,0.689473
volkan,0.5,2026,2026-135,0.0,0.0,0.225,0.225,0.0,0.633333,0.0,0.859227,1.84,1.917771
volkan,0.5,2026,2026-136,0.533333,0.341667,0.6,0.941667,0.641667,0.008333,0.0,0.643879,0.32,0.661446
volkan,0.5,2026,2026-137,0.083333,0.0,0.366667,0.366667,0.083333,0.366667,0.0,0.816507,1.36,1.582166
volkan,0.5,2026,2026-138,0.0,0.075,0.0,0.075,0.075,0.0,0.691667,0.252021,-1.28,1.15233
volkan,0.5,2026,2026-139,0.0,0.0,0.0,0.0,0.0,0.0,1.0,0.074842,-2.04,2.632407
volkan,0.5,2026,2026-140,0.225,0.016667,0.6,0.616667,0.225,0.225,0.0,0.770404,1.56,1.287803
volkan,0.5,2026,2026-141,0.0,0.0,0.0,0.0,0.0,0.0,0.958333,0.18184,-1.44,1.583982
volkan,0.5,2026,2026-142,0.441667,0.475,0.175,0.65,0.633333,0.0,0.075,0.470507,-0.12,0.441372
volkan,0.5,2026,2026-143,0.466667,0.491667,0.283333,0.775,0.7,0.0,0.016667,0.516901,0.2,0.453394
volkan,0.5,2026,2026-144,0.0,0.058333,0.0,0.058333,0.058333,0.0,0.683333,0.257258,-1.56,1.125926
volkan,0.5,2026,2026-145,0.233333,0.0,0.558333,0.558333,0.233333,0.25,0.0,0.778506,1.04,1.337181
volkan,0.5,2026,2026-146,0.241667,0.0,0.5,0.5,0.241667,0.25,0.0,0.781981,1.68,1.363719
volkan,0.5,2026,2026-147,0.475,0.525,0.383333,0.908333,0.75,0.0,0.0,0.568558,0.84,0.472977
volkan,0.5,2026,2026-148,0.375,0.516667,0.083333,0.6,0.6,0.0,0.116667,0.447675,-0.4,0.423664
volkan,0.5,2026,2026-149,0.433333,0.466667,0.233333,0.7,0.658333,0.0,0.025,0.49251,0.24,0.432396
volkan,0.5,2026,2026-150,0.0,0.033333,0.0,0.033333,0.033333,0.0,0.741667,0.240077,-1.2,1.207499
volkan,0.5,2026,2026-151,0.225,0.383333,0.058333,0.441667,0.441667,0.0,0.266667,0.393466,-0.16,0.577839
volkan,0.5,2026,2026-152,0.333333,0.541667,0.05,0.591667,0.591667,0.0,0.141667,0.435286,-0.44,0.432439
volkan,0.5,2026,2026-153,0.0,0.125,0.0,0.125,0.125,0.0,0.683333,0.270169,-1.44,1.060886
volkan,0.5,2026,2026-154,0.525,0.375,0.483333,0.858333,0.633333,0.008333,0.0,0.648581,0.84,0.706916
volkan,0.5,2026,2026-155,0.0,0.0,0.0,0.0,0.0,0.0,0.891667,0.184813,-1.28,1.56671
volkan,0.5,2026,2026-156,0.108333,0.358333,0.0,0.358333,0.358333,0.0,0.341667,0.350005,-0.92,0.682766
volkan,0.5,2026,2026-157,0.0,0.0,0.0,0.0,0.0,0.0,1.0,0.087512,-2.04,2.52113
volkan,0.5,2026,2026-158,0.5,0.466667,0.433333,0.9,0.775,0.0,0.0,0.555775,0.16,0.435314
volkan,0.5,2026,2026-159,0.566667,0.4,0.566667,0.966667,0.725,0.0,0.0,0.619422,0.24,0.580292
volkan,0.5,2026,2026-160,0.483333,0.475,0.458333,0.933333,0.691667,0.0,0.0,0.593961,0.44,0.546913
volkan,0.5,2026,2026-161,0.0,0.0,0.0,0.0,0.0,0.966667,0.0,0.929463,2.04,2.707429
volkan,0.5,2026,2026-162,0.558333,0.316667,0.591667,0.908333,0.6,0.016667,0.0,0.661152,0.64,0.718142
volkan,0.5,2026,2026-163,0.0,0.041667,0.0,0.041667,0.041667,0.0,0.633333,0.259947,-1.16,1.115259
volkan,0.5,2026,2026-164,0.0,0.0,0.0,0.0,0.0,0.85,0.0,0.910495,2.2,2.441462
volkan,0.5,2026,2026-165,0.0,0.141667,0.0,0.141667,0.141667,0.0,0.666667,0.262464,-1.24,1.104255
volkan,0.5,2026,2026-166,0.525,0.441667,0.483333,0.925,0.7,0.0,0.0,0.626096,0.52,0.592305
volkan,0.5,2026,2026-167,0.508333,0.35,0.55,0.9,0.65,0.016667,0.0,0.634262,0.88,0.663741
volkan,0.5,2026,2026-168,0.0,0.108333,0.0,0.108333,0.108333,0.0,0.675,0.260575,-1.04,1.108875
volkan,0.5,2026,2026-169,0.266667,0.05,0.566667,0.616667,0.266667,0.191667,0.0,0.761488,1.16,1.238408
volkan,0.5,2026,2026-170,0.466667,0.483333,0.4,0.883333,0.725,0.0,0.0,0.557426,0.12,0.478813
volkan,0.5,2026,2026-171,0.558333,0.483333,0.483333,0.966667,0.775,0.0,0.0,0.589318,0.2,0.490089
volkan,0.5,2026,2026-172,0.025,0.158333,0.0,0.158333,0.158333,0.0,0.5,0.301209,-0.8,0.889813
volkan,0.5,2026,2026-173,0.416667,0.091667,0.7,0.791667,0.416667,0.066667,0.0,0.722471,1.28,1.004534
volkan,0.5,2026,2026-174,0.0,0.116667,0.0,0.116667,0.116667,0.0,0.575,0.279884,-0.68,1.000495
volkan,0.5,2026,2026-175,0.0,0.0,0.0,0.0,0.0,0.0,1.0,0.132977,-2.0,1.996443
volkan,0.5,2026,2026-176,0.25,0.05,0.666667,0.716667,0.25,0.125,0.0,0.753251,1.32,1.170603
volkan,0.5,2026,2026-177,0.191667,0.45,0.0,0.45,0.45,0.0,0.308333,0.368469,-0.64,0.614589
volkan,0.5,2026,2026-178,0.408333,0.5,0.133333,0.633333,0.633333,0.0,0.083333,0.461261,-0.16,0.418062
volkan,0.5,2026,2026-179,0.041667,0.0,0.3,0.3,0.041667,0.425,0.0,0.836284,1.48,1.730339
volkan,0.5,2026,2026-180,0.516667,0.183333,0.625,0.808333,0.525,0.041667,0.0,0.696593,0.92,0.880295
volkan,0.5,2026,2026-181,0.466667,0.458333,0.433333,0.891667,0.691667,0.0,0.0,0.590944,0.64,0.529331
volkan,0.5,2026,2026-182,0.6,0.25,0.616667,0.866667,0.608333,0.041667,0.0,0.679669,1.08,0.794449
volkan,0.5,2026,2026-183,0.041667,0.15,0.0,0.15,0.15,0.0,0.6,0.285983,-1.04,0.98013
volkan,0.5,2026,2026-184,0.575,0.458333,0.483333,0.941667,0.716667,0.008333,0.0,0.626721,0.68,0.589837
volkan,0.5,2026,2026-185,0.533333,0.233333,0.625,0.858333,0.533333,0.033333,0.0,0.686223,1.12,0.825407
volkan,0.5,2026,2026-186,0.558333,0.45,0.5,0.95,0.708333,0.008333,0.0,0.627856,0.56,0.595416
volkan,0.5,2026,2026-187,0.241667,0.433333,0.058333,0.491667,0.491667,0.0,0.25,0.404024,-0.52,0.533159
volkan,0.5,2026,2026-188,0.0,0.0,0.0,0.0,0.0,0.0,1.0,0.021982,-2.28,3.972929
volkan,0.5,2026,2026-189,0.525,0.533333,0.416667,0.95,0.766667,0.0,0.0,0.580112,0.36,0.478333
volkan,0.5,2026,2026-190,0.466667,0.491667,0.2,0.691667,0.683333,0.0,0.1,0.482546,-0.32,0.445399
volkan,0.5,2026,2026-191,0.175,0.475,0.0,0.475,0.475,0.0,0.258333,0.38098,-1.04,0.560273
volkan,0.5,2026,2026-192,0.558333,0.433333,0.533333,0.966667,0.708333,0.0,0.0,0.621833,0.64,0.578071
volkan,0.5,2026,2026-193,0.466667,0.55,0.266667,0.816667,0.8,0.0,0.0,0.505621,0.52,0.37224
volkan,0.5,2026,2026-194,0.491667,0.508333,0.266667,0.775,0.741667,0.0,0.041667,0.504115,-0.24,0.4244
volkan,0.5,2026,2026-195,0.0,0.0,0.0,0.0,0.0,0.0,0.925,0.173026,-1.76,1.643536
volkan,0.5,2026,2026-196,0.0,0.0,0.0,0.0,0.0,0.0,0.891667,0.171476,-1.72,1.678738
volkan,0.5,2026,2026-197,0.483333,0.508333,0.35,0.858333,0.816667,0.0,0.0,0.531907,0.24,0.380221
volkan,0.5,2026,2026-198,0.391667,0.525,0.116667,0.641667,0.641667,0.0,0.116667,0.455569,-0.04,0.442804
volkan,0.5,2026,2026-199,0.5,0.558333,0.166667,0.725,0.725,0.0,0.041667,0.486095,-0.64,0.378813
volkan,1.0,42,42-0,0.416667,0.5,0.15,0.65,0.65,0.0,0.083333,0.467257,0.12,0.430843
volkan,1.0,42,42-1,0.0,0.0,0.0,0.0,0.0,0.0,0.8,0.210231,-1.56,1.396298
volkan,1.0,42,42-2,0.5,0.45,0.475,0.925,0.716667,0.0,0.0,0.58584,0.08,0.517552
volkan,1.0,42,42-3,0.475,0.408333,0.458333,0.866667,0.658333,0.025,0.0,0.633022,0.52,0.659651
volkan,1.0,42,42-4,0.0,0.0,0.0,0.0,0.0,0.0,1.0,0.098555,-1.72,2.332604
volkan,1.0,42,42-5,0.0,0.0,0.0,0.0,0.0,0.0,0.95,0.171533,-1.44,1.651799
volkan,1.0,42,42-6,0.341667,0.566667,0.091667,0.658333,0.658333,0.0,0.108333,0.447515,-0.52,0.4161
volkan,1.0,42,42-7,0.116667,0.316667,0.0,0.316667,0.316667,0.0,0.416667,0.332559,-1.04,0.776592
volkan,1.0,42,42-8,0.283333,0.491667,0.05,0.541667,0.541667,0.0,0.266667,0.411215,-0.72,0.517057
volkan,1.0,42,42-9,0.0,0.033333,0.0,0.033333,0.033333,0.0,0.775,0.236937,-1.16,1.2283
volkan,1.0,42,42-10,0.516667,0.408333,0.475,0.883333,0.65,0.008333,0.0,0.614933,0.84,0.607466
volkan,1.0,42,42-11,0.516667,0.491667,0.466667,0.958333,0.758333,0.0,0.0,0.584089,0.52,0.495123
volkan,1.0,42,42-12,0.358333,0.491667,0.108333,0.6,0.6,0.0,0.175,0.433022,-0.4,0.496339
volkan,1.0,42,42-13,0.558333,0.325,0.55,0.875,0.608333,0.05,0.0,0.666929,0.76,0.755013
volkan,1.0,42,42-14,0.466667,0.483333,0.291667,0.775,0.716667,0.0,0.016667,0.513102,0.28,0.43842
volkan,1.0,42,42-15,0.0,0.058333,0.0,0.058333,0.058333,0.0,0.733333,0.241127,-1.52,1.204497
volkan,1.0,42,42-16,0.475,0.491667,0.25,0.741667,0.733333,0.0,0.058333,0.498882,-0.16,0.438318
volkan,1.0,42,42-17,0.0,0.0,0.0,0.0,0.0,0.0,0.833333,0.216378,-1.2,1.36089
volkan,1.0,42,42-18,0.55,0.525,0.466667,0.991667,0.758333,0.0,0.0,0.594285,0.4,0.487181
volkan,1.0,42,42-19,0.291667,0.533333,0.025,0.558333,0.558333,0.0,0.158333,0.417488,-0.64,0.465949
volkan,1.0,42,42-20,0.133333,0.416667,0.0,0.416667,0.416667,0.0,0.341667,0.364108,-0.48,0.629987
volkan,1.0,42,42-21,0.0,0.108333,0.0,0.108333,0.108333,0.0,0.591667,0.270027,-1.16,1.059982
volkan,1.0,42,42-22,0.591667,0.275,0.6,0.875,0.6,0.016667,0.0,0.673404,0.8,0.762439
volkan,1.0,42,42-23,0.225,0.45,0.033333,0.483333,0.483333,0.0,0.283333,0.386313,-0.28,0.579978
volkan,1.0,42,42-24,0.05,0.225,0.0,0.225,0.225,0.0,0.425,0.316754,-1.04,0.827366
volkan,1.0,42,42-25,0.075,0.325,0.0,0.325,0.325,0.0,0.4,0.333343,-1.08,0.774836
volkan,1.0,42,42-26,0.45,0.516667,0.308333,0.825,0.733333,0.0,0.0,0.528024,0.48,0.425554
volkan,1.0,42,42-27,0.466667,0.425,0.275,0.7,0.641667,0.0,0.041667,0.507402,-0.24,0.45487
volkan,1.0,42,42-28,0.458333,0.5,0.258333,0.758333,0.691667,0.0,0.016667,0.512752,0.0,0.441121
volkan,1.0,42,42-29,0.466667,0.441667,0.283333,0.725,0.708333,0.0,0.041667,0.501425,-0.04,0.439273
volkan,1.0,42,42-30,0.025,0.0,0.283333,0.283333,0.025,0.491667,0.0,0.834966,1.64,1.708918
volkan,1.0,42,42-31,0.033333,0.316667,0.0,0.316667,0.316667,0.0,0.391667,0.331052,-0.76,0.750504
volkan,1.0,42,42-32,0.016667,0.208333,0.0,0.208333,0.208333,0.0,0.425,0.313069,-0.96,0.828139
volkan,1.0,42,42-33,0.0,0.05,0.0,0.05,0.05,0.0,0.716667,0.248249,-1.48,1.175507
volkan,1.0,42,42-34,0.475,0.508333,0.35,0.858333,0.758333,0.0,0.0,0.53515,0.36,0.437667
volkan,1.0,42,42-35,0.541667,0.341667,0.541667,0.883333,0.6,0.016667,0.0,0.659489,0.6,0.712508
volkan,1.0,42,42-36,0.208333,0.433333,0.0,0.433333,0.433333,0.0,0.3,0.378615,-0.36,0.619243
volkan,1.0,42,42-37,0.0,0.025,0.0,0.025,0.025,0.0,0.675,0.256916,-1.08,1.113612
volkan,1.0,42,42-38,0.0,0.025,0.0,0.025,0.025,0.0,0.75,0.244627,-1.04,1.181912
volkan,1.0,42,42-39,0.508333,0.491667,0.375,0.866667,0.733333,0.0,0.0,0.555653,0.48,0.46942
volkan,1.0,42,42-40,0.533333,0.466667,0.45,0.916667,0.725,0.0,0.0,0.594736,0.24,0.54092
volkan,1.0,42,42-41,0.433333,0.483333,0.341667,0.825,0.708333,0.0,0.016667,0.53201,0.24,0.46195
volkan,1.0,42,42-42,0.0,0.091667,0.0,0.091667,0.091667,0.0,0.566667,0.274237,-1.2,1.037004
volkan,1.0,42,42-43,0.408333,0.508333,0.108333,0.616667,0.616667,0.0,0.1,0.45512,0.08,0.431983
volkan,1.0,42,42-44,0.308333,0.475,0.108333,0.583333,0.583333,0.0,0.175,0.430566,-0.08,0.507834
volkan,1.0,42,42-45,0.391667,0.516667,0.108333,0.625,0.625,0.0,0.108333,0.448075,-0.2,0.446874
volkan,1.0,42,42-46,0.55,0.5,0.458333,0.958333,0.733333,0.0,0.0,0.600901,0.52,0.5136
volkan,1.0,42,42-47,0.425,0.491667,0.166667,0.658333,0.658333,0.0,0.091667,0.460496,-0.2,0.440558
volkan,1.0,42,42-48,0.475,0.466667,0.425,0.891667,0.733333,0.0,0.0,0.567916,0.04,0.485819
volkan,1.0,42,42-49,0.333333,0.441667,0.116667,0.558333,0.558333,0.0,0.2,0.428789,-0.12,0.509666
volkan,1.0,42,42-50,0.4,0.491667,0.175,0.666667,0.658333,0.0,0.1,0.469759,0.0,0.454248
volkan,1.0,42,42-51,0.5,0.475,0.4,0.875,0.733333,0.0,0.0,0.555892,0.16,0.469082
volkan,1.0,42,42-52,0.0,0.0,0.0,0.0,0.0,0.0,0.983333,0.149089,-1.72,1.851586
volkan,1.0,42,42-53,0.05,0.325,0.0,0.325,0.325,0.0,0.358333,0.342823,-0.88,0.692107
volkan,1.0,42,42-54,0.033333,0.241667,0.0,0.241667,0.241667,0.0,0.483333,0.315039,-0.84,0.831646
volkan,1.0,42,42-55,0.0,0.133333,0.0,0.133333,0.133333,0.0,0.508333,0.289378,-0.96,0.951172
volkan,1.0,42,42-56,0.066667,0.35,0.0,0.35,0.35,0.0,0.341667,0.351485,-0.84,0.664681
volkan,1.0,42,42-57,0.375,0.091667,0.583333,0.675,0.375,0.141667,0.0,0.7323,0.6,1.070717
volkan,1.0,42,42-58,0.0,0.033333,0.0,0.033333,0.033333,0.0,0.675,0.250501,-1.0,1.155967
volkan,1.0,42,42-59,0.508333,0.45,0.5,0.95,0.7,0.0,0.0,0.618688,0.44,0.584044
volkan,1.0,42,42-60,0.0,0.0,0.0,0.0,0.0,0.0,1.0,0.124489,-1.84,2.070322
volkan,1.0,42,42-61,0.075,0.25,0.0,0.25,0.25,0.0,0.4,0.33261,-1.04,0.768567
volkan,1.0,42,42-62,0.4,0.491667,0.116667,0.608333,0.608333,0.0,0.116667,0.446344,-0.04,0.46382
volkan,1.0,42,42-63,0.508333,0.441667,0.408333,0.85,0.708333,0.0,0.0,0.548705,-0.12,0.480224
volkan,1.0,42,42-64,0.525,0.5,0.391667,0.891667,0.775,0.0,0.0,0.560928,0.44,0.464338
volkan,1.0,42,42-65,0.516667,0.516667,0.45,0.966667,0.766667,0.0,0.0,0.585779,0.6,0.487037
volkan,1.0,42,42-66,0.041667,0.283333,0.0,0.283333,0.283333,0.0,0.408333,0.330828,-0.72,0.754017
volkan,1.0,42,42-67,0.025,0.258333,0.0,0.258333,0.258333,0.0,0.425,0.320222,-0.92,0.800875
volkan,1.0,42,42-68,0.475,0.491667,0.425,0.916667,0.7,0.0,0.0,0.601326,0.44,0.55534
volkan,1.0,42,42-69,0.133333,0.416667,0.0,0.416667,0.416667,0.0,0.358333,0.365233,-0.32,0.635476
volkan,1.0,42,42-70,0.0,0.0,0.0,0.0,0.0,0.0,0.933333,0.171109,-1.64,1.68422
volkan,1.0,42,42-71,0.0,0.0,0.0,0.0,0.0,0.0,0.891667,0.191818,-1.32,1.521954
volkan,1.0,42,42-72,0.0,0.0,0.0,0.0,0.0,0.0,0.766667,0.230528,-1.28,1.270563
volkan,1.0,42,42-73,0.483333,0.483333,0.35,0.833333,0.758333,0.0,0.016667,0.525249,0.12,0.433199
volkan,1.0,42,42-74,0.366667,0.475,0.1,0.575,0.575,0.0,0.158333,0.432418,-0.28,0.475934
volkan,1.0,42,42-75,0.508333,0.433333,0.45,0.883333,0.75,0.0,0.0,0.56023,-0.08,0.481399
volkan,1.0,42,42-76,0.05,0.233333,0.0,0.233333,0.233333,0.0,0.391667,0.327397,-0.92,0.76561
volkan,1.0,42,42-77,0.366667,0.433333,0.141667,0.575,0.575,0.0,0.15,0.446627,0.2,0.499996
volkan,1.0,42,42-78,0.483333,0.466667,0.4,0.866667,0.741667,0.0,0.0,0.547206,0.04,0.458108
volkan,1.0,42,42-79,0.108333,0.325,0.0,0.325,0.325,0.0,0.366667,0.345246,-0.56,0.703633
volkan,1.0,42,42-80,0.483333,0.508333,0.275,0.783333,0.725,0.0,0.058333,0.51356,-0.2,0.458298
volkan,1.0,42,42-81,0.0,0.133333,0.0,0.133333,0.133333,0.0,0.591667,0.274372,-0.72,1.03294
volkan,1.0,42,42-82,0.058333,0.291667,0.0,0.291667,0.291667,0.0,0.375,0.337681,-1.0,0.723601
volkan,1.0,42,42-83,0.1,0.291667,0.0,0.291667,0.291667,0.0,0.45,0.325033,-0.68,0.810257
volkan,1.0,42,42-84,0.0,0.0,0.0,0.0,0.0,0.0,0.916667,0.187006,-1.52,1.539921
volkan,1.0,42,42-85,0.466667,0.491667,0.308333,0.8,0.716667,0.0,0.0,0.518816,0.16,0.441414
volkan,1.0,42,42-86,0.008333,0.216667,0.0,0.216667,0.216667,0.0,0.466667,0.309534,-0.56,0.854748
volkan,1.0,42,42-87,0.266667,0.45,0.066667,0.516667,0.516667,0.0,0.258333,0.405256,-0.8,0.56421
volkan,1.0,42,42-88,0.5,0.475,0.308333,0.783333,0.733333,0.0,0.041667,0.511872,-0.28,0.442012
volkan,1.0,42,42-89,0.425,0.483333,0.291667,0.775,0.708333,0.0,0.008333,0.507743,0.4,0.435723
volkan,1.0,42,42-90,0.491667,0.466667,0.4,0.866667,0.733333,0.0,0.0,0.551272,0.04,0.470333
volkan,1.0,42,42-91,0.208333,0.475,0.016667,0.491667,0.491667,0.0,0.208333,0.401211,-0.8,0.520705
volkan,1.0,42,42-92,0.025,0.208333,0.0,0.208333,0.208333,0.0,0.441667,0.313482,-0.48,0.829621
volkan,1.0,42,42-93,0.166667,0.45,0.008333,0.458333,0.458333,0.0,0.291667,0.384477,-0.48,0.579559
volkan,1.0,42,42-94,0.0,0.0,0.0,0.0,0.0,0.0,1.0,0.123598,-1.8,2.05935
volkan,1.0,42,42-95,0.0,0.0,0.0,0.0,0.0,0.0,1.0,0.154804,-1.68,1.766518
volkan,1.0,42,42-96,0.0,0.0,0.0,0.0,0.0,0.0,0.958333,0.165059,-1.56,1.703481
volkan,1.0,42,42-97,0.0,0.0,0.0,0.0,0.0,0.0,0.8,0.214652,-1.36,1.373827
volkan,1.0,42,42-98,0.466667,0.483333,0.233333,0.716667,0.7,0.0,0.016667,0.491461,0.04,0.425394
volkan,1.0,42,42-99,0.0,0.066667,0.0,0.066667,0.066667,0.0,0.75,0.229257,-1.8,1.301532
volkan,1.0,42,42-100,0.041667,0.258333,0.0,0.258333,0.258333,0.0,0.425,0.321999,-0.96,0.81032
volkan,1.0,42,42-101,0.508333,0.191667,0.675,0.866667,0.516667,0.033333,0.0,0.686129,0.96,0.822599
volkan,1.0,42,42-102,0.05,0.275,0.0,0.275,0.275,0.0,0.441667,0.325883,-0.88,0.786293
volkan,1.0,42,42-103,0.45,0.475,0.433333,0.908333,0.75,0.0,0.0,0.564198,0.4,0.465271
volkan,1.0,42,42-104,0.0,0.0,0.0,0.0,0.0,0.0,0.808333,0.23122,-1.64,1.266303
volkan,1.0,42,42-105,0.133333,0.458333,0.0,0.458333,0.458333,0.0,0.291667,0.378504,-0.68,0.559085
volkan,1.0,42,42-106,0.0,0.008333,0.0,0.008333,0.008333,0.0,0.825,0.223346,-1.28,1.313153
volkan,1.0,42,42-107,0.041667,0.291667,0.0,0.291667,0.291667,0.0,0.341667,0.342515,-1.08,0.697777
volkan,1.0,42,42-108,0.516667,0.475,0.491667,0.966667,0.75,0.0,0.0,0.596018,0.44,0.517902
volkan,1.0,42,42-109,0.0,0.0,0.0,0.0,0.0,0.0,1.0,0.121768,-2.08,2.093282
volkan,1.0,42,42-110,0.458333,0.458333,0.3,0.758333,0.708333,0.0,0.033333,0.506832,0.28,0.455168
volkan,1.0,42,42-111,0.375,0.5,0.116667,0.616667,0.608333,0.0,0.116667,0.45047,0.08,0.457362
volkan,1.0,42,42-112,0.016667,0.166667,0.0,0.166667,0.166667,0.0,0.5,0.297053,-1.0,0.913822
volkan,1.0,42,42-113,0.0,0.0,0.0,0.0,0.0,0.0,1.0,0.149636,-1.56,1.844037
volkan,1.0,42,42-114,0.291667,0.491667,0.066667,0.558333,0.558333,0.0,0.166667,0.427536,-0.16,0.456372
volkan,1.0,42,42-115,0.025,0.141667,0.0,0.141667,0.141667,0.0,0.491667,0.299732,-0.96,0.895492
volkan,1.0,42,42-116,0.416667,0.475,0.166667,0.641667,0.633333,0.0,0.083333,0.468051,0.08,0.448239
volkan,1.0,42,42-117,0.283333,0.525,0.016667,0.541667,0.541667,0.0,0.191667,0.417598,-0.32,0.473102
volkan,1.0,42,42-118,0.275,0.058333,0.6,0.658333,0.275,0.133333,0.0,0.75307,1.16,1.18403
volkan,1.0,42,42-119,0.091667,0.375,0.0,0.375,0.375,0.0,0.366667,0.349594,-0.48,0.679924
volkan,1.0,42,42-120,0.0,0.0,0.0,0.0,0.0,0.0,0.883333,0.220906,-1.32,1.309573
volkan,1.0,42,42-121,0.4,0.475,0.141667,0.616667,0.616667,0.0,0.133333,0.451677,0.08,0.475706
volkan,1.0,42,42-122,0.416667,0.516667,0.116667,0.633333,0.633333,0.0,0.116667,0.458563,-0.2,0.426427
volkan,1.0,42,42-123,0.508333,0.125,0.683333,0.808333,0.508333,0.075,0.0,0.707176,1.08,0.937219
volkan,1.0,42,42-124,0.5,0.433333,0.466667,0.9,0.675,0.0,0.0,0.585946,0.16,0.532818
volkan,1.0,42,42-125,0.408333,0.475,0.208333,0.683333,0.633333,0.0,0.05,0.481946,0.24,0.447892
volkan,1.0,42,42-126,0.425,0.1,0.65,0.75,0.425,0.116667,0.0,0.725557,0.88,1.028512
volkan,1.0,42,42-127,0.0,0.0,0.0,0.0,0.0,0.0,0.925,0.187407,-1.28,1.530078
volkan,1.0,42,42-128,0.0,0.125,0.0,0.125,0.125,0.0,0.641667,0.277278,-1.28,1.013279
volkan,1.0,42,42-129,0.0,0.033333,0.0,0.033333,0.033333,0.0,0.791667,0.229388,-1.44,1.276162
volkan,1.0,42,42-130,0.033333,0.266667,0.0,0.266667,0.266667,0.0,0.383333,0.332617,-0.84,0.736797
volkan,1.0,42,42-131,0.0,0.0,0.0,0.0,0.0,0.0,0.958333,0.162301,-1.64,1.740469
volkan,1.0,42,42-132,0.475,0.5,0.366667,0.866667,0.758333,0.0,0.0,0.548914,0.56,0.446424
volkan,1.0,42,42-133,0.125,0.441667,0.0,0.441667,0.441667,0.0,0.341667,0.355969,-0.76,0.680778
volkan,1.0,42,42-134,0.0,0.0,0.0,0.0,0.0,0.0,1.0,0.15049,-1.68,1.851009
volkan,1.0,42,42-135,0.0,0.0,0.0,0.0,0.0,0.0,0.858333,0.209952,-1.36,1.402528
volkan,1.0,42,42-136,0.475,0.5,0.241667,0.741667,0.708333,0.0,0.058333,0.498327,-0.12,0.44286
volkan,1.0,42,42-137,0.475,0.45,0.475,0.925,0.7,0.0,0.0,0.603523,0.52,0.554878
volkan,1.0,42,42-138,0.075,0.0,0.433333,0.433333,0.075,0.325,0.0,0.809294,1.44,1.520439
volkan,1.0,42,42-139,0.0,0.0,0.0,0.0,0.0,0.866667,0.0,0.913897,2.0,2.487399
volkan,1.0,42,42-140,0.458333,0.416667,0.333333,0.75,0.691667,0.0,0.041667,0.509673,0.08,0.444348
volkan,1.0,42,42-141,0.0,0.008333,0.0,0.008333,0.008333,0.0,0.833333,0.213709,-1.6,1.390926
volkan,1.0,42,42-142,0.0,0.0,0.0,0.0,0.0,0.0,1.0,0.084192,-2.04,2.511921
volkan,1.0,42,42-143,0.408333,0.508333,0.175,0.683333,0.683333,0.0,0.133333,0.46472,-0.44,0.43056
volkan,1.0,42,42-144,0.0,0.1,0.0,0.1,0.1,0.0,0.691667,0.240563,-1.56,1.238863
volkan,1.0,42,42-145,0.033333,0.283333,0.0,0.283333,0.283333,0.0,0.4,0.328598,-0.76,0.760352
volkan,1.0,42,42-146,0.0,0.158333,0.0,0.158333,0.158333,0.0,0.583333,0.28189,-0.56,0.997038
volkan,1.0,42,42-147,0.208333,0.508333,0.008333,0.516667,0.516667,0.0,0.258333,0.39299,-0.64,0.532982
volkan,1.0,42,42-148,0.55,0.383333,0.508333,0.891667,0.65,0.033333,0.0,0.648921,0.68,0.70347
volkan,1.0,42,42-149,0.366667,0.5,0.091667,0.591667,0.591667,0.0,0.125,0.442473,-0.24,0.449973
volkan,1.0,42,42-150,0.2,0.491667,0.0,0.491667,0.491667,0.0,0.233333,0.387488,-1.0,0.547888
volkan,1.0,42,42-151,0.0,0.0,0.0,0.0,0.0,0.0,0.85,0.210802,-1.52,1.397319
volkan,1.0,42,42-152,0.0,0.0,0.0,0.0,0.0,0.0,1.0,0.125303,-1.8,2.080005
volkan,1.0,42,42-153,0.016667,0.225,0.0,0.225,0.225,0.0,0.466667,0.312866,-0.8,0.830718
volkan,1.0,42,42-154,0.175,0.458333,0.016667,0.475,0.475,0.0,0.258333,0.387739,-0.44,0.543579
volkan,1.0,42,42-155,0.166667,0.008333,0.558333,0.566667,0.166667,0.233333,0.0,0.781034,1.2,1.348809
volkan,1.0,42,42-156,0.291667,0.45,0.075,0.525,0.525,0.0,0.216667,0.418687,-0.12,0.518275
volkan,1.0,42,42-157,0.525,0.425,0.458333,0.883333,0.658333,0.058333,0.0,0.639198,0.76,0.67134
volkan,1.0,42,42-158,0.008333,0.191667,0.0,0.191667,0.191667,0.0,0.416667,0.316117,-0.8,0.814849
volkan,1.0,42,42-159,0.0,0.0,0.0,0.0,0.0,0.0,0.908333,0.189347,-1.44,1.550293
volkan,1.0,42,42-160,0.0,0.008333,0.0,0.008333,0.008333,0.0,0.808333,0.224106,-1.48,1.305542
volkan,1.0,42,42-161,0.0,0.075,0.0,0.075,0.075,0.0,0.625,0.264876,-1.04,1.0785
volkan,1.0,42,42-162,0.033333,0.0,0.35,0.35,0.033333,0.425,0.0,0.8314,1.64,1.695957
volkan,1.0,42,42-163,0.0,0.041667,0.0,0.041667,0.041667,0.0,0.7,0.251462,-1.12,1.157854
volkan,1.0,42,42-164,0.508333,0.516667,0.425,0.941667,0.741667,0.008333,0.0,0.600019,0.68,0.524174
volkan,1.0,42,42-165,0.0,0.05,0.0,0.05,0.05,0.0,0.766667,0.226496,-1.44,1.309378
volkan,1.0,42,42-166,0.5,0.45,0.5,0.95,0.658333,0.0,0.0,0.621918,0.28,0.592395
volkan,1.0,42,42-167,0.483333,0.525,0.2,0.725,0.708333,0.0,0.05,0.491719,-0.24,0.420184
volkan,1.0,42,42-168,0.125,0.475,0.0,0.475,0.475,0.0,0.275,0.380789,-0.76,0.547228
volkan,1.0,42,42-169,0.225,0.416667,0.05,0.466667,0.466667,0.0,0.283333,0.391085,-0.56,0.585781
volkan,1.0,42,42-170,0.0,0.083333,0.0,0.083333,0.083333,0.0,0.566667,0.277791,-1.04,1.007407
volkan,1.0,42,42-171,0.466667,0.541667,0.241667,0.783333,0.716667,0.0,0.0,0.509266,0.6,0.424757
volkan,1.0,42,42-172,0.05,0.2,0.0,0.2,0.2,0.0,0.533333,0.299631,-0.92,0.917625
volkan,1.0,42,42-173,0.0,0.0,0.0,0.0,0.0,0.0,0.908333,0.180083,-1.64,1.618203
volkan,1.0,42,42-174,0.0,0.0,0.0,0.0,0.0,0.0,0.933333,0.168432,-1.52,1.708451
volkan,1.0,42,42-175,0.383333,0.5,0.141667,0.641667,0.641667,0.0,0.116667,0.452808,-0.4,0.451795
volkan,1.0,42,42-176,0.341667,0.058333,0.633333,0.691667,0.341667,0.116667,0.0,0.742148,1.28,1.11759
volkan,1.0,42,42-177,0.391667,0.516667,0.083333,0.6,0.6,0.0,0.1,0.446089,-0.2,0.428811
volkan,1.0,42,42-178,0.2,0.491667,0.016667,0.508333,0.508333,0.0,0.241667,0.390985,-0.76,0.54827
volkan,1.0,42,42-179,0.416667,0.483333,0.216667,0.7,0.666667,0.0,0.1,0.48335,0.08,0.463788
volkan,1.0,42,42-180,0.5,0.2,0.608333,0.808333,0.533333,0.091667,0.0,0.69867,0.84,0.905535
volkan,1.0,42,42-181,0.341667,0.525,0.108333,0.633333,0.633333,0.0,0.141667,0.441096,-0.44,0.468221
volkan,1.0,42,42-182,0.016667,0.233333,0.0,0.233333,0.233333,0.0,0.441667,0.319677,-0.52,0.799656
volkan,1.0,42,42-183,0.6,0.358333,0.575,0.933333,0.683333,0.0,0.0,0.649861,0.76,0.669425
volkan,1.0,42,42-184,0.466667,0.458333,0.316667,0.775,0.733333,0.0,0.058333,0.510249,-0.12,0.453663
volkan,1.0,42,42-185,0.316667,0.075,0.633333,0.708333,0.316667,0.141667,0.0,0.740969,1.16,1.112572
volkan,1.0,42,42-186,0.433333,0.525,0.133333,0.658333,0.658333,0.0,0.116667,0.459873,-0.52,0.420139
volkan,1.0,42,42-187,0.0,0.0,0.0,0.0,0.0,0.0,0.916667,0.176423,-1.44,1.627481
volkan,1.0,42,42-188,0.0,0.0,0.0,0.0,0.0,0.0,0.941667,0.159591,-1.76,1.782262
volkan,1.0,42,42-189,0.316667,0.025,0.625,0.65,0.316667,0.141667,0.0,0.75609,1.52,1.199739
volkan,1.0,42,42-190,0.225,0.041667,0.583333,0.625,0.225,0.183333,0.0,0.766893,1.28,1.25891
volkan,1.0,42,42-191,0.15,0.4,0.0,0.4,0.4,0.0,0.316667,0.366328,-0.92,0.646508
volkan,1.0,42,42-192,0.041667,0.283333,0.0,0.283333,0.283333,0.0,0.433333,0.32675,-0.52,0.774065
volkan,1.0,42,42-193,0.4,0.141667,0.575,0.716667,0.4,0.125,0.0,0.727263,1.4,1.058887
volkan,1.0,42,42-194,0.0,0.0,0.0,0.0,0.0,0.0,0.85,0.19341,-1.36,1.512602
volkan,1.0,42,42-195,0.0,0.033333,0.0,0.033333,0.033333,0.0,0.708333,0.236863,-1.72,1.240859
volkan,1.0,42,42-196,0.475,0.433333,0.433333,0.866667,0.716667,0.0,0.0,0.556066,-0.04,0.472025
volkan,1.0,42,42-197,0.05,0.275,0.0,0.275,0.275,0.0,0.408333,0.327777,-0.8,0.771883
volkan,1.0,42,42-198,0.275,0.433333,0.066667,0.5,0.5,0.0,0.291667,0.39744,-0.4,0.589741
volkan,1.0,42,42-199,0.125,0.391667,0.016667,0.408333,0.408333,0.0,0.341667,0.36527,-0.56,0.630822
volkan,1.0,137,137-0,0.0,0.033333,0.0,0.033333,0.033333,0.0,0.691667,0.246034,-1.04,1.184799
volkan,1.0,137,137-1,0.0,0.083333,0.0,0.083333,0.083333,0.0,0.616667,0.258877,-0.96,1.119018
volkan,1.0,137,137-2,0.0,0.183333,0.0,0.183333,0.183333,0.0,0.566667,0.281339,-1.44,1.005044
volkan,1.0,137,137-3,0.258333,0.458333,0.058333,0.516667,0.516667,0.0,0.25,0.411158,-0.52,0.526733
volkan,1.0,137,137-4,0.008333,0.133333,0.0,0.133333,0.133333,0.0,0.541667,0.296229,-1.0,0.908118
volkan,1.0,137,137-5,0.0,0.008333,0.0,0.008333,0.008333,0.0,0.825,0.219034,-1.56,1.33982
volkan,1.0,137,137-6,0.383333,0.475,0.141667,0.616667,0.616667,0.0,0.1,0.452526,-0.24,0.444695
volkan,1.0,137,137-7,0.0,0.083333,0.0,0.083333,0.083333,0.0,0.583333,0.270141,-0.88,1.047107
volkan,1.0,137,137-8,0.0,0.0,0.0,0.0,0.0,0.0,1.0,0.09616,-1.72,2.358502
volkan,1.0,137,137-9,0.108333,0.0,0.508333,0.508333,0.108333,0.266667,0.0,0.794614,1.36,1.418629
volkan,1.0,137,137-10,0.291667,0.05,0.65,0.7,0.291667,0.175,0.0,0.750545,1.16,1.166
volkan,1.0,137,137-11,0.0,0.0,0.0,0.0,0.0,0.0,0.858333,0.20648,-0.96,1.415197
volkan,1.0,137,137-12,0.041667,0.308333,0.0,0.308333,0.308333,0.0,0.433333,0.328457,-0.56,0.771709
volkan,1.0,137,137-13,0.216667,0.425,0.033333,0.458333,0.458333,0.0,0.3,0.383458,-0.36,0.604106
volkan,1.0,137,137-14,0.491667,0.416667,0.5,0.916667,0.675,0.025,0.0,0.629976,0.64,0.630509
volkan,1.0,137,137-15,0.0,0.0,0.0,0.0,0.0,0.0,1.0,0.054495,-1.88,3.003495
volkan,1.0,137,137-16,0.0,0.033333,0.0,0.033333,0.033333,0.0,0.741667,0.24193,-1.16,1.210918
volkan,1.0,137,137-17,0.366667,0.466667,0.108333,0.575,0.575,0.0,0.141667,0.439319,-0.08,0.475502
volkan,1.0,137,137-18,0.0,0.0,0.0,0.0,0.0,0.0,1.0,0.110699,-1.8,2.21641
volkan,1.0,137,137-19,0.0,0.108333,0.0,0.108333,0.108333,0.0,0.583333,0.272957,-0.76,1.045286
volkan,1.0,137,137-20,0.058333,0.325,0.0,0.325,0.325,0.0,0.4,0.33441,-0.52,0.745524
volkan,1.0,137,137-21,0.008333,0.208333,0.0,0.208333,0.208333,0.0,0.408333,0.319153,-0.8,0.794517
volkan,1.0,137,137-22,0.0,0.0,0.0,0.0,0.0,0.0,0.816667,0.204173,-1.32,1.447591
volkan,1.0,137,137-23,0.566667,0.408333,0.525,0.933333,0.683333,0.008333,0.0,0.633705,0.64,0.620327
volkan,1.0,137,137-24,0.041667,0.125,0.0,0.125,0.125,0.0,0.608333,0.279635,-1.2,1.01176
volkan,1.0,137,137-25,0.441667,0.441667,0.475,0.916667,0.683333,0.0,0.0,0.592706,0.04,0.553324
volkan,1.0,137,137-26,0.033333,0.333333,0.0,0.333333,0.333333,0.0,0.375,0.339552,-0.56,0.705683
volkan,1.0,137,137-27,0.433333,0.491667,0.166667,0.658333,0.658333,0.0,0.108333,0.463719,-0.36,0.431981
volkan,1.0,137,137-28,0.033333,0.208333,0.0,0.208333,0.208333,0.0,0.475,0.309434,-1.12,0.857871
volkan,1.0,137,137-29,0.525,0.366667,0.541667,0.908333,0.65,0.0,0.0,0.651751,0.24,0.691888
volkan,1.0,137,137-30,0.425,0.466667,0.25,0.716667,0.691667,0.0,0.033333,0.490747,0.2,0.429783
volkan,1.0,137,137-31,0.0,0.008333,0.0,0.008333,0.008333,0.0,0.775,0.219901,-1.36,1.349592
volkan,1.0,137,137-32,0.508333,0.541667,0.366667,0.908333,0.716667,0.0,0.0,0.570242,0.64,0.468737
volkan,1.0,137,137-33,0.0,0.0,0.066667,0.066667,0.0,0.841667,0.0,0.892515,1.72,2.212005
volkan,1.0,137,137-34,0.0,0.0,0.0,0.0,0.0,0.0,1.0,0.116501,-1.68,2.140778
volkan,1.0,137,137-35,0.175,0.416667,0.008333,0.425,0.425,0.0,0.308333,0.37543,-0.32,0.606339
volkan,1.0,137,137-36,0.283333,0.466667,0.041667,0.508333,0.508333,0.0,0.191667,0.415432,0.04,0.486078
volkan,1.0,137,137-37,0.166667,0.433333,0.008333,0.441667,0.441667,0.0,0.325,0.370168,-0.72,0.62671
volkan,1.0,137,137-38,0.6,0.416667,0.516667,0.933333,0.733333,0.008333,0.0,0.621918,0.88,0.587147
volkan,1.0,137,137-39,0.15,0.425,0.008333,0.433333,0.433333,0.0,0.391667,0.356178,-0.56,0.683345
volkan,1.0,137,137-40,0.45,0.458333,0.458333,0.916667,0.708333,0.0,0.0,0.576488,0.12,0.505522
volkan,1.0,137,137-41,0.508333,0.475,0.408333,0.883333,0.708333,0.0,0.0,0.566409,0.2,0.486687
volkan,1.0,137,137-42,0.0,0.0,0.0,0.0,0.0,0.0,0.816667,0.213079,-1.2,1.377207
volkan,1.0,137,137-43,0.0,0.0,0.0,0.0,0.0,0.0,0.9,0.194207,-1.24,1.501164
volkan,1.0,137,137-44,0.208333,0.008333,0.483333,0.491667,0.208333,0.233333,0.0,0.784646,1.36,1.380693
volkan,1.0,137,137-45,0.175,0.425,0.0,0.425,0.425,0.0,0.308333,0.366825,-0.64,0.630193
volkan,1.0,137,137-46,0.333333,0.5,0.091667,0.591667,0.591667,0.0,0.133333,0.443212,-0.32,0.420671
volkan,1.0,137,137-47,0.358333,0.05,0.708333,0.758333,0.358333,0.108333,0.0,0.734191,1.12,1.061782
volkan,1.0,137,137-48,0.525,0.5,0.391667,0.891667,0.808333,0.0,0.0,0.54945,0.24,0.41983
volkan,1.0,137,137-49,0.0,0.158333,0.0,0.158333,0.158333,0.0,0.541667,0.287465,-0.88,0.964952
volkan,1.0,137,137-50,0.041667,0.3,0.0,0.3,0.3,0.0,0.4,0.336461,-0.88,0.731814
volkan,1.0,137,137-51,0.55,0.366667,0.508333,0.875,0.641667,0.066667,0.0,0.656159,0.96,0.730194
volkan,1.0,137,137-52,0.475,0.166667,0.641667,0.808333,0.483333,0.041667,0.0,0.70224,1.04,0.90633
volkan,1.0,137,137-53,0.075,0.366667,0.0,0.366667,0.366667,0.0,0.333333,0.353462,-0.64,0.651056
volkan,1.0,137,137-54,0.525,0.158333,0.716667,0.875,0.525,0.041667,0.0,0.694199,1.0,0.859832
volkan,1.0,137,137-55,0.075,0.233333,0.0,0.233333,0.233333,0.0,0.45,0.319372,-0.92,0.833135
volkan,1.0,137,137-56,0.416667,0.508333,0.116667,0.625,0.625,0.0,0.1,0.452663,-0.04,0.424099
volkan,1.0,137,137-57,0.0,0.0,0.0,0.0,0.0,0.0,0.975,0.178596,-1.68,1.592384
volkan,1.0,137,137-58,0.091667,0.375,0.0,0.375,0.375,0.0,0.308333,0.3623,-0.72,0.614454
volkan,1.0,137,137-59,0.491667,0.55,0.275,0.825,0.791667,0.0,0.0,0.518538,0.32,0.394448
volkan,1.0,137,137-60,0.4,0.433333,0.241667,0.675,0.625,0.0,0.091667,0.482021,-0.12,0.469801
volkan,1.0,137,137-61,0.491667,0.5,0.433333,0.933333,0.758333,0.0,0.0,0.572725,0.2,0.474859
volkan,1.0,137,137-62,0.0,0.083333,0.0,0.083333,0.083333,0.0,0.641667,0.264967,-1.04,1.082385
volkan,1.0,137,137-63,0.125,0.375,0.0,0.375,0.375,0.0,0.333333,0.364029,-0.56,0.629088
volkan,1.0,137,137-64,0.225,0.491667,0.016667,0.508333,0.508333,0.0,0.266667,0.3893,-0.8,0.56998
volkan,1.0,137,137-65,0.258333,0.016667,0.675,0.691667,0.258333,0.158333,0.0,0.762298,1.36,1.246856
volkan,1.0,137,137-66,0.0,0.0,0.0,0.0,0.0,0.0,0.95,0.179237,-1.16,1.602227
volkan,1.0,137,137-67,0.125,0.358333,0.0,0.358333,0.358333,0.0,0.35,0.352738,-0.92,0.687889
volkan,1.0,137,137-68,0.183333,0.4,0.008333,0.408333,0.408333,0.0,0.3,0.37634,-0.6,0.609402
volkan,1.0,137,137-69,0.0,0.0,0.0,0.0,0.0,0.975,0.0,0.927318,2.16,2.670978
volkan,1.0,137,137-70,0.433333,0.508333,0.383333,0.891667,0.725,0.0,0.0,0.555748,0.48,0.475544
volkan,1.0,137,137-71,0.2,0.508333,0.0,0.508333,0.508333,0.0,0.266667,0.392837,-0.52,0.541763
volkan,1.0,137,137-72,0.316667,0.508333,0.066667,0.575,0.575,0.0,0.225,0.416352,-0.6,0.512708
volkan,1.0,137,137-73,0.0,0.0,0.0,0.0,0.0,0.0,1.0,0.136561,-1.64,1.955164
volkan,1.0,137,137-74,0.333333,0.55,0.075,0.625,0.625,0.0,0.075,0.448298,-0.56,0.399906
volkan,1.0,137,137-75,0.55,0.208333,0.625,0.833333,0.55,0.05,0.0,0.688775,1.08,0.845568
volkan,1.0,137,137-76,0.125,0.391667,0.0,0.391667,0.391667,0.0,0.316667,0.366368,-0.88,0.626656
volkan,1.0,137,137-77,0.008333,0.175,0.0,0.175,0.175,0.0,0.458333,0.304919,-0.92,0.875386
volkan,1.0,137,137-78,0.066667,0.325,0.0,0.325,0.325,0.0,0.366667,0.344766,-0.96,0.698512
volkan,1.0,137,137-79,0.466667,0.45,0.441667,0.891667,0.683333,0.016667,0.0,0.604795,0.56,0.585278
volkan,1.0,137,137-80,0.475,0.475,0.35,0.825,0.725,0.0,0.0,0.538235,0.44,0.4511
volkan,1.0,137,137-81,0.566667,0.3,0.608333,0.908333,0.616667,0.016667,0.0,0.661919,0.68,0.72989
volkan,1.0,137,137-82,0.366667,0.491667,0.116667,0.608333,0.608333,0.0,0.133333,0.443653,-0.44,0.452876
volkan,1.0,137,137-83,0.433333,0.541667,0.35,0.891667,0.766667,0.0,0.0,0.55925,0.76,0.451765
volkan,1.0,137,137-84,0.0,0.033333,0.0,0.033333,0.033333,0.0,0.791667,0.237089,-1.32,1.229414
volkan,1.0,137,137-85,0.4,0.45,0.15,0.6,0.6,0.0,0.183333,0.445746,-0.04,0.503978
volkan,1.0,137,137-86,0.0,0.0,0.0,0.0,0.0,0.0,0.916667,0.199377,-1.2,1.459017
volkan,1.0,137,137-87,0.0,0.1,0.0,0.1,0.1,0.0,0.616667,0.267479,-0.84,1.067929
volkan,1.0,137,137-88,0.0,0.0,0.0,0.0,0.0,0.0,0.75,0.238704,-1.04,1.213824
volkan,1.0,137,137-89,0.183333,0.433333,0.008333,0.441667,0.441667,0.0,0.316667,0.378871,-0.68,0.605951
volkan,1.0,137,137-90,0.566667,0.366667,0.55,0.916667,0.641667,0.016667,0.0,0.648724,0.6,0.668509
volkan,1.0,137,137-91,0.45,0.541667,0.216667,0.758333,0.741667,0.0,0.0,0.491915,0.16,0.407942
volkan,1.0,137,137-92,0.0,0.0,0.0,0.0,0.0,0.0,0.916667,0.197739,-1.2,1.472467
volkan,1.0,137,137-93,0.433333,0.483333,0.341667,0.825,0.675,0.0,0.033333,0.53848,0.32,0.500827
volkan,1.0,137,137-94,0.041667,0.0,0.291667,0.291667,0.041667,0.5,0.0,0.835734,1.8,1.706762
volkan,1.0,137,137-95,0.516667,0.183333,0.65,0.833333,0.533333,0.05,0.0,0.691077,0.72,0.856519
volkan,1.0,137,137-96,0.516667,0.533333,0.383333,0.916667,0.783333,0.0,0.0,0.558582,0.48,0.445874
volkan,1.0,137,137-97,0.6,0.3,0.625,0.925,0.625,0.008333,0.0,0.665318,0.84,0.724579
volkan,1.0,137,137-98,0.475,0.258333,0.55,0.808333,0.541667,0.05,0.0,0.680377,0.8,0.816604
volkan,1.0,137,137-99,0.5,0.583333,0.175,0.758333,0.741667,0.0,0.033333,0.497726,-0.2,0.406686
volkan,1.0,137,137-100,0.066667,0.341667,0.0,0.341667,0.341667,0.0,0.408333,0.341917,-0.36,0.705434
volkan,1.0,137,137-101,0.041667,0.0,0.366667,0.366667,0.041667,0.375,0.0,0.822402,1.44,1.620462
volkan,1.0,137,137-102,0.441667,0.541667,0.175,0.716667,0.716667,0.0,0.05,0.477531,0.12,0.416085
volkan,1.0,137,137-103,0.441667,0.183333,0.6,0.783333,0.475,0.041667,0.0,0.69585,0.88,0.879725
volkan,1.0,137,137-104,0.283333,0.45,0.066667,0.516667,0.516667,0.0,0.208333,0.418245,-0.24,0.512314
volkan,1.0,137,137-105,0.041667,0.0,0.341667,0.341667,0.041667,0.475,0.0,0.833635,1.64,1.706712
volkan,1.0,137,137-106,0.0,0.0,0.0,0.0,0.0,0.0,1.0,0.038086,-2.32,3.410665
volkan,1.0,137,137-107,0.091667,0.4,0.0,0.4,0.4,0.0,0.325,0.363665,-0.64,0.60921
volkan,1.0,137,137-108,0.0,0.0,0.0,0.0,0.0,0.0,1.0,0.03949,-2.28,3.362107
volkan,1.0,137,137-109,0.25,0.008333,0.608333,0.616667,0.25,0.183333,0.0,0.765301,1.24,1.2509
volkan,1.0,137,137-110,0.0,0.116667,0.0,0.116667,0.116667,0.0,0.5,0.290182,-0.8,0.935594
volkan,1.0,137,137-111,0.483333,0.25,0.533333,0.783333,0.516667,0.058333,0.0,0.686086,0.8,0.841277
volkan,1.0,137,137-112,0.016667,0.308333,0.0,0.308333,0.308333,0.0,0.433333,0.319288,-0.8,0.818831
volkan,1.0,137,137-113,0.0,0.141667,0.0,0.141667,0.141667,0.0,0.591667,0.278014,-0.84,1.012333
volkan,1.0,137,137-114,0.058333,0.283333,0.0,0.283333,0.283333,0.0,0.375,0.33119,-0.84,0.759015
volkan,1.0,137,137-115,0.108333,0.325,0.0,0.325,0.325,0.0,0.383333,0.346179,-0.88,0.714563
volkan,1.0,137,137-116,0.55,0.216667,0.6,0.816667,0.558333,0.058333,0.0,0.685307,0.96,0.828592
volkan,1.0,137,137-117,0.0,0.1,0.0,0.1,0.1,0.0,0.616667,0.274819,-1.08,1.020099
volkan,1.0,137,137-118,0.0,0.0,0.0,0.0,0.0,0.0,1.0,0.110748,-1.96,2.202711
volkan,1.0,137,137-119,0.083333,0.333333,0.0,0.333333,0.333333,0.0,0.358333,0.342373,-0.64,0.713889
volkan,1.0,137,137-120,0.125,0.0,0.391667,0.391667,0.125,0.391667,0.0,0.808126,1.6,1.521479
volkan,1.0,137,137-121,0.025,0.0,0.283333,0.283333,0.025,0.533333,0.0,0.843442,1.52,1.78782
volkan,1.0,137,137-122,0.366667,0.533333,0.066667,0.6,0.6,0.0,0.166667,0.439039,-0.4,0.449869
volkan,1.0,137,137-123,0.0,0.0,0.0,0.0,0.0,0.0,0.933333,0.170849,-1.68,1.719302
volkan,1.0,137,137-124,0.0,0.0,0.0,0.0,0.0,0.0,1.0,0.140058,-1.88,1.905169
volkan,1.0,137,137-125,0.35,0.508333,0.108333,0.616667,0.616667,0.0,0.166667,0.438091,-0.68,0.471575
volkan,1.0,137,137-126,0.4,0.483333,0.158333,0.641667,0.616667,0.0,0.116667,0.462224,-0.04,0.466827
volkan,1.0,137,137-127,0.0,0.016667,0.0,0.016667,0.016667,0.0,0.825,0.23736,-1.32,1.218271
volkan,1.0,137,137-128,0.183333,0.441667,0.0,0.441667,0.441667,0.0,0.308333,0.371679,-0.48,0.612979
volkan,1.0,137,137-129,0.558333,0.433333,0.483333,0.916667,0.675,0.033333,0.0,0.636391,0.84,0.632812
volkan,1.0,137,137-130,0.166667,0.508333,0.0,0.508333,0.508333,0.0,0.266667,0.386471,-0.88,0.559809
volkan,1.0,137,137-131,0.058333,0.366667,0.0,0.366667,0.366667,0.0,0.341667,0.349946,-0.92,0.670894
volkan,1.0,137,137-132,0.5,0.458333,0.366667,0.825,0.733333,0.0,0.0,0.536119,-0.08,0.4489
volkan,1.0,137,137-133,0.0,0.0,0.0,0.0,0.0,0.0,0.866667,0.188854,-1.48,1.550176
volkan,1.0,137,137-134,0.408333,0.508333,0.141667,0.65,0.65,0.0,0.125,0.459165,-0.36,0.443172
volkan,1.0,137,137-135,0.416667,0.475,0.175,0.65,0.641667,0.0,0.066667,0.471554,0.16,0.433989
volkan,1.0,137,137-136,0.241667,0.483333,0.033333,0.516667,0.516667,0.0,0.208333,0.409003,-0.28,0.501969
volkan,1.0,137,137-137,0.108333,0.316667,0.0,0.316667,0.316667,0.0,0.416667,0.334664,-1.04,0.780202
volkan,1.0,137,137-138,0.258333,0.508333,0.05,0.558333,0.558333,0.0,0.216667,0.410909,-0.48,0.501716
volkan,1.0,137,137-139,0.525,0.4,0.508333,0.908333,0.625,0.033333,0.0,0.648579,0.68,0.675519
volkan,1.0,137,137-140,0.0,0.0,0.0,0.0,0.0,0.0,1.0,0.066035,-2.0,2.784541
volkan,1.0,137,137-141,0.508333,0.466667,0.458333,0.925,0.675,0.008333,0.0,0.624383,0.52,0.594562
volkan,1.0,137,137-142,0.291667,0.491667,0.033333,0.525,0.525,0.0,0.225,0.407961,-0.44,0.532165
volkan,1.0,137,137-143,0.008333,0.141667,0.0,0.141667,0.141667,0.0,0.55,0.285595,-0.96,0.987438
volkan,1.0,137,137-144,0.358333,0.441667,0.133333,0.575,0.566667,0.0,0.141667,0.447666,0.12,0.477541
volkan,1.0,137,137-145,0.491667,0.433333,0.4,0.833333,0.725,0.0,0.008333,0.540212,-0.04,0.458565
volkan,1.0,137,137-146,0.541667,0.483333,0.475,0.958333,0.733333,0.008333,0.0,0.615142,0.68,0.557417
volkan,1.0,137,137-147,0.041667,0.241667,0.0,0.241667,0.241667,0.0,0.425,0.320197,-0.88,0.809941
volkan,1.0,137,137-148,0.0,0.05,0.0,0.05,0.05,0.0,0.716667,0.251002,-1.12,1.155865
volkan,1.0,137,137-149,0.291667,0.466667,0.033333,0.5,0.5,0.0,0.233333,0.410637,-0.2,0.528385
volkan,1.0,137,137-150,0.0,0.0,0.0,0.0,0.0,0.0,0.841667,0.207357,-1.48,1.420212
volkan,1.0,137,137-151,0.25,0.033333,0.625,0.658333,0.25,0.183333,0.0,0.758177,1.0,1.201208
volkan,1.0,137,137-152,0.0,0.0,0.0,0.0,0.0,1.0,0.0,0.958762,2.2,3.324448
volkan,1.0,137,137-153,0.0,0.0,0.0,0.0,0.0,0.0,0.766667,0.234121,-1.28,1.248629
volkan,1.0,137,137-154,0.241667,0.008333,0.65,0.658333,0.241667,0.191667,0.0,0.762104,0.88,1.225909
volkan,1.0,137,137-155,0.491667,0.466667,0.433333,0.9,0.75,0.0,0.0,0.567924,0.32,0.474087
volkan,1.0,137,137-156,0.25,0.483333,0.025,0.508333,0.508333,0.0,0.241667,0.403695,-0.36,0.521035
volkan,1.0,137,137-157,0.533333,0.475,0.441667,0.916667,0.7,0.0,0.0,0.620116,0.6,0.586287
volkan,1.0,137,137-158,0.55,0.4,0.541667,0.941667,0.675,0.0,0.0,0.631191,0.52,0.622517
volkan,1.0,137,137-159,0.391667,0.433333,0.233333,0.666667,0.625,0.0,0.1,0.480454,-0.16,0.471727
volkan,1.0,137,137-160,0.0,0.133333,0.0,0.133333,0.133333,0.0,0.566667,0.280867,-0.56,0.997379
volkan,1.0,137,137-161,0.375,0.458333,0.125,0.583333,0.583333,0.0,0.141667,0.441344,-0.12,0.474097
volkan,1.0,137,137-162,0.0,0.0,0.0,0.0,0.0,0.0,0.85,0.205627,-1.44,1.431758
volkan,1.0,137,137-163,0.45,0.516667,0.358333,0.875,0.725,0.0,0.0,0.55871,0.44,0.482718
volkan,1.0,137,137-164,0.058333,0.391667,0.0,0.391667,0.391667,0.0,0.3,0.358165,-0.92,0.624316
volkan,1.0,137,137-165,0.55,0.35,0.558333,0.908333,0.65,0.008333,0.0,0.650924,0.52,0.678138
volkan,1.0,137,137-166,0.325,0.516667,0.091667,0.608333,0.608333,0.0,0.133333,0.441327,-0.28,0.435602
volkan,1.0,137,137-167,0.191667,0.475,0.016667,0.491667,0.491667,0.0,0.241667,0.390165,-0.96,0.547486
volkan,1.0,137,137-168,0.0,0.025,0.0,0.025,0.025,0.0,0.733333,0.244963,-0.96,1.193843
volkan,1.0,137,137-169,0.491667,0.466667,0.35,0.816667,0.75,0.0,0.0,0.527578,0.24,0.431657
volkan,1.0,137,137-170,0.425,0.533333,0.15,0.683333,0.683333,0.0,0.075,0.469995,0.0,0.421418
volkan,1.0,137,137-171,0.058333,0.375,0.0,0.375,0.375,0.0,0.341667,0.351503,-0.76,0.655399
volkan,1.0,137,137-172,0.258333,0.475,0.05,0.525,0.525,0.0,0.275,0.404687,-0.32,0.550514
volkan,1.0,137,137-173,0.591667,0.483333,0.466667,0.95,0.7,0.0,0.0,0.624773,0.68,0.56539
volkan,1.0,137,137-174,0.166667,0.341667,0.025,0.366667,0.366667,0.0,0.358333,0.357211,-0.8,0.701138
volkan,1.0,137,137-175,0.0,0.05,0.0,0.05,0.05,0.0,0.816667,0.217991,-1.28,1.354199
volkan,1.0,137,137-176,0.5,0.491667,0.433333,0.925,0.766667,0.0,0.0,0.571234,0.32,0.472525
volkan,1.0,137,137-177,0.433333,0.5,0.133333,0.633333,0.633333,0.0,0.116667,0.451671,-0.36,0.444168
volkan,1.0,137,137-178,0.0,0.0,0.0,0.0,0.0,0.0,0.95,0.168191,-1.44,1.685672
volkan,1.0,137,137-179,0.0,0.0,0.0,0.0,0.0,0.875,0.0,0.905133,1.76,2.340002
volkan,1.0,137,137-180,0.025,0.183333,0.0,0.183333,0.183333,0.0,0.5,0.300169,-0.56,0.898365
volkan,1.0,137,137-181,0.183333,0.441667,0.033333,0.475,0.475,0.0,0.308333,0.381961,-0.68,0.607446
volkan,1.0,137,137-182,0.0,0.0,0.0,0.0,0.0,0.0,1.0,0.144462,-1.52,1.861671
volkan,1.0,137,137-183,0.133333,0.441667,0.008333,0.45,0.45,0.0,0.308333,0.371791,-0.4,0.601277
volkan,1.0,137,137-184,0.0,0.125,0.0,0.125,0.125,0.0,0.583333,0.269974,-1.12,1.06488
volkan,1.0,137,137-185,0.0,0.191667,0.0,0.191667,0.191667,0.0,0.5,0.29897,-1.2,0.905776
volkan,1.0,137,137-186,0.0,0.0,0.0,0.0,0.0,0.0,0.875,0.18955,-1.72,1.536034
volkan,1.0,137,137-187,0.041667,0.308333,0.0,0.308333,0.308333,0.0,0.416667,0.331648,-0.6,0.751154
volkan,1.0,137,137-188,0.0,0.15,0.0,0.15,0.15,0.0,0.441667,0.303748,-0.96,0.869647
volkan,1.0,137,137-189,0.0,0.125,0.0,0.125,0.125,0.0,0.6,0.275952,-1.12,1.02487
volkan,1.0,137,137-190,0.0,0.116667,0.0,0.116667,0.116667,0.0,0.591667,0.28469,-1.32,0.970126
volkan,1.0,137,137-191,0.0,0.0,0.0,0.0,0.0,0.0,0.908333,0.173123,-1.72,1.690138
volkan,1.0,137,137-192,0.0,0.0,0.0,0.0,0.0,0.0,1.0,0.101271,-2.08,2.33034
volkan,1.0,137,137-193,0.0,0.141667,0.0,0.141667,0.141667,0.0,0.575,0.282128,-0.8,0.982726
volkan,1.0,137,137-194,0.158333,0.016667,0.458333,0.475,0.158333,0.291667,0.0,0.794648,1.52,1.442718
volkan,1.0,137,137-195,0.483333,0.558333,0.266667,0.825,0.758333,0.0,0.008333,0.517124,-0.04,0.429199
volkan,1.0,137,137-196,0.033333,0.233333,0.0,0.233333,0.233333,0.0,0.466667,0.313009,-0.88,0.837427
volkan,1.0,137,137-197,0.0,0.0,0.0,0.0,0.0,0.0,0.966667,0.182539,-1.28,1.576273
volkan,1.0,137,137-198,0.166667,0.458333,0.0,0.458333,0.458333,0.0,0.266667,0.383759,-0.72,0.558072
volkan,1.0,137,137-199,0.291667,0.483333,0.041667,0.525,0.525,0.0,0.216667,0.411703,-0.64,0.526206
volkan,1.0,369,369-0,0.391667,0.533333,0.158333,0.691667,0.683333,0.0,0.075,0.469749,0.16,0.430033
volkan,1.0,369,369-1,0.25,0.441667,0.058333,0.5,0.5,0.0,0.258333,0.404401,-0.04,0.546373
volkan,1.0,369,369-2,0.55,0.275,0.575,0.85,0.591667,0.075,0.0,0.675902,1.16,0.799421
volkan,1.0,369,369-3,0.0,0.108333,0.0,0.108333,0.108333,0.0,0.633333,0.273601,-1.16,1.029054
volkan,1.0,369,369-4,0.416667,0.466667,0.158333,0.625,0.625,0.0,0.091667,0.463333,-0.16,0.448979
volkan,1.0,369,369-5,0.458333,0.491667,0.175,0.666667,0.666667,0.0,0.091667,0.470118,-0.16,0.42748
volkan,1.0,369,369-6,0.0,0.066667,0.0,0.066667,0.066667,0.0,0.658333,0.265953,-1.28,1.068802
volkan,1.0,369,369-7,0.408333,0.516667,0.133333,0.65,0.65,0.0,0.116667,0.456937,-0.12,0.4348
volkan,1.0,369,369-8,0.316667,0.5,0.066667,0.566667,0.566667,0.0,0.208333,0.417416,-0.56,0.503329
volkan,1.0,369,369-9,0.133333,0.0,0.466667,0.466667,0.133333,0.308333,0.0,0.803152,1.32,1.495525
volkan,1.0,369,369-10,0.516667,0.45,0.458333,0.908333,0.733333,0.0,0.0,0.586023,0.36,0.508771
volkan,1.0,369,369-11,0.0,0.0,0.0,0.0,0.0,0.0,1.0,0.032858,-2.32,3.58036
volkan,1.0,369,369-12,0.016667,0.225,0.0,0.225,0.225,0.0,0.483333,0.309248,-0.92,0.859543
volkan,1.0,369,369-13,0.375,0.475,0.116667,0.591667,0.591667,0.0,0.166667,0.439581,-0.24,0.483211
volkan,1.0,369,369-14,0.0,0.0,0.0,0.0,0.0,0.0,1.0,0.042222,-2.0,3.25793
volkan,1.0,369,369-15,0.0,0.0,0.0,0.0,0.0,0.0,1.0,0.055353,-2.28,3.012494
volkan,1.0,369,369-16,0.416667,0.5,0.108333,0.608333,0.608333,0.0,0.108333,0.451411,-0.24,0.419968
volkan,1.0,369,369-17,0.0,0.0,0.0,0.0,0.0,0.0,1.0,0.123849,-1.8,2.069803
volkan,1.0,369,369-18,0.483333,0.141667,0.675,0.816667,0.483333,0.075,0.0,0.707138,1.24,0.93122
volkan,1.0,369,369-19,0.0,0.141667,0.0,0.141667,0.141667,0.0,0.583333,0.284487,-1.28,0.977144
volkan,1.0,369,369-20,0.133333,0.441667,0.0,0.441667,0.441667,0.0,0.291667,0.372739,-0.6,0.590068
volkan,1.0,369,369-21,0.525,0.416667,0.5,0.916667,0.658333,0.016667,0.0,0.636671,0.56,0.64513
volkan,1.0,369,369-22,0.058333,0.241667,0.0,0.241667,0.241667,0.0,0.375,0.331312,-1.12,0.756619
volkan,1.0,369,369-23,0.541667,0.35,0.533333,0.883333,0.633333,0.0,0.0,0.651926,0.68,0.691093
volkan,1.0,369,369-24,0.0,0.15,0.0,0.15,0.15,0.0,0.466667,0.309501,-1.12,0.842804
volkan,1.0,369,369-25,0.075,0.166667,0.0,0.166667,0.166667,0.0,0.466667,0.309297,-1.08,0.866691
volkan,1.0,369,369-26,0.55,0.341667,0.55,0.891667,0.616667,0.008333,0.0,0.659027,0.48,0.707869
volkan,1.0,369,369-27,0.066667,0.25,0.0,0.25,0.25,0.0,0.458333,0.319185,-0.68,0.822839
volkan,1.0,369,369-28,0.0,0.0,0.0,0.0,0.0,0.0,0.816667,0.218318,-1.4,1.335247
volkan,1.0,369,369-29,0.366667,0.5,0.108333,0.608333,0.608333,0.0,0.158333,0.440966,0.0,0.470269
volkan,1.0,369,369-30,0.5,0.483333,0.333333,0.816667,0.75,0.0,0.008333,0.525635,0.2,0.434145
volkan,1.0,369,369-31,0.158333,0.491667,0.0,0.491667,0.491667,0.0,0.266667,0.387821,-0.64,0.526925
volkan,1.0,369,369-32,0.008333,0.2,0.0,0.2,0.2,0.0,0.475,0.310219,-0.84,0.84895
volkan,1.0,369,369-33,0.0,0.0,0.0,0.0,0.0,0.0,1.0,0.095671,-1.84,2.390213
volkan,1.0,369,369-34,0.016667,0.141667,0.0,0.141667,0.141667,0.0,0.45,0.296788,-0.88,0.912659
volkan,1.0,369,369-35,0.225,0.491667,0.0,0.491667,0.491667,0.0,0.283333,0.390743,-0.32,0.573623
volkan,1.0,369,369-36,0.0,0.15,0.0,0.15,0.15,0.0,0.533333,0.296443,-1.28,0.916707
volkan,1.0,369,369-37,0.45,0.491667,0.341667,0.833333,0.716667,0.0,0.0,0.539057,0.6,0.469635
volkan,1.0,369,369-38,0.291667,0.508333,0.033333,0.541667,0.541667,0.0,0.25,0.407831,-0.48,0.524951
volkan,1.0,369,369-39,0.45,0.558333,0.225,0.783333,0.766667,0.0,0.033333,0.492785,0.2,0.410008
volkan,1.0,369,369-40,0.483333,0.475,0.35,0.825,0.75,0.0,0.008333,0.529843,-0.08,0.437376
volkan,1.0,369,369-41,0.0,0.133333,0.0,0.133333,0.133333,0.0,0.608333,0.276093,-1.04,1.028853
volkan,1.0,369,369-42,0.033333,0.183333,0.0,0.183333,0.183333,0.0,0.566667,0.288451,-1.2,0.969482
volkan,1.0,369,369-43,0.0,0.0,0.0,0.0,0.0,0.0,0.916667,0.197942,-1.6,1.47516
volkan,1.0,369,369-44,0.0,0.158333,0.0,0.158333,0.158333,0.0,0.608333,0.278154,-1.52,1.019845
volkan,1.0,369,369-45,0.158333,0.525,0.0,0.525,0.525,0.0,0.25,0.39155,-0.6,0.505437
volkan,1.0,369,369-46,0.466667,0.466667,0.283333,0.75,0.691667,0.0,0.058333,0.506897,-0.2,0.45817
volkan,1.0,369,369-47,0.0,0.025,0.0,0.025,0.025,0.0,0.758333,0.239412,-1.44,1.223007
volkan,1.0,369,369-48,0.325,0.533333,0.058333,0.591667,0.591667,0.0,0.166667,0.429757,-0.52,0.458764
volkan,1.0,369,369-49,0.0,0.0,0.0,0.0,0.0,0.0,1.0,0.146559,-1.72,1.832753
volkan,1.0,369,369-50,0.0,0.0,0.0,0.0,0.0,0.0,0.891667,0.191112,-1.6,1.541025
volkan,1.0,369,369-51,0.383333,0.458333,0.15,0.608333,0.575,0.0,0.133333,0.462483,0.04,0.487728
volkan,1.0,369,369-52,0.408333,0.15,0.633333,0.783333,0.408333,0.091667,0.0,0.719772,1.36,1.003561
volkan,1.0,369,369-53,0.483333,0.483333,0.375,0.858333,0.725,0.0,0.0,0.5547,0.16,0.482004
volkan,1.0,369,369-54,0.0,0.166667,0.0,0.166667,0.166667,0.0,0.633333,0.274609,-1.28,1.038403
volkan,1.0,369,369-55,0.541667,0.5,0.458333,0.958333,0.741667,0.008333,0.0,0.604881,0.52,0.523616
volkan,1.0,369,369-56,0.391667,0.533333,0.1,0.633333,0.633333,0.0,0.183333,0.446648,-0.52,0.455125
volkan,1.0,369,369-57,0.0,0.116667,0.0,0.116667,0.116667,0.0,0.516667,0.289139,-1.16,0.94511
volkan,1.0,369,369-58,0.0,0.0,0.0,0.0,0.0,0.0,0.816667,0.209084,-1.88,1.410529
volkan,1.0,369,369-59,0.341667,0.491667,0.083333,0.575,0.575,0.0,0.15,0.435286,-0.24,0.457613
volkan,1.0,369,369-60,0.033333,0.291667,0.0,0.291667,0.291667,0.0,0.441667,0.326213,-0.52,0.776241
volkan,1.0,369,369-61,0.0,0.0,0.0,0.0,0.0,0.0,1.0,0.112966,-1.76,2.170736
volkan,1.0,369,369-62,0.391667,0.558333,0.066667,0.625,0.625,0.0,0.1,0.449353,-0.36,0.404694
volkan,1.0,369,369-63,0.0,0.0,0.0,0.0,0.0,0.0,1.0,0.131541,-1.96,2.026736
volkan,1.0,369,369-64,0.0,0.166667,0.0,0.166667,0.166667,0.0,0.508333,0.290921,-0.68,0.940886
volkan,1.0,369,369-65,0.5,0.466667,0.483333,0.95,0.725,0.0,0.0,0.593924,0.24,0.52361
volkan,1.0,369,369-66,0.0,0.016667,0.0,0.016667,0.016667,0.0,0.783333,0.221917,-1.4,1.342851
volkan,1.0,369,369-67,0.55,0.366667,0.541667,0.908333,0.666667,0.008333,0.0,0.645142,0.64,0.669643
volkan,1.0,369,369-68,0.516667,0.466667,0.4,0.866667,0.75,0.0,0.0,0.543828,0.04,0.445739
volkan,1.0,369,369-69,0.0,0.0,0.0,0.0,0.0,0.0,0.908333,0.179052,-1.48,1.608438
volkan,1.0,369,369-70,0.55,0.266667,0.616667,0.883333,0.6,0.0,0.0,0.66475,0.8,0.738864
volkan,1.0,369,369-71,0.025,0.208333,0.0,0.208333,0.208333,0.0,0.45,0.312418,-0.84,0.833014
volkan,1.0,369,369-72,0.0,0.116667,0.0,0.116667,0.116667,0.0,0.616667,0.269554,-1.2,1.06132
volkan,1.0,369,369-73,0.491667,0.508333,0.275,0.783333,0.75,0.0,0.016667,0.509893,0.0,0.424234
volkan,1.0,369,369-74,0.341667,0.066667,0.666667,0.733333,0.341667,0.1,0.0,0.736818,1.0,1.083914
volkan,1.0,369,369-75,0.475,0.55,0.325,0.875,0.791667,0.0,0.0,0.53315,0.56,0.401443
volkan,1.0,369,369-76,0.333333,0.475,0.116667,0.591667,0.591667,0.0,0.191667,0.430476,-0.2,0.510404
volkan,1.0,369,369-77,0.458333,0.416667,0.35,0.766667,0.675,0.0,0.033333,0.521863,-0.04,0.471244
volkan,1.0,369,369-78,0.475,0.508333,0.45,0.958333,0.741667,0.0,0.0,0.582682,0.44,0.495334
volkan,1.0,369,369-79,0.0,0.0,0.308333,0.308333,0.0,0.45,0.0,0.839547,1.6,1.736319
volkan,1.0,369,369-80,0.491667,0.458333,0.375,0.833333,0.733333,0.0,0.016667,0.540694,-0.08,0.461758
volkan,1.0,369,369-81,0.341667,0.516667,0.083333,0.6,0.6,0.0,0.166667,0.434135,-0.48,0.474757
volkan,1.0,369,369-82,0.55,0.325,0.566667,0.891667,0.6,0.008333,0.0,0.666334,0.72,0.739378
volkan,1.0,369,369-83,0.0,0.1,0.0,0.1,0.1,0.0,0.591667,0.267726,-1.2,1.084148
volkan,1.0,369,369-84,0.6,0.3,0.608333,0.908333,0.625,0.016667,0.0,0.660381,0.84,0.701361
volkan,1.0,369,369-85,0.058333,0.0,0.341667,0.341667,0.058333,0.433333,0.0,0.824704,1.68,1.618207
volkan,1.0,369,369-86,0.0,0.058333,0.0,0.058333,0.058333,0.0,0.7,0.25042,-1.2,1.158555
volkan,1.0,369,369-87,0.558333,0.55,0.416667,0.966667,0.775,0.0,0.0,0.583878,0.48,0.465727
volkan,1.0,369,369-88,0.541667,0.533333,0.425,0.958333,0.758333,0.0,0.0,0.591918,0.72,0.476483
volkan,1.0,369,369-89,0.0,0.0,0.0,0.0,0.0,0.0,0.916667,0.189406,-1.48,1.525734
volkan,1.0,369,369-90,0.0,0.0,0.0,0.0,0.0,0.0,1.0,0.088351,-2.04,2.466729
volkan,1.0,369,369-91,0.0,0.0,0.0,0.0,0.0,0.858333,0.0,0.909259,2.08,2.419545
volkan,1.0,369,369-92,0.0,0.0,0.0,0.0,0.0,0.0,1.0,0.089123,-1.92,2.460852
volkan,1.0,369,369-93,0.433333,0.108333,0.691667,0.8,0.433333,0.05,0.0,0.711668,1.2,0.948101
volkan,1.0,369,369-94,0.175,0.0,0.633333,0.633333,0.175,0.175,0.0,0.774977,1.12,1.291824
volkan,1.0,369,369-95,0.0,0.0,0.0,0.0,0.0,0.0,0.866667,0.202788,-1.6,1.444868
volkan,1.0,369,369-96,0.033333,0.258333,0.0,0.258333,0.258333,0.0,0.458333,0.317143,-0.6,0.827102
volkan,1.0,369,369-97,0.0,0.0,0.0,0.0,0.0,0.0,1.0,0.109172,-2.0,2.212502
volkan,1.0,369,369-98,0.025,0.175,0.0,0.175,0.175,0.0,0.583333,0.289977,-1.4,0.961833
volkan,1.0,369,369-99,0.0,0.0,0.0,0.0,0.0,0.0,1.0,0.054796,-2.24,3.025958
volkan,1.0,369,369-100,0.0,0.0,0.15,0.15,0.0,0.683333,0.0,0.871521,2.0,2.023726
volkan,1.0,369,369-101,0.0,0.066667,0.0,0.066667,0.066667,0.0,0.708333,0.250055,-1.16,1.170395
volkan,1.0,369,369-102,0.033333,0.266667,0.0,0.266667,0.266667,0.0,0.45,0.310613,-0.92,0.863383
volkan,1.0,369,369-103,0.0,0.0,0.0,0.0,0.0,0.0,1.0,0.090425,-2.04,2.445474
volkan,1.0,369,369-104,0.533333,0.516667,0.416667,0.933333,0.733333,0.0,0.0,0.590977,0.88,0.490423
volkan,1.0,369,369-105,0.458333,0.491667,0.183333,0.675,0.666667,0.0,0.083333,0.475251,-0.16,0.438746
volkan,1.0,369,369-106,0.558333,0.425,0.483333,0.908333,0.683333,0.016667,0.0,0.638871,0.56,0.650281
volkan,1.0,369,369-107,0.333333,0.5,0.108333,0.608333,0.608333,0.0,0.183333,0.434644,-0.36,0.493119
volkan,1.0,369,369-108,0.108333,0.4,0.0,0.4,0.4,0.0,0.333333,0.358251,-0.64,0.656169
volkan,1.0,369,369-109,0.183333,0.475,0.0,0.475,0.475,0.0,0.258333,0.384712,-0.52,0.554861
volkan,1.0,369,369-110,0.183333,0.025,0.5,0.525,0.183333,0.258333,0.0,0.787972,1.12,1.394626
volkan,1.0,369,369-111,0.483333,0.475,0.308333,0.783333,0.733333,0.0,0.058333,0.516709,-0.2,0.458692
volkan,1.0,369,369-112,0.0,0.016667,0.0,0.016667,0.016667,0.0,0.825,0.220781,-1.32,1.331755
volkan,1.0,369,369-113,0.425,0.475,0.216667,0.691667,0.675,0.0,0.041667,0.484861,0.0,0.429097
volkan,1.0,369,369-114,0.383333,0.475,0.158333,0.633333,0.633333,0.0,0.141667,0.453286,-0.28,0.479461
volkan,1.0,369,369-115,0.0,0.141667,0.0,0.141667,0.141667,0.0,0.625,0.275007,-1.04,1.028649
volkan,1.0,369,369-116,0.2,0.5,0.008333,0.508333,0.508333,0.0,0.258333,0.393942,-0.28,0.535222
volkan,1.0,369,369-117,0.0,0.025,0.0,0.025,0.025,0.0,0.841667,0.218529,-1.52,1.352471
volkan,1.0,369,369-118,0.541667,0.475,0.475,0.95,0.708333,0.0,0.0,0.621073,0.6,0.58833
volkan,1.0,369,369-119,0.5,0.483333,0.416667,0.9,0.741667,0.008333,0.0,0.587005,0.32,0.528147
volkan,1.0,369,369-120,0.0,0.0,0.0,0.0,0.0,0.0,1.0,0.146106,-1.6,1.832889
volkan,1.0,369,369-121,0.0,0.0,0.0,0.0,0.0,0.0,0.966667,0.158859,-1.8,1.739958
volkan,1.0,369,369-122,0.541667,0.475,0.483333,0.958333,0.708333,0.0,0.0,0.620799,0.52,0.565093
volkan,1.0,369,369-123,0.441667,0.158333,0.616667,0.775,0.458333,0.075,0.0,0.706208,0.88,0.933853
volkan,1.0,369,369-124,0.0,0.0,0.0,0.0,0.0,0.0,1.0,0.085194,-2.0,2.492562
volkan,1.0,369,369-125,0.583333,0.375,0.533333,0.908333,0.683333,0.016667,0.0,0.644804,0.88,0.659874
volkan,1.0,369,369-126,0.541667,0.508333,0.425,0.933333,0.816667,0.0,0.0,0.565584,0.24,0.452546
volkan,1.0,369,369-127,0.5,0.25,0.566667,0.816667,0.525,0.108333,0.0,0.694242,0.92,0.894533
volkan,1.0,369,369-128,0.491667,0.533333,0.225,0.758333,0.741667,0.0,0.016667,0.500788,-0.08,0.414581
volkan,1.0,369,369-129,0.1,0.0,0.408333,0.408333,0.1,0.325,0.0,0.805277,1.72,1.507119
volkan,1.0,369,369-130,0.475,0.483333,0.383333,0.866667,0.666667,0.0,0.0,0.566529,0.52,0.493522
volkan,1.0,369,369-131,0.516667,0.441667,0.35,0.791667,0.758333,0.0,0.0,0.522304,0.12,0.423227
volkan,1.0,369,369-132,0.5,0.475,0.325,0.8,0.75,0.0,0.0,0.518538,0.08,0.413985
volkan,1.0,369,369-133,0.0,0.0,0.0,0.0,0.0,0.0,1.0,0.136658,-1.72,1.963283
volkan,1.0,369,369-134,0.358333,0.483333,0.125,0.608333,0.591667,0.0,0.116667,0.454689,0.4,0.473776
volkan,1.0,369,369-135,0.033333,0.0,0.25,0.25,0.033333,0.525,0.0,0.8416,1.76,1.764359
volkan,1.0,369,369-136,0.408333,0.091667,0.708333,0.8,0.408333,0.066667,0.0,0.72217,1.32,1.00347
volkan,1.0,369,369-137,0.0,0.108333,0.0,0.108333,0.108333,0.0,0.675,0.259731,-1.08,1.12377
volkan,1.0,369,369-138,0.575,0.433333,0.483333,0.916667,0.7,0.008333,0.0,0.635092,0.8,0.620006
volkan,1.0,369,369-139,0.475,0.425,0.341667,0.766667,0.725,0.0,0.016667,0.511629,0.16,0.440795
volkan,1.0,369,369-140,0.0,0.0,0.0,0.0,0.0,0.0,1.0,0.141206,-1.8,1.921494
volkan,1.0,369,369-141,0.0,0.158333,0.0,0.158333,0.158333,0.0,0.475,0.296433,-0.92,0.910162
volkan,1.0,369,369-142,0.0,0.0,0.0,0.0,0.0,0.0,1.0,0.112035,-2.08,2.201328
volkan,1.0,369,369-143,0.55,0.416667,0.525,0.941667,0.683333,0.008333,0.0,0.630216,0.48,0.608831
volkan,1.0,369,369-144,0.05,0.3,0.0,0.3,0.3,0.0,0.35,0.347325,-0.68,0.688468
volkan,1.0,369,369-145,0.0,0.0,0.0,0.0,0.0,0.0,0.908333,0.185427,-1.64,1.562485
volkan,1.0,369,369-146,0.458333,0.425,0.291667,0.716667,0.658333,0.0,0.05,0.499725,0.2,0.453917
volkan,1.0,369,369-147,0.316667,0.541667,0.041667,0.583333,0.583333,0.0,0.166667,0.431204,-0.56,0.442221
volkan,1.0,369,369-148,0.0,0.133333,0.0,0.133333,0.133333,0.0,0.708333,0.259389,-1.48,1.11174
volkan,1.0,369,369-149,0.508333,0.425,0.5,0.925,0.658333,0.0,0.0,0.636481,0.48,0.637188
volkan,1.0,369,369-150,0.5,0.475,0.35,0.825,0.758333,0.0,0.033333,0.522053,0.0,0.443449
volkan,1.0,369,369-151,0.066667,0.366667,0.0,0.366667,0.366667,0.0,0.341667,0.349113,-0.76,0.674437
volkan,1.0,369,369-152,0.366667,0.491667,0.091667,0.583333,0.583333,0.0,0.175,0.432147,-0.16,0.476831
volkan,1.0,369,369-153,0.491667,0.266667,0.566667,0.833333,0.558333,0.05,0.0,0.675182,0.8,0.796732
volkan,1.0,369,369-154,0.0,0.0,0.0,0.0,0.0,0.0,1.0,0.074825,-1.96,2.626257
volkan,1.0,369,369-155,0.5,0.241667,0.566667,0.808333,0.5,0.058333,0.0,0.695056,0.96,0.875847
volkan,1.0,369,369-156,0.0,0.016667,0.0,0.016667,0.016667,0.0,0.775,0.222603,-1.56,1.32732
volkan,1.0,369,369-157,0.033333,0.25,0.0,0.25,0.25,0.0,0.391667,0.328797,-1.12,0.763177
volkan,1.0,369,369-158,0.575,0.516667,0.466667,0.983333,0.8,0.0,0.0,0.596691,0.4,0.489186
volkan,1.0,369,369-159,0.025,0.375,0.0,0.375,0.375,0.0,0.375,0.343605,-0.72,0.692687
volkan,1.0,369,369-160,0.375,0.083333,0.683333,0.766667,0.375,0.066667,0.0,0.725796,1.08,1.019327
volkan,1.0,369,369-161,0.0,0.041667,0.0,0.041667,0.041667,0.0,0.675,0.244925,-1.16,1.196163
volkan,1.0,369,369-162,0.108333,0.375,0.0,0.375,0.375,0.0,0.333333,0.357625,-0.64,0.650844
volkan,1.0,369,369-163,0.0,0.0,0.0,0.0,0.0,0.0,1.0,0.048273,-2.2,3.146266
volkan,1.0,369,369-164,0.533333,0.25,0.6,0.85,0.575,0.033333,0.0,0.675514,0.8,0.78635
volkan,1.0,369,369-165,0.0,0.0,0.0,0.0,0.0,0.0,0.883333,0.185116,-1.64,1.580193
volkan,1.0,369,369-166,0.275,0.083333,0.566667,0.65,0.275,0.191667,0.0,0.756951,1.36,1.213455
volkan,1.0,369,369-167,0.5,0.475,0.416667,0.891667,0.7,0.0,0.0,0.572571,0.08,0.519524
volkan,1.0,369,369-168,0.5,0.15,0.633333,0.783333,0.508333,0.1,0.0,0.707065,1.28,0.945851
volkan,1.0,369,369-169,0.016667,0.208333,0.0,0.208333,0.208333,0.0,0.5,0.299879,-0.88,0.910704
volkan,1.0,369,369-170,0.466667,0.433333,0.358333,0.791667,0.666667,0.0,0.016667,0.532054,0.0,0.496766
volkan,1.0,369,369-171,0.025,0.241667,0.0,0.241667,0.241667,0.0,0.425,0.319494,-0.92,0.810077
volkan,1.0,369,369-172,0.175,0.458333,0.016667,0.475,0.475,0.0,0.266667,0.386113,-0.48,0.563496
volkan,1.0,369,369-173,0.258333,0.45,0.058333,0.508333,0.508333,0.0,0.208333,0.407077,-0.96,0.547301
volkan,1.0,369,369-174,0.4,0.458333,0.166667,0.625,0.625,0.0,0.158333,0.451732,0.08,0.503223
volkan,1.0,369,369-175,0.016667,0.116667,0.0,0.116667,0.116667,0.0,0.466667,0.296511,-0.92,0.908133
volkan,1.0,369,369-176,0.433333,0.45,0.291667,0.741667,0.683333,0.0,0.083333,0.504022,-0.28,0.479852
volkan,1.0,369,369-177,0.508333,0.4,0.491667,0.891667,0.65,0.033333,0.0,0.648249,0.72,0.700535
volkan,1.0,369,369-178,0.0,0.183333,0.0,0.183333,0.183333,0.0,0.525,0.291196,-1.28,0.952454
volkan,1.0,369,369-179,0.0,0.0,0.0,0.0,0.0,0.0,0.958333,0.153942,-1.4,1.820949
volkan,1.0,369,369-180,0.408333,0.5,0.125,0.625,0.625,0.0,0.125,0.454117,-0.16,0.447657
volkan,1.0,369,369-181,0.375,0.475,0.15,0.625,0.625,0.0,0.125,0.454356,0.04,0.452772
volkan,1.0,369,369-182,0.491667,0.425,0.366667,0.791667,0.708333,0.0,0.016667,0.528994,0.0,0.46107
volkan,1.0,369,369-183,0.308333,0.466667,0.091667,0.558333,0.558333,0.0,0.175,0.423314,-0.28,0.504299
volkan,1.0,369,369-184,0.208333,0.408333,0.033333,0.441667,0.441667,0.0,0.3,0.378444,-0.84,0.636661
volkan,1.0,369,369-185,0.0,0.0,0.0,0.0,0.0,0.0,1.0,0.150684,-1.88,1.808401
volkan,1.0,369,369-186,0.025,0.166667,0.0,0.166667,0.166667,0.0,0.475,0.299505,-1.0,0.899818
volkan,1.0,369,369-187,0.141667,0.466667,0.0,0.466667,0.466667,0.0,0.333333,0.370159,-0.68,0.625092
volkan,1.0,369,369-188,0.0,0.041667,0.0,0.041667,0.041667,0.0,0.708333,0.236548,-1.36,1.259774
volkan,1.0,369,369-189,0.3,0.475,0.075,0.55,0.55,0.0,0.183333,0.420637,-0.16,0.499761
volkan,1.0,369,369-190,0.425,0.466667,0.291667,0.758333,0.683333,0.0,0.05,0.502836,0.16,0.459035
volkan,1.0,369,369-191,0.341667,0.441667,0.125,0.566667,0.566667,0.0,0.183333,0.436786,-0.08,0.492906
volkan,1.0,369,369-192,0.033333,0.233333,0.0,0.233333,0.233333,0.0,0.416667,0.324497,-0.76,0.778723
volkan,1.0,369,369-193,0.308333,0.508333,0.025,0.533333,0.533333,0.0,0.2,0.411574,-0.56,0.526595
volkan,1.0,369,369-194,0.483333,0.5,0.275,0.775,0.741667,0.0,0.008333,0.504021,0.16,0.426988
volkan,1.0,369,369-195,0.0,0.0,0.0,0.0,0.0,0.0,1.0,0.043145,-2.2,3.271201
volkan,1.0,369,369-196,0.025,0.258333,0.0,0.258333,0.258333,0.0,0.441667,0.322451,-0.76,0.785131
volkan,1.0,369,369-197,0.0,0.0,0.0,0.0,0.0,0.0,1.0,0.122038,-2.16,2.122611
volkan,1.0,369,369-198,0.433333,0.45,0.325,0.775,0.7,0.0,0.025,0.515077,0.32,0.459774
volkan,1.0,369,369-199,0.0,0.0,0.0,0.0,0.0,0.0,1.0,0.083005,-1.84,2.516624
volkan,1.0,1024,1024-0,0.075,0.233333,0.0,0.233333,0.233333,0.0,0.466667,0.313068,-0.88,0.852794
volkan,1.0,1024,1024-1,0.133333,0.508333,0.0,0.508333,0.508333,0.0,0.3,0.38547,-0.56,0.539936
volkan,1.0,1024,1024-2,0.0,0.0,0.141667,0.141667,0.0,0.65,0.0,0.867529,1.8,1.980039
volkan,1.0,1024,1024-3,0.325,0.483333,0.083333,0.566667,0.566667,0.0,0.183333,0.427276,-0.32,0.484797
volkan,1.0,1024,1024-4,0.366667,0.133333,0.591667,0.725,0.366667,0.133333,0.0,0.730782,0.92,1.057965
volkan,1.0,1024,1024-5,0.5,0.491667,0.325,0.816667,0.775,0.0,0.05,0.519663,-0.32,0.446093
volkan,1.0,1024,1024-6,0.141667,0.425,0.008333,0.433333,0.433333,0.0,0.3,0.367078,-0.6,0.627705
volkan,1.0,1024,1024-7,0.0,0.108333,0.0,0.108333,0.108333,0.0,0.658333,0.265805,-1.2,1.080168
volkan,1.0,1024,1024-8,0.033333,0.3,0.0,0.3,0.3,0.0,0.416667,0.334487,-0.76,0.728865
volkan,1.0,1024,1024-9,0.5,0.508333,0.291667,0.8,0.741667,0.0,0.025,0.517696,-0.28,0.423141
volkan,1.0,1024,1024-10,0.0,0.0,0.0,0.0,0.0,0.0,1.0,0.153494,-1.56,1.791966
volkan,1.0,1024,1024-11,0.116667,0.308333,0.0,0.308333,0.308333,0.0,0.391667,0.332073,-0.52,0.769649
volkan,1.0,1024,1024-12,0.291667,0.083333,0.6,0.683333,0.291667,0.15,0.0,0.748831,1.2,1.162781
volkan,1.0,1024,1024-13,0.458333,0.458333,0.425,0.883333,0.7,0.0,0.0,0.579204,0.32,0.519373
volkan,1.0,1024,1024-14,0.441667,0.508333,0.158333,0.666667,0.666667,0.0,0.116667,0.464541,-0.4,0.434381
volkan,1.0,1024,1024-15,0.1,0.308333,0.0,0.308333,0.308333,0.0,0.4,0.33493,-0.76,0.75218
volkan,1.0,1024,1024-16,0.0,0.025,0.0,0.025,0.025,0.0,0.758333,0.231187,-0.96,1.278877
volkan,1.0,1024,1024-17,0.05,0.0,0.375,0.375,0.05,0.433333,0.0,0.820086,1.52,1.61053
volkan,1.0,1024,1024-18,0.458333,0.5,0.333333,0.833333,0.741667,0.0,0.0,0.533544,0.36,0.439019
volkan,1.0,1024,1024-19,0.0,0.0,0.0,0.0,0.0,0.0,0.775,0.213001,-1.56,1.385112
volkan,1.0,1024,1024-20,0.0,0.025,0.0,0.025,0.025,0.0,0.758333,0.241692,-1.12,1.207839
volkan,1.0,1024,1024-21,0.008333,0.175,0.0,0.175,0.175,0.0,0.475,0.304479,-1.28,0.871805
volkan,1.0,1024,1024-22,0.0,0.233333,0.0,0.233333,0.233333,0.0,0.425,0.319066,-0.72,0.795421
volkan,1.0,1024,1024-23,0.491667,0.483333,0.358333,0.841667,0.725,0.0,0.0,0.543361,0.32,0.46084
volkan,1.0,1024,1024-24,0.458333,0.283333,0.558333,0.841667,0.533333,0.058333,0.0,0.67524,1.0,0.808564
volkan,1.0,1024,1024-25,0.15,0.383333,0.033333,0.416667,0.416667,0.0,0.308333,0.37175,-0.6,0.616969
volkan,1.0,1024,1024-26,0.533333,0.383333,0.525,0.908333,0.641667,0.041667,0.0,0.646677,0.68,0.670128
volkan,1.0,1024,1024-27,0.0,0.0,0.0,0.0,0.0,0.0,0.941667,0.178442,-1.56,1.611193
volkan,1.0,1024,1024-28,0.45,0.458333,0.3,0.758333,0.683333,0.0,0.0,0.521967,0.52,0.441053
volkan,1.0,1024,1024-29,0.491667,0.533333,0.366667,0.9,0.758333,0.0,0.0,0.555059,0.52,0.437094
volkan,1.0,1024,1024-30,0.55,0.275,0.583333,0.858333,0.575,0.041667,0.0,0.670361,1.12,0.760547
volkan,1.0,1024,1024-31,0.541667,0.416667,0.5,0.916667,0.716667,0.008333,0.0,0.62411,0.8,0.623814
volkan,1.0,1024,1024-32,0.6,0.45,0.491667,0.941667,0.741667,0.008333,0.0,0.611939,1.16,0.546659
volkan,1.0,1024,1024-33,0.0,0.0,0.0,0.0,0.0,0.0,1.0,0.096929,-2.12,2.354972
volkan,1.0,1024,1024-34,0.033333,0.15,0.0,0.15,0.15,0.0,0.558333,0.292044,-0.92,0.945061
volkan,1.0,1024,1024-35,0.0,0.0,0.0,0.0,0.0,0.0,1.0,0.132802,-1.88,1.974205
volkan,1.0,1024,1024-36,0.116667,0.416667,0.0,0.416667,0.416667,0.0,0.341667,0.357895,-0.72,0.657554
volkan,1.0,1024,1024-37,0.0,0.0,0.0,0.0,0.0,0.0,1.0,0.100338,-2.12,2.343316
volkan,1.0,1024,1024-38,0.508333,0.508333,0.475,0.983333,0.741667,0.0,0.0,0.600436,0.44,0.525823
volkan,1.0,1024,1024-39,0.05,0.241667,0.0,0.241667,0.241667,0.0,0.366667,0.331507,-0.96,0.756198
volkan,1.0,1024,1024-40,0.55,0.45,0.491667,0.941667,0.683333,0.0,0.0,0.616222,0.64,0.557534
volkan,1.0,1024,1024-41,0.0,0.083333,0.0,0.083333,0.083333,0.0,0.6,0.276319,-1.12,1.012888
volkan,1.0,1024,1024-42,0.225,0.5,0.0,0.5,0.5,0.0,0.225,0.393943,-0.72,0.529719
volkan,1.0,1024,1024-43,0.516667,0.491667,0.466667,0.958333,0.75,0.0,0.0,0.588737,0.44,0.49983
volkan,1.0,1024,1024-44,0.0,0.016667,0.0,0.016667,0.016667,0.0,0.741667,0.225268,-1.64,1.319445
volkan,1.0,1024,1024-45,0.0,0.0,0.0,0.0,0.0,0.0,1.0,0.100003,-1.84,2.322307
volkan,1.0,1024,1024-46,0.0,0.0,0.141667,0.141667,0.0,0.6,0.0,0.867057,1.88,1.977412
volkan,1.0,1024,1024-47,0.0,0.0,0.0,0.0,0.0,0.0,1.0,0.129918,-1.8,2.020006
volkan,1.0,1024,1024-48,0.525,0.516667,0.233333,0.75,0.733333,0.0,0.025,0.501833,-0.32,0.388859
volkan,1.0,1024,1024-49,0.433333,0.366667,0.458333,0.825,0.6,0.033333,0.0,0.636576,0.48,0.692918
volkan,1.0,1024,1024-50,0.441667,0.475,0.358333,0.833333,0.733333,0.0,0.008333,0.527514,0.28,0.455626
volkan,1.0,1024,1024-51,0.0,0.0,0.0,0.0,0.0,0.0,1.0,0.114993,-1.96,2.183064
volkan,1.0,1024,1024-52,0.508333,0.475,0.4,0.875,0.716667,0.0,0.0,0.559398,0.2,0.475305
volkan,1.0,1024,1024-53,0.425,0.516667,0.183333,0.7,0.675,0.0,0.041667,0.484049,0.04,0.425854
volkan,1.0,1024,1024-54,0.45,0.425,0.45,0.875,0.658333,0.0,0.0,0.576248,0.4,0.533177
volkan,1.0,1024,1024-55,0.0,0.0,0.0,0.0,0.0,0.0,1.0,0.080465,-2.04,2.570246
volkan,1.0,1024,1024-56,0.2,0.508333,0.008333,0.516667,0.516667,0.0,0.266667,0.390955,-0.4,0.538766
volkan,1.0,1024,1024-57,0.0,0.158333,0.0,0.158333,0.158333,0.0,0.708333,0.26263,-1.36,1.104101
volkan,1.0,1024,1024-58,0.0,0.0,0.0,0.0,0.0,0.0,0.958333,0.162045,-1.64,1.739293
volkan,1.0,1024,1024-59,0.15,0.425,0.033333,0.458333,0.458333,0.0,0.275,0.382997,-0.76,0.567197
volkan,1.0,1024,1024-60,0.0,0.0,0.0,0.0,0.0,0.0,1.0,0.147307,-1.72,1.839515
volkan,1.0,1024,1024-61,0.216667,0.466667,0.05,0.516667,0.516667,0.0,0.25,0.397258,-0.76,0.550704
volkan,1.0,1024,1024-62,0.0,0.0,0.0,0.0,0.0,0.0,0.775,0.233524,-1.36,1.251428
volkan,1.0,1024,1024-63,0.066667,0.275,0.0,0.275,0.275,0.0,0.383333,0.330741,-1.16,0.768486
volkan,1.0,1024,1024-64,0.083333,0.358333,0.0,0.358333,0.358333,0.0,0.366667,0.351646,-0.6,0.681106
volkan,1.0,1024,1024-65,0.0,0.0,0.0,0.0,0.0,0.0,1.0,0.094692,-2.04,2.380802
volkan,1.0,1024,1024-66,0.216667,0.475,0.008333,0.483333,0.483333,0.0,0.266667,0.391906,-0.4,0.542026
volkan,1.0,1024,1024-67,0.516667,0.508333,0.341667,0.85,0.808333,0.0,0.0,0.527246,0.04,0.407158
volkan,1.0,1024,1024-68,0.0,0.108333,0.0,0.108333,0.108333,0.0,0.633333,0.273266,-1.32,1.028214
volkan,1.0,1024,1024-69,0.208333,0.391667,0.041667,0.433333,0.433333,0.0,0.291667,0.385116,-0.4,0.597508
volkan,1.0,1024,1024-70,0.358333,0.483333,0.091667,0.575,0.575,0.0,0.15,0.43683,0.0,0.47133
volkan,1.0,1024,1024-71,0.441667,0.525,0.125,0.65,0.641667,0.0,0.066667,0.465643,-0.2,0.406521
volkan,1.0,1024,1024-72,0.0,0.116667,0.0,0.116667,0.116667,0.0,0.608333,0.267465,-1.0,1.087685
volkan,1.0,1024,1024-73,0.208333,0.425,0.025,0.45,0.45,0.0,0.258333,0.393606,-0.52,0.55604
volkan,1.0,1024,1024-74,0.016667,0.216667,0.0,0.216667,0.216667,0.0,0.466667,0.309093,-0.88,0.859232
volkan,1.0,1024,1024-75,0.391667,0.483333,0.158333,0.641667,0.641667,0.0,0.116667,0.452287,-0.08,0.474445
volkan,1.0,1024,1024-76,0.025,0.0,0.241667,0.241667,0.025,0.483333,0.0,0.8379,1.88,1.731549
volkan,1.0,1024,1024-77,0.566667,0.383333,0.5,0.883333,0.658333,0.025,0.0,0.646652,0.76,0.671387
volkan,1.0,1024,1024-78,0.491667,0.533333,0.291667,0.825,0.766667,0.0,0.008333,0.522244,0.0,0.434266
volkan,1.0,1024,1024-79,0.45,0.458333,0.283333,0.741667,0.675,0.0,0.05,0.50996,-0.12,0.452794
volkan,1.0,1024,1024-80,0.2,0.525,0.0,0.525,0.525,0.0,0.258333,0.390993,-0.56,0.527904
volkan,1.0,1024,1024-81,0.425,0.491667,0.191667,0.683333,0.658333,0.0,0.1,0.472168,-0.36,0.442696
volkan,1.0,1024,1024-82,0.466667,0.533333,0.266667,0.8,0.783333,0.0,0.0,0.510047,0.32,0.393134
volkan,1.0,1024,1024-83,0.433333,0.441667,0.258333,0.7,0.65,0.0,0.066667,0.492758,0.08,0.468083
volkan,1.0,1024,1024-84,0.066667,0.0,0.358333,0.358333,0.066667,0.45,0.0,0.829561,2.0,1.689033
volkan,1.0,1024,1024-85,0.008333,0.208333,0.0,0.208333,0.208333,0.0,0.475,0.307738,-0.84,0.855097
volkan,1.0,1024,1024-86,0.525,0.541667,0.366667,0.908333,0.775,0.0,0.0,0.557614,0.48,0.448357
volkan,1.0,1024,1024-87,0.0,0.141667,0.0,0.141667,0.141667,0.0,0.533333,0.289238,-0.96,0.951523
volkan,1.0,1024,1024-88,0.516667,0.433333,0.483333,0.916667,0.7,0.0,0.0,0.589057,0.12,0.532955
volkan,1.0,1024,1024-89,0.075,0.35,0.0,0.35,0.35,0.0,0.35,0.344703,-0.76,0.705263
volkan,1.0,1024,1024-90,0.0,0.0,0.0,0.0,0.0,0.0,0.9,0.169022,-1.84,1.693962
volkan,1.0,1024,1024-91,0.425,0.45,0.35,0.8,0.675,0.0,0.016667,0.536299,0.2,0.488482
volkan,1.0,1024,1024-92,0.25,0.491667,0.025,0.516667,0.516667,0.0,0.216667,0.404328,-0.52,0.505819
volkan,1.0,1024,1024-93,0.0,0.0,0.0,0.0,0.0,0.0,1.0,0.107626,-1.84,2.221696
volkan,1.0,1024,1024-94,0.275,0.491667,0.058333,0.55,0.55,0.0,0.216667,0.418166,-0.28,0.506262
volkan,1.0,1024,1024-95,0.441667,0.466667,0.208333,0.675,0.666667,0.0,0.116667,0.475719,-0.16,0.472739
volkan,1.0,1024,1024-96,0.441667,0.508333,0.225,0.733333,0.691667,0.0,0.025,0.494379,0.08,0.430976
volkan,1.0,1024,1024-97,0.366667,0.483333,0.075,0.558333,0.558333,0.0,0.125,0.440453,-0.08,0.424743
volkan,1.0,1024,1024-98,0.0,0.0,0.0,0.0,0.0,0.0,0.991667,0.159927,-1.64,1.741183
volkan,1.0,1024,1024-99,0.533333,0.425,0.516667,0.941667,0.708333,0.0,0.0,0.619239,0.6,0.576182
volkan,1.0,1024,1024-100,0.291667,0.508333,0.05,0.558333,0.558333,0.0,0.191667,0.417593,-0.36,0.484565
volkan,1.0,1024,1024-101,0.025,0.258333,0.0,0.258333,0.258333,0.0,0.475,0.310283,-1.12,0.856325
volkan,1.0,1024,1024-102,0.091667,0.291667,0.0,0.291667,0.291667,0.0,0.391667,0.340851,-0.68,0.722635
volkan,1.0,1024,1024-103,0.316667,0.5,0.066667,0.566667,0.566667,0.0,0.166667,0.427016,-0.68,0.471422
volkan,1.0,1024,1024-104,0.108333,0.375,0.0,0.375,0.375,0.0,0.366667,0.35137,-0.76,0.696836
volkan,1.0,1024,1024-105,0.541667,0.333333,0.55,0.883333,0.625,0.016667,0.0,0.657521,1.04,0.715692
volkan,1.0,1024,1024-106,0.433333,0.491667,0.166667,0.658333,0.65,0.0,0.083333,0.466165,-0.12,0.445671
volkan,1.0,1024,1024-107,0.0,0.033333,0.0,0.033333,0.033333,0.0,0.766667,0.237231,-1.08,1.23716
volkan,1.0,1024,1024-108,0.433333,0.458333,0.183333,0.641667,0.641667,0.0,0.083333,0.466522,-0.04,0.444516
volkan,1.0,1024,1024-109,0.0,0.041667,0.0,0.041667,0.041667,0.0,0.766667,0.240407,-1.12,1.215498
volkan,1.0,1024,1024-110,0.158333,0.483333,0.0,0.483333,0.483333,0.0,0.283333,0.384497,-0.56,0.557369
volkan,1.0,1024,1024-111,0.233333,0.441667,0.0,0.441667,0.441667,0.0,0.325,0.373095,-0.28,0.663005
volkan,1.0,1024,1024-112,0.016667,0.225,0.0,0.225,0.225,0.0,0.441667,0.316079,-0.84,0.821169
volkan,1.0,1024,1024-113,0.425,0.483333,0.183333,0.666667,0.65,0.0,0.066667,0.477251,0.0,0.440972
volkan,1.0,1024,1024-114,0.5,0.441667,0.4,0.841667,0.725,0.0,0.0,0.546863,-0.08,0.474446
volkan,1.0,1024,1024-115,0.45,0.45,0.241667,0.691667,0.691667,0.0,0.091667,0.480161,-0.16,0.453665
volkan,1.0,1024,1024-116,0.525,0.266667,0.608333,0.875,0.616667,0.033333,0.0,0.668498,0.84,0.768774
volkan,1.0,1024,1024-117,0.375,0.058333,0.65,0.708333,0.375,0.125,0.0,0.737521,1.08,1.095212
volkan,1.0,1024,1024-118,0.6,0.508333,0.408333,0.916667,0.808333,0.0,0.0,0.568463,0.36,0.45393
volkan,1.0,1024,1024-119,0.0,0.0,0.0,0.0,0.0,0.0,1.0,0.152175,-1.68,1.828466
volkan,1.0,1024,1024-120,0.416667,0.458333,0.183333,0.641667,0.641667,0.0,0.083333,0.473035,0.04,0.445372
volkan,1.0,1024,1024-121,0.0,0.0,0.0,0.0,0.0,0.0,1.0,0.072309,-1.88,2.67664
volkan,1.0,1024,1024-122,0.35,0.566667,0.041667,0.608333,0.608333,0.0,0.133333,0.431581,-0.64,0.439837
volkan,1.0,1024,1024-123,0.441667,0.491667,0.341667,0.833333,0.741667,0.0,0.0,0.531744,0.28,0.42333
volkan,1.0,1024,1024-124,0.0,0.008333,0.0,0.008333,0.008333,0.0,0.791667,0.226001,-1.4,1.303121
volkan,1.0,1024,1024-125,0.0,0.0,0.0,0.0,0.0,0.0,1.0,0.135447,-1.92,1.952686
volkan,1.0,1024,1024-126,0.0,0.066667,0.0,0.066667,0.066667,0.0,0.725,0.245634,-1.64,1.183967
volkan,1.0,1024,1024-127,0.058333,0.35,0.0,0.35,0.35,0.0,0.375,0.343385,-0.88,0.702057
volkan,1.0,1024,1024-128,0.5,0.291667,0.525,0.816667,0.566667,0.041667,0.0,0.676566,0.88,0.803165
volkan,1.0,1024,1024-129,0.033333,0.183333,0.0,0.183333,0.183333,0.0,0.616667,0.269579,-1.32,1.09934
volkan,1.0,1024,1024-130,0.516667,0.233333,0.625,0.858333,0.583333,0.041667,0.0,0.68023,1.0,0.829041
volkan,1.0,1024,1024-131,0.275,0.433333,0.066667,0.5,0.5,0.0,0.208333,0.413402,-0.16,0.524358
volkan,1.0,1024,1024-132,0.475,0.5,0.275,0.775,0.716667,0.0,0.025,0.512252,-0.0,0.437048
volkan,1.0,1024,1024-133,0.075,0.0,0.5,0.5,0.075,0.275,0.0,0.800651,1.16,1.454189
volkan,1.0,1024,1024-134,0.05,0.25,0.0,0.25,0.25,0.0,0.441667,0.312049,-0.76,0.854077
volkan,1.0,1024,1024-135,0.05,0.3,0.0,0.3,0.3,0.0,0.4,0.325235,-0.84,0.791321
volkan,1.0,1024,1024-136,0.433333,0.1,0.691667,0.791667,0.433333,0.108333,0.0,0.717195,1.08,0.98856
volkan,1.0,1024,1024-137,0.0,0.016667,0.0,0.016667,0.016667,0.0,0.725,0.235699,-1.64,1.254849
volkan,1.0,1024,1024-138,0.058333,0.0,0.275,0.275,0.058333,0.483333,0.0,0.836721,1.52,1.736111
volkan,1.0,1024,1024-139,0.508333,0.475,0.366667,0.841667,0.733333,0.0,0.008333,0.540669,-0.28,0.458391
volkan,1.0,1024,1024-140,0.458333,0.475,0.325,0.8,0.7,0.0,0.0,0.523583,0.2,0.452395
volkan,1.0,1024,1024-141,0.475,0.491667,0.366667,0.858333,0.75,0.0,0.0,0.552324,0.28,0.458209
volkan,1.0,1024,1024-142,0.525,0.483333,0.416667,0.9,0.733333,0.0,0.0,0.585731,0.44,0.512656
volkan,1.0,1024,1024-143,0.0,0.0,0.0,0.0,0.0,0.0,0.825,0.207481,-1.32,1.428701
volkan,1.0,1024,1024-144,0.0,0.0,0.0,0.0,0.0,0.0,1.0,0.152786,-1.88,1.813326
volkan,1.0,1024,1024-145,0.066667,0.358333,0.0,0.358333,0.358333,0.0,0.366667,0.342985,-0.88,0.697413
volkan,1.0,1024,1024-146,0.491667,0.425,0.483333,0.908333,0.683333,0.0,0.0,0.628164,0.56,0.636418
volkan,1.0,1024,1024-147,0.1,0.383333,0.0,0.383333,0.383333,0.0,0.4,0.346563,-0.8,0.724787
volkan,1.0,1024,1024-148,0.058333,0.266667,0.0,0.266667,0.266667,0.0,0.375,0.33862,-0.88,0.717031
volkan,1.0,1024,1024-149,0.0,0.0,0.0,0.0,0.0,0.0,1.0,0.129945,-1.92,2.014588
volkan,1.0,1024,1024-150,0.375,0.483333,0.108333,0.591667,0.591667,0.0,0.191667,0.441129,-0.32,0.458068
volkan,1.0,1024,1024-151,0.0,0.0,0.0,0.0,0.0,0.0,0.816667,0.211664,-1.32,1.394705
volkan,1.0,1024,1024-152,0.425,0.475,0.208333,0.683333,0.666667,0.0,0.05,0.481458,0.16,0.431007
volkan,1.0,1024,1024-153,0.0,0.0,0.0,0.0,0.0,0.0,1.0,0.112867,-1.96,2.159257
volkan,1.0,1024,1024-154,0.391667,0.375,0.558333,0.933333,0.583333,0.0,0.0,0.612909,0.04,0.613579
volkan,1.0,1024,1024-155,0.483333,0.491667,0.391667,0.883333,0.741667,0.0,0.0,0.551007,0.12,0.464943
volkan,1.0,1024,1024-156,0.0,0.0,0.0,0.0,0.0,0.0,0.825,0.204861,-1.68,1.425762
volkan,1.0,1024,1024-157,0.0,0.0,0.0,0.0,0.0,0.0,0.908333,0.182217,-1.56,1.599388
volkan,1.0,1024,1024-158,0.175,0.366667,0.025,0.391667,0.391667,0.0,0.325,0.365252,-0.48,0.663621
volkan,1.0,1024,1024-159,0.0,0.0,0.0,0.0,0.0,0.0,1.0,0.120076,-2.04,2.14962
volkan,1.0,1024,1024-160,0.0,0.066667,0.0,0.066667,0.066667,0.0,0.7,0.2504,-1.32,1.168074
volkan,1.0,1024,1024-161,0.0,0.0,0.0,0.0,0.0,0.0,1.0,0.083769,-2.12,2.498845
volkan,1.0,1024,1024-162,0.0,0.1,0.0,0.1,0.1,0.0,0.541667,0.282817,-0.84,0.978123
volkan,1.0,1024,1024-163,0.441667,0.441667,0.358333,0.8,0.691667,0.0,0.033333,0.527873,0.28,0.464345
volkan,1.0,1024,1024-164,0.0,0.0,0.0,0.0,0.0,0.0,1.0,0.119544,-1.84,2.093911
volkan,1.0,1024,1024-165,0.466667,0.5,0.258333,0.758333,0.725,0.0,0.05,0.501219,-0.16,0.429493
volkan,1.0,1024,1024-166,0.058333,0.3,0.0,0.3,0.3,0.0,0.383333,0.335193,-0.72,0.732804
volkan,1.0,1024,1024-167,0.025,0.258333,0.0,0.258333,0.258333,0.0,0.458333,0.322192,-0.72,0.804356
volkan,1.0,1024,1024-168,0.408333,0.491667,0.125,0.616667,0.616667,0.0,0.116667,0.457716,-0.08,0.438507
volkan,1.0,1024,1024-169,0.475,0.5,0.375,0.875,0.716667,0.0,0.0,0.558742,0.32,0.487424
volkan,1.0,1024,1024-170,0.0,0.0,0.0,0.0,0.0,0.0,1.0,0.089572,-2.0,2.450729
volkan,1.0,1024,1024-171,0.0,0.0,0.0,0.0,0.0,0.0,1.0,0.072256,-2.08,2.707249
volkan,1.0,1024,1024-172,0.075,0.3,0.0,0.3,0.3,0.0,0.383333,0.336858,-0.96,0.730332
volkan,1.0,1024,1024-173,0.0,0.116667,0.0,0.116667,0.116667,0.0,0.616667,0.275341,-1.04,1.026747
volkan,1.0,1024,1024-174,0.0,0.0,0.0,0.0,0.0,0.0,1.0,0.130853,-1.8,1.981634
volkan,1.0,1024,1024-175,0.008333,0.225,0.0,0.225,0.225,0.0,0.483333,0.310245,-1.04,0.850103
volkan,1.0,1024,1024-176,0.333333,0.525,0.066667,0.591667,0.591667,0.0,0.141667,0.441935,-0.32,0.427647
volkan,1.0,1024,1024-177,0.208333,0.458333,0.025,0.483333,0.483333,0.0,0.3,0.386053,-0.52,0.574487
volkan,1.0,1024,1024-178,0.375,0.5,0.083333,0.583333,0.583333,0.0,0.158333,0.440176,-0.28,0.459942
volkan,1.0,1024,1024-179,0.066667,0.283333,0.0,0.283333,0.283333,0.0,0.391667,0.331503,-0.6,0.760458
volkan,1.0,1024,1024-180,0.0,0.083333,0.0,0.083333,0.083333,0.0,0.675,0.254483,-1.28,1.143396
volkan,1.0,1024,1024-181,0.0,0.0,0.0,0.0,0.0,0.0,0.933333,0.18698,-1.36,1.548328
volkan,1.0,1024,1024-182,0.0,0.058333,0.0,0.058333,0.058333,0.0,0.625,0.268642,-1.0,1.058328
volkan,1.0,1024,1024-183,0.25,0.475,0.05,0.525,0.525,0.0,0.233333,0.404085,-0.72,0.523981
volkan,1.0,1024,1024-184,0.433333,0.5,0.141667,0.641667,0.641667,0.0,0.091667,0.457964,-0.36,0.438559
volkan,1.0,1024,1024-185,0.108333,0.308333,0.0,0.308333,0.308333,0.0,0.416667,0.337687,-0.84,0.764945
volkan,1.0,1024,1024-186,0.0,0.0,0.0,0.0,0.0,0.0,0.858333,0.194073,-1.68,1.516604
volkan,1.0,1024,1024-187,0.358333,0.066667,0.633333,0.7,0.358333,0.116667,0.0,0.737636,1.04,1.097437
volkan,1.0,1024,1024-188,0.158333,0.416667,0.0,0.416667,0.416667,0.0,0.316667,0.36803,-0.72,0.632687
volkan,1.0,1024,1024-189,0.0,0.0,0.0,0.0,0.0,0.0,0.866667,0.211541,-1.52,1.380178
volkan,1.0,1024,1024-190,0.483333,0.5,0.366667,0.866667,0.733333,0.0,0.0,0.552171,0.24,0.469675
volkan,1.0,1024,1024-191,0.0,0.025,0.0,0.025,0.025,0.0,0.766667,0.23637,-1.2,1.250091
volkan,1.0,1024,1024-192,0.0,0.175,0.0,0.175,0.175,0.0,0.575,0.282065,-1.08,0.999049
volkan,1.0,1024,1024-193,0.575,0.183333,0.708333,0.891667,0.583333,0.025,0.0,0.687667,1.04,0.827147
volkan,1.0,1024,1024-194,0.0,0.033333,0.0,0.033333,0.033333,0.0,0.8,0.229836,-1.28,1.273041
volkan,1.0,1024,1024-195,0.0,0.0,0.0,0.0,0.0,0.0,0.833333,0.205581,-1.32,1.440912
volkan,1.0,1024,1024-196,0.55,0.491667,0.45,0.941667,0.775,0.0,0.0,0.580317,0.08,0.481837
volkan,1.0,1024,1024-197,0.0,0.0,0.0,0.0,0.0,0.0,0.833333,0.204363,-1.4,1.466685
volkan,1.0,1024,1024-198,0.083333,0.358333,0.0,0.358333,0.358333,0.0,0.4,0.334627,-0.92,0.757197
volkan,1.0,1024,1024-199,0.275,0.508333,0.041667,0.55,0.55,0.0,0.225,0.412702,-0.64,0.504284
volkan,1.0,2026,2026-0,0.0,0.033333,0.0,0.033333,0.033333,0.0,0.666667,0.256945,-1.12,1.112496
volkan,1.0,2026,2026-1,0.4,0.45,0.183333,0.633333,0.625,0.0,0.183333,0.449546,-0.08,0.528088
volkan,1.0,2026,2026-2,0.0,0.0,0.0,0.0,0.0,0.0,1.0,0.108031,-1.8,2.190664
volkan,1.0,2026,2026-3,0.458333,0.141667,0.658333,0.8,0.458333,0.091667,0.0,0.710938,0.96,0.953477
volkan,1.0,2026,2026-4,0.566667,0.5,0.391667,0.891667,0.783333,0.0,0.0,0.560127,0.4,0.443515
volkan,1.0,2026,2026-5,0.108333,0.341667,0.0,0.341667,0.341667,0.0,0.366667,0.342815,-0.72,0.734002
volkan,1.0,2026,2026-6,0.108333,0.35,0.0,0.35,0.35,0.0,0.4,0.339633,-0.52,0.739022
volkan,1.0,2026,2026-7,0.433333,0.466667,0.241667,0.708333,0.666667,0.0,0.033333,0.491731,0.0,0.433153
volkan,1.0,2026,2026-8,0.108333,0.325,0.0,0.325,0.325,0.0,0.383333,0.344871,-0.4,0.714213
volkan,1.0,2026,2026-9,0.141667,0.391667,0.0,0.391667,0.391667,0.0,0.325,0.363454,-0.56,0.654473
volkan,1.0,2026,2026-10,0.475,0.45,0.416667,0.866667,0.691667,0.0,0.0,0.557038,0.28,0.494692
volkan,1.0,2026,2026-11,0.516667,0.441667,0.383333,0.825,0.783333,0.0,0.033333,0.52836,-0.12,0.445719
volkan,1.0,2026,2026-12,0.208333,0.475,0.008333,0.483333,0.483333,0.0,0.216667,0.396996,-0.72,0.525736
volkan,1.0,2026,2026-13,0.208333,0.483333,0.0,0.483333,0.483333,0.0,0.25,0.38878,-0.6,0.552631
volkan,1.0,2026,2026-14,0.383333,0.508333,0.15,0.658333,0.658333,0.0,0.133333,0.455594,-0.64,0.447762
volkan,1.0,2026,2026-15,0.0,0.108333,0.0,0.108333,0.108333,0.0,0.575,0.277787,-0.88,1.016559
volkan,1.0,2026,2026-16,0.091667,0.3,0.0,0.3,0.3,0.0,0.483333,0.315495,-1.0,0.861995
volkan,1.0,2026,2026-17,0.458333,0.475,0.325,0.8,0.725,0.0,0.0,0.526257,0.28,0.448495
volkan,1.0,2026,2026-18,0.2,0.525,0.0,0.525,0.525,0.0,0.233333,0.396212,-0.72,0.493725
volkan,1.0,2026,2026-19,0.0,0.0,0.0,0.0,0.0,0.0,0.983333,0.156181,-1.28,1.778759
volkan,1.0,2026,2026-20,0.016667,0.191667,0.0,0.191667,0.191667,0.0,0.525,0.300947,-0.8,0.897558
volkan,1.0,2026,2026-21,0.491667,0.45,0.408333,0.858333,0.7,0.0,0.0,0.559725,0.28,0.500047
volkan,1.0,2026,2026-22,0.108333,0.433333,0.0,0.433333,0.433333,0.0,0.341667,0.36566,-0.48,0.617513
volkan,1.0,2026,2026-23,0.183333,0.433333,0.0,0.433333,0.433333,0.0,0.316667,0.376232,-0.16,0.615445
volkan,1.0,2026,2026-24,0.533333,0.516667,0.391667,0.908333,0.783333,0.0,0.0,0.558339,0.28,0.450412
volkan,1.0,2026,2026-25,0.158333,0.0,0.466667,0.466667,0.158333,0.3,0.0,0.793451,1.56,1.433505
volkan,1.0,2026,2026-26,0.0,0.116667,0.0,0.116667,0.116667,0.0,0.575,0.273041,-1.28,1.042961
volkan,1.0,2026,2026-27,0.508333,0.141667,0.708333,0.85,0.508333,0.05,0.0,0.701166,1.04,0.897694
volkan,1.0,2026,2026-28,0.0,0.0,0.0,0.0,0.0,0.0,0.933333,0.179956,-1.6,1.608282
volkan,1.0,2026,2026-29,0.391667,0.508333,0.133333,0.641667,0.641667,0.0,0.141667,0.448996,-0.4,0.458933
volkan,1.0,2026,2026-30,0.0,0.0,0.0,0.0,0.0,0.0,0.9,0.18928,-1.56,1.532995
volkan,1.0,2026,2026-31,0.508333,0.175,0.633333,0.808333,0.516667,0.066667,0.0,0.70079,0.96,0.903526
volkan,1.0,2026,2026-32,0.525,0.558333,0.416667,0.975,0.8,0.0,0.0,0.584569,0.64,0.477291
volkan,1.0,2026,2026-33,0.491667,0.266667,0.591667,0.858333,0.591667,0.025,0.0,0.667256,0.52,0.770465
volkan,1.0,2026,2026-34,0.0,0.041667,0.0,0.041667,0.041667,0.0,0.766667,0.233307,-1.52,1.274539
volkan,1.0,2026,2026-35,0.491667,0.5,0.366667,0.866667,0.75,0.0,0.0,0.556264,0.36,0.452827
volkan,1.0,2026,2026-36,0.016667,0.141667,0.0,0.141667,0.141667,0.0,0.6,0.288082,-0.92,0.962191
volkan,1.0,2026,2026-37,0.041667,0.25,0.0,0.25,0.25,0.0,0.475,0.313773,-0.96,0.849219
volkan,1.0,2026,2026-38,0.441667,0.491667,0.275,0.766667,0.666667,0.0,0.025,0.515373,0.36,0.46921
volkan,1.0,2026,2026-39,0.5,0.425,0.533333,0.958333,0.7,0.0,0.0,0.608614,0.32,0.556067
volkan,1.0,2026,2026-40,0.375,0.45,0.175,0.625,0.625,0.0,0.175,0.448464,-0.36,0.500008
volkan,1.0,2026,2026-41,0.0,0.116667,0.0,0.116667,0.116667,0.0,0.591667,0.272629,-1.12,1.047866
volkan,1.0,2026,2026-42,0.0,0.066667,0.0,0.066667,0.066667,0.0,0.7,0.248393,-1.48,1.182738
volkan,1.0,2026,2026-43,0.416667,0.125,0.616667,0.741667,0.416667,0.125,0.0,0.722744,0.92,1.025828
volkan,1.0,2026,2026-44,0.458333,0.491667,0.375,0.866667,0.691667,0.0,0.0,0.555632,0.28,0.472215
volkan,1.0,2026,2026-45,0.475,0.525,0.35,0.875,0.766667,0.0,0.0,0.544225,0.4,0.431899
volkan,1.0,2026,2026-46,0.05,0.0,0.275,0.275,0.05,0.466667,0.0,0.835517,1.48,1.712883
volkan,1.0,2026,2026-47,0.0,0.041667,0.0,0.041667,0.041667,0.0,0.725,0.243868,-1.36,1.198029
volkan,1.0,2026,2026-48,0.0,0.0,0.091667,0.091667,0.0,0.675,0.0,0.878203,2.04,2.072548
volkan,1.0,2026,2026-49,0.0,0.0,0.0,0.0,0.0,0.975,0.0,0.931207,2.04,2.767318
volkan,1.0,2026,2026-50,0.3,0.058333,0.583333,0.641667,0.3,0.158333,0.0,0.755427,1.32,1.198907
volkan,1.0,2026,2026-51,0.491667,0.483333,0.483333,0.966667,0.691667,0.0,0.0,0.600525,0.32,0.531727
volkan,1.0,2026,2026-52,0.0,0.141667,0.0,0.141667,0.141667,0.0,0.65,0.264922,-1.04,1.089416
volkan,1.0,2026,2026-53,0.55,0.383333,0.525,0.908333,0.683333,0.033333,0.0,0.639417,1.04,0.661489
volkan,1.0,2026,2026-54,0.025,0.216667,0.0,0.216667,0.216667,0.0,0.475,0.310689,-0.72,0.851601
volkan,1.0,2026,2026-55,0.266667,0.466667,0.058333,0.525,0.525,0.0,0.208333,0.413443,-0.48,0.505478
volkan,1.0,2026,2026-56,0.116667,0.383333,0.0,0.383333,0.383333,0.0,0.375,0.352192,-0.48,0.672689
volkan,1.0,2026,2026-57,0.458333,0.491667,0.183333,0.675,0.65,0.0,0.1,0.471469,-0.32,0.450644
volkan,1.0,2026,2026-58,0.5,0.241667,0.575,0.816667,0.525,0.058333,0.0,0.688265,0.96,0.848684
volkan,1.0,2026,2026-59,0.016667,0.175,0.0,0.175,0.175,0.0,0.575,0.290893,-1.32,0.943815
volkan,1.0,2026,2026-60,0.0,0.0,0.0,0.0,0.0,0.0,0.8,0.225732,-1.04,1.295772
volkan,1.0,2026,2026-61,0.0,0.0,0.0,0.0,0.0,0.0,0.783333,0.221561,-1.2,1.359098
volkan,1.0,2026,2026-62,0.0,0.033333,0.0,0.033333,0.033333,0.0,0.833333,0.215821,-1.48,1.384736
volkan,1.0,2026,2026-63,0.0,0.0,0.0,0.0,0.0,0.0,1.0,0.158244,-1.8,1.757784
volkan,1.0,2026,2026-64,0.0,0.058333,0.0,0.058333,0.058333,0.0,0.775,0.222673,-1.12,1.341984
volkan,1.0,2026,2026-65,0.491667,0.183333,0.616667,0.8,0.508333,0.041667,0.0,0.696819,0.76,0.882068
volkan,1.0,2026,2026-66,0.008333,0.158333,0.0,0.158333,0.158333,0.0,0.55,0.28403,-0.88,0.989655
volkan,1.0,2026,2026-67,0.466667,0.525,0.141667,0.666667,0.666667,0.0,0.066667,0.468966,-0.2,0.41547
volkan,1.0,2026,2026-68,0.0,0.0,0.0,0.0,0.0,0.0,0.925,0.180725,-1.32,1.594121
volkan,1.0,2026,2026-69,0.358333,0.491667,0.116667,0.608333,0.608333,0.0,0.125,0.443851,-0.2,0.446147
volkan,1.0,2026,2026-70,0.0,0.0,0.0,0.0,0.0,0.0,1.0,0.118466,-1.88,2.114765
volkan,1.0,2026,2026-71,0.0,0.075,0.0,0.075,0.075,0.0,0.675,0.262,-1.04,1.091124
volkan,1.0,2026,2026-72,0.0,0.0,0.258333,0.258333,0.0,0.591667,0.0,0.854562,1.4,1.897278
volkan,1.0,2026,2026-73,0.0,0.116667,0.0,0.116667,0.116667,0.0,0.525,0.280832,-0.92,1.007538
volkan,1.0,2026,2026-74,0.533333,0.333333,0.575,0.908333,0.583333,0.008333,0.0,0.65892,0.36,0.711271
volkan,1.0,2026,2026-75,0.466667,0.466667,0.325,0.791667,0.716667,0.0,0.008333,0.516682,0.08,0.437863
volkan,1.0,2026,2026-76,0.15,0.35,0.008333,0.358333,0.358333,0.0,0.35,0.359291,-0.6,0.683051
volkan,1.0,2026,2026-77,0.0,0.125,0.0,0.125,0.125,0.0,0.558333,0.274474,-0.88,1.043469
volkan,1.0,2026,2026-78,0.541667,0.216667,0.683333,0.9,0.558333,0.025,0.0,0.686009,0.6,0.820592
volkan,1.0,2026,2026-79,0.2,0.466667,0.0,0.466667,0.466667,0.0,0.3,0.37899,-0.32,0.590321
volkan,1.0,2026,2026-80,0.383333,0.075,0.675,0.75,0.383333,0.116667,0.0,0.733273,1.16,1.069341
volkan,1.0,2026,2026-81,0.0,0.075,0.0,0.075,0.075,0.0,0.625,0.269592,-1.28,1.053479
volkan,1.0,2026,2026-82,0.3,0.516667,0.058333,0.575,0.575,0.0,0.183333,0.424336,-0.76,0.482919
volkan,1.0,2026,2026-83,0.425,0.466667,0.266667,0.733333,0.666667,0.0,0.058333,0.498835,0.08,0.45878
volkan,1.0,2026,2026-84,0.391667,0.475,0.216667,0.691667,0.625,0.0,0.091667,0.48564,0.0,0.481466
volkan,1.0,2026,2026-85,0.0,0.0,0.0,0.0,0.0,0.0,0.916667,0.176606,-1.4,1.627727
volkan,1.0,2026,2026-86,0.0,0.108333,0.0,0.108333,0.108333,0.0,0.6,0.278256,-1.44,1.009598
volkan,1.0,2026,2026-87,0.125,0.358333,0.0,0.358333,0.358333,0.0,0.308333,0.354146,-0.72,0.681007
volkan,1.0,2026,2026-88,0.0,0.041667,0.0,0.041667,0.041667,0.0,0.775,0.237212,-1.28,1.229141
volkan,1.0,2026,2026-89,0.525,0.558333,0.35,0.908333,0.775,0.0,0.0,0.561204,0.64,0.438189
volkan,1.0,2026,2026-90,0.441667,0.483333,0.333333,0.816667,0.725,0.0,0.0,0.529544,0.24,0.43318
volkan,1.0,2026,2026-91,0.0,0.0,0.0,0.0,0.0,0.0,1.0,0.097901,-2.08,2.36663
volkan,1.0,2026,2026-92,0.0,0.0,0.0,0.0,0.0,0.0,1.0,0.112561,-1.72,2.164567
volkan,1.0,2026,2026-93,0.0,0.0,0.0,0.0,0.0,0.0,0.975,0.173436,-1.64,1.642826
volkan,1.0,2026,2026-94,0.425,0.433333,0.175,0.608333,0.608333,0.0,0.183333,0.444826,-0.6,0.500208
volkan,1.0,2026,2026-95,0.1,0.0,0.366667,0.366667,0.1,0.458333,0.0,0.823142,1.76,1.647365
volkan,1.0,2026,2026-96,0.066667,0.258333,0.0,0.258333,0.258333,0.0,0.408333,0.322403,-1.08,0.815192
volkan,1.0,2026,2026-97,0.408333,0.45,0.158333,0.608333,0.6,0.0,0.091667,0.462441,0.08,0.459914
volkan,1.0,2026,2026-98,0.0,0.0,0.0,0.0,0.0,0.0,0.841667,0.210077,-1.44,1.402775
volkan,1.0,2026,2026-99,0.0,0.0,0.0,0.0,0.0,0.0,0.866667,0.206493,-1.52,1.435554
volkan,1.0,2026,2026-100,0.0,0.0,0.0,0.0,0.0,0.0,1.0,0.099762,-2.24,2.332174
volkan,1.0,2026,2026-101,0.25,0.483333,0.066667,0.55,0.55,0.0,0.191667,0.415603,-0.24,0.506285
volkan,1.0,2026,2026-102,0.533333,0.483333,0.491667,0.975,0.7,0.0,0.0,0.614639,0.48,0.551262
volkan,1.0,2026,2026-103,0.066667,0.291667,0.0,0.291667,0.291667,0.0,0.433333,0.325495,-0.8,0.79501
volkan,1.0,2026,2026-104,0.483333,0.15,0.608333,0.758333,0.483333,0.108333,0.0,0.713134,1.04,0.985951
volkan,1.0,2026,2026-105,0.358333,0.483333,0.133333,0.616667,0.616667,0.0,0.141667,0.447023,-0.48,0.482544
volkan,1.0,2026,2026-106,0.241667,0.466667,0.016667,0.483333,0.483333,0.0,0.25,0.402957,-0.52,0.517637
volkan,1.0,2026,2026-107,0.45,0.441667,0.308333,0.75,0.658333,0.0,0.025,0.516575,0.08,0.456386
volkan,1.0,2026,2026-108,0.483333,0.525,0.275,0.8,0.741667,0.0,0.05,0.515565,-0.2,0.446065
volkan,1.0,2026,2026-109,0.558333,0.341667,0.558333,0.9,0.625,0.033333,0.0,0.657915,0.72,0.714621
volkan,1.0,2026,2026-110,0.0,0.033333,0.0,0.033333,0.033333,0.0,0.725,0.244067,-1.08,1.19099
volkan,1.0,2026,2026-111,0.0,0.0,0.0,0.0,0.0,0.0,1.0,0.074132,-2.08,2.692037
volkan,1.0,2026,2026-112,0.308333,0.5,0.066667,0.566667,0.566667,0.0,0.141667,0.432242,-0.16,0.450324
volkan,1.0,2026,2026-113,0.0,0.133333,0.0,0.133333,0.133333,0.0,0.591667,0.273792,-1.28,1.049759
volkan,1.0,2026,2026-114,0.216667,0.425,0.058333,0.483333,0.483333,0.0,0.283333,0.394983,-0.2,0.564612
volkan,1.0,2026,2026-115,0.275,0.016667,0.633333,0.65,0.275,0.166667,0.0,0.7598,1.08,1.219416
volkan,1.0,2026,2026-116,0.0,0.0,0.0,0.0,0.0,0.0,0.858333,0.198975,-1.8,1.474014
volkan,1.0,2026,2026-117,0.483333,0.533333,0.4,0.933333,0.766667,0.0,0.0,0.571887,0.72,0.468356
volkan,1.0,2026,2026-118,0.516667,0.45,0.491667,0.941667,0.691667,0.008333,0.0,0.62245,0.36,0.588241
volkan,1.0,2026,2026-119,0.458333,0.475,0.283333,0.758333,0.716667,0.0,0.033333,0.504926,0.16,0.430277
volkan,1.0,2026,2026-120,0.533333,0.366667,0.541667,0.908333,0.625,0.016667,0.0,0.652796,0.48,0.688149
volkan,1.0,2026,2026-121,0.008333,0.175,0.0,0.175,0.175,0.0,0.458333,0.30782,-0.92,0.862796
volkan,1.0,2026,2026-122,0.0,0.083333,0.0,0.083333,0.083333,0.0,0.641667,0.26163,-0.68,1.094449
volkan,1.0,2026,2026-123,0.541667,0.4,0.5,0.9,0.658333,0.008333,0.0,0.644129,0.84,0.658947
volkan,1.0,2026,2026-124,0.483333,0.475,0.433333,0.908333,0.7,0.0,0.0,0.58311,0.28,0.515806
volkan,1.0,2026,2026-125,0.525,0.158333,0.616667,0.775,0.533333,0.091667,0.0,0.70648,0.96,0.942547
volkan,1.0,2026,2026-126,0.4,0.533333,0.108333,0.641667,0.641667,0.0,0.108333,0.457071,-0.36,0.43322
volkan,1.0,2026,2026-127,0.275,0.05,0.6,0.65,0.275,0.15,0.0,0.752839,1.48,1.185331
volkan,1.0,2026,2026-128,0.091667,0.375,0.0,0.375,0.375,0.0,0.366667,0.344021,-0.8,0.721429
volkan,1.0,2026,2026-129,0.0,0.0,0.0,0.0,0.0,0.0,0.85,0.199928,-1.56,1.473635
volkan,1.0,2026,2026-130,0.0,0.0,0.0,0.0,0.0,0.0,1.0,0.090716,-2.04,2.461505
volkan,1.0,2026,2026-131,0.0,0.0,0.0,0.0,0.0,0.0,0.875,0.202825,-1.4,1.442021
volkan,1.0,2026,2026-132,0.566667,0.491667,0.483333,0.975,0.758333,0.0,0.0,0.595159,0.16,0.503764
volkan,1.0,2026,2026-133,0.0,0.0,0.0,0.0,0.0,0.0,1.0,0.148749,-1.64,1.841917
volkan,1.0,2026,2026-134,0.05,0.225,0.0,0.225,0.225,0.0,0.45,0.313218,-1.12,0.852171
volkan,1.0,2026,2026-135,0.066667,0.0,0.3,0.3,0.066667,0.433333,0.0,0.830692,1.72,1.685433
volkan,1.0,2026,2026-136,0.575,0.466667,0.458333,0.925,0.758333,0.0,0.0,0.597353,0.12,0.526101
volkan,1.0,2026,2026-137,0.183333,0.008333,0.525,0.533333,0.183333,0.225,0.0,0.781691,1.28,1.355228
volkan,1.0,2026,2026-138,0.0,0.016667,0.0,0.016667,0.016667,0.0,0.8,0.21707,-1.48,1.357819
volkan,1.0,2026,2026-139,0.0,0.0,0.0,0.0,0.0,0.0,1.0,0.063185,-2.08,2.829218
volkan,1.0,2026,2026-140,0.408333,0.125,0.591667,0.716667,0.408333,0.158333,0.0,0.731355,1.04,1.076704
volkan,1.0,2026,2026-141,0.0,0.0,0.0,0.0,0.0,0.0,1.0,0.157144,-1.56,1.76882
volkan,1.0,2026,2026-142,0.283333,0.525,0.066667,0.591667,0.591667,0.0,0.208333,0.421697,-0.44,0.491792
volkan,1.0,2026,2026-143,0.475,0.483333,0.183333,0.666667,0.658333,0.0,0.091667,0.476051,-0.24,0.443687
volkan,1.0,2026,2026-144,0.0,0.008333,0.0,0.008333,0.008333,0.0,0.766667,0.22483,-1.68,1.306627
volkan,1.0,2026,2026-145,0.325,0.091667,0.583333,0.675,0.325,0.15,0.0,0.7443,0.88,1.143081
volkan,1.0,2026,2026-146,0.291667,0.116667,0.558333,0.675,0.291667,0.175,0.0,0.747015,1.52,1.160278
volkan,1.0,2026,2026-147,0.458333,0.541667,0.275,0.816667,0.741667,0.0,0.016667,0.520532,0.56,0.42665
volkan,1.0,2026,2026-148,0.208333,0.5,0.016667,0.516667,0.516667,0.0,0.225,0.39813,-0.52,0.508182
volkan,1.0,2026,2026-149,0.366667,0.483333,0.108333,0.591667,0.591667,0.0,0.158333,0.441016,-0.12,0.476093
volkan,1.0,2026,2026-150,0.0,0.0,0.0,0.0,0.0,0.0,0.858333,0.207794,-1.2,1.402033
volkan,1.0,2026,2026-151,0.133333,0.366667,0.0,0.366667,0.366667,0.0,0.383333,0.351263,-0.52,0.694737
volkan,1.0,2026,2026-152,0.166667,0.441667,0.0,0.441667,0.441667,0.0,0.258333,0.383246,-0.64,0.5582
volkan,1.0,2026,2026-153,0.0,0.075,0.0,0.075,0.075,0.0,0.766667,0.236374,-1.44,1.249935
volkan,1.0,2026,2026-154,0.491667,0.433333,0.491667,0.925,0.683333,0.0,0.0,0.604558,0.52,0.570012
volkan,1.0,2026,2026-155,0.0,0.0,0.0,0.0,0.0,0.0,0.941667,0.159688,-1.4,1.752883
volkan,1.0,2026,2026-156,0.008333,0.25,0.0,0.25,0.25,0.0,0.45,0.315842,-1.2,0.82308
volkan,1.0,2026,2026-157,0.0,0.0,0.0,0.0,0.0,0.0,1.0,0.074689,-2.04,2.69966
volkan,1.0,2026,2026-158,0.508333,0.516667,0.266667,0.783333,0.75,0.0,0.041667,0.510191,-0.2,0.432115
volkan,1.0,2026,2026-159,0.516667,0.466667,0.425,0.891667,0.725,0.0,0.0,0.570786,0.12,0.494677
volkan,1.0,2026,2026-160,0.5,0.491667,0.391667,0.883333,0.758333,0.0,0.0,0.553306,0.28,0.459756
volkan,1.0,2026,2026-161,0.0,0.0,0.0,0.0,0.0,0.908333,0.0,0.914816,1.92,2.501514
volkan,1.0,2026,2026-162,0.541667,0.45,0.508333,0.958333,0.691667,0.0,0.0,0.620942,0.52,0.579295
volkan,1.0,2026,2026-163,0.0,0.0,0.0,0.0,0.0,0.0,0.741667,0.226692,-1.28,1.295523
volkan,1.0,2026,2026-164,0.0,0.0,0.05,0.05,0.0,0.775,0.0,0.891266,2.2,2.220194
volkan,1.0,2026,2026-165,0.0,0.033333,0.0,0.033333,0.033333,0.0,0.758333,0.228837,-1.48,1.293211
volkan,1.0,2026,2026-166,0.475,0.508333,0.441667,0.95,0.733333,0.0,0.0,0.579681,0.32,0.502349
volkan,1.0,2026,2026-167,0.466667,0.525,0.408333,0.933333,0.775,0.0,0.0,0.571492,0.48,0.484762
volkan,1.0,2026,2026-168,0.0,0.025,0.0,0.025,0.025,0.0,0.766667,0.231434,-1.2,1.277949
volkan,1.0,2026,2026-169,0.383333,0.141667,0.6,0.741667,0.383333,0.15,0.0,0.724694,1.0,1.040815
volkan,1.0,2026,2026-170,0.45,0.466667,0.291667,0.758333,0.683333,0.0,0.025,0.508347,-0.04,0.457651
volkan,1.0,2026,2026-171,0.466667,0.458333,0.425,0.883333,0.741667,0.0,0.0,0.549608,-0.04,0.455709
volkan,1.0,2026,2026-172,0.0,0.133333,0.0,0.133333,0.133333,0.0,0.65,0.26359,-1.16,1.105006
volkan,1.0,2026,2026-173,0.575,0.216667,0.65,0.866667,0.575,0.016667,0.0,0.683787,0.96,0.810351
volkan,1.0,2026,2026-174,0.0,0.025,0.0,0.025,0.025,0.0,0.716667,0.242212,-0.88,1.202187
volkan,1.0,2026,2026-175,0.0,0.0,0.0,0.0,0.0,0.0,1.0,0.115259,-2.08,2.158198
volkan,1.0,2026,2026-176,0.425,0.15,0.633333,0.783333,0.425,0.091667,0.0,0.715455,1.24,0.979782
volkan,1.0,2026,2026-177,0.025,0.316667,0.0,0.316667,0.316667,0.0,0.425,0.329574,-0.72,0.759917
volkan,1.0,2026,2026-178,0.275,0.491667,0.066667,0.558333,0.558333,0.0,0.233333,0.415294,-0.36,0.505639
volkan,1.0,2026,2026-179,0.108333,0.0,0.408333,0.408333,0.108333,0.308333,0.0,0.807383,1.4,1.528028
volkan,1.0,2026,2026-180,0.566667,0.4,0.516667,0.916667,0.666667,0.008333,0.0,0.646293,0.76,0.669339
volkan,1.0,2026,2026-181,0.483333,0.5,0.35,0.85,0.733333,0.0,0.0,0.54565,0.4,0.460642
volkan,1.0,2026,2026-182,0.558333,0.433333,0.483333,0.916667,0.691667,0.016667,0.0,0.633219,0.76,0.605335
volkan,1.0,2026,2026-183,0.0,0.1,0.0,0.1,0.1,0.0,0.708333,0.249615,-1.16,1.173092
volkan,1.0,2026,2026-184,0.508333,0.533333,0.408333,0.941667,0.758333,0.0,0.0,0.578545,0.48,0.482271
volkan,1.0,2026,2026-185,0.566667,0.366667,0.566667,0.933333,0.666667,0.008333,0.0,0.644081,0.84,0.652145
volkan,1.0,2026,2026-186,0.541667,0.525,0.416667,0.941667,0.783333,0.0,0.0,0.58062,0.36,0.487531
volkan,1.0,2026,2026-187,0.141667,0.358333,0.008333,0.366667,0.366667,0.0,0.325,0.35991,-0.56,0.667558
volkan,1.0,2026,2026-188,0.0,0.0,0.0,0.0,0.0,0.0,1.0,0.018618,-2.32,4.140125
volkan,1.0,2026,2026-189,0.458333,0.491667,0.316667,0.808333,0.708333,0.0,0.0,0.53098,0.28,0.443513
volkan,1.0,2026,2026-190,0.316667,0.508333,0.066667,0.575,0.575,0.0,0.15,0.430081,-0.52,0.469726
volkan,1.0,2026,2026-191,0.025,0.291667,0.0,0.291667,0.291667,0.0,0.358333,0.336948,-1.16,0.728526
volkan,1.0,2026,2026-192,0.5,0.516667,0.408333,0.925,0.741667,0.0,0.0,0.58167,0.48,0.484568
volkan,1.0,2026,2026-193,0.416667,0.491667,0.133333,0.625,0.625,0.0,0.1,0.456257,0.04,0.44296
volkan,1.0,2026,2026-194,0.45,0.516667,0.158333,0.675,0.675,0.0,0.116667,0.463445,-0.48,0.437735
volkan,1.0,2026,2026-195,0.0,0.0,0.0,0.0,0.0,0.0,1.0,0.150812,-1.92,1.813654
volkan,1.0,2026,2026-196,0.0,0.0,0.0,0.0,0.0,0.0,1.0,0.147928,-1.72,1.863691
volkan,1.0,2026,2026-197,0.45,0.516667,0.191667,0.708333,0.7,0.0,0.075,0.480917,-0.16,0.429179
volkan,1.0,2026,2026-198,0.266667,0.466667,0.041667,0.508333,0.508333,0.0,0.208333,0.40831,-0.12,0.525071
volkan,1.0,2026,2026-199,0.358333,0.541667,0.05,0.591667,0.591667,0.0,0.141667,0.435916,-0.8,0.442942
volkan,1.5,42,42-0,0.3,0.475,0.075,0.55,0.55,0.0,0.175,0.423222,-0.08,0.489975
volkan,1.5,42,42-1,0.0,0.0,0.0,0.0,0.0,0.0,0.925,0.182669,-1.6,1.570958
volkan,1.5,42,42-2,0.525,0.383333,0.45,0.833333,0.733333,0.0,0.025,0.54203,-0.04,0.458791
volkan,1.5,42,42-3,0.433333,0.433333,0.416667,0.85,0.625,0.0,0.0,0.584965,0.44,0.559019
volkan,1.5,42,42-4,0.0,0.0,0.0,0.0,0.0,0.0,1.0,0.083485,-1.76,2.530432
volkan,1.5,42,42-5,0.0,0.0,0.0,0.0,0.0,0.0,0.983333,0.147301,-1.64,1.850427
volkan,1.5,42,42-6,0.225,0.55,0.016667,0.566667,0.566667,0.0,0.25,0.4079,-0.6,0.477957
volkan,1.5,42,42-7,0.041667,0.208333,0.0,0.208333,0.208333,0.0,0.516667,0.296003,-1.28,0.941093
volkan,1.5,42,42-8,0.158333,0.416667,0.0,0.416667,0.416667,0.0,0.3,0.365835,-0.96,0.639188
volkan,1.5,42,42-9,0.0,0.0,0.0,0.0,0.0,0.0,0.875,0.207762,-1.32,1.401095
volkan,1.5,42,42-10,0.483333,0.491667,0.408333,0.9,0.708333,0.0,0.0,0.57071,0.64,0.503043
volkan,1.5,42,42-11,0.516667,0.458333,0.383333,0.841667,0.741667,0.0,0.008333,0.537743,0.24,0.457291
volkan,1.5,42,42-12,0.216667,0.466667,0.016667,0.483333,0.483333,0.0,0.266667,0.389985,-0.52,0.5632
volkan,1.5,42,42-13,0.525,0.466667,0.483333,0.95,0.733333,0.008333,0.0,0.619142,0.44,0.584564
volkan,1.5,42,42-14,0.425,0.491667,0.175,0.666667,0.666667,0.0,0.083333,0.468146,0.12,0.447361
volkan,1.5,42,42-15,0.0,0.0,0.0,0.0,0.0,0.0,0.858333,0.210248,-1.64,1.394609
volkan,1.5,42,42-16,0.433333,0.5,0.133333,0.633333,0.633333,0.0,0.1,0.454359,-0.28,0.440315
volkan,1.5,42,42-17,0.0,0.0,0.0,0.0,0.0,0.0,0.916667,0.192543,-1.48,1.522629
volkan,1.5,42,42-18,0.525,0.466667,0.408333,0.875,0.766667,0.0,0.0,0.552213,0.08,0.463518
volkan,1.5,42,42-19,0.116667,0.433333,0.0,0.433333,0.433333,0.0,0.325,0.366263,-0.76,0.619803
volkan,1.5,42,42-20,0.058333,0.275,0.0,0.275,0.275,0.0,0.383333,0.329054,-0.96,0.776431
volkan,1.5,42,42-21,0.0,0.041667,0.0,0.041667,0.041667,0.0,0.758333,0.231155,-1.28,1.28075
volkan,1.5,42,42-22,0.55,0.45,0.491667,0.941667,0.683333,0.0,0.0,0.628839,0.64,0.586599
volkan,1.5,42,42-23,0.058333,0.333333,0.0,0.333333,0.333333,0.0,0.383333,0.339873,-0.56,0.715892
volkan,1.5,42,42-24,0.0,0.133333,0.0,0.133333,0.133333,0.0,0.583333,0.282787,-1.28,0.98916
volkan,1.5,42,42-25,0.025,0.2,0.0,0.2,0.2,0.0,0.475,0.29682,-1.28,0.936867
volkan,1.5,42,42-26,0.433333,0.483333,0.208333,0.691667,0.658333,0.0,0.033333,0.489992,0.08,0.439189
volkan,1.5,42,42-27,0.341667,0.475,0.166667,0.641667,0.641667,0.0,0.125,0.455921,-0.36,0.456793
volkan,1.5,42,42-28,0.441667,0.458333,0.175,0.633333,0.633333,0.0,0.116667,0.458184,-0.16,0.47401
volkan,1.5,42,42-29,0.433333,0.491667,0.15,0.641667,0.641667,0.0,0.133333,0.457992,-0.32,0.443737
volkan,1.5,42,42-30,0.133333,0.0,0.45,0.45,0.133333,0.275,0.0,0.802091,1.44,1.475753
volkan,1.5,42,42-31,0.0,0.158333,0.0,0.158333,0.158333,0.0,0.5,0.294366,-0.84,0.924324
volkan,1.5,42,42-32,0.0,0.066667,0.0,0.066667,0.066667,0.0,0.591667,0.274785,-0.96,1.02082
volkan,1.5,42,42-33,0.0,0.041667,0.0,0.041667,0.041667,0.0,0.766667,0.217947,-1.68,1.364976
volkan,1.5,42,42-34,0.441667,0.525,0.183333,0.708333,0.675,0.0,0.016667,0.491825,0.04,0.439847
volkan,1.5,42,42-35,0.541667,0.441667,0.491667,0.933333,0.725,0.0,0.0,0.618676,0.48,0.576601
volkan,1.5,42,42-36,0.108333,0.325,0.0,0.325,0.325,0.0,0.375,0.339777,-0.48,0.735377
volkan,1.5,42,42-37,0.0,0.0,0.0,0.0,0.0,0.0,0.85,0.219587,-1.24,1.328496
volkan,1.5,42,42-38,0.0,0.0,0.0,0.0,0.0,0.0,0.816667,0.214707,-1.32,1.358717
volkan,1.5,42,42-39,0.458333,0.466667,0.275,0.741667,0.675,0.0,0.025,0.507532,0.08,0.452846
volkan,1.5,42,42-40,0.466667,0.45,0.4,0.85,0.725,0.0,0.025,0.544039,0.08,0.476179
volkan,1.5,42,42-41,0.4,0.466667,0.225,0.691667,0.633333,0.0,0.066667,0.486208,0.16,0.472426
volkan,1.5,42,42-42,0.0,0.016667,0.0,0.016667,0.016667,0.0,0.7,0.240952,-1.32,1.214206
volkan,1.5,42,42-43,0.216667,0.525,0.016667,0.541667,0.541667,0.0,0.2,0.405785,-0.28,0.482704
volkan,1.5,42,42-44,0.225,0.4,0.058333,0.458333,0.458333,0.0,0.308333,0.39024,-0.28,0.594403
volkan,1.5,42,42-45,0.241667,0.491667,0.033333,0.525,0.525,0.0,0.233333,0.403112,-0.44,0.52441
volkan,1.5,42,42-46,0.525,0.525,0.408333,0.933333,0.808333,0.0,0.0,0.556045,0.24,0.441349
volkan,1.5,42,42-47,0.3,0.516667,0.05,0.566667,0.566667,0.0,0.183333,0.425215,-0.36,0.465677
volkan,1.5,42,42-48,0.458333,0.475,0.291667,0.766667,0.683333,0.0,0.033333,0.512614,-0.12,0.450265
volkan,1.5,42,42-49,0.175,0.45,0.016667,0.466667,0.466667,0.0,0.333333,0.377248,-0.44,0.616206
volkan,1.5,42,42-50,0.308333,0.483333,0.075,0.558333,0.558333,0.0,0.175,0.424754,-0.16,0.486744
volkan,1.5,42,42-51,0.458333,0.458333,0.291667,0.75,0.7,0.0,0.025,0.508415,0.08,0.439986
volkan,1.5,42,42-52,0.0,0.0,0.0,0.0,0.0,0.0,1.0,0.128115,-1.88,2.037232
volkan,1.5,42,42-53,0.0,0.15,0.0,0.15,0.15,0.0,0.491667,0.30415,-1.0,0.870764
volkan,1.5,42,42-54,0.0,0.116667,0.0,0.116667,0.116667,0.0,0.55,0.274152,-1.0,1.039109
volkan,1.5,42,42-55,0.0,0.066667,0.0,0.066667,0.066667,0.0,0.691667,0.250638,-1.2,1.170114
volkan,1.5,42,42-56,0.016667,0.191667,0.0,0.191667,0.191667,0.0,0.441667,0.312715,-1.0,0.835879
volkan,1.5,42,42-57,0.475,0.25,0.541667,0.791667,0.525,0.083333,0.0,0.692751,0.44,0.881488
volkan,1.5,42,42-58,0.0,0.0,0.0,0.0,0.0,0.0,0.808333,0.218045,-1.08,1.34877
volkan,1.5,42,42-59,0.475,0.5,0.408333,0.908333,0.741667,0.0,0.0,0.571388,0.28,0.500297
volkan,1.5,42,42-60,0.0,0.0,0.0,0.0,0.0,0.0,1.0,0.107096,-2.04,2.240727
volkan,1.5,42,42-61,0.05,0.175,0.0,0.175,0.175,0.0,0.525,0.295007,-1.12,0.937431
volkan,1.5,42,42-62,0.241667,0.483333,0.041667,0.525,0.525,0.0,0.258333,0.403354,-0.36,0.530982
volkan,1.5,42,42-63,0.433333,0.416667,0.316667,0.733333,0.675,0.0,0.058333,0.504667,-0.16,0.461851
volkan,1.5,42,42-64,0.408333,0.483333,0.3,0.783333,0.7,0.0,0.033333,0.510498,0.36,0.459963
volkan,1.5,42,42-65,0.5,0.5,0.358333,0.858333,0.783333,0.0,0.0,0.537564,0.28,0.414168
volkan,1.5,42,42-66,0.008333,0.133333,0.0,0.133333,0.133333,0.0,0.5,0.295583,-1.16,0.91958
volkan,1.5,42,42-67,0.0,0.1,0.0,0.1,0.1,0.0,0.558333,0.278955,-1.08,1.009957
volkan,1.5,42,42-68,0.508333,0.491667,0.391667,0.883333,0.783333,0.0,0.0,0.555346,0.32,0.465848
volkan,1.5,42,42-69,0.066667,0.258333,0.0,0.258333,0.258333,0.0,0.45,0.325112,-0.56,0.787481
volkan,1.5,42,42-70,0.0,0.0,0.0,0.0,0.0,0.0,0.991667,0.1503,-1.76,1.837426
volkan,1.5,42,42-71,0.0,0.0,0.0,0.0,0.0,0.0,0.933333,0.164121,-1.4,1.728045
volkan,1.5,42,42-72,0.0,0.0,0.0,0.0,0.0,0.0,0.891667,0.194872,-1.44,1.506699
volkan,1.5,42,42-73,0.5,0.5,0.191667,0.691667,0.691667,0.0,0.075,0.482788,-0.24,0.440445
volkan,1.5,42,42-74,0.216667,0.483333,0.016667,0.5,0.5,0.0,0.275,0.388748,-0.32,0.563155
volkan,1.5,42,42-75,0.475,0.5,0.283333,0.783333,0.708333,0.0,0.016667,0.517002,-0.12,0.457212
volkan,1.5,42,42-76,0.0,0.125,0.0,0.125,0.125,0.0,0.516667,0.288466,-1.04,0.952686
volkan,1.5,42,42-77,0.308333,0.45,0.058333,0.508333,0.508333,0.0,0.25,0.410553,-0.24,0.54026
volkan,1.5,42,42-78,0.508333,0.508333,0.266667,0.775,0.75,0.0,0.025,0.510986,-0.2,0.427863
volkan,1.5,42,42-79,0.033333,0.191667,0.0,0.191667,0.191667,0.0,0.5,0.302566,-0.84,0.894304
volkan,1.5,42,42-80,0.466667,0.458333,0.166667,0.625,0.625,0.0,0.125,0.462466,-0.24,0.471921
volkan,1.5,42,42-81,0.0,0.016667,0.0,0.016667,0.016667,0.0,0.716667,0.24278,-1.08,1.20189
volkan,1.5,42,42-82,0.008333,0.191667,0.0,0.191667,0.191667,0.0,0.533333,0.30102,-1.4,0.889454
volkan,1.5,42,42-83,0.008333,0.175,0.0,0.175,0.175,0.0,0.575,0.282858,-0.92,0.996799
volkan,1.5,42,42-84,0.0,0.0,0.0,0.0,0.0,0.0,0.975,0.163204,-1.72,1.724251
volkan,1.5,42,42-85,0.441667,0.458333,0.183333,0.641667,0.641667,0.0,0.116667,0.468655,-0.12,0.462272
volkan,1.5,42,42-86,0.0,0.083333,0.0,0.083333,0.083333,0.0,0.533333,0.274887,-0.92,1.027931
volkan,1.5,42,42-87,0.116667,0.341667,0.05,0.391667,0.391667,0.0,0.308333,0.36836,-1.12,0.646763
volkan,1.5,42,42-88,0.433333,0.491667,0.183333,0.675,0.675,0.0,0.116667,0.468304,-0.36,0.454773
volkan,1.5,42,42-89,0.383333,0.433333,0.166667,0.6,0.575,0.0,0.125,0.464703,0.16,0.48157
volkan,1.5,42,42-90,0.483333,0.483333,0.266667,0.75,0.708333,0.0,0.083333,0.498697,-0.28,0.473045
volkan,1.5,42,42-91,0.108333,0.35,0.0,0.35,0.35,0.0,0.341667,0.35187,-1.08,0.678319
volkan,1.5,42,42-92,0.0,0.141667,0.0,0.141667,0.141667,0.0,0.575,0.282845,-0.72,0.985368
volkan,1.5,42,42-93,0.116667,0.4,0.0,0.4,0.4,0.0,0.325,0.350917,-0.8,0.688861
volkan,1.5,42,42-94,0.0,0.0,0.0,0.0,0.0,0.0,1.0,0.105943,-1.84,2.23895
volkan,1.5,42,42-95,0.0,0.0,0.0,0.0,0.0,0.0,1.0,0.13196,-1.72,1.965173
volkan,1.5,42,42-96,0.0,0.0,0.0,0.0,0.0,0.0,1.0,0.140488,-1.64,1.905886
volkan,1.5,42,42-97,0.0,0.0,0.0,0.0,0.0,0.0,0.933333,0.187897,-1.44,1.543611
volkan,1.5,42,42-98,0.391667,0.466667,0.116667,0.583333,0.583333,0.0,0.166667,0.442485,-0.12,0.492188
volkan,1.5,42,42-99,0.0,0.0,0.0,0.0,0.0,0.0,0.825,0.200717,-1.88,1.490692
volkan,1.5,42,42-100,0.008333,0.191667,0.0,0.191667,0.191667,0.0,0.558333,0.28593,-1.2,0.989403
volkan,1.5,42,42-101,0.525,0.366667,0.525,0.891667,0.625,0.025,0.0,0.654288,0.68,0.714628
volkan,1.5,42,42-102,0.016667,0.158333,0.0,0.158333,0.158333,0.0,0.516667,0.292851,-1.12,0.939049
volkan,1.5,42,42-103,0.466667,0.458333,0.325,0.783333,0.7,0.0,0.0,0.518262,0.28,0.446306
volkan,1.5,42,42-104,0.0,0.0,0.0,0.0,0.0,0.0,0.875,0.201227,-1.84,1.447864
volkan,1.5,42,42-105,0.033333,0.25,0.0,0.25,0.25,0.0,0.375,0.329448,-0.76,0.762367
volkan,1.5,42,42-106,0.0,0.0,0.0,0.0,0.0,0.0,0.925,0.192987,-1.4,1.511415
volkan,1.5,42,42-107,0.008333,0.191667,0.0,0.191667,0.191667,0.0,0.441667,0.309462,-1.2,0.844481
volkan,1.5,42,42-108,0.516667,0.458333,0.391667,0.85,0.766667,0.0,0.0,0.543946,0.12,0.435631
volkan,1.5,42,42-109,0.0,0.0,0.0,0.0,0.0,0.0,1.0,0.103906,-2.16,2.286044
volkan,1.5,42,42-110,0.408333,0.441667,0.183333,0.625,0.616667,0.0,0.158333,0.460396,0.12,0.50401
volkan,1.5,42,42-111,0.283333,0.475,0.041667,0.516667,0.516667,0.0,0.225,0.412617,-0.08,0.503627
volkan,1.5,42,42-112,0.0,0.108333,0.0,0.108333,0.108333,0.0,0.675,0.257457,-1.2,1.126245
volkan,1.5,42,42-113,0.0,0.0,0.0,0.0,0.0,0.0,1.0,0.128046,-1.64,2.029199
volkan,1.5,42,42-114,0.158333,0.433333,0.008333,0.441667,0.441667,0.0,0.316667,0.37704,-0.36,0.591339
volkan,1.5,42,42-115,0.0,0.083333,0.0,0.083333,0.083333,0.0,0.666667,0.264837,-1.2,1.075689
volkan,1.5,42,42-116,0.3,0.483333,0.05,0.533333,0.533333,0.0,0.175,0.423144,-0.08,0.485137
volkan,1.5,42,42-117,0.141667,0.45,0.0,0.45,0.45,0.0,0.291667,0.372916,-0.52,0.588967
volkan,1.5,42,42-118,0.441667,0.15,0.583333,0.733333,0.466667,0.108333,0.0,0.716334,1.04,0.996493
volkan,1.5,42,42-119,0.025,0.25,0.0,0.25,0.25,0.0,0.433333,0.312276,-0.76,0.845368
volkan,1.5,42,42-120,0.0,0.0,0.0,0.0,0.0,0.0,0.95,0.190987,-1.52,1.496878
volkan,1.5,42,42-121,0.333333,0.45,0.075,0.525,0.525,0.0,0.2,0.422196,-0.16,0.518051
volkan,1.5,42,42-122,0.275,0.508333,0.066667,0.575,0.575,0.0,0.191667,0.418846,-0.6,0.483525
volkan,1.5,42,42-123,0.6,0.316667,0.55,0.866667,0.641667,0.05,0.0,0.665769,0.88,0.745737
volkan,1.5,42,42-124,0.466667,0.433333,0.383333,0.816667,0.7,0.0,0.0,0.538378,0.16,0.475036
volkan,1.5,42,42-125,0.375,0.458333,0.116667,0.575,0.575,0.0,0.166667,0.437682,-0.16,0.507383
volkan,1.5,42,42-126,0.533333,0.225,0.625,0.85,0.55,0.075,0.0,0.685223,0.68,0.831889
volkan,1.5,42,42-127,0.0,0.0,0.0,0.0,0.0,0.0,0.991667,0.158942,-1.4,1.74834
volkan,1.5,42,42-128,0.0,0.058333,0.0,0.058333,0.058333,0.0,0.758333,0.241148,-1.32,1.212356
volkan,1.5,42,42-129,0.0,0.0,0.0,0.0,0.0,0.0,0.883333,0.200382,-1.48,1.454637
volkan,1.5,42,42-130,0.016667,0.133333,0.0,0.133333,0.133333,0.0,0.5,0.295284,-1.08,0.918238
volkan,1.5,42,42-131,0.0,0.0,0.0,0.0,0.0,0.0,1.0,0.139419,-1.84,1.937048
volkan,1.5,42,42-132,0.441667,0.483333,0.275,0.758333,0.708333,0.0,0.016667,0.501711,0.36,0.440123
volkan,1.5,42,42-133,0.025,0.291667,0.0,0.291667,0.291667,0.0,0.433333,0.318499,-0.88,0.825752
volkan,1.5,42,42-134,0.0,0.0,0.0,0.0,0.0,0.0,1.0,0.129787,-1.88,2.025033
volkan,1.5,42,42-135,0.0,0.0,0.0,0.0,0.0,0.0,0.933333,0.180865,-1.48,1.609083
volkan,1.5,42,42-136,0.433333,0.475,0.15,0.625,0.625,0.0,0.108333,0.456645,-0.2,0.466918
volkan,1.5,42,42-137,0.508333,0.466667,0.408333,0.875,0.758333,0.0,0.0,0.558019,0.28,0.46384
volkan,1.5,42,42-138,0.208333,0.008333,0.591667,0.6,0.208333,0.216667,0.0,0.77377,1.16,1.296252
volkan,1.5,42,42-139,0.0,0.0,0.066667,0.066667,0.0,0.808333,0.0,0.894585,1.96,2.255632
volkan,1.5,42,42-140,0.441667,0.5,0.125,0.625,0.625,0.0,0.141667,0.456735,-0.16,0.444632
volkan,1.5,42,42-141,0.0,0.0,0.0,0.0,0.0,0.0,0.9,0.186983,-1.68,1.562209
volkan,1.5,42,42-142,0.0,0.0,0.0,0.0,0.0,0.0,1.0,0.071658,-2.04,2.690885
volkan,1.5,42,42-143,0.308333,0.525,0.075,0.6,0.6,0.0,0.191667,0.421295,-0.68,0.498097
volkan,1.5,42,42-144,0.0,0.016667,0.0,0.016667,0.016667,0.0,0.783333,0.212769,-1.68,1.414805
volkan,1.5,42,42-145,0.0,0.158333,0.0,0.158333,0.158333,0.0,0.541667,0.287263,-0.84,0.965002
volkan,1.5,42,42-146,0.0,0.066667,0.0,0.066667,0.066667,0.0,0.708333,0.249019,-0.8,1.171164
volkan,1.5,42,42-147,0.1,0.375,0.0,0.375,0.375,0.0,0.35,0.349841,-0.72,0.688391
volkan,1.5,42,42-148,0.45,0.416667,0.475,0.891667,0.666667,0.0,0.0,0.599848,0.32,0.575444
volkan,1.5,42,42-149,0.241667,0.483333,0.025,0.508333,0.508333,0.0,0.275,0.399015,-0.48,0.548749
volkan,1.5,42,42-150,0.05,0.358333,0.0,0.358333,0.358333,0.0,0.375,0.340017,-1.16,0.719941
volkan,1.5,42,42-151,0.0,0.0,0.0,0.0,0.0,0.0,0.933333,0.181352,-1.56,1.598664
volkan,1.5,42,42-152,0.0,0.0,0.0,0.0,0.0,0.0,1.0,0.107308,-1.8,2.263425
volkan,1.5,42,42-153,0.0,0.091667,0.0,0.091667,0.091667,0.0,0.566667,0.274638,-1.0,1.029476
volkan,1.5,42,42-154,0.083333,0.291667,0.0,0.291667,0.291667,0.0,0.35,0.340883,-0.64,0.719679
volkan,1.5,42,42-155,0.316667,0.083333,0.575,0.658333,0.316667,0.175,0.0,0.748742,1.0,1.164615
volkan,1.5,42,42-156,0.175,0.433333,0.016667,0.45,0.45,0.0,0.291667,0.379007,-0.32,0.602585
volkan,1.5,42,42-157,0.508333,0.491667,0.425,0.916667,0.716667,0.008333,0.0,0.593033,0.48,0.53885
volkan,1.5,42,42-158,0.0,0.091667,0.0,0.091667,0.091667,0.0,0.608333,0.277704,-1.0,1.005044
volkan,1.5,42,42-159,0.0,0.0,0.0,0.0,0.0,0.0,0.941667,0.163987,-1.56,1.746028
volkan,1.5,42,42-160,0.0,0.0,0.0,0.0,0.0,0.0,0.858333,0.192212,-1.72,1.514147
volkan,1.5,42,42-161,0.0,0.025,0.0,0.025,0.025,0.0,0.783333,0.22756,-1.24,1.292877
volkan,1.5,42,42-162,0.133333,0.0,0.5,0.5,0.133333,0.283333,0.0,0.798283,1.44,1.458214
volkan,1.5,42,42-163,0.0,0.0,0.0,0.0,0.0,0.0,0.766667,0.220736,-1.4,1.337357
volkan,1.5,42,42-164,0.475,0.516667,0.366667,0.883333,0.766667,0.0,0.0,0.551685,0.44,0.443611
volkan,1.5,42,42-165,0.0,0.0,0.0,0.0,0.0,0.0,0.841667,0.199931,-1.64,1.472545
volkan,1.5,42,42-166,0.533333,0.491667,0.441667,0.933333,0.791667,0.0,0.0,0.572932,0.16,0.475822
volkan,1.5,42,42-167,0.35,0.533333,0.1,0.633333,0.633333,0.0,0.108333,0.446192,-0.32,0.431833
volkan,1.5,42,42-168,0.066667,0.291667,0.0,0.291667,0.291667,0.0,0.325,0.343003,-1.12,0.696365
volkan,1.5,42,42-169,0.1,0.316667,0.016667,0.333333,0.333333,0.0,0.358333,0.344963,-0.8,0.735916
volkan,1.5,42,42-170,0.0,0.05,0.0,0.05,0.05,0.0,0.716667,0.244581,-1.08,1.19128
volkan,1.5,42,42-171,0.391667,0.45,0.166667,0.616667,0.583333,0.0,0.091667,0.465242,0.36,0.466397
volkan,1.5,42,42-172,0.0,0.125,0.0,0.125,0.125,0.0,0.608333,0.265842,-1.08,1.094458
volkan,1.5,42,42-173,0.0,0.0,0.0,0.0,0.0,0.0,0.941667,0.157249,-1.72,1.788538
volkan,1.5,42,42-174,0.0,0.0,0.0,0.0,0.0,0.0,1.0,0.144848,-1.6,1.904873
volkan,1.5,42,42-175,0.25,0.483333,0.033333,0.516667,0.516667,0.0,0.258333,0.402353,-0.56,0.532062
volkan,1.5,42,42-176,0.558333,0.2,0.641667,0.841667,0.558333,0.033333,0.0,0.692173,0.96,0.854265
volkan,1.5,42,42-177,0.225,0.475,0.025,0.5,0.5,0.0,0.25,0.393421,-0.52,0.547911
volkan,1.5,42,42-178,0.083333,0.366667,0.0,0.366667,0.366667,0.0,0.375,0.348457,-0.88,0.688568
volkan,1.5,42,42-179,0.408333,0.466667,0.133333,0.6,0.6,0.0,0.175,0.437989,0.0,0.514559
volkan,1.5,42,42-180,0.525,0.35,0.533333,0.883333,0.608333,0.05,0.0,0.657989,0.76,0.729298
volkan,1.5,42,42-181,0.225,0.458333,0.033333,0.491667,0.491667,0.0,0.283333,0.394866,-0.52,0.568944
volkan,1.5,42,42-182,0.0,0.1,0.0,0.1,0.1,0.0,0.541667,0.282631,-0.56,0.980266
volkan,1.5,42,42-183,0.575,0.5,0.483333,0.983333,0.758333,0.0,0.0,0.601521,0.72,0.515211
volkan,1.5,42,42-184,0.433333,0.475,0.175,0.65,0.65,0.0,0.141667,0.462231,-0.12,0.482168
volkan,1.5,42,42-185,0.5,0.191667,0.616667,0.808333,0.516667,0.091667,0.0,0.70066,1.12,0.909083
volkan,1.5,42,42-186,0.258333,0.516667,0.025,0.541667,0.541667,0.0,0.183333,0.408349,-0.6,0.498039
volkan,1.5,42,42-187,0.0,0.0,0.0,0.0,0.0,0.0,0.983333,0.152732,-1.56,1.812734
volkan,1.5,42,42-188,0.0,0.0,0.0,0.0,0.0,0.0,1.0,0.137462,-1.76,1.966174
volkan,1.5,42,42-189,0.45,0.108333,0.683333,0.791667,0.45,0.108333,0.0,0.716325,1.28,0.988379
volkan,1.5,42,42-190,0.333333,0.108333,0.633333,0.741667,0.333333,0.125,0.0,0.732017,1.16,1.066445
volkan,1.5,42,42-191,0.075,0.283333,0.0,0.283333,0.283333,0.0,0.416667,0.324146,-1.2,0.805673
volkan,1.5,42,42-192,0.0,0.15,0.0,0.15,0.15,0.0,0.525,0.292846,-0.76,0.933793
volkan,1.5,42,42-193,0.516667,0.266667,0.533333,0.8,0.575,0.083333,0.0,0.681306,1.2,0.834348
volkan,1.5,42,42-194,0.0,0.0,0.0,0.0,0.0,0.0,0.958333,0.170128,-1.6,1.673731
volkan,1.5,42,42-195,0.0,0.0,0.0,0.0,0.0,0.0,0.866667,0.203923,-1.8,1.445113
volkan,1.5,42,42-196,0.491667,0.483333,0.266667,0.75,0.683333,0.0,0.05,0.507229,-0.32,0.44861
volkan,1.5,42,42-197,0.0,0.141667,0.0,0.141667,0.141667,0.0,0.508333,0.291844,-0.96,0.936961
volkan,1.5,42,42-198,0.141667,0.375,0.0,0.375,0.375,0.0,0.341667,0.354501,-0.76,0.692288
volkan,1.5,42,42-199,0.058333,0.266667,0.0,0.266667,0.266667,0.0,0.391667,0.324806,-0.6,0.796698
volkan,1.5,137,137-0,0.0,0.0,0.0,0.0,0.0,0.0,0.833333,0.211476,-1.16,1.388657
volkan,1.5,137,137-1,0.0,0.016667,0.0,0.016667,0.016667,0.0,0.783333,0.228273,-1.16,1.289965
volkan,1.5,137,137-2,0.0,0.075,0.0,0.075,0.075,0.0,0.716667,0.24672,-1.44,1.194758
volkan,1.5,137,137-3,0.158333,0.408333,0.0,0.408333,0.408333,0.0,0.358333,0.362594,-0.68,0.656896
volkan,1.5,137,137-4,0.0,0.066667,0.0,0.066667,0.066667,0.0,0.683333,0.263802,-1.16,1.075248
volkan,1.5,137,137-5,0.0,0.0,0.0,0.0,0.0,0.0,0.908333,0.190091,-1.72,1.540057
volkan,1.5,137,137-6,0.241667,0.533333,0.033333,0.566667,0.566667,0.0,0.233333,0.410168,-0.48,0.506389
volkan,1.5,137,137-7,0.0,0.025,0.0,0.025,0.025,0.0,0.733333,0.236205,-1.0,1.246217
volkan,1.5,137,137-8,0.0,0.0,0.0,0.0,0.0,0.0,1.0,0.082403,-1.84,2.52833
volkan,1.5,137,137-9,0.241667,0.025,0.625,0.65,0.241667,0.175,0.0,0.761548,1.2,1.218987
volkan,1.5,137,137-10,0.475,0.125,0.625,0.75,0.475,0.083333,0.0,0.717243,0.76,0.991144
volkan,1.5,137,137-11,0.0,0.0,0.0,0.0,0.0,0.0,0.958333,0.179263,-1.28,1.594994
volkan,1.5,137,137-12,0.008333,0.125,0.0,0.125,0.125,0.0,0.566667,0.284146,-0.84,0.986266
volkan,1.5,137,137-13,0.091667,0.375,0.0,0.375,0.375,0.0,0.358333,0.348117,-0.68,0.712726
volkan,1.5,137,137-14,0.466667,0.45,0.458333,0.908333,0.7,0.0,0.0,0.587585,0.36,0.535117
volkan,1.5,137,137-15,0.0,0.0,0.0,0.0,0.0,0.0,1.0,0.046329,-1.92,3.176982
volkan,1.5,137,137-16,0.0,0.0,0.0,0.0,0.0,0.0,0.858333,0.210944,-1.32,1.392347
volkan,1.5,137,137-17,0.208333,0.475,0.025,0.5,0.5,0.0,0.266667,0.393099,-0.24,0.566159
volkan,1.5,137,137-18,0.0,0.0,0.0,0.0,0.0,0.0,1.0,0.094108,-1.96,2.421116
volkan,1.5,137,137-19,0.0,0.041667,0.0,0.041667,0.041667,0.0,0.691667,0.241293,-0.92,1.23047
volkan,1.5,137,137-20,0.016667,0.166667,0.0,0.166667,0.166667,0.0,0.516667,0.299387,-0.72,0.900008
volkan,1.5,137,137-21,0.0,0.108333,0.0,0.108333,0.108333,0.0,0.591667,0.275739,-0.96,1.012523
volkan,1.5,137,137-22,0.0,0.0,0.0,0.0,0.0,0.0,0.958333,0.179823,-1.48,1.613022
volkan,1.5,137,137-23,0.425,0.491667,0.441667,0.933333,0.691667,0.0,0.0,0.582303,0.6,0.499085
volkan,1.5,137,137-24,0.0,0.066667,0.0,0.066667,0.066667,0.0,0.691667,0.245569,-1.36,1.199242
volkan,1.5,137,137-25,0.466667,0.391667,0.441667,0.833333,0.675,0.0,0.025,0.551063,-0.32,0.510021
volkan,1.5,137,137-26,0.0,0.141667,0.0,0.141667,0.141667,0.0,0.483333,0.294686,-0.88,0.916958
volkan,1.5,137,137-27,0.266667,0.491667,0.05,0.541667,0.541667,0.0,0.2,0.415694,-0.8,0.49202
volkan,1.5,137,137-28,0.0,0.116667,0.0,0.116667,0.116667,0.0,0.591667,0.271849,-1.12,1.048738
volkan,1.5,137,137-29,0.466667,0.45,0.5,0.95,0.691667,0.0,0.0,0.607442,0.08,0.574389
volkan,1.5,137,137-30,0.391667,0.475,0.108333,0.583333,0.583333,0.0,0.15,0.44091,-0.12,0.455573
volkan,1.5,137,137-31,0.0,0.0,0.0,0.0,0.0,0.0,0.875,0.193707,-1.48,1.506875
volkan,1.5,137,137-32,0.458333,0.491667,0.316667,0.808333,0.775,0.0,0.008333,0.515584,0.28,0.415717
volkan,1.5,137,137-33,0.0,0.0,0.108333,0.108333,0.0,0.683333,0.0,0.871849,1.52,2.028316
volkan,1.5,137,137-34,0.0,0.0,0.0,0.0,0.0,0.0,1.0,0.099532,-1.84,2.335149
volkan,1.5,137,137-35,0.066667,0.35,0.0,0.35,0.35,0.0,0.416667,0.337206,-0.52,0.738345
volkan,1.5,137,137-36,0.15,0.475,0.0,0.475,0.475,0.0,0.333333,0.37251,-0.28,0.588337
volkan,1.5,137,137-37,0.058333,0.3,0.0,0.3,0.3,0.0,0.425,0.33105,-0.76,0.771139
volkan,1.5,137,137-38,0.5,0.5,0.408333,0.908333,0.741667,0.0,0.0,0.569771,0.84,0.47785
volkan,1.5,137,137-39,0.041667,0.283333,0.0,0.283333,0.283333,0.0,0.425,0.321388,-0.76,0.808516
volkan,1.5,137,137-40,0.491667,0.433333,0.383333,0.816667,0.716667,0.0,0.0,0.534262,0.04,0.461546
volkan,1.5,137,137-41,0.458333,0.433333,0.35,0.783333,0.683333,0.0,0.0,0.526193,0.08,0.459694
volkan,1.5,137,137-42,0.0,0.0,0.0,0.0,0.0,0.0,0.933333,0.184438,-1.24,1.560282
volkan,1.5,137,137-43,0.0,0.0,0.0,0.0,0.0,0.0,0.95,0.167446,-1.48,1.700344
volkan,1.5,137,137-44,0.283333,0.075,0.591667,0.666667,0.283333,0.2,0.0,0.75455,0.96,1.198812
volkan,1.5,137,137-45,0.033333,0.258333,0.0,0.258333,0.258333,0.0,0.433333,0.323054,-0.76,0.793348
volkan,1.5,137,137-46,0.2,0.475,0.008333,0.483333,0.483333,0.0,0.275,0.393614,-0.4,0.530045
volkan,1.5,137,137-47,0.566667,0.166667,0.691667,0.858333,0.575,0.033333,0.0,0.691472,1.04,0.848178
volkan,1.5,137,137-48,0.466667,0.5,0.25,0.75,0.733333,0.0,0.041667,0.504086,-0.04,0.434021
volkan,1.5,137,137-49,0.0,0.025,0.0,0.025,0.025,0.0,0.708333,0.247897,-1.12,1.171769
volkan,1.5,137,137-50,0.025,0.166667,0.0,0.166667,0.166667,0.0,0.475,0.295837,-1.16,0.936928
volkan,1.5,137,137-51,0.508333,0.433333,0.433333,0.866667,0.675,0.025,0.0,0.612903,0.8,0.592109
volkan,1.5,137,137-52,0.6,0.3,0.6,0.9,0.675,0.008333,0.0,0.655186,1.0,0.694085
volkan,1.5,137,137-53,0.025,0.183333,0.0,0.183333,0.183333,0.0,0.433333,0.310971,-0.84,0.844392
volkan,1.5,137,137-54,0.566667,0.408333,0.516667,0.925,0.658333,0.008333,0.0,0.644345,0.72,0.648107
volkan,1.5,137,137-55,0.041667,0.158333,0.0,0.158333,0.158333,0.0,0.566667,0.286787,-1.16,0.983391
volkan,1.5,137,137-56,0.225,0.5,0.033333,0.533333,0.533333,0.0,0.2,0.411217,-0.24,0.489223
volkan,1.5,137,137-57,0.0,0.0,0.0,0.0,0.0,0.0,1.0,0.150847,-1.8,1.81602
volkan,1.5,137,137-58,0.008333,0.25,0.0,0.25,0.25,0.0,0.433333,0.321007,-0.8,0.791769
volkan,1.5,137,137-59,0.466667,0.483333,0.158333,0.641667,0.641667,0.0,0.075,0.470936,-0.08,0.421066
volkan,1.5,137,137-60,0.383333,0.45,0.125,0.575,0.575,0.0,0.166667,0.441972,-0.28,0.505101
volkan,1.5,137,137-61,0.483333,0.433333,0.383333,0.816667,0.725,0.0,0.008333,0.536064,-0.04,0.460582
volkan,1.5,137,137-62,0.0,0.008333,0.0,0.008333,0.008333,0.0,0.741667,0.232683,-1.16,1.256358
volkan,1.5,137,137-63,0.058333,0.258333,0.0,0.258333,0.258333,0.0,0.425,0.32243,-0.76,0.808379
volkan,1.5,137,137-64,0.1,0.375,0.0,0.375,0.375,0.0,0.341667,0.350181,-0.96,0.697093
volkan,1.5,137,137-65,0.45,0.108333,0.625,0.733333,0.45,0.133333,0.0,0.728392,0.92,1.062664
volkan,1.5,137,137-66,0.0,0.0,0.0,0.0,0.0,0.0,0.983333,0.153941,-1.36,1.79644
volkan,1.5,137,137-67,0.058333,0.258333,0.0,0.258333,0.258333,0.0,0.458333,0.31209,-1.0,0.860229
volkan,1.5,137,137-68,0.075,0.3,0.0,0.3,0.3,0.0,0.408333,0.336726,-0.72,0.737707
volkan,1.5,137,137-69,0.0,0.0,0.0,0.0,0.0,0.875,0.0,0.911894,2.04,2.452643
volkan,1.5,137,137-70,0.433333,0.441667,0.3,0.741667,0.641667,0.0,0.025,0.513563,0.36,0.473925
volkan,1.5,137,137-71,0.108333,0.341667,0.0,0.341667,0.341667,0.0,0.366667,0.347378,-0.8,0.705213
volkan,1.5,137,137-72,0.141667,0.441667,0.016667,0.458333,0.458333,0.0,0.3,0.37495,-0.8,0.6088
volkan,1.5,137,137-73,0.0,0.0,0.0,0.0,0.0,0.0,1.0,0.116858,-1.64,2.141102
volkan,1.5,137,137-74,0.216667,0.516667,0.016667,0.533333,0.533333,0.0,0.241667,0.400035,-0.76,0.502292
volkan,1.5,137,137-75,0.575,0.4,0.508333,0.908333,0.658333,0.041667,0.0,0.645452,0.92,0.657418
volkan,1.5,137,137-76,0.066667,0.258333,0.0,0.258333,0.258333,0.0,0.4,0.330152,-1.08,0.754105
volkan,1.5,137,137-77,0.0,0.091667,0.0,0.091667,0.091667,0.0,0.575,0.272333,-1.12,1.039523
volkan,1.5,137,137-78,0.016667,0.166667,0.0,0.166667,0.166667,0.0,0.475,0.307283,-1.2,0.861246
volkan,1.5,137,137-79,0.441667,0.416667,0.408333,0.825,0.65,0.0,0.0,0.557149,0.28,0.516905
volkan,1.5,137,137-80,0.433333,0.466667,0.241667,0.708333,0.658333,0.0,0.041667,0.494184,0.12,0.45458
volkan,1.5,137,137-81,0.533333,0.466667,0.466667,0.933333,0.691667,0.008333,0.0,0.610136,0.6,0.547916
volkan,1.5,137,137-82,0.233333,0.5,0.033333,0.533333,0.533333,0.0,0.216667,0.405783,-0.64,0.504735
volkan,1.5,137,137-83,0.383333,0.491667,0.266667,0.758333,0.666667,0.0,0.0,0.509798,0.4,0.456009
volkan,1.5,137,137-84,0.0,0.0,0.0,0.0,0.0,0.0,0.875,0.205696,-1.32,1.420372
volkan,1.5,137,137-85,0.25,0.433333,0.05,0.483333,0.483333,0.0,0.241667,0.402231,-0.2,0.557235
volkan,1.5,137,137-86,0.0,0.0,0.0,0.0,0.0,0.0,0.958333,0.173409,-1.36,1.630732
volkan,1.5,137,137-87,0.0,0.05,0.0,0.05,0.05,0.0,0.766667,0.236701,-1.0,1.246449
volkan,1.5,137,137-88,0.0,0.0,0.0,0.0,0.0,0.0,0.908333,0.206392,-1.04,1.409759
volkan,1.5,137,137-89,0.1,0.333333,0.0,0.333333,0.333333,0.0,0.391667,0.34132,-0.84,0.72895
volkan,1.5,137,137-90,0.491667,0.45,0.5,0.95,0.7,0.0,0.0,0.60583,0.36,0.562746
volkan,1.5,137,137-91,0.416667,0.541667,0.108333,0.65,0.65,0.0,0.091667,0.456867,-0.4,0.417176
volkan,1.5,137,137-92,0.0,0.0,0.0,0.0,0.0,0.0,0.95,0.168015,-1.32,1.689337
volkan,1.5,137,137-93,0.4,0.4,0.3,0.7,0.6,0.0,0.066667,0.502008,0.16,0.514934
volkan,1.5,137,137-94,0.116667,0.0,0.391667,0.391667,0.116667,0.3,0.0,0.805375,1.52,1.485983
volkan,1.5,137,137-95,0.558333,0.4,0.475,0.875,0.641667,0.025,0.0,0.651438,0.64,0.685491
volkan,1.5,137,137-96,0.416667,0.458333,0.283333,0.741667,0.675,0.0,0.008333,0.508793,0.36,0.426071
volkan,1.5,137,137-97,0.525,0.441667,0.508333,0.95,0.716667,0.0,0.0,0.622829,0.64,0.571346
volkan,1.5,137,137-98,0.5,0.4,0.491667,0.891667,0.666667,0.016667,0.0,0.639699,0.64,0.658184
volkan,1.5,137,137-99,0.458333,0.491667,0.116667,0.608333,0.608333,0.0,0.1,0.453642,-0.24,0.432474
volkan,1.5,137,137-100,0.0,0.216667,0.0,0.216667,0.216667,0.0,0.433333,0.30466,-0.72,0.873448
volkan,1.5,137,137-101,0.141667,0.0,0.516667,0.516667,0.141667,0.241667,0.0,0.792232,1.24,1.411791
volkan,1.5,137,137-102,0.325,0.5,0.066667,0.566667,0.566667,0.0,0.125,0.431334,-0.08,0.454085
volkan,1.5,137,137-103,0.575,0.333333,0.6,0.933333,0.666667,0.0,0.0,0.648907,0.72,0.67332
volkan,1.5,137,137-104,0.166667,0.425,0.008333,0.433333,0.433333,0.0,0.325,0.370604,-0.4,0.627478
volkan,1.5,137,137-105,0.15,0.0,0.45,0.45,0.15,0.3,0.0,0.797455,1.44,1.461186
volkan,1.5,137,137-106,0.0,0.0,0.0,0.0,0.0,0.0,1.0,0.032293,-2.32,3.583639
volkan,1.5,137,137-107,0.016667,0.216667,0.0,0.216667,0.216667,0.0,0.433333,0.319378,-0.84,0.798987
volkan,1.5,137,137-108,0.0,0.0,0.0,0.0,0.0,0.0,1.0,0.033596,-2.36,3.539529
volkan,1.5,137,137-109,0.4,0.125,0.633333,0.758333,0.4,0.15,0.0,0.726532,1.12,1.044711
volkan,1.5,137,137-110,0.0,0.041667,0.0,0.041667,0.041667,0.0,0.691667,0.256113,-1.04,1.118132
volkan,1.5,137,137-111,0.483333,0.4,0.483333,0.883333,0.666667,0.016667,0.0,0.640945,0.72,0.679174
volkan,1.5,137,137-112,0.0,0.125,0.0,0.125,0.125,0.0,0.583333,0.280648,-1.04,1.003495
volkan,1.5,137,137-113,0.0,0.05,0.0,0.05,0.05,0.0,0.7,0.242697,-0.92,1.212117
volkan,1.5,137,137-114,0.008333,0.15,0.0,0.15,0.15,0.0,0.541667,0.289868,-1.0,0.948934
volkan,1.5,137,137-115,0.05,0.216667,0.0,0.216667,0.216667,0.0,0.5,0.303227,-0.92,0.902769
volkan,1.5,137,137-116,0.491667,0.4,0.516667,0.916667,0.641667,0.008333,0.0,0.638583,0.48,0.6581
volkan,1.5,137,137-117,0.0,0.016667,0.0,0.016667,0.016667,0.0,0.733333,0.24185,-1.36,1.200228
volkan,1.5,137,137-118,0.0,0.0,0.0,0.0,0.0,0.0,1.0,0.093716,-2.08,2.401227
volkan,1.5,137,137-119,0.016667,0.208333,0.0,0.208333,0.208333,0.0,0.491667,0.307441,-0.92,0.865032
volkan,1.5,137,137-120,0.208333,0.05,0.5,0.55,0.208333,0.166667,0.0,0.771125,1.48,1.283018
volkan,1.5,137,137-121,0.091667,0.0,0.391667,0.391667,0.091667,0.341667,0.0,0.813892,1.44,1.564725
volkan,1.5,137,137-122,0.216667,0.516667,0.0,0.516667,0.516667,0.0,0.216667,0.400194,-0.56,0.506296
volkan,1.5,137,137-123,0.0,0.0,0.0,0.0,0.0,0.0,0.95,0.147725,-1.68,1.904227
volkan,1.5,137,137-124,0.0,0.0,0.0,0.0,0.0,0.0,1.0,0.120041,-2.0,2.105989
volkan,1.5,137,137-125,0.233333,0.458333,0.041667,0.5,0.5,0.0,0.241667,0.399154,-0.8,0.53341
volkan,1.5,137,137-126,0.241667,0.466667,0.05,0.516667,0.516667,0.0,0.216667,0.40853,-0.2,0.512754
volkan,1.5,137,137-127,0.0,0.0,0.0,0.0,0.0,0.0,0.825,0.206783,-1.52,1.411146
volkan,1.5,137,137-128,0.033333,0.3,0.0,0.3,0.3,0.0,0.408333,0.329051,-0.76,0.772454
volkan,1.5,137,137-129,0.5,0.508333,0.425,0.933333,0.725,0.0,0.0,0.591667,0.48,0.514172
volkan,1.5,137,137-130,0.1,0.275,0.0,0.275,0.275,0.0,0.366667,0.340228,-1.12,0.72562
volkan,1.5,137,137-131,0.008333,0.208333,0.0,0.208333,0.208333,0.0,0.441667,0.315917,-1.2,0.81665
volkan,1.5,137,137-132,0.483333,0.491667,0.225,0.716667,0.7,0.0,0.075,0.488835,-0.28,0.435054
volkan,1.5,137,137-133,0.0,0.0,0.0,0.0,0.0,0.0,0.941667,0.164472,-1.68,1.729967
volkan,1.5,137,137-134,0.325,0.525,0.033333,0.558333,0.558333,0.0,0.2,0.418988,-0.64,0.48126
volkan,1.5,137,137-135,0.316667,0.475,0.1,0.575,0.575,0.0,0.216667,0.4273,-0.32,0.499363
volkan,1.5,137,137-136,0.158333,0.416667,0.0,0.416667,0.416667,0.0,0.341667,0.366585,-0.52,0.631002
volkan,1.5,137,137-137,0.033333,0.191667,0.0,0.191667,0.191667,0.0,0.541667,0.296484,-1.12,0.940136
volkan,1.5,137,137-138,0.141667,0.433333,0.0,0.433333,0.433333,0.0,0.333333,0.370354,-0.64,0.603143
volkan,1.5,137,137-139,0.483333,0.525,0.433333,0.958333,0.758333,0.008333,0.0,0.599633,0.4,0.538874
volkan,1.5,137,137-140,0.0,0.0,0.0,0.0,0.0,0.0,1.0,0.05624,-2.04,2.961149
volkan,1.5,137,137-141,0.525,0.525,0.408333,0.933333,0.775,0.0,0.0,0.57559,0.4,0.488632
volkan,1.5,137,137-142,0.116667,0.416667,0.0,0.416667,0.416667,0.0,0.325,0.360611,-0.68,0.655008
volkan,1.5,137,137-143,0.0,0.108333,0.0,0.108333,0.108333,0.0,0.683333,0.253106,-1.08,1.16277
volkan,1.5,137,137-144,0.25,0.375,0.066667,0.441667,0.441667,0.0,0.291667,0.397613,0.0,0.581974
volkan,1.5,137,137-145,0.45,0.466667,0.283333,0.75,0.708333,0.0,0.083333,0.49755,-0.32,0.473692
volkan,1.5,137,137-146,0.533333,0.508333,0.391667,0.9,0.775,0.0,0.0,0.568802,0.56,0.47342
volkan,1.5,137,137-147,0.016667,0.125,0.0,0.125,0.125,0.0,0.541667,0.285549,-1.16,0.977478
volkan,1.5,137,137-148,0.0,0.016667,0.0,0.016667,0.016667,0.0,0.808333,0.220385,-1.16,1.331872
volkan,1.5,137,137-149,0.158333,0.441667,0.016667,0.458333,0.458333,0.0,0.283333,0.372096,-0.88,0.625794
volkan,1.5,137,137-150,0.0,0.0,0.0,0.0,0.0,0.0,0.941667,0.179085,-1.48,1.610287
volkan,1.5,137,137-151,0.375,0.125,0.616667,0.741667,0.375,0.125,0.0,0.725858,0.88,1.033945
volkan,1.5,137,137-152,0.0,0.0,0.0,0.0,0.0,1.0,0.0,0.94938,2.16,3.106859
volkan,1.5,137,137-153,0.0,0.0,0.0,0.0,0.0,0.0,0.866667,0.203352,-1.32,1.442156
volkan,1.5,137,137-154,0.433333,0.116667,0.641667,0.758333,0.433333,0.108333,0.0,0.722933,0.88,1.014913
volkan,1.5,137,137-155,0.458333,0.433333,0.358333,0.791667,0.733333,0.0,0.0,0.518562,0.16,0.442177
volkan,1.5,137,137-156,0.116667,0.375,0.0,0.375,0.375,0.0,0.333333,0.355471,-0.52,0.674261
volkan,1.5,137,137-157,0.508333,0.508333,0.441667,0.95,0.791667,0.0,0.0,0.571583,0.32,0.466705
volkan,1.5,137,137-158,0.5,0.491667,0.441667,0.933333,0.725,0.0,0.0,0.584785,0.16,0.511715
volkan,1.5,137,137-159,0.325,0.458333,0.133333,0.591667,0.591667,0.0,0.166667,0.439378,-0.32,0.501572
volkan,1.5,137,137-160,0.0,0.058333,0.0,0.058333,0.058333,0.0,0.7,0.241847,-0.68,1.217144
volkan,1.5,137,137-161,0.275,0.466667,0.025,0.491667,0.491667,0.0,0.275,0.399449,-0.44,0.561918
volkan,1.5,137,137-162,0.0,0.0,0.0,0.0,0.0,0.0,0.966667,0.176084,-1.68,1.625508
volkan,1.5,137,137-163,0.441667,0.525,0.258333,0.783333,0.708333,0.0,0.0,0.510751,0.24,0.45536
volkan,1.5,137,137-164,0.025,0.208333,0.0,0.208333,0.208333,0.0,0.408333,0.315671,-1.0,0.824091
volkan,1.5,137,137-165,0.516667,0.5,0.458333,0.958333,0.725,0.0,0.0,0.601178,0.48,0.527352
volkan,1.5,137,137-166,0.266667,0.483333,0.0,0.483333,0.483333,0.0,0.233333,0.394014,-0.56,0.546029
volkan,1.5,137,137-167,0.066667,0.325,0.0,0.325,0.325,0.0,0.366667,0.342836,-1.16,0.717226
volkan,1.5,137,137-168,0.0,0.0,0.0,0.0,0.0,0.0,0.833333,0.218148,-1.08,1.348009
volkan,1.5,137,137-169,0.475,0.475,0.208333,0.683333,0.683333,0.0,0.091667,0.480811,-0.12,0.471553
volkan,1.5,137,137-170,0.35,0.491667,0.058333,0.55,0.55,0.0,0.175,0.426678,-0.16,0.480175
volkan,1.5,137,137-171,0.016667,0.2,0.0,0.2,0.2,0.0,0.425,0.312024,-0.96,0.836085
volkan,1.5,137,137-172,0.183333,0.366667,0.008333,0.375,0.375,0.0,0.316667,0.36212,-0.68,0.669687
volkan,1.5,137,137-173,0.55,0.508333,0.45,0.958333,0.791667,0.0,0.0,0.582225,0.32,0.477999
volkan,1.5,137,137-174,0.066667,0.258333,0.0,0.258333,0.258333,0.0,0.458333,0.319395,-0.96,0.834809
volkan,1.5,137,137-175,0.0,0.0,0.0,0.0,0.0,0.0,0.9,0.193608,-1.6,1.512692
volkan,1.5,137,137-176,0.458333,0.433333,0.4,0.833333,0.725,0.0,0.016667,0.535243,-0.16,0.471659
volkan,1.5,137,137-177,0.266667,0.491667,0.025,0.516667,0.516667,0.0,0.233333,0.407831,-0.56,0.510003
volkan,1.5,137,137-178,0.0,0.0,0.0,0.0,0.0,0.0,1.0,0.145779,-1.56,1.860883
volkan,1.5,137,137-179,0.0,0.0,0.016667,0.016667,0.0,0.733333,0.0,0.884957,1.76,2.121411
volkan,1.5,137,137-180,0.0,0.05,0.0,0.05,0.05,0.0,0.675,0.259831,-0.92,1.10111
volkan,1.5,137,137-181,0.091667,0.358333,0.0,0.358333,0.358333,0.0,0.391667,0.340909,-0.84,0.739109
volkan,1.5,137,137-182,0.0,0.0,0.0,0.0,0.0,0.0,1.0,0.123899,-1.68,2.055689
volkan,1.5,137,137-183,0.05,0.283333,0.0,0.283333,0.283333,0.0,0.416667,0.333084,-0.52,0.748522
volkan,1.5,137,137-184,0.0,0.033333,0.0,0.033333,0.033333,0.0,0.708333,0.237619,-1.32,1.254397
volkan,1.5,137,137-185,0.0,0.066667,0.0,0.066667,0.066667,0.0,0.658333,0.264916,-1.44,1.080807
volkan,1.5,137,137-186,0.0,0.0,0.0,0.0,0.0,0.0,0.958333,0.16369,-1.72,1.721885
volkan,1.5,137,137-187,0.0,0.15,0.0,0.15,0.15,0.0,0.525,0.288208,-0.72,0.960418
volkan,1.5,137,137-188,0.0,0.066667,0.0,0.066667,0.066667,0.0,0.675,0.265301,-1.2,1.065307
volkan,1.5,137,137-189,0.0,0.05,0.0,0.05,0.05,0.0,0.733333,0.239661,-1.28,1.234947
volkan,1.5,137,137-190,0.0,0.033333,0.0,0.033333,0.033333,0.0,0.733333,0.244246,-1.44,1.195373
volkan,1.5,137,137-191,0.0,0.0,0.0,0.0,0.0,0.0,0.958333,0.14977,-1.72,1.873384
volkan,1.5,137,137-192,0.0,0.0,0.0,0.0,0.0,0.0,1.0,0.086731,-2.12,2.507365
volkan,1.5,137,137-193,0.0,0.041667,0.0,0.041667,0.041667,0.0,0.716667,0.241815,-1.08,1.211532
volkan,1.5,137,137-194,0.283333,0.041667,0.641667,0.683333,0.283333,0.191667,0.0,0.754818,1.16,1.199538
volkan,1.5,137,137-195,0.441667,0.466667,0.175,0.641667,0.633333,0.0,0.091667,0.471822,-0.16,0.440902
volkan,1.5,137,137-196,0.0,0.125,0.0,0.125,0.125,0.0,0.616667,0.270708,-1.08,1.054735
volkan,1.5,137,137-197,0.0,0.0,0.0,0.0,0.0,0.0,1.0,0.156677,-1.48,1.770504
volkan,1.5,137,137-198,0.083333,0.316667,0.0,0.316667,0.316667,0.0,0.375,0.338465,-0.8,0.725798
volkan,1.5,137,137-199,0.158333,0.425,0.025,0.45,0.45,0.0,0.316667,0.37031,-0.8,0.633301
volkan,1.5,369,369-0,0.341667,0.541667,0.05,0.591667,0.591667,0.0,0.158333,0.431467,-0.48,0.442278
volkan,1.5,369,369-1,0.183333,0.408333,0.0,0.408333,0.408333,0.0,0.358333,0.360245,-0.36,0.671821
volkan,1.5,369,369-2,0.491667,0.433333,0.425,0.858333,0.65,0.05,0.0,0.633504,0.84,0.66129
volkan,1.5,369,369-3,0.0,0.025,0.0,0.025,0.025,0.0,0.775,0.238685,-1.44,1.2162
volkan,1.5,369,369-4,0.291667,0.458333,0.075,0.533333,0.533333,0.0,0.208333,0.417685,-0.52,0.529313
volkan,1.5,369,369-5,0.291667,0.5,0.05,0.55,0.55,0.0,0.2,0.42041,-0.24,0.486711
volkan,1.5,369,369-6,0.0,0.05,0.0,0.05,0.05,0.0,0.816667,0.232494,-1.36,1.257139
volkan,1.5,369,369-7,0.275,0.533333,0.008333,0.541667,0.541667,0.0,0.208333,0.412622,-0.28,0.495898
volkan,1.5,369,369-8,0.141667,0.433333,0.025,0.458333,0.458333,0.0,0.3,0.378945,-0.96,0.596325
volkan,1.5,369,369-9,0.216667,0.025,0.558333,0.583333,0.216667,0.2,0.0,0.769022,1.28,1.279069
volkan,1.5,369,369-10,0.441667,0.458333,0.341667,0.8,0.666667,0.0,0.0,0.536881,0.2,0.496786
volkan,1.5,369,369-11,0.0,0.0,0.0,0.0,0.0,0.0,1.0,0.02784,-2.32,3.753334
volkan,1.5,369,369-12,0.0,0.116667,0.0,0.116667,0.116667,0.0,0.575,0.274063,-0.96,1.034177
volkan,1.5,369,369-13,0.233333,0.458333,0.016667,0.475,0.475,0.0,0.283333,0.392361,-0.52,0.578343
volkan,1.5,369,369-14,0.0,0.0,0.0,0.0,0.0,0.0,1.0,0.035301,-2.04,3.449927
volkan,1.5,369,369-15,0.0,0.0,0.0,0.0,0.0,0.0,1.0,0.047151,-2.32,3.195344
volkan,1.5,369,369-16,0.233333,0.525,0.033333,0.558333,0.558333,0.0,0.191667,0.409669,-0.36,0.490532
volkan,1.5,369,369-17,0.0,0.0,0.0,0.0,0.0,0.0,1.0,0.107069,-1.92,2.249403
volkan,1.5,369,369-18,0.608333,0.316667,0.566667,0.883333,0.641667,0.033333,0.0,0.665126,1.04,0.737157
volkan,1.5,369,369-19,0.0,0.025,0.0,0.025,0.025,0.0,0.691667,0.248462,-1.44,1.168427
volkan,1.5,369,369-20,0.033333,0.3,0.0,0.3,0.3,0.0,0.4,0.330505,-0.68,0.756679
volkan,1.5,369,369-21,0.466667,0.475,0.441667,0.916667,0.683333,0.0,0.0,0.592106,0.32,0.553358
volkan,1.5,369,369-22,0.0,0.141667,0.0,0.141667,0.141667,0.0,0.525,0.291081,-1.2,0.947321
volkan,1.5,369,369-23,0.491667,0.441667,0.5,0.941667,0.675,0.0,0.0,0.615794,0.4,0.588804
volkan,1.5,369,369-24,0.0,0.091667,0.0,0.091667,0.091667,0.0,0.6,0.271181,-1.12,1.038285
volkan,1.5,369,369-25,0.0,0.116667,0.0,0.116667,0.116667,0.0,0.633333,0.273284,-1.12,1.040349
volkan,1.5,369,369-26,0.491667,0.433333,0.55,0.983333,0.658333,0.0,0.0,0.618958,0.2,0.582791
volkan,1.5,369,369-27,0.0,0.2,0.0,0.2,0.2,0.0,0.558333,0.284738,-1.12,1.000505
volkan,1.5,369,369-28,0.0,0.0,0.0,0.0,0.0,0.0,0.933333,0.186352,-1.52,1.543397
volkan,1.5,369,369-29,0.241667,0.475,0.008333,0.483333,0.483333,0.0,0.233333,0.396558,-0.08,0.538276
volkan,1.5,369,369-30,0.416667,0.466667,0.208333,0.675,0.65,0.0,0.083333,0.477754,-0.04,0.463404
volkan,1.5,369,369-31,0.066667,0.316667,0.0,0.316667,0.316667,0.0,0.358333,0.344457,-0.88,0.696331
volkan,1.5,369,369-32,0.0,0.133333,0.0,0.133333,0.133333,0.0,0.591667,0.277639,-1.16,1.011506
volkan,1.5,369,369-33,0.0,0.0,0.0,0.0,0.0,0.0,1.0,0.082124,-1.96,2.578945
volkan,1.5,369,369-34,0.0,0.058333,0.0,0.058333,0.058333,0.0,0.691667,0.256864,-1.24,1.132645
volkan,1.5,369,369-35,0.066667,0.35,0.0,0.35,0.35,0.0,0.408333,0.340364,-0.48,0.719284
volkan,1.5,369,369-36,0.0,0.058333,0.0,0.058333,0.058333,0.0,0.633333,0.259424,-1.36,1.111876
volkan,1.5,369,369-37,0.375,0.4,0.291667,0.691667,0.583333,0.0,0.058333,0.503106,0.28,0.511275
volkan,1.5,369,369-38,0.116667,0.375,0.0,0.375,0.375,0.0,0.325,0.35833,-0.68,0.651753
volkan,1.5,369,369-39,0.408333,0.475,0.125,0.6,0.6,0.0,0.125,0.445542,-0.08,0.450086
volkan,1.5,369,369-40,0.483333,0.525,0.191667,0.716667,0.708333,0.0,0.058333,0.489192,-0.44,0.425747
volkan,1.5,369,369-41,0.0,0.075,0.0,0.075,0.075,0.0,0.741667,0.241707,-1.2,1.217812
volkan,1.5,369,369-42,0.0,0.091667,0.0,0.091667,0.091667,0.0,0.675,0.260216,-1.4,1.111915
volkan,1.5,369,369-43,0.0,0.0,0.0,0.0,0.0,0.0,0.966667,0.171602,-1.76,1.660813
volkan,1.5,369,369-44,0.0,0.058333,0.0,0.058333,0.058333,0.0,0.708333,0.244083,-1.52,1.20749
volkan,1.5,369,369-45,0.05,0.35,0.0,0.35,0.35,0.0,0.325,0.349402,-0.88,0.661916
volkan,1.5,369,369-46,0.416667,0.491667,0.175,0.666667,0.658333,0.0,0.116667,0.462901,-0.44,0.46268
volkan,1.5,369,369-47,0.0,0.0,0.0,0.0,0.0,0.0,0.825,0.207795,-1.52,1.423372
volkan,1.5,369,369-48,0.158333,0.433333,0.008333,0.441667,0.441667,0.0,0.266667,0.379442,-0.76,0.566852
volkan,1.5,369,369-49,0.0,0.0,0.0,0.0,0.0,0.0,1.0,0.12535,-1.84,2.022088
volkan,1.5,369,369-50,0.0,0.0,0.0,0.0,0.0,0.0,0.925,0.164726,-1.68,1.728628
volkan,1.5,369,369-51,0.291667,0.45,0.091667,0.541667,0.541667,0.0,0.208333,0.415287,0.04,0.54072
volkan,1.5,369,369-52,0.508333,0.283333,0.541667,0.825,0.575,0.066667,0.0,0.67709,1.2,0.807108
volkan,1.5,369,369-53,0.433333,0.416667,0.308333,0.725,0.608333,0.0,0.041667,0.513367,-0.12,0.500747
volkan,1.5,369,369-54,0.0,0.033333,0.0,0.033333,0.033333,0.0,0.725,0.243868,-1.36,1.205719
volkan,1.5,369,369-55,0.475,0.475,0.4,0.875,0.741667,0.0,0.0,0.558467,0.28,0.46677
volkan,1.5,369,369-56,0.216667,0.525,0.008333,0.533333,0.533333,0.0,0.233333,0.400905,-0.88,0.513616
volkan,1.5,369,369-57,0.0,0.066667,0.0,0.066667,0.066667,0.0,0.733333,0.252127,-1.32,1.14388
volkan,1.5,369,369-58,0.0,0.0,0.0,0.0,0.0,0.0,0.908333,0.18166,-1.88,1.593139
volkan,1.5,369,369-59,0.175,0.475,0.008333,0.483333,0.483333,0.0,0.275,0.382406,-0.68,0.576978
volkan,1.5,369,369-60,0.0,0.15,0.0,0.15,0.15,0.0,0.508333,0.288716,-0.56,0.958887
volkan,1.5,369,369-61,0.0,0.0,0.0,0.0,0.0,0.0,1.0,0.097652,-1.84,2.332982
volkan,1.5,369,369-62,0.208333,0.5,0.016667,0.516667,0.516667,0.0,0.225,0.403909,-0.64,0.486431
volkan,1.5,369,369-63,0.0,0.0,0.0,0.0,0.0,0.0,1.0,0.113622,-2.0,2.195704
volkan,1.5,369,369-64,0.0,0.041667,0.0,0.041667,0.041667,0.0,0.6,0.259162,-0.88,1.109187
volkan,1.5,369,369-65,0.458333,0.433333,0.416667,0.85,0.725,0.0,0.0,0.542027,0.0,0.471631
volkan,1.5,369,369-66,0.0,0.0,0.0,0.0,0.0,0.0,0.858333,0.195462,-1.48,1.504319
volkan,1.5,369,369-67,0.5,0.45,0.475,0.925,0.691667,0.0,0.0,0.603345,0.44,0.553034
volkan,1.5,369,369-68,0.466667,0.483333,0.225,0.708333,0.691667,0.0,0.05,0.496502,-0.12,0.444254
volkan,1.5,369,369-69,0.0,0.0,0.0,0.0,0.0,0.0,0.975,0.153362,-1.56,1.810889
volkan,1.5,369,369-70,0.533333,0.425,0.533333,0.958333,0.7,0.0,0.0,0.621163,0.64,0.581213
volkan,1.5,369,369-71,0.0,0.1,0.0,0.1,0.1,0.0,0.6,0.27875,-1.2,0.998667
volkan,1.5,369,369-72,0.0,0.066667,0.0,0.066667,0.066667,0.0,0.725,0.235684,-1.44,1.273297
volkan,1.5,369,369-73,0.433333,0.45,0.166667,0.616667,0.6,0.0,0.116667,0.46355,-0.2,0.45228
volkan,1.5,369,369-74,0.525,0.191667,0.65,0.841667,0.525,0.033333,0.0,0.692277,0.84,0.854775
volkan,1.5,369,369-75,0.425,0.508333,0.233333,0.741667,0.7,0.0,0.025,0.494199,0.32,0.426419
volkan,1.5,369,369-76,0.216667,0.45,0.008333,0.458333,0.458333,0.0,0.291667,0.382575,-0.4,0.583831
volkan,1.5,369,369-77,0.425,0.491667,0.183333,0.675,0.658333,0.0,0.116667,0.471177,-0.28,0.465417
volkan,1.5,369,369-78,0.508333,0.441667,0.4,0.841667,0.775,0.0,0.0,0.536719,-0.08,0.437666
volkan,1.5,369,369-79,0.05,0.0,0.441667,0.441667,0.05,0.291667,0.0,0.806307,1.32,1.496924
volkan,1.5,369,369-80,0.5,0.475,0.275,0.75,0.716667,0.0,0.075,0.498435,-0.36,0.456283
volkan,1.5,369,369-81,0.2,0.433333,0.025,0.458333,0.458333,0.0,0.275,0.385861,-0.52,0.580742
volkan,1.5,369,369-82,0.516667,0.441667,0.508333,0.95,0.691667,0.0,0.0,0.6263,0.44,0.606298
volkan,1.5,369,369-83,0.0,0.041667,0.0,0.041667,0.041667,0.0,0.716667,0.232406,-1.28,1.297464
volkan,1.5,369,369-84,0.566667,0.525,0.45,0.975,0.741667,0.008333,0.0,0.613265,0.84,0.524022
volkan,1.5,369,369-85,0.125,0.0,0.425,0.425,0.125,0.225,0.0,0.793344,1.56,1.405241
volkan,1.5,369,369-86,0.0,0.0,0.0,0.0,0.0,0.0,0.841667,0.216066,-1.28,1.361881
volkan,1.5,369,369-87,0.508333,0.491667,0.366667,0.858333,0.783333,0.0,0.0,0.538131,0.28,0.423133
volkan,1.5,369,369-88,0.466667,0.516667,0.366667,0.883333,0.775,0.0,0.0,0.543038,0.44,0.428391
volkan,1.5,369,369-89,0.0,0.0,0.0,0.0,0.0,0.0,0.975,0.162239,-1.64,1.720644
volkan,1.5,369,369-90,0.0,0.0,0.0,0.0,0.0,0.0,1.0,0.075814,-2.16,2.650208
volkan,1.5,369,369-91,0.0,0.0,0.075,0.075,0.0,0.775,0.0,0.889398,2.04,2.186635
volkan,1.5,369,369-92,0.0,0.0,0.0,0.0,0.0,0.0,1.0,0.076093,-2.04,2.665008
volkan,1.5,369,369-93,0.566667,0.291667,0.591667,0.883333,0.616667,0.033333,0.0,0.674113,0.84,0.785459
volkan,1.5,369,369-94,0.358333,0.025,0.716667,0.741667,0.358333,0.083333,0.0,0.736988,1.08,1.081247
volkan,1.5,369,369-95,0.0,0.0,0.0,0.0,0.0,0.0,0.925,0.17401,-1.72,1.65243
volkan,1.5,369,369-96,0.0,0.141667,0.0,0.141667,0.141667,0.0,0.6,0.277285,-0.8,1.024258
volkan,1.5,369,369-97,0.0,0.0,0.0,0.0,0.0,0.0,1.0,0.093317,-2.0,2.391958
volkan,1.5,369,369-98,0.0,0.058333,0.0,0.058333,0.058333,0.0,0.65,0.258133,-1.6,1.128573
volkan,1.5,369,369-99,0.0,0.0,0.0,0.0,0.0,0.0,1.0,0.046578,-2.24,3.200668
volkan,1.5,369,369-100,0.016667,0.0,0.283333,0.283333,0.016667,0.55,0.0,0.844924,1.96,1.789815
volkan,1.5,369,369-101,0.0,0.025,0.0,0.025,0.025,0.0,0.8,0.217046,-1.28,1.3632
volkan,1.5,369,369-102,0.0,0.133333,0.0,0.133333,0.133333,0.0,0.566667,0.272374,-1.04,1.059744
volkan,1.5,369,369-103,0.0,0.0,0.0,0.0,0.0,0.0,1.0,0.077305,-2.08,2.62965
volkan,1.5,369,369-104,0.5,0.491667,0.358333,0.85,0.75,0.0,0.0,0.542525,0.44,0.444576
volkan,1.5,369,369-105,0.333333,0.483333,0.091667,0.575,0.575,0.0,0.141667,0.433058,-0.24,0.472228
volkan,1.5,369,369-106,0.491667,0.45,0.466667,0.916667,0.683333,0.008333,0.0,0.596324,0.48,0.548408
volkan,1.5,369,369-107,0.225,0.416667,0.058333,0.475,0.475,0.0,0.258333,0.392743,-0.4,0.573375
volkan,1.5,369,369-108,0.05,0.241667,0.0,0.241667,0.241667,0.0,0.466667,0.314458,-0.84,0.855022
volkan,1.5,369,369-109,0.066667,0.366667,0.0,0.366667,0.366667,0.0,0.366667,0.348781,-0.72,0.674974
volkan,1.5,369,369-110,0.308333,0.075,0.591667,0.666667,0.308333,0.166667,0.0,0.750549,0.84,1.167306
volkan,1.5,369,369-111,0.466667,0.5,0.2,0.7,0.7,0.0,0.116667,0.474995,-0.56,0.45602
volkan,1.5,369,369-112,0.0,0.0,0.0,0.0,0.0,0.0,0.908333,0.188269,-1.4,1.546536
volkan,1.5,369,369-113,0.358333,0.525,0.091667,0.616667,0.616667,0.0,0.141667,0.4456,-0.44,0.445322
volkan,1.5,369,369-114,0.283333,0.466667,0.05,0.516667,0.516667,0.0,0.266667,0.40754,-0.4,0.546522
volkan,1.5,369,369-115,0.0,0.025,0.0,0.025,0.025,0.0,0.691667,0.243214,-1.36,1.201937
volkan,1.5,369,369-116,0.1,0.366667,0.0,0.366667,0.366667,0.0,0.325,0.348891,-0.52,0.679973
volkan,1.5,369,369-117,0.0,0.0,0.0,0.0,0.0,0.0,0.916667,0.190474,-1.6,1.530635
volkan,1.5,369,369-118,0.516667,0.475,0.425,0.9,0.725,0.0,0.0,0.573595,0.16,0.497069
volkan,1.5,369,369-119,0.458333,0.475,0.375,0.85,0.708333,0.0,0.0,0.544803,0.04,0.48651
volkan,1.5,369,369-120,0.0,0.0,0.0,0.0,0.0,0.0,1.0,0.123835,-1.72,2.039176
volkan,1.5,369,369-121,0.0,0.0,0.0,0.0,0.0,0.0,1.0,0.135347,-1.88,1.946159
volkan,1.5,369,369-122,0.516667,0.55,0.391667,0.941667,0.783333,0.0,0.0,0.572021,0.44,0.46584
volkan,1.5,369,369-123,0.541667,0.35,0.525,0.875,0.616667,0.008333,0.0,0.661824,0.68,0.732612
volkan,1.5,369,369-124,0.0,0.0,0.0,0.0,0.0,0.0,1.0,0.072768,-2.04,2.671141
volkan,1.5,369,369-125,0.516667,0.508333,0.441667,0.95,0.75,0.008333,0.0,0.595612,0.64,0.511679
volkan,1.5,369,369-126,0.491667,0.483333,0.358333,0.841667,0.783333,0.0,0.008333,0.527892,0.04,0.435534
volkan,1.5,369,369-127,0.516667,0.383333,0.466667,0.85,0.633333,0.033333,0.0,0.651614,0.8,0.716118
volkan,1.5,369,369-128,0.358333,0.5,0.116667,0.616667,0.616667,0.0,0.125,0.446108,-0.32,0.460555
volkan,1.5,369,369-129,0.208333,0.016667,0.55,0.566667,0.208333,0.2,0.0,0.774918,1.4,1.317145
volkan,1.5,369,369-130,0.45,0.45,0.341667,0.791667,0.725,0.0,0.033333,0.519369,0.28,0.441799
volkan,1.5,369,369-131,0.45,0.475,0.183333,0.658333,0.65,0.0,0.058333,0.481554,0.0,0.429503
volkan,1.5,369,369-132,0.425,0.475,0.183333,0.658333,0.633333,0.0,0.1,0.471347,-0.04,0.447929
volkan,1.5,369,369-133,0.0,0.0,0.0,0.0,0.0,0.0,1.0,0.118332,-1.8,2.131918
volkan,1.5,369,369-134,0.316667,0.4,0.091667,0.491667,0.491667,0.0,0.208333,0.415531,0.16,0.532069
volkan,1.5,369,369-135,0.125,0.0,0.391667,0.391667,0.125,0.425,0.0,0.813623,1.64,1.56577
volkan,1.5,369,369-136,0.558333,0.2,0.683333,0.883333,0.591667,0.041667,0.0,0.680977,1.08,0.805759
volkan,1.5,369,369-137,0.0,0.05,0.0,0.05,0.05,0.0,0.7,0.225791,-1.16,1.32947
volkan,1.5,369,369-138,0.483333,0.475,0.466667,0.941667,0.725,0.0,0.0,0.595967,0.52,0.542328
volkan,1.5,369,369-139,0.416667,0.508333,0.158333,0.666667,0.666667,0.0,0.125,0.467556,-0.04,0.466471
volkan,1.5,369,369-140,0.0,0.0,0.0,0.0,0.0,0.0,1.0,0.121379,-1.88,2.111667
volkan,1.5,369,369-141,0.0,0.066667,0.0,0.066667,0.066667,0.0,0.683333,0.256839,-1.0,1.121308
volkan,1.5,369,369-142,0.0,0.0,0.0,0.0,0.0,0.0,1.0,0.096156,-2.12,2.38375
volkan,1.5,369,369-143,0.491667,0.491667,0.458333,0.95,0.75,0.0,0.0,0.582087,0.28,0.489873
volkan,1.5,369,369-144,0.033333,0.2,0.0,0.2,0.2,0.0,0.475,0.305977,-0.8,0.876866
volkan,1.5,369,369-145,0.0,0.0,0.0,0.0,0.0,0.0,0.983333,0.161933,-1.84,1.726619
volkan,1.5,369,369-146,0.391667,0.475,0.158333,0.633333,0.625,0.0,0.158333,0.457521,0.0,0.505645
volkan,1.5,369,369-147,0.2,0.516667,0.008333,0.525,0.525,0.0,0.258333,0.391974,-0.68,0.535499
volkan,1.5,369,369-148,0.0,0.025,0.0,0.025,0.025,0.0,0.766667,0.226562,-1.64,1.304898
volkan,1.5,369,369-149,0.491667,0.441667,0.466667,0.908333,0.683333,0.0,0.0,0.595707,0.36,0.550118
volkan,1.5,369,369-150,0.458333,0.516667,0.2,0.716667,0.716667,0.0,0.091667,0.479499,-0.16,0.450249
volkan,1.5,369,369-151,0.016667,0.216667,0.0,0.216667,0.216667,0.0,0.45,0.309692,-0.96,0.851241
volkan,1.5,369,369-152,0.175,0.483333,0.008333,0.491667,0.491667,0.0,0.241667,0.391437,-0.36,0.548126
volkan,1.5,369,369-153,0.475,0.416667,0.508333,0.925,0.641667,0.016667,0.0,0.632901,0.48,0.640379
volkan,1.5,369,369-154,0.0,0.0,0.0,0.0,0.0,0.0,1.0,0.06349,-2.0,2.802471
volkan,1.5,369,369-155,0.583333,0.375,0.533333,0.908333,0.691667,0.016667,0.0,0.64661,0.64,0.672486
volkan,1.5,369,369-156,0.0,0.0,0.0,0.0,0.0,0.0,0.883333,0.193295,-1.56,1.514472
volkan,1.5,369,369-157,0.0,0.133333,0.0,0.133333,0.133333,0.0,0.516667,0.290714,-1.32,0.939423
volkan,1.5,369,369-158,0.491667,0.541667,0.375,0.916667,0.8,0.0,0.0,0.553429,0.32,0.439063
volkan,1.5,369,369-159,0.0,0.141667,0.0,0.141667,0.141667,0.0,0.45,0.301044,-0.92,0.886564
volkan,1.5,369,369-160,0.575,0.191667,0.65,0.841667,0.583333,0.033333,0.0,0.686686,0.8,0.829801
volkan,1.5,369,369-161,0.0,0.0,0.0,0.0,0.0,0.0,0.791667,0.213333,-1.24,1.390026
volkan,1.5,369,369-162,0.025,0.216667,0.0,0.216667,0.216667,0.0,0.466667,0.312679,-0.72,0.841392
volkan,1.5,369,369-163,0.0,0.0,0.0,0.0,0.0,0.0,1.0,0.040946,-2.2,3.3217
volkan,1.5,369,369-164,0.5,0.4,0.55,0.95,0.641667,0.016667,0.0,0.635317,0.44,0.632811
volkan,1.5,369,369-165,0.0,0.0,0.0,0.0,0.0,0.0,0.941667,0.160827,-1.72,1.759796
volkan,1.5,369,369-166,0.433333,0.183333,0.566667,0.75,0.433333,0.116667,0.0,0.718497,1.16,1.008048
volkan,1.5,369,369-167,0.5,0.433333,0.375,0.808333,0.7,0.0,0.0,0.535564,-0.24,0.46522
volkan,1.5,369,369-168,0.541667,0.35,0.516667,0.866667,0.608333,0.05,0.0,0.663615,1.2,0.749399
volkan,1.5,369,369-169,0.0,0.066667,0.0,0.066667,0.066667,0.0,0.616667,0.262958,-0.96,1.098465
volkan,1.5,369,369-170,0.45,0.458333,0.25,0.708333,0.666667,0.0,0.066667,0.490633,-0.16,0.455195
volkan,1.5,369,369-171,0.0,0.125,0.0,0.125,0.125,0.0,0.575,0.282601,-1.2,0.982176
volkan,1.5,369,369-172,0.083333,0.341667,0.0,0.341667,0.341667,0.0,0.35,0.347779,-0.72,0.689008
volkan,1.5,369,369-173,0.15,0.341667,0.025,0.366667,0.366667,0.0,0.316667,0.362433,-1.0,0.672223
volkan,1.5,369,369-174,0.316667,0.4,0.083333,0.483333,0.483333,0.0,0.266667,0.409438,-0.08,0.584975
volkan,1.5,369,369-175,0.0,0.05,0.0,0.05,0.05,0.0,0.683333,0.258978,-0.92,1.103447
volkan,1.5,369,369-176,0.441667,0.45,0.183333,0.633333,0.633333,0.0,0.15,0.458326,-0.36,0.508821
volkan,1.5,369,369-177,0.491667,0.491667,0.425,0.916667,0.733333,0.033333,0.0,0.60249,0.44,0.556482
volkan,1.5,369,369-178,0.0,0.091667,0.0,0.091667,0.091667,0.0,0.675,0.252916,-1.4,1.153252
volkan,1.5,369,369-179,0.0,0.0,0.0,0.0,0.0,0.0,1.0,0.133253,-1.44,1.992219
volkan,1.5,369,369-180,0.275,0.508333,0.025,0.533333,0.533333,0.0,0.208333,0.410305,-0.4,0.494589
volkan,1.5,369,369-181,0.291667,0.508333,0.033333,0.541667,0.541667,0.0,0.216667,0.415382,-0.24,0.483981
volkan,1.5,369,369-182,0.425,0.441667,0.241667,0.683333,0.633333,0.0,0.075,0.487947,-0.16,0.475551
volkan,1.5,369,369-183,0.158333,0.441667,0.016667,0.458333,0.458333,0.0,0.341667,0.373987,-0.4,0.626086
volkan,1.5,369,369-184,0.1,0.308333,0.0,0.308333,0.308333,0.0,0.383333,0.338947,-1.04,0.757711
volkan,1.5,369,369-185,0.0,0.0,0.0,0.0,0.0,0.0,1.0,0.128239,-1.96,2.01162
volkan,1.5,369,369-186,0.0,0.075,0.0,0.075,0.075,0.0,0.641667,0.265159,-1.12,1.079191
volkan,1.5,369,369-187,0.05,0.275,0.0,0.275,0.275,0.0,0.408333,0.330593,-0.84,0.768923
volkan,1.5,369,369-188,0.0,0.0,0.0,0.0,0.0,0.0,0.85,0.209704,-1.64,1.414999
volkan,1.5,369,369-189,0.166667,0.433333,0.033333,0.466667,0.466667,0.0,0.316667,0.382583,-0.44,0.590713
volkan,1.5,369,369-190,0.425,0.441667,0.166667,0.608333,0.608333,0.0,0.166667,0.452898,-0.04,0.505499
volkan,1.5,369,369-191,0.216667,0.491667,0.008333,0.5,0.5,0.0,0.275,0.390782,-0.36,0.555856
volkan,1.5,369,369-192,0.0,0.141667,0.0,0.141667,0.141667,0.0,0.566667,0.28299,-0.96,0.987998
volkan,1.5,369,369-193,0.175,0.441667,0.0,0.441667,0.441667,0.0,0.316667,0.37053,-0.72,0.615002
volkan,1.5,369,369-194,0.425,0.516667,0.125,0.641667,0.641667,0.0,0.116667,0.453697,-0.04,0.450049
volkan,1.5,369,369-195,0.0,0.0,0.0,0.0,0.0,0.0,1.0,0.036872,-2.32,3.444125
volkan,1.5,369,369-196,0.0,0.125,0.0,0.125,0.125,0.0,0.533333,0.285323,-0.88,0.974091
volkan,1.5,369,369-197,0.0,0.0,0.0,0.0,0.0,0.0,1.0,0.105044,-2.24,2.297071
volkan,1.5,369,369-198,0.416667,0.475,0.175,0.65,0.641667,0.0,0.108333,0.468125,0.12,0.468038
volkan,1.5,369,369-199,0.0,0.0,0.0,0.0,0.0,0.0,1.0,0.070037,-1.96,2.701666
volkan,1.5,1024,1024-0,0.0,0.116667,0.0,0.116667,0.116667,0.0,0.591667,0.278643,-1.12,1.012783
volkan,1.5,1024,1024-1,0.075,0.325,0.0,0.325,0.325,0.0,0.325,0.350705,-0.96,0.671733
volkan,1.5,1024,1024-2,0.05,0.0,0.225,0.225,0.05,0.5,0.0,0.840724,1.76,1.753894
volkan,1.5,1024,1024-3,0.216667,0.5,0.0,0.5,0.5,0.0,0.275,0.386589,-0.44,0.56515
volkan,1.5,1024,1024-4,0.475,0.241667,0.566667,0.808333,0.516667,0.066667,0.0,0.690054,0.84,0.862945
volkan,1.5,1024,1024-5,0.475,0.508333,0.183333,0.691667,0.691667,0.0,0.075,0.474683,-0.44,0.427801
volkan,1.5,1024,1024-6,0.091667,0.291667,0.0,0.291667,0.291667,0.0,0.425,0.328031,-0.84,0.797616
volkan,1.5,1024,1024-7,0.0,0.058333,0.0,0.058333,0.058333,0.0,0.791667,0.231761,-1.2,1.273686
volkan,1.5,1024,1024-8,0.0,0.158333,0.0,0.158333,0.158333,0.0,0.516667,0.29437,-1.08,0.923379
volkan,1.5,1024,1024-9,0.45,0.541667,0.15,0.691667,0.691667,0.0,0.075,0.46895,-0.48,0.40671
volkan,1.5,1024,1024-10,0.0,0.0,0.0,0.0,0.0,0.0,1.0,0.132037,-1.6,1.976299
volkan,1.5,1024,1024-11,0.008333,0.191667,0.0,0.191667,0.191667,0.0,0.5,0.295389,-0.84,0.926814
volkan,1.5,1024,1024-12,0.433333,0.175,0.608333,0.783333,0.458333,0.116667,0.0,0.710217,1.0,0.963002
volkan,1.5,1024,1024-13,0.433333,0.433333,0.383333,0.816667,0.675,0.0,0.0,0.539542,0.08,0.492302
volkan,1.5,1024,1024-14,0.275,0.508333,0.05,0.558333,0.558333,0.0,0.208333,0.417488,-0.6,0.496472
volkan,1.5,1024,1024-15,0.0,0.166667,0.0,0.166667,0.166667,0.0,0.541667,0.296837,-0.8,0.916667
volkan,1.5,1024,1024-16,0.0,0.0,0.0,0.0,0.0,0.0,0.858333,0.200906,-1.2,1.46437
volkan,1.5,1024,1024-17,0.208333,0.008333,0.491667,0.5,0.208333,0.233333,0.0,0.785398,1.4,1.376983
volkan,1.5,1024,1024-18,0.466667,0.466667,0.233333,0.7,0.675,0.0,0.016667,0.496245,0.04,0.440372
volkan,1.5,1024,1024-19,0.0,0.0,0.0,0.0,0.0,0.0,0.933333,0.184323,-1.56,1.573524
volkan,1.5,1024,1024-20,0.0,0.0,0.0,0.0,0.0,0.0,0.866667,0.210562,-1.2,1.387125
volkan,1.5,1024,1024-21,0.0,0.083333,0.0,0.083333,0.083333,0.0,0.633333,0.266875,-1.32,1.066179
volkan,1.5,1024,1024-22,0.0,0.075,0.0,0.075,0.075,0.0,0.566667,0.275521,-0.8,1.017156
volkan,1.5,1024,1024-23,0.408333,0.425,0.291667,0.716667,0.666667,0.0,0.05,0.494761,0.2,0.44581
volkan,1.5,1024,1024-24,0.525,0.416667,0.483333,0.9,0.666667,0.025,0.0,0.632957,0.88,0.655669
volkan,1.5,1024,1024-25,0.058333,0.308333,0.0,0.308333,0.308333,0.0,0.391667,0.336246,-0.88,0.746125
volkan,1.5,1024,1024-26,0.525,0.475,0.433333,0.908333,0.725,0.0,0.0,0.598935,0.48,0.535399
volkan,1.5,1024,1024-27,0.0,0.0,0.0,0.0,0.0,0.0,0.991667,0.154926,-1.76,1.780477
volkan,1.5,1024,1024-28,0.408333,0.508333,0.183333,0.691667,0.666667,0.0,0.075,0.474996,0.16,0.445836
volkan,1.5,1024,1024-29,0.45,0.483333,0.3,0.783333,0.733333,0.0,0.016667,0.506351,0.32,0.427497
volkan,1.5,1024,1024-30,0.583333,0.425,0.541667,0.966667,0.741667,0.008333,0.0,0.623509,0.92,0.582073
volkan,1.5,1024,1024-31,0.466667,0.491667,0.416667,0.908333,0.7,0.0,0.0,0.572221,0.64,0.497742
volkan,1.5,1024,1024-32,0.491667,0.533333,0.383333,0.916667,0.775,0.0,0.0,0.565144,0.88,0.450435
volkan,1.5,1024,1024-33,0.0,0.0,0.0,0.0,0.0,0.0,1.0,0.082792,-2.12,2.532229
volkan,1.5,1024,1024-34,0.0,0.083333,0.0,0.083333,0.083333,0.0,0.691667,0.260823,-1.04,1.099716
volkan,1.5,1024,1024-35,0.0,0.0,0.0,0.0,0.0,0.0,1.0,0.11415,-2.0,2.148456
volkan,1.5,1024,1024-36,0.05,0.283333,0.0,0.283333,0.283333,0.0,0.475,0.31446,-1.0,0.849427
volkan,1.5,1024,1024-37,0.0,0.0,0.0,0.0,0.0,0.0,1.0,0.086512,-2.24,2.517734
volkan,1.5,1024,1024-38,0.558333,0.5,0.383333,0.883333,0.775,0.0,0.0,0.555243,0.24,0.445269
volkan,1.5,1024,1024-39,0.033333,0.15,0.0,0.15,0.15,0.0,0.558333,0.294927,-1.24,0.92116
volkan,1.5,1024,1024-40,0.541667,0.475,0.433333,0.908333,0.716667,0.0,0.0,0.574818,0.36,0.487616
volkan,1.5,1024,1024-41,0.0,0.016667,0.0,0.016667,0.016667,0.0,0.733333,0.240588,-1.12,1.207767
volkan,1.5,1024,1024-42,0.058333,0.333333,0.0,0.333333,0.333333,0.0,0.375,0.349119,-0.76,0.67134
volkan,1.5,1024,1024-43,0.45,0.45,0.4,0.85,0.725,0.0,0.0,0.546598,0.12,0.468115
volkan,1.5,1024,1024-44,0.0,0.0,0.0,0.0,0.0,0.0,0.85,0.195238,-1.68,1.519475
volkan,1.5,1024,1024-45,0.0,0.0,0.0,0.0,0.0,0.0,1.0,0.085707,-1.88,2.495562
volkan,1.5,1024,1024-46,0.025,0.0,0.291667,0.291667,0.025,0.491667,0.0,0.842214,1.76,1.780155
volkan,1.5,1024,1024-47,0.0,0.0,0.0,0.0,0.0,0.0,1.0,0.110663,-1.92,2.221372
volkan,1.5,1024,1024-48,0.433333,0.55,0.125,0.675,0.675,0.0,0.116667,0.456995,-0.64,0.435214
volkan,1.5,1024,1024-49,0.541667,0.466667,0.441667,0.908333,0.725,0.0,0.0,0.583775,0.12,0.531147
volkan,1.5,1024,1024-50,0.4,0.441667,0.216667,0.658333,0.6,0.0,0.083333,0.483503,0.08,0.487504
volkan,1.5,1024,1024-51,0.0,0.0,0.0,0.0,0.0,0.0,1.0,0.099216,-2.04,2.342585
volkan,1.5,1024,1024-52,0.483333,0.483333,0.275,0.758333,0.7,0.0,0.033333,0.514363,-0.16,0.453675
volkan,1.5,1024,1024-53,0.316667,0.5,0.066667,0.566667,0.566667,0.0,0.133333,0.431644,-0.24,0.464434
volkan,1.5,1024,1024-54,0.45,0.425,0.35,0.775,0.666667,0.0,0.016667,0.522286,0.16,0.480498
volkan,1.5,1024,1024-55,0.0,0.0,0.0,0.0,0.0,0.0,1.0,0.069319,-2.2,2.756066
volkan,1.5,1024,1024-56,0.066667,0.325,0.0,0.325,0.325,0.0,0.35,0.344851,-0.6,0.696228
volkan,1.5,1024,1024-57,0.0,0.083333,0.0,0.083333,0.083333,0.0,0.775,0.230354,-1.48,1.291206
volkan,1.5,1024,1024-58,0.0,0.0,0.0,0.0,0.0,0.0,1.0,0.139358,-1.72,1.921908
volkan,1.5,1024,1024-59,0.058333,0.283333,0.0,0.283333,0.283333,0.0,0.4,0.337289,-0.8,0.741119
volkan,1.5,1024,1024-60,0.0,0.0,0.0,0.0,0.0,0.0,1.0,0.126295,-2.08,2.066627
volkan,1.5,1024,1024-61,0.116667,0.383333,0.0,0.383333,0.383333,0.0,0.341667,0.358637,-1.0,0.660168
volkan,1.5,1024,1024-62,0.0,0.0,0.0,0.0,0.0,0.0,0.858333,0.202477,-1.36,1.442285
volkan,1.5,1024,1024-63,0.008333,0.158333,0.0,0.158333,0.158333,0.0,0.55,0.291517,-1.2,0.948949
volkan,1.5,1024,1024-64,0.033333,0.216667,0.0,0.216667,0.216667,0.0,0.441667,0.315564,-0.96,0.8299
volkan,1.5,1024,1024-65,0.0,0.0,0.0,0.0,0.0,0.0,1.0,0.081115,-2.08,2.549324
volkan,1.5,1024,1024-66,0.108333,0.375,0.0,0.375,0.375,0.0,0.325,0.352952,-0.76,0.668181
volkan,1.5,1024,1024-67,0.491667,0.516667,0.175,0.691667,0.691667,0.0,0.041667,0.47898,-0.16,0.417147
volkan,1.5,1024,1024-68,0.0,0.016667,0.0,0.016667,0.016667,0.0,0.741667,0.23736,-1.36,1.228596
volkan,1.5,1024,1024-69,0.083333,0.35,0.016667,0.366667,0.366667,0.0,0.4,0.346758,-0.64,0.719697
volkan,1.5,1024,1024-70,0.2,0.466667,0.033333,0.5,0.5,0.0,0.275,0.397541,-0.2,0.546387
volkan,1.5,1024,1024-71,0.283333,0.541667,0.058333,0.6,0.6,0.0,0.191667,0.428709,-0.44,0.450647
volkan,1.5,1024,1024-72,0.0,0.025,0.0,0.025,0.025,0.0,0.7,0.234999,-1.28,1.265731
volkan,1.5,1024,1024-73,0.108333,0.366667,0.0,0.366667,0.366667,0.0,0.3,0.354019,-0.76,0.672575
volkan,1.5,1024,1024-74,0.0,0.083333,0.0,0.083333,0.083333,0.0,0.591667,0.271034,-0.88,1.053666
volkan,1.5,1024,1024-75,0.266667,0.416667,0.075,0.491667,0.491667,0.0,0.266667,0.40716,-0.28,0.552881
volkan,1.5,1024,1024-76,0.116667,0.0,0.433333,0.433333,0.116667,0.366667,0.0,0.807792,1.76,1.516527
volkan,1.5,1024,1024-77,0.491667,0.491667,0.441667,0.933333,0.708333,0.0,0.0,0.600689,0.48,0.53504
volkan,1.5,1024,1024-78,0.466667,0.466667,0.191667,0.658333,0.65,0.0,0.075,0.475536,-0.12,0.444198
volkan,1.5,1024,1024-79,0.441667,0.483333,0.2,0.683333,0.683333,0.0,0.1,0.468995,-0.4,0.458034
volkan,1.5,1024,1024-80,0.033333,0.391667,0.0,0.391667,0.391667,0.0,0.375,0.35092,-0.68,0.655409
volkan,1.5,1024,1024-81,0.333333,0.475,0.116667,0.591667,0.591667,0.0,0.191667,0.432519,-0.6,0.506332
volkan,1.5,1024,1024-82,0.416667,0.475,0.175,0.65,0.65,0.0,0.116667,0.466354,0.04,0.45956
volkan,1.5,1024,1024-83,0.425,0.466667,0.15,0.616667,0.616667,0.0,0.158333,0.45151,-0.2,0.490346
volkan,1.5,1024,1024-84,0.116667,0.0,0.5,0.5,0.116667,0.3,0.0,0.797585,1.68,1.457361
volkan,1.5,1024,1024-85,0.0,0.091667,0.0,0.091667,0.091667,0.0,0.591667,0.276671,-1.16,1.015913
volkan,1.5,1024,1024-86,0.483333,0.483333,0.308333,0.791667,0.733333,0.0,0.016667,0.515052,0.32,0.427918
volkan,1.5,1024,1024-87,0.0,0.058333,0.0,0.058333,0.058333,0.0,0.666667,0.253824,-1.28,1.145031
volkan,1.5,1024,1024-88,0.5,0.458333,0.425,0.883333,0.766667,0.0,0.0,0.548707,-0.04,0.447053
volkan,1.5,1024,1024-89,0.033333,0.208333,0.0,0.208333,0.208333,0.0,0.466667,0.305333,-1.04,0.883931
volkan,1.5,1024,1024-90,0.0,0.0,0.0,0.0,0.0,0.0,1.0,0.147354,-2.0,1.869309
volkan,1.5,1024,1024-91,0.433333,0.475,0.225,0.7,0.658333,0.0,0.066667,0.490282,-0.08,0.45999
volkan,1.5,1024,1024-92,0.108333,0.45,0.0,0.45,0.45,0.0,0.316667,0.363905,-0.88,0.625326
volkan,1.5,1024,1024-93,0.0,0.0,0.0,0.0,0.0,0.0,1.0,0.091658,-1.88,2.414326
volkan,1.5,1024,1024-94,0.158333,0.466667,0.008333,0.475,0.475,0.0,0.3,0.382264,-0.44,0.568301
volkan,1.5,1024,1024-95,0.35,0.525,0.066667,0.591667,0.591667,0.0,0.158333,0.431346,-0.56,0.493596
volkan,1.5,1024,1024-96,0.416667,0.508333,0.141667,0.65,0.65,0.0,0.116667,0.454606,-0.32,0.445868
volkan,1.5,1024,1024-97,0.191667,0.458333,0.033333,0.491667,0.491667,0.0,0.241667,0.391548,-0.36,0.546879
volkan,1.5,1024,1024-98,0.0,0.0,0.0,0.0,0.0,0.0,1.0,0.137049,-1.8,1.93571
volkan,1.5,1024,1024-99,0.458333,0.466667,0.425,0.891667,0.691667,0.0,0.0,0.570649,0.36,0.50197
volkan,1.5,1024,1024-100,0.141667,0.425,0.0,0.425,0.425,0.0,0.308333,0.373507,-0.64,0.604368
volkan,1.5,1024,1024-101,0.0,0.125,0.0,0.125,0.125,0.0,0.608333,0.273883,-1.28,1.038328
volkan,1.5,1024,1024-102,0.033333,0.216667,0.0,0.216667,0.216667,0.0,0.491667,0.303214,-0.92,0.896127
volkan,1.5,1024,1024-103,0.191667,0.458333,0.008333,0.466667,0.466667,0.0,0.275,0.380505,-0.92,0.594625
volkan,1.5,1024,1024-104,0.033333,0.25,0.0,0.25,0.25,0.0,0.483333,0.309945,-0.84,0.865331
volkan,1.5,1024,1024-105,0.491667,0.475,0.458333,0.933333,0.716667,0.008333,0.0,0.614648,0.8,0.574711
volkan,1.5,1024,1024-106,0.291667,0.491667,0.058333,0.55,0.55,0.0,0.208333,0.419948,-0.32,0.497607
volkan,1.5,1024,1024-107,0.0,0.0,0.0,0.0,0.0,0.0,0.825,0.209194,-1.2,1.404975
volkan,1.5,1024,1024-108,0.3,0.525,0.041667,0.566667,0.566667,0.0,0.183333,0.420271,-0.36,0.489373
volkan,1.5,1024,1024-109,0.0,0.016667,0.0,0.016667,0.016667,0.0,0.841667,0.2079,-1.16,1.424052
volkan,1.5,1024,1024-110,0.066667,0.316667,0.0,0.316667,0.316667,0.0,0.366667,0.336571,-0.64,0.729868
volkan,1.5,1024,1024-111,0.1,0.358333,0.0,0.358333,0.358333,0.0,0.433333,0.334725,-0.44,0.771981
volkan,1.5,1024,1024-112,0.0,0.066667,0.0,0.066667,0.066667,0.0,0.533333,0.280848,-1.08,0.99376
volkan,1.5,1024,1024-113,0.308333,0.491667,0.1,0.591667,0.591667,0.0,0.216667,0.431527,-0.24,0.484439
volkan,1.5,1024,1024-114,0.475,0.45,0.275,0.725,0.683333,0.0,0.05,0.50019,-0.24,0.464218
volkan,1.5,1024,1024-115,0.325,0.458333,0.141667,0.6,0.6,0.0,0.2,0.43528,-0.2,0.508098
volkan,1.5,1024,1024-116,0.525,0.466667,0.425,0.891667,0.691667,0.016667,0.0,0.624263,0.72,0.61377
volkan,1.5,1024,1024-117,0.516667,0.216667,0.6,0.816667,0.525,0.066667,0.0,0.693702,1.0,0.870078
volkan,1.5,1024,1024-118,0.475,0.416667,0.383333,0.8,0.733333,0.0,0.008333,0.525804,0.08,0.456177
volkan,1.5,1024,1024-119,0.0,0.0,0.0,0.0,0.0,0.0,1.0,0.131044,-1.72,2.016281
volkan,1.5,1024,1024-120,0.308333,0.475,0.1,0.575,0.575,0.0,0.208333,0.427652,-0.2,0.489023
volkan,1.5,1024,1024-121,0.0,0.0,0.0,0.0,0.0,0.0,1.0,0.062015,-2.04,2.850074
volkan,1.5,1024,1024-122,0.125,0.483333,0.008333,0.491667,0.491667,0.0,0.275,0.379448,-0.96,0.578678
volkan,1.5,1024,1024-123,0.508333,0.475,0.225,0.7,0.691667,0.0,0.075,0.485921,-0.24,0.434696
volkan,1.5,1024,1024-124,0.0,0.0,0.0,0.0,0.0,0.0,0.883333,0.195683,-1.52,1.49045
volkan,1.5,1024,1024-125,0.0,0.0,0.0,0.0,0.0,0.0,1.0,0.116936,-1.96,2.122465
volkan,1.5,1024,1024-126,0.0,0.0,0.0,0.0,0.0,0.0,0.833333,0.215979,-1.68,1.355636
volkan,1.5,1024,1024-127,0.025,0.2,0.0,0.2,0.2,0.0,0.475,0.306282,-1.12,0.870924
volkan,1.5,1024,1024-128,0.491667,0.4,0.483333,0.883333,0.65,0.016667,0.0,0.637321,0.68,0.665372
volkan,1.5,1024,1024-129,0.0,0.116667,0.0,0.116667,0.116667,0.0,0.708333,0.242255,-1.48,1.253518
volkan,1.5,1024,1024-130,0.516667,0.35,0.525,0.875,0.616667,0.033333,0.0,0.637657,0.76,0.675612
volkan,1.5,1024,1024-131,0.141667,0.4,0.016667,0.416667,0.416667,0.0,0.341667,0.365517,-0.24,0.637551
volkan,1.5,1024,1024-132,0.433333,0.45,0.183333,0.633333,0.625,0.0,0.116667,0.465461,-0.16,0.474286
volkan,1.5,1024,1024-133,0.241667,0.016667,0.633333,0.65,0.241667,0.183333,0.0,0.765622,1.04,1.243294
volkan,1.5,1024,1024-134,0.0,0.125,0.0,0.125,0.125,0.0,0.566667,0.279319,-0.84,1.012809
volkan,1.5,1024,1024-135,0.0,0.133333,0.0,0.133333,0.133333,0.0,0.533333,0.288014,-1.0,0.971387
volkan,1.5,1024,1024-136,0.541667,0.283333,0.583333,0.866667,0.583333,0.041667,0.0,0.671408,0.8,0.767295
volkan,1.5,1024,1024-137,0.0,0.0,0.0,0.0,0.0,0.0,0.816667,0.207737,-1.72,1.423948
volkan,1.5,1024,1024-138,0.125,0.0,0.433333,0.433333,0.125,0.366667,0.0,0.808271,1.44,1.542291
volkan,1.5,1024,1024-139,0.516667,0.475,0.266667,0.741667,0.725,0.0,0.083333,0.497957,-0.4,0.451299
volkan,1.5,1024,1024-140,0.483333,0.45,0.208333,0.658333,0.641667,0.0,0.066667,0.484501,-0.12,0.446347
volkan,1.5,1024,1024-141,0.5,0.5,0.266667,0.766667,0.733333,0.0,0.033333,0.507375,-0.08,0.440154
volkan,1.5,1024,1024-142,0.441667,0.433333,0.358333,0.791667,0.666667,0.0,0.0,0.545111,0.32,0.498889
volkan,1.5,1024,1024-143,0.0,0.0,0.0,0.0,0.0,0.0,0.875,0.183323,-1.44,1.584332
volkan,1.5,1024,1024-144,0.0,0.0,0.0,0.0,0.0,0.0,1.0,0.130249,-2.04,2.025601
volkan,1.5,1024,1024-145,0.0,0.183333,0.0,0.183333,0.183333,0.0,0.475,0.304868,-1.08,0.87231
volkan,1.5,1024,1024-146,0.425,0.458333,0.441667,0.9,0.633333,0.0,0.0,0.584011,0.4,0.534277
volkan,1.5,1024,1024-147,0.066667,0.25,0.0,0.25,0.25,0.0,0.466667,0.307978,-1.16,0.892959
volkan,1.5,1024,1024-148,0.033333,0.183333,0.0,0.183333,0.183333,0.0,0.475,0.301061,-1.16,0.899612
volkan,1.5,1024,1024-149,0.0,0.0,0.0,0.0,0.0,0.0,1.0,0.111586,-1.92,2.195578
volkan,1.5,1024,1024-150,0.225,0.516667,0.0,0.516667,0.516667,0.0,0.216667,0.398836,-0.56,0.508384
volkan,1.5,1024,1024-151,0.0,0.0,0.0,0.0,0.0,0.0,0.95,0.179261,-1.4,1.614758
volkan,1.5,1024,1024-152,0.35,0.5,0.083333,0.583333,0.583333,0.0,0.166667,0.43333,-0.2,0.474674
volkan,1.5,1024,1024-153,0.0,0.0,0.0,0.0,0.0,0.0,1.0,0.094771,-2.04,2.366926
volkan,1.5,1024,1024-154,0.525,0.408333,0.458333,0.866667,0.708333,0.0,0.025,0.561822,-0.16,0.505058
volkan,1.5,1024,1024-155,0.491667,0.466667,0.283333,0.75,0.708333,0.0,0.033333,0.506038,-0.32,0.447284
volkan,1.5,1024,1024-156,0.0,0.0,0.0,0.0,0.0,0.0,0.891667,0.17789,-1.88,1.618053
volkan,1.5,1024,1024-157,0.0,0.0,0.0,0.0,0.0,0.0,0.975,0.159755,-1.68,1.760502
volkan,1.5,1024,1024-158,0.083333,0.283333,0.0,0.283333,0.283333,0.0,0.45,0.321335,-0.52,0.824544
volkan,1.5,1024,1024-159,0.0,0.0,0.0,0.0,0.0,0.0,1.0,0.103739,-2.08,2.316954
volkan,1.5,1024,1024-160,0.0,0.016667,0.0,0.016667,0.016667,0.0,0.758333,0.221132,-1.44,1.339396
volkan,1.5,1024,1024-161,0.0,0.0,0.0,0.0,0.0,0.0,1.0,0.071501,-2.16,2.67795
volkan,1.5,1024,1024-162,0.0,0.05,0.0,0.05,0.05,0.0,0.7,0.251862,-1.12,1.14007
volkan,1.5,1024,1024-163,0.416667,0.466667,0.216667,0.683333,0.666667,0.0,0.108333,0.481169,0.08,0.475057
volkan,1.5,1024,1024-164,0.0,0.0,0.0,0.0,0.0,0.0,1.0,0.101794,-1.88,2.288137
volkan,1.5,1024,1024-165,0.383333,0.491667,0.133333,0.625,0.625,0.0,0.15,0.448464,-0.4,0.462719
volkan,1.5,1024,1024-166,0.025,0.15,0.0,0.15,0.15,0.0,0.508333,0.295145,-1.04,0.93503
volkan,1.5,1024,1024-167,0.0,0.208333,0.0,0.208333,0.208333,0.0,0.558333,0.284501,-0.96,0.986938
volkan,1.5,1024,1024-168,0.275,0.458333,0.075,0.533333,0.533333,0.0,0.191667,0.416105,-0.16,0.512125
volkan,1.5,1024,1024-169,0.433333,0.408333,0.333333,0.741667,0.658333,0.0,0.033333,0.511358,0.16,0.473817
volkan,1.5,1024,1024-170,0.0,0.0,0.0,0.0,0.0,0.0,1.0,0.076297,-2.0,2.630445
volkan,1.5,1024,1024-171,0.0,0.0,0.0,0.0,0.0,0.0,1.0,0.061436,-2.08,2.885461
volkan,1.5,1024,1024-172,0.008333,0.183333,0.0,0.183333,0.183333,0.0,0.516667,0.301279,-1.2,0.89088
volkan,1.5,1024,1024-173,0.0,0.075,0.0,0.075,0.075,0.0,0.725,0.246577,-1.24,1.187859
volkan,1.5,1024,1024-174,0.0,0.0,0.0,0.0,0.0,0.0,1.0,0.112381,-1.84,2.166267
volkan,1.5,1024,1024-175,0.0,0.133333,0.0,0.133333,0.133333,0.0,0.65,0.272537,-1.24,1.037404
volkan,1.5,1024,1024-176,0.2,0.5,0.008333,0.508333,0.508333,0.0,0.241667,0.39666,-0.48,0.512731
volkan,1.5,1024,1024-177,0.083333,0.333333,0.0,0.333333,0.333333,0.0,0.366667,0.343127,-0.76,0.705747
volkan,1.5,1024,1024-178,0.216667,0.508333,0.033333,0.541667,0.541667,0.0,0.25,0.402078,-0.56,0.514
volkan,1.5,1024,1024-179,0.008333,0.166667,0.0,0.166667,0.166667,0.0,0.508333,0.291776,-0.88,0.944031
volkan,1.5,1024,1024-180,0.0,0.0,0.0,0.0,0.0,0.0,0.783333,0.22399,-1.36,1.316026
volkan,1.5,1024,1024-181,0.0,0.0,0.0,0.0,0.0,0.0,0.966667,0.162108,-1.56,1.722484
volkan,1.5,1024,1024-182,0.0,0.041667,0.0,0.041667,0.041667,0.0,0.8,0.232772,-1.36,1.254288
volkan,1.5,1024,1024-183,0.125,0.441667,0.0,0.441667,0.441667,0.0,0.308333,0.370977,-0.88,0.604833
volkan,1.5,1024,1024-184,0.266667,0.525,0.05,0.575,0.575,0.0,0.25,0.407969,-0.56,0.515789
volkan,1.5,1024,1024-185,0.083333,0.208333,0.0,0.208333,0.208333,0.0,0.525,0.301774,-1.0,0.911766
volkan,1.5,1024,1024-186,0.0,0.0,0.0,0.0,0.0,0.0,0.958333,0.168171,-1.8,1.710244
volkan,1.5,1024,1024-187,0.466667,0.183333,0.6,0.783333,0.508333,0.075,0.0,0.699362,0.92,0.904237
volkan,1.5,1024,1024-188,0.05,0.291667,0.0,0.291667,0.291667,0.0,0.391667,0.332138,-0.96,0.752144
volkan,1.5,1024,1024-189,0.0,0.0,0.0,0.0,0.0,0.0,0.933333,0.183545,-1.64,1.558726
volkan,1.5,1024,1024-190,0.425,0.425,0.308333,0.733333,0.633333,0.0,0.025,0.509741,-0.04,0.473418
volkan,1.5,1024,1024-191,0.0,0.0,0.0,0.0,0.0,0.0,0.858333,0.202723,-1.36,1.453903
volkan,1.5,1024,1024-192,0.0,0.05,0.0,0.05,0.05,0.0,0.658333,0.249728,-1.36,1.178817
volkan,1.5,1024,1024-193,0.608333,0.425,0.516667,0.941667,0.65,0.016667,0.0,0.641847,0.8,0.622395
volkan,1.5,1024,1024-194,0.0,0.0,0.0,0.0,0.0,0.0,0.9,0.199818,-1.32,1.460235
volkan,1.5,1024,1024-195,0.0,0.0,0.0,0.0,0.0,0.0,0.908333,0.177737,-1.4,1.640866
volkan,1.5,1024,1024-196,0.491667,0.4,0.441667,0.841667,0.766667,0.0,0.016667,0.536923,-0.08,0.442253
volkan,1.5,1024,1024-197,0.0,0.0,0.0,0.0,0.0,0.0,0.925,0.177871,-1.56,1.641643
volkan,1.5,1024,1024-198,0.0,0.225,0.0,0.225,0.225,0.0,0.491667,0.300398,-1.0,0.909377
volkan,1.5,1024,1024-199,0.141667,0.458333,0.0,0.458333,0.458333,0.0,0.291667,0.373837,-0.72,0.597461
volkan,1.5,2026,2026-0,0.0,0.008333,0.0,0.008333,0.008333,0.0,0.833333,0.224524,-1.24,1.295756
volkan,1.5,2026,2026-1,0.283333,0.45,0.058333,0.508333,0.508333,0.0,0.258333,0.406313,-0.28,0.563545
volkan,1.5,2026,2026-2,0.0,0.0,0.0,0.0,0.0,0.0,1.0,0.092477,-1.84,2.36599
volkan,1.5,2026,2026-3,0.525,0.291667,0.55,0.841667,0.583333,0.041667,0.0,0.668064,0.88,0.758823
volkan,1.5,2026,2026-4,0.441667,0.466667,0.316667,0.783333,0.716667,0.0,0.025,0.510904,0.16,0.450084
volkan,1.5,2026,2026-5,0.033333,0.2,0.0,0.2,0.2,0.0,0.491667,0.307617,-0.92,0.873866
volkan,1.5,2026,2026-6,0.008333,0.175,0.0,0.175,0.175,0.0,0.483333,0.299716,-0.8,0.911958
volkan,1.5,2026,2026-7,0.4,0.5,0.1,0.6,0.6,0.0,0.125,0.446027,-0.2,0.436368
volkan,1.5,2026,2026-8,0.033333,0.183333,0.0,0.183333,0.183333,0.0,0.491667,0.302677,-0.48,0.892548
volkan,1.5,2026,2026-9,0.058333,0.266667,0.0,0.266667,0.266667,0.0,0.475,0.316201,-0.92,0.847533
volkan,1.5,2026,2026-10,0.433333,0.433333,0.316667,0.75,0.658333,0.0,0.05,0.513431,-0.16,0.485662
volkan,1.5,2026,2026-11,0.5,0.491667,0.225,0.716667,0.708333,0.0,0.108333,0.483934,-0.4,0.462746
volkan,1.5,2026,2026-12,0.133333,0.391667,0.0,0.391667,0.391667,0.0,0.341667,0.356014,-0.8,0.658773
volkan,1.5,2026,2026-13,0.058333,0.308333,0.0,0.308333,0.308333,0.0,0.383333,0.340066,-0.76,0.719908
volkan,1.5,2026,2026-14,0.258333,0.483333,0.041667,0.525,0.525,0.0,0.208333,0.412681,-0.72,0.512397
volkan,1.5,2026,2026-15,0.0,0.05,0.0,0.05,0.05,0.0,0.708333,0.242697,-0.96,1.211774
volkan,1.5,2026,2026-16,0.033333,0.141667,0.0,0.141667,0.141667,0.0,0.541667,0.286868,-1.32,0.984021
volkan,1.5,2026,2026-17,0.416667,0.441667,0.25,0.691667,0.658333,0.0,0.058333,0.485505,0.08,0.455768
volkan,1.5,2026,2026-18,0.05,0.4,0.0,0.4,0.4,0.0,0.333333,0.357064,-0.84,0.627992
volkan,1.5,2026,2026-19,0.0,0.0,0.0,0.0,0.0,0.0,1.0,0.135095,-1.4,1.94831
volkan,1.5,2026,2026-20,0.0,0.1,0.0,0.1,0.1,0.0,0.583333,0.271982,-1.0,1.046444
volkan,1.5,2026,2026-21,0.425,0.391667,0.35,0.741667,0.641667,0.0,0.05,0.515831,0.16,0.504363
volkan,1.5,2026,2026-22,0.033333,0.225,0.0,0.225,0.225,0.0,0.441667,0.323007,-0.76,0.786492
volkan,1.5,2026,2026-23,0.075,0.366667,0.0,0.366667,0.366667,0.0,0.4,0.348033,-0.52,0.683053
volkan,1.5,2026,2026-24,0.483333,0.491667,0.308333,0.8,0.758333,0.0,0.025,0.512024,0.08,0.418965
volkan,1.5,2026,2026-25,0.25,0.075,0.583333,0.658333,0.25,0.15,0.0,0.75595,1.4,1.199795
volkan,1.5,2026,2026-26,0.0,0.025,0.0,0.025,0.025,0.0,0.733333,0.235855,-1.4,1.260371
volkan,1.5,2026,2026-27,0.6,0.383333,0.516667,0.9,0.658333,0.008333,0.0,0.650881,0.6,0.671824
volkan,1.5,2026,2026-28,0.0,0.0,0.0,0.0,0.0,0.0,0.975,0.155806,-1.68,1.78436
volkan,1.5,2026,2026-29,0.275,0.508333,0.025,0.533333,0.533333,0.0,0.216667,0.409053,-0.68,0.503507
volkan,1.5,2026,2026-30,0.0,0.0,0.0,0.0,0.0,0.0,0.95,0.164401,-1.6,1.712865
volkan,1.5,2026,2026-31,0.575,0.341667,0.533333,0.875,0.641667,0.025,0.0,0.6564,0.96,0.704425
volkan,1.5,2026,2026-32,0.441667,0.5,0.35,0.85,0.7,0.0,0.0,0.54654,0.44,0.463266
volkan,1.5,2026,2026-33,0.483333,0.4,0.5,0.9,0.633333,0.0,0.0,0.619154,0.48,0.616976
volkan,1.5,2026,2026-34,0.0,0.0,0.0,0.0,0.0,0.0,0.841667,0.205254,-1.76,1.4432
volkan,1.5,2026,2026-35,0.45,0.483333,0.308333,0.791667,0.733333,0.0,0.016667,0.512857,0.08,0.449321
volkan,1.5,2026,2026-36,0.0,0.091667,0.0,0.091667,0.091667,0.0,0.716667,0.256905,-1.08,1.121546
volkan,1.5,2026,2026-37,0.016667,0.166667,0.0,0.166667,0.166667,0.0,0.616667,0.273309,-1.04,1.048718
volkan,1.5,2026,2026-38,0.391667,0.45,0.208333,0.658333,0.625,0.0,0.108333,0.471212,0.04,0.469889
volkan,1.5,2026,2026-39,0.533333,0.475,0.433333,0.908333,0.766667,0.0,0.0,0.568281,0.16,0.464607
volkan,1.5,2026,2026-40,0.308333,0.441667,0.091667,0.533333,0.533333,0.0,0.233333,0.413555,-0.64,0.531545
volkan,1.5,2026,2026-41,0.0,0.05,0.0,0.05,0.05,0.0,0.741667,0.244548,-1.32,1.198205
volkan,1.5,2026,2026-42,0.0,0.0,0.0,0.0,0.0,0.0,0.8,0.216018,-1.52,1.371817
volkan,1.5,2026,2026-43,0.5,0.266667,0.575,0.841667,0.558333,0.05,0.0,0.678603,0.72,0.811628
volkan,1.5,2026,2026-44,0.466667,0.475,0.25,0.725,0.708333,0.0,0.033333,0.498449,0.0,0.438676
volkan,1.5,2026,2026-45,0.433333,0.458333,0.283333,0.741667,0.708333,0.0,0.05,0.495684,0.28,0.44166
volkan,1.5,2026,2026-46,0.075,0.0,0.491667,0.491667,0.075,0.316667,0.0,0.806782,1.2,1.513822
volkan,1.5,2026,2026-47,0.0,0.0,0.0,0.0,0.0,0.0,0.833333,0.216705,-1.6,1.358286
volkan,1.5,2026,2026-48,0.0,0.0,0.216667,0.216667,0.0,0.525,0.0,0.854133,1.88,1.858617
volkan,1.5,2026,2026-49,0.0,0.0,0.0,0.0,0.0,0.891667,0.0,0.916024,1.84,2.5242
volkan,1.5,2026,2026-50,0.433333,0.175,0.608333,0.783333,0.433333,0.108333,0.0,0.717409,1.12,0.994741
volkan,1.5,2026,2026-51,0.525,0.425,0.433333,0.858333,0.766667,0.0,0.0,0.55431,0.04,0.447901
volkan,1.5,2026,2026-52,0.0,0.041667,0.0,0.041667,0.041667,0.0,0.733333,0.233004,-1.2,1.277506
volkan,1.5,2026,2026-53,0.508333,0.525,0.408333,0.933333,0.75,0.0,0.0,0.586086,0.76,0.501511
volkan,1.5,2026,2026-54,0.0,0.133333,0.0,0.133333,0.133333,0.0,0.6,0.272259,-0.84,1.048025
volkan,1.5,2026,2026-55,0.15,0.45,0.0,0.45,0.45,0.0,0.266667,0.375254,-0.84,0.58177
volkan,1.5,2026,2026-56,0.008333,0.216667,0.0,0.216667,0.216667,0.0,0.475,0.309694,-0.6,0.848459
volkan,1.5,2026,2026-57,0.333333,0.516667,0.066667,0.583333,0.583333,0.0,0.15,0.436777,-0.56,0.469211
volkan,1.5,2026,2026-58,0.558333,0.383333,0.533333,0.916667,0.658333,0.016667,0.0,0.644842,0.68,0.663602
volkan,1.5,2026,2026-59,0.0,0.083333,0.0,0.083333,0.083333,0.0,0.716667,0.259332,-1.44,1.103782
volkan,1.5,2026,2026-60,0.0,0.0,0.0,0.0,0.0,0.0,0.908333,0.196136,-1.12,1.488288
volkan,1.5,2026,2026-61,0.0,0.0,0.0,0.0,0.0,0.0,0.866667,0.19079,-1.32,1.545008
volkan,1.5,2026,2026-62,0.0,0.0,0.0,0.0,0.0,0.0,0.916667,0.191552,-1.72,1.543469
volkan,1.5,2026,2026-63,0.0,0.0,0.0,0.0,0.0,0.0,1.0,0.136913,-1.92,1.934197
volkan,1.5,2026,2026-64,0.0,0.0,0.0,0.0,0.0,0.0,0.883333,0.199883,-1.4,1.483659
volkan,1.5,2026,2026-65,0.566667,0.383333,0.558333,0.941667,0.658333,0.0,0.0,0.647994,0.52,0.661584
volkan,1.5,2026,2026-66,0.0,0.083333,0.0,0.083333,0.083333,0.0,0.683333,0.253127,-1.08,1.152362
volkan,1.5,2026,2026-67,0.283333,0.533333,0.05,0.583333,0.583333,0.0,0.133333,0.42303,-0.48,0.461612
volkan,1.5,2026,2026-68,0.0,0.0,0.0,0.0,0.0,0.0,0.941667,0.154573,-1.56,1.807968
volkan,1.5,2026,2026-69,0.258333,0.475,0.025,0.5,0.5,0.0,0.233333,0.403272,-0.4,0.524323
volkan,1.5,2026,2026-70,0.0,0.0,0.0,0.0,0.0,0.0,1.0,0.101727,-1.96,2.294752
volkan,1.5,2026,2026-71,0.0,0.058333,0.0,0.058333,0.058333,0.0,0.816667,0.226864,-1.28,1.297197
volkan,1.5,2026,2026-72,0.091667,0.0,0.333333,0.333333,0.091667,0.441667,0.0,0.825875,1.32,1.66498
volkan,1.5,2026,2026-73,0.0,0.05,0.0,0.05,0.05,0.0,0.7,0.246413,-1.08,1.191239
volkan,1.5,2026,2026-74,0.458333,0.4,0.55,0.95,0.641667,0.0,0.0,0.619897,0.12,0.604131
volkan,1.5,2026,2026-75,0.466667,0.483333,0.166667,0.65,0.65,0.0,0.091667,0.473573,-0.2,0.437783
volkan,1.5,2026,2026-76,0.108333,0.275,0.0,0.275,0.275,0.0,0.466667,0.322469,-0.8,0.830569
volkan,1.5,2026,2026-77,0.0,0.025,0.0,0.025,0.025,0.0,0.716667,0.242415,-1.16,1.208506
volkan,1.5,2026,2026-78,0.55,0.408333,0.525,0.933333,0.65,0.0,0.0,0.640383,0.48,0.634777
volkan,1.5,2026,2026-79,0.066667,0.3,0.0,0.3,0.3,0.0,0.383333,0.332131,-0.68,0.761133
volkan,1.5,2026,2026-80,0.566667,0.225,0.608333,0.833333,0.566667,0.033333,0.0,0.686779,0.92,0.831574
volkan,1.5,2026,2026-81,0.0,0.016667,0.0,0.016667,0.016667,0.0,0.75,0.231245,-1.4,1.266492
volkan,1.5,2026,2026-82,0.183333,0.466667,0.008333,0.475,0.475,0.0,0.241667,0.384916,-1.04,0.559146
volkan,1.5,2026,2026-83,0.441667,0.466667,0.158333,0.625,0.616667,0.0,0.141667,0.461853,-0.2,0.471871
volkan,1.5,2026,2026-84,0.358333,0.483333,0.1,0.583333,0.583333,0.0,0.175,0.438377,-0.4,0.493962
volkan,1.5,2026,2026-85,0.0,0.0,0.0,0.0,0.0,0.0,1.0,0.15232,-1.44,1.809792
volkan,1.5,2026,2026-86,0.0,0.058333,0.0,0.058333,0.058333,0.0,0.741667,0.24665,-1.56,1.175181
volkan,1.5,2026,2026-87,0.058333,0.241667,0.0,0.241667,0.241667,0.0,0.45,0.317016,-0.88,0.834775
volkan,1.5,2026,2026-88,0.0,0.008333,0.0,0.008333,0.008333,0.0,0.866667,0.207514,-1.44,1.407598
volkan,1.5,2026,2026-89,0.441667,0.533333,0.275,0.808333,0.733333,0.0,0.016667,0.515128,0.6,0.42733
volkan,1.5,2026,2026-90,0.425,0.5,0.2,0.7,0.658333,0.0,0.05,0.487468,0.0,0.438043
volkan,1.5,2026,2026-91,0.0,0.0,0.0,0.0,0.0,0.0,1.0,0.084116,-2.12,2.534183
volkan,1.5,2026,2026-92,0.0,0.0,0.0,0.0,0.0,0.0,1.0,0.096891,-1.76,2.331852
volkan,1.5,2026,2026-93,0.0,0.0,0.0,0.0,0.0,0.0,0.991667,0.149246,-1.76,1.826891
volkan,1.5,2026,2026-94,0.275,0.5,0.008333,0.508333,0.508333,0.0,0.233333,0.400497,-0.68,0.555101
volkan,1.5,2026,2026-95,0.158333,0.0,0.466667,0.466667,0.158333,0.25,0.0,0.789782,1.6,1.413711
volkan,1.5,2026,2026-96,0.0,0.166667,0.0,0.166667,0.166667,0.0,0.558333,0.284126,-1.12,0.997834
volkan,1.5,2026,2026-97,0.25,0.475,0.091667,0.566667,0.566667,0.0,0.208333,0.419413,-0.28,0.50988
volkan,1.5,2026,2026-98,0.0,0.0,0.0,0.0,0.0,0.0,0.9,0.180474,-1.6,1.602022
volkan,1.5,2026,2026-99,0.0,0.0,0.0,0.0,0.0,0.0,0.941667,0.179786,-1.68,1.618368
volkan,1.5,2026,2026-100,0.0,0.0,0.0,0.0,0.0,0.0,1.0,0.085446,-2.24,2.506856
volkan,1.5,2026,2026-101,0.133333,0.483333,0.0,0.483333,0.483333,0.0,0.316667,0.375167,-0.52,0.585855
volkan,1.5,2026,2026-102,0.525,0.466667,0.441667,0.908333,0.741667,0.0,0.0,0.576009,0.12,0.491483
volkan,1.5,2026,2026-103,0.0,0.15,0.0,0.15,0.15,0.0,0.566667,0.286391,-0.88,0.973621
volkan,1.5,2026,2026-104,0.566667,0.333333,0.533333,0.866667,0.633333,0.075,0.0,0.6675,0.88,0.766223
volkan,1.5,2026,2026-105,0.275,0.441667,0.05,0.491667,0.491667,0.0,0.258333,0.40204,-0.6,0.564963
volkan,1.5,2026,2026-106,0.1,0.4,0.0,0.4,0.4,0.0,0.333333,0.359474,-0.6,0.645327
volkan,1.5,2026,2026-107,0.441667,0.433333,0.225,0.658333,0.633333,0.0,0.091667,0.477026,-0.16,0.459542
volkan,1.5,2026,2026-108,0.433333,0.475,0.175,0.65,0.65,0.0,0.108333,0.463065,-0.4,0.447047
volkan,1.5,2026,2026-109,0.5,0.45,0.483333,0.933333,0.691667,0.008333,0.0,0.616926,0.52,0.579869
volkan,1.5,2026,2026-110,0.0,0.016667,0.0,0.016667,0.016667,0.0,0.85,0.211292,-1.28,1.38728
volkan,1.5,2026,2026-111,0.0,0.0,0.0,0.0,0.0,0.0,1.0,0.063282,-2.16,2.865389
volkan,1.5,2026,2026-112,0.216667,0.466667,0.008333,0.475,0.475,0.0,0.258333,0.390389,-0.44,0.540874
volkan,1.5,2026,2026-113,0.0,0.075,0.0,0.075,0.075,0.0,0.716667,0.24607,-1.52,1.192569
volkan,1.5,2026,2026-114,0.116667,0.366667,0.0,0.366667,0.366667,0.0,0.383333,0.350533,-0.36,0.690202
volkan,1.5,2026,2026-115,0.4,0.125,0.641667,0.766667,0.4,0.083333,0.0,0.722793,0.96,1.0175
volkan,1.5,2026,2026-116,0.0,0.0,0.0,0.0,0.0,0.0,0.941667,0.174415,-1.88,1.639883
volkan,1.5,2026,2026-117,0.441667,0.525,0.3,0.825,0.741667,0.0,0.0,0.520306,0.52,0.414084
volkan,1.5,2026,2026-118,0.491667,0.475,0.425,0.9,0.708333,0.0,0.0,0.580119,0.24,0.506062
volkan,1.5,2026,2026-119,0.466667,0.5,0.141667,0.641667,0.641667,0.0,0.091667,0.46448,-0.12,0.4383
volkan,1.5,2026,2026-120,0.483333,0.441667,0.475,0.916667,0.691667,0.0,0.0,0.611715,0.28,0.582563
volkan,1.5,2026,2026-121,0.0,0.125,0.0,0.125,0.125,0.0,0.608333,0.272899,-1.04,1.044597
volkan,1.5,2026,2026-122,0.0,0.008333,0.0,0.008333,0.008333,0.0,0.766667,0.22552,-0.84,1.311194
volkan,1.5,2026,2026-123,0.516667,0.475,0.458333,0.933333,0.716667,0.0,0.0,0.598747,0.6,0.529234
volkan,1.5,2026,2026-124,0.475,0.433333,0.383333,0.816667,0.733333,0.0,0.016667,0.533995,0.0,0.452471
volkan,1.5,2026,2026-125,0.55,0.333333,0.541667,0.875,0.6,0.05,0.0,0.666211,0.72,0.750666
volkan,1.5,2026,2026-126,0.241667,0.466667,0.058333,0.525,0.525,0.0,0.208333,0.411225,-0.72,0.504269
volkan,1.5,2026,2026-127,0.391667,0.166667,0.583333,0.75,0.416667,0.141667,0.0,0.71844,1.24,1.013006
volkan,1.5,2026,2026-128,0.025,0.216667,0.0,0.216667,0.216667,0.0,0.491667,0.303547,-1.0,0.897624
volkan,1.5,2026,2026-129,0.0,0.0,0.0,0.0,0.0,0.0,0.916667,0.172789,-1.56,1.662205
volkan,1.5,2026,2026-130,0.0,0.0,0.0,0.0,0.0,0.0,1.0,0.07791,-2.12,2.644817
volkan,1.5,2026,2026-131,0.0,0.0,0.0,0.0,0.0,0.0,0.916667,0.175897,-1.52,1.632437
volkan,1.5,2026,2026-132,0.516667,0.425,0.433333,0.858333,0.741667,0.0,0.0,0.552463,-0.16,0.462762
volkan,1.5,2026,2026-133,0.0,0.0,0.0,0.0,0.0,0.0,1.0,0.128782,-1.8,2.023793
volkan,1.5,2026,2026-134,0.0,0.108333,0.0,0.108333,0.108333,0.0,0.608333,0.277437,-1.16,1.019264
volkan,1.5,2026,2026-135,0.166667,0.0,0.483333,0.483333,0.166667,0.316667,0.0,0.798875,1.72,1.46622
volkan,1.5,2026,2026-136,0.45,0.466667,0.4,0.866667,0.75,0.0,0.0,0.550497,0.08,0.457497
volkan,1.5,2026,2026-137,0.375,0.091667,0.633333,0.725,0.375,0.15,0.0,0.741385,1.16,1.123471
volkan,1.5,2026,2026-138,0.0,0.0,0.0,0.0,0.0,0.0,0.908333,0.186927,-1.48,1.549212
volkan,1.5,2026,2026-139,0.0,0.0,0.0,0.0,0.0,0.0,1.0,0.053787,-2.12,3.008365
volkan,1.5,2026,2026-140,0.491667,0.233333,0.55,0.783333,0.491667,0.091667,0.0,0.695629,0.92,0.892823
volkan,1.5,2026,2026-141,0.0,0.0,0.0,0.0,0.0,0.0,1.0,0.13202,-1.72,1.989341
volkan,1.5,2026,2026-142,0.166667,0.4,0.033333,0.433333,0.433333,0.0,0.308333,0.379102,-0.52,0.591482
volkan,1.5,2026,2026-143,0.358333,0.491667,0.1,0.591667,0.591667,0.0,0.191667,0.433471,-0.48,0.492119
volkan,1.5,2026,2026-144,0.0,0.0,0.0,0.0,0.0,0.0,0.858333,0.196829,-1.72,1.479572
volkan,1.5,2026,2026-145,0.45,0.166667,0.591667,0.758333,0.458333,0.091667,0.0,0.709285,0.6,0.952192
volkan,1.5,2026,2026-146,0.425,0.183333,0.633333,0.816667,0.45,0.058333,0.0,0.701538,1.36,0.906874
volkan,1.5,2026,2026-147,0.425,0.5,0.208333,0.708333,0.7,0.0,0.075,0.478872,0.2,0.442149
volkan,1.5,2026,2026-148,0.108333,0.4,0.0,0.4,0.4,0.0,0.325,0.360519,-0.72,0.637545
volkan,1.5,2026,2026-149,0.208333,0.441667,0.041667,0.483333,0.483333,0.0,0.283333,0.392088,-0.2,0.571693
volkan,1.5,2026,2026-150,0.0,0.0,0.0,0.0,0.0,0.0,0.941667,0.175205,-1.48,1.626765
volkan,1.5,2026,2026-151,0.05,0.266667,0.0,0.266667,0.266667,0.0,0.458333,0.32151,-0.76,0.804635
volkan,1.5,2026,2026-152,0.058333,0.375,0.0,0.375,0.375,0.0,0.35,0.347067,-0.84,0.673017
volkan,1.5,2026,2026-153,0.0,0.025,0.0,0.025,0.025,0.0,0.808333,0.207375,-1.6,1.423957
volkan,1.5,2026,2026-154,0.516667,0.508333,0.391667,0.9,0.733333,0.0,0.0,0.557972,0.36,0.46768
volkan,1.5,2026,2026-155,0.0,0.0,0.0,0.0,0.0,0.0,1.0,0.138576,-1.48,1.927711
volkan,1.5,2026,2026-156,0.0,0.125,0.0,0.125,0.125,0.0,0.608333,0.278692,-1.2,1.013096
volkan,1.5,2026,2026-157,0.0,0.0,0.0,0.0,0.0,0.0,1.0,0.06358,-2.04,2.87819
volkan,1.5,2026,2026-158,0.45,0.466667,0.2,0.666667,0.666667,0.0,0.1,0.46748,-0.36,0.464507
volkan,1.5,2026,2026-159,0.508333,0.466667,0.358333,0.825,0.758333,0.0,0.008333,0.531995,-0.16,0.447741
volkan,1.5,2026,2026-160,0.45,0.45,0.333333,0.783333,0.75,0.0,0.058333,0.505088,0.2,0.450187
volkan,1.5,2026,2026-161,0.0,0.0,0.066667,0.066667,0.0,0.791667,0.0,0.896408,1.76,2.282813
volkan,1.5,2026,2026-162,0.575,0.508333,0.458333,0.966667,0.841667,0.0,0.0,0.576146,0.12,0.450836
volkan,1.5,2026,2026-163,0.0,0.0,0.0,0.0,0.0,0.0,0.916667,0.195073,-1.32,1.4966
volkan,1.5,2026,2026-164,0.0,0.0,0.15,0.15,0.0,0.6,0.0,0.865126,1.96,1.951829
volkan,1.5,2026,2026-165,0.0,0.0,0.0,0.0,0.0,0.0,0.833333,0.198967,-1.56,1.476792
volkan,1.5,2026,2026-166,0.475,0.491667,0.35,0.841667,0.716667,0.0,0.0,0.540834,0.2,0.454354
volkan,1.5,2026,2026-167,0.483333,0.425,0.375,0.8,0.7,0.0,0.016667,0.532364,0.16,0.464287
volkan,1.5,2026,2026-168,0.0,0.0,0.0,0.0,0.0,0.0,0.858333,0.199293,-1.24,1.483301
volkan,1.5,2026,2026-169,0.508333,0.266667,0.558333,0.825,0.558333,0.058333,0.0,0.679607,0.84,0.816036
volkan,1.5,2026,2026-170,0.416667,0.508333,0.158333,0.666667,0.666667,0.0,0.133333,0.456661,-0.4,0.464281
volkan,1.5,2026,2026-171,0.5,0.533333,0.216667,0.75,0.733333,0.0,0.05,0.500501,-0.24,0.436389
volkan,1.5,2026,2026-172,0.0,0.075,0.0,0.075,0.075,0.0,0.741667,0.232246,-1.32,1.280573
volkan,1.5,2026,2026-173,0.566667,0.375,0.566667,0.941667,0.666667,0.016667,0.0,0.641904,0.68,0.645625
volkan,1.5,2026,2026-174,0.0,0.0,0.0,0.0,0.0,0.0,0.891667,0.207067,-1.08,1.41832
volkan,1.5,2026,2026-175,0.0,0.0,0.0,0.0,0.0,0.0,1.0,0.099698,-2.2,2.320504
volkan,1.5,2026,2026-176,0.608333,0.291667,0.575,0.866667,0.633333,0.033333,0.0,0.670025,1.0,0.760069
volkan,1.5,2026,2026-177,0.0,0.1,0.0,0.1,0.1,0.0,0.508333,0.285696,-0.92,0.974341
volkan,1.5,2026,2026-178,0.166667,0.425,0.008333,0.433333,0.433333,0.0,0.3,0.373068,-0.56,0.609821
volkan,1.5,2026,2026-179,0.225,0.041667,0.541667,0.583333,0.225,0.241667,0.0,0.775935,1.24,1.331154
volkan,1.5,2026,2026-180,0.5,0.508333,0.416667,0.925,0.733333,0.0,0.0,0.593043,0.64,0.507579
volkan,1.5,2026,2026-181,0.433333,0.45,0.291667,0.741667,0.666667,0.0,0.041667,0.505154,0.04,0.462611
volkan,1.5,2026,2026-182,0.516667,0.516667,0.425,0.941667,0.741667,0.0,0.0,0.591179,0.48,0.518703
volkan,1.5,2026,2026-183,0.0,0.041667,0.0,0.041667,0.041667,0.0,0.808333,0.223234,-1.4,1.32791
volkan,1.5,2026,2026-184,0.466667,0.466667,0.35,0.816667,0.741667,0.0,0.0,0.528073,0.36,0.439739
volkan,1.5,2026,2026-185,0.5,0.5,0.441667,0.941667,0.7,0.008333,0.0,0.603775,0.68,0.551421
volkan,1.5,2026,2026-186,0.458333,0.475,0.341667,0.816667,0.725,0.0,0.0,0.53359,0.2,0.441878
volkan,1.5,2026,2026-187,0.058333,0.266667,0.0,0.266667,0.266667,0.0,0.441667,0.320952,-0.72,0.811834
volkan,1.5,2026,2026-188,0.0,0.0,0.0,0.0,0.0,0.0,1.0,0.015706,-2.32,4.313128
volkan,1.5,2026,2026-189,0.416667,0.441667,0.208333,0.65,0.633333,0.0,0.133333,0.4732,-0.16,0.483463
volkan,1.5,2026,2026-190,0.166667,0.433333,0.033333,0.466667,0.466667,0.0,0.266667,0.381254,-0.76,0.590896
volkan,1.5,2026,2026-191,0.0,0.191667,0.0,0.191667,0.191667,0.0,0.491667,0.296592,-1.28,0.915239
volkan,1.5,2026,2026-192,0.458333,0.491667,0.3,0.791667,0.7,0.0,0.016667,0.522219,0.16,0.457357
volkan,1.5,2026,2026-193,0.241667,0.491667,0.041667,0.533333,0.533333,0.0,0.175,0.414999,-0.16,0.47677
volkan,1.5,2026,2026-194,0.275,0.483333,0.041667,0.525,0.525,0.0,0.216667,0.411792,-0.64,0.501391
volkan,1.5,2026,2026-195,0.0,0.0,0.0,0.0,0.0,0.0,1.0,0.129949,-1.96,2.00042
volkan,1.5,2026,2026-196,0.0,0.0,0.0,0.0,0.0,0.0,1.0,0.127054,-1.72,2.048645
volkan,1.5,2026,2026-197,0.358333,0.466667,0.108333,0.575,0.575,0.0,0.2,0.435243,-0.4,0.49461
volkan,1.5,2026,2026-198,0.158333,0.408333,0.025,0.433333,0.433333,0.0,0.3,0.370701,-0.72,0.632499
volkan,1.5,2026,2026-199,0.216667,0.483333,0.016667,0.5,0.5,0.0,0.25,0.390599,-1.04,0.562006
difficulty,0.0,42,42-0,0.533333,0.583333,0.358333,0.941667,0.8,0.0,0.0,0.568713,0.626806,0.439299
difficulty,0.0,42,42-1,0.233333,0.508333,0.008333,0.516667,0.516667,0.0,0.25,0.396144,0.491466,0.546919
difficulty,0.0,42,42-2,0.491667,0.291667,0.541667,0.833333,0.558333,0.033333,0.0,0.672892,0.439587,0.776782
difficulty,0.0,42,42-3,0.483333,0.3,0.525,0.825,0.55,0.083333,0.0,0.6792,0.533138,0.825147
difficulty,0.0,42,42-4,0.0,0.008333,0.0,0.008333,0.008333,0.0,0.75,0.236391,0.52665,1.234704
difficulty,0.0,42,42-5,0.066667,0.325,0.0,0.325,0.325,0.0,0.375,0.343083,0.493228,0.706273
difficulty,0.0,42,42-6,0.566667,0.491667,0.458333,0.95,0.733333,0.0,0.0,0.590596,0.429493,0.513551
difficulty,0.0,42,42-7,0.525,0.475,0.316667,0.791667,0.758333,0.0,0.05,0.517647,0.473361,0.450533
difficulty,0.0,42,42-8,0.533333,0.525,0.383333,0.908333,0.825,0.0,0.0,0.54511,0.513448,0.412135
difficulty,0.0,42,42-9,0.283333,0.458333,0.05,0.508333,0.508333,0.0,0.258333,0.404382,0.620111,0.565158
difficulty,0.0,42,42-10,0.541667,0.3,0.575,0.875,0.6,0.041667,0.0,0.668018,0.53343,0.75622
difficulty,0.0,42,42-11,0.583333,0.35,0.558333,0.908333,0.633333,0.0,0.0,0.657984,0.496818,0.697983
difficulty,0.0,42,42-12,0.483333,0.5,0.358333,0.858333,0.733333,0.0,0.008333,0.549319,0.587289,0.476455
difficulty,0.0,42,42-13,0.466667,0.1,0.675,0.775,0.466667,0.091667,0.0,0.714575,0.438854,0.972343
difficulty,0.0,42,42-14,0.566667,0.475,0.483333,0.958333,0.766667,0.0,0.0,0.602841,0.587177,0.529953
difficulty,0.0,42,42-15,0.341667,0.533333,0.058333,0.591667,0.591667,0.0,0.175,0.430939,0.447472,0.46429
difficulty,0.0,42,42-16,0.55,0.483333,0.475,0.958333,0.725,0.0,0.0,0.602263,0.511995,0.519224
difficulty,0.0,42,42-17,0.175,0.5,0.016667,0.516667,0.516667,0.0,0.216667,0.392907,0.519202,0.512535
difficulty,0.0,42,42-18,0.566667,0.258333,0.641667,0.9,0.608333,0.016667,0.0,0.670676,0.502668,0.752737
difficulty,0.0,42,42-19,0.55,0.5,0.4,0.9,0.766667,0.0,0.008333,0.559468,0.467622,0.458837
difficulty,0.0,42,42-20,0.483333,0.483333,0.3,0.783333,0.741667,0.0,0.033333,0.511123,0.579559,0.419964
difficulty,0.0,42,42-21,0.308333,0.483333,0.116667,0.6,0.6,0.0,0.175,0.433056,0.578812,0.491372
difficulty,0.0,42,42-22,0.508333,0.075,0.716667,0.791667,0.508333,0.05,0.0,0.712469,0.480518,0.950039
difficulty,0.0,42,42-23,0.425,0.475,0.283333,0.758333,0.65,0.0,0.025,0.516558,0.600073,0.46522
difficulty,0.0,42,42-24,0.491667,0.558333,0.2,0.758333,0.75,0.0,0.05,0.489719,0.482692,0.405725
difficulty,0.0,42,42-25,0.491667,0.475,0.275,0.75,0.7,0.0,0.041667,0.502786,0.49879,0.443256
difficulty,0.0,42,42-26,0.566667,0.475,0.483333,0.958333,0.75,0.0,0.0,0.61232,0.576672,0.541369
difficulty,0.0,42,42-27,0.483333,0.416667,0.525,0.941667,0.666667,0.008333,0.0,0.61613,0.484084,0.602323
difficulty,0.0,42,42-28,0.516667,0.466667,0.45,0.916667,0.708333,0.0,0.0,0.61369,0.501603,0.568331
difficulty,0.0,42,42-29,0.566667,0.45,0.516667,0.966667,0.758333,0.0,0.0,0.608743,0.5327,0.537596
difficulty,0.0,42,42-30,0.0,0.0,0.483333,0.483333,0.0,0.266667,0.0,0.818231,0.36647,1.557888
difficulty,0.0,42,42-31,0.433333,0.483333,0.208333,0.691667,0.675,0.0,0.083333,0.481097,0.565751,0.433524
difficulty,0.0,42,42-32,0.375,0.508333,0.133333,0.641667,0.633333,0.0,0.1,0.462166,0.568518,0.437138
difficulty,0.0,42,42-33,0.3,0.5,0.066667,0.566667,0.566667,0.0,0.191667,0.421427,0.542472,0.505566
difficulty,0.0,42,42-34,0.558333,0.475,0.458333,0.933333,0.708333,0.008333,0.0,0.623732,0.570215,0.582653
difficulty,0.0,42,42-35,0.466667,0.116667,0.658333,0.775,0.466667,0.066667,0.0,0.716082,0.430238,0.974928
difficulty,0.0,42,42-36,0.441667,0.45,0.3,0.75,0.666667,0.0,0.025,0.515033,0.618055,0.444779
difficulty,0.0,42,42-37,0.266667,0.466667,0.025,0.491667,0.491667,0.0,0.183333,0.410624,0.555464,0.494716
difficulty,0.0,42,42-38,0.233333,0.441667,0.041667,0.483333,0.483333,0.0,0.2,0.404143,0.595161,0.514377
difficulty,0.0,42,42-39,0.591667,0.475,0.483333,0.958333,0.725,0.0,0.0,0.620823,0.607043,0.565061
difficulty,0.0,42,42-40,0.483333,0.358333,0.483333,0.841667,0.583333,0.025,0.0,0.659531,0.505602,0.738547
difficulty,0.0,42,42-41,0.541667,0.45,0.508333,0.958333,0.708333,0.0,0.0,0.619021,0.555034,0.574162
difficulty,0.0,42,42-42,0.383333,0.541667,0.066667,0.608333,0.608333,0.0,0.166667,0.440955,0.540519,0.453084
difficulty,0.0,42,42-43,0.541667,0.541667,0.391667,0.933333,0.833333,0.0,0.0,0.553679,0.648282,0.417445
difficulty,0.0,42,42-44,0.475,0.525,0.366667,0.891667,0.741667,0.0,0.0,0.553786,0.601149,0.462541
difficulty,0.0,42,42-45,0.5,0.533333,0.425,0.958333,0.791667,0.0,0.0,0.568691,0.56439,0.443548
difficulty,0.0,42,42-46,0.608333,0.283333,0.616667,0.9,0.625,0.008333,0.0,0.67059,0.494673,0.750366
difficulty,0.0,42,42-47,0.458333,0.475,0.45,0.925,0.708333,0.0,0.0,0.585747,0.51652,0.521941
difficulty,0.0,42,42-48,0.525,0.358333,0.55,0.908333,0.616667,0.025,0.0,0.654715,0.47727,0.704325
difficulty,0.0,42,42-49,0.5,0.516667,0.333333,0.85,0.741667,0.0,0.0,0.536292,0.642815,0.431174
difficulty,0.0,42,42-50,0.525,0.558333,0.4,0.958333,0.775,0.0,0.0,0.580378,0.567735,0.480999
difficulty,0.0,42,42-51,0.583333,0.425,0.491667,0.916667,0.675,0.008333,0.0,0.636057,0.52365,0.610342
difficulty,0.0,42,42-52,0.008333,0.3,0.0,0.3,0.3,0.0,0.391667,0.32835,0.455092,0.762034
difficulty,0.0,42,42-53,0.475,0.533333,0.208333,0.741667,0.733333,0.0,0.025,0.492961,0.545602,0.390852
difficulty,0.0,42,42-54,0.425,0.475,0.208333,0.683333,0.666667,0.0,0.066667,0.475336,0.542861,0.430945
difficulty,0.0,42,42-55,0.316667,0.466667,0.133333,0.6,0.591667,0.0,0.183333,0.437229,0.626572,0.517855
difficulty,0.0,42,42-56,0.508333,0.483333,0.316667,0.8,0.75,0.0,0.016667,0.520392,0.47927,0.430938
difficulty,0.0,42,42-57,0.233333,0.0,0.583333,0.583333,0.233333,0.225,0.0,0.777428,0.336915,1.322761
difficulty,0.0,42,42-58,0.208333,0.416667,0.033333,0.45,0.45,0.0,0.266667,0.394275,0.635926,0.56806
difficulty,0.0,42,42-59,0.525,0.25,0.558333,0.808333,0.533333,0.05,0.0,0.685562,0.497708,0.831391
difficulty,0.0,42,42-60,0.0,0.058333,0.0,0.058333,0.058333,0.0,0.566667,0.272372,0.512065,1.030854
difficulty,0.0,42,42-61,0.483333,0.533333,0.241667,0.775,0.725,0.0,0.033333,0.504273,0.487502,0.424713
difficulty,0.0,42,42-62,0.416667,0.425,0.425,0.85,0.683333,0.0,0.0,0.559895,0.603692,0.500165
difficulty,0.0,42,42-63,0.508333,0.383333,0.533333,0.916667,0.658333,0.008333,0.0,0.640185,0.502153,0.665313
difficulty,0.0,42,42-64,0.566667,0.375,0.558333,0.933333,0.683333,0.0,0.0,0.638939,0.55932,0.632485
difficulty,0.0,42,42-65,0.65,0.391667,0.541667,0.933333,0.7,0.008333,0.0,0.643371,0.569935,0.635896
difficulty,0.0,42,42-66,0.45,0.508333,0.2,0.708333,0.683333,0.0,0.025,0.48809,0.540543,0.410879
difficulty,0.0,42,42-67,0.416667,0.466667,0.2,0.666667,0.625,0.0,0.058333,0.480168,0.534433,0.442625
difficulty,0.0,42,42-68,0.541667,0.291667,0.541667,0.833333,0.566667,0.058333,0.0,0.676791,0.479064,0.794885
difficulty,0.0,42,42-69,0.433333,0.483333,0.258333,0.741667,0.691667,0.0,0.041667,0.500157,0.630166,0.448768
difficulty,0.0,42,42-70,0.016667,0.308333,0.0,0.308333,0.308333,0.0,0.408333,0.339153,0.536776,0.708358
difficulty,0.0,42,42-71,0.133333,0.4,0.0,0.4,0.4,0.0,0.316667,0.358694,0.57786,0.651004
difficulty,0.0,42,42-72,0.266667,0.525,0.008333,0.533333,0.533333,0.0,0.233333,0.410965,0.484266,0.497581
difficulty,0.0,42,42-73,0.55,0.433333,0.516667,0.95,0.675,0.0,0.0,0.623522,0.4928,0.576057
difficulty,0.0,42,42-74,0.483333,0.458333,0.433333,0.891667,0.683333,0.0,0.0,0.574196,0.530111,0.517005
difficulty,0.0,42,42-75,0.541667,0.333333,0.575,0.908333,0.608333,0.033333,0.0,0.660415,0.453671,0.721093
difficulty,0.0,42,42-76,0.383333,0.516667,0.166667,0.683333,0.666667,0.0,0.066667,0.475653,0.553696,0.414245
difficulty,0.0,42,42-77,0.483333,0.525,0.325,0.85,0.716667,0.0,0.0,0.551711,0.631647,0.459739
difficulty,0.0,42,42-78,0.566667,0.433333,0.5,0.933333,0.675,0.008333,0.0,0.63438,0.530889,0.610943
difficulty,0.0,42,42-79,0.458333,0.533333,0.216667,0.75,0.716667,0.0,0.033333,0.496178,0.557161,0.415041
difficulty,0.0,42,42-80,0.5,0.466667,0.466667,0.933333,0.716667,0.0,0.0,0.614717,0.519996,0.568098
difficulty,0.0,42,42-81,0.383333,0.45,0.116667,0.566667,0.566667,0.0,0.166667,0.436484,0.587662,0.487253
difficulty,0.0,42,42-82,0.466667,0.5,0.266667,0.766667,0.7,0.0,0.025,0.510651,0.463827,0.439159
difficulty,0.0,42,42-83,0.366667,0.416667,0.258333,0.675,0.633333,0.0,0.116667,0.477721,0.627186,0.485875
difficulty,0.0,42,42-84,0.083333,0.383333,0.0,0.383333,0.383333,0.0,0.333333,0.355089,0.517166,0.645866
difficulty,0.0,42,42-85,0.608333,0.458333,0.475,0.933333,0.758333,0.008333,0.0,0.611641,0.560972,0.553487
difficulty,0.0,42,42-86,0.375,0.45,0.183333,0.633333,0.625,0.0,0.1,0.460047,0.620257,0.447471
difficulty,0.0,42,42-87,0.566667,0.491667,0.416667,0.908333,0.791667,0.0,0.0,0.556736,0.486664,0.438544
difficulty,0.0,42,42-88,0.558333,0.416667,0.516667,0.933333,0.725,0.0,0.0,0.62456,0.493629,0.596366
difficulty,0.0,42,42-89,0.483333,0.516667,0.4,0.916667,0.708333,0.008333,0.0,0.592825,0.626475,0.510455
difficulty,0.0,42,42-90,0.55,0.375,0.55,0.925,0.633333,0.008333,0.0,0.644618,0.500332,0.645662
difficulty,0.0,42,42-91,0.483333,0.483333,0.358333,0.841667,0.716667,0.0,0.016667,0.544462,0.501552,0.469382
difficulty,0.0,42,42-92,0.358333,0.466667,0.141667,0.608333,0.591667,0.0,0.091667,0.456909,0.65221,0.441427
difficulty,0.0,42,42-93,0.441667,0.466667,0.316667,0.783333,0.7,0.0,0.016667,0.522643,0.597867,0.445575
difficulty,0.0,42,42-94,0.0,0.116667,0.0,0.116667,0.116667,0.0,0.566667,0.279298,0.513266,1.004545
difficulty,0.0,42,42-95,0.0,0.258333,0.0,0.258333,0.258333,0.0,0.458333,0.317762,0.500441,0.806835
difficulty,0.0,42,42-96,0.016667,0.25,0.0,0.25,0.25,0.0,0.4,0.323229,0.556421,0.777808
difficulty,0.0,42,42-97,0.191667,0.525,0.0,0.525,0.525,0.0,0.216667,0.391695,0.492809,0.507397
difficulty,0.0,42,42-98,0.533333,0.475,0.491667,0.966667,0.725,0.0,0.0,0.602184,0.538803,0.520376
difficulty,0.0,42,42-99,0.35,0.575,0.025,0.6,0.6,0.0,0.15,0.43771,0.377056,0.426989
difficulty,0.0,42,42-100,0.441667,0.491667,0.225,0.716667,0.7,0.0,0.066667,0.486701,0.54689,0.44472
difficulty,0.0,42,42-101,0.441667,0.066667,0.716667,0.783333,0.441667,0.066667,0.0,0.721087,0.477981,0.993358
difficulty,0.0,42,42-102,0.525,0.575,0.25,0.825,0.8,0.0,0.016667,0.510059,0.447265,0.398956
difficulty,0.0,42,42-103,0.583333,0.35,0.591667,0.941667,0.65,0.025,0.0,0.649271,0.522368,0.673597
difficulty,0.0,42,42-104,0.283333,0.483333,0.058333,0.541667,0.541667,0.0,0.183333,0.412513,0.46383,0.489112
difficulty,0.0,42,42-105,0.491667,0.475,0.316667,0.791667,0.7,0.0,0.025,0.524573,0.516971,0.456572
difficulty,0.0,42,42-106,0.216667,0.425,0.05,0.475,0.475,0.0,0.3,0.389595,0.568918,0.575323
difficulty,0.0,42,42-107,0.45,0.55,0.233333,0.783333,0.733333,0.0,0.041667,0.497274,0.533098,0.433098
difficulty,0.0,42,42-108,0.558333,0.291667,0.566667,0.858333,0.583333,0.025,0.0,0.672387,0.470915,0.764166
difficulty,0.0,42,42-109,0.0,0.058333,0.0,0.058333,0.058333,0.0,0.441667,0.297128,0.31812,0.89667
difficulty,0.0,42,42-110,0.45,0.441667,0.475,0.916667,0.7,0.0,0.0,0.595117,0.626467,0.550112
difficulty,0.0,42,42-111,0.466667,0.558333,0.4,0.958333,0.816667,0.0,0.0,0.563855,0.595925,0.4442
difficulty,0.0,42,42-112,0.383333,0.491667,0.1,0.591667,0.575,0.0,0.116667,0.449223,0.578302,0.450998
difficulty,0.0,42,42-113,0.0,0.233333,0.0,0.233333,0.233333,0.0,0.45,0.310099,0.541369,0.846265
difficulty,0.0,42,42-114,0.525,0.533333,0.333333,0.866667,0.808333,0.0,0.0,0.53565,0.635889,0.405247
difficulty,0.0,42,42-115,0.325,0.491667,0.116667,0.608333,0.591667,0.0,0.108333,0.448676,0.610534,0.451897
difficulty,0.0,42,42-116,0.466667,0.5,0.391667,0.891667,0.716667,0.0,0.0,0.575627,0.58401,0.505967
difficulty,0.0,42,42-117,0.5,0.483333,0.383333,0.866667,0.741667,0.0,0.016667,0.546251,0.568826,0.459111
difficulty,0.0,42,42-118,0.225,0.0,0.666667,0.666667,0.225,0.225,0.0,0.771549,0.393332,1.280669
difficulty,0.0,42,42-119,0.441667,0.483333,0.233333,0.716667,0.666667,0.0,0.058333,0.492028,0.636714,0.443734
difficulty,0.0,42,42-120,0.225,0.45,0.016667,0.466667,0.466667,0.0,0.258333,0.39107,0.517236,0.559508
difficulty,0.0,42,42-121,0.491667,0.483333,0.366667,0.85,0.708333,0.0,0.0,0.559126,0.624745,0.486624
difficulty,0.0,42,42-122,0.5,0.483333,0.45,0.933333,0.758333,0.0,0.0,0.574049,0.560712,0.485162
difficulty,0.0,42,42-123,0.425,0.0,0.716667,0.716667,0.425,0.075,0.0,0.733182,0.447515,1.06319
difficulty,0.0,42,42-124,0.6,0.308333,0.591667,0.9,0.625,0.016667,0.0,0.667376,0.4864,0.740548
difficulty,0.0,42,42-125,0.483333,0.483333,0.425,0.908333,0.733333,0.0,0.0,0.589403,0.596397,0.521822
difficulty,0.0,42,42-126,0.358333,0.0,0.691667,0.691667,0.358333,0.116667,0.0,0.743313,0.452383,1.116489
difficulty,0.0,42,42-127,0.133333,0.408333,0.0,0.408333,0.408333,0.0,0.358333,0.364427,0.525436,0.639888
difficulty,0.0,42,42-128,0.366667,0.45,0.175,0.625,0.616667,0.0,0.141667,0.456039,0.522059,0.487978
difficulty,0.0,42,42-129,0.266667,0.433333,0.058333,0.491667,0.491667,0.0,0.258333,0.399435,0.575861,0.56602
difficulty,0.0,42,42-130,0.466667,0.475,0.241667,0.716667,0.691667,0.0,0.058333,0.489009,0.531768,0.426199
difficulty,0.0,42,42-131,0.05,0.366667,0.0,0.366667,0.366667,0.0,0.375,0.339828,0.487312,0.721201
difficulty,0.0,42,42-132,0.575,0.458333,0.475,0.933333,0.716667,0.008333,0.0,0.626319,0.568472,0.579745
difficulty,0.0,42,42-133,0.416667,0.416667,0.291667,0.708333,0.616667,0.0,0.05,0.504264,0.60798,0.492202
difficulty,0.0,42,42-134,0.033333,0.225,0.0,0.225,0.225,0.0,0.45,0.312267,0.543182,0.84222
difficulty,0.0,42,42-135,0.175,0.425,0.0,0.425,0.425,0.0,0.3,0.378031,0.565134,0.592726
difficulty,0.0,42,42-136,0.5,0.416667,0.458333,0.875,0.683333,0.0,0.0,0.591132,0.564962,0.551169
difficulty,0.0,42,42-137,0.566667,0.341667,0.533333,0.875,0.608333,0.041667,0.0,0.662791,0.524493,0.730492
difficulty,0.0,42,42-138,0.0,0.0,0.55,0.55,0.0,0.258333,0.0,0.805804,0.369648,1.477503
difficulty,0.0,42,42-139,0.0,0.0,0.0,0.0,0.0,1.0,0.0,0.890854,0.232341,2.137345
difficulty,0.0,42,42-140,0.525,0.458333,0.491667,0.95,0.691667,0.0,0.0,0.606294,0.536572,0.546646
difficulty,0.0,42,42-141,0.25,0.533333,0.008333,0.541667,0.541667,0.0,0.166667,0.410356,0.412653,0.468825
difficulty,0.0,42,42-142,0.0,0.0,0.0,0.0,0.0,0.0,0.866667,0.221609,0.390106,1.309911
difficulty,0.0,42,42-143,0.575,0.491667,0.466667,0.958333,0.758333,0.0,0.0,0.601369,0.461296,0.532105
difficulty,0.0,42,42-144,0.325,0.516667,0.033333,0.55,0.55,0.0,0.208333,0.420546,0.532651,0.493168
difficulty,0.0,42,42-145,0.4,0.525,0.191667,0.716667,0.691667,0.0,0.1,0.478447,0.573269,0.457591
difficulty,0.0,42,42-146,0.375,0.5,0.125,0.625,0.616667,0.0,0.183333,0.440729,0.633274,0.499131
difficulty,0.0,42,42-147,0.466667,0.483333,0.341667,0.825,0.75,0.0,0.025,0.530919,0.531688,0.435747
difficulty,0.0,42,42-148,0.5,0.166667,0.625,0.791667,0.5,0.091667,0.0,0.706988,0.448667,0.940424
difficulty,0.0,42,42-149,0.483333,0.458333,0.5,0.958333,0.758333,0.0,0.0,0.583973,0.472505,0.50219
difficulty,0.0,42,42-150,0.541667,0.558333,0.316667,0.875,0.791667,0.0,0.0,0.540349,0.456753,0.424472
difficulty,0.0,42,42-151,0.2,0.475,0.008333,0.483333,0.483333,0.0,0.283333,0.386892,0.515877,0.555539
difficulty,0.0,42,42-152,0.0,0.075,0.0,0.075,0.075,0.0,0.591667,0.270476,0.56258,1.048385
difficulty,0.0,42,42-153,0.333333,0.458333,0.175,0.633333,0.591667,0.0,0.1,0.462161,0.605047,0.46874
difficulty,0.0,42,42-154,0.466667,0.541667,0.3,0.841667,0.758333,0.0,0.0,0.520699,0.619315,0.418293
difficulty,0.0,42,42-155,0.083333,0.0,0.541667,0.541667,0.083333,0.258333,0.0,0.794176,0.349718,1.411219
difficulty,0.0,42,42-156,0.433333,0.541667,0.308333,0.85,0.741667,0.0,0.0,0.53556,0.678974,0.431667
difficulty,0.0,42,42-157,0.541667,0.25,0.608333,0.858333,0.566667,0.066667,0.0,0.685402,0.507057,0.830317
difficulty,0.0,42,42-158,0.383333,0.508333,0.133333,0.641667,0.633333,0.0,0.133333,0.455362,0.612406,0.449804
difficulty,0.0,42,42-159,0.158333,0.416667,0.0,0.416667,0.416667,0.0,0.35,0.359702,0.558565,0.651541
difficulty,0.0,42,42-160,0.183333,0.458333,0.016667,0.475,0.475,0.0,0.266667,0.392001,0.525317,0.538996
difficulty,0.0,42,42-161,0.35,0.5,0.1,0.6,0.6,0.0,0.166667,0.434617,0.549211,0.479752
difficulty,0.0,42,42-162,0.0,0.0,0.483333,0.483333,0.0,0.275,0.0,0.820195,0.350622,1.576418
difficulty,0.0,42,42-163,0.283333,0.441667,0.066667,0.508333,0.508333,0.0,0.233333,0.406222,0.628005,0.552781
difficulty,0.0,42,42-164,0.6,0.3,0.625,0.925,0.641667,0.025,0.0,0.662508,0.526838,0.724275
difficulty,0.0,42,42-165,0.241667,0.55,0.008333,0.558333,0.558333,0.0,0.208333,0.408501,0.477187,0.474319
difficulty,0.0,42,42-166,0.483333,0.225,0.616667,0.841667,0.533333,0.025,0.0,0.688259,0.455756,0.841095
difficulty,0.0,42,42-167,0.566667,0.516667,0.475,0.991667,0.791667,0.0,0.0,0.59757,0.541192,0.501409
difficulty,0.0,42,42-168,0.533333,0.483333,0.358333,0.841667,0.758333,0.0,0.016667,0.534771,0.490564,0.440397
difficulty,0.0,42,42-169,0.45,0.441667,0.325,0.766667,0.675,0.0,0.008333,0.525384,0.611214,0.45219
difficulty,0.0,42,42-170,0.366667,0.533333,0.091667,0.625,0.625,0.0,0.091667,0.452476,0.488,0.415852
difficulty,0.0,42,42-171,0.516667,0.483333,0.458333,0.941667,0.758333,0.008333,0.0,0.596595,0.613154,0.533113
difficulty,0.0,42,42-172,0.483333,0.516667,0.191667,0.708333,0.708333,0.0,0.058333,0.480243,0.501477,0.405829
difficulty,0.0,42,42-173,0.108333,0.416667,0.0,0.416667,0.416667,0.0,0.341667,0.360119,0.513068,0.650775
difficulty,0.0,42,42-174,0.058333,0.35,0.0,0.35,0.35,0.0,0.358333,0.340956,0.53054,0.707965
difficulty,0.0,42,42-175,0.491667,0.491667,0.416667,0.908333,0.75,0.0,0.0,0.573181,0.528368,0.476767
difficulty,0.0,42,42-176,0.3,0.0,0.725,0.725,0.3,0.116667,0.0,0.752194,0.448481,1.153807
difficulty,0.0,42,42-177,0.541667,0.516667,0.425,0.941667,0.791667,0.0,0.0,0.570168,0.5316,0.454183
difficulty,0.0,42,42-178,0.475,0.55,0.291667,0.841667,0.741667,0.0,0.0,0.532219,0.523968,0.446559
difficulty,0.0,42,42-179,0.525,0.483333,0.4,0.883333,0.733333,0.0,0.0,0.588039,0.557123,0.535491
difficulty,0.0,42,42-180,0.433333,0.066667,0.625,0.691667,0.433333,0.133333,0.0,0.733816,0.439472,1.076445
difficulty,0.0,42,42-181,0.558333,0.516667,0.408333,0.925,0.783333,0.0,0.0,0.571087,0.560805,0.458477
difficulty,0.0,42,42-182,0.433333,0.5,0.141667,0.641667,0.625,0.0,0.058333,0.470316,0.579065,0.414165
difficulty,0.0,42,42-183,0.533333,0.183333,0.65,0.833333,0.533333,0.033333,0.0,0.693895,0.507228,0.859279
difficulty,0.0,42,42-184,0.533333,0.466667,0.483333,0.95,0.75,0.008333,0.0,0.598549,0.571537,0.525277
difficulty,0.0,42,42-185,0.325,0.0,0.691667,0.691667,0.325,0.15,0.0,0.753642,0.435806,1.169787
difficulty,0.0,42,42-186,0.525,0.475,0.441667,0.916667,0.758333,0.0,0.0,0.581577,0.493304,0.488267
difficulty,0.0,42,42-187,0.075,0.391667,0.0,0.391667,0.391667,0.0,0.325,0.349569,0.53737,0.673272
difficulty,0.0,42,42-188,0.008333,0.275,0.0,0.275,0.275,0.0,0.425,0.327459,0.52178,0.760943
difficulty,0.0,42,42-189,0.283333,0.0,0.783333,0.783333,0.283333,0.125,0.0,0.747999,0.502904,1.131345
difficulty,0.0,42,42-190,0.108333,0.0,0.625,0.625,0.108333,0.208333,0.0,0.779547,0.391116,1.316653
difficulty,0.0,42,42-191,0.5,0.475,0.35,0.825,0.725,0.0,0.025,0.536116,0.47588,0.451314
difficulty,0.0,42,42-192,0.391667,0.458333,0.2,0.658333,0.608333,0.0,0.133333,0.466555,0.68872,0.503254
difficulty,0.0,42,42-193,0.425,0.0,0.741667,0.741667,0.425,0.108333,0.0,0.734643,0.493965,1.073685
difficulty,0.0,42,42-194,0.125,0.433333,0.0,0.433333,0.433333,0.0,0.308333,0.375365,0.497623,0.578999
difficulty,0.0,42,42-195,0.275,0.575,0.008333,0.583333,0.583333,0.0,0.183333,0.414541,0.484822,0.473748
difficulty,0.0,42,42-196,0.591667,0.416667,0.533333,0.95,0.683333,0.008333,0.0,0.637494,0.509118,0.617461
difficulty,0.0,42,42-197,0.475,0.491667,0.258333,0.75,0.725,0.0,0.066667,0.496795,0.51032,0.446955
difficulty,0.0,42,42-198,0.433333,0.525,0.325,0.85,0.733333,0.0,0.0,0.535063,0.575325,0.428911
difficulty,0.0,42,42-199,0.491667,0.533333,0.258333,0.791667,0.725,0.0,0.008333,0.518482,0.558965,0.430247
difficulty,0.0,137,137-0,0.266667,0.475,0.066667,0.541667,0.541667,0.0,0.166667,0.414819,0.543085,0.494311
difficulty,0.0,137,137-1,0.325,0.491667,0.091667,0.583333,0.583333,0.0,0.183333,0.424445,0.606619,0.511186
difficulty,0.0,137,137-2,0.383333,0.508333,0.116667,0.625,0.625,0.0,0.133333,0.447851,0.543819,0.461116
difficulty,0.0,137,137-3,0.5,0.466667,0.358333,0.825,0.691667,0.0,0.0,0.550668,0.556622,0.494593
difficulty,0.0,137,137-4,0.366667,0.475,0.125,0.6,0.591667,0.0,0.091667,0.451371,0.563344,0.427789
difficulty,0.0,137,137-5,0.225,0.5,0.0,0.5,0.5,0.0,0.233333,0.399556,0.435684,0.490456
difficulty,0.0,137,137-6,0.541667,0.491667,0.441667,0.933333,0.775,0.0,0.0,0.588847,0.490835,0.507538
difficulty,0.0,137,137-7,0.308333,0.458333,0.108333,0.566667,0.558333,0.0,0.141667,0.435427,0.597424,0.505249
difficulty,0.0,137,137-8,0.0,0.0,0.0,0.0,0.0,0.0,0.791667,0.225222,0.555448,1.296986
difficulty,0.0,137,137-9,0.0,0.0,0.591667,0.591667,0.0,0.225,0.0,0.798348,0.387181,1.424616
difficulty,0.0,137,137-10,0.225,0.0,0.625,0.625,0.225,0.183333,0.0,0.767422,0.415922,1.255599
difficulty,0.0,137,137-11,0.15,0.325,0.008333,0.333333,0.333333,0.0,0.341667,0.358211,0.670435,0.673619
difficulty,0.0,137,137-12,0.4,0.483333,0.166667,0.65,0.625,0.0,0.066667,0.470295,0.636016,0.430291
difficulty,0.0,137,137-13,0.458333,0.516667,0.341667,0.858333,0.725,0.0,0.0,0.545586,0.523216,0.468218
difficulty,0.0,137,137-14,0.525,0.258333,0.55,0.808333,0.533333,0.066667,0.0,0.687769,0.492717,0.847997
difficulty,0.0,137,137-15,0.0,0.0,0.0,0.0,0.0,0.0,1.0,0.154676,0.400185,1.762637
difficulty,0.0,137,137-16,0.258333,0.516667,0.025,0.541667,0.541667,0.0,0.2,0.411159,0.535835,0.4899
difficulty,0.0,137,137-17,0.483333,0.516667,0.416667,0.933333,0.775,0.0,0.0,0.570667,0.53609,0.472214
difficulty,0.0,137,137-18,0.0,0.008333,0.0,0.008333,0.008333,0.0,0.591667,0.265117,0.444247,1.075105
difficulty,0.0,137,137-19,0.3,0.45,0.116667,0.566667,0.558333,0.0,0.191667,0.426875,0.644577,0.504041
difficulty,0.0,137,137-20,0.441667,0.491667,0.216667,0.708333,0.675,0.0,0.05,0.485926,0.604077,0.434812
difficulty,0.0,137,137-21,0.425,0.5,0.183333,0.683333,0.666667,0.0,0.083333,0.476619,0.548297,0.428439
difficulty,0.0,137,137-22,0.166667,0.466667,0.008333,0.475,0.475,0.0,0.258333,0.380636,0.53083,0.572231
difficulty,0.0,137,137-23,0.566667,0.208333,0.633333,0.841667,0.566667,0.025,0.0,0.687278,0.507605,0.82774
difficulty,0.0,137,137-24,0.333333,0.458333,0.133333,0.591667,0.583333,0.0,0.133333,0.445598,0.601751,0.475753
difficulty,0.0,137,137-25,0.533333,0.283333,0.558333,0.841667,0.566667,0.033333,0.0,0.6781,0.429008,0.796082
difficulty,0.0,137,137-26,0.425,0.541667,0.191667,0.733333,0.716667,0.0,0.066667,0.483511,0.573277,0.426918
difficulty,0.0,137,137-27,0.533333,0.533333,0.425,0.958333,0.783333,0.0,0.0,0.574137,0.508465,0.463224
difficulty,0.0,137,137-28,0.491667,0.483333,0.241667,0.725,0.691667,0.0,0.05,0.500706,0.444773,0.424213
difficulty,0.0,137,137-29,0.466667,0.15,0.625,0.775,0.466667,0.083333,0.0,0.714478,0.391754,0.970108
difficulty,0.0,137,137-30,0.508333,0.525,0.4,0.925,0.775,0.016667,0.0,0.587319,0.557855,0.498792
difficulty,0.0,137,137-31,0.208333,0.483333,0.016667,0.5,0.5,0.0,0.216667,0.402524,0.484198,0.503826
difficulty,0.0,137,137-32,0.616667,0.416667,0.55,0.966667,0.725,0.0,0.0,0.634778,0.579459,0.608233
difficulty,0.0,137,137-33,0.0,0.0,0.0,0.0,0.0,0.675,0.0,0.878017,0.238304,2.031655
difficulty,0.0,137,137-34,0.0,0.025,0.0,0.025,0.025,0.0,0.591667,0.268498,0.481802,1.048561
difficulty,0.0,137,137-35,0.458333,0.508333,0.333333,0.841667,0.716667,0.0,0.008333,0.534307,0.543866,0.42923
difficulty,0.0,137,137-36,0.516667,0.483333,0.341667,0.825,0.741667,0.0,0.033333,0.535911,0.621506,0.443679
difficulty,0.0,137,137-37,0.5,0.508333,0.333333,0.841667,0.766667,0.0,0.033333,0.529846,0.506805,0.455974
difficulty,0.0,137,137-38,0.591667,0.316667,0.575,0.891667,0.616667,0.016667,0.0,0.660878,0.569579,0.706821
difficulty,0.0,137,137-39,0.458333,0.491667,0.283333,0.775,0.708333,0.0,0.033333,0.517608,0.548876,0.450494
difficulty,0.0,137,137-40,0.516667,0.283333,0.566667,0.85,0.558333,0.041667,0.0,0.678045,0.46504,0.799338
difficulty,0.0,137,137-41,0.566667,0.441667,0.491667,0.933333,0.675,0.008333,0.0,0.634163,0.535499,0.617945
difficulty,0.0,137,137-42,0.166667,0.458333,0.008333,0.466667,0.466667,0.0,0.25,0.384022,0.547091,0.551683
difficulty,0.0,137,137-43,0.1,0.441667,0.0,0.441667,0.441667,0.0,0.308333,0.372628,0.489406,0.568992
difficulty,0.0,137,137-44,0.1,0.0,0.575,0.575,0.1,0.266667,0.0,0.791471,0.372663,1.398116
difficulty,0.0,137,137-45,0.416667,0.516667,0.25,0.766667,0.691667,0.0,0.033333,0.509115,0.587524,0.427086
difficulty,0.0,137,137-46,0.525,0.491667,0.4,0.891667,0.758333,0.0,0.0,0.556655,0.567468,0.463159
difficulty,0.0,137,137-47,0.266667,0.0,0.716667,0.716667,0.266667,0.125,0.0,0.753055,0.438076,1.159629
difficulty,0.0,137,137-48,0.641667,0.45,0.508333,0.958333,0.708333,0.0,0.0,0.628833,0.553298,0.569624
difficulty,0.0,137,137-49,0.333333,0.475,0.1,0.575,0.575,0.0,0.116667,0.439537,0.583406,0.459431
difficulty,0.0,137,137-50,0.441667,0.466667,0.275,0.741667,0.7,0.0,0.05,0.49834,0.541475,0.435441
difficulty,0.0,137,137-51,0.55,0.2,0.633333,0.833333,0.55,0.075,0.0,0.691543,0.521671,0.860322
difficulty,0.0,137,137-52,0.4,0.025,0.733333,0.758333,0.4,0.091667,0.0,0.729841,0.473278,1.040525
difficulty,0.0,137,137-53,0.433333,0.533333,0.225,0.758333,0.708333,0.0,0.058333,0.496757,0.564141,0.446031
difficulty,0.0,137,137-54,0.433333,0.0,0.733333,0.733333,0.433333,0.075,0.0,0.726471,0.461469,1.020199
difficulty,0.0,137,137-55,0.458333,0.5,0.2,0.7,0.683333,0.0,0.041667,0.483252,0.554384,0.429948
difficulty,0.0,137,137-56,0.475,0.475,0.416667,0.891667,0.741667,0.0,0.0,0.565153,0.581847,0.466052
difficulty,0.0,137,137-57,0.2,0.45,0.0,0.45,0.45,0.0,0.283333,0.377149,0.37428,0.576859
difficulty,0.0,137,137-58,0.458333,0.491667,0.291667,0.783333,0.708333,0.0,0.041667,0.514165,0.548057,0.442876
difficulty,0.0,137,137-59,0.566667,0.483333,0.491667,0.975,0.758333,0.0,0.0,0.606743,0.57258,0.525236
difficulty,0.0,137,137-60,0.558333,0.466667,0.475,0.941667,0.741667,0.0,0.0,0.607073,0.514544,0.548987
difficulty,0.0,137,137-61,0.608333,0.366667,0.55,0.916667,0.666667,0.025,0.0,0.645647,0.540889,0.644619
difficulty,0.0,137,137-62,0.275,0.5,0.05,0.55,0.55,0.0,0.2,0.418351,0.61171,0.492705
difficulty,0.0,137,137-63,0.441667,0.466667,0.266667,0.733333,0.658333,0.0,0.033333,0.507666,0.607414,0.460373
difficulty,0.0,137,137-64,0.458333,0.483333,0.35,0.833333,0.708333,0.0,0.016667,0.538639,0.529696,0.475313
difficulty,0.0,137,137-65,0.158333,0.0,0.666667,0.666667,0.158333,0.216667,0.0,0.773156,0.426564,1.30141
difficulty,0.0,137,137-66,0.05,0.316667,0.0,0.316667,0.316667,0.0,0.408333,0.336021,0.618482,0.735461
difficulty,0.0,137,137-67,0.416667,0.45,0.283333,0.733333,0.633333,0.0,0.033333,0.506918,0.538435,0.473845
difficulty,0.0,137,137-68,0.525,0.491667,0.35,0.841667,0.766667,0.0,0.008333,0.537199,0.502461,0.441545
difficulty,0.0,137,137-69,0.0,0.0,0.0,0.0,0.0,1.0,0.0,0.905013,0.207252,2.293371
difficulty,0.0,137,137-70,0.55,0.475,0.458333,0.933333,0.733333,0.008333,0.0,0.618751,0.606445,0.578883
difficulty,0.0,137,137-71,0.533333,0.541667,0.341667,0.883333,0.8,0.0,0.0,0.539905,0.522323,0.413286
difficulty,0.0,137,137-72,0.441667,0.475,0.383333,0.858333,0.691667,0.0,0.0,0.551642,0.550977,0.479859
difficulty,0.0,137,137-73,0.0,0.108333,0.0,0.108333,0.108333,0.0,0.516667,0.293023,0.505543,0.929893
difficulty,0.0,137,137-74,0.416667,0.441667,0.375,0.816667,0.658333,0.0,0.0,0.568334,0.54985,0.548128
difficulty,0.0,137,137-75,0.491667,0.066667,0.708333,0.775,0.491667,0.066667,0.0,0.713909,0.509249,0.96186
difficulty,0.0,137,137-76,0.525,0.575,0.291667,0.866667,0.816667,0.0,0.0,0.522014,0.489202,0.396032
difficulty,0.0,137,137-77,0.45,0.491667,0.191667,0.683333,0.675,0.0,0.05,0.475313,0.513259,0.412282
difficulty,0.0,137,137-78,0.416667,0.466667,0.241667,0.708333,0.65,0.0,0.058333,0.49404,0.575892,0.453332
difficulty,0.0,137,137-79,0.566667,0.391667,0.483333,0.875,0.641667,0.058333,0.0,0.655031,0.560197,0.709345
difficulty,0.0,137,137-80,0.566667,0.45,0.508333,0.958333,0.725,0.0,0.0,0.618855,0.583867,0.556851
difficulty,0.0,137,137-81,0.508333,0.158333,0.658333,0.816667,0.508333,0.05,0.0,0.70044,0.489711,0.892247
difficulty,0.0,137,137-82,0.516667,0.516667,0.45,0.966667,0.791667,0.0,0.0,0.575895,0.520956,0.468051
difficulty,0.0,137,137-83,0.616667,0.425,0.5,0.925,0.683333,0.008333,0.0,0.635505,0.579371,0.602199
difficulty,0.0,137,137-84,0.233333,0.5,0.016667,0.516667,0.516667,0.0,0.2,0.40486,0.519689,0.490353
difficulty,0.0,137,137-85,0.45,0.483333,0.333333,0.816667,0.675,0.0,0.0,0.550901,0.64181,0.488811
difficulty,0.0,137,137-86,0.183333,0.408333,0.008333,0.416667,0.416667,0.0,0.316667,0.376712,0.535903,0.619747
difficulty,0.0,137,137-87,0.291667,0.475,0.091667,0.566667,0.566667,0.0,0.158333,0.427999,0.619835,0.488962
difficulty,0.0,137,137-88,0.225,0.466667,0.05,0.516667,0.516667,0.0,0.266667,0.398197,0.593328,0.560375
difficulty,0.0,137,137-89,0.458333,0.483333,0.3,0.783333,0.708333,0.0,0.008333,0.518466,0.593509,0.44607
difficulty,0.0,137,137-90,0.508333,0.158333,0.658333,0.816667,0.508333,0.066667,0.0,0.701629,0.462548,0.901848
difficulty,0.0,137,137-91,0.566667,0.533333,0.466667,1.0,0.783333,0.0,0.0,0.596726,0.547672,0.477965
difficulty,0.0,137,137-92,0.158333,0.375,0.0,0.375,0.375,0.0,0.35,0.362923,0.595535,0.656236
difficulty,0.0,137,137-93,0.475,0.433333,0.425,0.858333,0.625,0.025,0.0,0.630472,0.564303,0.649734
difficulty,0.0,137,137-94,0.0,0.0,0.441667,0.441667,0.0,0.275,0.0,0.82445,0.351238,1.601146
difficulty,0.0,137,137-95,0.375,0.033333,0.65,0.683333,0.375,0.116667,0.0,0.741712,0.414846,1.117874
difficulty,0.0,137,137-96,0.566667,0.416667,0.5,0.916667,0.691667,0.008333,0.0,0.634589,0.59266,0.630119
difficulty,0.0,137,137-97,0.566667,0.075,0.766667,0.841667,0.566667,0.016667,0.0,0.696659,0.534586,0.865824
difficulty,0.0,137,137-98,0.483333,0.108333,0.658333,0.766667,0.483333,0.091667,0.0,0.714889,0.485552,0.972516
difficulty,0.0,137,137-99,0.508333,0.408333,0.516667,0.925,0.641667,0.0,0.0,0.625159,0.4238,0.616713
difficulty,0.0,137,137-100,0.408333,0.45,0.233333,0.683333,0.633333,0.0,0.075,0.489474,0.585238,0.450747
difficulty,0.0,137,137-101,0.0,0.0,0.45,0.45,0.0,0.308333,0.0,0.819588,0.341774,1.570522
difficulty,0.0,137,137-102,0.558333,0.541667,0.45,0.991667,0.8,0.0,0.0,0.586861,0.572228,0.469618
difficulty,0.0,137,137-103,0.416667,0.066667,0.691667,0.758333,0.416667,0.083333,0.0,0.729387,0.433847,1.038401
difficulty,0.0,137,137-104,0.458333,0.466667,0.35,0.816667,0.675,0.0,0.008333,0.545324,0.57383,0.491984
difficulty,0.0,137,137-105,0.0,0.0,0.433333,0.433333,0.0,0.325,0.0,0.826502,0.338499,1.626517
difficulty,0.0,137,137-106,0.0,0.0,0.0,0.0,0.0,0.0,1.0,0.123058,0.173158,1.999151
difficulty,0.0,137,137-107,0.458333,0.508333,0.258333,0.766667,0.708333,0.0,0.016667,0.508121,0.529552,0.421806
difficulty,0.0,137,137-108,0.0,0.0,0.0,0.0,0.0,0.0,1.0,0.126225,0.190544,1.97352
difficulty,0.0,137,137-109,0.2,0.0,0.641667,0.641667,0.2,0.191667,0.0,0.771392,0.416679,1.276487
difficulty,0.0,137,137-110,0.291667,0.425,0.125,0.55,0.533333,0.0,0.15,0.434809,0.641637,0.477285
difficulty,0.0,137,137-111,0.466667,0.091667,0.691667,0.783333,0.466667,0.091667,0.0,0.716247,0.491292,0.97649
difficulty,0.0,137,137-112,0.375,0.425,0.258333,0.683333,0.616667,0.0,0.1,0.481604,0.537038,0.489683
difficulty,0.0,137,137-113,0.333333,0.516667,0.091667,0.608333,0.608333,0.0,0.125,0.439183,0.56077,0.447752
difficulty,0.0,137,137-114,0.433333,0.475,0.233333,0.708333,0.675,0.0,0.083333,0.487349,0.553664,0.452949
difficulty,0.0,137,137-115,0.466667,0.525,0.241667,0.766667,0.741667,0.0,0.033333,0.499543,0.558046,0.394643
difficulty,0.0,137,137-116,0.458333,0.058333,0.691667,0.75,0.458333,0.058333,0.0,0.72629,0.432365,1.02357
difficulty,0.0,137,137-117,0.3,0.475,0.075,0.55,0.55,0.0,0.15,0.427973,0.596278,0.469379
difficulty,0.0,137,137-118,0.0,0.008333,0.0,0.008333,0.008333,0.0,0.658333,0.256929,0.449251,1.109646
difficulty,0.0,137,137-119,0.425,0.5,0.233333,0.733333,0.675,0.0,0.075,0.48976,0.620859,0.468862
difficulty,0.0,137,137-120,0.0,0.0,0.6,0.6,0.0,0.208333,0.0,0.795614,0.402415,1.410335
difficulty,0.0,137,137-121,0.0,0.0,0.308333,0.308333,0.0,0.383333,0.0,0.837442,0.305869,1.695656
difficulty,0.0,137,137-122,0.516667,0.433333,0.458333,0.891667,0.691667,0.0,0.0,0.577708,0.479642,0.509924
difficulty,0.0,137,137-123,0.075,0.408333,0.0,0.408333,0.408333,0.0,0.291667,0.361321,0.418441,0.613508
difficulty,0.0,137,137-124,0.0,0.225,0.0,0.225,0.225,0.0,0.483333,0.306699,0.455599,0.862211
difficulty,0.0,137,137-125,0.525,0.5,0.433333,0.933333,0.791667,0.0,0.0,0.566061,0.506366,0.453437
difficulty,0.0,137,137-126,0.508333,0.483333,0.4,0.883333,0.733333,0.0,0.0,0.577358,0.565538,0.512962
difficulty,0.0,137,137-127,0.333333,0.475,0.075,0.55,0.55,0.0,0.183333,0.41933,0.501704,0.509956
difficulty,0.0,137,137-128,0.441667,0.541667,0.266667,0.808333,0.741667,0.0,0.016667,0.51361,0.577128,0.423386
difficulty,0.0,137,137-129,0.533333,0.225,0.608333,0.833333,0.533333,0.025,0.0,0.685671,0.499609,0.823147
difficulty,0.0,137,137-130,0.458333,0.5,0.35,0.85,0.708333,0.0,0.033333,0.539745,0.50132,0.488866
difficulty,0.0,137,137-131,0.466667,0.466667,0.275,0.741667,0.675,0.0,0.033333,0.506848,0.530817,0.447417
difficulty,0.0,137,137-132,0.516667,0.35,0.558333,0.908333,0.633333,0.008333,0.0,0.650563,0.446856,0.684197
difficulty,0.0,137,137-133,0.158333,0.441667,0.0,0.441667,0.441667,0.0,0.316667,0.363843,0.552237,0.635229
difficulty,0.0,137,137-134,0.516667,0.458333,0.433333,0.891667,0.725,0.0,0.0,0.570523,0.546178,0.503433
difficulty,0.0,137,137-135,0.55,0.541667,0.408333,0.95,0.8,0.0,0.0,0.580797,0.588652,0.459612
difficulty,0.0,137,137-136,0.508333,0.541667,0.35,0.891667,0.808333,0.0,0.0,0.538659,0.571043,0.416926
difficulty,0.0,137,137-137,0.508333,0.533333,0.308333,0.841667,0.758333,0.0,0.008333,0.531398,0.409624,0.437168
difficulty,0.0,137,137-138,0.516667,0.516667,0.333333,0.85,0.766667,0.0,0.016667,0.53589,0.56914,0.436898
difficulty,0.0,137,137-139,0.516667,0.191667,0.591667,0.783333,0.516667,0.091667,0.0,0.704095,0.46652,0.923945
difficulty,0.0,137,137-140,0.0,0.0,0.0,0.0,0.0,0.0,1.0,0.185869,0.362055,1.532029
difficulty,0.0,137,137-141,0.6,0.3,0.558333,0.858333,0.6,0.058333,0.0,0.67928,0.509481,0.7955
difficulty,0.0,137,137-142,0.466667,0.483333,0.35,0.833333,0.708333,0.0,0.0,0.539238,0.541475,0.462268
difficulty,0.0,137,137-143,0.391667,0.508333,0.125,0.633333,0.633333,0.0,0.116667,0.457837,0.534732,0.445287
difficulty,0.0,137,137-144,0.433333,0.541667,0.35,0.891667,0.75,0.0,0.0,0.551974,0.646887,0.440335
difficulty,0.0,137,137-145,0.5,0.366667,0.533333,0.9,0.633333,0.008333,0.0,0.64955,0.472533,0.68789
difficulty,0.0,137,137-146,0.583333,0.291667,0.575,0.866667,0.608333,0.025,0.0,0.672885,0.528374,0.767503
difficulty,0.0,137,137-147,0.483333,0.516667,0.208333,0.725,0.716667,0.0,0.041667,0.490013,0.520023,0.415154
difficulty,0.0,137,137-148,0.316667,0.458333,0.108333,0.566667,0.566667,0.0,0.175,0.429369,0.512938,0.503838
difficulty,0.0,137,137-149,0.541667,0.533333,0.35,0.883333,0.825,0.0,0.0,0.541226,0.587244,0.397404
difficulty,0.0,137,137-150,0.166667,0.483333,0.008333,0.491667,0.491667,0.0,0.25,0.390983,0.473677,0.514678
difficulty,0.0,137,137-151,0.091667,0.0,0.591667,0.591667,0.091667,0.241667,0.0,0.784705,0.360123,1.351208
difficulty,0.0,137,137-152,0.0,0.0,0.0,0.0,0.0,1.0,0.0,0.939806,0.136769,2.775126
difficulty,0.0,137,137-153,0.258333,0.483333,0.058333,0.541667,0.541667,0.0,0.183333,0.415401,0.485342,0.4835
difficulty,0.0,137,137-154,0.108333,0.0,0.583333,0.583333,0.108333,0.25,0.0,0.786892,0.354151,1.366954
difficulty,0.0,137,137-155,0.575,0.383333,0.541667,0.925,0.675,0.0,0.0,0.637227,0.563769,0.615141
difficulty,0.0,137,137-156,0.483333,0.475,0.375,0.85,0.733333,0.0,0.016667,0.543168,0.552775,0.466584
difficulty,0.0,137,137-157,0.566667,0.308333,0.558333,0.866667,0.608333,0.058333,0.0,0.676026,0.531941,0.789539
difficulty,0.0,137,137-158,0.566667,0.216667,0.65,0.866667,0.566667,0.041667,0.0,0.684925,0.489751,0.821015
difficulty,0.0,137,137-159,0.433333,0.475,0.416667,0.891667,0.675,0.008333,0.0,0.597477,0.581811,0.568812
difficulty,0.0,137,137-160,0.291667,0.416667,0.125,0.541667,0.533333,0.0,0.166667,0.426759,0.682812,0.511003
difficulty,0.0,137,137-161,0.533333,0.55,0.391667,0.941667,0.808333,0.0,0.0,0.563693,0.546821,0.419693
difficulty,0.0,137,137-162,0.216667,0.483333,0.0,0.483333,0.483333,0.0,0.266667,0.382207,0.495596,0.573516
difficulty,0.0,137,137-163,0.616667,0.475,0.458333,0.933333,0.708333,0.016667,0.0,0.629323,0.582334,0.583616
difficulty,0.0,137,137-164,0.475,0.45,0.308333,0.758333,0.666667,0.0,0.033333,0.516697,0.505944,0.453047
difficulty,0.0,137,137-165,0.491667,0.15,0.65,0.8,0.491667,0.066667,0.0,0.705909,0.441483,0.926555
difficulty,0.0,137,137-166,0.483333,0.483333,0.383333,0.866667,0.683333,0.0,0.0,0.559759,0.576507,0.497499
difficulty,0.0,137,137-167,0.525,0.483333,0.383333,0.866667,0.75,0.0,0.0,0.549181,0.461468,0.461406
difficulty,0.0,137,137-168,0.258333,0.45,0.05,0.5,0.5,0.0,0.266667,0.399351,0.663083,0.575633
difficulty,0.0,137,137-169,0.525,0.458333,0.508333,0.966667,0.716667,0.008333,0.0,0.617341,0.569325,0.554628
difficulty,0.0,137,137-170,0.508333,0.466667,0.458333,0.925,0.733333,0.0,0.0,0.58418,0.544493,0.511339
difficulty,0.0,137,137-171,0.5,0.533333,0.275,0.808333,0.766667,0.0,0.025,0.511521,0.493696,0.41768
difficulty,0.0,137,137-172,0.491667,0.45,0.391667,0.841667,0.691667,0.0,0.025,0.555833,0.523991,0.500262
difficulty,0.0,137,137-173,0.6,0.183333,0.691667,0.875,0.6,0.033333,0.0,0.683797,0.482389,0.809223
difficulty,0.0,137,137-174,0.458333,0.525,0.266667,0.791667,0.741667,0.0,0.033333,0.510839,0.581925,0.43151
difficulty,0.0,137,137-175,0.291667,0.583333,0.016667,0.6,0.6,0.0,0.2,0.418338,0.43531,0.468404
difficulty,0.0,137,137-176,0.5,0.341667,0.558333,0.9,0.6,0.033333,0.0,0.654045,0.471101,0.699398
difficulty,0.0,137,137-177,0.5,0.458333,0.458333,0.916667,0.691667,0.0,0.0,0.584078,0.513571,0.516862
difficulty,0.0,137,137-178,0.075,0.316667,0.0,0.316667,0.316667,0.0,0.441667,0.328043,0.601166,0.790082
difficulty,0.0,137,137-179,0.0,0.0,0.0,0.0,0.0,1.0,0.0,0.888748,0.230346,2.125033
difficulty,0.0,137,137-180,0.325,0.425,0.166667,0.591667,0.583333,0.0,0.141667,0.441849,0.681355,0.50817
difficulty,0.0,137,137-181,0.516667,0.491667,0.35,0.841667,0.758333,0.0,0.0,0.53798,0.512607,0.427496
difficulty,0.0,137,137-182,0.0,0.283333,0.0,0.283333,0.283333,0.0,0.408333,0.321857,0.423032,0.788747
difficulty,0.0,137,137-183,0.475,0.491667,0.283333,0.775,0.7,0.0,0.008333,0.521415,0.559569,0.441206
difficulty,0.0,137,137-184,0.316667,0.491667,0.108333,0.6,0.591667,0.0,0.125,0.442945,0.528035,0.461311
difficulty,0.0,137,137-185,0.441667,0.5,0.191667,0.691667,0.691667,0.0,0.1,0.472644,0.498211,0.437954
difficulty,0.0,137,137-186,0.15,0.441667,0.0,0.441667,0.441667,0.0,0.325,0.368745,0.507644,0.604575
difficulty,0.0,137,137-187,0.375,0.425,0.208333,0.633333,0.608333,0.0,0.116667,0.469599,0.649049,0.478913
difficulty,0.0,137,137-188,0.358333,0.483333,0.15,0.633333,0.616667,0.0,0.141667,0.455654,0.587683,0.478875
difficulty,0.0,137,137-189,0.341667,0.491667,0.125,0.616667,0.616667,0.0,0.141667,0.444079,0.553027,0.456592
difficulty,0.0,137,137-190,0.391667,0.508333,0.141667,0.65,0.65,0.0,0.1,0.462036,0.465758,0.423692
difficulty,0.0,137,137-191,0.033333,0.308333,0.0,0.308333,0.308333,0.0,0.425,0.331803,0.571352,0.7446
difficulty,0.0,137,137-192,0.0,0.0,0.0,0.0,0.0,0.0,0.741667,0.239695,0.478984,1.205469
difficulty,0.0,137,137-193,0.35,0.475,0.108333,0.583333,0.583333,0.0,0.191667,0.432129,0.648098,0.511152
difficulty,0.0,137,137-194,0.075,0.0,0.566667,0.566667,0.075,0.258333,0.0,0.793269,0.377194,1.404754
difficulty,0.0,137,137-195,0.575,0.466667,0.491667,0.958333,0.725,0.008333,0.0,0.617103,0.537712,0.547085
difficulty,0.0,137,137-196,0.425,0.475,0.183333,0.658333,0.641667,0.0,0.083333,0.469884,0.55656,0.444316
difficulty,0.0,137,137-197,0.108333,0.375,0.0,0.375,0.375,0.0,0.341667,0.35244,0.556685,0.678657
difficulty,0.0,137,137-198,0.5,0.475,0.375,0.85,0.783333,0.0,0.016667,0.534395,0.476121,0.426392
difficulty,0.0,137,137-199,0.533333,0.475,0.416667,0.891667,0.75,0.0,0.0,0.560459,0.496427,0.459498
difficulty,0.0,369,369-0,0.508333,0.541667,0.358333,0.9,0.775,0.0,0.0,0.569878,0.582119,0.458309
difficulty,0.0,369,369-1,0.458333,0.55,0.283333,0.833333,0.766667,0.0,0.0,0.525829,0.66141,0.434216
difficulty,0.0,369,369-2,0.5,0.141667,0.641667,0.783333,0.5,0.075,0.0,0.707304,0.512125,0.935449
difficulty,0.0,369,369-3,0.333333,0.516667,0.083333,0.6,0.583333,0.0,0.141667,0.44199,0.528569,0.466808
difficulty,0.0,369,369-4,0.6,0.5,0.425,0.925,0.825,0.016667,0.0,0.581444,0.527963,0.478956
difficulty,0.0,369,369-5,0.491667,0.483333,0.433333,0.916667,0.725,0.0,0.0,0.5766,0.577024,0.498103
difficulty,0.0,369,369-6,0.375,0.508333,0.116667,0.625,0.625,0.0,0.133333,0.448682,0.486006,0.463027
difficulty,0.0,369,369-7,0.533333,0.483333,0.425,0.908333,0.766667,0.0,0.0,0.572227,0.585281,0.484935
difficulty,0.0,369,369-8,0.466667,0.45,0.391667,0.841667,0.666667,0.0,0.008333,0.556161,0.540579,0.490391
difficulty,0.0,369,369-9,0.0,0.0,0.55,0.55,0.0,0.233333,0.0,0.79871,0.382451,1.434815
difficulty,0.0,369,369-10,0.625,0.358333,0.558333,0.916667,0.65,0.016667,0.0,0.652638,0.553357,0.667331
difficulty,0.0,369,369-11,0.0,0.0,0.0,0.0,0.0,0.0,1.0,0.108499,0.123145,2.131922
difficulty,0.0,369,369-12,0.425,0.55,0.133333,0.683333,0.683333,0.0,0.075,0.462258,0.581448,0.423598
difficulty,0.0,369,369-13,0.491667,0.475,0.383333,0.858333,0.733333,0.0,0.0,0.554407,0.611184,0.481779
difficulty,0.0,369,369-14,0.0,0.0,0.0,0.0,0.0,0.0,1.0,0.131277,0.364756,1.967493
difficulty,0.0,369,369-15,0.0,0.0,0.0,0.0,0.0,0.0,1.0,0.168533,0.231541,1.639304
difficulty,0.0,369,369-16,0.483333,0.525,0.358333,0.883333,0.741667,0.0,0.0,0.561531,0.60132,0.464249
difficulty,0.0,369,369-17,0.0,0.075,0.0,0.075,0.075,0.0,0.541667,0.281326,0.509071,0.989447
difficulty,0.0,369,369-18,0.433333,0.0,0.775,0.775,0.433333,0.083333,0.0,0.727666,0.50213,1.024618
difficulty,0.0,369,369-19,0.416667,0.491667,0.141667,0.633333,0.625,0.0,0.125,0.456792,0.490113,0.45869
difficulty,0.0,369,369-20,0.441667,0.516667,0.258333,0.775,0.716667,0.0,0.016667,0.510929,0.590726,0.414909
difficulty,0.0,369,369-21,0.508333,0.183333,0.583333,0.766667,0.508333,0.05,0.0,0.69616,0.496919,0.882658
difficulty,0.0,369,369-22,0.458333,0.558333,0.166667,0.725,0.7,0.0,0.008333,0.485834,0.550239,0.385241
difficulty,0.0,369,369-23,0.525,0.15,0.658333,0.808333,0.525,0.066667,0.0,0.704856,0.463566,0.916548
difficulty,0.0,369,369-24,0.458333,0.533333,0.191667,0.725,0.7,0.0,0.066667,0.485889,0.488636,0.441871
difficulty,0.0,369,369-25,0.375,0.458333,0.15,0.608333,0.591667,0.0,0.15,0.451856,0.655599,0.480358
difficulty,0.0,369,369-26,0.433333,0.091667,0.658333,0.75,0.433333,0.058333,0.0,0.717579,0.41445,0.978609
difficulty,0.0,369,369-27,0.408333,0.466667,0.216667,0.683333,0.666667,0.0,0.066667,0.479919,0.552442,0.445274
difficulty,0.0,369,369-28,0.191667,0.416667,0.008333,0.425,0.425,0.0,0.283333,0.376226,0.57726,0.604678
difficulty,0.0,369,369-29,0.5,0.558333,0.35,0.908333,0.783333,0.0,0.0,0.555747,0.629786,0.430501
difficulty,0.0,369,369-30,0.525,0.425,0.516667,0.941667,0.708333,0.0,0.0,0.623217,0.511811,0.599974
difficulty,0.0,369,369-31,0.491667,0.55,0.275,0.825,0.766667,0.0,0.0,0.522486,0.560278,0.404387
difficulty,0.0,369,369-32,0.466667,0.558333,0.158333,0.716667,0.716667,0.0,0.058333,0.476906,0.530124,0.404914
difficulty,0.0,369,369-33,0.0,0.0,0.0,0.0,0.0,0.0,0.783333,0.227437,0.535903,1.28168
difficulty,0.0,369,369-34,0.358333,0.525,0.116667,0.641667,0.641667,0.0,0.133333,0.446161,0.600419,0.459953
difficulty,0.0,369,369-35,0.391667,0.458333,0.308333,0.766667,0.633333,0.0,0.041667,0.517467,0.628964,0.501055
difficulty,0.0,369,369-36,0.391667,0.5,0.15,0.65,0.641667,0.0,0.091667,0.463644,0.529821,0.43779
difficulty,0.0,369,369-37,0.508333,0.45,0.466667,0.916667,0.683333,0.025,0.0,0.627414,0.572782,0.61032
difficulty,0.0,369,369-38,0.483333,0.525,0.316667,0.841667,0.766667,0.0,0.008333,0.529239,0.597841,0.413156
difficulty,0.0,369,369-39,0.491667,0.5,0.416667,0.916667,0.741667,0.0,0.0,0.584996,0.611083,0.50275
difficulty,0.0,369,369-40,0.525,0.366667,0.558333,0.925,0.658333,0.008333,0.0,0.644095,0.441063,0.671675
difficulty,0.0,369,369-41,0.333333,0.5,0.116667,0.616667,0.616667,0.0,0.141667,0.441942,0.589586,0.454125
difficulty,0.0,369,369-42,0.45,0.516667,0.191667,0.708333,0.708333,0.0,0.091667,0.472775,0.476759,0.420957
difficulty,0.0,369,369-43,0.125,0.441667,0.0,0.441667,0.441667,0.0,0.325,0.368386,0.507011,0.602814
difficulty,0.0,369,369-44,0.308333,0.458333,0.108333,0.566667,0.566667,0.0,0.125,0.434609,0.575315,0.455355
difficulty,0.0,369,369-45,0.491667,0.533333,0.341667,0.875,0.775,0.0,0.008333,0.539541,0.490909,0.442104
difficulty,0.0,369,369-46,0.516667,0.458333,0.483333,0.941667,0.716667,0.008333,0.0,0.615791,0.514662,0.57888
difficulty,0.0,369,369-47,0.291667,0.466667,0.05,0.516667,0.516667,0.0,0.225,0.409307,0.537877,0.513248
difficulty,0.0,369,369-48,0.491667,0.5,0.358333,0.858333,0.75,0.0,0.0,0.545503,0.558087,0.441069
difficulty,0.0,369,369-49,0.008333,0.241667,0.0,0.241667,0.241667,0.0,0.45,0.308488,0.483393,0.851892
difficulty,0.0,369,369-50,0.116667,0.441667,0.0,0.441667,0.441667,0.0,0.316667,0.371325,0.452724,0.585844
difficulty,0.0,369,369-51,0.516667,0.491667,0.383333,0.875,0.716667,0.0,0.0,0.570289,0.586799,0.493654
difficulty,0.0,369,369-52,0.408333,0.0,0.733333,0.733333,0.408333,0.108333,0.0,0.735987,0.477405,1.073195
difficulty,0.0,369,369-53,0.566667,0.35,0.533333,0.883333,0.625,0.008333,0.0,0.656372,0.481303,0.696737
difficulty,0.0,369,369-54,0.416667,0.475,0.133333,0.608333,0.608333,0.0,0.133333,0.450554,0.540459,0.469669
difficulty,0.0,369,369-55,0.6,0.35,0.558333,0.908333,0.616667,0.041667,0.0,0.661636,0.529361,0.715309
difficulty,0.0,369,369-56,0.508333,0.483333,0.441667,0.925,0.733333,0.0,0.0,0.584617,0.478339,0.511512
difficulty,0.0,369,369-57,0.366667,0.533333,0.15,0.683333,0.683333,0.0,0.091667,0.461627,0.492002,0.438801
difficulty,0.0,369,369-58,0.275,0.616667,0.0,0.616667,0.616667,0.0,0.166667,0.421794,0.328754,0.411274
difficulty,0.0,369,369-59,0.5,0.475,0.4,0.875,0.716667,0.0,0.0,0.562841,0.553299,0.493665
difficulty,0.0,369,369-60,0.391667,0.483333,0.166667,0.65,0.625,0.0,0.1,0.469785,0.62434,0.453371
difficulty,0.0,369,369-61,0.0,0.008333,0.0,0.008333,0.008333,0.0,0.625,0.259968,0.474113,1.095904
difficulty,0.0,369,369-62,0.6,0.483333,0.458333,0.941667,0.808333,0.0,0.0,0.58476,0.470597,0.47596
difficulty,0.0,369,369-63,0.0,0.166667,0.0,0.166667,0.166667,0.0,0.441667,0.303402,0.418355,0.872622
difficulty,0.0,369,369-64,0.366667,0.516667,0.1,0.616667,0.616667,0.0,0.116667,0.447846,0.595431,0.438991
difficulty,0.0,369,369-65,0.575,0.325,0.541667,0.866667,0.6,0.05,0.0,0.667814,0.501693,0.748975
difficulty,0.0,369,369-66,0.308333,0.558333,0.025,0.583333,0.583333,0.0,0.191667,0.422917,0.428195,0.459376
difficulty,0.0,369,369-67,0.475,0.183333,0.625,0.808333,0.483333,0.041667,0.0,0.69955,0.455773,0.896756
difficulty,0.0,369,369-68,0.583333,0.325,0.616667,0.941667,0.633333,0.0,0.0,0.650901,0.458711,0.665773
difficulty,0.0,369,369-69,0.075,0.3,0.0,0.3,0.3,0.0,0.416667,0.331855,0.623678,0.768551
difficulty,0.0,369,369-70,0.466667,0.083333,0.708333,0.791667,0.466667,0.066667,0.0,0.716112,0.434166,0.969001
difficulty,0.0,369,369-71,0.408333,0.5,0.175,0.675,0.65,0.0,0.091667,0.471673,0.561403,0.443688
difficulty,0.0,369,369-72,0.391667,0.466667,0.158333,0.625,0.625,0.0,0.125,0.453824,0.507013,0.468921
difficulty,0.0,369,369-73,0.533333,0.441667,0.458333,0.9,0.683333,0.0,0.0,0.612333,0.524534,0.567904
difficulty,0.0,369,369-74,0.275,0.0,0.675,0.675,0.275,0.158333,0.0,0.758906,0.41023,1.198353
difficulty,0.0,369,369-75,0.65,0.5,0.483333,0.983333,0.775,0.0,0.0,0.609597,0.60594,0.494034
difficulty,0.0,369,369-76,0.458333,0.466667,0.375,0.841667,0.675,0.0,0.0,0.551463,0.591304,0.484453
difficulty,0.0,369,369-77,0.491667,0.433333,0.483333,0.916667,0.683333,0.0,0.0,0.623333,0.530324,0.605534
difficulty,0.0,369,369-78,0.558333,0.366667,0.516667,0.883333,0.616667,0.016667,0.0,0.654868,0.528262,0.695214
difficulty,0.0,369,369-79,0.0,0.0,0.325,0.325,0.0,0.35,0.0,0.831402,0.328474,1.652266
difficulty,0.0,369,369-80,0.566667,0.433333,0.491667,0.925,0.7,0.0,0.0,0.630953,0.5229,0.594758
difficulty,0.0,369,369-81,0.483333,0.5,0.4,0.9,0.75,0.0,0.0,0.564959,0.530335,0.475278
difficulty,0.0,369,369-82,0.45,0.058333,0.708333,0.766667,0.45,0.066667,0.0,0.720535,0.42946,0.99061
difficulty,0.0,369,369-83,0.333333,0.491667,0.1,0.591667,0.591667,0.0,0.141667,0.436406,0.564277,0.469589
difficulty,0.0,369,369-84,0.558333,0.125,0.7,0.825,0.558333,0.033333,0.0,0.702168,0.507737,0.898471
difficulty,0.0,369,369-85,0.0,0.0,0.541667,0.541667,0.0,0.233333,0.0,0.808962,0.386265,1.485482
difficulty,0.0,369,369-86,0.3,0.475,0.05,0.525,0.525,0.0,0.208333,0.407533,0.5868,0.534672
difficulty,0.0,369,369-87,0.683333,0.4,0.566667,0.966667,0.716667,0.0,0.0,0.639934,0.584054,0.604406
difficulty,0.0,369,369-88,0.608333,0.325,0.616667,0.941667,0.65,0.016667,0.0,0.660827,0.52601,0.713787
difficulty,0.0,369,369-89,0.141667,0.375,0.0,0.375,0.375,0.0,0.333333,0.359713,0.533139,0.655768
difficulty,0.0,369,369-90,0.0,0.0,0.0,0.0,0.0,0.0,0.9,0.220963,0.452687,1.319865
difficulty,0.0,369,369-91,0.0,0.0,0.0,0.0,0.0,1.0,0.0,0.882072,0.260998,2.044547
difficulty,0.0,369,369-92,0.0,0.0,0.0,0.0,0.0,0.0,0.891667,0.219615,0.463851,1.320143
difficulty,0.0,369,369-93,0.383333,0.0,0.716667,0.716667,0.383333,0.1,0.0,0.740812,0.457598,1.099476
difficulty,0.0,369,369-94,0.033333,0.0,0.541667,0.541667,0.033333,0.266667,0.0,0.792711,0.354386,1.391935
difficulty,0.0,369,369-95,0.1,0.366667,0.0,0.366667,0.366667,0.0,0.375,0.36014,0.600711,0.649331
difficulty,0.0,369,369-96,0.383333,0.483333,0.158333,0.641667,0.625,0.0,0.133333,0.456934,0.670449,0.479659
difficulty,0.0,369,369-97,0.0,0.008333,0.0,0.008333,0.008333,0.0,0.633333,0.261748,0.405767,1.082187
difficulty,0.0,369,369-98,0.391667,0.483333,0.15,0.633333,0.633333,0.0,0.1,0.457488,0.547181,0.445676
difficulty,0.0,369,369-99,0.0,0.0,0.0,0.0,0.0,0.0,1.0,0.161559,0.326658,1.696169
difficulty,0.0,369,369-100,0.0,0.0,0.05,0.05,0.0,0.366667,0.0,0.846612,0.322966,1.749296
difficulty,0.0,369,369-101,0.308333,0.491667,0.075,0.566667,0.566667,0.0,0.191667,0.419281,0.562158,0.499835
difficulty,0.0,369,369-102,0.491667,0.55,0.216667,0.766667,0.741667,0.0,0.05,0.495548,0.467547,0.415189
difficulty,0.0,369,369-103,0.0,0.0,0.0,0.0,0.0,0.0,0.825,0.228064,0.415919,1.270445
difficulty,0.0,369,369-104,0.575,0.35,0.55,0.9,0.625,0.008333,0.0,0.658226,0.550575,0.704777
difficulty,0.0,369,369-105,0.575,0.541667,0.433333,0.975,0.808333,0.0,0.0,0.587031,0.551875,0.466015
difficulty,0.0,369,369-106,0.508333,0.208333,0.575,0.783333,0.508333,0.075,0.0,0.701263,0.455217,0.908645
difficulty,0.0,369,369-107,0.45,0.508333,0.425,0.933333,0.758333,0.0,0.0,0.571746,0.544388,0.48504
difficulty,0.0,369,369-108,0.483333,0.525,0.283333,0.808333,0.733333,0.0,0.016667,0.51934,0.512763,0.439996
difficulty,0.0,369,369-109,0.441667,0.483333,0.291667,0.775,0.683333,0.0,0.033333,0.516451,0.600127,0.450932
difficulty,0.0,369,369-110,0.075,0.0,0.533333,0.533333,0.075,0.266667,0.0,0.796594,0.353519,1.424204
difficulty,0.0,369,369-111,0.541667,0.4,0.541667,0.941667,0.658333,0.008333,0.0,0.631402,0.475466,0.617445
difficulty,0.0,369,369-112,0.15,0.383333,0.016667,0.4,0.4,0.0,0.291667,0.375501,0.594871,0.595843
difficulty,0.0,369,369-113,0.491667,0.441667,0.458333,0.9,0.7,0.0,0.0,0.597811,0.55333,0.555588
difficulty,0.0,369,369-114,0.525,0.45,0.475,0.925,0.733333,0.0,0.0,0.582609,0.563235,0.514353
difficulty,0.0,369,369-115,0.283333,0.491667,0.066667,0.558333,0.558333,0.0,0.166667,0.425755,0.613101,0.482731
difficulty,0.0,369,369-116,0.5,0.525,0.308333,0.833333,0.783333,0.0,0.016667,0.518084,0.606212,0.397783
difficulty,0.0,369,369-117,0.258333,0.475,0.016667,0.491667,0.491667,0.0,0.25,0.399894,0.497016,0.543051
difficulty,0.0,369,369-118,0.575,0.3,0.541667,0.841667,0.575,0.041667,0.0,0.677018,0.514708,0.787046
difficulty,0.0,369,369-119,0.583333,0.333333,0.541667,0.875,0.608333,0.041667,0.0,0.663968,0.481846,0.731669
difficulty,0.0,369,369-120,0.0,0.183333,0.0,0.183333,0.183333,0.0,0.458333,0.301527,0.522187,0.883126
difficulty,0.0,369,369-121,0.058333,0.291667,0.0,0.291667,0.291667,0.0,0.391667,0.330916,0.460041,0.753221
difficulty,0.0,369,369-122,0.583333,0.241667,0.633333,0.875,0.583333,0.033333,0.0,0.682942,0.489269,0.808643
difficulty,0.0,369,369-123,0.416667,0.05,0.691667,0.741667,0.416667,0.1,0.0,0.732974,0.451598,1.062392
difficulty,0.0,369,369-124,0.0,0.0,0.0,0.0,0.0,0.0,0.808333,0.22509,0.411539,1.299708
difficulty,0.0,369,369-125,0.55,0.2,0.65,0.85,0.55,0.025,0.0,0.691097,0.506125,0.848723
difficulty,0.0,369,369-126,0.566667,0.375,0.55,0.925,0.641667,0.008333,0.0,0.644263,0.52701,0.651982
difficulty,0.0,369,369-127,0.425,0.066667,0.675,0.741667,0.425,0.125,0.0,0.72798,0.458247,1.050221
difficulty,0.0,369,369-128,0.6,0.541667,0.441667,0.983333,0.783333,0.0,0.0,0.600413,0.539408,0.487641
difficulty,0.0,369,369-129,0.0,0.0,0.566667,0.566667,0.0,0.25,0.0,0.799044,0.391491,1.437033
difficulty,0.0,369,369-130,0.541667,0.391667,0.525,0.916667,0.683333,0.016667,0.0,0.639151,0.55813,0.636899
difficulty,0.0,369,369-131,0.525,0.425,0.491667,0.916667,0.691667,0.0,0.0,0.617713,0.551063,0.586425
difficulty,0.0,369,369-132,0.575,0.466667,0.508333,0.975,0.75,0.0,0.0,0.614692,0.529763,0.543665
difficulty,0.0,369,369-133,0.0,0.1,0.0,0.1,0.1,0.0,0.508333,0.292125,0.512607,0.931801
difficulty,0.0,369,369-134,0.491667,0.491667,0.366667,0.858333,0.725,0.0,0.0,0.562955,0.650639,0.48419
difficulty,0.0,369,369-135,0.0,0.0,0.375,0.375,0.0,0.325,0.0,0.830086,0.33101,1.647549
difficulty,0.0,369,369-136,0.375,0.0,0.741667,0.741667,0.375,0.1,0.0,0.740698,0.45923,1.091878
difficulty,0.0,369,369-137,0.35,0.441667,0.083333,0.525,0.525,0.0,0.166667,0.427724,0.5829,0.503797
difficulty,0.0,369,369-138,0.575,0.225,0.608333,0.833333,0.575,0.041667,0.0,0.684791,0.537557,0.820065
difficulty,0.0,369,369-139,0.5,0.45,0.508333,0.958333,0.725,0.0,0.0,0.61462,0.546767,0.569902
difficulty,0.0,369,369-140,0.016667,0.233333,0.0,0.233333,0.233333,0.0,0.416667,0.313842,0.437999,0.826853
difficulty,0.0,369,369-141,0.375,0.475,0.15,0.625,0.616667,0.0,0.108333,0.453784,0.58079,0.456266
difficulty,0.0,369,369-142,0.0,0.033333,0.0,0.033333,0.033333,0.0,0.583333,0.270341,0.38431,1.034345
difficulty,0.0,369,369-143,0.533333,0.216667,0.608333,0.825,0.533333,0.05,0.0,0.691982,0.476048,0.856411
difficulty,0.0,369,369-144,0.4,0.541667,0.183333,0.725,0.691667,0.0,0.041667,0.483583,0.611204,0.409367
difficulty,0.0,369,369-145,0.116667,0.408333,0.0,0.408333,0.408333,0.0,0.308333,0.359043,0.506603,0.637313
difficulty,0.0,369,369-146,0.5,0.45,0.475,0.925,0.716667,0.0,0.0,0.589127,0.584006,0.524077
difficulty,0.0,369,369-147,0.491667,0.475,0.4,0.875,0.708333,0.0,0.0,0.558067,0.544302,0.473706
difficulty,0.0,369,369-148,0.366667,0.541667,0.058333,0.6,0.6,0.0,0.166667,0.437868,0.505978,0.453176
difficulty,0.0,369,369-149,0.508333,0.191667,0.6,0.791667,0.508333,0.033333,0.0,0.698013,0.470306,0.883031
difficulty,0.0,369,369-150,0.525,0.391667,0.558333,0.95,0.666667,0.008333,0.0,0.637782,0.473585,0.628745
difficulty,0.0,369,369-151,0.45,0.466667,0.258333,0.725,0.683333,0.0,0.066667,0.49757,0.551788,0.454012
difficulty,0.0,369,369-152,0.533333,0.525,0.358333,0.883333,0.766667,0.0,0.0,0.556697,0.594834,0.450785
difficulty,0.0,369,369-153,0.475,0.175,0.583333,0.758333,0.475,0.1,0.0,0.71602,0.46375,0.985185
difficulty,0.0,369,369-154,0.0,0.0,0.0,0.0,0.0,0.0,0.983333,0.204017,0.389614,1.422314
difficulty,0.0,369,369-155,0.45,0.041667,0.725,0.766667,0.45,0.116667,0.0,0.723231,0.489939,1.010648
difficulty,0.0,369,369-156,0.316667,0.583333,0.008333,0.591667,0.591667,0.0,0.183333,0.418591,0.428252,0.472498
difficulty,0.0,369,369-157,0.466667,0.541667,0.225,0.766667,0.733333,0.0,0.025,0.500338,0.466175,0.409728
difficulty,0.0,369,369-158,0.6,0.308333,0.608333,0.916667,0.616667,0.0,0.0,0.663696,0.501085,0.713537
difficulty,0.0,369,369-159,0.416667,0.466667,0.233333,0.7,0.65,0.0,0.075,0.490308,0.574225,0.458292
difficulty,0.0,369,369-160,0.383333,0.0,0.75,0.75,0.383333,0.125,0.0,0.741373,0.461955,1.096149
difficulty,0.0,369,369-161,0.241667,0.483333,0.025,0.508333,0.508333,0.0,0.225,0.409392,0.575835,0.506334
difficulty,0.0,369,369-162,0.466667,0.491667,0.275,0.766667,0.7,0.0,0.033333,0.510762,0.541713,0.437096
difficulty,0.0,369,369-163,0.0,0.0,0.0,0.0,0.0,0.0,1.0,0.145062,0.266952,1.817788
difficulty,0.0,369,369-164,0.466667,0.108333,0.658333,0.766667,0.466667,0.083333,0.0,0.715886,0.463239,0.978558
difficulty,0.0,369,369-165,0.133333,0.433333,0.0,0.433333,0.433333,0.0,0.333333,0.364029,0.506928,0.626464
difficulty,0.0,369,369-166,0.191667,0.0,0.658333,0.658333,0.191667,0.191667,0.0,0.767262,0.424745,1.254802
difficulty,0.0,369,369-167,0.508333,0.35,0.541667,0.891667,0.625,0.025,0.0,0.65483,0.512851,0.707839
difficulty,0.0,369,369-168,0.475,0.008333,0.733333,0.741667,0.475,0.1,0.0,0.725997,0.509222,1.026405
difficulty,0.0,369,369-169,0.358333,0.433333,0.2,0.633333,0.616667,0.0,0.1,0.462295,0.574032,0.473853
difficulty,0.0,369,369-170,0.508333,0.4,0.508333,0.908333,0.666667,0.016667,0.0,0.637083,0.477577,0.6531
difficulty,0.0,369,369-171,0.45,0.508333,0.225,0.733333,0.708333,0.0,0.091667,0.485571,0.518988,0.455559
difficulty,0.0,369,369-172,0.475,0.533333,0.3,0.833333,0.725,0.0,0.008333,0.531502,0.548707,0.448525
difficulty,0.0,369,369-173,0.533333,0.458333,0.45,0.908333,0.758333,0.0,0.0,0.569632,0.469202,0.470595
difficulty,0.0,369,369-174,0.45,0.433333,0.4,0.833333,0.658333,0.0,0.0,0.562351,0.634462,0.520635
difficulty,0.0,369,369-175,0.383333,0.5,0.133333,0.633333,0.633333,0.0,0.125,0.453632,0.567189,0.437479
difficulty,0.0,369,369-176,0.508333,0.483333,0.433333,0.916667,0.683333,0.0,0.0,0.604778,0.526409,0.560408
difficulty,0.0,369,369-177,0.508333,0.175,0.641667,0.816667,0.508333,0.075,0.0,0.700536,0.467269,0.899488
difficulty,0.0,369,369-178,0.366667,0.516667,0.125,0.641667,0.641667,0.0,0.125,0.450931,0.552012,0.436846
difficulty,0.0,369,369-179,0.025,0.241667,0.0,0.241667,0.241667,0.0,0.483333,0.308448,0.64586,0.867975
difficulty,0.0,369,369-180,0.483333,0.516667,0.441667,0.958333,0.766667,0.0,0.0,0.574607,0.56163,0.466909
difficulty,0.0,369,369-181,0.541667,0.525,0.425,0.95,0.816667,0.0,0.0,0.575062,0.557445,0.472526
difficulty,0.0,369,369-182,0.533333,0.425,0.516667,0.941667,0.666667,0.008333,0.0,0.627828,0.503228,0.602353
difficulty,0.0,369,369-183,0.45,0.508333,0.341667,0.85,0.7,0.0,0.0,0.545365,0.575454,0.480731
difficulty,0.0,369,369-184,0.458333,0.45,0.316667,0.766667,0.7,0.0,0.033333,0.519909,0.60027,0.459838
difficulty,0.0,369,369-185,0.0,0.233333,0.0,0.233333,0.233333,0.0,0.425,0.318799,0.467905,0.805532
difficulty,0.0,369,369-186,0.391667,0.475,0.175,0.65,0.641667,0.0,0.108333,0.460197,0.547389,0.476748
difficulty,0.0,369,369-187,0.433333,0.5,0.258333,0.758333,0.691667,0.0,0.041667,0.505109,0.57309,0.451678
difficulty,0.0,369,369-188,0.25,0.491667,0.025,0.516667,0.516667,0.0,0.191667,0.405337,0.566134,0.503675
difficulty,0.0,369,369-189,0.475,0.483333,0.366667,0.85,0.716667,0.0,0.0,0.552469,0.601143,0.459336
difficulty,0.0,369,369-190,0.516667,0.5,0.391667,0.891667,0.75,0.008333,0.0,0.590359,0.59815,0.523842
difficulty,0.0,369,369-191,0.483333,0.5,0.375,0.875,0.75,0.0,0.0,0.550587,0.623022,0.457242
difficulty,0.0,369,369-192,0.441667,0.491667,0.258333,0.75,0.716667,0.0,0.058333,0.496394,0.497636,0.445771
difficulty,0.0,369,369-193,0.45,0.475,0.35,0.825,0.675,0.0,0.0,0.543517,0.575014,0.485241
difficulty,0.0,369,369-194,0.508333,0.491667,0.458333,0.95,0.741667,0.0,0.0,0.60656,0.548623,0.542778
difficulty,0.0,369,369-195,0.0,0.0,0.0,0.0,0.0,0.0,1.0,0.139008,0.17059,1.859437
difficulty,0.0,369,369-196,0.45,0.566667,0.133333,0.7,0.683333,0.0,0.058333,0.472791,0.582826,0.412526
difficulty,0.0,369,369-197,0.0,0.091667,0.0,0.091667,0.091667,0.0,0.508333,0.291631,0.368662,0.926285
difficulty,0.0,369,369-198,0.525,0.483333,0.5,0.983333,0.733333,0.0,0.0,0.606293,0.571363,0.522255
difficulty,0.0,369,369-199,0.0,0.0,0.0,0.0,0.0,0.0,0.808333,0.225408,0.420411,1.311981
difficulty,0.0,1024,1024-0,0.416667,0.483333,0.208333,0.691667,0.658333,0.0,0.091667,0.481295,0.532043,0.444069
difficulty,0.0,1024,1024-1,0.458333,0.541667,0.316667,0.858333,0.766667,0.0,0.008333,0.527095,0.527314,0.432561
difficulty,0.0,1024,1024-2,0.0,0.0,0.083333,0.083333,0.0,0.366667,0.0,0.847339,0.312972,1.761916
difficulty,0.0,1024,1024-3,0.508333,0.5,0.4,0.9,0.758333,0.0,0.0,0.559069,0.53755,0.452026
difficulty,0.0,1024,1024-4,0.283333,0.0,0.658333,0.658333,0.283333,0.15,0.0,0.756751,0.413069,1.192551
difficulty,0.0,1024,1024-5,0.516667,0.391667,0.525,0.916667,0.683333,0.008333,0.0,0.635792,0.442416,0.645022
difficulty,0.0,1024,1024-6,0.475,0.458333,0.3,0.758333,0.691667,0.0,0.033333,0.515176,0.555118,0.456579
difficulty,0.0,1024,1024-7,0.358333,0.541667,0.066667,0.608333,0.608333,0.0,0.133333,0.444204,0.52238,0.446054
difficulty,0.0,1024,1024-8,0.375,0.516667,0.175,0.691667,0.675,0.0,0.075,0.474885,0.612708,0.421501
difficulty,0.0,1024,1024-9,0.558333,0.441667,0.508333,0.95,0.7,0.008333,0.0,0.624618,0.470174,0.589499
difficulty,0.0,1024,1024-10,0.033333,0.333333,0.0,0.333333,0.333333,0.0,0.408333,0.330508,0.475304,0.764042
difficulty,0.0,1024,1024-11,0.408333,0.475,0.208333,0.683333,0.666667,0.0,0.108333,0.475116,0.629893,0.463484
difficulty,0.0,1024,1024-12,0.283333,0.0,0.675,0.675,0.283333,0.15,0.0,0.760132,0.421465,1.205434
difficulty,0.0,1024,1024-13,0.533333,0.325,0.558333,0.883333,0.575,0.033333,0.0,0.667304,0.467701,0.747096
difficulty,0.0,1024,1024-14,0.55,0.516667,0.441667,0.958333,0.791667,0.0,0.0,0.581753,0.536209,0.478909
difficulty,0.0,1024,1024-15,0.35,0.475,0.208333,0.683333,0.616667,0.0,0.083333,0.477142,0.641229,0.473453
difficulty,0.0,1024,1024-16,0.216667,0.441667,0.008333,0.45,0.45,0.0,0.291667,0.384391,0.644795,0.578347
difficulty,0.0,1024,1024-17,0.0,0.0,0.533333,0.533333,0.0,0.25,0.0,0.809075,0.374061,1.496847
difficulty,0.0,1024,1024-18,0.533333,0.45,0.491667,0.941667,0.691667,0.016667,0.0,0.623886,0.569207,0.599003
difficulty,0.0,1024,1024-19,0.216667,0.508333,0.0,0.508333,0.508333,0.0,0.241667,0.397713,0.464696,0.527091
difficulty,0.0,1024,1024-20,0.191667,0.458333,0.033333,0.491667,0.491667,0.0,0.225,0.396919,0.620289,0.532297
difficulty,0.0,1024,1024-21,0.416667,0.508333,0.141667,0.65,0.641667,0.0,0.091667,0.465007,0.536538,0.4348
difficulty,0.0,1024,1024-22,0.425,0.516667,0.2,0.716667,0.675,0.0,0.1,0.484388,0.523438,0.452384
difficulty,0.0,1024,1024-23,0.566667,0.475,0.466667,0.941667,0.741667,0.008333,0.0,0.620063,0.586375,0.574057
difficulty,0.0,1024,1024-24,0.483333,0.175,0.608333,0.783333,0.483333,0.091667,0.0,0.704239,0.507719,0.921873
difficulty,0.0,1024,1024-25,0.508333,0.508333,0.333333,0.841667,0.766667,0.0,0.0,0.534695,0.505338,0.414946
difficulty,0.0,1024,1024-26,0.558333,0.2,0.641667,0.841667,0.558333,0.033333,0.0,0.691312,0.515932,0.851164
difficulty,0.0,1024,1024-27,0.05,0.383333,0.0,0.383333,0.383333,0.0,0.35,0.353487,0.48675,0.646504
difficulty,0.0,1024,1024-28,0.533333,0.516667,0.45,0.966667,0.75,0.0,0.0,0.607622,0.587299,0.532909
difficulty,0.0,1024,1024-29,0.6,0.458333,0.466667,0.925,0.716667,0.008333,0.0,0.627476,0.583336,0.581786
difficulty,0.0,1024,1024-30,0.516667,0.141667,0.683333,0.825,0.516667,0.05,0.0,0.704461,0.492388,0.9109
difficulty,0.0,1024,1024-31,0.558333,0.258333,0.558333,0.816667,0.558333,0.066667,0.0,0.683007,0.531126,0.820105
difficulty,0.0,1024,1024-32,0.691667,0.333333,0.575,0.908333,0.708333,0.016667,0.0,0.648449,0.643422,0.646569
difficulty,0.0,1024,1024-33,0.0,0.0,0.0,0.0,0.0,0.0,0.741667,0.243543,0.38783,1.175744
difficulty,0.0,1024,1024-34,0.366667,0.516667,0.125,0.641667,0.641667,0.0,0.1,0.451649,0.598204,0.425697
difficulty,0.0,1024,1024-35,0.0,0.175,0.0,0.175,0.175,0.0,0.433333,0.307788,0.393118,0.853224
difficulty,0.0,1024,1024-36,0.433333,0.525,0.241667,0.766667,0.733333,0.0,0.041667,0.499773,0.573461,0.41569
difficulty,0.0,1024,1024-37,0.0,0.0,0.0,0.0,0.0,0.0,0.6,0.258086,0.346335,1.104344
difficulty,0.0,1024,1024-38,0.541667,0.3,0.566667,0.866667,0.575,0.016667,0.0,0.673187,0.497609,0.767396
difficulty,0.0,1024,1024-39,0.466667,0.533333,0.225,0.758333,0.733333,0.0,0.066667,0.491357,0.524521,0.437449
difficulty,0.0,1024,1024-40,0.541667,0.25,0.616667,0.866667,0.566667,0.033333,0.0,0.681209,0.487512,0.804422
difficulty,0.0,1024,1024-41,0.3,0.466667,0.133333,0.6,0.6,0.0,0.175,0.434029,0.593045,0.508042
difficulty,0.0,1024,1024-42,0.408333,0.483333,0.266667,0.75,0.658333,0.0,0.008333,0.51824,0.611128,0.467348
difficulty,0.0,1024,1024-43,0.583333,0.3,0.625,0.925,0.616667,0.016667,0.0,0.667633,0.463861,0.738865
difficulty,0.0,1024,1024-44,0.241667,0.55,0.016667,0.566667,0.566667,0.0,0.2,0.416278,0.437791,0.455594
difficulty,0.0,1024,1024-45,0.0,0.0,0.0,0.0,0.0,0.0,0.691667,0.244475,0.453339,1.186059
difficulty,0.0,1024,1024-46,0.0,0.0,0.108333,0.108333,0.0,0.383333,0.0,0.849584,0.305072,1.783397
difficulty,0.0,1024,1024-47,0.0,0.116667,0.0,0.116667,0.116667,0.0,0.508333,0.294991,0.455416,0.918234
difficulty,0.0,1024,1024-48,0.491667,0.45,0.516667,0.966667,0.658333,0.0,0.0,0.613622,0.479903,0.574957
difficulty,0.0,1024,1024-49,0.458333,0.25,0.558333,0.808333,0.5,0.083333,0.0,0.691433,0.454269,0.87704
difficulty,0.0,1024,1024-50,0.55,0.475,0.458333,0.933333,0.733333,0.0,0.0,0.613234,0.583696,0.549194
difficulty,0.0,1024,1024-51,0.0,0.033333,0.0,0.033333,0.033333,0.0,0.566667,0.269717,0.445169,1.043305
difficulty,0.0,1024,1024-52,0.525,0.375,0.525,0.9,0.625,0.016667,0.0,0.646068,0.496605,0.662515
difficulty,0.0,1024,1024-53,0.633333,0.5,0.466667,0.966667,0.808333,0.0,0.0,0.596878,0.517692,0.49284
difficulty,0.0,1024,1024-54,0.533333,0.35,0.558333,0.908333,0.641667,0.016667,0.0,0.648186,0.529739,0.682173
difficulty,0.0,1024,1024-55,0.0,0.0,0.0,0.0,0.0,0.0,0.841667,0.223684,0.327074,1.305039
difficulty,0.0,1024,1024-56,0.5,0.525,0.3,0.825,0.775,0.0,0.008333,0.525732,0.578534,0.425811
difficulty,0.0,1024,1024-57,0.408333,0.55,0.083333,0.633333,0.633333,0.0,0.141667,0.446994,0.505588,0.449451
difficulty,0.0,1024,1024-58,0.008333,0.316667,0.0,0.316667,0.316667,0.0,0.383333,0.336043,0.4639,0.716222
difficulty,0.0,1024,1024-59,0.458333,0.5,0.291667,0.791667,0.7,0.0,0.025,0.524284,0.564762,0.454282
difficulty,0.0,1024,1024-60,0.0,0.158333,0.0,0.158333,0.158333,0.0,0.491667,0.301587,0.525862,0.882108
difficulty,0.0,1024,1024-61,0.5,0.516667,0.358333,0.875,0.758333,0.0,0.0,0.545912,0.494137,0.438631
difficulty,0.0,1024,1024-62,0.266667,0.475,0.066667,0.541667,0.541667,0.0,0.225,0.415121,0.486097,0.509928
difficulty,0.0,1024,1024-63,0.475,0.491667,0.233333,0.725,0.7,0.0,0.041667,0.493717,0.531747,0.408679
difficulty,0.0,1024,1024-64,0.441667,0.483333,0.241667,0.725,0.675,0.0,0.041667,0.49424,0.628596,0.441767
difficulty,0.0,1024,1024-65,0.0,0.0,0.0,0.0,0.0,0.0,0.741667,0.243087,0.367989,1.186431
difficulty,0.0,1024,1024-66,0.525,0.483333,0.316667,0.8,0.716667,0.0,0.016667,0.526924,0.584756,0.445847
difficulty,0.0,1024,1024-67,0.55,0.508333,0.466667,0.975,0.766667,0.0,0.0,0.602101,0.578339,0.505278
difficulty,0.0,1024,1024-68,0.325,0.5,0.075,0.575,0.575,0.0,0.158333,0.432737,0.55213,0.452298
difficulty,0.0,1024,1024-69,0.483333,0.491667,0.325,0.816667,0.716667,0.0,0.0,0.532902,0.568011,0.440555
difficulty,0.0,1024,1024-70,0.558333,0.566667,0.391667,0.958333,0.825,0.0,0.0,0.568893,0.56241,0.442938
difficulty,0.0,1024,1024-71,0.516667,0.516667,0.416667,0.933333,0.783333,0.0,0.0,0.571348,0.602543,0.460415
difficulty,0.0,1024,1024-72,0.358333,0.491667,0.091667,0.583333,0.583333,0.0,0.158333,0.439172,0.559854,0.465131
difficulty,0.0,1024,1024-73,0.441667,0.458333,0.366667,0.825,0.683333,0.0,0.0,0.538605,0.534636,0.467506
difficulty,0.0,1024,1024-74,0.416667,0.508333,0.166667,0.675,0.666667,0.0,0.091667,0.46517,0.60214,0.446386
difficulty,0.0,1024,1024-75,0.55,0.508333,0.425,0.933333,0.775,0.0,0.0,0.572106,0.547857,0.473316
difficulty,0.0,1024,1024-76,0.0,0.0,0.441667,0.441667,0.0,0.275,0.0,0.820007,0.359405,1.560919
difficulty,0.0,1024,1024-77,0.541667,0.2,0.633333,0.833333,0.541667,0.058333,0.0,0.692916,0.513888,0.866701
difficulty,0.0,1024,1024-78,0.533333,0.466667,0.458333,0.925,0.716667,0.008333,0.0,0.617805,0.544387,0.573068
difficulty,0.0,1024,1024-79,0.466667,0.433333,0.491667,0.925,0.666667,0.008333,0.0,0.620239,0.509615,0.604141
difficulty,0.0,1024,1024-80,0.466667,0.491667,0.333333,0.825,0.758333,0.0,0.025,0.527264,0.5463,0.435028
difficulty,0.0,1024,1024-81,0.55,0.458333,0.458333,0.916667,0.733333,0.0,0.0,0.598072,0.478757,0.534401
difficulty,0.0,1024,1024-82,0.625,0.516667,0.475,0.991667,0.766667,0.0,0.0,0.607148,0.56768,0.494101
difficulty,0.0,1024,1024-83,0.508333,0.45,0.458333,0.908333,0.7,0.0,0.0,0.59234,0.524273,0.534582
difficulty,0.0,1024,1024-84,0.0,0.0,0.583333,0.583333,0.0,0.183333,0.0,0.805901,0.407354,1.464392
difficulty,0.0,1024,1024-85,0.441667,0.5,0.158333,0.658333,0.658333,0.0,0.066667,0.46592,0.55177,0.410071
difficulty,0.0,1024,1024-86,0.591667,0.458333,0.483333,0.941667,0.741667,0.0,0.0,0.621458,0.608524,0.571893
difficulty,0.0,1024,1024-87,0.291667,0.458333,0.091667,0.55,0.541667,0.0,0.183333,0.429628,0.643461,0.479651
difficulty,0.0,1024,1024-88,0.533333,0.283333,0.6,0.883333,0.575,0.016667,0.0,0.667739,0.500916,0.745416
difficulty,0.0,1024,1024-89,0.466667,0.5,0.266667,0.766667,0.725,0.0,0.041667,0.503857,0.563076,0.434543
difficulty,0.0,1024,1024-90,0.025,0.416667,0.0,0.416667,0.416667,0.0,0.333333,0.352292,0.443518,0.653211
difficulty,0.0,1024,1024-91,0.541667,0.408333,0.5,0.908333,0.691667,0.016667,0.0,0.608687,0.614427,0.578175
difficulty,0.0,1024,1024-92,0.508333,0.541667,0.333333,0.875,0.783333,0.0,0.016667,0.537134,0.557133,0.423891
difficulty,0.0,1024,1024-93,0.0,0.008333,0.0,0.008333,0.008333,0.0,0.708333,0.250768,0.50949,1.142637
difficulty,0.0,1024,1024-94,0.55,0.566667,0.358333,0.925,0.841667,0.0,0.0,0.544415,0.608859,0.400251
difficulty,0.0,1024,1024-95,0.475,0.433333,0.433333,0.866667,0.675,0.0,0.0,0.586377,0.578643,0.55039
difficulty,0.0,1024,1024-96,0.55,0.533333,0.425,0.958333,0.8,0.0,0.0,0.580957,0.601681,0.449126
difficulty,0.0,1024,1024-97,0.475,0.508333,0.358333,0.866667,0.725,0.0,0.0,0.557192,0.606318,0.466188
difficulty,0.0,1024,1024-98,0.058333,0.283333,0.0,0.283333,0.283333,0.0,0.4,0.331509,0.476206,0.744357
difficulty,0.0,1024,1024-99,0.55,0.25,0.583333,0.833333,0.558333,0.041667,0.0,0.68288,0.4853,0.814391
difficulty,0.0,1024,1024-100,0.508333,0.525,0.341667,0.866667,0.758333,0.0,0.0,0.547069,0.568755,0.446988
difficulty,0.0,1024,1024-101,0.458333,0.508333,0.183333,0.691667,0.683333,0.0,0.066667,0.476756,0.533825,0.424324
difficulty,0.0,1024,1024-102,0.391667,0.533333,0.141667,0.675,0.658333,0.0,0.033333,0.470946,0.64149,0.406847
difficulty,0.0,1024,1024-103,0.516667,0.475,0.458333,0.933333,0.758333,0.0,0.0,0.577414,0.454908,0.479843
difficulty,0.0,1024,1024-104,0.425,0.441667,0.275,0.716667,0.658333,0.0,0.025,0.503192,0.553277,0.453631
difficulty,0.0,1024,1024-105,0.6,0.133333,0.725,0.858333,0.6,0.016667,0.0,0.68634,0.567463,0.818209
difficulty,0.0,1024,1024-106,0.425,0.433333,0.458333,0.891667,0.633333,0.0,0.0,0.587195,0.554111,0.553919
difficulty,0.0,1024,1024-107,0.241667,0.441667,0.05,0.491667,0.491667,0.0,0.216667,0.406035,0.58509,0.53153
difficulty,0.0,1024,1024-108,0.575,0.5,0.45,0.95,0.766667,0.0,0.0,0.589747,0.486801,0.501411
difficulty,0.0,1024,1024-109,0.258333,0.516667,0.025,0.541667,0.541667,0.0,0.208333,0.413359,0.56383,0.483429
difficulty,0.0,1024,1024-110,0.491667,0.45,0.341667,0.791667,0.708333,0.0,0.041667,0.525118,0.538215,0.457686
difficulty,0.0,1024,1024-111,0.433333,0.491667,0.233333,0.725,0.658333,0.0,0.058333,0.500175,0.64579,0.471537
difficulty,0.0,1024,1024-112,0.408333,0.5,0.175,0.675,0.675,0.0,0.1,0.472819,0.561403,0.416988
difficulty,0.0,1024,1024-113,0.475,0.508333,0.425,0.933333,0.75,0.0,0.0,0.577342,0.591028,0.494806
difficulty,0.0,1024,1024-114,0.516667,0.45,0.433333,0.883333,0.691667,0.033333,0.0,0.632746,0.507442,0.635376
difficulty,0.0,1024,1024-115,0.491667,0.45,0.466667,0.916667,0.716667,0.0,0.0,0.601561,0.497752,0.553648
difficulty,0.0,1024,1024-116,0.491667,0.15,0.633333,0.783333,0.491667,0.075,0.0,0.707903,0.48408,0.934515
difficulty,0.0,1024,1024-117,0.233333,0.0,0.658333,0.658333,0.233333,0.183333,0.0,0.765647,0.396949,1.240176
difficulty,0.0,1024,1024-118,0.6,0.358333,0.591667,0.95,0.675,0.0,0.0,0.644825,0.523448,0.653807
difficulty,0.0,1024,1024-119,0.0,0.275,0.0,0.275,0.275,0.0,0.408333,0.325021,0.47308,0.778122
difficulty,0.0,1024,1024-120,0.508333,0.45,0.45,0.9,0.716667,0.0,0.0,0.582543,0.549324,0.504017
difficulty,0.0,1024,1024-121,0.0,0.0,0.0,0.0,0.0,0.0,0.925,0.198298,0.391387,1.455974
difficulty,0.0,1024,1024-122,0.483333,0.466667,0.425,0.891667,0.7,0.0,0.0,0.568179,0.496687,0.497933
difficulty,0.0,1024,1024-123,0.541667,0.458333,0.5,0.958333,0.733333,0.008333,0.0,0.617157,0.567175,0.558635
difficulty,0.0,1024,1024-124,0.25,0.483333,0.033333,0.516667,0.516667,0.0,0.208333,0.410984,0.473399,0.496391
difficulty,0.0,1024,1024-125,0.0,0.208333,0.0,0.208333,0.208333,0.0,0.425,0.310777,0.392853,0.839661
difficulty,0.0,1024,1024-126,0.325,0.541667,0.041667,0.583333,0.583333,0.0,0.158333,0.429162,0.461551,0.456366
difficulty,0.0,1024,1024-127,0.475,0.483333,0.283333,0.766667,0.733333,0.0,0.016667,0.507588,0.512174,0.412309
difficulty,0.0,1024,1024-128,0.525,0.175,0.616667,0.791667,0.525,0.1,0.0,0.707941,0.50894,0.940095
difficulty,0.0,1024,1024-129,0.416667,0.491667,0.133333,0.625,0.625,0.0,0.083333,0.457045,0.496444,0.41306
difficulty,0.0,1024,1024-130,0.5,0.116667,0.658333,0.775,0.5,0.058333,0.0,0.709157,0.488331,0.941718
difficulty,0.0,1024,1024-131,0.508333,0.508333,0.325,0.833333,0.741667,0.0,0.008333,0.534875,0.626057,0.44146
difficulty,0.0,1024,1024-132,0.541667,0.458333,0.5,0.958333,0.733333,0.0,0.0,0.615461,0.514191,0.557303
difficulty,0.0,1024,1024-133,0.0,0.0,0.5,0.5,0.0,0.258333,0.0,0.809111,0.335052,1.499607
difficulty,0.0,1024,1024-134,0.416667,0.45,0.216667,0.666667,0.633333,0.0,0.108333,0.473824,0.592963,0.473367
difficulty,0.0,1024,1024-135,0.458333,0.541667,0.183333,0.725,0.7,0.0,0.066667,0.482314,0.546926,0.417801
difficulty,0.0,1024,1024-136,0.416667,0.025,0.683333,0.708333,0.416667,0.141667,0.0,0.737351,0.465959,1.091668
difficulty,0.0,1024,1024-137,0.358333,0.5,0.066667,0.566667,0.566667,0.0,0.166667,0.424872,0.462304,0.504671
difficulty,0.0,1024,1024-138,0.0,0.0,0.391667,0.391667,0.0,0.333333,0.0,0.825886,0.32721,1.614318
difficulty,0.0,1024,1024-139,0.525,0.391667,0.541667,0.933333,0.675,0.0,0.0,0.633441,0.512528,0.621979
difficulty,0.0,1024,1024-140,0.508333,0.425,0.475,0.9,0.691667,0.008333,0.0,0.618438,0.54828,0.606908
difficulty,0.0,1024,1024-141,0.6,0.433333,0.5,0.933333,0.683333,0.016667,0.0,0.635035,0.524497,0.611936
difficulty,0.0,1024,1024-142,0.541667,0.358333,0.525,0.883333,0.608333,0.041667,0.0,0.659374,0.517933,0.71455
difficulty,0.0,1024,1024-143,0.191667,0.475,0.0,0.475,0.475,0.0,0.25,0.391509,0.490127,0.529064
difficulty,0.0,1024,1024-144,0.016667,0.316667,0.0,0.316667,0.316667,0.0,0.425,0.325736,0.458943,0.776148
difficulty,0.0,1024,1024-145,0.475,0.483333,0.225,0.708333,0.675,0.0,0.041667,0.492866,0.54486,0.413556
difficulty,0.0,1024,1024-146,0.516667,0.25,0.558333,0.808333,0.525,0.05,0.0,0.689415,0.47476,0.847131
difficulty,0.0,1024,1024-147,0.45,0.458333,0.25,0.708333,0.666667,0.0,0.033333,0.498062,0.57938,0.447809
difficulty,0.0,1024,1024-148,0.458333,0.541667,0.225,0.766667,0.741667,0.0,0.05,0.495025,0.526608,0.414349
difficulty,0.0,1024,1024-149,0.0,0.191667,0.0,0.191667,0.191667,0.0,0.458333,0.307024,0.389534,0.860754
difficulty,0.0,1024,1024-150,0.525,0.5,0.408333,0.908333,0.758333,0.0,0.0,0.559654,0.56635,0.466358
difficulty,0.0,1024,1024-151,0.183333,0.45,0.033333,0.483333,0.483333,0.0,0.3,0.380985,0.561644,0.596941
difficulty,0.0,1024,1024-152,0.525,0.466667,0.466667,0.933333,0.75,0.0,0.0,0.591986,0.568435,0.509994
difficulty,0.0,1024,1024-153,0.0,0.041667,0.0,0.041667,0.041667,0.0,0.575,0.269353,0.440222,1.05596
difficulty,0.0,1024,1024-154,0.433333,0.233333,0.533333,0.766667,0.466667,0.075,0.0,0.695385,0.433019,0.891588
difficulty,0.0,1024,1024-155,0.541667,0.425,0.483333,0.908333,0.658333,0.0,0.0,0.635759,0.522884,0.62803
difficulty,0.0,1024,1024-156,0.141667,0.45,0.0,0.45,0.45,0.0,0.283333,0.378915,0.484067,0.571491
difficulty,0.0,1024,1024-157,0.091667,0.441667,0.0,0.441667,0.441667,0.0,0.291667,0.370109,0.451173,0.583344
difficulty,0.0,1024,1024-158,0.408333,0.466667,0.3,0.766667,0.658333,0.0,0.041667,0.514126,0.611767,0.464999
difficulty,0.0,1024,1024-159,0.0,0.033333,0.0,0.033333,0.033333,0.0,0.55,0.276497,0.451069,1.003236
difficulty,0.0,1024,1024-160,0.3,0.541667,0.041667,0.583333,0.583333,0.0,0.15,0.423248,0.522955,0.467571
difficulty,0.0,1024,1024-161,0.0,0.0,0.0,0.0,0.0,0.0,0.933333,0.217026,0.391363,1.333986
difficulty,0.0,1024,1024-162,0.358333,0.558333,0.1,0.658333,0.65,0.0,0.108333,0.456033,0.512087,0.442563
difficulty,0.0,1024,1024-163,0.55,0.466667,0.466667,0.933333,0.716667,0.025,0.0,0.609332,0.592131,0.557658
difficulty,0.0,1024,1024-164,0.0,0.033333,0.0,0.033333,0.033333,0.0,0.558333,0.275707,0.455977,1.021327
difficulty,0.0,1024,1024-165,0.533333,0.475,0.491667,0.966667,0.758333,0.0,0.0,0.600493,0.535272,0.52306
difficulty,0.0,1024,1024-166,0.4,0.491667,0.183333,0.675,0.666667,0.0,0.091667,0.470587,0.650918,0.456177
difficulty,0.0,1024,1024-167,0.45,0.45,0.2,0.65,0.633333,0.0,0.091667,0.468139,0.617653,0.461106
difficulty,0.0,1024,1024-168,0.508333,0.55,0.358333,0.908333,0.791667,0.0,0.0,0.563555,0.565792,0.454377
difficulty,0.0,1024,1024-169,0.583333,0.425,0.483333,0.908333,0.683333,0.016667,0.0,0.639541,0.558555,0.626151
difficulty,0.0,1024,1024-170,0.0,0.0,0.0,0.0,0.0,0.0,0.85,0.231258,0.374745,1.253053
difficulty,0.0,1024,1024-171,0.0,0.0,0.0,0.0,0.0,0.0,1.0,0.203835,0.293212,1.407869
difficulty,0.0,1024,1024-172,0.533333,0.6,0.233333,0.833333,0.825,0.0,0.0,0.508353,0.457836,0.38455
difficulty,0.0,1024,1024-173,0.375,0.491667,0.108333,0.6,0.6,0.0,0.125,0.449038,0.536252,0.45814
difficulty,0.0,1024,1024-174,0.0,0.166667,0.0,0.166667,0.166667,0.0,0.475,0.298265,0.41262,0.900577
difficulty,0.0,1024,1024-175,0.433333,0.558333,0.15,0.708333,0.708333,0.0,0.1,0.470218,0.539754,0.418834
difficulty,0.0,1024,1024-176,0.533333,0.491667,0.416667,0.908333,0.75,0.0,0.0,0.56995,0.514266,0.480908
difficulty,0.0,1024,1024-177,0.466667,0.475,0.341667,0.816667,0.7,0.0,0.058333,0.527393,0.53646,0.483048
difficulty,0.0,1024,1024-178,0.575,0.5,0.45,0.95,0.791667,0.0,0.0,0.582179,0.476925,0.470618
difficulty,0.0,1024,1024-179,0.475,0.525,0.241667,0.766667,0.733333,0.0,0.041667,0.494075,0.526334,0.408679
difficulty,0.0,1024,1024-180,0.3,0.491667,0.058333,0.55,0.55,0.0,0.175,0.42526,0.51551,0.476396
difficulty,0.0,1024,1024-181,0.066667,0.308333,0.0,0.308333,0.308333,0.0,0.441667,0.329106,0.669955,0.77235
difficulty,0.0,1024,1024-182,0.366667,0.5,0.1,0.6,0.6,0.0,0.141667,0.44275,0.509355,0.46747
difficulty,0.0,1024,1024-183,0.533333,0.425,0.416667,0.841667,0.7,0.0,0.016667,0.558302,0.491001,0.49212
difficulty,0.0,1024,1024-184,0.583333,0.483333,0.475,0.958333,0.766667,0.0,0.0,0.584325,0.464863,0.484261
difficulty,0.0,1024,1024-185,0.516667,0.516667,0.3,0.816667,0.783333,0.0,0.033333,0.51818,0.482312,0.434005
difficulty,0.0,1024,1024-186,0.141667,0.433333,0.0,0.433333,0.433333,0.0,0.341667,0.363828,0.503676,0.616837
difficulty,0.0,1024,1024-187,0.291667,0.0,0.658333,0.658333,0.291667,0.175,0.0,0.759694,0.405932,1.208879
difficulty,0.0,1024,1024-188,0.433333,0.483333,0.266667,0.75,0.666667,0.0,0.05,0.506545,0.611151,0.456746
difficulty,0.0,1024,1024-189,0.2,0.475,0.0,0.475,0.475,0.0,0.291667,0.395486,0.465582,0.534647
difficulty,0.0,1024,1024-190,0.558333,0.358333,0.533333,0.891667,0.633333,0.008333,0.0,0.651227,0.497828,0.673898
difficulty,0.0,1024,1024-191,0.25,0.45,0.033333,0.483333,0.483333,0.0,0.233333,0.398234,0.594556,0.553859
difficulty,0.0,1024,1024-192,0.383333,0.516667,0.1,0.616667,0.616667,0.0,0.108333,0.451281,0.536724,0.425918
difficulty,0.0,1024,1024-193,0.475,0.05,0.708333,0.758333,0.475,0.041667,0.0,0.720793,0.483689,0.989226
difficulty,0.0,1024,1024-194,0.225,0.466667,0.033333,0.5,0.5,0.0,0.258333,0.397221,0.580582,0.545864
difficulty,0.0,1024,1024-195,0.233333,0.458333,0.025,0.483333,0.483333,0.0,0.275,0.391602,0.516466,0.573957
difficulty,0.0,1024,1024-196,0.566667,0.333333,0.558333,0.891667,0.6,0.008333,0.0,0.662952,0.490795,0.72113
difficulty,0.0,1024,1024-197,0.191667,0.433333,0.0,0.433333,0.433333,0.0,0.258333,0.383108,0.521558,0.561948
difficulty,0.0,1024,1024-198,0.433333,0.4,0.258333,0.658333,0.608333,0.0,0.108333,0.482189,0.637278,0.504522
difficulty,0.0,1024,1024-199,0.516667,0.525,0.4,0.925,0.816667,0.0,0.0,0.550247,0.513444,0.42046
difficulty,0.0,2026,2026-0,0.266667,0.483333,0.05,0.533333,0.533333,0.0,0.208333,0.411873,0.578481,0.504505
difficulty,0.0,2026,2026-1,0.441667,0.491667,0.425,0.916667,0.708333,0.0,0.0,0.572872,0.588532,0.506465
difficulty,0.0,2026,2026-2,0.0,0.033333,0.0,0.033333,0.033333,0.0,0.7,0.24552,0.511377,1.184084
difficulty,0.0,2026,2026-3,0.425,0.041667,0.708333,0.75,0.425,0.091667,0.0,0.729926,0.487507,1.042951
difficulty,0.0,2026,2026-4,0.575,0.45,0.491667,0.941667,0.708333,0.008333,0.0,0.622349,0.602186,0.581877
difficulty,0.0,2026,2026-5,0.466667,0.475,0.258333,0.733333,0.725,0.0,0.05,0.496005,0.568023,0.439278
difficulty,0.0,2026,2026-6,0.391667,0.466667,0.191667,0.658333,0.625,0.0,0.091667,0.473557,0.672034,0.447567
difficulty,0.0,2026,2026-7,0.475,0.441667,0.516667,0.958333,0.716667,0.0,0.0,0.601729,0.490189,0.548684
difficulty,0.0,2026,2026-8,0.408333,0.508333,0.183333,0.691667,0.65,0.0,0.041667,0.484289,0.640916,0.432595
difficulty,0.0,2026,2026-9,0.45,0.458333,0.283333,0.741667,0.683333,0.0,0.066667,0.502129,0.612143,0.45936
difficulty,0.0,2026,2026-10,0.558333,0.433333,0.466667,0.9,0.641667,0.016667,0.0,0.643161,0.550811,0.653987
difficulty,0.0,2026,2026-11,0.533333,0.408333,0.525,0.933333,0.7,0.008333,0.0,0.627467,0.507918,0.60881
difficulty,0.0,2026,2026-12,0.516667,0.466667,0.383333,0.85,0.725,0.0,0.0,0.545551,0.510268,0.46061
difficulty,0.0,2026,2026-13,0.433333,0.491667,0.275,0.766667,0.691667,0.0,0.0,0.516479,0.612027,0.43015
difficulty,0.0,2026,2026-14,0.458333,0.416667,0.425,0.841667,0.65,0.0,0.0,0.569939,0.574226,0.531223
difficulty,0.0,2026,2026-15,0.275,0.475,0.058333,0.533333,0.533333,0.0,0.175,0.417425,0.704104,0.491499
difficulty,0.0,2026,2026-16,0.45,0.466667,0.25,0.716667,0.7,0.0,0.083333,0.489071,0.540522,0.475249
difficulty,0.0,2026,2026-17,0.541667,0.458333,0.483333,0.941667,0.725,0.008333,0.0,0.620433,0.550765,0.571805
difficulty,0.0,2026,2026-18,0.508333,0.458333,0.366667,0.825,0.7,0.0,0.008333,0.539455,0.503466,0.457338
difficulty,0.0,2026,2026-19,0.008333,0.191667,0.0,0.191667,0.191667,0.0,0.491667,0.308607,0.622351,0.847996
difficulty,0.0,2026,2026-20,0.341667,0.458333,0.125,0.583333,0.583333,0.0,0.116667,0.447191,0.657927,0.457334
difficulty,0.0,2026,2026-21,0.525,0.358333,0.558333,0.916667,0.666667,0.008333,0.0,0.642753,0.522848,0.658517
difficulty,0.0,2026,2026-22,0.425,0.466667,0.275,0.741667,0.675,0.0,0.083333,0.499487,0.635038,0.468213
difficulty,0.0,2026,2026-23,0.375,0.508333,0.208333,0.716667,0.675,0.0,0.041667,0.484507,0.744613,0.426987
difficulty,0.0,2026,2026-24,0.55,0.341667,0.583333,0.925,0.675,0.008333,0.0,0.638869,0.520255,0.642476
difficulty,0.0,2026,2026-25,0.133333,0.0,0.625,0.625,0.133333,0.216667,0.0,0.783977,0.417201,1.349149
difficulty,0.0,2026,2026-26,0.358333,0.525,0.083333,0.608333,0.608333,0.0,0.141667,0.440861,0.517631,0.455075
difficulty,0.0,2026,2026-27,0.433333,0.0,0.758333,0.758333,0.433333,0.05,0.0,0.727728,0.455361,1.022981
difficulty,0.0,2026,2026-28,0.058333,0.375,0.0,0.375,0.375,0.0,0.366667,0.345627,0.553673,0.687477
difficulty,0.0,2026,2026-29,0.541667,0.516667,0.375,0.891667,0.775,0.0,0.0,0.562087,0.595566,0.459782
difficulty,0.0,2026,2026-30,0.083333,0.416667,0.0,0.416667,0.416667,0.0,0.325,0.364344,0.481042,0.600431
difficulty,0.0,2026,2026-31,0.416667,0.008333,0.716667,0.725,0.416667,0.083333,0.0,0.732016,0.455993,1.057735
difficulty,0.0,2026,2026-32,0.616667,0.316667,0.608333,0.925,0.65,0.016667,0.0,0.658481,0.526189,0.693573
difficulty,0.0,2026,2026-33,0.45,0.15,0.608333,0.758333,0.45,0.075,0.0,0.713346,0.448615,0.96401
difficulty,0.0,2026,2026-34,0.241667,0.566667,0.0,0.566667,0.566667,0.0,0.158333,0.409346,0.48575,0.461225
difficulty,0.0,2026,2026-35,0.591667,0.433333,0.5,0.933333,0.691667,0.008333,0.0,0.6306,0.574833,0.59821
difficulty,0.0,2026,2026-36,0.425,0.533333,0.116667,0.65,0.65,0.0,0.075,0.46202,0.528101,0.401795
difficulty,0.0,2026,2026-37,0.366667,0.433333,0.225,0.658333,0.616667,0.0,0.1,0.47274,0.585704,0.477766
difficulty,0.0,2026,2026-38,0.533333,0.458333,0.425,0.883333,0.691667,0.008333,0.0,0.608318,0.600143,0.563466
difficulty,0.0,2026,2026-39,0.5,0.275,0.583333,0.858333,0.541667,0.016667,0.0,0.674847,0.486762,0.778034
difficulty,0.0,2026,2026-40,0.475,0.483333,0.433333,0.916667,0.7,0.0,0.0,0.57827,0.538551,0.516142
difficulty,0.0,2026,2026-41,0.358333,0.483333,0.125,0.608333,0.6,0.0,0.166667,0.44497,0.580657,0.479558
difficulty,0.0,2026,2026-42,0.325,0.45,0.091667,0.541667,0.541667,0.0,0.191667,0.42654,0.534842,0.525822
difficulty,0.0,2026,2026-43,0.35,0.008333,0.683333,0.691667,0.35,0.175,0.0,0.748753,0.430382,1.158766
difficulty,0.0,2026,2026-44,0.558333,0.441667,0.483333,0.925,0.7,0.016667,0.0,0.625591,0.558225,0.595684
difficulty,0.0,2026,2026-45,0.608333,0.4,0.55,0.95,0.683333,0.0,0.0,0.637194,0.562216,0.605833
difficulty,0.0,2026,2026-46,0.0,0.0,0.308333,0.308333,0.0,0.408333,0.0,0.837283,0.297543,1.702436
difficulty,0.0,2026,2026-47,0.25,0.475,0.033333,0.508333,0.508333,0.0,0.225,0.406886,0.589535,0.520509
difficulty,0.0,2026,2026-48,0.0,0.0,0.0,0.0,0.0,0.358333,0.0,0.852686,0.323199,1.791881
difficulty,0.0,2026,2026-49,0.0,0.0,0.0,0.0,0.0,1.0,0.0,0.909955,0.195011,2.365467
difficulty,0.0,2026,2026-50,0.2,0.0,0.691667,0.691667,0.2,0.166667,0.0,0.763538,0.419747,1.220719
difficulty,0.0,2026,2026-51,0.558333,0.275,0.616667,0.891667,0.6,0.016667,0.0,0.674139,0.458282,0.771297
difficulty,0.0,2026,2026-52,0.258333,0.533333,0.05,0.583333,0.583333,0.0,0.166667,0.426226,0.59288,0.456115
difficulty,0.0,2026,2026-53,0.625,0.258333,0.633333,0.891667,0.625,0.041667,0.0,0.672997,0.55562,0.761996
difficulty,0.0,2026,2026-54,0.408333,0.483333,0.225,0.708333,0.7,0.0,0.083333,0.474674,0.561679,0.443343
difficulty,0.0,2026,2026-55,0.508333,0.508333,0.375,0.883333,0.791667,0.0,0.0,0.545671,0.522063,0.427055
difficulty,0.0,2026,2026-56,0.408333,0.45,0.258333,0.708333,0.675,0.0,0.108333,0.484655,0.657099,0.468924
difficulty,0.0,2026,2026-57,0.533333,0.466667,0.441667,0.908333,0.733333,0.0,0.0,0.586515,0.550447,0.518838
difficulty,0.0,2026,2026-58,0.466667,0.075,0.683333,0.758333,0.466667,0.1,0.0,0.719109,0.487077,0.993623
difficulty,0.0,2026,2026-59,0.4,0.491667,0.158333,0.65,0.641667,0.0,0.108333,0.4615,0.524003,0.448094
difficulty,0.0,2026,2026-60,0.216667,0.408333,0.016667,0.425,0.425,0.0,0.283333,0.381608,0.629399,0.607785
difficulty,0.0,2026,2026-61,0.283333,0.466667,0.033333,0.5,0.5,0.0,0.283333,0.392535,0.567097,0.594909
difficulty,0.0,2026,2026-62,0.15,0.491667,0.0,0.491667,0.491667,0.0,0.216667,0.386463,0.533012,0.524879
difficulty,0.0,2026,2026-63,0.033333,0.3,0.0,0.3,0.3,0.0,0.366667,0.332834,0.446258,0.740788
difficulty,0.0,2026,2026-64,0.258333,0.483333,0.008333,0.491667,0.491667,0.0,0.225,0.402804,0.531276,0.524772
difficulty,0.0,2026,2026-65,0.416667,0.033333,0.7,0.733333,0.416667,0.033333,0.0,0.72576,0.445534,1.012465
difficulty,0.0,2026,2026-66,0.375,0.441667,0.158333,0.6,0.6,0.0,0.166667,0.446205,0.614834,0.498829
difficulty,0.0,2026,2026-67,0.5,0.541667,0.391667,0.933333,0.8,0.0,0.0,0.57158,0.577005,0.449127
difficulty,0.0,2026,2026-68,0.125,0.383333,0.0,0.383333,0.383333,0.0,0.366667,0.351584,0.571121,0.695388
difficulty,0.0,2026,2026-69,0.55,0.558333,0.358333,0.916667,0.825,0.0,0.0,0.551352,0.614496,0.409758
difficulty,0.0,2026,2026-70,0.0,0.1,0.0,0.1,0.1,0.0,0.55,0.279578,0.441155,0.996749
difficulty,0.0,2026,2026-71,0.316667,0.508333,0.083333,0.591667,0.591667,0.0,0.166667,0.432398,0.554656,0.470389
difficulty,0.0,2026,2026-72,0.0,0.0,0.216667,0.216667,0.0,0.45,0.0,0.845594,0.284782,1.766976
difficulty,0.0,2026,2026-73,0.35,0.55,0.058333,0.608333,0.608333,0.0,0.116667,0.441755,0.584719,0.433808
difficulty,0.0,2026,2026-74,0.458333,0.1,0.675,0.775,0.458333,0.066667,0.0,0.713099,0.42736,0.956322
difficulty,0.0,2026,2026-75,0.508333,0.475,0.458333,0.933333,0.683333,0.0,0.0,0.610293,0.541327,0.561966
difficulty,0.0,2026,2026-76,0.45,0.533333,0.225,0.758333,0.7,0.0,0.008333,0.504045,0.619585,0.427127
difficulty,0.0,2026,2026-77,0.316667,0.483333,0.091667,0.575,0.566667,0.0,0.175,0.433,0.609836,0.504243
difficulty,0.0,2026,2026-78,0.375,0.033333,0.675,0.708333,0.375,0.075,0.0,0.735225,0.40704,1.069891
difficulty,0.0,2026,2026-79,0.45,0.475,0.308333,0.783333,0.741667,0.0,0.041667,0.50866,0.606272,0.42557
difficulty,0.0,2026,2026-80,0.341667,0.0,0.65,0.65,0.341667,0.15,0.0,0.755883,0.425015,1.184018
difficulty,0.0,2026,2026-81,0.316667,0.508333,0.075,0.583333,0.583333,0.0,0.175,0.43414,0.544241,0.484763
difficulty,0.0,2026,2026-82,0.516667,0.5,0.408333,0.908333,0.808333,0.0,0.0,0.553532,0.53108,0.432684
difficulty,0.0,2026,2026-83,0.516667,0.45,0.525,0.975,0.7,0.0,0.0,0.618013,0.506926,0.579221
difficulty,0.0,2026,2026-84,0.558333,0.525,0.441667,0.966667,0.791667,0.0,0.0,0.595142,0.556741,0.505614
difficulty,0.0,2026,2026-85,0.058333,0.341667,0.0,0.341667,0.341667,0.0,0.358333,0.346659,0.507182,0.676125
difficulty,0.0,2026,2026-86,0.416667,0.55,0.1,0.65,0.65,0.0,0.1,0.459505,0.454916,0.409742
difficulty,0.0,2026,2026-87,0.5,0.541667,0.3,0.841667,0.8,0.0,0.008333,0.521097,0.500619,0.396791
difficulty,0.0,2026,2026-88,0.25,0.475,0.075,0.55,0.55,0.0,0.2,0.414599,0.532296,0.5177
difficulty,0.0,2026,2026-89,0.591667,0.425,0.516667,0.941667,0.708333,0.0,0.0,0.627583,0.577297,0.579484
difficulty,0.0,2026,2026-90,0.575,0.45,0.508333,0.958333,0.716667,0.008333,0.0,0.623027,0.546571,0.555106
difficulty,0.0,2026,2026-91,0.0,0.0,0.0,0.0,0.0,0.0,0.683333,0.247446,0.427272,1.170032
difficulty,0.0,2026,2026-92,0.0,0.041667,0.0,0.041667,0.041667,0.0,0.6,0.263774,0.481592,1.082137
difficulty,0.0,2026,2026-93,0.075,0.358333,0.0,0.358333,0.358333,0.0,0.333333,0.352831,0.449342,0.659778
difficulty,0.0,2026,2026-94,0.458333,0.425,0.458333,0.883333,0.683333,0.0,0.0,0.576843,0.498116,0.519412
difficulty,0.0,2026,2026-95,0.0,0.0,0.558333,0.558333,0.0,0.225,0.0,0.802823,0.401951,1.454804
difficulty,0.0,2026,2026-96,0.466667,0.483333,0.258333,0.741667,0.708333,0.0,0.066667,0.500479,0.502869,0.45657
difficulty,0.0,2026,2026-97,0.508333,0.541667,0.4,0.941667,0.791667,0.0,0.0,0.572666,0.585335,0.466253
difficulty,0.0,2026,2026-98,0.183333,0.391667,0.041667,0.433333,0.433333,0.0,0.308333,0.377257,0.578072,0.616959
difficulty,0.0,2026,2026-99,0.2,0.45,0.0,0.45,0.45,0.0,0.266667,0.385468,0.508151,0.565406
difficulty,0.0,2026,2026-100,0.0,0.0,0.0,0.0,0.0,0.0,0.675,0.246591,0.362853,1.161587
difficulty,0.0,2026,2026-101,0.483333,0.55,0.308333,0.858333,0.741667,0.0,0.0,0.538265,0.566038,0.446777
difficulty,0.0,2026,2026-102,0.591667,0.225,0.666667,0.891667,0.591667,0.033333,0.0,0.678407,0.499307,0.787864
difficulty,0.0,2026,2026-103,0.408333,0.533333,0.166667,0.7,0.683333,0.0,0.041667,0.477148,0.585868,0.415487
difficulty,0.0,2026,2026-104,0.408333,0.0,0.708333,0.708333,0.408333,0.141667,0.0,0.739538,0.454761,1.111326
difficulty,0.0,2026,2026-105,0.525,0.525,0.383333,0.908333,0.775,0.0,0.0,0.56901,0.574891,0.472284
difficulty,0.0,2026,2026-106,0.55,0.483333,0.383333,0.866667,0.758333,0.0,0.016667,0.547932,0.512041,0.448074
difficulty,0.0,2026,2026-107,0.541667,0.475,0.458333,0.933333,0.741667,0.0,0.0,0.614128,0.564477,0.568458
difficulty,0.0,2026,2026-108,0.55,0.441667,0.525,0.966667,0.7,0.0,0.0,0.623173,0.48518,0.573975
difficulty,0.0,2026,2026-109,0.541667,0.15,0.641667,0.791667,0.541667,0.05,0.0,0.70115,0.50373,0.902549
difficulty,0.0,2026,2026-110,0.3,0.5,0.041667,0.541667,0.541667,0.0,0.183333,0.41497,0.5447,0.480523
difficulty,0.0,2026,2026-111,0.0,0.0,0.0,0.0,0.0,0.0,1.0,0.212994,0.279305,1.357204
difficulty,0.0,2026,2026-112,0.533333,0.516667,0.366667,0.883333,0.766667,0.0,0.0,0.553695,0.582105,0.438491
difficulty,0.0,2026,2026-113,0.375,0.558333,0.091667,0.65,0.65,0.0,0.116667,0.452313,0.508045,0.426316
difficulty,0.0,2026,2026-114,0.433333,0.516667,0.291667,0.808333,0.725,0.0,0.0,0.525056,0.62232,0.426192
difficulty,0.0,2026,2026-115,0.2,0.0,0.608333,0.608333,0.2,0.2,0.0,0.774015,0.397194,1.288437
difficulty,0.0,2026,2026-116,0.141667,0.491667,0.0,0.491667,0.491667,0.0,0.266667,0.381398,0.469571,0.545606
difficulty,0.0,2026,2026-117,0.658333,0.425,0.541667,0.966667,0.75,0.0,0.0,0.627609,0.63893,0.581388
difficulty,0.0,2026,2026-118,0.566667,0.216667,0.633333,0.85,0.566667,0.016667,0.0,0.687049,0.462538,0.828318
difficulty,0.0,2026,2026-119,0.533333,0.491667,0.45,0.941667,0.733333,0.0,0.0,0.59928,0.600329,0.527519
difficulty,0.0,2026,2026-120,0.508333,0.158333,0.65,0.808333,0.508333,0.075,0.0,0.703835,0.466885,0.914321
difficulty,0.0,2026,2026-121,0.458333,0.483333,0.175,0.658333,0.658333,0.0,0.1,0.470268,0.569403,0.441486
difficulty,0.0,2026,2026-122,0.208333,0.425,0.05,0.475,0.475,0.0,0.175,0.406105,0.705709,0.517409
difficulty,0.0,2026,2026-123,0.575,0.225,0.625,0.85,0.575,0.025,0.0,0.683422,0.523637,0.810998
difficulty,0.0,2026,2026-124,0.516667,0.333333,0.525,0.858333,0.6,0.025,0.0,0.659458,0.484642,0.725498
difficulty,0.0,2026,2026-125,0.433333,0.033333,0.691667,0.725,0.433333,0.125,0.0,0.734975,0.465148,1.081448
difficulty,0.0,2026,2026-126,0.541667,0.491667,0.45,0.941667,0.733333,0.0,0.0,0.588123,0.484577,0.506544
difficulty,0.0,2026,2026-127,0.291667,0.0,0.7,0.7,0.291667,0.133333,0.0,0.755697,0.46693,1.182745
difficulty,0.0,2026,2026-128,0.466667,0.466667,0.291667,0.758333,0.683333,0.0,0.058333,0.506964,0.562523,0.476847
difficulty,0.0,2026,2026-129,0.1,0.375,0.0,0.375,0.375,0.0,0.333333,0.36276,0.585471,0.627609
difficulty,0.0,2026,2026-130,0.0,0.0,0.0,0.0,0.0,0.0,0.733333,0.241162,0.332859,1.199354
difficulty,0.0,2026,2026-131,0.133333,0.375,0.008333,0.383333,0.383333,0.0,0.333333,0.360483,0.602293,0.649653
difficulty,0.0,2026,2026-132,0.566667,0.258333,0.65,0.908333,0.6,0.025,0.0,0.672035,0.460023,0.760541
difficulty,0.0,2026,2026-133,0.0,0.266667,0.0,0.266667,0.266667,0.0,0.375,0.32667,0.405426,0.760126
difficulty,0.0,2026,2026-134,0.466667,0.5,0.225,0.725,0.708333,0.0,0.05,0.487056,0.49398,0.420223
difficulty,0.0,2026,2026-135,0.0,0.0,0.516667,0.516667,0.0,0.241667,0.0,0.813901,0.369866,1.520972
difficulty,0.0,2026,2026-136,0.533333,0.25,0.566667,0.816667,0.558333,0.041667,0.0,0.683459,0.434625,0.821226
difficulty,0.0,2026,2026-137,0.1,0.0,0.6,0.6,0.1,0.233333,0.0,0.786261,0.392843,1.362704
difficulty,0.0,2026,2026-138,0.15,0.416667,0.0,0.416667,0.416667,0.0,0.291667,0.371251,0.613967,0.599291
difficulty,0.0,2026,2026-139,0.0,0.0,0.0,0.0,0.0,0.0,1.0,0.17613,0.370527,1.601173
difficulty,0.0,2026,2026-140,0.383333,0.0,0.683333,0.683333,0.383333,0.158333,0.0,0.750419,0.456603,1.166827
difficulty,0.0,2026,2026-141,0.008333,0.233333,0.0,0.233333,0.233333,0.0,0.458333,0.318483,0.52064,0.802469
difficulty,0.0,2026,2026-142,0.508333,0.533333,0.341667,0.875,0.766667,0.0,0.0,0.551094,0.568793,0.440066
difficulty,0.0,2026,2026-143,0.458333,0.425,0.416667,0.841667,0.666667,0.0,0.0,0.582839,0.54944,0.55238
difficulty,0.0,2026,2026-144,0.358333,0.575,0.025,0.6,0.6,0.0,0.175,0.432608,0.365053,0.449137
difficulty,0.0,2026,2026-145,0.266667,0.0,0.583333,0.583333,0.266667,0.233333,0.0,0.771675,0.374503,1.288085
difficulty,0.0,2026,2026-146,0.308333,0.0,0.75,0.75,0.308333,0.125,0.0,0.74102,0.498027,1.092816
difficulty,0.0,2026,2026-147,0.516667,0.541667,0.425,0.966667,0.783333,0.0,0.0,0.599874,0.644105,0.492161
difficulty,0.0,2026,2026-148,0.525,0.458333,0.375,0.833333,0.725,0.0,0.008333,0.548082,0.520866,0.455962
difficulty,0.0,2026,2026-149,0.508333,0.508333,0.4,0.908333,0.75,0.0,0.0,0.567858,0.575902,0.471364
difficulty,0.0,2026,2026-150,0.15,0.375,0.0,0.375,0.375,0.0,0.333333,0.3653,0.596555,0.642504
difficulty,0.0,2026,2026-151,0.408333,0.558333,0.191667,0.75,0.733333,0.0,0.058333,0.484518,0.655648,0.43021
difficulty,0.0,2026,2026-152,0.533333,0.525,0.358333,0.883333,0.816667,0.0,0.008333,0.538051,0.489812,0.40303
difficulty,0.0,2026,2026-153,0.308333,0.525,0.033333,0.558333,0.558333,0.0,0.183333,0.41846,0.505732,0.486225
difficulty,0.0,2026,2026-154,0.508333,0.325,0.525,0.85,0.566667,0.025,0.0,0.666188,0.523926,0.754644
difficulty,0.0,2026,2026-155,0.033333,0.316667,0.0,0.316667,0.316667,0.0,0.4,0.329989,0.52231,0.770455
difficulty,0.0,2026,2026-156,0.508333,0.541667,0.225,0.766667,0.766667,0.0,0.05,0.500207,0.448478,0.421723
difficulty,0.0,2026,2026-157,0.0,0.0,0.0,0.0,0.0,0.0,1.0,0.20941,0.309764,1.378582
difficulty,0.0,2026,2026-158,0.55,0.408333,0.558333,0.966667,0.675,0.0,0.0,0.61853,0.522895,0.571299
difficulty,0.0,2026,2026-159,0.541667,0.333333,0.575,0.908333,0.625,0.016667,0.0,0.65858,0.488884,0.708034
difficulty,0.0,2026,2026-160,0.508333,0.383333,0.516667,0.9,0.65,0.008333,0.0,0.636291,0.535708,0.653383
difficulty,0.0,2026,2026-161,0.0,0.0,0.0,0.0,0.0,1.0,0.0,0.894289,0.220221,2.18081
difficulty,0.0,2026,2026-162,0.541667,0.241667,0.591667,0.833333,0.558333,0.033333,0.0,0.685489,0.469118,0.823764
difficulty,0.0,2026,2026-163,0.25,0.441667,0.041667,0.483333,0.483333,0.0,0.283333,0.394215,0.597037,0.587553
difficulty,0.0,2026,2026-164,0.0,0.0,0.0,0.0,0.0,0.533333,0.0,0.862134,0.305472,1.868407
difficulty,0.0,2026,2026-165,0.3,0.491667,0.025,0.516667,0.516667,0.0,0.225,0.409052,0.516709,0.528228
difficulty,0.0,2026,2026-166,0.55,0.35,0.525,0.875,0.608333,0.041667,0.0,0.661187,0.505401,0.725528
difficulty,0.0,2026,2026-167,0.558333,0.391667,0.541667,0.933333,0.666667,0.008333,0.0,0.643696,0.558901,0.661061
difficulty,0.0,2026,2026-168,0.266667,0.508333,0.008333,0.516667,0.516667,0.0,0.225,0.405298,0.541196,0.510931
difficulty,0.0,2026,2026-169,0.341667,0.008333,0.683333,0.691667,0.341667,0.116667,0.0,0.747415,0.412421,1.142296
difficulty,0.0,2026,2026-170,0.483333,0.45,0.441667,0.891667,0.708333,0.008333,0.0,0.604667,0.524651,0.567376
difficulty,0.0,2026,2026-171,0.533333,0.383333,0.55,0.933333,0.633333,0.008333,0.0,0.646993,0.43783,0.664508
difficulty,0.0,2026,2026-172,0.275,0.483333,0.066667,0.55,0.55,0.0,0.15,0.425854,0.597855,0.473587
difficulty,0.0,2026,2026-173,0.45,0.025,0.75,0.775,0.45,0.075,0.0,0.723742,0.464034,1.007633
difficulty,0.0,2026,2026-174,0.308333,0.416667,0.066667,0.483333,0.483333,0.0,0.233333,0.408227,0.619711,0.556623
difficulty,0.0,2026,2026-175,0.0,0.016667,0.0,0.016667,0.016667,0.0,0.55,0.272049,0.418451,1.031113
difficulty,0.0,2026,2026-176,0.391667,0.016667,0.683333,0.7,0.391667,0.116667,0.0,0.740541,0.454985,1.105462
difficulty,0.0,2026,2026-177,0.375,0.441667,0.208333,0.65,0.625,0.0,0.108333,0.470082,0.617967,0.464655
difficulty,0.0,2026,2026-178,0.483333,0.525,0.333333,0.858333,0.725,0.0,0.0,0.545159,0.571641,0.449924
difficulty,0.0,2026,2026-179,0.0,0.0,0.491667,0.491667,0.0,0.275,0.0,0.807052,0.346205,1.491858
difficulty,0.0,2026,2026-180,0.5,0.141667,0.641667,0.783333,0.5,0.066667,0.0,0.70825,0.463613,0.9357
difficulty,0.0,2026,2026-181,0.558333,0.425,0.491667,0.916667,0.7,0.016667,0.0,0.627333,0.57942,0.602287
difficulty,0.0,2026,2026-182,0.575,0.2,0.658333,0.858333,0.575,0.05,0.0,0.691018,0.504989,0.850197
difficulty,0.0,2026,2026-183,0.291667,0.533333,0.05,0.583333,0.583333,0.0,0.133333,0.427948,0.522365,0.452379
difficulty,0.0,2026,2026-184,0.6,0.366667,0.558333,0.925,0.65,0.033333,0.0,0.650381,0.528867,0.665807
difficulty,0.0,2026,2026-185,0.55,0.175,0.658333,0.833333,0.55,0.041667,0.0,0.694766,0.505387,0.866624
difficulty,0.0,2026,2026-186,0.583333,0.408333,0.491667,0.9,0.633333,0.025,0.0,0.648647,0.535895,0.659648
difficulty,0.0,2026,2026-187,0.508333,0.475,0.325,0.8,0.733333,0.0,0.016667,0.526751,0.50043,0.434766
difficulty,0.0,2026,2026-188,0.0,0.0,0.0,0.0,0.0,0.0,1.0,0.064699,0.149544,2.707353
difficulty,0.0,2026,2026-189,0.575,0.383333,0.583333,0.966667,0.675,0.0,0.0,0.635413,0.472454,0.614959
difficulty,0.0,2026,2026-190,0.5,0.516667,0.383333,0.9,0.75,0.0,0.0,0.56159,0.552533,0.478148
difficulty,0.0,2026,2026-191,0.466667,0.5,0.241667,0.741667,0.708333,0.0,0.033333,0.500281,0.478964,0.414057
difficulty,0.0,2026,2026-192,0.541667,0.35,0.558333,0.908333,0.65,0.008333,0.0,0.65288,0.530694,0.689976
difficulty,0.0,2026,2026-193,0.558333,0.575,0.391667,0.966667,0.825,0.0,0.0,0.568616,0.594023,0.419033
difficulty,0.0,2026,2026-194,0.491667,0.483333,0.433333,0.916667,0.741667,0.0,0.0,0.588605,0.499722,0.515997
difficulty,0.0,2026,2026-195,0.0,0.225,0.0,0.225,0.225,0.0,0.466667,0.309602,0.539975,0.848605
difficulty,0.0,2026,2026-196,0.108333,0.3,0.0,0.3,0.3,0.0,0.391667,0.337146,0.426774,0.737249
difficulty,0.0,2026,2026-197,0.566667,0.475,0.5,0.975,0.716667,0.0,0.0,0.608893,0.482958,0.532001
difficulty,0.0,2026,2026-198,0.525,0.516667,0.366667,0.883333,0.775,0.0,0.0,0.55152,0.541449,0.430904
difficulty,0.0,2026,2026-199,0.583333,0.466667,0.491667,0.958333,0.816667,0.0,0.0,0.582814,0.448079,0.461899
difficulty,0.5,42,42-0,0.5,0.516667,0.358333,0.875,0.766667,0.0,0.0,0.543608,0.613092,0.444115
difficulty,0.5,42,42-1,0.15,0.433333,0.0,0.433333,0.433333,0.0,0.325,0.371311,0.444417,0.602617
difficulty,0.5,42,42-2,0.458333,0.366667,0.533333,0.9,0.616667,0.008333,0.0,0.645721,0.457702,0.699289
difficulty,0.5,42,42-3,0.491667,0.333333,0.533333,0.866667,0.616667,0.025,0.0,0.657046,0.500166,0.718243
difficulty,0.5,42,42-4,0.0,0.0,0.0,0.0,0.0,0.0,0.841667,0.216465,0.458628,1.356027
difficulty,0.5,42,42-5,0.033333,0.216667,0.0,0.216667,0.216667,0.0,0.441667,0.312979,0.482552,0.837063
difficulty,0.5,42,42-6,0.533333,0.458333,0.433333,0.891667,0.758333,0.0,0.0,0.560027,0.433728,0.46779
difficulty,0.5,42,42-7,0.458333,0.483333,0.241667,0.725,0.708333,0.0,0.116667,0.483087,0.490003,0.459821
difficulty,0.5,42,42-8,0.475,0.516667,0.283333,0.8,0.733333,0.0,0.025,0.517686,0.503535,0.427287
difficulty,0.5,42,42-9,0.175,0.416667,0.016667,0.433333,0.433333,0.0,0.325,0.376566,0.57554,0.60819
difficulty,0.5,42,42-10,0.558333,0.408333,0.516667,0.925,0.691667,0.008333,0.0,0.631523,0.581819,0.631959
difficulty,0.5,42,42-11,0.558333,0.416667,0.558333,0.975,0.708333,0.0,0.0,0.626703,0.517832,0.5909
difficulty,0.5,42,42-12,0.45,0.475,0.325,0.8,0.675,0.0,0.033333,0.525987,0.55164,0.475211
difficulty,0.5,42,42-13,0.55,0.266667,0.583333,0.85,0.566667,0.05,0.0,0.682352,0.472661,0.815451
difficulty,0.5,42,42-14,0.466667,0.475,0.441667,0.916667,0.725,0.0,0.0,0.569457,0.612408,0.493318
difficulty,0.5,42,42-15,0.25,0.55,0.008333,0.558333,0.558333,0.0,0.225,0.405831,0.395828,0.483825
difficulty,0.5,42,42-16,0.525,0.475,0.458333,0.933333,0.75,0.0,0.0,0.578246,0.499009,0.49722
difficulty,0.5,42,42-17,0.1,0.4,0.0,0.4,0.4,0.0,0.308333,0.365085,0.500844,0.617023
difficulty,0.5,42,42-18,0.6,0.341667,0.608333,0.95,0.666667,0.0,0.0,0.648672,0.475358,0.657656
difficulty,0.5,42,42-19,0.475,0.491667,0.325,0.816667,0.741667,0.0,0.025,0.523679,0.485558,0.435498
difficulty,0.5,42,42-20,0.416667,0.533333,0.183333,0.716667,0.7,0.0,0.083333,0.47399,0.590643,0.425402
difficulty,0.5,42,42-21,0.258333,0.491667,0.025,0.516667,0.516667,0.0,0.25,0.403326,0.554605,0.535947
difficulty,0.5,42,42-22,0.6,0.216667,0.675,0.891667,0.6,0.033333,0.0,0.683692,0.497873,0.810598
difficulty,0.5,42,42-23,0.425,0.483333,0.208333,0.691667,0.641667,0.0,0.066667,0.486357,0.578458,0.457499
difficulty,0.5,42,42-24,0.408333,0.533333,0.1,0.633333,0.633333,0.0,0.1,0.452931,0.500886,0.425253
difficulty,0.5,42,42-25,0.425,0.5,0.158333,0.658333,0.658333,0.0,0.108333,0.46751,0.502647,0.449258
difficulty,0.5,42,42-26,0.566667,0.525,0.425,0.95,0.808333,0.0,0.0,0.579189,0.596699,0.474474
difficulty,0.5,42,42-27,0.525,0.45,0.425,0.875,0.7,0.0,0.0,0.585229,0.498173,0.542182
difficulty,0.5,42,42-28,0.525,0.475,0.433333,0.908333,0.741667,0.0,0.0,0.591764,0.48102,0.541398
difficulty,0.5,42,42-29,0.525,0.491667,0.441667,0.933333,0.766667,0.0,0.0,0.584192,0.503668,0.493431
difficulty,0.5,42,42-30,0.0,0.0,0.608333,0.608333,0.0,0.2,0.0,0.794759,0.398238,1.407441
difficulty,0.5,42,42-31,0.341667,0.483333,0.141667,0.625,0.616667,0.0,0.116667,0.446819,0.578895,0.473468
difficulty,0.5,42,42-32,0.35,0.483333,0.125,0.608333,0.608333,0.0,0.175,0.439019,0.546304,0.492131
difficulty,0.5,42,42-33,0.191667,0.483333,0.016667,0.5,0.5,0.0,0.283333,0.390101,0.517232,0.555385
difficulty,0.5,42,42-34,0.475,0.491667,0.458333,0.95,0.733333,0.0,0.0,0.587373,0.610174,0.50882
difficulty,0.5,42,42-35,0.525,0.241667,0.591667,0.833333,0.541667,0.041667,0.0,0.687747,0.451479,0.838842
difficulty,0.5,42,42-36,0.416667,0.458333,0.233333,0.691667,0.658333,0.0,0.058333,0.486102,0.601171,0.448347
difficulty,0.5,42,42-37,0.166667,0.458333,0.0,0.458333,0.458333,0.0,0.3,0.37839,0.571242,0.591866
difficulty,0.5,42,42-38,0.158333,0.425,0.008333,0.433333,0.433333,0.0,0.341667,0.37092,0.598728,0.620274
difficulty,0.5,42,42-39,0.5,0.458333,0.483333,0.941667,0.708333,0.0,0.0,0.597942,0.593114,0.536015
difficulty,0.5,42,42-40,0.491667,0.408333,0.466667,0.875,0.633333,0.016667,0.0,0.63068,0.521604,0.649854
difficulty,0.5,42,42-41,0.508333,0.466667,0.45,0.916667,0.708333,0.0,0.0,0.588928,0.565963,0.518206
difficulty,0.5,42,42-42,0.266667,0.466667,0.05,0.516667,0.516667,0.0,0.183333,0.415183,0.500549,0.493087
difficulty,0.5,42,42-43,0.433333,0.541667,0.266667,0.808333,0.741667,0.0,0.008333,0.519134,0.667257,0.408597
difficulty,0.5,42,42-44,0.441667,0.483333,0.3,0.783333,0.666667,0.0,0.033333,0.523228,0.607928,0.458293
difficulty,0.5,42,42-45,0.508333,0.541667,0.308333,0.85,0.758333,0.0,0.0,0.537047,0.571686,0.413273
difficulty,0.5,42,42-46,0.575,0.433333,0.516667,0.95,0.708333,0.0,0.0,0.633432,0.54763,0.610346
difficulty,0.5,42,42-47,0.5,0.5,0.35,0.85,0.708333,0.0,0.0,0.549783,0.541801,0.47814
difficulty,0.5,42,42-48,0.541667,0.425,0.5,0.925,0.708333,0.0,0.0,0.622697,0.499897,0.600669
difficulty,0.5,42,42-49,0.433333,0.491667,0.25,0.741667,0.666667,0.0,0.05,0.508955,0.647226,0.461335
difficulty,0.5,42,42-50,0.508333,0.516667,0.375,0.891667,0.766667,0.0,0.0,0.550724,0.562514,0.443988
difficulty,0.5,42,42-51,0.541667,0.475,0.475,0.95,0.733333,0.0,0.0,0.610086,0.520765,0.551298
difficulty,0.5,42,42-52,0.0,0.166667,0.0,0.166667,0.166667,0.0,0.491667,0.296847,0.429778,0.911783
difficulty,0.5,42,42-53,0.375,0.5,0.116667,0.616667,0.616667,0.0,0.091667,0.454872,0.577947,0.423132
difficulty,0.5,42,42-54,0.341667,0.491667,0.091667,0.583333,0.583333,0.0,0.15,0.437301,0.576693,0.481031
difficulty,0.5,42,42-55,0.291667,0.441667,0.083333,0.525,0.525,0.0,0.233333,0.413068,0.569834,0.54492
difficulty,0.5,42,42-56,0.425,0.516667,0.208333,0.725,0.691667,0.0,0.075,0.485918,0.497557,0.440755
difficulty,0.5,42,42-57,0.308333,0.05,0.575,0.625,0.308333,0.175,0.0,0.752262,0.350158,1.177655
difficulty,0.5,42,42-58,0.166667,0.366667,0.016667,0.383333,0.383333,0.0,0.333333,0.36273,0.649082,0.668335
difficulty,0.5,42,42-59,0.516667,0.341667,0.5,0.841667,0.583333,0.025,0.0,0.66372,0.480676,0.735303
difficulty,0.5,42,42-60,0.0,0.0,0.0,0.0,0.0,0.0,0.691667,0.241493,0.524259,1.202662
difficulty,0.5,42,42-61,0.433333,0.508333,0.2,0.708333,0.683333,0.0,0.1,0.478901,0.471661,0.448889
difficulty,0.5,42,42-62,0.466667,0.508333,0.308333,0.816667,0.691667,0.0,0.0,0.536922,0.564588,0.470533
difficulty,0.5,42,42-63,0.5,0.425,0.508333,0.933333,0.675,0.0,0.0,0.612902,0.49565,0.587365
difficulty,0.5,42,42-64,0.491667,0.466667,0.45,0.916667,0.7,0.0,0.0,0.60966,0.581083,0.566445
difficulty,0.5,42,42-65,0.583333,0.491667,0.458333,0.95,0.75,0.0,0.0,0.61082,0.597528,0.526593
difficulty,0.5,42,42-66,0.4,0.491667,0.183333,0.675,0.666667,0.0,0.1,0.465279,0.505167,0.437436
difficulty,0.5,42,42-67,0.308333,0.45,0.141667,0.591667,0.583333,0.0,0.133333,0.442922,0.568817,0.499666
difficulty,0.5,42,42-68,0.5,0.4,0.491667,0.891667,0.666667,0.033333,0.0,0.640973,0.528467,0.666844
difficulty,0.5,42,42-69,0.4,0.466667,0.216667,0.683333,0.65,0.0,0.125,0.474305,0.613817,0.477167
difficulty,0.5,42,42-70,0.0,0.216667,0.0,0.216667,0.216667,0.0,0.45,0.309218,0.516277,0.851275
difficulty,0.5,42,42-71,0.033333,0.291667,0.0,0.291667,0.291667,0.0,0.441667,0.327754,0.549266,0.767598
difficulty,0.5,42,42-72,0.158333,0.466667,0.0,0.466667,0.466667,0.0,0.25,0.375468,0.488806,0.582542
difficulty,0.5,42,42-73,0.55,0.491667,0.45,0.941667,0.758333,0.0,0.0,0.591312,0.51697,0.506388
difficulty,0.5,42,42-74,0.491667,0.5,0.333333,0.833333,0.725,0.0,0.016667,0.535558,0.555568,0.460145
difficulty,0.5,42,42-75,0.5,0.441667,0.458333,0.9,0.641667,0.016667,0.0,0.629908,0.472398,0.618095
difficulty,0.5,42,42-76,0.366667,0.5,0.116667,0.616667,0.608333,0.0,0.141667,0.444575,0.549876,0.456264
difficulty,0.5,42,42-77,0.45,0.483333,0.3,0.783333,0.708333,0.0,0.016667,0.51649,0.659872,0.444852
difficulty,0.5,42,42-78,0.541667,0.483333,0.466667,0.95,0.733333,0.0,0.0,0.612578,0.505674,0.560514
difficulty,0.5,42,42-79,0.425,0.516667,0.158333,0.675,0.675,0.0,0.066667,0.466694,0.537993,0.431779
difficulty,0.5,42,42-80,0.525,0.5,0.416667,0.916667,0.741667,0.0,0.0,0.584937,0.524072,0.510365
difficulty,0.5,42,42-81,0.241667,0.45,0.058333,0.508333,0.508333,0.0,0.233333,0.402648,0.579695,0.543362
difficulty,0.5,42,42-82,0.45,0.466667,0.225,0.691667,0.675,0.0,0.083333,0.484914,0.434995,0.430244
difficulty,0.5,42,42-83,0.4,0.458333,0.15,0.608333,0.608333,0.0,0.15,0.449131,0.59178,0.497197
difficulty,0.5,42,42-84,0.025,0.291667,0.0,0.291667,0.291667,0.0,0.4,0.32616,0.487265,0.764857
difficulty,0.5,42,42-85,0.5,0.491667,0.433333,0.925,0.758333,0.0,0.0,0.582432,0.55683,0.492952
difficulty,0.5,42,42-86,0.316667,0.491667,0.108333,0.6,0.6,0.0,0.15,0.439596,0.554319,0.475074
difficulty,0.5,42,42-87,0.5,0.516667,0.308333,0.825,0.75,0.0,0.0,0.528238,0.472577,0.429402
difficulty,0.5,42,42-88,0.5,0.458333,0.475,0.933333,0.733333,0.0,0.0,0.596486,0.498616,0.549578
difficulty,0.5,42,42-89,0.55,0.5,0.366667,0.866667,0.775,0.0,0.0,0.568695,0.598325,0.480712
difficulty,0.5,42,42-90,0.533333,0.483333,0.458333,0.941667,0.725,0.0,0.0,0.614485,0.517263,0.563481
difficulty,0.5,42,42-91,0.441667,0.466667,0.283333,0.75,0.641667,0.0,0.05,0.50851,0.528777,0.470261
difficulty,0.5,42,42-92,0.283333,0.475,0.083333,0.558333,0.558333,0.0,0.191667,0.423091,0.657759,0.491154
difficulty,0.5,42,42-93,0.408333,0.466667,0.233333,0.7,0.658333,0.0,0.066667,0.484232,0.637863,0.458634
difficulty,0.5,42,42-94,0.0,0.05,0.0,0.05,0.05,0.0,0.7,0.246387,0.523691,1.182769
difficulty,0.5,42,42-95,0.0,0.15,0.0,0.15,0.15,0.0,0.483333,0.291509,0.472025,0.939984
difficulty,0.5,42,42-96,0.0,0.125,0.0,0.125,0.125,0.0,0.541667,0.292318,0.545631,0.928028
difficulty,0.5,42,42-97,0.05,0.366667,0.0,0.366667,0.366667,0.0,0.375,0.350885,0.528406,0.657455
difficulty,0.5,42,42-98,0.508333,0.466667,0.425,0.891667,0.75,0.0,0.0,0.573502,0.550842,0.494223
difficulty,0.5,42,42-99,0.275,0.583333,0.0,0.583333,0.583333,0.0,0.191667,0.414956,0.301172,0.424945
difficulty,0.5,42,42-100,0.366667,0.5,0.133333,0.633333,0.625,0.0,0.133333,0.453063,0.537532,0.454535
difficulty,0.5,42,42-101,0.55,0.183333,0.633333,0.816667,0.55,0.058333,0.0,0.69421,0.499406,0.866899
difficulty,0.5,42,42-102,0.458333,0.55,0.158333,0.708333,0.708333,0.0,0.058333,0.478039,0.439643,0.398603
difficulty,0.5,42,42-103,0.533333,0.45,0.491667,0.941667,0.7,0.0,0.0,0.617007,0.547318,0.566176
difficulty,0.5,42,42-104,0.183333,0.508333,0.0,0.508333,0.508333,0.0,0.258333,0.388856,0.402991,0.531225
difficulty,0.5,42,42-105,0.466667,0.45,0.266667,0.716667,0.666667,0.0,0.083333,0.493752,0.524787,0.468776
difficulty,0.5,42,42-106,0.116667,0.375,0.0,0.375,0.375,0.0,0.316667,0.363678,0.524644,0.633085
difficulty,0.5,42,42-107,0.425,0.525,0.116667,0.641667,0.616667,0.0,0.066667,0.466611,0.502014,0.407531
difficulty,0.5,42,42-108,0.558333,0.425,0.475,0.9,0.675,0.008333,0.0,0.637282,0.515125,0.628911
difficulty,0.5,42,42-109,0.0,0.0,0.0,0.0,0.0,0.0,0.608333,0.262444,0.337161,1.07684
difficulty,0.5,42,42-110,0.441667,0.466667,0.383333,0.85,0.675,0.0,0.0,0.559515,0.665292,0.514487
difficulty,0.5,42,42-111,0.458333,0.491667,0.316667,0.808333,0.725,0.0,0.008333,0.524198,0.641918,0.423917
difficulty,0.5,42,42-112,0.3,0.525,0.041667,0.566667,0.566667,0.0,0.141667,0.427489,0.516161,0.463747
difficulty,0.5,42,42-113,0.0,0.125,0.0,0.125,0.125,0.0,0.575,0.279425,0.541204,1.003842
difficulty,0.5,42,42-114,0.4,0.475,0.291667,0.766667,0.725,0.0,0.05,0.503074,0.645316,0.425136
difficulty,0.5,42,42-115,0.291667,0.5,0.058333,0.558333,0.558333,0.0,0.175,0.418228,0.584453,0.48904
difficulty,0.5,42,42-116,0.5,0.483333,0.358333,0.841667,0.708333,0.0,0.0,0.549394,0.565044,0.469861
difficulty,0.5,42,42-117,0.458333,0.483333,0.308333,0.791667,0.708333,0.0,0.033333,0.518212,0.556253,0.452785
difficulty,0.5,42,42-118,0.375,0.033333,0.666667,0.7,0.375,0.133333,0.0,0.7422,0.433174,1.117883
difficulty,0.5,42,42-119,0.366667,0.516667,0.133333,0.65,0.633333,0.0,0.108333,0.456877,0.640664,0.456899
difficulty,0.5,42,42-120,0.133333,0.383333,0.0,0.383333,0.383333,0.0,0.358333,0.354814,0.539673,0.687037
difficulty,0.5,42,42-121,0.458333,0.491667,0.3,0.791667,0.708333,0.0,0.016667,0.528881,0.624149,0.467582
difficulty,0.5,42,42-122,0.483333,0.5,0.333333,0.833333,0.708333,0.0,0.008333,0.541167,0.57926,0.466047
difficulty,0.5,42,42-123,0.541667,0.108333,0.691667,0.8,0.541667,0.058333,0.0,0.70264,0.483138,0.908178
difficulty,0.5,42,42-124,0.541667,0.425,0.508333,0.933333,0.65,0.0,0.0,0.631061,0.532888,0.602047
difficulty,0.5,42,42-125,0.475,0.5,0.35,0.85,0.716667,0.0,0.0,0.55276,0.628134,0.474775
difficulty,0.5,42,42-126,0.366667,0.033333,0.716667,0.75,0.366667,0.108333,0.0,0.732081,0.40195,1.055126
difficulty,0.5,42,42-127,0.041667,0.316667,0.0,0.316667,0.316667,0.0,0.375,0.336012,0.459742,0.727189
difficulty,0.5,42,42-128,0.308333,0.458333,0.091667,0.55,0.55,0.0,0.233333,0.417645,0.546124,0.545463
difficulty,0.5,42,42-129,0.175,0.441667,0.0,0.441667,0.441667,0.0,0.283333,0.378824,0.468541,0.577262
difficulty,0.5,42,42-130,0.408333,0.525,0.141667,0.666667,0.666667,0.0,0.108333,0.462277,0.50979,0.448533
difficulty,0.5,42,42-131,0.0,0.241667,0.0,0.241667,0.241667,0.0,0.441667,0.311576,0.470819,0.85208
difficulty,0.5,42,42-132,0.525,0.525,0.433333,0.958333,0.775,0.0,0.0,0.590987,0.60143,0.493811
difficulty,0.5,42,42-133,0.391667,0.433333,0.216667,0.65,0.608333,0.0,0.141667,0.470453,0.61781,0.50895
difficulty,0.5,42,42-134,0.0,0.133333,0.0,0.133333,0.133333,0.0,0.575,0.280603,0.54079,1.000843
difficulty,0.5,42,42-135,0.083333,0.308333,0.0,0.308333,0.308333,0.0,0.366667,0.340234,0.572601,0.716148
difficulty,0.5,42,42-136,0.483333,0.491667,0.383333,0.875,0.716667,0.0,0.008333,0.563338,0.555145,0.509818
difficulty,0.5,42,42-137,0.525,0.383333,0.516667,0.9,0.675,0.016667,0.0,0.639527,0.51771,0.659116
difficulty,0.5,42,42-138,0.05,0.0,0.566667,0.566667,0.05,0.258333,0.0,0.791763,0.354052,1.388977
difficulty,0.5,42,42-139,0.0,0.0,0.0,0.0,0.0,0.75,0.0,0.87173,0.270252,1.956666
difficulty,0.5,42,42-140,0.525,0.533333,0.375,0.908333,0.766667,0.0,0.0,0.566753,0.580621,0.462478
difficulty,0.5,42,42-141,0.116667,0.458333,0.0,0.458333,0.458333,0.0,0.283333,0.373131,0.43145,0.580737
difficulty,0.5,42,42-142,0.0,0.0,0.0,0.0,0.0,0.0,1.0,0.19655,0.37601,1.468851
difficulty,0.5,42,42-143,0.558333,0.466667,0.466667,0.933333,0.766667,0.0,0.0,0.572572,0.459202,0.47665
difficulty,0.5,42,42-144,0.175,0.466667,0.0,0.466667,0.466667,0.0,0.283333,0.385982,0.49964,0.538225
difficulty,0.5,42,42-145,0.391667,0.466667,0.133333,0.6,0.591667,0.0,0.183333,0.444766,0.585268,0.489676
difficulty,0.5,42,42-146,0.258333,0.433333,0.033333,0.466667,0.466667,0.0,0.208333,0.401815,0.643689,0.536686
difficulty,0.5,42,42-147,0.458333,0.516667,0.25,0.766667,0.741667,0.0,0.058333,0.497818,0.541315,0.442138
difficulty,0.5,42,42-148,0.541667,0.333333,0.525,0.858333,0.608333,0.058333,0.0,0.669906,0.506437,0.775967
difficulty,0.5,42,42-149,0.466667,0.525,0.366667,0.891667,0.758333,0.0,0.0,0.547723,0.492145,0.456023
difficulty,0.5,42,42-150,0.483333,0.525,0.216667,0.741667,0.683333,0.0,0.041667,0.504296,0.478087,0.418767
difficulty,0.5,42,42-151,0.083333,0.391667,0.0,0.391667,0.391667,0.0,0.325,0.357893,0.478989,0.628253
difficulty,0.5,42,42-152,0.0,0.016667,0.0,0.016667,0.016667,0.0,0.641667,0.254927,0.468956,1.137262
difficulty,0.5,42,42-153,0.325,0.458333,0.133333,0.591667,0.591667,0.0,0.183333,0.437194,0.580263,0.516531
difficulty,0.5,42,42-154,0.458333,0.475,0.25,0.725,0.691667,0.0,0.041667,0.498394,0.563075,0.428933
difficulty,0.5,42,42-155,0.241667,0.0,0.608333,0.608333,0.241667,0.208333,0.0,0.770085,0.375721,1.271418
difficulty,0.5,42,42-156,0.408333,0.483333,0.275,0.758333,0.683333,0.0,0.0,0.511215,0.654337,0.448161
difficulty,0.5,42,42-157,0.55,0.366667,0.508333,0.875,0.633333,0.066667,0.0,0.654365,0.54043,0.706932
difficulty,0.5,42,42-158,0.316667,0.466667,0.1,0.566667,0.566667,0.0,0.15,0.429844,0.574587,0.486173
difficulty,0.5,42,42-159,0.025,0.308333,0.0,0.308333,0.308333,0.0,0.408333,0.328908,0.538764,0.764472
difficulty,0.5,42,42-160,0.166667,0.458333,0.0,0.458333,0.458333,0.0,0.275,0.374453,0.448548,0.58215
difficulty,0.5,42,42-161,0.241667,0.425,0.058333,0.483333,0.483333,0.0,0.258333,0.401313,0.568596,0.562937
difficulty,0.5,42,42-162,0.0,0.0,0.591667,0.591667,0.0,0.216667,0.0,0.793025,0.39694,1.399059
difficulty,0.5,42,42-163,0.166667,0.408333,0.0,0.408333,0.408333,0.0,0.333333,0.37329,0.607193,0.625398
difficulty,0.5,42,42-164,0.566667,0.425,0.516667,0.941667,0.708333,0.008333,0.0,0.628956,0.548193,0.594319
difficulty,0.5,42,42-165,0.191667,0.466667,0.0,0.466667,0.466667,0.0,0.266667,0.38639,0.43191,0.530246
difficulty,0.5,42,42-166,0.533333,0.3,0.6,0.9,0.608333,0.016667,0.0,0.66054,0.471995,0.736285
difficulty,0.5,42,42-167,0.508333,0.483333,0.408333,0.891667,0.758333,0.0,0.0,0.568734,0.555822,0.481647
difficulty,0.5,42,42-168,0.466667,0.491667,0.258333,0.75,0.725,0.0,0.058333,0.494539,0.522576,0.428781
difficulty,0.5,42,42-169,0.433333,0.466667,0.266667,0.733333,0.691667,0.0,0.05,0.497409,0.592319,0.444281
difficulty,0.5,42,42-170,0.308333,0.475,0.058333,0.533333,0.533333,0.0,0.2,0.415842,0.518625,0.493976
difficulty,0.5,42,42-171,0.458333,0.533333,0.375,0.908333,0.766667,0.0,0.0,0.563121,0.623175,0.456136
difficulty,0.5,42,42-172,0.341667,0.533333,0.066667,0.6,0.6,0.0,0.141667,0.440534,0.52842,0.434443
difficulty,0.5,42,42-173,0.025,0.341667,0.0,0.341667,0.341667,0.0,0.375,0.331968,0.471496,0.754537
difficulty,0.5,42,42-174,0.0,0.225,0.0,0.225,0.225,0.0,0.441667,0.311512,0.502878,0.841773
difficulty,0.5,42,42-175,0.45,0.5,0.358333,0.858333,0.733333,0.0,0.0,0.54347,0.522881,0.45994
difficulty,0.5,42,42-176,0.458333,0.016667,0.741667,0.758333,0.458333,0.066667,0.0,0.7243,0.483091,1.011881
difficulty,0.5,42,42-177,0.5,0.516667,0.333333,0.85,0.758333,0.0,0.008333,0.53871,0.548638,0.444512
difficulty,0.5,42,42-178,0.466667,0.483333,0.258333,0.741667,0.691667,0.0,0.075,0.497733,0.539181,0.44524
difficulty,0.5,42,42-179,0.458333,0.433333,0.4,0.833333,0.675,0.0,0.025,0.55851,0.560393,0.508388
difficulty,0.5,42,42-180,0.516667,0.15,0.675,0.825,0.516667,0.083333,0.0,0.69974,0.485183,0.900613
difficulty,0.5,42,42-181,0.491667,0.458333,0.383333,0.841667,0.733333,0.0,0.0,0.543072,0.557347,0.451616
difficulty,0.5,42,42-182,0.316667,0.491667,0.091667,0.583333,0.583333,0.0,0.133333,0.436693,0.584649,0.453405
difficulty,0.5,42,42-183,0.6,0.316667,0.55,0.866667,0.616667,0.016667,0.0,0.665759,0.528607,0.731301
difficulty,0.5,42,42-184,0.525,0.516667,0.375,0.891667,0.741667,0.0,0.0,0.568504,0.576488,0.475915
difficulty,0.5,42,42-185,0.433333,0.041667,0.733333,0.775,0.433333,0.108333,0.0,0.725558,0.465119,1.020657
difficulty,0.5,42,42-186,0.525,0.533333,0.358333,0.891667,0.783333,0.0,0.0,0.544239,0.513583,0.427724
difficulty,0.5,42,42-187,0.008333,0.241667,0.0,0.241667,0.241667,0.0,0.408333,0.31872,0.511968,0.802153
difficulty,0.5,42,42-188,0.0,0.175,0.0,0.175,0.175,0.0,0.458333,0.301866,0.477546,0.886024
difficulty,0.5,42,42-189,0.491667,0.0,0.741667,0.741667,0.491667,0.083333,0.0,0.727122,0.509168,1.031612
difficulty,0.5,42,42-190,0.341667,0.0,0.708333,0.708333,0.341667,0.15,0.0,0.749542,0.436262,1.146207
difficulty,0.5,42,42-191,0.491667,0.525,0.233333,0.758333,0.716667,0.0,0.033333,0.500594,0.466638,0.422049
difficulty,0.5,42,42-192,0.358333,0.475,0.141667,0.616667,0.608333,0.0,0.166667,0.44469,0.611306,0.497941
difficulty,0.5,42,42-193,0.533333,0.116667,0.666667,0.783333,0.533333,0.108333,0.0,0.704304,0.540906,0.924252
difficulty,0.5,42,42-194,0.066667,0.333333,0.0,0.333333,0.333333,0.0,0.35,0.343162,0.490819,0.708325
difficulty,0.5,42,42-195,0.166667,0.516667,0.0,0.516667,0.516667,0.0,0.275,0.390604,0.418106,0.507649
difficulty,0.5,42,42-196,0.541667,0.441667,0.491667,0.933333,0.7,0.0,0.0,0.612493,0.511157,0.56198
difficulty,0.5,42,42-197,0.433333,0.491667,0.183333,0.675,0.666667,0.0,0.116667,0.466211,0.492696,0.458333
difficulty,0.5,42,42-198,0.45,0.5,0.241667,0.741667,0.683333,0.0,0.025,0.503572,0.595236,0.451761
difficulty,0.5,42,42-199,0.45,0.458333,0.266667,0.725,0.691667,0.0,0.058333,0.490483,0.543059,0.434857
difficulty,0.5,137,137-0,0.191667,0.458333,0.016667,0.475,0.475,0.0,0.3,0.382245,0.540992,0.576268
difficulty,0.5,137,137-1,0.241667,0.45,0.058333,0.508333,0.508333,0.0,0.266667,0.399323,0.565686,0.562544
difficulty,0.5,137,137-2,0.258333,0.491667,0.058333,0.55,0.55,0.0,0.216667,0.414872,0.533979,0.50492
difficulty,0.5,137,137-3,0.466667,0.491667,0.308333,0.8,0.708333,0.0,0.016667,0.525467,0.50618,0.437022
difficulty,0.5,137,137-4,0.308333,0.516667,0.058333,0.575,0.575,0.0,0.125,0.430777,0.513687,0.464474
difficulty,0.5,137,137-5,0.15,0.475,0.0,0.475,0.475,0.0,0.266667,0.379092,0.389743,0.548465
difficulty,0.5,137,137-6,0.5,0.508333,0.375,0.883333,0.775,0.0,0.0,0.55074,0.525416,0.452879
difficulty,0.5,137,137-7,0.233333,0.45,0.058333,0.508333,0.508333,0.0,0.266667,0.40148,0.595502,0.567271
difficulty,0.5,137,137-8,0.0,0.0,0.0,0.0,0.0,0.0,0.841667,0.208815,0.477654,1.399756
difficulty,0.5,137,137-9,0.141667,0.0,0.666667,0.666667,0.141667,0.191667,0.0,0.773274,0.420735,1.278053
difficulty,0.5,137,137-10,0.358333,0.025,0.675,0.7,0.358333,0.141667,0.0,0.744293,0.42705,1.12469
difficulty,0.5,137,137-11,0.1,0.291667,0.0,0.291667,0.291667,0.0,0.433333,0.329211,0.652765,0.785136
difficulty,0.5,137,137-12,0.35,0.458333,0.133333,0.591667,0.583333,0.0,0.166667,0.442155,0.627221,0.485867
difficulty,0.5,137,137-13,0.45,0.483333,0.3,0.783333,0.716667,0.0,0.041667,0.513768,0.524693,0.458171
difficulty,0.5,137,137-14,0.516667,0.4,0.483333,0.883333,0.633333,0.05,0.0,0.652064,0.542483,0.703654
difficulty,0.5,137,137-15,0.0,0.0,0.0,0.0,0.0,0.0,1.0,0.134504,0.394869,1.933106
difficulty,0.5,137,137-16,0.166667,0.425,0.0,0.425,0.425,0.0,0.266667,0.377916,0.530123,0.570589
difficulty,0.5,137,137-17,0.483333,0.516667,0.341667,0.858333,0.775,0.0,0.008333,0.538611,0.549267,0.450821
difficulty,0.5,137,137-18,0.0,0.0,0.0,0.0,0.0,0.0,0.683333,0.242571,0.383442,1.194819
difficulty,0.5,137,137-19,0.208333,0.416667,0.041667,0.458333,0.458333,0.0,0.308333,0.391795,0.662574,0.590127
difficulty,0.5,137,137-20,0.383333,0.458333,0.166667,0.625,0.616667,0.0,0.108333,0.452992,0.609533,0.46341
difficulty,0.5,137,137-21,0.366667,0.508333,0.1,0.608333,0.608333,0.0,0.1,0.442371,0.541743,0.445303
difficulty,0.5,137,137-22,0.083333,0.333333,0.0,0.333333,0.333333,0.0,0.366667,0.347949,0.52585,0.688511
difficulty,0.5,137,137-23,0.566667,0.35,0.533333,0.883333,0.625,0.016667,0.0,0.660072,0.53015,0.713102
difficulty,0.5,137,137-24,0.283333,0.508333,0.058333,0.566667,0.566667,0.0,0.2,0.418382,0.555323,0.507252
difficulty,0.5,137,137-25,0.516667,0.358333,0.55,0.908333,0.641667,0.008333,0.0,0.647845,0.44786,0.682155
difficulty,0.5,137,137-26,0.383333,0.441667,0.158333,0.6,0.583333,0.0,0.15,0.453409,0.583956,0.482662
difficulty,0.5,137,137-27,0.516667,0.5,0.341667,0.841667,0.758333,0.0,0.008333,0.538613,0.537957,0.43558
difficulty,0.5,137,137-28,0.375,0.525,0.158333,0.683333,0.683333,0.0,0.108333,0.458629,0.484762,0.454095
difficulty,0.5,137,137-29,0.508333,0.25,0.558333,0.808333,0.516667,0.05,0.0,0.683466,0.416355,0.820841
difficulty,0.5,137,137-30,0.475,0.525,0.341667,0.866667,0.75,0.0,0.0,0.552592,0.589396,0.470982
difficulty,0.5,137,137-31,0.116667,0.416667,0.0,0.416667,0.416667,0.0,0.308333,0.368497,0.475544,0.596064
difficulty,0.5,137,137-32,0.591667,0.491667,0.5,0.991667,0.766667,0.0,0.0,0.599994,0.613875,0.507227
difficulty,0.5,137,137-33,0.0,0.0,0.033333,0.033333,0.0,0.491667,0.0,0.860845,0.261312,1.884114
difficulty,0.5,137,137-34,0.0,0.0,0.0,0.0,0.0,0.0,0.766667,0.235448,0.507006,1.232309
difficulty,0.5,137,137-35,0.45,0.5,0.233333,0.733333,0.691667,0.0,0.033333,0.49935,0.557484,0.426061
difficulty,0.5,137,137-36,0.441667,0.5,0.275,0.775,0.708333,0.0,0.033333,0.506527,0.604004,0.436183
difficulty,0.5,137,137-37,0.458333,0.475,0.25,0.725,0.691667,0.0,0.075,0.49154,0.542834,0.46297
difficulty,0.5,137,137-38,0.616667,0.4,0.525,0.925,0.708333,0.016667,0.0,0.636677,0.553277,0.612993
difficulty,0.5,137,137-39,0.458333,0.475,0.225,0.7,0.691667,0.0,0.083333,0.482436,0.553566,0.445819
difficulty,0.5,137,137-40,0.491667,0.35,0.558333,0.908333,0.608333,0.0,0.0,0.650639,0.468564,0.689126
difficulty,0.5,137,137-41,0.541667,0.425,0.533333,0.958333,0.725,0.0,0.0,0.6077,0.530797,0.551212
difficulty,0.5,137,137-42,0.091667,0.375,0.0,0.375,0.375,0.0,0.333333,0.355616,0.526733,0.649358
difficulty,0.5,137,137-43,0.033333,0.3,0.0,0.3,0.3,0.0,0.375,0.336877,0.507675,0.714874
difficulty,0.5,137,137-44,0.258333,0.0,0.6,0.6,0.258333,0.2,0.0,0.767978,0.399332,1.263996
difficulty,0.5,137,137-45,0.391667,0.525,0.141667,0.666667,0.641667,0.0,0.058333,0.468569,0.623142,0.438102
difficulty,0.5,137,137-46,0.466667,0.516667,0.3,0.816667,0.708333,0.0,0.016667,0.527755,0.554802,0.440725
difficulty,0.5,137,137-47,0.458333,0.008333,0.758333,0.766667,0.458333,0.05,0.0,0.724611,0.46959,1.010016
difficulty,0.5,137,137-48,0.55,0.525,0.458333,0.983333,0.791667,0.0,0.0,0.594075,0.592984,0.482209
difficulty,0.5,137,137-49,0.258333,0.433333,0.066667,0.5,0.5,0.0,0.225,0.407127,0.590912,0.535736
difficulty,0.5,137,137-50,0.4,0.525,0.141667,0.666667,0.666667,0.0,0.108333,0.462532,0.546965,0.446619
difficulty,0.5,137,137-51,0.575,0.35,0.533333,0.883333,0.616667,0.041667,0.0,0.665113,0.536741,0.744707
difficulty,0.5,137,137-52,0.525,0.141667,0.641667,0.783333,0.525,0.041667,0.0,0.702232,0.496781,0.902751
difficulty,0.5,137,137-53,0.408333,0.491667,0.175,0.666667,0.65,0.0,0.1,0.465534,0.555847,0.455848
difficulty,0.5,137,137-54,0.533333,0.15,0.683333,0.833333,0.533333,0.033333,0.0,0.699279,0.477796,0.883664
difficulty,0.5,137,137-55,0.383333,0.425,0.158333,0.583333,0.575,0.0,0.15,0.450027,0.566153,0.469729
difficulty,0.5,137,137-56,0.433333,0.5,0.316667,0.816667,0.675,0.0,0.0,0.533117,0.586668,0.458248
difficulty,0.5,137,137-57,0.0,0.375,0.0,0.375,0.375,0.0,0.366667,0.343404,0.371705,0.693001
difficulty,0.5,137,137-58,0.433333,0.475,0.2,0.675,0.658333,0.0,0.1,0.472636,0.598887,0.465192
difficulty,0.5,137,137-59,0.525,0.491667,0.433333,0.925,0.758333,0.0,0.0,0.577062,0.579124,0.47503
difficulty,0.5,137,137-60,0.508333,0.466667,0.458333,0.925,0.725,0.0,0.0,0.580643,0.491568,0.507793
difficulty,0.5,137,137-61,0.55,0.458333,0.5,0.958333,0.733333,0.016667,0.0,0.623758,0.511763,0.577109
difficulty,0.5,137,137-62,0.258333,0.475,0.008333,0.483333,0.483333,0.0,0.241667,0.396362,0.568409,0.547095
difficulty,0.5,137,137-63,0.433333,0.458333,0.225,0.683333,0.65,0.0,0.091667,0.482314,0.572309,0.458068
difficulty,0.5,137,137-64,0.45,0.466667,0.283333,0.75,0.675,0.0,0.033333,0.505947,0.517177,0.463668
difficulty,0.5,137,137-65,0.4,0.0,0.708333,0.708333,0.4,0.158333,0.0,0.74674,0.457979,1.153442
difficulty,0.5,137,137-66,0.025,0.2,0.0,0.2,0.2,0.0,0.475,0.307968,0.590258,0.85875
difficulty,0.5,137,137-67,0.391667,0.458333,0.2,0.658333,0.625,0.0,0.125,0.473654,0.537555,0.478258
difficulty,0.5,137,137-68,0.483333,0.5,0.258333,0.758333,0.725,0.0,0.033333,0.500479,0.524709,0.435292
difficulty,0.5,137,137-69,0.0,0.0,0.0,0.0,0.0,1.0,0.0,0.891736,0.225085,2.153531
difficulty,0.5,137,137-70,0.5,0.475,0.433333,0.908333,0.741667,0.008333,0.0,0.592768,0.595516,0.53044
difficulty,0.5,137,137-71,0.5,0.491667,0.3,0.791667,0.758333,0.0,0.008333,0.515487,0.493598,0.410505
difficulty,0.5,137,137-72,0.466667,0.491667,0.283333,0.775,0.683333,0.0,0.025,0.514253,0.578156,0.464374
difficulty,0.5,137,137-73,0.0,0.033333,0.0,0.033333,0.033333,0.0,0.625,0.261068,0.511134,1.095892
difficulty,0.5,137,137-74,0.466667,0.491667,0.358333,0.85,0.683333,0.0,0.016667,0.549225,0.485083,0.504041
difficulty,0.5,137,137-75,0.591667,0.225,0.616667,0.841667,0.591667,0.058333,0.0,0.686492,0.529157,0.829098
difficulty,0.5,137,137-76,0.458333,0.541667,0.183333,0.725,0.708333,0.0,0.05,0.485255,0.516841,0.411757
difficulty,0.5,137,137-77,0.358333,0.541667,0.091667,0.633333,0.633333,0.0,0.141667,0.44517,0.50034,0.446636
difficulty,0.5,137,137-78,0.391667,0.508333,0.166667,0.675,0.658333,0.0,0.083333,0.465382,0.540775,0.448649
difficulty,0.5,137,137-79,0.516667,0.458333,0.433333,0.891667,0.683333,0.025,0.0,0.625161,0.579421,0.609755
difficulty,0.5,137,137-80,0.491667,0.533333,0.383333,0.916667,0.741667,0.0,0.0,0.590189,0.600627,0.520108
difficulty,0.5,137,137-81,0.55,0.25,0.641667,0.891667,0.6,0.025,0.0,0.673604,0.507909,0.778575
difficulty,0.5,137,137-82,0.483333,0.525,0.35,0.875,0.75,0.0,0.0,0.546983,0.522619,0.452632
difficulty,0.5,137,137-83,0.533333,0.55,0.391667,0.941667,0.758333,0.0,0.0,0.601186,0.613864,0.504918
difficulty,0.5,137,137-84,0.183333,0.458333,0.0,0.458333,0.458333,0.0,0.283333,0.382053,0.484207,0.565456
difficulty,0.5,137,137-85,0.4,0.441667,0.308333,0.75,0.633333,0.0,0.05,0.515114,0.667383,0.477882
difficulty,0.5,137,137-86,0.083333,0.341667,0.0,0.341667,0.341667,0.0,0.4,0.340081,0.536093,0.729469
difficulty,0.5,137,137-87,0.225,0.458333,0.033333,0.491667,0.491667,0.0,0.291667,0.392582,0.635439,0.568274
difficulty,0.5,137,137-88,0.15,0.383333,0.0,0.383333,0.383333,0.0,0.333333,0.36299,0.601969,0.65359
difficulty,0.5,137,137-89,0.441667,0.45,0.25,0.7,0.65,0.0,0.058333,0.491641,0.581018,0.463286
difficulty,0.5,137,137-90,0.55,0.291667,0.583333,0.875,0.575,0.025,0.0,0.676721,0.467762,0.788042
difficulty,0.5,137,137-91,0.558333,0.591667,0.375,0.966667,0.866667,0.0,0.0,0.559173,0.581078,0.410504
difficulty,0.5,137,137-92,0.083333,0.3,0.0,0.3,0.3,0.0,0.416667,0.325999,0.60276,0.783767
difficulty,0.5,137,137-93,0.45,0.45,0.433333,0.883333,0.658333,0.0,0.0,0.600364,0.573241,0.575752
difficulty,0.5,137,137-94,0.0,0.0,0.558333,0.558333,0.0,0.241667,0.0,0.802176,0.380117,1.454956
difficulty,0.5,137,137-95,0.516667,0.166667,0.616667,0.783333,0.516667,0.091667,0.0,0.706127,0.47243,0.93374
difficulty,0.5,137,137-96,0.525,0.475,0.483333,0.958333,0.725,0.0,0.0,0.600737,0.611941,0.519433
difficulty,0.5,137,137-97,0.625,0.283333,0.583333,0.866667,0.625,0.025,0.0,0.67293,0.544654,0.760704
difficulty,0.5,137,137-98,0.508333,0.216667,0.6,0.816667,0.508333,0.05,0.0,0.695776,0.466469,0.876709
difficulty,0.5,137,137-99,0.558333,0.45,0.458333,0.908333,0.725,0.0,0.0,0.584694,0.469625,0.516324
difficulty,0.5,137,137-100,0.35,0.466667,0.166667,0.633333,0.625,0.0,0.125,0.454452,0.601384,0.481737
difficulty,0.5,137,137-101,0.008333,0.0,0.525,0.525,0.008333,0.275,0.0,0.802766,0.34064,1.459843
difficulty,0.5,137,137-102,0.516667,0.55,0.375,0.925,0.808333,0.0,0.0,0.557062,0.567407,0.416286
difficulty,0.5,137,137-103,0.5,0.15,0.633333,0.783333,0.5,0.041667,0.0,0.699197,0.468679,0.888074
difficulty,0.5,137,137-104,0.425,0.433333,0.316667,0.75,0.65,0.0,0.041667,0.514892,0.571952,0.486486
difficulty,0.5,137,137-105,0.0,0.0,0.566667,0.566667,0.0,0.266667,0.0,0.800255,0.386569,1.455814
difficulty,0.5,137,137-106,0.0,0.0,0.0,0.0,0.0,0.0,1.0,0.105391,0.176904,2.177107
difficulty,0.5,137,137-107,0.4,0.475,0.191667,0.666667,0.641667,0.0,0.066667,0.475921,0.534809,0.436156
difficulty,0.5,137,137-108,0.0,0.0,0.0,0.0,0.0,0.0,1.0,0.109396,0.175952,2.134977
difficulty,0.5,137,137-109,0.358333,0.0,0.691667,0.691667,0.358333,0.15,0.0,0.745353,0.442371,1.131031
difficulty,0.5,137,137-110,0.233333,0.45,0.058333,0.508333,0.508333,0.0,0.233333,0.407691,0.60773,0.526102
difficulty,0.5,137,137-111,0.5,0.2,0.583333,0.783333,0.5,0.083333,0.0,0.701642,0.461735,0.910928
difficulty,0.5,137,137-112,0.358333,0.466667,0.158333,0.625,0.608333,0.0,0.166667,0.452799,0.53554,0.525929
difficulty,0.5,137,137-113,0.275,0.5,0.008333,0.508333,0.508333,0.0,0.216667,0.411552,0.555615,0.493745
difficulty,0.5,137,137-114,0.375,0.45,0.15,0.6,0.591667,0.0,0.15,0.449622,0.585736,0.490405
difficulty,0.5,137,137-115,0.425,0.541667,0.15,0.691667,0.675,0.0,0.058333,0.474241,0.525897,0.409455
difficulty,0.5,137,137-116,0.558333,0.241667,0.591667,0.833333,0.558333,0.041667,0.0,0.689084,0.495902,0.841707
difficulty,0.5,137,137-117,0.225,0.458333,0.041667,0.5,0.5,0.0,0.258333,0.400101,0.571721,0.544766
difficulty,0.5,137,137-118,0.0,0.0,0.0,0.0,0.0,0.0,0.816667,0.229491,0.424501,1.26287
difficulty,0.5,137,137-119,0.425,0.458333,0.191667,0.65,0.641667,0.0,0.141667,0.462467,0.603663,0.493599
difficulty,0.5,137,137-120,0.15,0.0,0.7,0.7,0.15,0.166667,0.0,0.766237,0.453304,1.235217
difficulty,0.5,137,137-121,0.0,0.0,0.408333,0.408333,0.0,0.366667,0.0,0.822753,0.310694,1.603778
difficulty,0.5,137,137-122,0.491667,0.458333,0.375,0.833333,0.733333,0.0,0.008333,0.540369,0.503262,0.459743
difficulty,0.5,137,137-123,0.0,0.341667,0.0,0.341667,0.341667,0.0,0.35,0.337351,0.367615,0.713554
difficulty,0.5,137,137-124,0.0,0.075,0.0,0.075,0.075,0.0,0.525,0.281198,0.422282,0.994684
difficulty,0.5,137,137-125,0.475,0.516667,0.308333,0.825,0.733333,0.0,0.0,0.531199,0.529586,0.432006
difficulty,0.5,137,137-126,0.45,0.458333,0.358333,0.816667,0.683333,0.0,0.008333,0.540147,0.595616,0.473995
difficulty,0.5,137,137-127,0.175,0.508333,0.008333,0.516667,0.516667,0.0,0.291667,0.385978,0.472978,0.560816
difficulty,0.5,137,137-128,0.4,0.491667,0.183333,0.675,0.641667,0.0,0.058333,0.472491,0.618083,0.437378
difficulty,0.5,137,137-129,0.591667,0.375,0.525,0.9,0.641667,0.025,0.0,0.653736,0.528977,0.681209
difficulty,0.5,137,137-130,0.466667,0.458333,0.266667,0.725,0.666667,0.0,0.058333,0.502671,0.506774,0.45462
difficulty,0.5,137,137-131,0.433333,0.441667,0.225,0.666667,0.641667,0.0,0.125,0.475249,0.544524,0.481948
difficulty,0.5,137,137-132,0.5,0.441667,0.5,0.941667,0.675,0.0,0.0,0.618129,0.468665,0.587579
difficulty,0.5,137,137-133,0.058333,0.325,0.0,0.325,0.325,0.0,0.425,0.329952,0.57341,0.774454
difficulty,0.5,137,137-134,0.466667,0.466667,0.375,0.841667,0.725,0.0,0.0,0.538878,0.548827,0.471686
difficulty,0.5,137,137-135,0.5,0.525,0.375,0.9,0.775,0.0,0.0,0.551655,0.59155,0.437713
difficulty,0.5,137,137-136,0.441667,0.525,0.25,0.775,0.7,0.0,0.033333,0.51293,0.555432,0.426815
difficulty,0.5,137,137-137,0.533333,0.483333,0.258333,0.741667,0.708333,0.0,0.041667,0.504346,0.394442,0.433279
difficulty,0.5,137,137-138,0.425,0.516667,0.241667,0.758333,0.716667,0.0,0.05,0.498471,0.591712,0.423423
difficulty,0.5,137,137-139,0.55,0.3,0.558333,0.858333,0.575,0.05,0.0,0.674709,0.494894,0.785841
difficulty,0.5,137,137-140,0.0,0.0,0.0,0.0,0.0,0.0,1.0,0.164114,0.324374,1.683198
difficulty,0.5,137,137-141,0.558333,0.366667,0.516667,0.883333,0.608333,0.041667,0.0,0.656192,0.504147,0.700074
difficulty,0.5,137,137-142,0.416667,0.433333,0.283333,0.716667,0.625,0.0,0.041667,0.508389,0.556405,0.480797
difficulty,0.5,137,137-143,0.325,0.525,0.075,0.6,0.6,0.0,0.191667,0.428519,0.524458,0.482218
difficulty,0.5,137,137-144,0.458333,0.5,0.3,0.8,0.725,0.0,0.0,0.521379,0.64306,0.434739
difficulty,0.5,137,137-145,0.5,0.425,0.516667,0.941667,0.7,0.0,0.0,0.617261,0.489987,0.591759
difficulty,0.5,137,137-146,0.566667,0.366667,0.575,0.941667,0.675,0.016667,0.0,0.641044,0.551423,0.64152
difficulty,0.5,137,137-147,0.391667,0.475,0.15,0.625,0.625,0.0,0.125,0.457373,0.523287,0.443051
difficulty,0.5,137,137-148,0.191667,0.408333,0.058333,0.466667,0.466667,0.0,0.308333,0.390819,0.534696,0.588986
difficulty,0.5,137,137-149,0.45,0.558333,0.225,0.783333,0.758333,0.0,0.008333,0.502008,0.63254,0.403465
difficulty,0.5,137,137-150,0.1,0.408333,0.0,0.408333,0.408333,0.0,0.308333,0.361342,0.472038,0.630271
difficulty,0.5,137,137-151,0.258333,0.0,0.633333,0.633333,0.258333,0.208333,0.0,0.764687,0.369207,1.239623
difficulty,0.5,137,137-152,0.0,0.0,0.0,0.0,0.0,1.0,0.0,0.92988,0.154343,2.620841
difficulty,0.5,137,137-153,0.133333,0.416667,0.0,0.416667,0.416667,0.0,0.3,0.376493,0.49408,0.579609
difficulty,0.5,137,137-154,0.291667,0.0,0.641667,0.641667,0.291667,0.2,0.0,0.763133,0.3757,1.232472
difficulty,0.5,137,137-155,0.516667,0.458333,0.491667,0.95,0.683333,0.008333,0.0,0.614261,0.552298,0.571651
difficulty,0.5,137,137-156,0.5,0.516667,0.275,0.791667,0.741667,0.0,0.033333,0.509579,0.536639,0.435915
difficulty,0.5,137,137-157,0.575,0.391667,0.525,0.916667,0.658333,0.033333,0.0,0.64905,0.531752,0.671789
difficulty,0.5,137,137-158,0.566667,0.35,0.533333,0.883333,0.633333,0.008333,0.0,0.65665,0.510049,0.700973
difficulty,0.5,137,137-159,0.458333,0.458333,0.425,0.883333,0.666667,0.0,0.0,0.582636,0.518102,0.561149
difficulty,0.5,137,137-160,0.258333,0.475,0.041667,0.516667,0.516667,0.0,0.25,0.407909,0.617581,0.544536
difficulty,0.5,137,137-161,0.475,0.491667,0.341667,0.833333,0.75,0.0,0.0,0.538163,0.541725,0.439227
difficulty,0.5,137,137-162,0.091667,0.325,0.0,0.325,0.325,0.0,0.391667,0.345962,0.514519,0.699593
difficulty,0.5,137,137-163,0.508333,0.508333,0.441667,0.95,0.766667,0.016667,0.0,0.602629,0.585702,0.538321
difficulty,0.5,137,137-164,0.4,0.433333,0.25,0.683333,0.641667,0.0,0.108333,0.483393,0.525041,0.466541
difficulty,0.5,137,137-165,0.541667,0.25,0.625,0.875,0.583333,0.033333,0.0,0.674849,0.465542,0.778293
difficulty,0.5,137,137-166,0.508333,0.45,0.358333,0.808333,0.725,0.0,0.033333,0.53053,0.574254,0.464527
difficulty,0.5,137,137-167,0.541667,0.433333,0.35,0.783333,0.716667,0.0,0.025,0.529756,0.420785,0.461312
difficulty,0.5,137,137-168,0.2,0.45,0.008333,0.458333,0.458333,0.0,0.3,0.37819,0.579854,0.606159
difficulty,0.5,137,137-169,0.533333,0.525,0.433333,0.958333,0.783333,0.0,0.0,0.587996,0.570273,0.484209
difficulty,0.5,137,137-170,0.525,0.516667,0.358333,0.875,0.766667,0.0,0.0,0.54946,0.555764,0.446881
difficulty,0.5,137,137-171,0.466667,0.508333,0.166667,0.675,0.666667,0.0,0.066667,0.474908,0.504872,0.408973
difficulty,0.5,137,137-172,0.466667,0.433333,0.333333,0.766667,0.675,0.0,0.066667,0.516187,0.562896,0.475423
difficulty,0.5,137,137-173,0.591667,0.358333,0.575,0.933333,0.625,0.008333,0.0,0.655169,0.492623,0.681907
difficulty,0.5,137,137-174,0.458333,0.483333,0.2,0.683333,0.675,0.0,0.083333,0.475028,0.606397,0.452211
difficulty,0.5,137,137-175,0.166667,0.45,0.0,0.45,0.45,0.0,0.283333,0.377586,0.468598,0.573951
difficulty,0.5,137,137-176,0.5,0.466667,0.441667,0.908333,0.666667,0.008333,0.0,0.626097,0.478808,0.609725
difficulty,0.5,137,137-177,0.558333,0.441667,0.408333,0.85,0.741667,0.0,0.0,0.553395,0.51527,0.469406
difficulty,0.5,137,137-178,0.041667,0.208333,0.0,0.208333,0.208333,0.0,0.525,0.298419,0.600684,0.925919
difficulty,0.5,137,137-179,0.0,0.0,0.0,0.0,0.0,0.625,0.0,0.873977,0.250073,1.993666
difficulty,0.5,137,137-180,0.283333,0.391667,0.075,0.466667,0.466667,0.0,0.258333,0.405246,0.715706,0.580848
difficulty,0.5,137,137-181,0.458333,0.483333,0.258333,0.741667,0.708333,0.0,0.033333,0.499221,0.54324,0.414178
difficulty,0.5,137,137-182,0.0,0.141667,0.0,0.141667,0.141667,0.0,0.508333,0.293261,0.388117,0.927061
difficulty,0.5,137,137-183,0.425,0.458333,0.25,0.708333,0.666667,0.0,0.058333,0.487464,0.568571,0.440276
difficulty,0.5,137,137-184,0.266667,0.491667,0.041667,0.533333,0.533333,0.0,0.233333,0.411062,0.525579,0.514925
difficulty,0.5,137,137-185,0.333333,0.533333,0.066667,0.6,0.6,0.0,0.15,0.436887,0.491334,0.447418
difficulty,0.5,137,137-186,0.033333,0.341667,0.0,0.341667,0.341667,0.0,0.391667,0.336527,0.496846,0.728634
difficulty,0.5,137,137-187,0.375,0.466667,0.133333,0.6,0.6,0.0,0.191667,0.44131,0.614326,0.505657
difficulty,0.5,137,137-188,0.325,0.466667,0.066667,0.533333,0.533333,0.0,0.2,0.422469,0.571508,0.502296
difficulty,0.5,137,137-189,0.258333,0.433333,0.1,0.533333,0.533333,0.0,0.275,0.41086,0.564285,0.550508
difficulty,0.5,137,137-190,0.366667,0.558333,0.05,0.608333,0.608333,0.0,0.133333,0.43844,0.4185,0.427032
difficulty,0.5,137,137-191,0.0,0.258333,0.0,0.258333,0.258333,0.0,0.441667,0.312226,0.505205,0.840852
difficulty,0.5,137,137-192,0.0,0.0,0.0,0.0,0.0,0.0,0.908333,0.212503,0.468719,1.365764
difficulty,0.5,137,137-193,0.266667,0.416667,0.05,0.466667,0.466667,0.0,0.241667,0.399038,0.65198,0.571354
difficulty,0.5,137,137-194,0.25,0.0,0.675,0.675,0.25,0.183333,0.0,0.761784,0.434757,1.219877
difficulty,0.5,137,137-195,0.5,0.483333,0.466667,0.95,0.766667,0.0,0.0,0.58586,0.56459,0.504436
difficulty,0.5,137,137-196,0.333333,0.5,0.116667,0.616667,0.616667,0.0,0.158333,0.443035,0.531807,0.47761
difficulty,0.5,137,137-197,0.033333,0.233333,0.0,0.233333,0.233333,0.0,0.475,0.31854,0.546791,0.811748
difficulty,0.5,137,137-198,0.483333,0.525,0.266667,0.791667,0.75,0.0,0.05,0.50762,0.46094,0.434442
difficulty,0.5,137,137-199,0.5,0.5,0.341667,0.841667,0.75,0.0,0.025,0.532258,0.482693,0.441855
difficulty,0.5,369,369-0,0.483333,0.541667,0.308333,0.85,0.766667,0.0,0.0,0.527922,0.639488,0.425013
difficulty,0.5,369,369-1,0.433333,0.533333,0.225,0.758333,0.7,0.0,0.008333,0.50032,0.620136,0.432798
difficulty,0.5,369,369-2,0.558333,0.275,0.558333,0.833333,0.575,0.075,0.0,0.681905,0.532356,0.819926
difficulty,0.5,369,369-3,0.266667,0.5,0.041667,0.541667,0.541667,0.0,0.225,0.411432,0.52067,0.517654
difficulty,0.5,369,369-4,0.458333,0.5,0.333333,0.833333,0.75,0.0,0.0,0.544588,0.56045,0.453742
difficulty,0.5,369,369-5,0.483333,0.491667,0.383333,0.875,0.741667,0.0,0.016667,0.552162,0.550199,0.463037
difficulty,0.5,369,369-6,0.241667,0.475,0.05,0.525,0.525,0.0,0.208333,0.410604,0.492354,0.50721
difficulty,0.5,369,369-7,0.433333,0.441667,0.383333,0.825,0.691667,0.0,0.025,0.54431,0.584977,0.47864
difficulty,0.5,369,369-8,0.491667,0.491667,0.3,0.791667,0.725,0.0,0.033333,0.522616,0.539551,0.459661
difficulty,0.5,369,369-9,0.166667,0.0,0.633333,0.633333,0.166667,0.225,0.0,0.778199,0.395717,1.314081
difficulty,0.5,369,369-10,0.533333,0.433333,0.491667,0.925,0.65,0.016667,0.0,0.636846,0.514691,0.623335
difficulty,0.5,369,369-11,0.0,0.0,0.0,0.0,0.0,0.0,1.0,0.092767,0.125528,2.308235
difficulty,0.5,369,369-12,0.325,0.475,0.058333,0.533333,0.533333,0.0,0.166667,0.427416,0.587397,0.470343
difficulty,0.5,369,369-13,0.425,0.441667,0.341667,0.783333,0.683333,0.0,0.033333,0.526083,0.604988,0.477987
difficulty,0.5,369,369-14,0.0,0.0,0.0,0.0,0.0,0.0,1.0,0.115669,0.318248,2.109819
difficulty,0.5,369,369-15,0.0,0.0,0.0,0.0,0.0,0.0,1.0,0.147502,0.186922,1.796089
difficulty,0.5,369,369-16,0.491667,0.5,0.358333,0.858333,0.775,0.0,0.0,0.535851,0.567236,0.434211
difficulty,0.5,369,369-17,0.0,0.025,0.0,0.025,0.025,0.0,0.683333,0.247887,0.504043,1.165229
difficulty,0.5,369,369-18,0.533333,0.1,0.7,0.8,0.533333,0.066667,0.0,0.704153,0.511839,0.914463
difficulty,0.5,369,369-19,0.283333,0.516667,0.075,0.591667,0.591667,0.0,0.191667,0.426023,0.47192,0.484308
difficulty,0.5,369,369-20,0.408333,0.491667,0.2,0.691667,0.658333,0.0,0.075,0.479637,0.602485,0.443049
difficulty,0.5,369,369-21,0.533333,0.316667,0.55,0.866667,0.616667,0.05,0.0,0.669135,0.515506,0.771931
difficulty,0.5,369,369-22,0.4,0.508333,0.125,0.633333,0.633333,0.0,0.1,0.458389,0.540356,0.425009
difficulty,0.5,369,369-23,0.558333,0.325,0.533333,0.858333,0.591667,0.016667,0.0,0.669165,0.516387,0.749196
difficulty,0.5,369,369-24,0.416667,0.483333,0.141667,0.625,0.625,0.0,0.158333,0.452273,0.500492,0.487487
difficulty,0.5,369,369-25,0.291667,0.433333,0.108333,0.541667,0.533333,0.0,0.208333,0.425164,0.631799,0.5273
difficulty,0.5,369,369-26,0.508333,0.208333,0.6,0.808333,0.516667,0.025,0.0,0.692261,0.421545,0.854483
difficulty,0.5,369,369-27,0.416667,0.475,0.175,0.65,0.65,0.0,0.191667,0.451111,0.548361,0.492105
difficulty,0.5,369,369-28,0.125,0.4,0.0,0.4,0.4,0.0,0.366667,0.355384,0.523733,0.663394
difficulty,0.5,369,369-29,0.45,0.491667,0.325,0.816667,0.75,0.0,0.0,0.525104,0.637976,0.435344
difficulty,0.5,369,369-30,0.508333,0.475,0.45,0.925,0.741667,0.0,0.0,0.589706,0.535723,0.525902
difficulty,0.5,369,369-31,0.508333,0.558333,0.225,0.783333,0.783333,0.0,0.025,0.500709,0.511351,0.400055
difficulty,0.5,369,369-32,0.391667,0.541667,0.091667,0.633333,0.633333,0.0,0.083333,0.451563,0.498667,0.416987
difficulty,0.5,369,369-33,0.0,0.0,0.0,0.0,0.0,0.0,0.966667,0.199087,0.526381,1.454381
difficulty,0.5,369,369-34,0.283333,0.433333,0.058333,0.491667,0.491667,0.0,0.225,0.409254,0.633489,0.533284
difficulty,0.5,369,369-35,0.4,0.441667,0.233333,0.675,0.633333,0.0,0.083333,0.484747,0.613457,0.467459
difficulty,0.5,369,369-36,0.325,0.525,0.066667,0.591667,0.591667,0.0,0.166667,0.430786,0.51728,0.460637
difficulty,0.5,369,369-37,0.45,0.475,0.408333,0.883333,0.691667,0.008333,0.0,0.59123,0.615406,0.534578
difficulty,0.5,369,369-38,0.441667,0.5,0.258333,0.758333,0.7,0.0,0.033333,0.500984,0.592951,0.427379
difficulty,0.5,369,369-39,0.475,0.525,0.35,0.875,0.741667,0.0,0.0,0.552211,0.623999,0.458188
difficulty,0.5,369,369-40,0.516667,0.441667,0.508333,0.95,0.675,0.0,0.0,0.612995,0.451058,0.582262
difficulty,0.5,369,369-41,0.266667,0.491667,0.025,0.516667,0.516667,0.0,0.216667,0.411036,0.585053,0.50999
difficulty,0.5,369,369-42,0.366667,0.541667,0.058333,0.6,0.6,0.0,0.108333,0.444895,0.446551,0.4233
difficulty,0.5,369,369-43,0.033333,0.325,0.0,0.325,0.325,0.0,0.366667,0.342574,0.448723,0.689087
difficulty,0.5,369,369-44,0.241667,0.475,0.016667,0.491667,0.491667,0.0,0.241667,0.402427,0.575024,0.525848
difficulty,0.5,369,369-45,0.483333,0.508333,0.25,0.758333,0.7,0.0,0.025,0.504571,0.509347,0.431753
difficulty,0.5,369,369-46,0.491667,0.45,0.491667,0.941667,0.708333,0.0,0.0,0.596826,0.465127,0.538411
difficulty,0.5,369,369-47,0.208333,0.491667,0.0,0.491667,0.491667,0.0,0.258333,0.389296,0.462639,0.538618
difficulty,0.5,369,369-48,0.45,0.533333,0.275,0.808333,0.725,0.0,0.025,0.516899,0.553964,0.440322
difficulty,0.5,369,369-49,0.0,0.108333,0.0,0.108333,0.108333,0.0,0.525,0.284633,0.448572,0.974682
difficulty,0.5,369,369-50,0.058333,0.341667,0.0,0.341667,0.341667,0.0,0.333333,0.344305,0.419946,0.683916
difficulty,0.5,369,369-51,0.466667,0.466667,0.341667,0.808333,0.683333,0.0,0.008333,0.535011,0.623387,0.47754
difficulty,0.5,369,369-52,0.55,0.108333,0.708333,0.816667,0.55,0.058333,0.0,0.702164,0.530346,0.900807
difficulty,0.5,369,369-53,0.516667,0.416667,0.533333,0.95,0.683333,0.0,0.0,0.624346,0.503006,0.589207
difficulty,0.5,369,369-54,0.25,0.483333,0.05,0.533333,0.533333,0.0,0.208333,0.412581,0.530822,0.497871
difficulty,0.5,369,369-55,0.575,0.4,0.516667,0.916667,0.666667,0.016667,0.0,0.639803,0.50785,0.629627
difficulty,0.5,369,369-56,0.491667,0.441667,0.425,0.866667,0.716667,0.0,0.0,0.559071,0.46161,0.4793
difficulty,0.5,369,369-57,0.3,0.525,0.075,0.6,0.6,0.0,0.191667,0.429191,0.479664,0.469572
difficulty,0.5,369,369-58,0.075,0.508333,0.0,0.508333,0.508333,0.0,0.25,0.384531,0.329616,0.506375
difficulty,0.5,369,369-59,0.458333,0.458333,0.333333,0.791667,0.65,0.0,0.016667,0.531189,0.565753,0.47798
difficulty,0.5,369,369-60,0.333333,0.425,0.141667,0.566667,0.566667,0.0,0.15,0.438367,0.634443,0.506461
difficulty,0.5,369,369-61,0.0,0.0,0.0,0.0,0.0,0.0,0.775,0.231427,0.485986,1.262766
difficulty,0.5,369,369-62,0.508333,0.533333,0.391667,0.925,0.808333,0.0,0.0,0.557713,0.449403,0.441416
difficulty,0.5,369,369-63,0.0,0.016667,0.0,0.016667,0.016667,0.0,0.6,0.270406,0.408795,1.037058
difficulty,0.5,369,369-64,0.258333,0.508333,0.041667,0.55,0.55,0.0,0.191667,0.412369,0.593153,0.484336
difficulty,0.5,369,369-65,0.55,0.45,0.491667,0.941667,0.666667,0.008333,0.0,0.634032,0.532354,0.615958
difficulty,0.5,369,369-66,0.191667,0.483333,0.0,0.483333,0.483333,0.0,0.25,0.387907,0.4257,0.526123
difficulty,0.5,369,369-67,0.525,0.3,0.558333,0.858333,0.583333,0.025,0.0,0.670732,0.463828,0.761849
difficulty,0.5,369,369-68,0.541667,0.483333,0.491667,0.975,0.741667,0.0,0.0,0.615282,0.49274,0.551483
difficulty,0.5,369,369-69,0.033333,0.225,0.0,0.225,0.225,0.0,0.5,0.302459,0.60803,0.895269
difficulty,0.5,369,369-70,0.541667,0.216667,0.616667,0.833333,0.566667,0.008333,0.0,0.684694,0.469412,0.818451
difficulty,0.5,369,369-71,0.35,0.516667,0.1,0.616667,0.616667,0.0,0.15,0.442745,0.538702,0.467545
difficulty,0.5,369,369-72,0.3,0.525,0.066667,0.591667,0.591667,0.0,0.183333,0.424583,0.472656,0.481908
difficulty,0.5,369,369-73,0.525,0.458333,0.466667,0.925,0.733333,0.0,0.0,0.581688,0.533645,0.509443
difficulty,0.5,369,369-74,0.425,0.041667,0.683333,0.725,0.425,0.1,0.0,0.732613,0.434018,1.056865
difficulty,0.5,369,369-75,0.566667,0.583333,0.391667,0.975,0.833333,0.0,0.0,0.572881,0.647932,0.413429
difficulty,0.5,369,369-76,0.483333,0.483333,0.308333,0.791667,0.725,0.0,0.041667,0.519531,0.584639,0.440097
difficulty,0.5,369,369-77,0.491667,0.5,0.458333,0.958333,0.741667,0.0,0.0,0.588011,0.556115,0.524276
difficulty,0.5,369,369-78,0.516667,0.416667,0.491667,0.908333,0.683333,0.008333,0.0,0.630868,0.517,0.625211
difficulty,0.5,369,369-79,0.0,0.0,0.5,0.5,0.0,0.283333,0.0,0.811127,0.348932,1.517337
difficulty,0.5,369,369-80,0.483333,0.45,0.491667,0.941667,0.683333,0.0,0.0,0.612282,0.495941,0.57528
difficulty,0.5,369,369-81,0.475,0.516667,0.341667,0.858333,0.75,0.0,0.008333,0.539179,0.502388,0.447936
difficulty,0.5,369,369-82,0.516667,0.233333,0.608333,0.841667,0.533333,0.041667,0.0,0.690308,0.464174,0.847972
difficulty,0.5,369,369-83,0.258333,0.533333,0.016667,0.55,0.55,0.0,0.225,0.409105,0.532996,0.501964
difficulty,0.5,369,369-84,0.616667,0.241667,0.641667,0.883333,0.625,0.016667,0.0,0.676631,0.513275,0.776921
difficulty,0.5,369,369-85,0.016667,0.0,0.625,0.625,0.016667,0.208333,0.0,0.790903,0.392635,1.378694
difficulty,0.5,369,369-86,0.183333,0.458333,0.008333,0.466667,0.466667,0.0,0.308333,0.378289,0.582915,0.611225
difficulty,0.5,369,369-87,0.558333,0.458333,0.516667,0.975,0.7,0.0,0.0,0.622924,0.547503,0.561148
difficulty,0.5,369,369-88,0.6,0.433333,0.525,0.958333,0.691667,0.0,0.0,0.624569,0.557656,0.560191
difficulty,0.5,369,369-89,0.033333,0.3,0.0,0.3,0.3,0.0,0.45,0.323636,0.537079,0.789945
difficulty,0.5,369,369-90,0.0,0.0,0.0,0.0,0.0,0.0,0.958333,0.198709,0.40822,1.459251
difficulty,0.5,369,369-91,0.0,0.0,0.0,0.0,0.0,0.625,0.0,0.868421,0.275684,1.932672
difficulty,0.5,369,369-92,0.0,0.0,0.0,0.0,0.0,0.0,1.0,0.190633,0.48335,1.505278
difficulty,0.5,369,369-93,0.533333,0.075,0.708333,0.783333,0.533333,0.05,0.0,0.704927,0.521141,0.91559
difficulty,0.5,369,369-94,0.258333,0.0,0.691667,0.691667,0.258333,0.183333,0.0,0.764579,0.391998,1.227053
difficulty,0.5,369,369-95,0.033333,0.308333,0.0,0.308333,0.308333,0.0,0.383333,0.338849,0.519978,0.71485
difficulty,0.5,369,369-96,0.316667,0.466667,0.1,0.566667,0.566667,0.0,0.166667,0.429343,0.639293,0.497318
difficulty,0.5,369,369-97,0.0,0.0,0.0,0.0,0.0,0.0,0.791667,0.233455,0.380159,1.237636
difficulty,0.5,369,369-98,0.316667,0.5,0.066667,0.566667,0.566667,0.0,0.158333,0.427816,0.534965,0.483876
difficulty,0.5,369,369-99,0.0,0.0,0.0,0.0,0.0,0.0,1.0,0.143066,0.286386,1.841153
difficulty,0.5,369,369-100,0.0,0.0,0.433333,0.433333,0.0,0.258333,0.0,0.822003,0.370422,1.570983
difficulty,0.5,369,369-101,0.216667,0.466667,0.0,0.466667,0.466667,0.0,0.275,0.39094,0.550539,0.565817
difficulty,0.5,369,369-102,0.425,0.5,0.141667,0.641667,0.641667,0.0,0.108333,0.460157,0.485126,0.441343
difficulty,0.5,369,369-103,0.0,0.0,0.0,0.0,0.0,0.0,1.0,0.202276,0.401855,1.429368
difficulty,0.5,369,369-104,0.608333,0.491667,0.458333,0.95,0.716667,0.0,0.0,0.621371,0.590175,0.55237
difficulty,0.5,369,369-105,0.516667,0.516667,0.4,0.916667,0.775,0.0,0.0,0.560879,0.545937,0.449104
difficulty,0.5,369,369-106,0.541667,0.283333,0.591667,0.875,0.6,0.016667,0.0,0.670649,0.474957,0.764109
difficulty,0.5,369,369-107,0.483333,0.458333,0.366667,0.825,0.7,0.0,0.0,0.543409,0.538531,0.476333
difficulty,0.5,369,369-108,0.441667,0.5,0.183333,0.683333,0.65,0.0,0.05,0.482749,0.525592,0.425965
difficulty,0.5,369,369-109,0.408333,0.483333,0.216667,0.7,0.65,0.0,0.083333,0.487428,0.592417,0.46589
difficulty,0.5,369,369-110,0.233333,0.0,0.625,0.625,0.233333,0.216667,0.0,0.77147,0.383176,1.281487
difficulty,0.5,369,369-111,0.525,0.466667,0.441667,0.908333,0.7,0.0,0.0,0.597405,0.507326,0.546163
difficulty,0.5,369,369-112,0.075,0.341667,0.0,0.341667,0.341667,0.0,0.35,0.341552,0.604652,0.7192
difficulty,0.5,369,369-113,0.533333,0.466667,0.441667,0.908333,0.775,0.0,0.0,0.569717,0.530377,0.480165
difficulty,0.5,369,369-114,0.475,0.466667,0.4,0.866667,0.725,0.0,0.016667,0.552924,0.56267,0.479494
difficulty,0.5,369,369-115,0.2,0.475,0.025,0.5,0.5,0.0,0.25,0.397422,0.566259,0.523588
difficulty,0.5,369,369-116,0.391667,0.508333,0.2,0.708333,0.691667,0.0,0.05,0.480939,0.634126,0.420326
difficulty,0.5,369,369-117,0.175,0.5,0.0,0.5,0.5,0.0,0.316667,0.376164,0.45785,0.597773
difficulty,0.5,369,369-118,0.541667,0.358333,0.525,0.883333,0.616667,0.025,0.0,0.65261,0.513392,0.685208
difficulty,0.5,369,369-119,0.541667,0.4,0.516667,0.916667,0.658333,0.016667,0.0,0.637571,0.481908,0.638862
difficulty,0.5,369,369-120,0.0,0.083333,0.0,0.083333,0.083333,0.0,0.591667,0.277387,0.46458,1.006569
difficulty,0.5,369,369-121,0.0,0.141667,0.0,0.141667,0.141667,0.0,0.483333,0.300129,0.437928,0.894315
difficulty,0.5,369,369-122,0.616667,0.35,0.575,0.925,0.65,0.008333,0.0,0.651974,0.507851,0.664685
difficulty,0.5,369,369-123,0.466667,0.125,0.633333,0.758333,0.466667,0.075,0.0,0.712199,0.447035,0.957725
difficulty,0.5,369,369-124,0.0,0.0,0.0,0.0,0.0,0.0,0.991667,0.198316,0.410433,1.469035
difficulty,0.5,369,369-125,0.591667,0.333333,0.558333,0.891667,0.633333,0.025,0.0,0.657448,0.550774,0.695712
difficulty,0.5,369,369-126,0.508333,0.483333,0.458333,0.941667,0.666667,0.0,0.0,0.619723,0.509101,0.575028
difficulty,0.5,369,369-127,0.533333,0.25,0.533333,0.783333,0.533333,0.1,0.0,0.698467,0.489527,0.900428
difficulty,0.5,369,369-128,0.491667,0.508333,0.391667,0.9,0.783333,0.0,0.0,0.565494,0.581996,0.456933
difficulty,0.5,369,369-129,0.15,0.0,0.658333,0.658333,0.15,0.208333,0.0,0.773002,0.428113,1.279389
difficulty,0.5,369,369-130,0.45,0.416667,0.525,0.941667,0.691667,0.0,0.0,0.611613,0.568706,0.59034
difficulty,0.5,369,369-131,0.483333,0.483333,0.45,0.933333,0.708333,0.0,0.0,0.588316,0.54099,0.508091
difficulty,0.5,369,369-132,0.541667,0.508333,0.458333,0.966667,0.783333,0.0,0.0,0.584994,0.531936,0.480749
difficulty,0.5,369,369-133,0.0,0.058333,0.0,0.058333,0.058333,0.0,0.6,0.267434,0.480531,1.06323
difficulty,0.5,369,369-134,0.4,0.508333,0.275,0.783333,0.666667,0.0,0.041667,0.526012,0.698169,0.482042
difficulty,0.5,369,369-135,0.0,0.0,0.525,0.525,0.0,0.275,0.0,0.806397,0.368363,1.490226
difficulty,0.5,369,369-136,0.525,0.075,0.741667,0.816667,0.525,0.033333,0.0,0.705014,0.522243,0.909527
difficulty,0.5,369,369-137,0.233333,0.458333,0.033333,0.491667,0.491667,0.0,0.216667,0.395767,0.558689,0.549796
difficulty,0.5,369,369-138,0.6,0.358333,0.533333,0.891667,0.633333,0.016667,0.0,0.654914,0.557517,0.689296
difficulty,0.5,369,369-139,0.508333,0.508333,0.45,0.958333,0.75,0.0,0.0,0.58104,0.562314,0.499933
difficulty,0.5,369,369-140,0.0,0.041667,0.0,0.041667,0.041667,0.0,0.525,0.279773,0.443501,0.995687
difficulty,0.5,369,369-141,0.3,0.483333,0.075,0.558333,0.558333,0.0,0.2,0.422219,0.587806,0.515322
difficulty,0.5,369,369-142,0.0,0.0,0.0,0.0,0.0,0.0,0.741667,0.248549,0.328524,1.151096
difficulty,0.5,369,369-143,0.558333,0.341667,0.558333,0.9,0.625,0.016667,0.0,0.661097,0.500281,0.717756
difficulty,0.5,369,369-144,0.366667,0.516667,0.133333,0.65,0.641667,0.0,0.108333,0.455477,0.590697,0.436764
difficulty,0.5,369,369-145,0.033333,0.291667,0.0,0.291667,0.291667,0.0,0.416667,0.329465,0.499062,0.756636
difficulty,0.5,369,369-146,0.466667,0.491667,0.383333,0.875,0.675,0.0,0.0,0.563124,0.579622,0.509166
difficulty,0.5,369,369-147,0.483333,0.441667,0.375,0.816667,0.708333,0.0,0.041667,0.531432,0.528992,0.471251
difficulty,0.5,369,369-148,0.258333,0.516667,0.0,0.516667,0.516667,0.0,0.225,0.402843,0.490754,0.496545
difficulty,0.5,369,369-149,0.583333,0.325,0.566667,0.891667,0.641667,0.008333,0.0,0.661936,0.519962,0.725192
difficulty,0.5,369,369-150,0.483333,0.416667,0.533333,0.95,0.683333,0.0,0.0,0.611295,0.476603,0.580799
difficulty,0.5,369,369-151,0.433333,0.516667,0.183333,0.7,0.683333,0.0,0.116667,0.471018,0.530466,0.465974
difficulty,0.5,369,369-152,0.5,0.5,0.341667,0.841667,0.766667,0.0,0.0,0.53361,0.555526,0.433426
difficulty,0.5,369,369-153,0.525,0.25,0.575,0.825,0.525,0.058333,0.0,0.686303,0.479154,0.831343
difficulty,0.5,369,369-154,0.0,0.0,0.0,0.0,0.0,0.0,1.0,0.178548,0.387066,1.591908
difficulty,0.5,369,369-155,0.541667,0.166667,0.65,0.816667,0.541667,0.075,0.0,0.700009,0.498623,0.900491
difficulty,0.5,369,369-156,0.175,0.508333,0.0,0.508333,0.508333,0.0,0.275,0.386281,0.414105,0.53112
difficulty,0.5,369,369-157,0.45,0.516667,0.141667,0.658333,0.658333,0.0,0.1,0.469566,0.466717,0.42935
difficulty,0.5,369,369-158,0.558333,0.375,0.558333,0.933333,0.641667,0.0,0.0,0.647726,0.458034,0.651606
difficulty,0.5,369,369-159,0.4,0.483333,0.183333,0.666667,0.641667,0.0,0.116667,0.46753,0.529648,0.4604
difficulty,0.5,369,369-160,0.433333,0.05,0.7,0.75,0.433333,0.075,0.0,0.723799,0.447543,1.009513
difficulty,0.5,369,369-161,0.191667,0.45,0.033333,0.483333,0.483333,0.0,0.291667,0.388334,0.513228,0.561569
difficulty,0.5,369,369-162,0.433333,0.491667,0.2,0.691667,0.675,0.0,0.066667,0.479197,0.531864,0.436627
difficulty,0.5,369,369-163,0.0,0.0,0.0,0.0,0.0,0.0,1.0,0.124424,0.274169,1.999233
difficulty,0.5,369,369-164,0.525,0.216667,0.616667,0.833333,0.525,0.05,0.0,0.694429,0.452356,0.870612
difficulty,0.5,369,369-165,0.016667,0.35,0.0,0.35,0.35,0.0,0.391667,0.336421,0.47166,0.729019
difficulty,0.5,369,369-166,0.358333,0.058333,0.666667,0.725,0.358333,0.158333,0.0,0.739399,0.46496,1.10528
difficulty,0.5,369,369-167,0.466667,0.433333,0.466667,0.9,0.666667,0.008333,0.0,0.618003,0.565898,0.606055
difficulty,0.5,369,369-168,0.525,0.166667,0.633333,0.8,0.525,0.066667,0.0,0.697363,0.538852,0.883038
difficulty,0.5,369,369-169,0.316667,0.458333,0.141667,0.6,0.6,0.0,0.216667,0.431108,0.581459,0.542527
difficulty,0.5,369,369-170,0.441667,0.408333,0.458333,0.866667,0.633333,0.025,0.0,0.609496,0.494447,0.622102
difficulty,0.5,369,369-171,0.4,0.45,0.166667,0.616667,0.6,0.0,0.166667,0.453538,0.528493,0.496288
difficulty,0.5,369,369-172,0.433333,0.475,0.25,0.725,0.641667,0.0,0.041667,0.502527,0.536416,0.445321
difficulty,0.5,369,369-173,0.533333,0.541667,0.35,0.891667,0.816667,0.0,0.008333,0.542562,0.445672,0.434723
difficulty,0.5,369,369-174,0.416667,0.45,0.316667,0.766667,0.633333,0.0,0.0,0.527274,0.661677,0.500803
difficulty,0.5,369,369-175,0.333333,0.516667,0.058333,0.575,0.575,0.0,0.175,0.424277,0.541441,0.468179
difficulty,0.5,369,369-176,0.483333,0.408333,0.466667,0.875,0.691667,0.0,0.0,0.571836,0.548818,0.52393
difficulty,0.5,369,369-177,0.508333,0.291667,0.566667,0.858333,0.566667,0.041667,0.0,0.671796,0.496584,0.773139
difficulty,0.5,369,369-178,0.3,0.483333,0.041667,0.525,0.525,0.0,0.208333,0.41407,0.567797,0.494729
difficulty,0.5,369,369-179,0.0,0.133333,0.0,0.133333,0.133333,0.0,0.558333,0.27976,0.630412,1.011595
difficulty,0.5,369,369-180,0.516667,0.508333,0.35,0.858333,0.775,0.0,0.0,0.53731,0.589065,0.426294
difficulty,0.5,369,369-181,0.441667,0.5,0.341667,0.841667,0.725,0.0,0.016667,0.541539,0.58579,0.462321
difficulty,0.5,369,369-182,0.541667,0.45,0.483333,0.933333,0.75,0.0,0.0,0.600815,0.503818,0.548071
difficulty,0.5,369,369-183,0.425,0.441667,0.291667,0.733333,0.633333,0.0,0.041667,0.509426,0.596443,0.467703
difficulty,0.5,369,369-184,0.441667,0.491667,0.258333,0.75,0.7,0.0,0.05,0.496682,0.560779,0.467846
difficulty,0.5,369,369-185,0.0,0.158333,0.0,0.158333,0.158333,0.0,0.45,0.297079,0.383385,0.905325
difficulty,0.5,369,369-186,0.308333,0.433333,0.108333,0.541667,0.541667,0.0,0.2,0.423699,0.563192,0.5185
difficulty,0.5,369,369-187,0.366667,0.458333,0.183333,0.641667,0.608333,0.0,0.1,0.468303,0.600634,0.48261
difficulty,0.5,369,369-188,0.133333,0.441667,0.0,0.441667,0.441667,0.0,0.316667,0.368357,0.571846,0.599121
difficulty,0.5,369,369-189,0.491667,0.475,0.333333,0.808333,0.716667,0.0,0.016667,0.527727,0.56552,0.448301
difficulty,0.5,369,369-190,0.475,0.483333,0.375,0.858333,0.733333,0.0,0.0,0.556809,0.625393,0.490431
difficulty,0.5,369,369-191,0.45,0.5,0.316667,0.816667,0.716667,0.0,0.033333,0.522582,0.610655,0.447032
difficulty,0.5,369,369-192,0.383333,0.475,0.166667,0.641667,0.625,0.0,0.133333,0.461912,0.502797,0.464411
difficulty,0.5,369,369-193,0.45,0.45,0.291667,0.741667,0.658333,0.0,0.05,0.508567,0.594359,0.462087
difficulty,0.5,369,369-194,0.5,0.516667,0.416667,0.933333,0.775,0.0,0.0,0.572786,0.568736,0.483953
difficulty,0.5,369,369-195,0.0,0.0,0.0,0.0,0.0,0.0,1.0,0.120345,0.156484,2.024159
difficulty,0.5,369,369-196,0.333333,0.475,0.075,0.55,0.55,0.0,0.125,0.434772,0.616013,0.458179
difficulty,0.5,369,369-197,0.0,0.0,0.0,0.0,0.0,0.0,0.608333,0.265841,0.314363,1.053094
difficulty,0.5,369,369-198,0.541667,0.516667,0.408333,0.925,0.775,0.0,0.0,0.570531,0.605384,0.458945
difficulty,0.5,369,369-199,0.0,0.0,0.0,0.0,0.0,0.0,0.991667,0.196902,0.435561,1.493453
difficulty,0.5,1024,1024-0,0.358333,0.458333,0.175,0.633333,0.616667,0.0,0.166667,0.453614,0.517892,0.485601
difficulty,0.5,1024,1024-1,0.483333,0.483333,0.258333,0.741667,0.716667,0.0,0.041667,0.495279,0.528745,0.42982
difficulty,0.5,1024,1024-2,0.0,0.0,0.366667,0.366667,0.0,0.3,0.0,0.826626,0.343493,1.614075
difficulty,0.5,1024,1024-3,0.458333,0.491667,0.316667,0.808333,0.725,0.0,0.016667,0.523095,0.566705,0.441718
difficulty,0.5,1024,1024-4,0.366667,0.108333,0.6,0.708333,0.366667,0.141667,0.0,0.733051,0.437031,1.074816
difficulty,0.5,1024,1024-5,0.516667,0.416667,0.508333,0.925,0.675,0.0,0.0,0.610108,0.431028,0.582059
difficulty,0.5,1024,1024-6,0.433333,0.483333,0.225,0.708333,0.683333,0.0,0.083333,0.483102,0.558627,0.468587
difficulty,0.5,1024,1024-7,0.25,0.533333,0.025,0.558333,0.558333,0.0,0.191667,0.411396,0.507036,0.489077
difficulty,0.5,1024,1024-8,0.358333,0.483333,0.125,0.608333,0.6,0.0,0.141667,0.446281,0.610678,0.476656
difficulty,0.5,1024,1024-9,0.491667,0.458333,0.475,0.933333,0.708333,0.0,0.0,0.599384,0.463401,0.551562
difficulty,0.5,1024,1024-10,0.0,0.191667,0.0,0.191667,0.191667,0.0,0.483333,0.299136,0.436016,0.908732
difficulty,0.5,1024,1024-11,0.358333,0.425,0.15,0.575,0.575,0.0,0.183333,0.438661,0.669834,0.526518
difficulty,0.5,1024,1024-12,0.391667,0.041667,0.7,0.741667,0.391667,0.108333,0.0,0.732134,0.455107,1.057527
difficulty,0.5,1024,1024-13,0.533333,0.408333,0.5,0.908333,0.675,0.025,0.0,0.634694,0.501012,0.637491
difficulty,0.5,1024,1024-14,0.491667,0.516667,0.366667,0.883333,0.775,0.0,0.0,0.549108,0.543122,0.43754
difficulty,0.5,1024,1024-15,0.358333,0.458333,0.125,0.583333,0.583333,0.0,0.125,0.44609,0.61246,0.47559
difficulty,0.5,1024,1024-16,0.116667,0.383333,0.008333,0.391667,0.391667,0.0,0.35,0.357459,0.626842,0.668115
difficulty,0.5,1024,1024-17,0.1,0.0,0.6,0.6,0.1,0.225,0.0,0.784448,0.411999,1.352021
difficulty,0.5,1024,1024-18,0.458333,0.491667,0.416667,0.908333,0.683333,0.0,0.0,0.596066,0.57926,0.559394
difficulty,0.5,1024,1024-19,0.125,0.416667,0.0,0.416667,0.416667,0.0,0.341667,0.363498,0.471763,0.631626
difficulty,0.5,1024,1024-20,0.141667,0.441667,0.0,0.441667,0.441667,0.0,0.325,0.37207,0.579282,0.591993
difficulty,0.5,1024,1024-21,0.35,0.508333,0.083333,0.591667,0.591667,0.0,0.158333,0.435392,0.525268,0.466762
difficulty,0.5,1024,1024-22,0.391667,0.491667,0.116667,0.608333,0.6,0.0,0.125,0.44953,0.519736,0.455728
difficulty,0.5,1024,1024-23,0.466667,0.475,0.466667,0.941667,0.725,0.0,0.0,0.59452,0.576297,0.526753
difficulty,0.5,1024,1024-24,0.533333,0.3,0.55,0.85,0.575,0.025,0.0,0.672222,0.544669,0.769881
difficulty,0.5,1024,1024-25,0.508333,0.508333,0.25,0.758333,0.75,0.0,0.033333,0.500253,0.514864,0.413094
difficulty,0.5,1024,1024-26,0.608333,0.341667,0.541667,0.883333,0.625,0.041667,0.0,0.66192,0.545058,0.718305
difficulty,0.5,1024,1024-27,0.016667,0.241667,0.0,0.241667,0.241667,0.0,0.425,0.317678,0.509881,0.809178
difficulty,0.5,1024,1024-28,0.491667,0.533333,0.408333,0.941667,0.766667,0.0,0.0,0.572293,0.617115,0.471655
difficulty,0.5,1024,1024-29,0.55,0.483333,0.458333,0.941667,0.775,0.0,0.0,0.595731,0.610373,0.51739
difficulty,0.5,1024,1024-30,0.566667,0.258333,0.608333,0.866667,0.583333,0.008333,0.0,0.670074,0.541861,0.74801
difficulty,0.5,1024,1024-31,0.55,0.358333,0.533333,0.891667,0.65,0.033333,0.0,0.64749,0.57346,0.678995
difficulty,0.5,1024,1024-32,0.641667,0.508333,0.45,0.958333,0.75,0.008333,0.0,0.619121,0.663446,0.543037
difficulty,0.5,1024,1024-33,0.0,0.0,0.0,0.0,0.0,0.0,0.941667,0.220721,0.345053,1.308182
difficulty,0.5,1024,1024-34,0.3,0.533333,0.041667,0.575,0.575,0.0,0.175,0.419939,0.585938,0.4666
difficulty,0.5,1024,1024-35,0.0,0.075,0.0,0.075,0.075,0.0,0.583333,0.274851,0.398711,1.02012
difficulty,0.5,1024,1024-36,0.466667,0.491667,0.175,0.666667,0.666667,0.0,0.075,0.47022,0.561122,0.435283
difficulty,0.5,1024,1024-37,0.0,0.0,0.0,0.0,0.0,0.0,0.85,0.236862,0.268229,1.215519
difficulty,0.5,1024,1024-38,0.558333,0.341667,0.6,0.941667,0.65,0.008333,0.0,0.649172,0.477286,0.666953
difficulty,0.5,1024,1024-39,0.391667,0.475,0.183333,0.658333,0.641667,0.0,0.091667,0.464499,0.496037,0.454003
difficulty,0.5,1024,1024-40,0.591667,0.366667,0.558333,0.925,0.658333,0.016667,0.0,0.64726,0.524309,0.660859
difficulty,0.5,1024,1024-41,0.233333,0.441667,0.075,0.516667,0.516667,0.0,0.283333,0.399826,0.602511,0.576027
difficulty,0.5,1024,1024-42,0.458333,0.525,0.233333,0.758333,0.708333,0.0,0.033333,0.49603,0.545377,0.437923
difficulty,0.5,1024,1024-43,0.566667,0.425,0.525,0.95,0.675,0.008333,0.0,0.630264,0.513251,0.594591
difficulty,0.5,1024,1024-44,0.183333,0.541667,0.0,0.541667,0.541667,0.0,0.233333,0.397292,0.374119,0.490246
difficulty,0.5,1024,1024-45,0.0,0.0,0.0,0.0,0.0,0.0,0.866667,0.219972,0.427968,1.33223
difficulty,0.5,1024,1024-46,0.0,0.0,0.35,0.35,0.0,0.308333,0.0,0.828142,0.338852,1.626365
difficulty,0.5,1024,1024-47,0.0,0.083333,0.0,0.083333,0.083333,0.0,0.6,0.265098,0.452846,1.076103
difficulty,0.5,1024,1024-48,0.566667,0.458333,0.466667,0.925,0.75,0.0,0.0,0.585427,0.468707,0.502549
difficulty,0.5,1024,1024-49,0.458333,0.35,0.466667,0.816667,0.591667,0.066667,0.0,0.660783,0.494252,0.768536
difficulty,0.5,1024,1024-50,0.5,0.5,0.441667,0.941667,0.741667,0.0,0.0,0.584288,0.587578,0.499215
difficulty,0.5,1024,1024-51,0.0,0.0,0.0,0.0,0.0,0.0,0.691667,0.253136,0.338535,1.12466
difficulty,0.5,1024,1024-52,0.516667,0.416667,0.5,0.916667,0.675,0.008333,0.0,0.624044,0.48162,0.605568
difficulty,0.5,1024,1024-53,0.508333,0.508333,0.416667,0.925,0.8,0.0,0.0,0.566642,0.519641,0.443842
difficulty,0.5,1024,1024-54,0.475,0.408333,0.45,0.858333,0.65,0.0,0.0,0.62701,0.522162,0.648295
difficulty,0.5,1024,1024-55,0.0,0.0,0.0,0.0,0.0,0.0,1.0,0.196789,0.322835,1.473575
difficulty,0.5,1024,1024-56,0.416667,0.491667,0.233333,0.725,0.691667,0.0,0.058333,0.489013,0.610362,0.44804
difficulty,0.5,1024,1024-57,0.341667,0.541667,0.008333,0.55,0.55,0.0,0.2,0.41898,0.489493,0.491669
difficulty,0.5,1024,1024-58,0.0,0.166667,0.0,0.166667,0.166667,0.0,0.458333,0.304577,0.452482,0.867564
difficulty,0.5,1024,1024-59,0.425,0.475,0.225,0.7,0.65,0.0,0.05,0.486646,0.592042,0.464936
difficulty,0.5,1024,1024-60,0.0,0.058333,0.0,0.058333,0.058333,0.0,0.616667,0.270047,0.521354,1.041521
difficulty,0.5,1024,1024-61,0.491667,0.541667,0.25,0.791667,0.75,0.0,0.016667,0.51136,0.497781,0.413404
difficulty,0.5,1024,1024-62,0.183333,0.433333,0.025,0.458333,0.458333,0.0,0.275,0.382744,0.480538,0.590024
difficulty,0.5,1024,1024-63,0.408333,0.483333,0.15,0.633333,0.633333,0.0,0.116667,0.460301,0.546112,0.448137
difficulty,0.5,1024,1024-64,0.408333,0.491667,0.166667,0.658333,0.641667,0.0,0.1,0.461673,0.622594,0.459441
difficulty,0.5,1024,1024-65,0.0,0.0,0.0,0.0,0.0,0.0,0.975,0.213694,0.350782,1.354035
difficulty,0.5,1024,1024-66,0.416667,0.441667,0.266667,0.708333,0.666667,0.0,0.066667,0.493026,0.599721,0.459101
difficulty,0.5,1024,1024-67,0.525,0.508333,0.441667,0.95,0.766667,0.0,0.0,0.579888,0.546794,0.465426
difficulty,0.5,1024,1024-68,0.241667,0.491667,0.025,0.516667,0.516667,0.0,0.225,0.402795,0.544971,0.521034
difficulty,0.5,1024,1024-69,0.508333,0.5,0.275,0.775,0.716667,0.0,0.008333,0.514032,0.502891,0.424483
difficulty,0.5,1024,1024-70,0.525,0.516667,0.341667,0.858333,0.75,0.0,0.0,0.540513,0.558761,0.43123
difficulty,0.5,1024,1024-71,0.508333,0.516667,0.366667,0.883333,0.75,0.0,0.0,0.549386,0.568682,0.4503
difficulty,0.5,1024,1024-72,0.3,0.508333,0.058333,0.566667,0.566667,0.0,0.216667,0.413361,0.52249,0.51037
difficulty,0.5,1024,1024-73,0.408333,0.466667,0.275,0.741667,0.666667,0.0,0.05,0.502486,0.55751,0.457989
difficulty,0.5,1024,1024-74,0.333333,0.475,0.083333,0.558333,0.558333,0.0,0.183333,0.427817,0.623971,0.488378
difficulty,0.5,1024,1024-75,0.441667,0.483333,0.341667,0.825,0.7,0.0,0.0,0.537404,0.576947,0.467045
difficulty,0.5,1024,1024-76,0.0,0.0,0.616667,0.616667,0.0,0.208333,0.0,0.793231,0.407008,1.388422
difficulty,0.5,1024,1024-77,0.533333,0.366667,0.475,0.841667,0.6,0.041667,0.0,0.66479,0.534679,0.750516
difficulty,0.5,1024,1024-78,0.491667,0.475,0.441667,0.916667,0.75,0.0,0.0,0.589012,0.545129,0.515076
difficulty,0.5,1024,1024-79,0.508333,0.466667,0.425,0.891667,0.716667,0.0,0.0,0.58187,0.550002,0.519701
difficulty,0.5,1024,1024-80,0.475,0.541667,0.208333,0.75,0.7,0.0,0.016667,0.49726,0.521429,0.416051
difficulty,0.5,1024,1024-81,0.483333,0.483333,0.408333,0.891667,0.733333,0.0,0.0,0.561668,0.507533,0.485454
difficulty,0.5,1024,1024-82,0.583333,0.575,0.425,1.0,0.875,0.0,0.0,0.578466,0.564655,0.428368
difficulty,0.5,1024,1024-83,0.491667,0.475,0.4,0.875,0.725,0.0,0.008333,0.560418,0.54017,0.494176
difficulty,0.5,1024,1024-84,0.025,0.0,0.691667,0.691667,0.025,0.166667,0.0,0.779762,0.45346,1.308594
difficulty,0.5,1024,1024-85,0.325,0.55,0.058333,0.608333,0.608333,0.0,0.15,0.435288,0.531838,0.43244
difficulty,0.5,1024,1024-86,0.516667,0.55,0.408333,0.958333,0.758333,0.0,0.0,0.585662,0.633986,0.463388
difficulty,0.5,1024,1024-87,0.216667,0.416667,0.058333,0.475,0.475,0.0,0.225,0.401264,0.632726,0.548221
difficulty,0.5,1024,1024-88,0.541667,0.425,0.491667,0.916667,0.633333,0.0,0.0,0.640667,0.497338,0.636586
difficulty,0.5,1024,1024-89,0.416667,0.5,0.166667,0.666667,0.65,0.0,0.116667,0.469311,0.573652,0.453733
difficulty,0.5,1024,1024-90,0.0,0.291667,0.0,0.291667,0.291667,0.0,0.4,0.322185,0.404539,0.786093
difficulty,0.5,1024,1024-91,0.433333,0.466667,0.391667,0.858333,0.65,0.008333,0.0,0.586035,0.596845,0.557718
difficulty,0.5,1024,1024-92,0.475,0.491667,0.25,0.741667,0.708333,0.0,0.041667,0.50382,0.576997,0.436687
difficulty,0.5,1024,1024-93,0.0,0.0,0.0,0.0,0.0,0.0,0.791667,0.229428,0.454112,1.263599
difficulty,0.5,1024,1024-94,0.466667,0.508333,0.3,0.808333,0.741667,0.0,0.008333,0.520591,0.588354,0.418022
difficulty,0.5,1024,1024-95,0.458333,0.391667,0.416667,0.808333,0.633333,0.0,0.008333,0.562169,0.567789,0.541466
difficulty,0.5,1024,1024-96,0.508333,0.566667,0.341667,0.908333,0.8,0.0,0.0,0.547967,0.624186,0.428523
difficulty,0.5,1024,1024-97,0.475,0.541667,0.308333,0.85,0.766667,0.0,0.008333,0.529898,0.570753,0.421807
difficulty,0.5,1024,1024-98,0.0,0.2,0.0,0.2,0.2,0.0,0.475,0.303541,0.445264,0.87508
difficulty,0.5,1024,1024-99,0.558333,0.366667,0.525,0.891667,0.633333,0.008333,0.0,0.653009,0.505126,0.689741
difficulty,0.5,1024,1024-100,0.441667,0.475,0.283333,0.758333,0.666667,0.0,0.025,0.509598,0.604011,0.445713
difficulty,0.5,1024,1024-101,0.333333,0.5,0.116667,0.616667,0.616667,0.0,0.158333,0.444893,0.535748,0.464932
difficulty,0.5,1024,1024-102,0.4,0.525,0.1,0.625,0.625,0.0,0.091667,0.453228,0.570009,0.42461
difficulty,0.5,1024,1024-103,0.525,0.558333,0.325,0.883333,0.8,0.0,0.008333,0.539638,0.474404,0.430259
difficulty,0.5,1024,1024-104,0.375,0.408333,0.225,0.633333,0.6,0.0,0.116667,0.467095,0.577436,0.486671
difficulty,0.5,1024,1024-105,0.608333,0.316667,0.558333,0.875,0.633333,0.041667,0.0,0.664401,0.568806,0.72707
difficulty,0.5,1024,1024-106,0.491667,0.458333,0.358333,0.816667,0.666667,0.0,0.008333,0.547733,0.591034,0.486704
difficulty,0.5,1024,1024-107,0.175,0.425,0.025,0.45,0.45,0.0,0.3,0.375112,0.564686,0.607934
difficulty,0.5,1024,1024-108,0.516667,0.5,0.383333,0.883333,0.758333,0.0,0.008333,0.5507,0.529676,0.449328
difficulty,0.5,1024,1024-109,0.158333,0.458333,0.0,0.458333,0.458333,0.0,0.283333,0.382254,0.554234,0.557858
difficulty,0.5,1024,1024-110,0.433333,0.508333,0.25,0.758333,0.716667,0.0,0.083333,0.495256,0.52118,0.454755
difficulty,0.5,1024,1024-111,0.383333,0.416667,0.233333,0.65,0.591667,0.0,0.133333,0.4715,0.650237,0.509816
difficulty,0.5,1024,1024-112,0.391667,0.525,0.091667,0.616667,0.616667,0.0,0.141667,0.445313,0.539649,0.448728
difficulty,0.5,1024,1024-113,0.45,0.508333,0.341667,0.85,0.683333,0.0,0.0,0.545349,0.60793,0.473446
difficulty,0.5,1024,1024-114,0.458333,0.458333,0.433333,0.891667,0.7,0.016667,0.0,0.606672,0.507911,0.590695
difficulty,0.5,1024,1024-115,0.425,0.475,0.383333,0.858333,0.708333,0.0,0.0,0.560547,0.551878,0.49922
difficulty,0.5,1024,1024-116,0.558333,0.275,0.566667,0.841667,0.575,0.05,0.0,0.681048,0.504176,0.809322
difficulty,0.5,1024,1024-117,0.408333,0.025,0.716667,0.741667,0.408333,0.083333,0.0,0.731516,0.454717,1.054224
difficulty,0.5,1024,1024-118,0.541667,0.475,0.483333,0.958333,0.7,0.0,0.0,0.612602,0.534893,0.537817
difficulty,0.5,1024,1024-119,0.0,0.191667,0.0,0.191667,0.191667,0.0,0.516667,0.294219,0.468836,0.931756
difficulty,0.5,1024,1024-120,0.45,0.491667,0.375,0.866667,0.675,0.0,0.0,0.556587,0.540051,0.489861
difficulty,0.5,1024,1024-121,0.0,0.0,0.0,0.0,0.0,0.0,1.0,0.171902,0.405458,1.638731
difficulty,0.5,1024,1024-122,0.491667,0.483333,0.358333,0.841667,0.733333,0.0,0.008333,0.537741,0.479909,0.457327
difficulty,0.5,1024,1024-123,0.508333,0.541667,0.4,0.941667,0.75,0.008333,0.0,0.592026,0.548811,0.502977
difficulty,0.5,1024,1024-124,0.208333,0.508333,0.0,0.508333,0.508333,0.0,0.25,0.384742,0.437089,0.553382
difficulty,0.5,1024,1024-125,0.0,0.075,0.0,0.075,0.075,0.0,0.516667,0.280848,0.388275,0.992959
difficulty,0.5,1024,1024-126,0.25,0.516667,0.008333,0.525,0.525,0.0,0.225,0.401649,0.442509,0.509713
difficulty,0.5,1024,1024-127,0.391667,0.533333,0.133333,0.666667,0.65,0.0,0.083333,0.467642,0.541671,0.424465
difficulty,0.5,1024,1024-128,0.5,0.266667,0.55,0.816667,0.516667,0.066667,0.0,0.688563,0.495931,0.849681
difficulty,0.5,1024,1024-129,0.341667,0.508333,0.058333,0.566667,0.566667,0.0,0.191667,0.427948,0.502491,0.494197
difficulty,0.5,1024,1024-130,0.541667,0.208333,0.633333,0.841667,0.583333,0.033333,0.0,0.682115,0.501859,0.813301
difficulty,0.5,1024,1024-131,0.4,0.483333,0.266667,0.75,0.675,0.0,0.033333,0.502403,0.635158,0.457343
difficulty,0.5,1024,1024-132,0.508333,0.491667,0.45,0.941667,0.758333,0.0,0.0,0.588038,0.519586,0.508505
difficulty,0.5,1024,1024-133,0.116667,0.0,0.575,0.575,0.116667,0.241667,0.0,0.784744,0.364959,1.350258
difficulty,0.5,1024,1024-134,0.316667,0.45,0.116667,0.566667,0.558333,0.0,0.2,0.436239,0.610172,0.50751
difficulty,0.5,1024,1024-135,0.35,0.441667,0.15,0.591667,0.566667,0.0,0.125,0.455847,0.537391,0.466155
difficulty,0.5,1024,1024-136,0.508333,0.075,0.716667,0.791667,0.508333,0.091667,0.0,0.710735,0.479328,0.951689
difficulty,0.5,1024,1024-137,0.258333,0.533333,0.0,0.533333,0.533333,0.0,0.275,0.393162,0.443661,0.551352
difficulty,0.5,1024,1024-138,0.041667,0.0,0.55,0.55,0.041667,0.25,0.0,0.799235,0.369908,1.435021
difficulty,0.5,1024,1024-139,0.5,0.425,0.508333,0.933333,0.683333,0.0,0.0,0.606222,0.513179,0.562021
difficulty,0.5,1024,1024-140,0.466667,0.483333,0.416667,0.9,0.691667,0.0,0.0,0.580475,0.58563,0.521289
difficulty,0.5,1024,1024-141,0.541667,0.491667,0.466667,0.958333,0.758333,0.008333,0.0,0.605523,0.529322,0.527079
difficulty,0.5,1024,1024-142,0.516667,0.466667,0.458333,0.925,0.691667,0.016667,0.0,0.624368,0.55439,0.598361
difficulty,0.5,1024,1024-143,0.075,0.375,0.0,0.375,0.375,0.0,0.325,0.356661,0.496197,0.645576
difficulty,0.5,1024,1024-144,0.0,0.183333,0.0,0.183333,0.183333,0.0,0.483333,0.302864,0.376325,0.87944
difficulty,0.5,1024,1024-145,0.391667,0.541667,0.141667,0.683333,0.683333,0.0,0.066667,0.468916,0.499273,0.414876
difficulty,0.5,1024,1024-146,0.475,0.325,0.533333,0.858333,0.566667,0.041667,0.0,0.664166,0.485733,0.748048
difficulty,0.5,1024,1024-147,0.408333,0.441667,0.216667,0.658333,0.65,0.0,0.1,0.471679,0.553025,0.471234
difficulty,0.5,1024,1024-148,0.391667,0.516667,0.141667,0.658333,0.65,0.0,0.075,0.462826,0.526198,0.429775
difficulty,0.5,1024,1024-149,0.0,0.083333,0.0,0.083333,0.083333,0.0,0.566667,0.272696,0.395771,1.035652
difficulty,0.5,1024,1024-150,0.45,0.5,0.333333,0.833333,0.741667,0.0,0.016667,0.531293,0.558597,0.458646
difficulty,0.5,1024,1024-151,0.1,0.358333,0.0,0.358333,0.358333,0.0,0.416667,0.344901,0.583116,0.723076
difficulty,0.5,1024,1024-152,0.491667,0.508333,0.375,0.883333,0.75,0.0,0.0,0.561342,0.578814,0.478577
difficulty,0.5,1024,1024-153,0.0,0.0,0.0,0.0,0.0,0.0,0.683333,0.240941,0.416021,1.210938
difficulty,0.5,1024,1024-154,0.483333,0.341667,0.5,0.841667,0.608333,0.0,0.0,0.663866,0.455539,0.757981
difficulty,0.5,1024,1024-155,0.525,0.45,0.458333,0.908333,0.691667,0.0,0.0,0.608343,0.534167,0.573198
difficulty,0.5,1024,1024-156,0.066667,0.35,0.0,0.35,0.35,0.0,0.325,0.352081,0.447615,0.653828
difficulty,0.5,1024,1024-157,0.033333,0.316667,0.0,0.316667,0.316667,0.0,0.408333,0.334908,0.468397,0.732584
difficulty,0.5,1024,1024-158,0.391667,0.475,0.2,0.675,0.65,0.0,0.108333,0.4737,0.650891,0.475329
difficulty,0.5,1024,1024-159,0.0,0.0,0.0,0.0,0.0,0.0,0.683333,0.247567,0.428909,1.156145
difficulty,0.5,1024,1024-160,0.208333,0.525,0.016667,0.541667,0.541667,0.0,0.225,0.396193,0.491536,0.514017
difficulty,0.5,1024,1024-161,0.0,0.0,0.0,0.0,0.0,0.0,1.0,0.198706,0.33205,1.454523
difficulty,0.5,1024,1024-162,0.291667,0.483333,0.066667,0.55,0.55,0.0,0.183333,0.418857,0.524421,0.490086
difficulty,0.5,1024,1024-163,0.483333,0.508333,0.366667,0.875,0.708333,0.016667,0.0,0.577588,0.616704,0.510785
difficulty,0.5,1024,1024-164,0.0,0.0,0.0,0.0,0.0,0.0,0.625,0.247985,0.430451,1.173325
difficulty,0.5,1024,1024-165,0.483333,0.441667,0.433333,0.875,0.691667,0.0,0.0,0.574161,0.547966,0.518914
difficulty,0.5,1024,1024-166,0.358333,0.466667,0.116667,0.583333,0.583333,0.0,0.158333,0.441251,0.625039,0.470062
difficulty,0.5,1024,1024-167,0.325,0.45,0.116667,0.566667,0.566667,0.0,0.166667,0.432901,0.633299,0.498234
difficulty,0.5,1024,1024-168,0.525,0.5,0.325,0.825,0.758333,0.0,0.008333,0.536499,0.554361,0.448771
difficulty,0.5,1024,1024-169,0.533333,0.483333,0.491667,0.975,0.741667,0.0,0.0,0.608025,0.578183,0.538343
difficulty,0.5,1024,1024-170,0.0,0.0,0.0,0.0,0.0,0.0,0.975,0.207678,0.341677,1.394904
difficulty,0.5,1024,1024-171,0.0,0.0,0.0,0.0,0.0,0.0,1.0,0.176773,0.304327,1.589525
difficulty,0.5,1024,1024-172,0.466667,0.525,0.158333,0.683333,0.675,0.0,0.058333,0.476444,0.462004,0.394326
difficulty,0.5,1024,1024-173,0.266667,0.491667,0.058333,0.55,0.55,0.0,0.2,0.416134,0.53543,0.505443
difficulty,0.5,1024,1024-174,0.0,0.008333,0.0,0.008333,0.008333,0.0,0.583333,0.268518,0.389778,1.051403
difficulty,0.5,1024,1024-175,0.366667,0.5,0.091667,0.591667,0.591667,0.0,0.141667,0.438934,0.550083,0.471688
difficulty,0.5,1024,1024-176,0.5,0.5,0.333333,0.833333,0.758333,0.0,0.008333,0.532924,0.537981,0.437287
difficulty,0.5,1024,1024-177,0.416667,0.433333,0.25,0.683333,0.641667,0.0,0.083333,0.48583,0.567401,0.461725
difficulty,0.5,1024,1024-178,0.5,0.508333,0.4,0.908333,0.8,0.0,0.0,0.549739,0.475669,0.428096
difficulty,0.5,1024,1024-179,0.416667,0.508333,0.125,0.633333,0.633333,0.0,0.058333,0.45821,0.528562,0.418054
difficulty,0.5,1024,1024-180,0.25,0.508333,0.008333,0.516667,0.516667,0.0,0.241667,0.397936,0.484745,0.523225
difficulty,0.5,1024,1024-181,0.0,0.2,0.0,0.2,0.2,0.0,0.5,0.299941,0.631934,0.899397
difficulty,0.5,1024,1024-182,0.25,0.45,0.066667,0.516667,0.516667,0.0,0.191667,0.40551,0.53218,0.537532
difficulty,0.5,1024,1024-183,0.491667,0.466667,0.333333,0.8,0.741667,0.0,0.041667,0.518008,0.509212,0.441454
difficulty,0.5,1024,1024-184,0.533333,0.483333,0.391667,0.875,0.758333,0.0,0.0,0.552014,0.476365,0.450402
difficulty,0.5,1024,1024-185,0.441667,0.508333,0.208333,0.716667,0.7,0.0,0.1,0.478625,0.511197,0.43821
difficulty,0.5,1024,1024-186,0.0,0.333333,0.0,0.333333,0.333333,0.0,0.4,0.334656,0.485432,0.729071
difficulty,0.5,1024,1024-187,0.416667,0.066667,0.641667,0.708333,0.416667,0.108333,0.0,0.73042,0.446112,1.055415
difficulty,0.5,1024,1024-188,0.441667,0.475,0.225,0.7,0.691667,0.0,0.083333,0.482916,0.567304,0.459159
difficulty,0.5,1024,1024-189,0.116667,0.391667,0.0,0.391667,0.391667,0.0,0.316667,0.354972,0.496471,0.667079
difficulty,0.5,1024,1024-190,0.491667,0.466667,0.483333,0.95,0.725,0.0,0.0,0.612979,0.546827,0.563743
difficulty,0.5,1024,1024-191,0.141667,0.358333,0.008333,0.366667,0.366667,0.0,0.333333,0.361019,0.599327,0.652083
difficulty,0.5,1024,1024-192,0.291667,0.5,0.05,0.55,0.55,0.0,0.175,0.41897,0.545545,0.482044
difficulty,0.5,1024,1024-193,0.566667,0.116667,0.725,0.841667,0.566667,0.033333,0.0,0.697966,0.478731,0.876493
difficulty,0.5,1024,1024-194,0.175,0.458333,0.0,0.458333,0.458333,0.0,0.283333,0.377486,0.492172,0.573219
difficulty,0.5,1024,1024-195,0.133333,0.358333,0.0,0.358333,0.358333,0.0,0.358333,0.35309,0.536221,0.680402
difficulty,0.5,1024,1024-196,0.541667,0.425,0.525,0.95,0.708333,0.0,0.0,0.630282,0.520106,0.608345
difficulty,0.5,1024,1024-197,0.091667,0.4,0.0,0.4,0.4,0.0,0.333333,0.354347,0.496849,0.64771
difficulty,0.5,1024,1024-198,0.4,0.441667,0.216667,0.658333,0.641667,0.0,0.15,0.466683,0.558446,0.502419
difficulty,0.5,1024,1024-199,0.5,0.508333,0.316667,0.825,0.766667,0.0,0.008333,0.526088,0.482149,0.427359
difficulty,0.5,2026,2026-0,0.191667,0.416667,0.016667,0.433333,0.433333,0.0,0.291667,0.376416,0.611415,0.602371
difficulty,0.5,2026,2026-1,0.5,0.45,0.358333,0.808333,0.675,0.0,0.033333,0.542709,0.597734,0.490297
difficulty,0.5,2026,2026-2,0.0,0.0,0.0,0.0,0.0,0.0,0.833333,0.218566,0.500032,1.342509
difficulty,0.5,2026,2026-3,0.508333,0.125,0.658333,0.783333,0.508333,0.091667,0.0,0.709811,0.480808,0.945734
difficulty,0.5,2026,2026-4,0.55,0.525,0.441667,0.966667,0.758333,0.0,0.0,0.594869,0.583847,0.487255
difficulty,0.5,2026,2026-5,0.433333,0.491667,0.166667,0.658333,0.65,0.0,0.108333,0.464456,0.561819,0.45672
difficulty,0.5,2026,2026-6,0.275,0.458333,0.125,0.583333,0.558333,0.0,0.15,0.437934,0.687329,0.502932
difficulty,0.5,2026,2026-7,0.5,0.491667,0.391667,0.883333,0.708333,0.0,0.0,0.562523,0.527724,0.485862
difficulty,0.5,2026,2026-8,0.325,0.458333,0.125,0.583333,0.566667,0.0,0.116667,0.448649,0.651935,0.460236
difficulty,0.5,2026,2026-9,0.4,0.475,0.183333,0.658333,0.641667,0.0,0.116667,0.468039,0.621145,0.474824
difficulty,0.5,2026,2026-10,0.466667,0.441667,0.45,0.891667,0.658333,0.008333,0.0,0.616001,0.559771,0.591264
difficulty,0.5,2026,2026-11,0.508333,0.45,0.475,0.925,0.716667,0.0,0.0,0.602321,0.49884,0.557043
difficulty,0.5,2026,2026-12,0.458333,0.491667,0.266667,0.758333,0.7,0.0,0.033333,0.507228,0.533933,0.444645
difficulty,0.5,2026,2026-13,0.475,0.5,0.258333,0.758333,0.708333,0.0,0.033333,0.500214,0.551577,0.449302
difficulty,0.5,2026,2026-14,0.5,0.45,0.408333,0.858333,0.708333,0.0,0.008333,0.553746,0.505597,0.505414
difficulty,0.5,2026,2026-15,0.208333,0.475,0.016667,0.491667,0.491667,0.0,0.233333,0.397256,0.628438,0.526521
difficulty,0.5,2026,2026-16,0.4,0.458333,0.183333,0.641667,0.641667,0.0,0.1,0.459681,0.509377,0.466666
difficulty,0.5,2026,2026-17,0.533333,0.475,0.483333,0.958333,0.725,0.0,0.0,0.594919,0.531587,0.518311
difficulty,0.5,2026,2026-18,0.458333,0.491667,0.291667,0.783333,0.725,0.0,0.05,0.50886,0.484954,0.437733
difficulty,0.5,2026,2026-19,0.0,0.125,0.0,0.125,0.125,0.0,0.491667,0.290057,0.53492,0.942058
difficulty,0.5,2026,2026-20,0.283333,0.458333,0.075,0.533333,0.533333,0.0,0.183333,0.420942,0.618418,0.488358
difficulty,0.5,2026,2026-21,0.516667,0.441667,0.5,0.941667,0.708333,0.0,0.0,0.612693,0.527613,0.581443
difficulty,0.5,2026,2026-22,0.391667,0.466667,0.166667,0.633333,0.608333,0.0,0.108333,0.462715,0.656687,0.481971
difficulty,0.5,2026,2026-23,0.35,0.475,0.15,0.625,0.608333,0.0,0.1,0.456613,0.724092,0.47145
difficulty,0.5,2026,2026-24,0.525,0.441667,0.5,0.941667,0.716667,0.0,0.0,0.603609,0.554272,0.546133
difficulty,0.5,2026,2026-25,0.241667,0.0,0.716667,0.716667,0.241667,0.175,0.0,0.757506,0.445317,1.192292
difficulty,0.5,2026,2026-26,0.283333,0.466667,0.05,0.516667,0.516667,0.0,0.225,0.415198,0.495037,0.518824
difficulty,0.5,2026,2026-27,0.575,0.141667,0.691667,0.833333,0.575,0.05,0.0,0.698312,0.484065,0.876962
difficulty,0.5,2026,2026-28,0.016667,0.266667,0.0,0.266667,0.266667,0.0,0.441667,0.317362,0.526139,0.816831
difficulty,0.5,2026,2026-29,0.475,0.466667,0.383333,0.85,0.716667,0.0,0.025,0.545219,0.551804,0.476372
difficulty,0.5,2026,2026-30,0.016667,0.275,0.0,0.275,0.275,0.0,0.391667,0.332606,0.481549,0.735701
difficulty,0.5,2026,2026-31,0.508333,0.141667,0.658333,0.8,0.508333,0.066667,0.0,0.706489,0.469136,0.928025
difficulty,0.5,2026,2026-32,0.591667,0.508333,0.45,0.958333,0.741667,0.0,0.0,0.620102,0.578294,0.549128
difficulty,0.5,2026,2026-33,0.466667,0.208333,0.6,0.808333,0.5,0.041667,0.0,0.697258,0.420737,0.891926
difficulty,0.5,2026,2026-34,0.125,0.458333,0.0,0.458333,0.458333,0.0,0.283333,0.377504,0.478928,0.556114
difficulty,0.5,2026,2026-35,0.516667,0.483333,0.441667,0.925,0.708333,0.008333,0.0,0.601208,0.585133,0.520825
difficulty,0.5,2026,2026-36,0.266667,0.525,0.033333,0.558333,0.558333,0.0,0.141667,0.421511,0.561169,0.458783
difficulty,0.5,2026,2026-37,0.325,0.433333,0.141667,0.575,0.575,0.0,0.208333,0.439719,0.577925,0.513526
difficulty,0.5,2026,2026-38,0.45,0.483333,0.416667,0.9,0.725,0.0,0.0,0.575187,0.623515,0.513976
difficulty,0.5,2026,2026-39,0.55,0.35,0.558333,0.908333,0.65,0.0,0.0,0.650629,0.474072,0.684219
difficulty,0.5,2026,2026-40,0.516667,0.5,0.375,0.875,0.783333,0.0,0.0,0.543427,0.538053,0.433321
difficulty,0.5,2026,2026-41,0.283333,0.5,0.058333,0.558333,0.558333,0.0,0.216667,0.413225,0.548425,0.522318
difficulty,0.5,2026,2026-42,0.233333,0.475,0.041667,0.516667,0.516667,0.0,0.283333,0.394101,0.512009,0.567698
difficulty,0.5,2026,2026-43,0.5,0.15,0.608333,0.758333,0.5,0.091667,0.0,0.714039,0.490314,0.976989
difficulty,0.5,2026,2026-44,0.525,0.5,0.408333,0.908333,0.725,0.0,0.0,0.595583,0.57495,0.537729
difficulty,0.5,2026,2026-45,0.516667,0.508333,0.466667,0.975,0.766667,0.0,0.0,0.602193,0.60145,0.510501
difficulty,0.5,2026,2026-46,0.0,0.0,0.508333,0.508333,0.0,0.316667,0.0,0.813397,0.33765,1.545775
difficulty,0.5,2026,2026-47,0.216667,0.491667,0.0,0.491667,0.491667,0.0,0.233333,0.387113,0.505975,0.537018
difficulty,0.5,2026,2026-48,0.0,0.0,0.241667,0.241667,0.0,0.275,0.0,0.833886,0.350408,1.65894
difficulty,0.5,2026,2026-49,0.0,0.0,0.0,0.0,0.0,1.0,0.0,0.896121,0.216133,2.209354
difficulty,0.5,2026,2026-50,0.375,0.016667,0.708333,0.725,0.375,0.108333,0.0,0.734451,0.462053,1.066622
difficulty,0.5,2026,2026-51,0.541667,0.333333,0.616667,0.95,0.65,0.0,0.0,0.647109,0.463065,0.6673
difficulty,0.5,2026,2026-52,0.25,0.491667,0.016667,0.508333,0.508333,0.0,0.233333,0.403851,0.554462,0.510562
difficulty,0.5,2026,2026-53,0.591667,0.433333,0.491667,0.925,0.691667,0.016667,0.0,0.639432,0.597451,0.62793
difficulty,0.5,2026,2026-54,0.341667,0.458333,0.108333,0.566667,0.566667,0.0,0.183333,0.435512,0.596158,0.494896
difficulty,0.5,2026,2026-55,0.491667,0.558333,0.25,0.808333,0.766667,0.0,0.016667,0.509809,0.540704,0.410841
difficulty,0.5,2026,2026-56,0.366667,0.475,0.175,0.65,0.633333,0.0,0.133333,0.454718,0.635291,0.484871
difficulty,0.5,2026,2026-57,0.5,0.508333,0.366667,0.875,0.75,0.0,0.0,0.553134,0.542649,0.442392
difficulty,0.5,2026,2026-58,0.533333,0.225,0.583333,0.808333,0.533333,0.058333,0.0,0.693073,0.503857,0.86551
difficulty,0.5,2026,2026-59,0.341667,0.541667,0.075,0.616667,0.616667,0.0,0.116667,0.437959,0.463835,0.43445
difficulty,0.5,2026,2026-60,0.133333,0.383333,0.0,0.383333,0.383333,0.0,0.358333,0.348964,0.618761,0.696245
difficulty,0.5,2026,2026-61,0.175,0.433333,0.0,0.433333,0.433333,0.0,0.366667,0.362943,0.533377,0.647415
difficulty,0.5,2026,2026-62,0.075,0.425,0.0,0.425,0.425,0.0,0.358333,0.361133,0.500164,0.612878
difficulty,0.5,2026,2026-63,0.0,0.183333,0.0,0.183333,0.183333,0.0,0.475,0.302079,0.415626,0.885273
difficulty,0.5,2026,2026-64,0.15,0.425,0.0,0.425,0.425,0.0,0.316667,0.365583,0.555281,0.627053
difficulty,0.5,2026,2026-65,0.516667,0.158333,0.658333,0.816667,0.516667,0.025,0.0,0.704248,0.44951,0.911138
difficulty,0.5,2026,2026-66,0.291667,0.491667,0.05,0.541667,0.541667,0.0,0.216667,0.415647,0.581675,0.519537
difficulty,0.5,2026,2026-67,0.475,0.516667,0.341667,0.858333,0.775,0.0,0.0,0.535975,0.593507,0.412805
difficulty,0.5,2026,2026-68,0.058333,0.3,0.0,0.3,0.3,0.0,0.441667,0.325101,0.525581,0.783516
difficulty,0.5,2026,2026-69,0.475,0.591667,0.283333,0.875,0.816667,0.0,0.0,0.52589,0.575538,0.395737
difficulty,0.5,2026,2026-70,0.0,0.0,0.0,0.0,0.0,0.0,0.683333,0.247435,0.450158,1.171039
difficulty,0.5,2026,2026-71,0.216667,0.508333,0.008333,0.516667,0.516667,0.0,0.225,0.403403,0.515374,0.500164
difficulty,0.5,2026,2026-72,0.0,0.0,0.433333,0.433333,0.0,0.341667,0.0,0.823232,0.319467,1.608677
difficulty,0.5,2026,2026-73,0.325,0.525,0.066667,0.591667,0.591667,0.0,0.175,0.420586,0.547707,0.489703
difficulty,0.5,2026,2026-74,0.541667,0.258333,0.591667,0.85,0.558333,0.025,0.0,0.685864,0.445287,0.827375
difficulty,0.5,2026,2026-75,0.541667,0.491667,0.416667,0.908333,0.766667,0.0,0.0,0.57579,0.571794,0.496461
difficulty,0.5,2026,2026-76,0.425,0.491667,0.191667,0.683333,0.658333,0.0,0.075,0.477758,0.595737,0.43567
difficulty,0.5,2026,2026-77,0.275,0.425,0.066667,0.491667,0.491667,0.0,0.266667,0.400945,0.611577,0.572063
difficulty,0.5,2026,2026-78,0.458333,0.141667,0.616667,0.758333,0.458333,0.05,0.0,0.710668,0.416155,0.945064
difficulty,0.5,2026,2026-79,0.358333,0.541667,0.191667,0.733333,0.708333,0.0,0.1,0.475994,0.62008,0.461444
difficulty,0.5,2026,2026-80,0.433333,0.025,0.741667,0.766667,0.433333,0.108333,0.0,0.729132,0.449551,1.040391
difficulty,0.5,2026,2026-81,0.241667,0.441667,0.05,0.491667,0.491667,0.0,0.258333,0.398398,0.552528,0.551475
difficulty,0.5,2026,2026-82,0.491667,0.483333,0.358333,0.841667,0.766667,0.0,0.016667,0.531639,0.498471,0.431758
difficulty,0.5,2026,2026-83,0.533333,0.458333,0.508333,0.966667,0.766667,0.0,0.0,0.585251,0.515065,0.497522
difficulty,0.5,2026,2026-84,0.491667,0.508333,0.375,0.883333,0.741667,0.0,0.0,0.559799,0.589747,0.4692
difficulty,0.5,2026,2026-85,0.016667,0.233333,0.0,0.233333,0.233333,0.0,0.4,0.323262,0.467165,0.779064
difficulty,0.5,2026,2026-86,0.316667,0.55,0.041667,0.591667,0.591667,0.0,0.158333,0.422177,0.469906,0.462368
difficulty,0.5,2026,2026-87,0.45,0.575,0.166667,0.741667,0.733333,0.0,0.05,0.483976,0.528161,0.414721
difficulty,0.5,2026,2026-88,0.208333,0.475,0.008333,0.483333,0.483333,0.0,0.275,0.38703,0.47934,0.553702
difficulty,0.5,2026,2026-89,0.575,0.483333,0.475,0.958333,0.75,0.0,0.0,0.596273,0.594027,0.497653
difficulty,0.5,2026,2026-90,0.516667,0.558333,0.391667,0.95,0.783333,0.0,0.0,0.590777,0.576247,0.496292
difficulty,0.5,2026,2026-91,0.0,0.0,0.0,0.0,0.0,0.0,0.875,0.217145,0.425309,1.341453
difficulty,0.5,2026,2026-92,0.0,0.0,0.0,0.0,0.0,0.0,0.725,0.237754,0.453316,1.223815
difficulty,0.5,2026,2026-93,0.016667,0.25,0.0,0.25,0.25,0.0,0.4,0.321403,0.429777,0.786078
difficulty,0.5,2026,2026-94,0.458333,0.433333,0.383333,0.816667,0.666667,0.0,0.008333,0.543608,0.512051,0.496413
difficulty,0.5,2026,2026-95,0.1,0.0,0.641667,0.641667,0.1,0.191667,0.0,0.779066,0.430827,1.309795
difficulty,0.5,2026,2026-96,0.4,0.466667,0.183333,0.65,0.633333,0.0,0.116667,0.461581,0.519941,0.464671
difficulty,0.5,2026,2026-97,0.508333,0.525,0.358333,0.883333,0.75,0.0,0.0,0.550094,0.55759,0.457684
difficulty,0.5,2026,2026-98,0.116667,0.366667,0.0,0.366667,0.366667,0.0,0.375,0.351163,0.543355,0.699728
difficulty,0.5,2026,2026-99,0.1,0.366667,0.0,0.366667,0.366667,0.0,0.333333,0.349662,0.516934,0.676118
difficulty,0.5,2026,2026-100,0.0,0.0,0.0,0.0,0.0,0.0,0.966667,0.220229,0.344907,1.312054
difficulty,0.5,2026,2026-101,0.408333,0.458333,0.258333,0.716667,0.65,0.0,0.041667,0.497853,0.607697,0.439235
difficulty,0.5,2026,2026-102,0.533333,0.341667,0.575,0.916667,0.641667,0.008333,0.0,0.650168,0.511902,0.683566
difficulty,0.5,2026,2026-103,0.35,0.541667,0.083333,0.625,0.625,0.0,0.141667,0.442727,0.591795,0.448102
difficulty,0.5,2026,2026-104,0.525,0.125,0.641667,0.766667,0.525,0.108333,0.0,0.708933,0.498244,0.958516
difficulty,0.5,2026,2026-105,0.466667,0.45,0.4,0.85,0.716667,0.0,0.008333,0.546827,0.537541,0.468563
difficulty,0.5,2026,2026-106,0.475,0.5,0.3,0.8,0.766667,0.0,0.05,0.510337,0.534379,0.43024
difficulty,0.5,2026,2026-107,0.458333,0.508333,0.416667,0.925,0.75,0.0,0.0,0.583904,0.576118,0.516039
difficulty,0.5,2026,2026-108,0.533333,0.45,0.5,0.95,0.716667,0.0,0.0,0.606628,0.448853,0.5541
difficulty,0.5,2026,2026-109,0.616667,0.283333,0.6,0.883333,0.625,0.041667,0.0,0.671132,0.529097,0.75822
difficulty,0.5,2026,2026-110,0.158333,0.416667,0.0,0.416667,0.416667,0.0,0.308333,0.377792,0.558382,0.571872
difficulty,0.5,2026,2026-111,0.0,0.0,0.0,0.0,0.0,0.0,1.0,0.186259,0.257267,1.525316
difficulty,0.5,2026,2026-112,0.458333,0.508333,0.316667,0.825,0.741667,0.0,0.025,0.525938,0.573973,0.436103
difficulty,0.5,2026,2026-113,0.308333,0.566667,0.025,0.591667,0.591667,0.0,0.158333,0.425016,0.47191,0.441447
difficulty,0.5,2026,2026-114,0.425,0.525,0.216667,0.741667,0.691667,0.0,0.016667,0.495594,0.606771,0.427055
difficulty,0.5,2026,2026-115,0.341667,0.0,0.683333,0.683333,0.341667,0.141667,0.0,0.749642,0.416829,1.154063
difficulty,0.5,2026,2026-116,0.075,0.45,0.0,0.45,0.45,0.0,0.308333,0.365362,0.393553,0.596001
difficulty,0.5,2026,2026-117,0.541667,0.541667,0.425,0.966667,0.758333,0.0,0.0,0.600699,0.63106,0.500019
difficulty,0.5,2026,2026-118,0.575,0.325,0.583333,0.908333,0.625,0.008333,0.0,0.660442,0.470301,0.710745
difficulty,0.5,2026,2026-119,0.5,0.516667,0.4,0.916667,0.75,0.0,0.0,0.5724,0.583678,0.479694
difficulty,0.5,2026,2026-120,0.533333,0.275,0.541667,0.816667,0.541667,0.05,0.0,0.6853,0.452549,0.830605
difficulty,0.5,2026,2026-121,0.375,0.533333,0.1,0.633333,0.633333,0.0,0.116667,0.4486,0.502852,0.441117
difficulty,0.5,2026,2026-122,0.15,0.425,0.025,0.45,0.45,0.0,0.316667,0.376643,0.690847,0.599904
difficulty,0.5,2026,2026-123,0.591667,0.308333,0.583333,0.891667,0.633333,0.016667,0.0,0.661115,0.51496,0.713997
difficulty,0.5,2026,2026-124,0.508333,0.391667,0.516667,0.908333,0.641667,0.008333,0.0,0.631991,0.493406,0.650431
difficulty,0.5,2026,2026-125,0.491667,0.125,0.625,0.75,0.491667,0.116667,0.0,0.712189,0.473195,0.968382
difficulty,0.5,2026,2026-126,0.533333,0.508333,0.375,0.883333,0.783333,0.0,0.0,0.549772,0.510096,0.438405
difficulty,0.5,2026,2026-127,0.375,0.025,0.666667,0.691667,0.375,0.133333,0.0,0.741774,0.448688,1.118353
difficulty,0.5,2026,2026-128,0.491667,0.483333,0.258333,0.741667,0.725,0.0,0.108333,0.485754,0.504593,0.467482
difficulty,0.5,2026,2026-129,0.091667,0.325,0.0,0.325,0.325,0.0,0.333333,0.345841,0.502683,0.696398
difficulty,0.5,2026,2026-130,0.0,0.0,0.0,0.0,0.0,0.0,0.991667,0.210968,0.32918,1.375712
difficulty,0.5,2026,2026-131,0.05,0.308333,0.0,0.308333,0.308333,0.0,0.391667,0.335154,0.551596,0.739443
difficulty,0.5,2026,2026-132,0.541667,0.316667,0.6,0.916667,0.616667,0.008333,0.0,0.652172,0.43741,0.690043
difficulty,0.5,2026,2026-133,0.0,0.125,0.0,0.125,0.125,0.0,0.491667,0.295087,0.402592,0.915965
difficulty,0.5,2026,2026-134,0.358333,0.55,0.091667,0.641667,0.641667,0.0,0.116667,0.451347,0.495178,0.432359
difficulty,0.5,2026,2026-135,0.025,0.0,0.625,0.625,0.025,0.191667,0.0,0.787032,0.414145,1.354219
difficulty,0.5,2026,2026-136,0.533333,0.333333,0.575,0.908333,0.608333,0.025,0.0,0.656575,0.440151,0.716618
difficulty,0.5,2026,2026-137,0.266667,0.0,0.641667,0.641667,0.266667,0.175,0.0,0.765037,0.402793,1.242081
difficulty,0.5,2026,2026-138,0.083333,0.333333,0.0,0.333333,0.333333,0.0,0.4,0.341,0.617235,0.726868
difficulty,0.5,2026,2026-139,0.0,0.0,0.0,0.0,0.0,0.0,1.0,0.153764,0.348115,1.764723
difficulty,0.5,2026,2026-140,0.416667,0.108333,0.6,0.708333,0.416667,0.141667,0.0,0.730995,0.460946,1.072013
difficulty,0.5,2026,2026-141,0.0,0.141667,0.0,0.141667,0.141667,0.0,0.5,0.28997,0.491936,0.941512
difficulty,0.5,2026,2026-142,0.458333,0.5,0.291667,0.791667,0.7,0.0,0.008333,0.523091,0.564774,0.450941
difficulty,0.5,2026,2026-143,0.475,0.45,0.358333,0.808333,0.675,0.0,0.0,0.542645,0.590127,0.494124
difficulty,0.5,2026,2026-144,0.233333,0.541667,0.0,0.541667,0.541667,0.0,0.225,0.397077,0.368698,0.513435
difficulty,0.5,2026,2026-145,0.35,0.058333,0.625,0.683333,0.35,0.175,0.0,0.747059,0.396574,1.152952
difficulty,0.5,2026,2026-146,0.475,0.083333,0.708333,0.791667,0.475,0.058333,0.0,0.716128,0.522361,0.97178
difficulty,0.5,2026,2026-147,0.475,0.541667,0.375,0.916667,0.775,0.0,0.0,0.564188,0.687162,0.454723
difficulty,0.5,2026,2026-148,0.5,0.5,0.308333,0.808333,0.766667,0.0,0.033333,0.518769,0.501819,0.424351
difficulty,0.5,2026,2026-149,0.483333,0.475,0.316667,0.791667,0.7,0.0,0.008333,0.528007,0.624174,0.440978
difficulty,0.5,2026,2026-150,0.1,0.366667,0.0,0.366667,0.366667,0.0,0.383333,0.34101,0.578775,0.749026
difficulty,0.5,2026,2026-151,0.366667,0.441667,0.116667,0.558333,0.55,0.0,0.116667,0.442225,0.712205,0.477535
difficulty,0.5,2026,2026-152,0.491667,0.508333,0.291667,0.8,0.783333,0.0,0.041667,0.504172,0.500855,0.407906
difficulty,0.5,2026,2026-153,0.2,0.475,0.016667,0.491667,0.491667,0.0,0.283333,0.382004,0.515181,0.570372
difficulty,0.5,2026,2026-154,0.541667,0.425,0.425,0.85,0.675,0.008333,0.0,0.627281,0.585459,0.618336
difficulty,0.5,2026,2026-155,0.0,0.225,0.0,0.225,0.225,0.0,0.466667,0.30084,0.511485,0.913494
difficulty,0.5,2026,2026-156,0.425,0.525,0.133333,0.658333,0.658333,0.0,0.108333,0.461091,0.461241,0.425446
difficulty,0.5,2026,2026-157,0.0,0.0,0.0,0.0,0.0,0.0,1.0,0.18432,0.285934,1.535619
difficulty,0.5,2026,2026-158,0.525,0.516667,0.45,0.966667,0.741667,0.0,0.0,0.590299,0.519258,0.503468
difficulty,0.5,2026,2026-159,0.525,0.383333,0.55,0.933333,0.683333,0.0,0.0,0.63344,0.491858,0.645528
difficulty,0.5,2026,2026-160,0.483333,0.483333,0.433333,0.916667,0.691667,0.008333,0.0,0.595947,0.592515,0.551711
difficulty,0.5,2026,2026-161,0.0,0.0,0.0,0.0,0.0,0.8,0.0,0.880009,0.239138,2.047666
difficulty,0.5,2026,2026-162,0.558333,0.308333,0.608333,0.916667,0.608333,0.008333,0.0,0.65849,0.473164,0.708415
difficulty,0.5,2026,2026-163,0.133333,0.391667,0.0,0.391667,0.391667,0.0,0.35,0.361289,0.561585,0.648005
difficulty,0.5,2026,2026-164,0.0,0.0,0.075,0.075,0.0,0.283333,0.0,0.842856,0.337983,1.722648
difficulty,0.5,2026,2026-165,0.216667,0.475,0.0,0.475,0.475,0.0,0.291667,0.379074,0.495851,0.585399
difficulty,0.5,2026,2026-166,0.516667,0.408333,0.508333,0.916667,0.666667,0.008333,0.0,0.634956,0.502838,0.63372
difficulty,0.5,2026,2026-167,0.558333,0.45,0.458333,0.908333,0.683333,0.0,0.0,0.61076,0.582549,0.558256
difficulty,0.5,2026,2026-168,0.125,0.4,0.0,0.4,0.4,0.0,0.325,0.364781,0.58031,0.629151
difficulty,0.5,2026,2026-169,0.483333,0.133333,0.616667,0.75,0.483333,0.108333,0.0,0.717637,0.45388,0.992852
difficulty,0.5,2026,2026-170,0.466667,0.45,0.383333,0.833333,0.658333,0.0,0.0,0.577759,0.522907,0.539357
difficulty,0.5,2026,2026-171,0.566667,0.441667,0.5,0.941667,0.725,0.0,0.0,0.612696,0.46541,0.561078
difficulty,0.5,2026,2026-172,0.258333,0.5,0.033333,0.533333,0.533333,0.0,0.233333,0.404813,0.539087,0.517654
difficulty,0.5,2026,2026-173,0.508333,0.175,0.633333,0.808333,0.508333,0.033333,0.0,0.698428,0.47848,0.884394
difficulty,0.5,2026,2026-174,0.233333,0.425,0.025,0.45,0.45,0.0,0.316667,0.377185,0.62059,0.636349
difficulty,0.5,2026,2026-175,0.0,0.0,0.0,0.0,0.0,0.0,0.691667,0.246586,0.358972,1.161228
difficulty,0.5,2026,2026-176,0.516667,0.125,0.675,0.8,0.516667,0.091667,0.0,0.706724,0.507997,0.931824
difficulty,0.5,2026,2026-177,0.35,0.458333,0.108333,0.566667,0.566667,0.0,0.2,0.432895,0.642188,0.512566
difficulty,0.5,2026,2026-178,0.491667,0.5,0.283333,0.783333,0.725,0.0,0.025,0.516081,0.565827,0.430842
difficulty,0.5,2026,2026-179,0.15,0.0,0.616667,0.616667,0.15,0.208333,0.0,0.779317,0.390346,1.321218
difficulty,0.5,2026,2026-180,0.591667,0.291667,0.608333,0.9,0.6,0.041667,0.0,0.670425,0.524179,0.753422
difficulty,0.5,2026,2026-181,0.475,0.466667,0.416667,0.883333,0.683333,0.0,0.0,0.599339,0.596452,0.556673
difficulty,0.5,2026,2026-182,0.641667,0.4,0.508333,0.908333,0.65,0.033333,0.0,0.652224,0.568657,0.66889
difficulty,0.5,2026,2026-183,0.216667,0.475,0.025,0.5,0.5,0.0,0.258333,0.395968,0.522587,0.530981
difficulty,0.5,2026,2026-184,0.566667,0.475,0.483333,0.958333,0.725,0.0,0.0,0.619282,0.548689,0.566819
difficulty,0.5,2026,2026-185,0.616667,0.35,0.533333,0.883333,0.625,0.016667,0.0,0.659866,0.554106,0.702257
difficulty,0.5,2026,2026-186,0.55,0.441667,0.508333,0.95,0.716667,0.008333,0.0,0.627228,0.513709,0.598588
difficulty,0.5,2026,2026-187,0.475,0.533333,0.208333,0.741667,0.733333,0.0,0.05,0.490307,0.513784,0.423374
difficulty,0.5,2026,2026-188,0.0,0.0,0.0,0.0,0.0,0.0,1.0,0.054933,0.151114,2.883831
difficulty,0.5,2026,2026-189,0.55,0.475,0.483333,0.958333,0.75,0.0,0.0,0.594722,0.528129,0.507626
difficulty,0.5,2026,2026-190,0.441667,0.5,0.316667,0.816667,0.733333,0.0,0.008333,0.530745,0.540732,0.436808
difficulty,0.5,2026,2026-191,0.425,0.516667,0.15,0.666667,0.666667,0.0,0.091667,0.468059,0.471773,0.42309
difficulty,0.5,2026,2026-192,0.533333,0.458333,0.483333,0.941667,0.675,0.008333,0.0,0.622794,0.54114,0.582158
difficulty,0.5,2026,2026-193,0.516667,0.566667,0.3,0.866667,0.808333,0.0,0.0,0.529217,0.641152,0.391575
difficulty,0.5,2026,2026-194,0.466667,0.441667,0.433333,0.875,0.7,0.0,0.008333,0.560361,0.506352,0.503101
difficulty,0.5,2026,2026-195,0.0,0.058333,0.0,0.058333,0.058333,0.0,0.491667,0.290046,0.432074,0.94181
difficulty,0.5,2026,2026-196,0.0,0.175,0.0,0.175,0.175,0.0,0.475,0.303692,0.425474,0.8882
difficulty,0.5,2026,2026-197,0.558333,0.516667,0.408333,0.925,0.783333,0.0,0.0,0.566972,0.536673,0.440455
difficulty,0.5,2026,2026-198,0.483333,0.516667,0.258333,0.775,0.741667,0.0,0.008333,0.508722,0.595327,0.414389
difficulty,0.5,2026,2026-199,0.508333,0.541667,0.366667,0.908333,0.816667,0.0,0.0,0.546402,0.468035,0.417493
difficulty,1.0,42,42-0,0.408333,0.475,0.316667,0.791667,0.725,0.0,0.016667,0.511123,0.622073,0.428001
difficulty,1.0,42,42-1,0.025,0.341667,0.0,0.341667,0.341667,0.0,0.366667,0.339885,0.413371,0.707426
difficulty,1.0,42,42-2,0.475,0.391667,0.491667,0.883333,0.633333,0.0,0.0,0.619632,0.440138,0.615837
difficulty,1.0,42,42-3,0.483333,0.4,0.458333,0.858333,0.658333,0.025,0.0,0.630595,0.511513,0.661208
difficulty,1.0,42,42-4,0.0,0.0,0.0,0.0,0.0,0.0,0.95,0.190436,0.457965,1.523837
difficulty,1.0,42,42-5,0.0,0.091667,0.0,0.091667,0.091667,0.0,0.55,0.281842,0.460278,0.98539
difficulty,1.0,42,42-6,0.508333,0.516667,0.325,0.841667,0.791667,0.0,0.033333,0.520134,0.464999,0.431123
difficulty,1.0,42,42-7,0.383333,0.508333,0.091667,0.6,0.6,0.0,0.158333,0.443029,0.517466,0.482016
difficulty,1.0,42,42-8,0.458333,0.45,0.258333,0.708333,0.675,0.0,0.066667,0.493094,0.492446,0.453568
difficulty,1.0,42,42-9,0.066667,0.358333,0.0,0.358333,0.358333,0.0,0.366667,0.344347,0.567264,0.716393
difficulty,1.0,42,42-10,0.508333,0.433333,0.458333,0.891667,0.675,0.0,0.0,0.603308,0.586621,0.562936
difficulty,1.0,42,42-11,0.516667,0.466667,0.483333,0.95,0.75,0.0,0.0,0.591884,0.551077,0.514902
difficulty,1.0,42,42-12,0.433333,0.433333,0.266667,0.7,0.625,0.0,0.083333,0.493328,0.561027,0.479239
difficulty,1.0,42,42-13,0.55,0.383333,0.525,0.908333,0.625,0.016667,0.0,0.649607,0.50615,0.677719
difficulty,1.0,42,42-14,0.458333,0.483333,0.341667,0.825,0.666667,0.0,0.008333,0.544942,0.590722,0.476511
difficulty,1.0,42,42-15,0.108333,0.416667,0.0,0.416667,0.416667,0.0,0.3,0.367901,0.414426,0.598168
difficulty,1.0,42,42-16,0.475,0.483333,0.366667,0.85,0.733333,0.0,0.016667,0.539748,0.536063,0.455601
difficulty,1.0,42,42-17,0.058333,0.25,0.0,0.25,0.25,0.0,0.4,0.329937,0.52011,0.755601
difficulty,1.0,42,42-18,0.525,0.483333,0.475,0.958333,0.691667,0.0,0.0,0.613292,0.510988,0.552343
difficulty,1.0,42,42-19,0.458333,0.5,0.275,0.775,0.708333,0.0,0.075,0.506257,0.447836,0.462749
difficulty,1.0,42,42-20,0.366667,0.525,0.066667,0.591667,0.591667,0.0,0.15,0.437709,0.617015,0.474899
difficulty,1.0,42,42-21,0.166667,0.425,0.0,0.425,0.425,0.0,0.333333,0.371737,0.544613,0.608239
difficulty,1.0,42,42-22,0.608333,0.333333,0.575,0.908333,0.641667,0.008333,0.0,0.6572,0.502659,0.689876
difficulty,1.0,42,42-23,0.341667,0.466667,0.141667,0.608333,0.6,0.0,0.141667,0.446588,0.61142,0.487823
difficulty,1.0,42,42-24,0.275,0.541667,0.033333,0.575,0.575,0.0,0.175,0.420483,0.499018,0.470866
difficulty,1.0,42,42-25,0.341667,0.508333,0.1,0.608333,0.608333,0.0,0.175,0.435817,0.502402,0.482239
difficulty,1.0,42,42-26,0.416667,0.491667,0.358333,0.85,0.708333,0.0,0.0,0.545472,0.619336,0.454905
difficulty,1.0,42,42-27,0.466667,0.458333,0.4,0.858333,0.725,0.0,0.008333,0.556109,0.495671,0.495228
difficulty,1.0,42,42-28,0.458333,0.45,0.391667,0.841667,0.708333,0.0,0.008333,0.553887,0.518019,0.495264
difficulty,1.0,42,42-29,0.491667,0.491667,0.383333,0.875,0.741667,0.0,0.0,0.552936,0.515356,0.473069
difficulty,1.0,42,42-30,0.15,0.0,0.691667,0.691667,0.15,0.191667,0.0,0.767546,0.439667,1.246809
difficulty,1.0,42,42-31,0.275,0.483333,0.066667,0.55,0.55,0.0,0.225,0.411435,0.579457,0.523149
difficulty,1.0,42,42-32,0.241667,0.441667,0.041667,0.483333,0.483333,0.0,0.258333,0.401275,0.555506,0.540069
difficulty,1.0,42,42-33,0.133333,0.366667,0.0,0.366667,0.366667,0.0,0.333333,0.359806,0.492935,0.638247
difficulty,1.0,42,42-34,0.491667,0.533333,0.366667,0.9,0.758333,0.0,0.0,0.565819,0.57221,0.475977
difficulty,1.0,42,42-35,0.525,0.35,0.533333,0.883333,0.6,0.016667,0.0,0.658141,0.467086,0.710225
difficulty,1.0,42,42-36,0.366667,0.466667,0.141667,0.608333,0.591667,0.0,0.141667,0.448619,0.634951,0.48897
difficulty,1.0,42,42-37,0.066667,0.341667,0.0,0.341667,0.341667,0.0,0.383333,0.340976,0.595263,0.720972
difficulty,1.0,42,42-38,0.091667,0.325,0.0,0.325,0.325,0.0,0.383333,0.341779,0.579324,0.721547
difficulty,1.0,42,42-39,0.508333,0.491667,0.391667,0.883333,0.708333,0.0,0.0,0.570073,0.592608,0.495742
difficulty,1.0,42,42-40,0.5,0.441667,0.45,0.891667,0.708333,0.008333,0.0,0.601195,0.522073,0.575057
difficulty,1.0,42,42-41,0.5,0.475,0.383333,0.858333,0.725,0.0,0.0,0.559878,0.574215,0.498292
difficulty,1.0,42,42-42,0.158333,0.491667,0.0,0.491667,0.491667,0.0,0.283333,0.381317,0.492935,0.562796
difficulty,1.0,42,42-43,0.458333,0.516667,0.2,0.716667,0.7,0.0,0.041667,0.48428,0.699572,0.43848
difficulty,1.0,42,42-44,0.425,0.425,0.275,0.7,0.65,0.0,0.091667,0.48759,0.636898,0.474079
difficulty,1.0,42,42-45,0.441667,0.525,0.233333,0.758333,0.708333,0.0,0.0,0.502341,0.592831,0.425849
difficulty,1.0,42,42-46,0.516667,0.483333,0.475,0.958333,0.716667,0.0,0.0,0.607726,0.538262,0.536168
difficulty,1.0,42,42-47,0.466667,0.441667,0.341667,0.783333,0.683333,0.0,0.033333,0.52289,0.537363,0.478465
difficulty,1.0,42,42-48,0.466667,0.425,0.483333,0.908333,0.658333,0.0,0.0,0.599619,0.486063,0.562118
difficulty,1.0,42,42-49,0.391667,0.458333,0.233333,0.691667,0.666667,0.0,0.108333,0.471606,0.672156,0.469263
difficulty,1.0,42,42-50,0.425,0.425,0.366667,0.791667,0.716667,0.0,0.025,0.521929,0.566174,0.458245
difficulty,1.0,42,42-51,0.475,0.5,0.416667,0.916667,0.741667,0.0,0.0,0.571744,0.563191,0.484209
difficulty,1.0,42,42-52,0.0,0.025,0.0,0.025,0.025,0.0,0.6,0.265187,0.406131,1.071203
difficulty,1.0,42,42-53,0.316667,0.508333,0.05,0.558333,0.558333,0.0,0.175,0.425374,0.554589,0.463223
difficulty,1.0,42,42-54,0.25,0.45,0.058333,0.508333,0.508333,0.0,0.241667,0.404218,0.580769,0.547835
difficulty,1.0,42,42-55,0.208333,0.4,0.025,0.425,0.425,0.0,0.325,0.375715,0.597458,0.638547
difficulty,1.0,42,42-56,0.416667,0.516667,0.15,0.666667,0.666667,0.0,0.116667,0.45933,0.470913,0.45291
difficulty,1.0,42,42-57,0.458333,0.141667,0.6,0.741667,0.458333,0.083333,0.0,0.717478,0.399849,0.993077
difficulty,1.0,42,42-58,0.066667,0.291667,0.0,0.291667,0.291667,0.0,0.416667,0.329506,0.626918,0.769277
difficulty,1.0,42,42-59,0.508333,0.416667,0.508333,0.925,0.675,0.016667,0.0,0.630227,0.513822,0.631037
difficulty,1.0,42,42-60,0.0,0.0,0.0,0.0,0.0,0.0,0.858333,0.223102,0.44893,1.308945
difficulty,1.0,42,42-61,0.375,0.516667,0.125,0.641667,0.641667,0.0,0.141667,0.446855,0.457973,0.466057
difficulty,1.0,42,42-62,0.475,0.433333,0.283333,0.716667,0.658333,0.0,0.025,0.503382,0.57089,0.452214
difficulty,1.0,42,42-63,0.508333,0.433333,0.475,0.908333,0.708333,0.0,0.0,0.589081,0.484432,0.55089
difficulty,1.0,42,42-64,0.55,0.491667,0.408333,0.9,0.741667,0.0,0.0,0.576755,0.597399,0.501075
difficulty,1.0,42,42-65,0.508333,0.516667,0.433333,0.95,0.741667,0.0,0.0,0.58681,0.58409,0.490014
difficulty,1.0,42,42-66,0.358333,0.5,0.066667,0.566667,0.566667,0.0,0.191667,0.427242,0.532064,0.485253
difficulty,1.0,42,42-67,0.266667,0.483333,0.075,0.558333,0.558333,0.0,0.258333,0.410567,0.553529,0.5409
difficulty,1.0,42,42-68,0.441667,0.475,0.45,0.925,0.658333,0.008333,0.0,0.614446,0.517858,0.593379
difficulty,1.0,42,42-69,0.333333,0.483333,0.1,0.583333,0.575,0.0,0.175,0.432991,0.644002,0.507412
difficulty,1.0,42,42-70,0.0,0.058333,0.0,0.058333,0.058333,0.0,0.558333,0.279936,0.500969,1.000721
difficulty,1.0,42,42-71,0.008333,0.2,0.0,0.2,0.2,0.0,0.483333,0.30038,0.521424,0.898289
difficulty,1.0,42,42-72,0.1,0.35,0.0,0.35,0.35,0.0,0.358333,0.348852,0.453058,0.67445
difficulty,1.0,42,42-73,0.5,0.491667,0.383333,0.875,0.741667,0.0,0.016667,0.552618,0.562262,0.46409
difficulty,1.0,42,42-74,0.45,0.433333,0.316667,0.75,0.675,0.0,0.041667,0.509475,0.540512,0.461683
difficulty,1.0,42,42-75,0.491667,0.425,0.5,0.925,0.691667,0.0,0.0,0.604245,0.46395,0.564828
difficulty,1.0,42,42-76,0.258333,0.475,0.05,0.525,0.525,0.0,0.191667,0.413697,0.54882,0.508316
difficulty,1.0,42,42-77,0.366667,0.45,0.25,0.7,0.633333,0.0,0.1,0.482922,0.686365,0.483932
difficulty,1.0,42,42-78,0.491667,0.45,0.458333,0.908333,0.733333,0.0,0.0,0.584979,0.498022,0.513568
difficulty,1.0,42,42-79,0.333333,0.491667,0.083333,0.575,0.575,0.0,0.183333,0.42999,0.574598,0.491052
difficulty,1.0,42,42-80,0.433333,0.416667,0.45,0.866667,0.7,0.0,0.008333,0.562595,0.502871,0.505581
difficulty,1.0,42,42-81,0.133333,0.425,0.016667,0.441667,0.441667,0.0,0.366667,0.366206,0.603325,0.645652
difficulty,1.0,42,42-82,0.391667,0.516667,0.133333,0.65,0.65,0.0,0.158333,0.4501,0.448129,0.461268
difficulty,1.0,42,42-83,0.333333,0.425,0.075,0.5,0.5,0.0,0.233333,0.415013,0.595815,0.54198
difficulty,1.0,42,42-84,0.0,0.125,0.0,0.125,0.125,0.0,0.491667,0.290642,0.503698,0.938703
difficulty,1.0,42,42-85,0.491667,0.525,0.35,0.875,0.75,0.0,0.0,0.546666,0.584558,0.453581
difficulty,1.0,42,42-86,0.266667,0.466667,0.05,0.516667,0.516667,0.0,0.266667,0.39869,0.597839,0.558657
difficulty,1.0,42,42-87,0.466667,0.508333,0.216667,0.725,0.691667,0.0,0.058333,0.493237,0.498151,0.445108
difficulty,1.0,42,42-88,0.483333,0.416667,0.458333,0.875,0.65,0.0,0.0,0.58148,0.436521,0.535339
difficulty,1.0,42,42-89,0.416667,0.45,0.333333,0.783333,0.683333,0.0,0.008333,0.529261,0.640117,0.452302
difficulty,1.0,42,42-90,0.55,0.483333,0.458333,0.941667,0.766667,0.0,0.0,0.589121,0.503405,0.510069
difficulty,1.0,42,42-91,0.441667,0.5,0.216667,0.716667,0.7,0.0,0.083333,0.491289,0.461747,0.462552
difficulty,1.0,42,42-92,0.208333,0.466667,0.016667,0.483333,0.483333,0.0,0.258333,0.390261,0.647373,0.550683
difficulty,1.0,42,42-93,0.4,0.45,0.166667,0.616667,0.591667,0.0,0.15,0.459571,0.61111,0.490111
difficulty,1.0,42,42-94,0.0,0.0,0.0,0.0,0.0,0.0,0.825,0.224028,0.451514,1.307664
difficulty,1.0,42,42-95,0.0,0.016667,0.0,0.016667,0.016667,0.0,0.583333,0.267474,0.416655,1.061115
difficulty,1.0,42,42-96,0.0,0.05,0.0,0.05,0.05,0.0,0.616667,0.262526,0.541122,1.083445
difficulty,1.0,42,42-97,0.025,0.275,0.0,0.275,0.275,0.0,0.391667,0.327347,0.490805,0.766233
difficulty,1.0,42,42-98,0.441667,0.483333,0.375,0.858333,0.716667,0.0,0.008333,0.542404,0.551208,0.476956
difficulty,1.0,42,42-99,0.066667,0.458333,0.0,0.458333,0.458333,0.0,0.25,0.373877,0.324752,0.55132
difficulty,1.0,42,42-100,0.308333,0.483333,0.05,0.533333,0.533333,0.0,0.225,0.415057,0.563474,0.510824
difficulty,1.0,42,42-101,0.541667,0.258333,0.608333,0.866667,0.575,0.033333,0.0,0.677529,0.467027,0.791016
difficulty,1.0,42,42-102,0.35,0.525,0.091667,0.616667,0.616667,0.0,0.15,0.441513,0.457402,0.441735
difficulty,1.0,42,42-103,0.516667,0.516667,0.433333,0.95,0.775,0.0,0.0,0.592193,0.533389,0.518397
difficulty,1.0,42,42-104,0.083333,0.391667,0.0,0.391667,0.391667,0.0,0.308333,0.360408,0.369393,0.614964
difficulty,1.0,42,42-105,0.366667,0.475,0.175,0.65,0.641667,0.0,0.133333,0.459792,0.526237,0.48202
difficulty,1.0,42,42-106,0.075,0.325,0.0,0.325,0.325,0.0,0.4,0.331766,0.529593,0.761664
difficulty,1.0,42,42-107,0.341667,0.525,0.1,0.625,0.616667,0.0,0.141667,0.44172,0.483774,0.463076
difficulty,1.0,42,42-108,0.508333,0.45,0.516667,0.966667,0.75,0.0,0.0,0.603225,0.53875,0.541135
difficulty,1.0,42,42-109,0.0,0.0,0.0,0.0,0.0,0.0,0.766667,0.240778,0.292425,1.195143
difficulty,1.0,42,42-110,0.433333,0.425,0.333333,0.758333,0.641667,0.0,0.025,0.52855,0.665452,0.487052
difficulty,1.0,42,42-111,0.425,0.45,0.241667,0.691667,0.633333,0.0,0.016667,0.495308,0.644309,0.452627
difficulty,1.0,42,42-112,0.241667,0.525,0.033333,0.558333,0.558333,0.0,0.25,0.40359,0.497226,0.539966
difficulty,1.0,42,42-113,0.0,0.05,0.0,0.05,0.05,0.0,0.641667,0.256169,0.472853,1.124465
difficulty,1.0,42,42-114,0.416667,0.525,0.208333,0.733333,0.708333,0.0,0.058333,0.482424,0.593016,0.449622
difficulty,1.0,42,42-115,0.208333,0.441667,0.041667,0.483333,0.483333,0.0,0.275,0.390407,0.571724,0.565511
difficulty,1.0,42,42-116,0.441667,0.483333,0.275,0.758333,0.691667,0.0,0.058333,0.507941,0.619281,0.4611
difficulty,1.0,42,42-117,0.441667,0.525,0.175,0.7,0.675,0.0,0.083333,0.478673,0.57741,0.447333
difficulty,1.0,42,42-118,0.458333,0.125,0.616667,0.741667,0.458333,0.075,0.0,0.716017,0.454611,0.981517
difficulty,1.0,42,42-119,0.333333,0.491667,0.058333,0.55,0.55,0.0,0.141667,0.434123,0.571179,0.450005
difficulty,1.0,42,42-120,0.066667,0.316667,0.0,0.316667,0.316667,0.0,0.383333,0.333701,0.469578,0.750022
difficulty,1.0,42,42-121,0.4,0.433333,0.291667,0.725,0.625,0.0,0.075,0.503307,0.618665,0.500139
difficulty,1.0,42,42-122,0.45,0.475,0.291667,0.766667,0.675,0.0,0.041667,0.515279,0.562317,0.461956
difficulty,1.0,42,42-123,0.625,0.241667,0.633333,0.875,0.625,0.033333,0.0,0.677249,0.491322,0.7855
difficulty,1.0,42,42-124,0.475,0.45,0.491667,0.941667,0.65,0.0,0.0,0.610536,0.510129,0.572663
difficulty,1.0,42,42-125,0.391667,0.45,0.3,0.75,0.633333,0.0,0.025,0.516687,0.666234,0.481335
difficulty,1.0,42,42-126,0.516667,0.208333,0.583333,0.791667,0.516667,0.066667,0.0,0.702684,0.433259,0.9122
difficulty,1.0,42,42-127,0.016667,0.191667,0.0,0.191667,0.191667,0.0,0.491667,0.302433,0.472793,0.884773
difficulty,1.0,42,42-128,0.216667,0.433333,0.025,0.458333,0.458333,0.0,0.291667,0.385873,0.5161,0.582955
difficulty,1.0,42,42-129,0.075,0.383333,0.0,0.383333,0.383333,0.0,0.333333,0.355516,0.425919,0.644329
difficulty,1.0,42,42-130,0.366667,0.525,0.091667,0.616667,0.616667,0.0,0.166667,0.433884,0.496692,0.486219
difficulty,1.0,42,42-131,0.0,0.116667,0.0,0.116667,0.116667,0.0,0.525,0.278783,0.447956,1.012359
difficulty,1.0,42,42-132,0.508333,0.483333,0.391667,0.875,0.741667,0.0,0.0,0.562319,0.607963,0.468941
difficulty,1.0,42,42-133,0.341667,0.433333,0.141667,0.575,0.566667,0.0,0.216667,0.433854,0.624355,0.534695
difficulty,1.0,42,42-134,0.0,0.025,0.0,0.025,0.025,0.0,0.608333,0.26043,0.458101,1.10436
difficulty,1.0,42,42-135,0.008333,0.208333,0.0,0.208333,0.208333,0.0,0.458333,0.312026,0.545541,0.836128
difficulty,1.0,42,42-136,0.466667,0.416667,0.358333,0.775,0.633333,0.0,0.041667,0.536217,0.551217,0.509711
difficulty,1.0,42,42-137,0.483333,0.458333,0.458333,0.916667,0.691667,0.0,0.0,0.603749,0.547325,0.558829
difficulty,1.0,42,42-138,0.25,0.0,0.666667,0.666667,0.25,0.2,0.0,0.766265,0.385578,1.245946
difficulty,1.0,42,42-139,0.0,0.0,0.025,0.025,0.0,0.433333,0.0,0.855082,0.295016,1.830587
difficulty,1.0,42,42-140,0.45,0.458333,0.375,0.833333,0.716667,0.0,0.016667,0.540333,0.577829,0.462917
difficulty,1.0,42,42-141,0.025,0.375,0.0,0.375,0.375,0.0,0.35,0.343758,0.410034,0.688458
difficulty,1.0,42,42-142,0.0,0.0,0.0,0.0,0.0,0.0,1.0,0.175652,0.323967,1.608129
difficulty,1.0,42,42-143,0.508333,0.483333,0.358333,0.841667,0.791667,0.0,0.025,0.533848,0.492122,0.441499
difficulty,1.0,42,42-144,0.066667,0.375,0.0,0.375,0.375,0.0,0.333333,0.352139,0.492435,0.647267
difficulty,1.0,42,42-145,0.258333,0.4,0.083333,0.483333,0.483333,0.0,0.208333,0.407211,0.611755,0.557008
difficulty,1.0,42,42-146,0.183333,0.433333,0.008333,0.441667,0.441667,0.0,0.316667,0.371254,0.629885,0.629897
difficulty,1.0,42,42-147,0.4,0.466667,0.15,0.616667,0.6,0.0,0.116667,0.458687,0.57631,0.463444
difficulty,1.0,42,42-148,0.541667,0.391667,0.483333,0.875,0.633333,0.025,0.0,0.639478,0.529672,0.667472
difficulty,1.0,42,42-149,0.475,0.475,0.283333,0.758333,0.683333,0.0,0.016667,0.512449,0.512793,0.446225
difficulty,1.0,42,42-150,0.416667,0.466667,0.2,0.666667,0.666667,0.0,0.066667,0.470227,0.491751,0.438868
difficulty,1.0,42,42-151,0.0,0.291667,0.0,0.291667,0.291667,0.0,0.391667,0.322224,0.499425,0.78759
difficulty,1.0,42,42-152,0.0,0.0,0.0,0.0,0.0,0.0,0.775,0.226074,0.456694,1.300174
difficulty,1.0,42,42-153,0.275,0.458333,0.083333,0.541667,0.541667,0.0,0.25,0.411542,0.543408,0.546343
difficulty,1.0,42,42-154,0.408333,0.483333,0.133333,0.616667,0.608333,0.0,0.091667,0.457191,0.59714,0.442296
difficulty,1.0,42,42-155,0.4,0.05,0.658333,0.708333,0.4,0.125,0.0,0.739402,0.414698,1.101336
difficulty,1.0,42,42-156,0.383333,0.45,0.208333,0.658333,0.6,0.0,0.091667,0.48025,0.660805,0.476783
difficulty,1.0,42,42-157,0.5,0.458333,0.45,0.908333,0.683333,0.016667,0.0,0.625649,0.550108,0.616651
difficulty,1.0,42,42-158,0.241667,0.458333,0.05,0.508333,0.508333,0.0,0.258333,0.399424,0.571053,0.546052
difficulty,1.0,42,42-159,0.0,0.2,0.0,0.2,0.2,0.0,0.475,0.299165,0.507926,0.905685
difficulty,1.0,42,42-160,0.033333,0.316667,0.0,0.316667,0.316667,0.0,0.391667,0.335167,0.478614,0.735044
difficulty,1.0,42,42-161,0.166667,0.425,0.016667,0.441667,0.441667,0.0,0.3,0.372534,0.522084,0.620161
difficulty,1.0,42,42-162,0.2,0.0,0.691667,0.691667,0.2,0.166667,0.0,0.767661,0.429702,1.251848
difficulty,1.0,42,42-163,0.141667,0.341667,0.0,0.341667,0.341667,0.0,0.383333,0.342749,0.629286,0.750428
difficulty,1.0,42,42-164,0.525,0.533333,0.425,0.958333,0.758333,0.008333,0.0,0.596759,0.566424,0.507443
difficulty,1.0,42,42-165,0.041667,0.366667,0.0,0.366667,0.366667,0.0,0.341667,0.346431,0.463201,0.679445
difficulty,1.0,42,42-166,0.491667,0.375,0.55,0.925,0.641667,0.0,0.0,0.633212,0.476466,0.641197
difficulty,1.0,42,42-167,0.441667,0.475,0.366667,0.841667,0.708333,0.0,0.0,0.543391,0.537219,0.466545
difficulty,1.0,42,42-168,0.466667,0.55,0.166667,0.716667,0.716667,0.0,0.1,0.475149,0.469204,0.43066
difficulty,1.0,42,42-169,0.441667,0.416667,0.208333,0.625,0.616667,0.0,0.158333,0.467938,0.594006,0.484077
difficulty,1.0,42,42-170,0.15,0.441667,0.008333,0.45,0.45,0.0,0.316667,0.377803,0.529521,0.581775
difficulty,1.0,42,42-171,0.433333,0.508333,0.283333,0.791667,0.691667,0.0,0.0,0.521386,0.686016,0.447976
difficulty,1.0,42,42-172,0.241667,0.533333,0.016667,0.55,0.55,0.0,0.225,0.403054,0.550987,0.501267
difficulty,1.0,42,42-173,0.0,0.158333,0.0,0.158333,0.158333,0.0,0.441667,0.302929,0.444003,0.889162
difficulty,1.0,42,42-174,0.0,0.058333,0.0,0.058333,0.058333,0.0,0.516667,0.283406,0.448465,0.974716
difficulty,1.0,42,42-175,0.433333,0.458333,0.266667,0.725,0.641667,0.0,0.025,0.508169,0.548383,0.46359
difficulty,1.0,42,42-176,0.558333,0.141667,0.691667,0.833333,0.558333,0.041667,0.0,0.699884,0.487214,0.889
difficulty,1.0,42,42-177,0.475,0.516667,0.266667,0.783333,0.725,0.0,0.041667,0.507555,0.544159,0.433366
difficulty,1.0,42,42-178,0.4,0.466667,0.166667,0.633333,0.616667,0.0,0.141667,0.462588,0.561412,0.470924
difficulty,1.0,42,42-179,0.416667,0.475,0.325,0.8,0.666667,0.0,0.041667,0.527922,0.571422,0.509961
difficulty,1.0,42,42-180,0.541667,0.316667,0.541667,0.858333,0.583333,0.041667,0.0,0.676027,0.482622,0.793839
difficulty,1.0,42,42-181,0.458333,0.466667,0.308333,0.775,0.7,0.0,0.041667,0.516606,0.543306,0.466819
difficulty,1.0,42,42-182,0.241667,0.441667,0.083333,0.525,0.525,0.0,0.258333,0.406309,0.586481,0.532595
difficulty,1.0,42,42-183,0.616667,0.416667,0.516667,0.933333,0.7,0.0,0.0,0.637386,0.532766,0.618465
difficulty,1.0,42,42-184,0.483333,0.45,0.366667,0.816667,0.7,0.0,0.0,0.536519,0.602507,0.478369
difficulty,1.0,42,42-185,0.558333,0.183333,0.641667,0.825,0.558333,0.058333,0.0,0.693932,0.505392,0.865291
difficulty,1.0,42,42-186,0.475,0.483333,0.283333,0.766667,0.725,0.0,0.025,0.517146,0.501069,0.431805
difficulty,1.0,42,42-187,0.0,0.116667,0.0,0.116667,0.116667,0.0,0.466667,0.29256,0.484148,0.933982
difficulty,1.0,42,42-188,0.0,0.066667,0.0,0.066667,0.066667,0.0,0.566667,0.272783,0.45643,1.032702
difficulty,1.0,42,42-189,0.566667,0.141667,0.675,0.816667,0.566667,0.091667,0.0,0.699991,0.534319,0.899968
difficulty,1.0,42,42-190,0.475,0.058333,0.691667,0.75,0.475,0.091667,0.0,0.721713,0.468101,1.004297
difficulty,1.0,42,42-191,0.458333,0.5,0.175,0.675,0.675,0.0,0.075,0.470034,0.464224,0.425457
difficulty,1.0,42,42-192,0.283333,0.466667,0.066667,0.533333,0.533333,0.0,0.25,0.411776,0.609723,0.542785
difficulty,1.0,42,42-193,0.541667,0.291667,0.541667,0.833333,0.583333,0.05,0.0,0.677637,0.560915,0.79777
difficulty,1.0,42,42-194,0.041667,0.2,0.0,0.2,0.2,0.0,0.416667,0.316101,0.461236,0.81756
difficulty,1.0,42,42-195,0.075,0.425,0.0,0.425,0.425,0.0,0.3,0.361752,0.411326,0.610824
difficulty,1.0,42,42-196,0.483333,0.45,0.45,0.9,0.691667,0.0,0.0,0.589153,0.49175,0.524791
difficulty,1.0,42,42-197,0.358333,0.483333,0.1,0.583333,0.583333,0.0,0.2,0.432479,0.507743,0.510538
difficulty,1.0,42,42-198,0.391667,0.441667,0.183333,0.625,0.608333,0.0,0.116667,0.461586,0.647323,0.475703
difficulty,1.0,42,42-199,0.391667,0.475,0.191667,0.666667,0.658333,0.0,0.125,0.464783,0.522703,0.466103
difficulty,1.0,137,137-0,0.1,0.341667,0.0,0.341667,0.341667,0.0,0.358333,0.349602,0.55051,0.692236
difficulty,1.0,137,137-1,0.175,0.391667,0.016667,0.408333,0.408333,0.0,0.325,0.367975,0.560927,0.648539
difficulty,1.0,137,137-2,0.183333,0.516667,0.0,0.516667,0.516667,0.0,0.283333,0.387164,0.481509,0.538675
difficulty,1.0,137,137-3,0.458333,0.483333,0.241667,0.725,0.691667,0.0,0.066667,0.493735,0.502554,0.443501
difficulty,1.0,137,137-4,0.241667,0.5,0.025,0.525,0.525,0.0,0.275,0.397133,0.514715,0.543049
difficulty,1.0,137,137-5,0.016667,0.358333,0.0,0.358333,0.358333,0.0,0.341667,0.345081,0.387319,0.678129
difficulty,1.0,137,137-6,0.416667,0.475,0.3,0.775,0.683333,0.0,0.025,0.518245,0.536093,0.451518
difficulty,1.0,137,137-7,0.158333,0.383333,0.025,0.408333,0.408333,0.0,0.316667,0.367276,0.604719,0.652478
difficulty,1.0,137,137-8,0.0,0.0,0.0,0.0,0.0,0.0,1.0,0.188333,0.413259,1.53039
difficulty,1.0,137,137-9,0.333333,0.0,0.691667,0.691667,0.333333,0.158333,0.0,0.7534,0.427593,1.175077
difficulty,1.0,137,137-10,0.425,0.1,0.633333,0.733333,0.425,0.116667,0.0,0.723966,0.424997,1.024694
difficulty,1.0,137,137-11,0.041667,0.225,0.0,0.225,0.225,0.0,0.533333,0.300701,0.642796,0.907433
difficulty,1.0,137,137-12,0.283333,0.441667,0.075,0.516667,0.516667,0.0,0.216667,0.40888,0.634254,0.545578
difficulty,1.0,137,137-13,0.433333,0.45,0.208333,0.658333,0.625,0.0,0.1,0.47583,0.559979,0.479474
difficulty,1.0,137,137-14,0.491667,0.441667,0.475,0.916667,0.683333,0.016667,0.0,0.626088,0.535128,0.623913
difficulty,1.0,137,137-15,0.0,0.0,0.0,0.0,0.0,0.0,1.0,0.117207,0.386347,2.097788
difficulty,1.0,137,137-16,0.075,0.35,0.0,0.35,0.35,0.0,0.375,0.344995,0.524668,0.688989
difficulty,1.0,137,137-17,0.425,0.458333,0.258333,0.716667,0.65,0.0,0.025,0.500584,0.573482,0.445032
difficulty,1.0,137,137-18,0.0,0.0,0.0,0.0,0.0,0.0,0.983333,0.21641,0.349598,1.342951
difficulty,1.0,137,137-19,0.191667,0.441667,0.008333,0.45,0.45,0.0,0.308333,0.373128,0.58616,0.617562
difficulty,1.0,137,137-20,0.275,0.491667,0.05,0.541667,0.541667,0.0,0.166667,0.425015,0.568633,0.4757
difficulty,1.0,137,137-21,0.283333,0.533333,0.033333,0.566667,0.566667,0.0,0.233333,0.415099,0.51414,0.487271
difficulty,1.0,137,137-22,0.016667,0.225,0.0,0.225,0.225,0.0,0.408333,0.322146,0.470549,0.787885
difficulty,1.0,137,137-23,0.55,0.416667,0.516667,0.933333,0.675,0.008333,0.0,0.633674,0.526543,0.621151
difficulty,1.0,137,137-24,0.225,0.466667,0.008333,0.475,0.475,0.0,0.283333,0.390749,0.52579,0.560017
difficulty,1.0,137,137-25,0.475,0.425,0.483333,0.908333,0.675,0.0,0.0,0.614088,0.48117,0.606788
difficulty,1.0,137,137-26,0.291667,0.441667,0.091667,0.533333,0.533333,0.0,0.208333,0.417724,0.599111,0.530561
difficulty,1.0,137,137-27,0.483333,0.5,0.291667,0.791667,0.725,0.0,0.041667,0.513851,0.52279,0.450091
difficulty,1.0,137,137-28,0.308333,0.525,0.066667,0.591667,0.591667,0.0,0.233333,0.423967,0.478753,0.494594
difficulty,1.0,137,137-29,0.491667,0.341667,0.541667,0.883333,0.608333,0.016667,0.0,0.657435,0.422757,0.723156
difficulty,1.0,137,137-30,0.45,0.433333,0.3,0.733333,0.658333,0.0,0.016667,0.517942,0.619337,0.471552
difficulty,1.0,137,137-31,0.041667,0.266667,0.0,0.266667,0.266667,0.0,0.366667,0.330221,0.511697,0.752374
difficulty,1.0,137,137-32,0.483333,0.5,0.408333,0.908333,0.691667,0.0,0.0,0.575581,0.602052,0.483681
difficulty,1.0,137,137-33,0.0,0.0,0.3,0.3,0.0,0.383333,0.0,0.838178,0.300154,1.707272
difficulty,1.0,137,137-34,0.0,0.0,0.0,0.0,0.0,0.0,0.891667,0.213033,0.466846,1.367918
difficulty,1.0,137,137-35,0.375,0.491667,0.15,0.641667,0.625,0.0,0.116667,0.458832,0.595055,0.452137
difficulty,1.0,137,137-36,0.433333,0.5,0.158333,0.658333,0.641667,0.0,0.083333,0.470615,0.626196,0.445335
difficulty,1.0,137,137-37,0.408333,0.483333,0.158333,0.641667,0.625,0.0,0.116667,0.461021,0.528941,0.475607
difficulty,1.0,137,137-38,0.558333,0.516667,0.45,0.966667,0.766667,0.0,0.0,0.596335,0.615627,0.497051
difficulty,1.0,137,137-39,0.416667,0.483333,0.15,0.633333,0.633333,0.0,0.125,0.456711,0.525069,0.466982
difficulty,1.0,137,137-40,0.5,0.416667,0.491667,0.908333,0.691667,0.0,0.0,0.617165,0.495103,0.594165
difficulty,1.0,137,137-41,0.483333,0.5,0.4,0.9,0.708333,0.0,0.0,0.576303,0.547673,0.501082
difficulty,1.0,137,137-42,0.025,0.275,0.0,0.275,0.275,0.0,0.425,0.324653,0.515564,0.778811
difficulty,1.0,137,137-43,0.0,0.2,0.0,0.2,0.2,0.0,0.466667,0.306251,0.498324,0.859228
difficulty,1.0,137,137-44,0.341667,0.058333,0.641667,0.7,0.341667,0.141667,0.0,0.743801,0.414293,1.127613
difficulty,1.0,137,137-45,0.308333,0.458333,0.083333,0.541667,0.533333,0.0,0.158333,0.431062,0.638632,0.485545
difficulty,1.0,137,137-46,0.483333,0.5,0.258333,0.758333,0.716667,0.0,0.025,0.502738,0.514956,0.417127
difficulty,1.0,137,137-47,0.558333,0.15,0.666667,0.816667,0.558333,0.05,0.0,0.697965,0.489181,0.880454
difficulty,1.0,137,137-48,0.483333,0.533333,0.4,0.933333,0.8,0.0,0.0,0.55895,0.623523,0.443191
difficulty,1.0,137,137-49,0.208333,0.483333,0.0,0.483333,0.483333,0.0,0.283333,0.385323,0.544157,0.583501
difficulty,1.0,137,137-50,0.375,0.483333,0.1,0.583333,0.583333,0.0,0.166667,0.438013,0.520301,0.477893
difficulty,1.0,137,137-51,0.558333,0.45,0.433333,0.883333,0.691667,0.025,0.0,0.629467,0.585939,0.618513
difficulty,1.0,137,137-52,0.6,0.308333,0.583333,0.891667,0.616667,0.008333,0.0,0.666531,0.548598,0.734046
difficulty,1.0,137,137-53,0.333333,0.458333,0.108333,0.566667,0.566667,0.0,0.166667,0.432882,0.559509,0.497349
difficulty,1.0,137,137-54,0.608333,0.3,0.6,0.9,0.608333,0.0,0.0,0.669041,0.50221,0.739859
difficulty,1.0,137,137-55,0.275,0.475,0.066667,0.541667,0.541667,0.0,0.216667,0.414132,0.582717,0.528576
difficulty,1.0,137,137-56,0.458333,0.441667,0.241667,0.683333,0.641667,0.0,0.058333,0.494632,0.622411,0.445132
difficulty,1.0,137,137-57,0.0,0.3,0.0,0.3,0.3,0.0,0.416667,0.316326,0.351927,0.825132
difficulty,1.0,137,137-58,0.383333,0.508333,0.116667,0.625,0.625,0.0,0.133333,0.448482,0.534704,0.452203
difficulty,1.0,137,137-59,0.5,0.541667,0.35,0.891667,0.783333,0.0,0.0,0.542764,0.581277,0.415653
difficulty,1.0,137,137-60,0.475,0.458333,0.375,0.833333,0.708333,0.0,0.008333,0.541917,0.534772,0.473708
difficulty,1.0,137,137-61,0.5,0.508333,0.441667,0.95,0.758333,0.0,0.0,0.590029,0.538435,0.513515
difficulty,1.0,137,137-62,0.133333,0.425,0.0,0.425,0.425,0.0,0.35,0.359656,0.591542,0.649518
difficulty,1.0,137,137-63,0.341667,0.483333,0.133333,0.616667,0.616667,0.0,0.166667,0.442883,0.589352,0.482858
difficulty,1.0,137,137-64,0.391667,0.45,0.216667,0.666667,0.625,0.0,0.091667,0.477421,0.503102,0.477392
difficulty,1.0,137,137-65,0.425,0.058333,0.641667,0.7,0.425,0.125,0.0,0.73263,0.430455,1.08078
difficulty,1.0,137,137-66,0.0,0.116667,0.0,0.116667,0.116667,0.0,0.525,0.278934,0.571135,1.001244
difficulty,1.0,137,137-67,0.375,0.466667,0.15,0.616667,0.616667,0.0,0.166667,0.445256,0.523602,0.502047
difficulty,1.0,137,137-68,0.433333,0.475,0.2,0.675,0.658333,0.0,0.1,0.471323,0.507494,0.444482
difficulty,1.0,137,137-69,0.0,0.0,0.0,0.0,0.0,0.625,0.0,0.873879,0.256888,1.986477
difficulty,1.0,137,137-70,0.45,0.491667,0.4,0.891667,0.716667,0.0,0.0,0.565828,0.588311,0.500308
difficulty,1.0,137,137-71,0.416667,0.525,0.166667,0.691667,0.683333,0.0,0.075,0.474559,0.528243,0.416101
difficulty,1.0,137,137-72,0.425,0.45,0.225,0.675,0.616667,0.0,0.083333,0.485878,0.565948,0.465844
difficulty,1.0,137,137-73,0.0,0.0,0.0,0.0,0.0,0.0,0.75,0.234791,0.486895,1.243639
difficulty,1.0,137,137-74,0.466667,0.441667,0.316667,0.758333,0.666667,0.0,0.041667,0.516817,0.496489,0.496272
difficulty,1.0,137,137-75,0.591667,0.366667,0.541667,0.908333,0.641667,0.025,0.0,0.654833,0.562017,0.685005
difficulty,1.0,137,137-76,0.358333,0.5,0.108333,0.608333,0.608333,0.0,0.108333,0.444348,0.552986,0.446456
difficulty,1.0,137,137-77,0.3,0.533333,0.033333,0.566667,0.566667,0.0,0.216667,0.415368,0.486369,0.495361
difficulty,1.0,137,137-78,0.333333,0.483333,0.108333,0.591667,0.591667,0.0,0.175,0.436615,0.509112,0.471444
difficulty,1.0,137,137-79,0.475,0.466667,0.416667,0.883333,0.675,0.016667,0.0,0.603259,0.559709,0.586718
difficulty,1.0,137,137-80,0.508333,0.5,0.366667,0.866667,0.766667,0.0,0.0,0.556735,0.613666,0.468862
difficulty,1.0,137,137-81,0.575,0.366667,0.55,0.916667,0.65,0.008333,0.0,0.646464,0.508007,0.665665
difficulty,1.0,137,137-82,0.5,0.458333,0.308333,0.766667,0.7,0.0,0.025,0.520286,0.511173,0.455793
difficulty,1.0,137,137-83,0.45,0.566667,0.341667,0.908333,0.791667,0.0,0.0,0.562062,0.671024,0.451587
difficulty,1.0,137,137-84,0.108333,0.375,0.0,0.375,0.375,0.0,0.341667,0.352327,0.477054,0.675944
difficulty,1.0,137,137-85,0.416667,0.425,0.283333,0.708333,0.666667,0.0,0.125,0.488527,0.657615,0.503385
difficulty,1.0,137,137-86,0.033333,0.233333,0.0,0.233333,0.233333,0.0,0.466667,0.309673,0.510062,0.854647
difficulty,1.0,137,137-87,0.175,0.4,0.016667,0.416667,0.416667,0.0,0.333333,0.372439,0.582199,0.618449
difficulty,1.0,137,137-88,0.058333,0.3,0.0,0.3,0.3,0.0,0.416667,0.328042,0.613018,0.781824
difficulty,1.0,137,137-89,0.383333,0.458333,0.183333,0.641667,0.608333,0.0,0.108333,0.468091,0.541027,0.472795
difficulty,1.0,137,137-90,0.55,0.383333,0.533333,0.916667,0.641667,0.016667,0.0,0.644734,0.486927,0.653997
difficulty,1.0,137,137-91,0.466667,0.533333,0.308333,0.841667,0.766667,0.0,0.0,0.528806,0.587736,0.410222
difficulty,1.0,137,137-92,0.0,0.183333,0.0,0.183333,0.183333,0.0,0.533333,0.293049,0.590446,0.934746
difficulty,1.0,137,137-93,0.416667,0.441667,0.408333,0.85,0.675,0.0,0.0,0.570131,0.595371,0.553536
difficulty,1.0,137,137-94,0.125,0.0,0.633333,0.633333,0.125,0.216667,0.0,0.778363,0.41178,1.315841
difficulty,1.0,137,137-95,0.541667,0.25,0.608333,0.858333,0.558333,0.058333,0.0,0.684461,0.458684,0.828366
difficulty,1.0,137,137-96,0.466667,0.516667,0.391667,0.908333,0.725,0.0,0.0,0.572986,0.609928,0.48476
difficulty,1.0,137,137-97,0.6,0.316667,0.608333,0.925,0.633333,0.0,0.0,0.658832,0.489007,0.69852
difficulty,1.0,137,137-98,0.5,0.341667,0.5,0.841667,0.575,0.05,0.0,0.666467,0.499904,0.756584
difficulty,1.0,137,137-99,0.508333,0.441667,0.408333,0.85,0.766667,0.0,0.025,0.547043,0.502178,0.462717
difficulty,1.0,137,137-100,0.3,0.441667,0.091667,0.533333,0.533333,0.0,0.233333,0.417739,0.612914,0.533547
difficulty,1.0,137,137-101,0.166667,0.0,0.633333,0.633333,0.166667,0.216667,0.0,0.776413,0.37796,1.303293
difficulty,1.0,137,137-102,0.475,0.525,0.316667,0.841667,0.791667,0.0,0.008333,0.521532,0.594123,0.404399
difficulty,1.0,137,137-103,0.558333,0.316667,0.541667,0.858333,0.616667,0.025,0.0,0.666443,0.507417,0.740784
difficulty,1.0,137,137-104,0.4,0.458333,0.216667,0.675,0.625,0.0,0.116667,0.476296,0.6027,0.490996
difficulty,1.0,137,137-105,0.216667,0.0,0.633333,0.633333,0.216667,0.233333,0.0,0.77476,0.425641,1.305496
difficulty,1.0,137,137-106,0.0,0.0,0.0,0.0,0.0,0.0,1.0,0.090854,0.162193,2.341934
difficulty,1.0,137,137-107,0.341667,0.491667,0.125,0.616667,0.616667,0.0,0.166667,0.438307,0.561099,0.477938
difficulty,1.0,137,137-108,0.0,0.0,0.0,0.0,0.0,0.0,1.0,0.09435,0.143494,2.296103
difficulty,1.0,137,137-109,0.458333,0.091667,0.691667,0.783333,0.458333,0.125,0.0,0.723078,0.449684,1.018329
difficulty,1.0,137,137-110,0.15,0.4,0.025,0.425,0.425,0.0,0.341667,0.376584,0.588143,0.600415
difficulty,1.0,137,137-111,0.533333,0.325,0.508333,0.833333,0.591667,0.05,0.0,0.668836,0.505771,0.763065
difficulty,1.0,137,137-112,0.325,0.4,0.141667,0.541667,0.541667,0.0,0.258333,0.419261,0.55072,0.591408
difficulty,1.0,137,137-113,0.183333,0.458333,0.0,0.458333,0.458333,0.0,0.275,0.380206,0.542183,0.583179
difficulty,1.0,137,137-114,0.325,0.483333,0.066667,0.55,0.55,0.0,0.208333,0.421402,0.555987,0.517671
difficulty,1.0,137,137-115,0.341667,0.491667,0.116667,0.608333,0.608333,0.0,0.158333,0.442955,0.53563,0.468166
difficulty,1.0,137,137-116,0.55,0.325,0.55,0.875,0.6,0.033333,0.0,0.665396,0.501474,0.740822
difficulty,1.0,137,137-117,0.2,0.441667,0.008333,0.45,0.45,0.0,0.308333,0.377837,0.540727,0.611818
difficulty,1.0,137,137-118,0.0,0.0,0.0,0.0,0.0,0.0,0.966667,0.205237,0.397459,1.411713
difficulty,1.0,137,137-119,0.35,0.458333,0.1,0.558333,0.558333,0.0,0.183333,0.429068,0.584854,0.505379
difficulty,1.0,137,137-120,0.391667,0.0,0.741667,0.741667,0.391667,0.125,0.0,0.741284,0.481839,1.105853
difficulty,1.0,137,137-121,0.1,0.0,0.516667,0.516667,0.1,0.316667,0.0,0.800809,0.339079,1.467723
difficulty,1.0,137,137-122,0.475,0.466667,0.283333,0.75,0.691667,0.0,0.066667,0.506439,0.523042,0.457376
difficulty,1.0,137,137-123,0.0,0.116667,0.0,0.116667,0.116667,0.0,0.441667,0.302119,0.376725,0.884403
difficulty,1.0,137,137-124,0.0,0.0,0.0,0.0,0.0,0.0,0.65,0.255077,0.378496,1.128765
difficulty,1.0,137,137-125,0.491667,0.508333,0.258333,0.766667,0.741667,0.0,0.016667,0.506256,0.502611,0.43121
difficulty,1.0,137,137-126,0.433333,0.525,0.266667,0.791667,0.725,0.0,0.025,0.510063,0.579948,0.459996
difficulty,1.0,137,137-127,0.075,0.375,0.0,0.375,0.375,0.0,0.341667,0.351459,0.455477,0.664437
difficulty,1.0,137,137-128,0.341667,0.475,0.083333,0.558333,0.558333,0.0,0.141667,0.43909,0.624486,0.474305
difficulty,1.0,137,137-129,0.533333,0.433333,0.516667,0.95,0.7,0.0,0.0,0.62401,0.543196,0.584955
difficulty,1.0,137,137-130,0.45,0.433333,0.233333,0.666667,0.658333,0.0,0.108333,0.47696,0.493216,0.485047
difficulty,1.0,137,137-131,0.408333,0.483333,0.15,0.633333,0.633333,0.0,0.141667,0.448763,0.502145,0.481167
difficulty,1.0,137,137-132,0.525,0.441667,0.475,0.916667,0.716667,0.0,0.0,0.5901,0.457019,0.517375
difficulty,1.0,137,137-133,0.016667,0.216667,0.0,0.216667,0.216667,0.0,0.491667,0.304043,0.522631,0.889626
difficulty,1.0,137,137-134,0.416667,0.466667,0.3,0.766667,0.666667,0.0,0.058333,0.514026,0.537654,0.496487
difficulty,1.0,137,137-135,0.441667,0.508333,0.291667,0.8,0.733333,0.0,0.0,0.517594,0.599568,0.425094
difficulty,1.0,137,137-136,0.483333,0.466667,0.25,0.716667,0.708333,0.0,0.058333,0.483647,0.550112,0.436788
difficulty,1.0,137,137-137,0.433333,0.458333,0.2,0.658333,0.658333,0.0,0.108333,0.468805,0.410231,0.450213
difficulty,1.0,137,137-138,0.416667,0.5,0.183333,0.683333,0.658333,0.0,0.083333,0.471551,0.568366,0.442224
difficulty,1.0,137,137-139,0.516667,0.408333,0.5,0.908333,0.625,0.025,0.0,0.644066,0.50478,0.655746
difficulty,1.0,137,137-140,0.0,0.0,0.0,0.0,0.0,0.0,1.0,0.144247,0.28414,1.835478
difficulty,1.0,137,137-141,0.5,0.441667,0.483333,0.925,0.675,0.008333,0.0,0.628506,0.511392,0.616942
difficulty,1.0,137,137-142,0.391667,0.441667,0.216667,0.658333,0.616667,0.0,0.116667,0.472026,0.572171,0.487614
difficulty,1.0,137,137-143,0.233333,0.483333,0.016667,0.5,0.5,0.0,0.275,0.397946,0.508493,0.532529
difficulty,1.0,137,137-144,0.425,0.475,0.225,0.7,0.658333,0.0,0.033333,0.487241,0.652254,0.432955
difficulty,1.0,137,137-145,0.475,0.45,0.458333,0.908333,0.675,0.0,0.0,0.58326,0.510074,0.526189
difficulty,1.0,137,137-146,0.508333,0.491667,0.475,0.966667,0.725,0.008333,0.0,0.609066,0.567472,0.539909
difficulty,1.0,137,137-147,0.266667,0.525,0.066667,0.591667,0.591667,0.0,0.191667,0.422973,0.520275,0.479953
difficulty,1.0,137,137-148,0.175,0.408333,0.0,0.408333,0.408333,0.0,0.333333,0.365681,0.496887,0.651422
difficulty,1.0,137,137-149,0.425,0.491667,0.191667,0.683333,0.65,0.0,0.066667,0.474507,0.624993,0.442407
difficulty,1.0,137,137-150,0.05,0.3,0.0,0.3,0.3,0.0,0.383333,0.335844,0.434455,0.725435
difficulty,1.0,137,137-151,0.383333,0.066667,0.666667,0.733333,0.383333,0.133333,0.0,0.732737,0.41425,1.065258
difficulty,1.0,137,137-152,0.0,0.0,0.0,0.0,0.0,1.0,0.0,0.915339,0.186356,2.416637
difficulty,1.0,137,137-153,0.091667,0.358333,0.0,0.358333,0.358333,0.0,0.333333,0.350026,0.46618,0.674904
difficulty,1.0,137,137-154,0.441667,0.05,0.683333,0.733333,0.441667,0.116667,0.0,0.7314,0.41521,1.057015
difficulty,1.0,137,137-155,0.508333,0.516667,0.408333,0.925,0.733333,0.0,0.0,0.582176,0.564796,0.49916
difficulty,1.0,137,137-156,0.416667,0.466667,0.2,0.666667,0.641667,0.0,0.083333,0.473752,0.559272,0.455085
difficulty,1.0,137,137-157,0.533333,0.441667,0.475,0.916667,0.7,0.008333,0.0,0.619447,0.549329,0.583073
difficulty,1.0,137,137-158,0.541667,0.391667,0.525,0.916667,0.675,0.0,0.0,0.633173,0.500585,0.633194
difficulty,1.0,137,137-159,0.433333,0.433333,0.375,0.808333,0.65,0.0,0.016667,0.54269,0.556287,0.506003
difficulty,1.0,137,137-160,0.2,0.391667,0.025,0.416667,0.416667,0.0,0.325,0.370995,0.650346,0.645525
difficulty,1.0,137,137-161,0.425,0.5,0.25,0.75,0.7,0.0,0.041667,0.499477,0.57536,0.43677
difficulty,1.0,137,137-162,0.0,0.275,0.0,0.275,0.275,0.0,0.425,0.317488,0.469512,0.818174
difficulty,1.0,137,137-163,0.441667,0.5,0.391667,0.891667,0.733333,0.008333,0.0,0.576385,0.583275,0.515997
difficulty,1.0,137,137-164,0.366667,0.533333,0.133333,0.666667,0.666667,0.0,0.125,0.454641,0.471298,0.441815
difficulty,1.0,137,137-165,0.525,0.366667,0.55,0.916667,0.641667,0.025,0.0,0.647835,0.469856,0.670737
difficulty,1.0,137,137-166,0.425,0.466667,0.283333,0.75,0.708333,0.0,0.075,0.492542,0.595414,0.449373
difficulty,1.0,137,137-167,0.491667,0.491667,0.258333,0.75,0.741667,0.0,0.05,0.49334,0.425725,0.432903
difficulty,1.0,137,137-168,0.141667,0.366667,0.0,0.366667,0.366667,0.0,0.375,0.351651,0.567002,0.703078
difficulty,1.0,137,137-169,0.491667,0.525,0.383333,0.908333,0.783333,0.0,0.0,0.553825,0.589313,0.440612
difficulty,1.0,137,137-170,0.483333,0.491667,0.283333,0.775,0.716667,0.0,0.016667,0.509201,0.59452,0.424488
difficulty,1.0,137,137-171,0.35,0.533333,0.083333,0.616667,0.616667,0.0,0.133333,0.439854,0.505777,0.438139
difficulty,1.0,137,137-172,0.416667,0.458333,0.225,0.683333,0.666667,0.0,0.108333,0.479556,0.578429,0.475087
difficulty,1.0,137,137-173,0.583333,0.508333,0.441667,0.95,0.725,0.0,0.0,0.620417,0.52597,0.549989
difficulty,1.0,137,137-174,0.4,0.441667,0.15,0.591667,0.591667,0.0,0.15,0.447865,0.586468,0.478587
difficulty,1.0,137,137-175,0.016667,0.358333,0.0,0.358333,0.358333,0.0,0.333333,0.3453,0.422428,0.674225
difficulty,1.0,137,137-176,0.5,0.466667,0.433333,0.9,0.725,0.0,0.0,0.588931,0.517766,0.527702
difficulty,1.0,137,137-177,0.483333,0.475,0.358333,0.833333,0.775,0.0,0.025,0.527284,0.481565,0.436573
difficulty,1.0,137,137-178,0.0,0.141667,0.0,0.141667,0.141667,0.0,0.591667,0.272304,0.552806,1.054844
difficulty,1.0,137,137-179,0.0,0.0,0.075,0.075,0.0,0.45,0.0,0.855864,0.277115,1.843881
difficulty,1.0,137,137-180,0.2,0.433333,0.016667,0.45,0.45,0.0,0.308333,0.378446,0.667484,0.625252
difficulty,1.0,137,137-181,0.416667,0.466667,0.208333,0.675,0.666667,0.0,0.083333,0.472142,0.525959,0.436187
difficulty,1.0,137,137-182,0.0,0.0,0.0,0.0,0.0,0.0,0.591667,0.264351,0.363572,1.074857
difficulty,1.0,137,137-183,0.375,0.466667,0.141667,0.608333,0.608333,0.0,0.166667,0.452853,0.57506,0.463636
difficulty,1.0,137,137-184,0.225,0.458333,0.016667,0.475,0.475,0.0,0.266667,0.38806,0.48905,0.572487
difficulty,1.0,137,137-185,0.225,0.516667,0.008333,0.525,0.525,0.0,0.233333,0.401793,0.493925,0.502578
difficulty,1.0,137,137-186,0.0,0.208333,0.0,0.208333,0.208333,0.0,0.433333,0.308528,0.442958,0.859154
difficulty,1.0,137,137-187,0.325,0.4,0.083333,0.483333,0.483333,0.0,0.241667,0.411918,0.622223,0.571202
difficulty,1.0,137,137-188,0.183333,0.466667,0.033333,0.5,0.5,0.0,0.233333,0.394066,0.532981,0.541852
difficulty,1.0,137,137-189,0.208333,0.416667,0.025,0.441667,0.441667,0.0,0.325,0.378211,0.566621,0.62414
difficulty,1.0,137,137-190,0.25,0.558333,0.0,0.558333,0.558333,0.0,0.183333,0.403819,0.410057,0.481787
difficulty,1.0,137,137-191,0.0,0.083333,0.0,0.083333,0.083333,0.0,0.516667,0.281516,0.484073,0.992494
difficulty,1.0,137,137-192,0.0,0.0,0.0,0.0,0.0,0.0,1.0,0.193436,0.408363,1.488878
difficulty,1.0,137,137-193,0.2,0.475,0.025,0.5,0.5,0.0,0.283333,0.382005,0.555406,0.596569
difficulty,1.0,137,137-194,0.391667,0.041667,0.666667,0.708333,0.391667,0.116667,0.0,0.737108,0.458064,1.090759
difficulty,1.0,137,137-195,0.5,0.483333,0.425,0.908333,0.741667,0.0,0.0,0.566048,0.509069,0.470494
difficulty,1.0,137,137-196,0.3,0.5,0.033333,0.533333,0.533333,0.0,0.216667,0.41477,0.516486,0.520955
difficulty,1.0,137,137-197,0.008333,0.166667,0.0,0.166667,0.166667,0.0,0.491667,0.294829,0.510597,0.930146
difficulty,1.0,137,137-198,0.433333,0.475,0.175,0.65,0.633333,0.0,0.091667,0.469372,0.49099,0.451319
difficulty,1.0,137,137-199,0.491667,0.475,0.275,0.75,0.716667,0.0,0.058333,0.504541,0.46278,0.435996
difficulty,1.0,369,369-0,0.433333,0.458333,0.266667,0.725,0.666667,0.0,0.066667,0.499828,0.645179,0.452876
difficulty,1.0,369,369-1,0.35,0.475,0.141667,0.616667,0.583333,0.0,0.091667,0.4621,0.656461,0.452086
difficulty,1.0,369,369-2,0.533333,0.408333,0.458333,0.866667,0.65,0.05,0.0,0.646691,0.589672,0.687784
difficulty,1.0,369,369-3,0.158333,0.416667,0.025,0.441667,0.441667,0.0,0.308333,0.375475,0.525163,0.599201
difficulty,1.0,369,369-4,0.45,0.541667,0.225,0.766667,0.716667,0.0,0.008333,0.513165,0.557886,0.444202
difficulty,1.0,369,369-5,0.475,0.475,0.316667,0.791667,0.725,0.0,0.041667,0.51894,0.571504,0.468649
difficulty,1.0,369,369-6,0.158333,0.441667,0.016667,0.458333,0.458333,0.0,0.308333,0.373349,0.516906,0.611378
difficulty,1.0,369,369-7,0.483333,0.516667,0.275,0.791667,0.733333,0.0,0.025,0.511492,0.572304,0.442552
difficulty,1.0,369,369-8,0.458333,0.45,0.291667,0.741667,0.708333,0.0,0.083333,0.49403,0.538334,0.47457
difficulty,1.0,369,369-9,0.333333,0.0,0.716667,0.716667,0.333333,0.15,0.0,0.747875,0.440107,1.140686
difficulty,1.0,369,369-10,0.525,0.458333,0.475,0.933333,0.733333,0.0,0.0,0.606354,0.536183,0.560316
difficulty,1.0,369,369-11,0.0,0.0,0.0,0.0,0.0,0.0,1.0,0.079108,0.127609,2.484638
difficulty,1.0,369,369-12,0.241667,0.5,0.016667,0.516667,0.516667,0.0,0.233333,0.402084,0.56011,0.528762
difficulty,1.0,369,369-13,0.433333,0.525,0.225,0.75,0.708333,0.0,0.058333,0.4911,0.612025,0.477014
difficulty,1.0,369,369-14,0.0,0.0,0.0,0.0,0.0,0.0,1.0,0.098898,0.324333,2.291697
difficulty,1.0,369,369-15,0.0,0.0,0.0,0.0,0.0,0.0,1.0,0.130168,0.155813,1.938612
difficulty,1.0,369,369-16,0.483333,0.491667,0.291667,0.783333,0.741667,0.0,0.025,0.511286,0.532573,0.422887
difficulty,1.0,369,369-17,0.0,0.0,0.0,0.0,0.0,0.0,0.841667,0.225027,0.433761,1.293101
difficulty,1.0,369,369-18,0.608333,0.325,0.533333,0.858333,0.625,0.041667,0.0,0.669379,0.567432,0.750935
difficulty,1.0,369,369-19,0.191667,0.475,0.016667,0.491667,0.491667,0.0,0.283333,0.386504,0.494282,0.569679
difficulty,1.0,369,369-20,0.358333,0.441667,0.116667,0.558333,0.55,0.0,0.158333,0.4437,0.610664,0.465708
difficulty,1.0,369,369-21,0.516667,0.375,0.525,0.9,0.633333,0.016667,0.0,0.643711,0.504257,0.669999
difficulty,1.0,369,369-22,0.333333,0.558333,0.033333,0.591667,0.591667,0.0,0.125,0.429151,0.509567,0.43984
difficulty,1.0,369,369-23,0.541667,0.375,0.541667,0.916667,0.65,0.0,0.0,0.6485,0.497277,0.676008
difficulty,1.0,369,369-24,0.291667,0.491667,0.083333,0.575,0.575,0.0,0.208333,0.417848,0.496859,0.524364
difficulty,1.0,369,369-25,0.258333,0.483333,0.066667,0.55,0.55,0.0,0.241667,0.406094,0.562435,0.55173
difficulty,1.0,369,369-26,0.533333,0.333333,0.558333,0.891667,0.6,0.008333,0.0,0.662266,0.444432,0.725567
difficulty,1.0,369,369-27,0.3,0.408333,0.091667,0.5,0.5,0.0,0.25,0.414305,0.577397,0.5501
difficulty,1.0,369,369-28,0.008333,0.291667,0.0,0.291667,0.291667,0.0,0.441667,0.320086,0.525425,0.804773
difficulty,1.0,369,369-29,0.425,0.491667,0.216667,0.708333,0.675,0.0,0.041667,0.492953,0.645386,0.438741
difficulty,1.0,369,369-30,0.458333,0.483333,0.366667,0.85,0.7,0.0,0.008333,0.550378,0.580243,0.47404
difficulty,1.0,369,369-31,0.45,0.5,0.158333,0.658333,0.641667,0.0,0.066667,0.477199,0.477154,0.408099
difficulty,1.0,369,369-32,0.225,0.508333,0.041667,0.55,0.55,0.0,0.191667,0.412184,0.524444,0.477029
difficulty,1.0,369,369-33,0.0,0.0,0.0,0.0,0.0,0.0,0.991667,0.179139,0.460284,1.583199
difficulty,1.0,369,369-34,0.2,0.483333,0.025,0.508333,0.508333,0.0,0.241667,0.396028,0.526929,0.541134
difficulty,1.0,369,369-35,0.375,0.441667,0.166667,0.608333,0.591667,0.0,0.15,0.4505,0.621394,0.499627
difficulty,1.0,369,369-36,0.25,0.533333,0.008333,0.541667,0.541667,0.0,0.2,0.407946,0.467242,0.489866
difficulty,1.0,369,369-37,0.45,0.483333,0.358333,0.841667,0.708333,0.0,0.0,0.554391,0.65003,0.489493
difficulty,1.0,369,369-38,0.45,0.475,0.191667,0.666667,0.658333,0.0,0.075,0.474531,0.565814,0.446222
difficulty,1.0,369,369-39,0.5,0.533333,0.3,0.833333,0.766667,0.0,0.008333,0.524137,0.595487,0.430634
difficulty,1.0,369,369-40,0.475,0.441667,0.458333,0.9,0.716667,0.0,0.0,0.576557,0.478071,0.510494
difficulty,1.0,369,369-41,0.166667,0.408333,0.016667,0.425,0.425,0.0,0.325,0.371937,0.615351,0.60862
difficulty,1.0,369,369-42,0.283333,0.575,0.008333,0.583333,0.583333,0.0,0.233333,0.410007,0.448181,0.480199
difficulty,1.0,369,369-43,0.0,0.208333,0.0,0.208333,0.208333,0.0,0.425,0.308508,0.45021,0.850235
difficulty,1.0,369,369-44,0.2,0.466667,0.0,0.466667,0.466667,0.0,0.275,0.373853,0.559787,0.598729
difficulty,1.0,369,369-45,0.425,0.533333,0.175,0.708333,0.675,0.0,0.05,0.480506,0.471406,0.421739
difficulty,1.0,369,369-46,0.491667,0.458333,0.4,0.858333,0.716667,0.0,0.0,0.561043,0.496793,0.491473
difficulty,1.0,369,369-47,0.091667,0.391667,0.0,0.391667,0.391667,0.0,0.333333,0.355396,0.47023,0.652467
difficulty,1.0,369,369-48,0.425,0.483333,0.233333,0.716667,0.691667,0.0,0.091667,0.485889,0.557945,0.460929
difficulty,1.0,369,369-49,0.0,0.008333,0.0,0.008333,0.008333,0.0,0.633333,0.253587,0.438602,1.136614
difficulty,1.0,369,369-50,0.0,0.225,0.0,0.225,0.225,0.0,0.441667,0.311711,0.41623,0.836763
difficulty,1.0,369,369-51,0.433333,0.433333,0.3,0.733333,0.65,0.0,0.066667,0.508271,0.607332,0.478856
difficulty,1.0,369,369-52,0.608333,0.283333,0.583333,0.866667,0.608333,0.058333,0.0,0.671873,0.571658,0.760946
difficulty,1.0,369,369-53,0.466667,0.5,0.45,0.95,0.75,0.0,0.0,0.598228,0.498583,0.537577
difficulty,1.0,369,369-54,0.166667,0.466667,0.0,0.466667,0.466667,0.0,0.291667,0.379801,0.517214,0.577272
difficulty,1.0,369,369-55,0.508333,0.475,0.483333,0.958333,0.7,0.008333,0.0,0.608436,0.524183,0.537835
difficulty,1.0,369,369-56,0.483333,0.483333,0.308333,0.791667,0.725,0.0,0.033333,0.517511,0.507977,0.458894
difficulty,1.0,369,369-57,0.216667,0.458333,0.008333,0.466667,0.466667,0.0,0.241667,0.396638,0.474477,0.536279
difficulty,1.0,369,369-58,0.0,0.408333,0.0,0.408333,0.408333,0.0,0.275,0.352642,0.307198,0.635969
difficulty,1.0,369,369-59,0.458333,0.45,0.283333,0.733333,0.683333,0.0,0.058333,0.502504,0.546735,0.465846
difficulty,1.0,369,369-60,0.308333,0.458333,0.091667,0.55,0.55,0.0,0.216667,0.41928,0.561158,0.529021
difficulty,1.0,369,369-61,0.0,0.0,0.0,0.0,0.0,0.0,0.875,0.20664,0.472151,1.414573
difficulty,1.0,369,369-62,0.533333,0.475,0.341667,0.816667,0.766667,0.0,0.0,0.52684,0.448429,0.415738
difficulty,1.0,369,369-63,0.0,0.0,0.0,0.0,0.0,0.0,0.733333,0.242555,0.369,1.183826
difficulty,1.0,369,369-64,0.175,0.425,0.008333,0.433333,0.433333,0.0,0.275,0.378592,0.606049,0.574225
difficulty,1.0,369,369-65,0.516667,0.441667,0.491667,0.933333,0.7,0.0,0.0,0.619619,0.481542,0.590063
difficulty,1.0,369,369-66,0.041667,0.375,0.0,0.375,0.375,0.0,0.325,0.351005,0.442325,0.658606
difficulty,1.0,369,369-67,0.525,0.408333,0.533333,0.941667,0.675,0.0,0.0,0.634198,0.508589,0.629319
difficulty,1.0,369,369-68,0.5,0.483333,0.466667,0.95,0.733333,0.0,0.0,0.586088,0.503845,0.506033
difficulty,1.0,369,369-69,0.0,0.108333,0.0,0.108333,0.108333,0.0,0.566667,0.281233,0.531968,0.998286
difficulty,1.0,369,369-70,0.6,0.35,0.575,0.925,0.691667,0.0,0.0,0.645714,0.528686,0.656528
difficulty,1.0,369,369-71,0.266667,0.508333,0.033333,0.541667,0.541667,0.0,0.216667,0.410892,0.522875,0.504924
difficulty,1.0,369,369-72,0.2,0.5,0.0,0.5,0.5,0.0,0.3,0.388013,0.478554,0.552721
difficulty,1.0,369,369-73,0.45,0.466667,0.375,0.841667,0.691667,0.0,0.025,0.54577,0.560311,0.473815
difficulty,1.0,369,369-74,0.475,0.15,0.658333,0.808333,0.475,0.058333,0.0,0.708089,0.441746,0.933386
difficulty,1.0,369,369-75,0.458333,0.583333,0.333333,0.916667,0.816667,0.0,0.0,0.543157,0.658293,0.40909
difficulty,1.0,369,369-76,0.425,0.483333,0.25,0.733333,0.658333,0.0,0.075,0.491281,0.585994,0.476247
difficulty,1.0,369,369-77,0.483333,0.458333,0.408333,0.866667,0.725,0.0,0.0,0.555653,0.563111,0.478368
difficulty,1.0,369,369-78,0.5,0.475,0.475,0.95,0.708333,0.0,0.0,0.598187,0.531466,0.538527
difficulty,1.0,369,369-79,0.05,0.0,0.558333,0.558333,0.05,0.275,0.0,0.794935,0.344981,1.414332
difficulty,1.0,369,369-80,0.516667,0.483333,0.433333,0.916667,0.733333,0.0,0.0,0.57919,0.513511,0.511231
difficulty,1.0,369,369-81,0.5,0.466667,0.291667,0.758333,0.7,0.0,0.05,0.515392,0.485448,0.459768
difficulty,1.0,369,369-82,0.55,0.333333,0.541667,0.875,0.608333,0.016667,0.0,0.662244,0.478659,0.722404
difficulty,1.0,369,369-83,0.183333,0.466667,0.0,0.466667,0.466667,0.0,0.291667,0.378346,0.504904,0.580584
difficulty,1.0,369,369-84,0.616667,0.408333,0.525,0.933333,0.658333,0.016667,0.0,0.64447,0.536098,0.628914
difficulty,1.0,369,369-85,0.166667,0.0,0.708333,0.708333,0.166667,0.175,0.0,0.761416,0.441494,1.207154
difficulty,1.0,369,369-86,0.091667,0.4,0.0,0.4,0.4,0.0,0.35,0.346594,0.565334,0.706988
difficulty,1.0,369,369-87,0.558333,0.533333,0.433333,0.966667,0.75,0.0,0.0,0.597398,0.536378,0.50031
difficulty,1.0,369,369-88,0.525,0.55,0.408333,0.958333,0.766667,0.0,0.0,0.588898,0.596671,0.47142
difficulty,1.0,369,369-89,0.0,0.175,0.0,0.175,0.175,0.0,0.508333,0.297451,0.494679,0.912902
difficulty,1.0,369,369-90,0.0,0.0,0.0,0.0,0.0,0.0,1.0,0.176889,0.355347,1.600871
difficulty,1.0,369,369-91,0.0,0.0,0.066667,0.066667,0.0,0.408333,0.0,0.852158,0.293521,1.801591
difficulty,1.0,369,369-92,0.0,0.0,0.0,0.0,0.0,0.0,1.0,0.171521,0.417413,1.635126
difficulty,1.0,369,369-93,0.541667,0.2,0.625,0.825,0.541667,0.066667,0.0,0.694092,0.478333,0.871185
difficulty,1.0,369,369-94,0.391667,0.0,0.691667,0.691667,0.391667,0.1,0.0,0.738282,0.417372,1.086887
difficulty,1.0,369,369-95,0.0,0.233333,0.0,0.233333,0.233333,0.0,0.433333,0.314414,0.477785,0.82583
difficulty,1.0,369,369-96,0.2,0.466667,0.033333,0.5,0.5,0.0,0.275,0.3972,0.634954,0.556695
difficulty,1.0,369,369-97,0.0,0.0,0.0,0.0,0.0,0.0,0.983333,0.207108,0.349761,1.3927
difficulty,1.0,369,369-98,0.266667,0.516667,0.016667,0.533333,0.533333,0.0,0.25,0.404461,0.487751,0.526244
difficulty,1.0,369,369-99,0.0,0.0,0.0,0.0,0.0,0.0,1.0,0.127704,0.224006,1.966982
difficulty,1.0,369,369-100,0.0,0.0,0.533333,0.533333,0.0,0.266667,0.0,0.807765,0.370077,1.492154
difficulty,1.0,369,369-101,0.108333,0.425,0.0,0.425,0.425,0.0,0.333333,0.357156,0.52237,0.640728
difficulty,1.0,369,369-102,0.3,0.516667,0.066667,0.583333,0.583333,0.0,0.183333,0.421583,0.512415,0.498345
difficulty,1.0,369,369-103,0.0,0.0,0.0,0.0,0.0,0.0,1.0,0.182299,0.330305,1.551781
difficulty,1.0,369,369-104,0.508333,0.516667,0.416667,0.933333,0.725,0.0,0.0,0.591225,0.612913,0.505362
difficulty,1.0,369,369-105,0.45,0.475,0.325,0.8,0.716667,0.0,0.016667,0.523891,0.581074,0.43844
difficulty,1.0,369,369-106,0.533333,0.45,0.475,0.925,0.675,0.016667,0.0,0.634321,0.517396,0.630035
difficulty,1.0,369,369-107,0.466667,0.458333,0.3,0.758333,0.683333,0.0,0.025,0.509152,0.548179,0.462996
difficulty,1.0,369,369-108,0.358333,0.475,0.125,0.6,0.591667,0.0,0.141667,0.44613,0.548455,0.46528
difficulty,1.0,369,369-109,0.391667,0.508333,0.133333,0.641667,0.625,0.0,0.125,0.457616,0.568784,0.470042
difficulty,1.0,369,369-110,0.333333,0.033333,0.65,0.683333,0.333333,0.133333,0.0,0.747049,0.402686,1.146945
difficulty,1.0,369,369-111,0.483333,0.458333,0.425,0.883333,0.725,0.0,0.0,0.563231,0.525502,0.493717
difficulty,1.0,369,369-112,0.05,0.258333,0.0,0.258333,0.258333,0.0,0.441667,0.316765,0.571958,0.830254
difficulty,1.0,369,369-113,0.458333,0.475,0.333333,0.808333,0.708333,0.0,0.008333,0.530356,0.566358,0.443306
difficulty,1.0,369,369-114,0.458333,0.466667,0.316667,0.783333,0.708333,0.0,0.05,0.516875,0.588372,0.463131
difficulty,1.0,369,369-115,0.108333,0.391667,0.008333,0.4,0.4,0.0,0.341667,0.361287,0.593107,0.637659
difficulty,1.0,369,369-116,0.383333,0.508333,0.1,0.608333,0.608333,0.0,0.125,0.446915,0.648112,0.462776
difficulty,1.0,369,369-117,0.075,0.408333,0.0,0.408333,0.408333,0.0,0.325,0.352142,0.386331,0.654049
difficulty,1.0,369,369-118,0.516667,0.475,0.466667,0.941667,0.691667,0.0,0.0,0.622547,0.520761,0.598608
difficulty,1.0,369,369-119,0.458333,0.491667,0.433333,0.925,0.716667,0.025,0.0,0.603423,0.52006,0.569937
difficulty,1.0,369,369-120,0.0,0.008333,0.0,0.008333,0.008333,0.0,0.65,0.250803,0.442503,1.150678
difficulty,1.0,369,369-121,0.0,0.066667,0.0,0.066667,0.066667,0.0,0.566667,0.268482,0.434794,1.058303
difficulty,1.0,369,369-122,0.55,0.475,0.483333,0.958333,0.7,0.0,0.0,0.62104,0.53076,0.561245
difficulty,1.0,369,369-123,0.516667,0.241667,0.608333,0.85,0.55,0.041667,0.0,0.680664,0.483574,0.808806
difficulty,1.0,369,369-124,0.0,0.0,0.0,0.0,0.0,0.0,1.0,0.174982,0.337125,1.609536
difficulty,1.0,369,369-125,0.608333,0.466667,0.45,0.916667,0.725,0.008333,0.0,0.627317,0.555624,0.57216
difficulty,1.0,369,369-126,0.55,0.508333,0.441667,0.95,0.766667,0.0,0.0,0.591168,0.50619,0.501624
difficulty,1.0,369,369-127,0.541667,0.358333,0.491667,0.85,0.6,0.033333,0.0,0.663885,0.537464,0.744837
difficulty,1.0,369,369-128,0.475,0.475,0.4,0.875,0.708333,0.0,0.0,0.552486,0.513523,0.473532
difficulty,1.0,369,369-129,0.35,0.0,0.708333,0.708333,0.35,0.133333,0.0,0.74812,0.446782,1.140995
difficulty,1.0,369,369-130,0.45,0.466667,0.4,0.866667,0.65,0.0,0.0,0.574353,0.600213,0.514096
difficulty,1.0,369,369-131,0.541667,0.491667,0.416667,0.908333,0.758333,0.0,0.0,0.564181,0.524802,0.480875
difficulty,1.0,369,369-132,0.55,0.508333,0.391667,0.9,0.8,0.0,0.0,0.553981,0.532118,0.430345
difficulty,1.0,369,369-133,0.0,0.0,0.0,0.0,0.0,0.0,0.7,0.242545,0.436832,1.196405
difficulty,1.0,369,369-134,0.416667,0.491667,0.241667,0.733333,0.675,0.0,0.075,0.491403,0.700971,0.468902
difficulty,1.0,369,369-135,0.125,0.0,0.641667,0.641667,0.125,0.216667,0.0,0.778146,0.414406,1.314517
difficulty,1.0,369,369-136,0.591667,0.216667,0.625,0.841667,0.591667,0.041667,0.0,0.68386,0.514172,0.81306
difficulty,1.0,369,369-137,0.141667,0.441667,0.0,0.441667,0.441667,0.0,0.358333,0.364586,0.55718,0.63323
difficulty,1.0,369,369-138,0.566667,0.475,0.466667,0.941667,0.708333,0.0,0.0,0.624795,0.570673,0.580392
difficulty,1.0,369,369-139,0.45,0.475,0.35,0.825,0.683333,0.0,0.0,0.538892,0.621055,0.455392
difficulty,1.0,369,369-140,0.0,0.016667,0.0,0.016667,0.016667,0.0,0.641667,0.253908,0.415939,1.132769
difficulty,1.0,369,369-141,0.216667,0.466667,0.016667,0.483333,0.483333,0.0,0.283333,0.389625,0.570415,0.567616
difficulty,1.0,369,369-142,0.0,0.0,0.0,0.0,0.0,0.0,0.925,0.228272,0.235091,1.255764
difficulty,1.0,369,369-143,0.516667,0.4,0.533333,0.933333,0.65,0.008333,0.0,0.637073,0.49161,0.639584
difficulty,1.0,369,369-144,0.291667,0.466667,0.075,0.541667,0.541667,0.0,0.183333,0.421295,0.597124,0.485853
difficulty,1.0,369,369-145,0.0,0.191667,0.0,0.191667,0.191667,0.0,0.45,0.30329,0.433721,0.876307
difficulty,1.0,369,369-146,0.466667,0.441667,0.333333,0.775,0.65,0.0,0.033333,0.527917,0.610921,0.483939
difficulty,1.0,369,369-147,0.483333,0.5,0.266667,0.766667,0.75,0.0,0.075,0.501623,0.501907,0.437529
difficulty,1.0,369,369-148,0.133333,0.441667,0.0,0.441667,0.441667,0.0,0.316667,0.368837,0.488835,0.59376
difficulty,1.0,369,369-149,0.516667,0.4,0.516667,0.916667,0.658333,0.008333,0.0,0.642246,0.507107,0.667452
difficulty,1.0,369,369-150,0.483333,0.458333,0.433333,0.891667,0.733333,0.0,0.0,0.569368,0.523407,0.487254
difficulty,1.0,369,369-151,0.383333,0.466667,0.091667,0.558333,0.558333,0.0,0.166667,0.436876,0.531145,0.485206
difficulty,1.0,369,369-152,0.45,0.508333,0.25,0.758333,0.708333,0.0,0.05,0.49927,0.564892,0.433815
difficulty,1.0,369,369-153,0.541667,0.333333,0.533333,0.866667,0.625,0.025,0.0,0.658139,0.499471,0.717958
difficulty,1.0,369,369-154,0.0,0.0,0.0,0.0,0.0,0.0,1.0,0.154211,0.399439,1.774906
difficulty,1.0,369,369-155,0.566667,0.316667,0.525,0.841667,0.583333,0.041667,0.0,0.668383,0.528972,0.748324
difficulty,1.0,369,369-156,0.041667,0.391667,0.0,0.391667,0.391667,0.0,0.308333,0.353442,0.397897,0.645251
difficulty,1.0,369,369-157,0.341667,0.508333,0.091667,0.6,0.6,0.0,0.166667,0.434136,0.481658,0.472794
difficulty,1.0,369,369-158,0.566667,0.475,0.508333,0.983333,0.75,0.0,0.0,0.606942,0.512224,0.517284
difficulty,1.0,369,369-159,0.316667,0.466667,0.075,0.541667,0.541667,0.0,0.191667,0.42608,0.573806,0.512492
difficulty,1.0,369,369-160,0.541667,0.183333,0.625,0.808333,0.541667,0.05,0.0,0.69749,0.466357,0.882609
difficulty,1.0,369,369-161,0.1,0.333333,0.0,0.333333,0.333333,0.0,0.35,0.352881,0.502484,0.666072
difficulty,1.0,369,369-162,0.358333,0.5,0.116667,0.616667,0.616667,0.0,0.158333,0.445153,0.541082,0.474795
difficulty,1.0,369,369-163,0.0,0.0,0.0,0.0,0.0,0.0,1.0,0.109217,0.228034,2.145494
difficulty,1.0,369,369-164,0.558333,0.341667,0.558333,0.9,0.633333,0.025,0.0,0.656357,0.509796,0.702655
difficulty,1.0,369,369-165,0.0,0.2,0.0,0.2,0.2,0.0,0.45,0.305834,0.442646,0.875025
difficulty,1.0,369,369-166,0.491667,0.15,0.616667,0.766667,0.491667,0.083333,0.0,0.710339,0.500128,0.957631
difficulty,1.0,369,369-167,0.416667,0.45,0.441667,0.891667,0.625,0.0,0.0,0.604947,0.495635,0.601289
difficulty,1.0,369,369-168,0.608333,0.35,0.508333,0.858333,0.625,0.041667,0.0,0.666048,0.579534,0.737217
difficulty,1.0,369,369-169,0.266667,0.4,0.058333,0.458333,0.458333,0.0,0.308333,0.394365,0.59476,0.602059
difficulty,1.0,369,369-170,0.425,0.433333,0.4,0.833333,0.633333,0.0,0.0,0.57432,0.519827,0.559008
difficulty,1.0,369,369-171,0.308333,0.483333,0.05,0.533333,0.533333,0.0,0.208333,0.416078,0.534932,0.529455
difficulty,1.0,369,369-172,0.383333,0.425,0.208333,0.633333,0.6,0.0,0.1,0.46315,0.575344,0.474591
difficulty,1.0,369,369-173,0.525,0.491667,0.266667,0.758333,0.725,0.0,0.025,0.508804,0.456329,0.428628
difficulty,1.0,369,369-174,0.416667,0.408333,0.291667,0.7,0.616667,0.0,0.141667,0.497277,0.682951,0.530361
difficulty,1.0,369,369-175,0.241667,0.491667,0.041667,0.533333,0.533333,0.0,0.216667,0.403245,0.498669,0.515462
difficulty,1.0,369,369-176,0.408333,0.441667,0.391667,0.833333,0.675,0.0,0.033333,0.548344,0.525572,0.512741
difficulty,1.0,369,369-177,0.5,0.4,0.491667,0.891667,0.65,0.033333,0.0,0.642464,0.518163,0.680593
difficulty,1.0,369,369-178,0.225,0.516667,0.0,0.516667,0.516667,0.0,0.25,0.392826,0.499327,0.532373
difficulty,1.0,369,369-179,0.0,0.033333,0.0,0.033333,0.033333,0.0,0.616667,0.252133,0.592284,1.155459
difficulty,1.0,369,369-180,0.466667,0.475,0.275,0.75,0.691667,0.0,0.016667,0.510648,0.57001,0.424035
difficulty,1.0,369,369-181,0.475,0.525,0.266667,0.791667,0.725,0.0,0.008333,0.513811,0.568512,0.45535
difficulty,1.0,369,369-182,0.433333,0.433333,0.433333,0.866667,0.683333,0.0,0.0,0.573427,0.509645,0.52995
difficulty,1.0,369,369-183,0.4,0.433333,0.258333,0.691667,0.625,0.0,0.091667,0.48593,0.5697,0.487787
difficulty,1.0,369,369-184,0.458333,0.433333,0.225,0.658333,0.65,0.0,0.15,0.469995,0.52762,0.481838
difficulty,1.0,369,369-185,0.0,0.016667,0.0,0.016667,0.016667,0.0,0.616667,0.263762,0.393696,1.080246
difficulty,1.0,369,369-186,0.216667,0.458333,0.025,0.483333,0.483333,0.0,0.291667,0.391457,0.558788,0.588465
difficulty,1.0,369,369-187,0.35,0.4,0.175,0.575,0.558333,0.0,0.216667,0.441726,0.591008,0.535008
difficulty,1.0,369,369-188,0.075,0.333333,0.0,0.333333,0.333333,0.0,0.35,0.345917,0.524796,0.692674
difficulty,1.0,369,369-189,0.475,0.5,0.241667,0.741667,0.716667,0.0,0.041667,0.497154,0.560111,0.444378
difficulty,1.0,369,369-190,0.391667,0.441667,0.341667,0.783333,0.658333,0.0,0.025,0.533774,0.599394,0.498661
difficulty,1.0,369,369-191,0.441667,0.5,0.208333,0.708333,0.666667,0.0,0.05,0.487821,0.610522,0.440378
difficulty,1.0,369,369-192,0.3,0.433333,0.108333,0.541667,0.541667,0.0,0.2,0.421212,0.545282,0.529324
difficulty,1.0,369,369-193,0.433333,0.391667,0.275,0.666667,0.641667,0.0,0.141667,0.48149,0.587919,0.491128
difficulty,1.0,369,369-194,0.45,0.483333,0.333333,0.816667,0.708333,0.0,0.0,0.532138,0.61215,0.441992
difficulty,1.0,369,369-195,0.0,0.0,0.0,0.0,0.0,0.0,1.0,0.10308,0.159782,2.201453
difficulty,1.0,369,369-196,0.241667,0.491667,0.033333,0.525,0.525,0.0,0.225,0.404418,0.609126,0.522363
difficulty,1.0,369,369-197,0.0,0.0,0.0,0.0,0.0,0.0,0.833333,0.238654,0.28863,1.20145
difficulty,1.0,369,369-198,0.45,0.483333,0.35,0.833333,0.708333,0.0,0.0,0.535802,0.640145,0.446002
difficulty,1.0,369,369-199,0.0,0.0,0.0,0.0,0.0,0.0,1.0,0.170265,0.431576,1.675504
difficulty,1.0,1024,1024-0,0.3,0.45,0.091667,0.541667,0.541667,0.0,0.241667,0.417172,0.531783,0.535674
difficulty,1.0,1024,1024-1,0.425,0.508333,0.158333,0.666667,0.658333,0.0,0.083333,0.46445,0.521653,0.446509
difficulty,1.0,1024,1024-2,0.0,0.0,0.608333,0.608333,0.0,0.208333,0.0,0.798147,0.399938,1.425169
difficulty,1.0,1024,1024-3,0.466667,0.516667,0.225,0.741667,0.733333,0.0,0.058333,0.492381,0.553907,0.433357
difficulty,1.0,1024,1024-4,0.508333,0.191667,0.575,0.766667,0.508333,0.083333,0.0,0.703422,0.462097,0.921344
difficulty,1.0,1024,1024-5,0.491667,0.416667,0.466667,0.883333,0.675,0.0,0.0,0.582376,0.435428,0.548065
difficulty,1.0,1024,1024-6,0.375,0.475,0.15,0.625,0.625,0.0,0.183333,0.448942,0.567839,0.505862
difficulty,1.0,1024,1024-7,0.166667,0.45,0.008333,0.458333,0.458333,0.0,0.291667,0.381905,0.485237,0.553514
difficulty,1.0,1024,1024-8,0.275,0.466667,0.066667,0.533333,0.533333,0.0,0.2,0.414568,0.600872,0.520977
difficulty,1.0,1024,1024-9,0.55,0.433333,0.475,0.908333,0.741667,0.0,0.0,0.578312,0.428148,0.505542
difficulty,1.0,1024,1024-10,0.0,0.05,0.0,0.05,0.05,0.0,0.558333,0.269807,0.414306,1.059791
difficulty,1.0,1024,1024-11,0.308333,0.425,0.091667,0.516667,0.516667,0.0,0.216667,0.412579,0.625987,0.547074
difficulty,1.0,1024,1024-12,0.466667,0.175,0.591667,0.766667,0.466667,0.091667,0.0,0.712132,0.456857,0.965853
difficulty,1.0,1024,1024-13,0.441667,0.433333,0.466667,0.9,0.691667,0.016667,0.0,0.601253,0.535674,0.57127
difficulty,1.0,1024,1024-14,0.491667,0.508333,0.316667,0.825,0.725,0.0,0.008333,0.529664,0.501076,0.446989
difficulty,1.0,1024,1024-15,0.275,0.475,0.091667,0.566667,0.566667,0.0,0.2,0.416608,0.595193,0.520487
difficulty,1.0,1024,1024-16,0.041667,0.25,0.0,0.25,0.25,0.0,0.441667,0.32093,0.630093,0.808559
difficulty,1.0,1024,1024-17,0.258333,0.0,0.691667,0.691667,0.258333,0.166667,0.0,0.757764,0.446159,1.199419
difficulty,1.0,1024,1024-18,0.525,0.508333,0.366667,0.875,0.758333,0.0,0.0,0.563772,0.574594,0.476361
difficulty,1.0,1024,1024-19,0.05,0.341667,0.0,0.341667,0.341667,0.0,0.35,0.340181,0.414536,0.709766
difficulty,1.0,1024,1024-20,0.058333,0.283333,0.0,0.283333,0.283333,0.0,0.408333,0.333343,0.620686,0.746289
difficulty,1.0,1024,1024-21,0.216667,0.491667,0.033333,0.525,0.525,0.0,0.25,0.403405,0.511504,0.518469
difficulty,1.0,1024,1024-22,0.241667,0.475,0.066667,0.541667,0.541667,0.0,0.233333,0.413001,0.53441,0.519283
difficulty,1.0,1024,1024-23,0.458333,0.5,0.375,0.875,0.691667,0.0,0.0,0.562651,0.596284,0.493914
difficulty,1.0,1024,1024-24,0.558333,0.383333,0.508333,0.891667,0.666667,0.016667,0.0,0.644197,0.552952,0.668582
difficulty,1.0,1024,1024-25,0.408333,0.5,0.133333,0.633333,0.633333,0.0,0.1,0.457433,0.56159,0.435524
difficulty,1.0,1024,1024-26,0.516667,0.416667,0.5,0.916667,0.641667,0.008333,0.0,0.635308,0.542079,0.620571
difficulty,1.0,1024,1024-27,0.0,0.091667,0.0,0.091667,0.091667,0.0,0.533333,0.282912,0.511275,0.977681
difficulty,1.0,1024,1024-28,0.433333,0.525,0.308333,0.833333,0.716667,0.0,0.0,0.530314,0.681183,0.440509
difficulty,1.0,1024,1024-29,0.475,0.491667,0.408333,0.9,0.708333,0.0,0.0,0.571305,0.582598,0.479898
difficulty,1.0,1024,1024-30,0.583333,0.441667,0.491667,0.933333,0.708333,0.0,0.0,0.634951,0.579986,0.604035
difficulty,1.0,1024,1024-31,0.516667,0.466667,0.441667,0.908333,0.716667,0.008333,0.0,0.614846,0.605303,0.588555
difficulty,1.0,1024,1024-32,0.516667,0.508333,0.433333,0.941667,0.733333,0.0,0.0,0.597782,0.642034,0.521237
difficulty,1.0,1024,1024-33,0.0,0.0,0.0,0.0,0.0,0.0,1.0,0.194111,0.323821,1.47383
difficulty,1.0,1024,1024-34,0.191667,0.458333,0.008333,0.466667,0.466667,0.0,0.283333,0.38727,0.586497,0.546096
difficulty,1.0,1024,1024-35,0.0,0.0,0.0,0.0,0.0,0.0,0.708333,0.247223,0.359428,1.165654
difficulty,1.0,1024,1024-36,0.35,0.466667,0.091667,0.558333,0.558333,0.0,0.15,0.437773,0.566586,0.470129
difficulty,1.0,1024,1024-37,0.0,0.0,0.0,0.0,0.0,0.0,1.0,0.207244,0.26238,1.389543
difficulty,1.0,1024,1024-38,0.508333,0.433333,0.533333,0.966667,0.7,0.0,0.0,0.618466,0.499494,0.580491
difficulty,1.0,1024,1024-39,0.308333,0.516667,0.058333,0.575,0.575,0.0,0.208333,0.422878,0.532706,0.507523
difficulty,1.0,1024,1024-40,0.533333,0.458333,0.483333,0.941667,0.683333,0.0,0.0,0.614783,0.551384,0.561347
difficulty,1.0,1024,1024-41,0.191667,0.4,0.008333,0.408333,0.408333,0.0,0.316667,0.374912,0.550689,0.626423
difficulty,1.0,1024,1024-42,0.358333,0.458333,0.158333,0.616667,0.591667,0.0,0.125,0.459914,0.57006,0.464956
difficulty,1.0,1024,1024-43,0.533333,0.5,0.433333,0.933333,0.733333,0.0,0.0,0.599289,0.536494,0.528487
difficulty,1.0,1024,1024-44,0.033333,0.45,0.0,0.45,0.45,0.0,0.275,0.366037,0.350497,0.583681
difficulty,1.0,1024,1024-45,0.0,0.0,0.0,0.0,0.0,0.0,0.991667,0.201881,0.347977,1.441854
difficulty,1.0,1024,1024-46,0.0,0.0,0.533333,0.533333,0.0,0.241667,0.0,0.807262,0.361629,1.489179
difficulty,1.0,1024,1024-47,0.0,0.0,0.0,0.0,0.0,0.0,0.741667,0.237668,0.416996,1.228303
difficulty,1.0,1024,1024-48,0.508333,0.466667,0.425,0.891667,0.766667,0.0,0.008333,0.557409,0.458038,0.453278
difficulty,1.0,1024,1024-49,0.458333,0.391667,0.45,0.841667,0.65,0.025,0.0,0.629782,0.512194,0.673681
difficulty,1.0,1024,1024-50,0.458333,0.483333,0.391667,0.875,0.725,0.0,0.0,0.550987,0.613697,0.47441
difficulty,1.0,1024,1024-51,0.0,0.0,0.0,0.0,0.0,0.0,0.883333,0.227111,0.312665,1.273252
difficulty,1.0,1024,1024-52,0.483333,0.491667,0.425,0.916667,0.716667,0.0,0.0,0.586613,0.518531,0.52877
difficulty,1.0,1024,1024-53,0.466667,0.516667,0.35,0.866667,0.775,0.0,0.0,0.536974,0.527317,0.441963
difficulty,1.0,1024,1024-54,0.458333,0.433333,0.433333,0.866667,0.641667,0.0,0.0,0.590876,0.562514,0.571218
difficulty,1.0,1024,1024-55,0.0,0.0,0.0,0.0,0.0,0.0,1.0,0.176858,0.245904,1.592821
difficulty,1.0,1024,1024-56,0.408333,0.508333,0.133333,0.641667,0.633333,0.0,0.125,0.461045,0.586511,0.464661
difficulty,1.0,1024,1024-57,0.233333,0.525,0.0,0.525,0.525,0.0,0.283333,0.38443,0.501513,0.563065
difficulty,1.0,1024,1024-58,0.0,0.033333,0.0,0.033333,0.033333,0.0,0.6,0.269493,0.46204,1.044034
difficulty,1.0,1024,1024-59,0.416667,0.466667,0.183333,0.65,0.641667,0.0,0.125,0.461843,0.548059,0.467321
difficulty,1.0,1024,1024-60,0.0,0.0,0.0,0.0,0.0,0.0,0.7,0.249077,0.467924,1.155809
difficulty,1.0,1024,1024-61,0.483333,0.5,0.216667,0.716667,0.716667,0.0,0.066667,0.481506,0.499825,0.437717
difficulty,1.0,1024,1024-62,0.116667,0.4,0.0,0.4,0.4,0.0,0.308333,0.361276,0.42663,0.640497
difficulty,1.0,1024,1024-63,0.375,0.55,0.066667,0.616667,0.616667,0.0,0.125,0.441478,0.457803,0.434732
difficulty,1.0,1024,1024-64,0.35,0.458333,0.116667,0.575,0.575,0.0,0.183333,0.438346,0.586775,0.493067
difficulty,1.0,1024,1024-65,0.0,0.0,0.0,0.0,0.0,0.0,1.0,0.190081,0.316771,1.503598
difficulty,1.0,1024,1024-66,0.391667,0.466667,0.166667,0.633333,0.625,0.0,0.125,0.459542,0.604123,0.478153
difficulty,1.0,1024,1024-67,0.508333,0.5,0.375,0.875,0.741667,0.0,0.0,0.552806,0.543511,0.460103
difficulty,1.0,1024,1024-68,0.191667,0.441667,0.008333,0.45,0.45,0.0,0.275,0.377598,0.508423,0.588067
difficulty,1.0,1024,1024-69,0.433333,0.458333,0.191667,0.65,0.633333,0.0,0.091667,0.476385,0.54078,0.445007
difficulty,1.0,1024,1024-70,0.425,0.466667,0.291667,0.758333,0.7,0.0,0.016667,0.501827,0.595431,0.427402
difficulty,1.0,1024,1024-71,0.508333,0.491667,0.3,0.791667,0.75,0.0,0.025,0.515656,0.57787,0.420506
difficulty,1.0,1024,1024-72,0.191667,0.491667,0.0,0.491667,0.491667,0.0,0.283333,0.384001,0.499551,0.569335
difficulty,1.0,1024,1024-73,0.416667,0.458333,0.2,0.658333,0.658333,0.0,0.133333,0.468803,0.563847,0.478951
difficulty,1.0,1024,1024-74,0.216667,0.516667,0.016667,0.533333,0.533333,0.0,0.208333,0.398436,0.596994,0.529754
difficulty,1.0,1024,1024-75,0.408333,0.466667,0.275,0.741667,0.658333,0.0,0.05,0.502835,0.598086,0.470057
difficulty,1.0,1024,1024-76,0.141667,0.0,0.716667,0.716667,0.141667,0.15,0.0,0.765671,0.449674,1.227778
difficulty,1.0,1024,1024-77,0.558333,0.45,0.45,0.9,0.683333,0.008333,0.0,0.634875,0.540791,0.624179
difficulty,1.0,1024,1024-78,0.483333,0.466667,0.425,0.891667,0.716667,0.0,0.0,0.565455,0.518326,0.490306
difficulty,1.0,1024,1024-79,0.458333,0.441667,0.4,0.841667,0.7,0.0,0.0,0.557728,0.532821,0.50749
difficulty,1.0,1024,1024-80,0.358333,0.458333,0.141667,0.6,0.566667,0.0,0.108333,0.463156,0.54596,0.458028
difficulty,1.0,1024,1024-81,0.483333,0.458333,0.366667,0.825,0.7,0.0,0.041667,0.539644,0.487634,0.494683
difficulty,1.0,1024,1024-82,0.466667,0.541667,0.358333,0.9,0.8,0.0,0.0,0.537719,0.613732,0.396051
difficulty,1.0,1024,1024-83,0.433333,0.475,0.325,0.8,0.666667,0.0,0.05,0.530328,0.564712,0.517251
difficulty,1.0,1024,1024-84,0.216667,0.0,0.708333,0.708333,0.216667,0.158333,0.0,0.761123,0.453132,1.207002
difficulty,1.0,1024,1024-85,0.225,0.458333,0.033333,0.491667,0.491667,0.0,0.233333,0.403778,0.536411,0.510039
difficulty,1.0,1024,1024-86,0.533333,0.491667,0.416667,0.908333,0.741667,0.0,0.0,0.572216,0.572593,0.485291
difficulty,1.0,1024,1024-87,0.191667,0.408333,0.016667,0.425,0.425,0.0,0.325,0.371201,0.616478,0.62576
difficulty,1.0,1024,1024-88,0.516667,0.441667,0.533333,0.975,0.691667,0.0,0.0,0.614887,0.489528,0.563403
difficulty,1.0,1024,1024-89,0.333333,0.483333,0.091667,0.575,0.558333,0.0,0.15,0.437354,0.562078,0.479538
difficulty,1.0,1024,1024-90,0.0,0.091667,0.0,0.091667,0.091667,0.0,0.466667,0.294624,0.382187,0.922307
difficulty,1.0,1024,1024-91,0.425,0.458333,0.383333,0.841667,0.666667,0.0,0.016667,0.553621,0.606253,0.514571
difficulty,1.0,1024,1024-92,0.416667,0.483333,0.183333,0.666667,0.65,0.0,0.091667,0.470406,0.573912,0.459087
difficulty,1.0,1024,1024-93,0.0,0.0,0.0,0.0,0.0,0.0,0.933333,0.201955,0.44326,1.431057
difficulty,1.0,1024,1024-94,0.408333,0.541667,0.191667,0.733333,0.716667,0.0,0.066667,0.482847,0.616958,0.430291
difficulty,1.0,1024,1024-95,0.416667,0.375,0.366667,0.741667,0.583333,0.0,0.05,0.531653,0.572302,0.538235
difficulty,1.0,1024,1024-96,0.466667,0.475,0.325,0.8,0.733333,0.0,0.025,0.521311,0.615577,0.436472
difficulty,1.0,1024,1024-97,0.45,0.508333,0.208333,0.716667,0.691667,0.0,0.016667,0.492052,0.593329,0.416053
difficulty,1.0,1024,1024-98,0.0,0.091667,0.0,0.091667,0.091667,0.0,0.591667,0.271405,0.437864,1.03727
difficulty,1.0,1024,1024-99,0.525,0.425,0.516667,0.941667,0.7,0.0,0.0,0.619139,0.534061,0.578484
difficulty,1.0,1024,1024-100,0.433333,0.491667,0.183333,0.675,0.658333,0.0,0.083333,0.479129,0.593558,0.44768
difficulty,1.0,1024,1024-101,0.316667,0.525,0.033333,0.558333,0.558333,0.0,0.225,0.412882,0.522698,0.502607
difficulty,1.0,1024,1024-102,0.258333,0.466667,0.05,0.516667,0.516667,0.0,0.191667,0.411912,0.620015,0.500757
difficulty,1.0,1024,1024-103,0.5,0.508333,0.25,0.758333,0.725,0.0,0.033333,0.510558,0.474048,0.43486
difficulty,1.0,1024,1024-104,0.325,0.4,0.15,0.55,0.55,0.0,0.233333,0.428859,0.606052,0.533488
difficulty,1.0,1024,1024-105,0.55,0.416667,0.5,0.916667,0.675,0.016667,0.0,0.638672,0.575961,0.634918
difficulty,1.0,1024,1024-106,0.45,0.45,0.35,0.8,0.708333,0.0,0.05,0.522758,0.554012,0.460965
difficulty,1.0,1024,1024-107,0.075,0.325,0.0,0.325,0.325,0.0,0.391667,0.339229,0.570651,0.729445
difficulty,1.0,1024,1024-108,0.458333,0.475,0.3,0.775,0.708333,0.0,0.033333,0.51285,0.569877,0.450643
difficulty,1.0,1024,1024-109,0.1,0.375,0.0,0.375,0.375,0.0,0.366667,0.346798,0.57837,0.695716
difficulty,1.0,1024,1024-110,0.416667,0.466667,0.2,0.666667,0.65,0.0,0.141667,0.465939,0.530132,0.49491
difficulty,1.0,1024,1024-111,0.308333,0.383333,0.175,0.558333,0.508333,0.0,0.225,0.439865,0.666221,0.56602
difficulty,1.0,1024,1024-112,0.275,0.5,0.041667,0.541667,0.541667,0.0,0.2,0.415573,0.529218,0.493966
difficulty,1.0,1024,1024-113,0.425,0.466667,0.291667,0.758333,0.675,0.0,0.033333,0.516787,0.592966,0.456805
difficulty,1.0,1024,1024-114,0.45,0.458333,0.408333,0.866667,0.691667,0.0,0.0,0.57768,0.507623,0.551542
difficulty,1.0,1024,1024-115,0.433333,0.441667,0.341667,0.783333,0.641667,0.0,0.016667,0.535715,0.544453,0.510953
difficulty,1.0,1024,1024-116,0.525,0.391667,0.483333,0.875,0.641667,0.016667,0.0,0.648237,0.544719,0.688799
difficulty,1.0,1024,1024-117,0.55,0.175,0.625,0.8,0.55,0.058333,0.0,0.700207,0.492814,0.895464
difficulty,1.0,1024,1024-118,0.525,0.516667,0.408333,0.925,0.733333,0.0,0.0,0.585491,0.544802,0.501132
difficulty,1.0,1024,1024-119,0.0,0.091667,0.0,0.091667,0.091667,0.0,0.616667,0.265182,0.463126,1.086831
difficulty,1.0,1024,1024-120,0.433333,0.45,0.316667,0.766667,0.675,0.0,0.05,0.519273,0.580346,0.474279
difficulty,1.0,1024,1024-121,0.0,0.0,0.0,0.0,0.0,0.0,1.0,0.150621,0.401066,1.804066
difficulty,1.0,1024,1024-122,0.458333,0.483333,0.266667,0.75,0.7,0.0,0.058333,0.506792,0.480637,0.442493
difficulty,1.0,1024,1024-123,0.508333,0.483333,0.408333,0.891667,0.775,0.0,0.0,0.558111,0.566883,0.456449
difficulty,1.0,1024,1024-124,0.066667,0.35,0.0,0.35,0.35,0.0,0.341667,0.351282,0.431926,0.656579
difficulty,1.0,1024,1024-125,0.0,0.0,0.0,0.0,0.0,0.0,0.65,0.254174,0.341191,1.126865
difficulty,1.0,1024,1024-126,0.108333,0.45,0.0,0.45,0.45,0.0,0.308333,0.367539,0.44422,0.601807
difficulty,1.0,1024,1024-127,0.333333,0.508333,0.066667,0.575,0.575,0.0,0.15,0.43498,0.530303,0.46239
difficulty,1.0,1024,1024-128,0.541667,0.375,0.475,0.85,0.633333,0.033333,0.0,0.658191,0.524682,0.727358
difficulty,1.0,1024,1024-129,0.25,0.483333,0.0,0.483333,0.483333,0.0,0.291667,0.386323,0.537299,0.568076
difficulty,1.0,1024,1024-130,0.525,0.35,0.55,0.9,0.625,0.041667,0.0,0.655785,0.522349,0.726388
difficulty,1.0,1024,1024-131,0.383333,0.45,0.191667,0.641667,0.583333,0.0,0.1,0.473164,0.628222,0.49099
difficulty,1.0,1024,1024-132,0.433333,0.458333,0.391667,0.85,0.658333,0.0,0.008333,0.562774,0.516451,0.509371
difficulty,1.0,1024,1024-133,0.283333,0.0,0.675,0.675,0.283333,0.183333,0.0,0.759912,0.389793,1.209102
difficulty,1.0,1024,1024-134,0.275,0.466667,0.041667,0.508333,0.508333,0.0,0.25,0.406921,0.588318,0.55153
difficulty,1.0,1024,1024-135,0.3,0.508333,0.091667,0.6,0.6,0.0,0.166667,0.428716,0.503542,0.489178
difficulty,1.0,1024,1024-136,0.575,0.275,0.566667,0.841667,0.575,0.058333,0.0,0.682689,0.501513,0.815124
difficulty,1.0,1024,1024-137,0.1,0.45,0.0,0.45,0.45,0.0,0.35,0.364768,0.417145,0.611258
difficulty,1.0,1024,1024-138,0.166667,0.0,0.666667,0.666667,0.166667,0.191667,0.0,0.770391,0.418989,1.263784
difficulty,1.0,1024,1024-139,0.458333,0.475,0.433333,0.908333,0.683333,0.0,0.0,0.581853,0.499995,0.533667
difficulty,1.0,1024,1024-140,0.45,0.491667,0.375,0.866667,0.716667,0.0,0.0,0.549966,0.587248,0.484297
difficulty,1.0,1024,1024-141,0.466667,0.5,0.4,0.9,0.733333,0.0,0.0,0.57225,0.555664,0.485915
difficulty,1.0,1024,1024-142,0.541667,0.491667,0.416667,0.908333,0.741667,0.008333,0.0,0.600626,0.534968,0.551085
difficulty,1.0,1024,1024-143,0.033333,0.258333,0.0,0.258333,0.258333,0.0,0.408333,0.321205,0.508715,0.793903
difficulty,1.0,1024,1024-144,0.0,0.041667,0.0,0.041667,0.041667,0.0,0.575,0.269597,0.382051,1.050272
difficulty,1.0,1024,1024-145,0.35,0.516667,0.083333,0.6,0.6,0.0,0.166667,0.431833,0.528743,0.469989
difficulty,1.0,1024,1024-146,0.483333,0.433333,0.475,0.908333,0.683333,0.008333,0.0,0.624867,0.543607,0.627132
difficulty,1.0,1024,1024-147,0.341667,0.45,0.108333,0.558333,0.558333,0.0,0.183333,0.433413,0.574714,0.500215
difficulty,1.0,1024,1024-148,0.35,0.5,0.1,0.6,0.6,0.0,0.166667,0.438629,0.498154,0.470191
difficulty,1.0,1024,1024-149,0.0,0.0,0.0,0.0,0.0,0.0,0.716667,0.242711,0.402075,1.203563
difficulty,1.0,1024,1024-150,0.441667,0.475,0.266667,0.741667,0.658333,0.0,0.041667,0.501387,0.563783,0.477631
difficulty,1.0,1024,1024-151,0.05,0.216667,0.0,0.216667,0.216667,0.0,0.466667,0.307849,0.618355,0.883423
difficulty,1.0,1024,1024-152,0.45,0.508333,0.3,0.808333,0.716667,0.0,0.008333,0.523872,0.606898,0.448787
difficulty,1.0,1024,1024-153,0.0,0.0,0.0,0.0,0.0,0.0,0.866667,0.221138,0.333531,1.317726
difficulty,1.0,1024,1024-154,0.45,0.333333,0.575,0.908333,0.616667,0.0,0.0,0.635105,0.467159,0.678662
difficulty,1.0,1024,1024-155,0.466667,0.466667,0.441667,0.908333,0.733333,0.0,0.0,0.576206,0.529239,0.500165
difficulty,1.0,1024,1024-156,0.016667,0.275,0.0,0.275,0.275,0.0,0.416667,0.327249,0.414508,0.76322
difficulty,1.0,1024,1024-157,0.0,0.208333,0.0,0.208333,0.208333,0.0,0.433333,0.307102,0.434887,0.863402
difficulty,1.0,1024,1024-158,0.358333,0.416667,0.141667,0.558333,0.558333,0.0,0.166667,0.434748,0.672903,0.508981
difficulty,1.0,1024,1024-159,0.0,0.0,0.0,0.0,0.0,0.0,0.908333,0.233989,0.323959,1.23081
difficulty,1.0,1024,1024-160,0.108333,0.4,0.0,0.4,0.4,0.0,0.316667,0.366043,0.49107,0.623524
difficulty,1.0,1024,1024-161,0.0,0.0,0.0,0.0,0.0,0.0,1.0,0.176135,0.295802,1.605673
difficulty,1.0,1024,1024-162,0.158333,0.441667,0.016667,0.458333,0.458333,0.0,0.283333,0.384222,0.520875,0.559222
difficulty,1.0,1024,1024-163,0.458333,0.483333,0.375,0.858333,0.75,0.0,0.025,0.548973,0.607852,0.478552
difficulty,1.0,1024,1024-164,0.0,0.0,0.0,0.0,0.0,0.0,0.825,0.219784,0.430568,1.338953
difficulty,1.0,1024,1024-165,0.433333,0.458333,0.4,0.858333,0.7,0.0,0.016667,0.552301,0.509646,0.49346
difficulty,1.0,1024,1024-166,0.3,0.458333,0.05,0.508333,0.508333,0.0,0.216667,0.408382,0.628233,0.528597
difficulty,1.0,1024,1024-167,0.266667,0.483333,0.041667,0.525,0.525,0.0,0.266667,0.401034,0.636679,0.560859
difficulty,1.0,1024,1024-168,0.425,0.441667,0.275,0.716667,0.633333,0.0,0.041667,0.504899,0.567972,0.456863
difficulty,1.0,1024,1024-169,0.483333,0.491667,0.391667,0.883333,0.725,0.0,0.0,0.581513,0.583833,0.513295
difficulty,1.0,1024,1024-170,0.0,0.0,0.0,0.0,0.0,0.0,1.0,0.182471,0.33588,1.559426
difficulty,1.0,1024,1024-171,0.0,0.0,0.0,0.0,0.0,0.0,1.0,0.15363,0.29879,1.762637
difficulty,1.0,1024,1024-172,0.391667,0.558333,0.091667,0.65,0.65,0.0,0.108333,0.453392,0.422935,0.416
difficulty,1.0,1024,1024-173,0.216667,0.475,0.008333,0.483333,0.483333,0.0,0.283333,0.388056,0.522499,0.577176
difficulty,1.0,1024,1024-174,0.0,0.0,0.0,0.0,0.0,0.0,0.725,0.239426,0.395639,1.21519
difficulty,1.0,1024,1024-175,0.316667,0.5,0.066667,0.566667,0.566667,0.0,0.175,0.422157,0.467641,0.473014
difficulty,1.0,1024,1024-176,0.458333,0.533333,0.241667,0.775,0.716667,0.0,0.033333,0.506172,0.52306,0.441701
difficulty,1.0,1024,1024-177,0.366667,0.5,0.141667,0.641667,0.641667,0.0,0.125,0.451316,0.557854,0.473781
difficulty,1.0,1024,1024-178,0.483333,0.541667,0.241667,0.783333,0.725,0.0,0.016667,0.511593,0.511366,0.425411
difficulty,1.0,1024,1024-179,0.275,0.5,0.058333,0.558333,0.558333,0.0,0.175,0.419155,0.557984,0.472093
difficulty,1.0,1024,1024-180,0.158333,0.425,0.0,0.425,0.425,0.0,0.316667,0.371977,0.462233,0.603385
difficulty,1.0,1024,1024-181,0.0,0.091667,0.0,0.091667,0.091667,0.0,0.6,0.271422,0.613244,1.044667
difficulty,1.0,1024,1024-182,0.133333,0.45,0.016667,0.466667,0.466667,0.0,0.325,0.37521,0.503651,0.605206
difficulty,1.0,1024,1024-183,0.408333,0.491667,0.216667,0.708333,0.666667,0.0,0.1,0.483541,0.534653,0.4701
difficulty,1.0,1024,1024-184,0.475,0.475,0.291667,0.766667,0.716667,0.0,0.025,0.513344,0.512372,0.436039
difficulty,1.0,1024,1024-185,0.375,0.491667,0.133333,0.625,0.625,0.0,0.15,0.44721,0.501473,0.45891
difficulty,1.0,1024,1024-186,0.0,0.241667,0.0,0.241667,0.241667,0.0,0.45,0.301862,0.501009,0.8928
difficulty,1.0,1024,1024-187,0.516667,0.158333,0.625,0.783333,0.516667,0.058333,0.0,0.702125,0.460257,0.908373
difficulty,1.0,1024,1024-188,0.383333,0.45,0.15,0.6,0.6,0.0,0.158333,0.447671,0.566334,0.469231
difficulty,1.0,1024,1024-189,0.058333,0.325,0.0,0.325,0.325,0.0,0.391667,0.331412,0.462491,0.761074
difficulty,1.0,1024,1024-190,0.491667,0.5,0.433333,0.933333,0.75,0.0,0.0,0.576867,0.567356,0.494631
difficulty,1.0,1024,1024-191,0.041667,0.283333,0.0,0.283333,0.283333,0.0,0.408333,0.328532,0.590612,0.768787
difficulty,1.0,1024,1024-192,0.225,0.475,0.008333,0.483333,0.483333,0.0,0.266667,0.388391,0.526496,0.551066
difficulty,1.0,1024,1024-193,0.608333,0.308333,0.608333,0.916667,0.625,0.025,0.0,0.664718,0.518888,0.722375
difficulty,1.0,1024,1024-194,0.066667,0.383333,0.0,0.383333,0.383333,0.0,0.358333,0.348047,0.481157,0.681144
difficulty,1.0,1024,1024-195,0.033333,0.316667,0.0,0.316667,0.316667,0.0,0.425,0.326467,0.504204,0.782071
difficulty,1.0,1024,1024-196,0.466667,0.483333,0.475,0.958333,0.7,0.0,0.0,0.604223,0.509378,0.558675
difficulty,1.0,1024,1024-197,0.008333,0.241667,0.0,0.241667,0.241667,0.0,0.45,0.315957,0.52889,0.819038
difficulty,1.0,1024,1024-198,0.35,0.441667,0.125,0.566667,0.566667,0.0,0.175,0.433827,0.530111,0.507544
difficulty,1.0,1024,1024-199,0.5,0.5,0.183333,0.683333,0.666667,0.0,0.05,0.485403,0.515621,0.423223
difficulty,1.0,2026,2026-0,0.091667,0.341667,0.0,0.341667,0.341667,0.0,0.391667,0.342424,0.607863,0.721787
difficulty,1.0,2026,2026-1,0.425,0.433333,0.308333,0.741667,0.658333,0.0,0.05,0.507308,0.612685,0.47746
difficulty,1.0,2026,2026-2,0.0,0.0,0.0,0.0,0.0,0.0,0.933333,0.205178,0.387943,1.421103
difficulty,1.0,2026,2026-3,0.541667,0.283333,0.566667,0.85,0.558333,0.041667,0.0,0.680374,0.506487,0.803059
difficulty,1.0,2026,2026-4,0.525,0.55,0.358333,0.908333,0.791667,0.0,0.0,0.563129,0.601522,0.450774
difficulty,1.0,2026,2026-5,0.35,0.45,0.1,0.55,0.55,0.0,0.191667,0.430532,0.578474,0.502759
difficulty,1.0,2026,2026-6,0.291667,0.45,0.083333,0.533333,0.525,0.0,0.258333,0.419491,0.613379,0.531768
difficulty,1.0,2026,2026-7,0.491667,0.475,0.3,0.775,0.7,0.0,0.0,0.520592,0.575129,0.439705
difficulty,1.0,2026,2026-8,0.241667,0.441667,0.091667,0.533333,0.533333,0.0,0.241667,0.415678,0.656656,0.52583
difficulty,1.0,2026,2026-9,0.375,0.458333,0.125,0.583333,0.583333,0.0,0.166667,0.440726,0.593906,0.492451
difficulty,1.0,2026,2026-10,0.458333,0.491667,0.425,0.916667,0.733333,0.0,0.0,0.583009,0.577385,0.532199
difficulty,1.0,2026,2026-11,0.458333,0.425,0.441667,0.866667,0.675,0.0,0.0,0.574463,0.497036,0.520298
difficulty,1.0,2026,2026-12,0.475,0.541667,0.175,0.716667,0.708333,0.0,0.066667,0.481399,0.490204,0.426528
difficulty,1.0,2026,2026-13,0.4,0.45,0.175,0.625,0.591667,0.0,0.125,0.464583,0.569385,0.458784
difficulty,1.0,2026,2026-14,0.483333,0.475,0.316667,0.791667,0.725,0.0,0.058333,0.521777,0.488683,0.45315
difficulty,1.0,2026,2026-15,0.116667,0.408333,0.0,0.408333,0.408333,0.0,0.358333,0.361634,0.628793,0.628432
difficulty,1.0,2026,2026-16,0.325,0.483333,0.1,0.583333,0.583333,0.0,0.2,0.429051,0.508601,0.513048
difficulty,1.0,2026,2026-17,0.466667,0.466667,0.391667,0.858333,0.708333,0.0,0.0,0.55802,0.569191,0.476801
difficulty,1.0,2026,2026-18,0.45,0.491667,0.2,0.691667,0.666667,0.0,0.083333,0.480827,0.465981,0.447832
difficulty,1.0,2026,2026-19,0.0,0.025,0.0,0.025,0.025,0.0,0.65,0.256499,0.550528,1.120001
difficulty,1.0,2026,2026-20,0.2,0.466667,0.0,0.466667,0.466667,0.0,0.266667,0.389538,0.601724,0.548141
difficulty,1.0,2026,2026-21,0.491667,0.466667,0.416667,0.883333,0.666667,0.0,0.0,0.581557,0.546549,0.533661
difficulty,1.0,2026,2026-22,0.366667,0.466667,0.133333,0.6,0.6,0.0,0.175,0.442102,0.583692,0.487203
difficulty,1.0,2026,2026-23,0.333333,0.425,0.133333,0.558333,0.541667,0.0,0.191667,0.440597,0.647757,0.50759
difficulty,1.0,2026,2026-24,0.516667,0.491667,0.433333,0.925,0.741667,0.0,0.0,0.581131,0.520856,0.498879
difficulty,1.0,2026,2026-25,0.475,0.05,0.683333,0.733333,0.475,0.066667,0.0,0.7295,0.480492,1.046604
difficulty,1.0,2026,2026-26,0.225,0.483333,0.0,0.483333,0.483333,0.0,0.266667,0.385492,0.483811,0.58741
difficulty,1.0,2026,2026-27,0.608333,0.266667,0.633333,0.9,0.616667,0.016667,0.0,0.670966,0.498098,0.748404
difficulty,1.0,2026,2026-28,0.0,0.133333,0.0,0.133333,0.133333,0.0,0.525,0.287604,0.486265,0.955833
difficulty,1.0,2026,2026-29,0.458333,0.475,0.3,0.775,0.708333,0.0,0.041667,0.512606,0.546326,0.454748
difficulty,1.0,2026,2026-30,0.0,0.2,0.0,0.2,0.2,0.0,0.483333,0.304249,0.467559,0.872734
difficulty,1.0,2026,2026-31,0.575,0.308333,0.575,0.883333,0.591667,0.041667,0.0,0.668799,0.530116,0.748303
difficulty,1.0,2026,2026-32,0.533333,0.541667,0.416667,0.958333,0.775,0.0,0.0,0.590273,0.586375,0.493927
difficulty,1.0,2026,2026-33,0.475,0.291667,0.583333,0.875,0.591667,0.033333,0.0,0.662085,0.465102,0.753704
difficulty,1.0,2026,2026-34,0.075,0.4,0.0,0.4,0.4,0.0,0.325,0.359156,0.418677,0.62349
difficulty,1.0,2026,2026-35,0.491667,0.533333,0.391667,0.925,0.766667,0.0,0.0,0.565896,0.605734,0.459276
difficulty,1.0,2026,2026-36,0.183333,0.483333,0.016667,0.5,0.5,0.0,0.258333,0.390706,0.551951,0.533712
difficulty,1.0,2026,2026-37,0.283333,0.433333,0.058333,0.491667,0.491667,0.0,0.275,0.400575,0.607386,0.577732
difficulty,1.0,2026,2026-38,0.416667,0.475,0.341667,0.816667,0.666667,0.0,0.0,0.543641,0.630091,0.500194
difficulty,1.0,2026,2026-39,0.491667,0.416667,0.541667,0.958333,0.675,0.0,0.0,0.62235,0.481236,0.597176
difficulty,1.0,2026,2026-40,0.433333,0.483333,0.3,0.783333,0.725,0.0,0.041667,0.511115,0.552849,0.44464
difficulty,1.0,2026,2026-41,0.175,0.391667,0.033333,0.425,0.425,0.0,0.325,0.377785,0.557455,0.608368
difficulty,1.0,2026,2026-42,0.15,0.383333,0.0,0.383333,0.383333,0.0,0.358333,0.358424,0.521894,0.676024
difficulty,1.0,2026,2026-43,0.525,0.241667,0.541667,0.783333,0.525,0.075,0.0,0.693811,0.473395,0.875423
difficulty,1.0,2026,2026-44,0.475,0.475,0.408333,0.883333,0.708333,0.0,0.0,0.567885,0.55974,0.49139
difficulty,1.0,2026,2026-45,0.475,0.516667,0.425,0.941667,0.741667,0.0,0.0,0.573766,0.602367,0.479207
difficulty,1.0,2026,2026-46,0.075,0.0,0.55,0.55,0.075,0.291667,0.0,0.792378,0.355483,1.413041
difficulty,1.0,2026,2026-47,0.058333,0.391667,0.0,0.391667,0.391667,0.0,0.333333,0.355603,0.480905,0.639167
difficulty,1.0,2026,2026-48,0.0,0.0,0.5,0.5,0.0,0.241667,0.0,0.814472,0.372355,1.529341
difficulty,1.0,2026,2026-49,0.0,0.0,0.0,0.0,0.0,0.766667,0.0,0.877565,0.253117,2.028486
difficulty,1.0,2026,2026-50,0.491667,0.125,0.675,0.8,0.491667,0.075,0.0,0.709606,0.470859,0.940478
difficulty,1.0,2026,2026-51,0.483333,0.425,0.516667,0.941667,0.625,0.0,0.0,0.619659,0.469672,0.597838
difficulty,1.0,2026,2026-52,0.15,0.408333,0.0,0.408333,0.408333,0.0,0.325,0.369253,0.556954,0.604315
difficulty,1.0,2026,2026-53,0.583333,0.475,0.466667,0.941667,0.75,0.0,0.0,0.606871,0.625118,0.533042
difficulty,1.0,2026,2026-54,0.283333,0.433333,0.05,0.483333,0.483333,0.0,0.241667,0.403468,0.582097,0.535775
difficulty,1.0,2026,2026-55,0.425,0.483333,0.208333,0.691667,0.658333,0.0,0.083333,0.488945,0.520658,0.453988
difficulty,1.0,2026,2026-56,0.291667,0.466667,0.05,0.516667,0.508333,0.0,0.225,0.415065,0.662294,0.534254
difficulty,1.0,2026,2026-57,0.458333,0.541667,0.291667,0.833333,0.758333,0.0,0.016667,0.520895,0.545241,0.423488
difficulty,1.0,2026,2026-58,0.575,0.291667,0.558333,0.85,0.608333,0.033333,0.0,0.669175,0.497297,0.756978
difficulty,1.0,2026,2026-59,0.233333,0.525,0.008333,0.533333,0.533333,0.0,0.258333,0.403235,0.467877,0.496434
difficulty,1.0,2026,2026-60,0.033333,0.275,0.0,0.275,0.275,0.0,0.475,0.318,0.611818,0.825494
difficulty,1.0,2026,2026-61,0.083333,0.366667,0.0,0.366667,0.366667,0.0,0.408333,0.338497,0.511502,0.744161
difficulty,1.0,2026,2026-62,0.008333,0.283333,0.0,0.283333,0.283333,0.0,0.375,0.329829,0.472614,0.74654
difficulty,1.0,2026,2026-63,0.0,0.058333,0.0,0.058333,0.058333,0.0,0.525,0.280271,0.360838,0.995662
difficulty,1.0,2026,2026-64,0.025,0.325,0.0,0.325,0.325,0.0,0.416667,0.330361,0.564375,0.758777
difficulty,1.0,2026,2026-65,0.516667,0.258333,0.575,0.833333,0.558333,0.041667,0.0,0.680788,0.458567,0.809784
difficulty,1.0,2026,2026-66,0.2,0.441667,0.008333,0.45,0.45,0.0,0.325,0.375166,0.62389,0.621071
difficulty,1.0,2026,2026-67,0.441667,0.5,0.25,0.75,0.683333,0.0,0.0,0.507553,0.586879,0.424881
difficulty,1.0,2026,2026-68,0.0,0.175,0.0,0.175,0.175,0.0,0.525,0.291389,0.50634,0.945021
difficulty,1.0,2026,2026-69,0.458333,0.491667,0.258333,0.75,0.708333,0.0,0.025,0.499434,0.572442,0.419403
difficulty,1.0,2026,2026-70,0.0,0.0,0.0,0.0,0.0,0.0,0.9,0.218342,0.406961,1.332283
difficulty,1.0,2026,2026-71,0.125,0.416667,0.0,0.416667,0.416667,0.0,0.325,0.366807,0.539508,0.609937
difficulty,1.0,2026,2026-72,0.066667,0.0,0.525,0.525,0.066667,0.283333,0.0,0.798715,0.353481,1.446938
difficulty,1.0,2026,2026-73,0.2,0.433333,0.016667,0.45,0.45,0.0,0.3,0.384751,0.564838,0.578992
difficulty,1.0,2026,2026-74,0.525,0.316667,0.558333,0.875,0.583333,0.025,0.0,0.661091,0.445811,0.725236
difficulty,1.0,2026,2026-75,0.433333,0.458333,0.391667,0.85,0.725,0.0,0.008333,0.546019,0.560058,0.464169
difficulty,1.0,2026,2026-76,0.35,0.466667,0.15,0.616667,0.608333,0.0,0.158333,0.449583,0.585302,0.475793
difficulty,1.0,2026,2026-77,0.166667,0.383333,0.025,0.408333,0.408333,0.0,0.341667,0.370208,0.604295,0.649611
difficulty,1.0,2026,2026-78,0.566667,0.25,0.658333,0.908333,0.583333,0.008333,0.0,0.680166,0.433022,0.794082
difficulty,1.0,2026,2026-79,0.35,0.45,0.1,0.55,0.533333,0.0,0.191667,0.437002,0.658812,0.513357
difficulty,1.0,2026,2026-80,0.55,0.175,0.65,0.825,0.55,0.05,0.0,0.692559,0.510595,0.857379
difficulty,1.0,2026,2026-81,0.175,0.4,0.041667,0.441667,0.441667,0.0,0.308333,0.376448,0.524646,0.63151
difficulty,1.0,2026,2026-82,0.491667,0.516667,0.216667,0.733333,0.7,0.0,0.033333,0.495025,0.518521,0.42759
difficulty,1.0,2026,2026-83,0.441667,0.433333,0.408333,0.841667,0.675,0.0,0.0,0.553094,0.536233,0.480388
difficulty,1.0,2026,2026-84,0.441667,0.491667,0.3,0.791667,0.683333,0.0,0.008333,0.523792,0.620116,0.45263
difficulty,1.0,2026,2026-85,0.0,0.133333,0.0,0.133333,0.133333,0.0,0.533333,0.286673,0.496209,0.960621
difficulty,1.0,2026,2026-86,0.2,0.533333,0.0,0.533333,0.533333,0.0,0.258333,0.396799,0.433176,0.504723
difficulty,1.0,2026,2026-87,0.416667,0.508333,0.1,0.608333,0.608333,0.0,0.1,0.453281,0.515707,0.428216
difficulty,1.0,2026,2026-88,0.125,0.4,0.0,0.4,0.4,0.0,0.3,0.362533,0.442373,0.632935
difficulty,1.0,2026,2026-89,0.541667,0.566667,0.35,0.916667,0.783333,0.0,0.0,0.563949,0.615406,0.448882
difficulty,1.0,2026,2026-90,0.475,0.5,0.358333,0.858333,0.75,0.0,0.0,0.553405,0.615917,0.450534
difficulty,1.0,2026,2026-91,0.0,0.0,0.0,0.0,0.0,0.0,1.0,0.19629,0.339689,1.460936
difficulty,1.0,2026,2026-92,0.0,0.0,0.0,0.0,0.0,0.0,0.883333,0.214975,0.409536,1.357701
difficulty,1.0,2026,2026-93,0.0,0.116667,0.0,0.116667,0.116667,0.0,0.516667,0.290655,0.411145,0.935828
difficulty,1.0,2026,2026-94,0.458333,0.416667,0.3,0.716667,0.608333,0.0,0.041667,0.514783,0.49653,0.476384
difficulty,1.0,2026,2026-95,0.308333,0.0,0.7,0.7,0.308333,0.15,0.0,0.755247,0.457162,1.182463
difficulty,1.0,2026,2026-96,0.325,0.5,0.083333,0.583333,0.583333,0.0,0.175,0.435257,0.479221,0.469362
difficulty,1.0,2026,2026-97,0.45,0.458333,0.308333,0.766667,0.683333,0.0,0.016667,0.518573,0.564533,0.450218
difficulty,1.0,2026,2026-98,0.05,0.25,0.0,0.25,0.25,0.0,0.458333,0.3178,0.531643,0.825643
difficulty,1.0,2026,2026-99,0.008333,0.291667,0.0,0.291667,0.291667,0.0,0.441667,0.323747,0.478977,0.784828
difficulty,1.0,2026,2026-100,0.0,0.0,0.0,0.0,0.0,0.0,1.0,0.193661,0.324041,1.473359
difficulty,1.0,2026,2026-101,0.341667,0.433333,0.2,0.633333,0.608333,0.0,0.108333,0.467835,0.60252,0.462644
difficulty,1.0,2026,2026-102,0.533333,0.45,0.525,0.975,0.683333,0.0,0.0,0.622628,0.503243,0.57773
difficulty,1.0,2026,2026-103,0.266667,0.483333,0.05,0.533333,0.533333,0.0,0.216667,0.4071,0.6151,0.521754
difficulty,1.0,2026,2026-104,0.591667,0.291667,0.55,0.841667,0.608333,0.083333,0.0,0.677785,0.533341,0.804921
difficulty,1.0,2026,2026-105,0.433333,0.458333,0.291667,0.75,0.666667,0.0,0.05,0.5124,0.554835,0.469826
difficulty,1.0,2026,2026-106,0.458333,0.541667,0.183333,0.725,0.716667,0.0,0.083333,0.47482,0.552484,0.446841
difficulty,1.0,2026,2026-107,0.433333,0.458333,0.4,0.858333,0.683333,0.0,0.0,0.555687,0.568472,0.492308
difficulty,1.0,2026,2026-108,0.508333,0.441667,0.458333,0.9,0.725,0.0,0.0,0.572409,0.474162,0.504694
difficulty,1.0,2026,2026-109,0.591667,0.383333,0.533333,0.916667,0.658333,0.008333,0.0,0.645315,0.526456,0.655006
difficulty,1.0,2026,2026-110,0.1,0.391667,0.0,0.391667,0.391667,0.0,0.333333,0.349363,0.550592,0.679698
difficulty,1.0,2026,2026-111,0.0,0.0,0.0,0.0,0.0,0.0,1.0,0.16156,0.266243,1.704776
difficulty,1.0,2026,2026-112,0.458333,0.525,0.233333,0.758333,0.725,0.0,0.05,0.492215,0.579518,0.439846
difficulty,1.0,2026,2026-113,0.175,0.491667,0.0,0.491667,0.491667,0.0,0.25,0.388993,0.475196,0.51971
difficulty,1.0,2026,2026-114,0.408333,0.458333,0.166667,0.625,0.608333,0.0,0.091667,0.462405,0.616752,0.449986
difficulty,1.0,2026,2026-115,0.441667,0.05,0.716667,0.766667,0.441667,0.075,0.0,0.722254,0.436378,1.005567
difficulty,1.0,2026,2026-116,0.0,0.341667,0.0,0.341667,0.341667,0.0,0.35,0.337382,0.354184,0.714526
difficulty,1.0,2026,2026-117,0.475,0.533333,0.408333,0.941667,0.758333,0.0,0.0,0.574512,0.630358,0.475182
difficulty,1.0,2026,2026-118,0.525,0.408333,0.55,0.958333,0.691667,0.0,0.0,0.630005,0.493631,0.615021
difficulty,1.0,2026,2026-119,0.5,0.475,0.35,0.825,0.716667,0.0,0.008333,0.537987,0.608728,0.449656
difficulty,1.0,2026,2026-120,0.541667,0.358333,0.525,0.883333,0.608333,0.016667,0.0,0.656376,0.461626,0.701887
difficulty,1.0,2026,2026-121,0.25,0.541667,0.016667,0.558333,0.558333,0.0,0.233333,0.408751,0.525205,0.492707
difficulty,1.0,2026,2026-122,0.091667,0.35,0.008333,0.358333,0.358333,0.0,0.416667,0.347357,0.670666,0.697259
difficulty,1.0,2026,2026-123,0.558333,0.475,0.466667,0.941667,0.725,0.008333,0.0,0.622795,0.568487,0.579298
difficulty,1.0,2026,2026-124,0.491667,0.433333,0.466667,0.9,0.683333,0.0,0.0,0.598205,0.513332,0.569411
difficulty,1.0,2026,2026-125,0.533333,0.258333,0.575,0.833333,0.558333,0.058333,0.0,0.687049,0.481867,0.844879
difficulty,1.0,2026,2026-126,0.483333,0.491667,0.333333,0.825,0.791667,0.0,0.041667,0.517055,0.516442,0.420837
difficulty,1.0,2026,2026-127,0.516667,0.175,0.616667,0.791667,0.516667,0.108333,0.0,0.706732,0.51028,0.938143
difficulty,1.0,2026,2026-128,0.391667,0.508333,0.116667,0.625,0.625,0.0,0.15,0.450652,0.504033,0.473027
difficulty,1.0,2026,2026-129,0.016667,0.225,0.0,0.225,0.225,0.0,0.458333,0.314523,0.480602,0.825782
difficulty,1.0,2026,2026-130,0.0,0.0,0.0,0.0,0.0,0.0,1.0,0.186487,0.310835,1.536114
difficulty,1.0,2026,2026-131,0.016667,0.208333,0.0,0.208333,0.208333,0.0,0.475,0.305483,0.55199,0.877281
difficulty,1.0,2026,2026-132,0.508333,0.45,0.5,0.95,0.666667,0.0,0.0,0.622352,0.44015,0.587489
difficulty,1.0,2026,2026-133,0.0,0.05,0.0,0.05,0.05,0.0,0.558333,0.271214,0.364526,1.040285
difficulty,1.0,2026,2026-134,0.366667,0.558333,0.033333,0.591667,0.591667,0.0,0.183333,0.431076,0.444834,0.465929
difficulty,1.0,2026,2026-135,0.233333,0.0,0.75,0.75,0.233333,0.141667,0.0,0.754844,0.477154,1.169333
difficulty,1.0,2026,2026-136,0.516667,0.4,0.516667,0.916667,0.641667,0.008333,0.0,0.622833,0.467119,0.608624
difficulty,1.0,2026,2026-137,0.4,0.025,0.691667,0.716667,0.4,0.141667,0.0,0.736493,0.438261,1.086261
difficulty,1.0,2026,2026-138,0.025,0.308333,0.0,0.308333,0.308333,0.0,0.466667,0.320792,0.557049,0.807948
difficulty,1.0,2026,2026-139,0.0,0.0,0.0,0.0,0.0,0.0,1.0,0.134029,0.303351,1.917783
difficulty,1.0,2026,2026-140,0.5,0.208333,0.583333,0.791667,0.5,0.091667,0.0,0.702058,0.481024,0.917892
difficulty,1.0,2026,2026-141,0.0,0.025,0.0,0.025,0.025,0.0,0.625,0.259231,0.506986,1.108344
difficulty,1.0,2026,2026-142,0.425,0.483333,0.233333,0.716667,0.65,0.0,0.05,0.494269,0.558292,0.458081
difficulty,1.0,2026,2026-143,0.408333,0.416667,0.308333,0.725,0.65,0.0,0.075,0.512932,0.579624,0.477012
difficulty,1.0,2026,2026-144,0.1,0.441667,0.0,0.441667,0.441667,0.0,0.308333,0.364313,0.36664,0.611902
difficulty,1.0,2026,2026-145,0.4,0.133333,0.575,0.708333,0.4,0.1,0.0,0.72043,0.413155,1.008253
difficulty,1.0,2026,2026-146,0.583333,0.225,0.616667,0.841667,0.583333,0.033333,0.0,0.682918,0.576093,0.810789
difficulty,1.0,2026,2026-147,0.433333,0.491667,0.333333,0.825,0.725,0.0,0.0,0.535092,0.679041,0.431483
difficulty,1.0,2026,2026-148,0.458333,0.55,0.183333,0.733333,0.716667,0.0,0.1,0.483207,0.521988,0.435161
difficulty,1.0,2026,2026-149,0.45,0.491667,0.25,0.741667,0.683333,0.0,0.05,0.502223,0.599366,0.448599
difficulty,1.0,2026,2026-150,0.033333,0.25,0.0,0.25,0.25,0.0,0.466667,0.309398,0.567395,0.874763
difficulty,1.0,2026,2026-151,0.3,0.408333,0.1,0.508333,0.5,0.0,0.2,0.418882,0.698827,0.547894
difficulty,1.0,2026,2026-152,0.45,0.6,0.125,0.725,0.725,0.0,0.066667,0.47656,0.476048,0.413228
difficulty,1.0,2026,2026-153,0.058333,0.383333,0.0,0.383333,0.383333,0.0,0.35,0.352729,0.489508,0.665892
difficulty,1.0,2026,2026-154,0.5,0.425,0.483333,0.908333,0.683333,0.0,0.0,0.610662,0.54323,0.595695
difficulty,1.0,2026,2026-155,0.0,0.066667,0.0,0.066667,0.066667,0.0,0.541667,0.270737,0.486702,1.064419
difficulty,1.0,2026,2026-156,0.308333,0.525,0.058333,0.583333,0.583333,0.0,0.191667,0.426363,0.472416,0.470011
difficulty,1.0,2026,2026-157,0.0,0.0,0.0,0.0,0.0,0.0,1.0,0.163318,0.247388,1.683447
difficulty,1.0,2026,2026-158,0.533333,0.483333,0.416667,0.9,0.766667,0.0,0.0,0.557517,0.537121,0.457478
difficulty,1.0,2026,2026-159,0.466667,0.425,0.5,0.925,0.666667,0.0,0.0,0.60782,0.477702,0.568647
difficulty,1.0,2026,2026-160,0.5,0.475,0.416667,0.891667,0.733333,0.0,0.0,0.569729,0.58051,0.505004
difficulty,1.0,2026,2026-161,0.0,0.0,0.033333,0.033333,0.0,0.458333,0.0,0.859106,0.280123,1.86937
difficulty,1.0,2026,2026-162,0.55,0.416667,0.533333,0.95,0.675,0.0,0.0,0.625457,0.499393,0.597752
difficulty,1.0,2026,2026-163,0.025,0.291667,0.0,0.291667,0.291667,0.0,0.425,0.324421,0.555818,0.783877
difficulty,1.0,2026,2026-164,0.0,0.0,0.433333,0.433333,0.0,0.291667,0.0,0.826032,0.350191,1.610825
difficulty,1.0,2026,2026-165,0.1,0.441667,0.0,0.441667,0.441667,0.0,0.341667,0.354564,0.454044,0.662465
difficulty,1.0,2026,2026-166,0.475,0.466667,0.466667,0.933333,0.691667,0.0,0.0,0.601962,0.522285,0.557805
difficulty,1.0,2026,2026-167,0.491667,0.483333,0.441667,0.925,0.75,0.0,0.0,0.586976,0.565812,0.519172
difficulty,1.0,2026,2026-168,0.033333,0.341667,0.0,0.341667,0.341667,0.0,0.408333,0.330256,0.588686,0.759797
difficulty,1.0,2026,2026-169,0.5,0.25,0.583333,0.833333,0.533333,0.05,0.0,0.687094,0.488902,0.843103
difficulty,1.0,2026,2026-170,0.458333,0.408333,0.4,0.808333,0.675,0.0,0.016667,0.545546,0.528086,0.493074
difficulty,1.0,2026,2026-171,0.491667,0.458333,0.45,0.908333,0.716667,0.0,0.0,0.578726,0.493367,0.506903
difficulty,1.0,2026,2026-172,0.1,0.383333,0.016667,0.4,0.4,0.0,0.341667,0.37164,0.521053,0.592417
difficulty,1.0,2026,2026-173,0.608333,0.316667,0.575,0.891667,0.641667,0.016667,0.0,0.664575,0.52095,0.725363
difficulty,1.0,2026,2026-174,0.108333,0.35,0.0,0.35,0.35,0.0,0.416667,0.343143,0.5887,0.723852
difficulty,1.0,2026,2026-175,0.0,0.0,0.0,0.0,0.0,0.0,0.95,0.222884,0.32692,1.296504
difficulty,1.0,2026,2026-176,0.6,0.325,0.541667,0.866667,0.6,0.05,0.0,0.673729,0.54706,0.770405
difficulty,1.0,2026,2026-177,0.291667,0.433333,0.075,0.508333,0.508333,0.0,0.241667,0.409964,0.595873,0.546597
difficulty,1.0,2026,2026-178,0.466667,0.508333,0.233333,0.741667,0.725,0.0,0.05,0.489932,0.533204,0.437167
difficulty,1.0,2026,2026-179,0.333333,0.0,0.683333,0.683333,0.333333,0.166667,0.0,0.753277,0.424972,1.180924
difficulty,1.0,2026,2026-180,0.541667,0.425,0.483333,0.908333,0.65,0.016667,0.0,0.641558,0.545617,0.648277
difficulty,1.0,2026,2026-181,0.475,0.516667,0.375,0.891667,0.716667,0.0,0.0,0.568395,0.594817,0.498025
difficulty,1.0,2026,2026-182,0.558333,0.466667,0.466667,0.933333,0.7,0.016667,0.0,0.626043,0.566143,0.577876
difficulty,1.0,2026,2026-183,0.116667,0.391667,0.0,0.391667,0.391667,0.0,0.341667,0.36263,0.524702,0.624315
difficulty,1.0,2026,2026-184,0.525,0.516667,0.441667,0.958333,0.75,0.0,0.0,0.593527,0.533976,0.520406
difficulty,1.0,2026,2026-185,0.558333,0.425,0.508333,0.933333,0.666667,0.008333,0.0,0.636941,0.538561,0.622271
difficulty,1.0,2026,2026-186,0.508333,0.475,0.458333,0.933333,0.725,0.0,0.0,0.5947,0.530157,0.519467
difficulty,1.0,2026,2026-187,0.408333,0.5,0.15,0.65,0.65,0.0,0.108333,0.457955,0.518478,0.446364
difficulty,1.0,2026,2026-188,0.0,0.0,0.0,0.0,0.0,0.0,1.0,0.046977,0.133397,3.047157
difficulty,1.0,2026,2026-189,0.491667,0.491667,0.4,0.891667,0.741667,0.0,0.0,0.561959,0.55461,0.474656
difficulty,1.0,2026,2026-190,0.5,0.45,0.291667,0.741667,0.691667,0.0,0.033333,0.509671,0.501945,0.453555
difficulty,1.0,2026,2026-191,0.358333,0.491667,0.108333,0.6,0.6,0.0,0.158333,0.438803,0.462016,0.466623
difficulty,1.0,2026,2026-192,0.483333,0.475,0.425,0.9,0.666667,0.008333,0.0,0.595197,0.550769,0.535375
difficulty,1.0,2026,2026-193,0.458333,0.508333,0.233333,0.741667,0.741667,0.0,0.008333,0.500552,0.618611,0.385676
difficulty,1.0,2026,2026-194,0.466667,0.483333,0.333333,0.816667,0.725,0.0,0.025,0.528044,0.500649,0.462411
difficulty,1.0,2026,2026-195,0.0,0.016667,0.0,0.016667,0.016667,0.0,0.608333,0.259818,0.442833,1.105529
difficulty,1.0,2026,2026-196,0.0,0.108333,0.0,0.108333,0.108333,0.0,0.55,0.274852,0.388721,1.034337
difficulty,1.0,2026,2026-197,0.508333,0.491667,0.375,0.866667,0.816667,0.0,0.008333,0.535065,0.529441,0.409364
difficulty,1.0,2026,2026-198,0.441667,0.475,0.191667,0.666667,0.666667,0.0,0.058333,0.472014,0.619022,0.428908
difficulty,1.0,2026,2026-199,0.533333,0.516667,0.291667,0.808333,0.766667,0.0,0.008333,0.522271,0.433643,0.412872
difficulty,1.5,42,42-0,0.408333,0.5,0.2,0.7,0.683333,0.0,0.066667,0.47697,0.642276,0.462416
difficulty,1.5,42,42-1,0.0,0.216667,0.0,0.216667,0.216667,0.0,0.483333,0.302693,0.424426,0.886641
difficulty,1.5,42,42-2,0.483333,0.425,0.475,0.9,0.675,0.0,0.0,0.583085,0.476521,0.547859
difficulty,1.5,42,42-3,0.425,0.433333,0.433333,0.866667,0.625,0.008333,0.0,0.593512,0.557648,0.590356
difficulty,1.5,42,42-4,0.0,0.0,0.0,0.0,0.0,0.0,1.0,0.16777,0.424716,1.680311
difficulty,1.5,42,42-5,0.0,0.066667,0.0,0.066667,0.066667,0.0,0.666667,0.254167,0.455769,1.137629
difficulty,1.5,42,42-6,0.466667,0.508333,0.183333,0.691667,0.683333,0.0,0.075,0.479891,0.495665,0.434354
difficulty,1.5,42,42-7,0.291667,0.558333,0.05,0.608333,0.608333,0.0,0.208333,0.4229,0.436441,0.473348
difficulty,1.5,42,42-8,0.383333,0.475,0.158333,0.633333,0.633333,0.0,0.133333,0.456131,0.501587,0.459991
difficulty,1.5,42,42-9,0.025,0.25,0.0,0.25,0.25,0.0,0.475,0.30957,0.565818,0.86054
difficulty,1.5,42,42-10,0.483333,0.475,0.416667,0.891667,0.716667,0.0,0.0,0.568416,0.619955,0.506382
difficulty,1.5,42,42-11,0.483333,0.483333,0.391667,0.875,0.683333,0.0,0.0,0.564951,0.550895,0.495862
difficulty,1.5,42,42-12,0.366667,0.45,0.175,0.625,0.608333,0.0,0.133333,0.457658,0.57198,0.493058
difficulty,1.5,42,42-13,0.491667,0.475,0.441667,0.916667,0.708333,0.016667,0.0,0.620567,0.515777,0.590364
difficulty,1.5,42,42-14,0.458333,0.491667,0.275,0.766667,0.691667,0.0,0.05,0.509953,0.618543,0.47074
difficulty,1.5,42,42-15,0.033333,0.3,0.0,0.3,0.3,0.0,0.391667,0.329224,0.442654,0.760752
difficulty,1.5,42,42-16,0.475,0.441667,0.316667,0.758333,0.683333,0.0,0.041667,0.515437,0.522007,0.470157
difficulty,1.5,42,42-17,0.0,0.175,0.0,0.175,0.175,0.0,0.491667,0.300971,0.49116,0.886565
difficulty,1.5,42,42-18,0.583333,0.516667,0.466667,0.983333,0.8,0.0,0.0,0.582662,0.509139,0.465564
difficulty,1.5,42,42-19,0.433333,0.466667,0.208333,0.675,0.658333,0.0,0.133333,0.470793,0.465999,0.481518
difficulty,1.5,42,42-20,0.266667,0.483333,0.016667,0.5,0.5,0.0,0.216667,0.401001,0.628465,0.521699
difficulty,1.5,42,42-21,0.083333,0.35,0.0,0.35,0.35,0.0,0.341667,0.349098,0.487493,0.680482
difficulty,1.5,42,42-22,0.516667,0.45,0.475,0.925,0.675,0.0,0.0,0.626343,0.529905,0.586224
difficulty,1.5,42,42-23,0.275,0.416667,0.083333,0.5,0.5,0.0,0.258333,0.409571,0.645113,0.556087
difficulty,1.5,42,42-24,0.183333,0.45,0.025,0.475,0.475,0.0,0.3,0.383959,0.527148,0.57694
difficulty,1.5,42,42-25,0.275,0.5,0.025,0.525,0.525,0.0,0.25,0.404442,0.49627,0.539344
difficulty,1.5,42,42-26,0.466667,0.541667,0.25,0.791667,0.708333,0.0,0.0,0.515236,0.603089,0.437288
difficulty,1.5,42,42-27,0.458333,0.458333,0.366667,0.825,0.733333,0.0,0.058333,0.524252,0.490952,0.475036
difficulty,1.5,42,42-28,0.425,0.441667,0.308333,0.75,0.675,0.0,0.041667,0.512438,0.568425,0.486048
difficulty,1.5,42,42-29,0.475,0.45,0.316667,0.766667,0.7,0.0,0.033333,0.516814,0.54104,0.460212
difficulty,1.5,42,42-30,0.375,0.0,0.716667,0.716667,0.375,0.133333,0.0,0.747611,0.443839,1.144694
difficulty,1.5,42,42-31,0.208333,0.375,0.05,0.425,0.425,0.0,0.308333,0.384256,0.563004,0.608491
difficulty,1.5,42,42-32,0.15,0.416667,0.0,0.416667,0.416667,0.0,0.325,0.366632,0.567018,0.638958
difficulty,1.5,42,42-33,0.016667,0.316667,0.0,0.316667,0.316667,0.0,0.4,0.33137,0.447886,0.745101
difficulty,1.5,42,42-34,0.458333,0.5,0.325,0.825,0.725,0.0,0.0,0.527842,0.601452,0.445094
difficulty,1.5,42,42-35,0.5,0.441667,0.483333,0.925,0.675,0.0,0.0,0.62497,0.496218,0.603638
difficulty,1.5,42,42-36,0.325,0.458333,0.083333,0.541667,0.541667,0.0,0.216667,0.424357,0.596997,0.519749
difficulty,1.5,42,42-37,0.025,0.233333,0.0,0.233333,0.233333,0.0,0.466667,0.315312,0.566185,0.832734
difficulty,1.5,42,42-38,0.025,0.2,0.0,0.2,0.2,0.0,0.5,0.30565,0.582896,0.871452
difficulty,1.5,42,42-39,0.475,0.475,0.375,0.85,0.733333,0.0,0.0,0.546133,0.553053,0.46353
difficulty,1.5,42,42-40,0.425,0.425,0.45,0.875,0.658333,0.0,0.025,0.572688,0.521238,0.538374
difficulty,1.5,42,42-41,0.441667,0.425,0.366667,0.791667,0.691667,0.0,0.041667,0.531314,0.575319,0.489483
difficulty,1.5,42,42-42,0.108333,0.35,0.0,0.35,0.35,0.0,0.366667,0.353082,0.488537,0.674301
difficulty,1.5,42,42-43,0.433333,0.466667,0.175,0.641667,0.633333,0.0,0.108333,0.466002,0.627643,0.437456
difficulty,1.5,42,42-44,0.35,0.425,0.2,0.625,0.608333,0.0,0.166667,0.454748,0.653191,0.523114
difficulty,1.5,42,42-45,0.441667,0.458333,0.208333,0.666667,0.65,0.0,0.083333,0.478065,0.564567,0.442836
difficulty,1.5,42,42-46,0.533333,0.533333,0.4,0.933333,0.766667,0.0,0.0,0.579147,0.538459,0.482222
difficulty,1.5,42,42-47,0.441667,0.458333,0.266667,0.725,0.683333,0.0,0.075,0.491797,0.525479,0.461085
difficulty,1.5,42,42-48,0.483333,0.45,0.433333,0.883333,0.7,0.0,0.0,0.576993,0.458847,0.520046
difficulty,1.5,42,42-49,0.375,0.441667,0.166667,0.608333,0.6,0.0,0.141667,0.452492,0.618246,0.512117
difficulty,1.5,42,42-50,0.408333,0.5,0.216667,0.716667,0.683333,0.0,0.075,0.480146,0.61753,0.480301
difficulty,1.5,42,42-51,0.441667,0.491667,0.35,0.841667,0.7,0.0,0.0,0.542265,0.572497,0.470247
difficulty,1.5,42,42-52,0.0,0.0,0.0,0.0,0.0,0.0,0.783333,0.23532,0.407725,1.236235
difficulty,1.5,42,42-53,0.191667,0.541667,0.0,0.541667,0.541667,0.0,0.275,0.396591,0.522839,0.513272
difficulty,1.5,42,42-54,0.208333,0.433333,0.016667,0.45,0.45,0.0,0.291667,0.378888,0.555808,0.616248
difficulty,1.5,42,42-55,0.125,0.366667,0.0,0.366667,0.366667,0.0,0.391667,0.349031,0.561707,0.709976
difficulty,1.5,42,42-56,0.308333,0.516667,0.05,0.566667,0.566667,0.0,0.183333,0.42155,0.476604,0.479096
difficulty,1.5,42,42-57,0.458333,0.258333,0.516667,0.775,0.516667,0.1,0.0,0.688948,0.424514,0.863615
difficulty,1.5,42,42-58,0.041667,0.25,0.0,0.25,0.25,0.0,0.458333,0.315262,0.559768,0.844508
difficulty,1.5,42,42-59,0.458333,0.458333,0.475,0.933333,0.691667,0.0,0.0,0.599478,0.516954,0.555975
difficulty,1.5,42,42-60,0.0,0.0,0.0,0.0,0.0,0.0,0.916667,0.196899,0.433416,1.469928
difficulty,1.5,42,42-61,0.266667,0.508333,0.041667,0.55,0.55,0.0,0.233333,0.4106,0.463731,0.51465
difficulty,1.5,42,42-62,0.383333,0.416667,0.225,0.641667,0.6,0.0,0.108333,0.473241,0.570533,0.474445
difficulty,1.5,42,42-63,0.466667,0.441667,0.408333,0.85,0.691667,0.0,0.016667,0.555934,0.496407,0.49641
difficulty,1.5,42,42-64,0.433333,0.433333,0.4,0.833333,0.691667,0.0,0.025,0.54779,0.604019,0.483981
difficulty,1.5,42,42-65,0.483333,0.558333,0.35,0.908333,0.766667,0.0,0.0,0.552767,0.592505,0.438255
difficulty,1.5,42,42-66,0.2,0.441667,0.033333,0.475,0.475,0.0,0.258333,0.393895,0.531739,0.553712
difficulty,1.5,42,42-67,0.208333,0.358333,0.058333,0.416667,0.416667,0.0,0.3,0.385229,0.524418,0.610803
difficulty,1.5,42,42-68,0.5,0.483333,0.416667,0.9,0.725,0.0,0.0,0.57937,0.53843,0.511519
difficulty,1.5,42,42-69,0.291667,0.425,0.075,0.5,0.5,0.0,0.258333,0.403417,0.642104,0.581206
difficulty,1.5,42,42-70,0.0,0.0,0.0,0.0,0.0,0.0,0.591667,0.258917,0.44336,1.110704
difficulty,1.5,42,42-71,0.0,0.066667,0.0,0.066667,0.066667,0.0,0.575,0.27265,0.486527,1.038342
difficulty,1.5,42,42-72,0.0,0.291667,0.0,0.291667,0.291667,0.0,0.383333,0.325655,0.395969,0.773106
difficulty,1.5,42,42-73,0.441667,0.458333,0.333333,0.791667,0.691667,0.0,0.025,0.525745,0.550349,0.457604
difficulty,1.5,42,42-74,0.441667,0.475,0.191667,0.666667,0.65,0.0,0.1,0.472535,0.545018,0.452429
difficulty,1.5,42,42-75,0.475,0.466667,0.416667,0.883333,0.741667,0.0,0.008333,0.562483,0.511547,0.489861
difficulty,1.5,42,42-76,0.216667,0.458333,0.033333,0.491667,0.491667,0.0,0.275,0.387505,0.525535,0.577546
difficulty,1.5,42,42-77,0.366667,0.441667,0.166667,0.608333,0.591667,0.0,0.158333,0.449326,0.695374,0.51798
difficulty,1.5,42,42-78,0.475,0.466667,0.391667,0.858333,0.725,0.0,0.0,0.551928,0.511088,0.477276
difficulty,1.5,42,42-79,0.233333,0.441667,0.041667,0.483333,0.483333,0.0,0.258333,0.39697,0.580269,0.564189
difficulty,1.5,42,42-80,0.45,0.475,0.35,0.825,0.716667,0.0,0.033333,0.532957,0.493231,0.481969
difficulty,1.5,42,42-81,0.091667,0.291667,0.0,0.291667,0.291667,0.0,0.425,0.332497,0.609155,0.769083
difficulty,1.5,42,42-82,0.316667,0.558333,0.033333,0.591667,0.591667,0.0,0.208333,0.419355,0.417467,0.477399
difficulty,1.5,42,42-83,0.233333,0.441667,0.025,0.466667,0.466667,0.0,0.258333,0.387436,0.580262,0.602
difficulty,1.5,42,42-84,0.0,0.05,0.0,0.05,0.05,0.0,0.575,0.270338,0.457387,1.049054
difficulty,1.5,42,42-85,0.491667,0.483333,0.333333,0.816667,0.725,0.0,0.025,0.529031,0.536275,0.468138
difficulty,1.5,42,42-86,0.2,0.341667,0.05,0.391667,0.391667,0.0,0.333333,0.373738,0.587385,0.655536
difficulty,1.5,42,42-87,0.4,0.483333,0.191667,0.675,0.641667,0.0,0.091667,0.472351,0.461669,0.461558
difficulty,1.5,42,42-88,0.483333,0.425,0.4,0.825,0.683333,0.0,0.008333,0.547774,0.454853,0.494546
difficulty,1.5,42,42-89,0.383333,0.483333,0.25,0.733333,0.658333,0.0,0.058333,0.495431,0.656247,0.466127
difficulty,1.5,42,42-90,0.475,0.433333,0.441667,0.875,0.708333,0.0,0.0,0.560952,0.509758,0.496399
difficulty,1.5,42,42-91,0.458333,0.5,0.175,0.675,0.675,0.0,0.141667,0.460604,0.452801,0.472713
difficulty,1.5,42,42-92,0.108333,0.383333,0.0,0.383333,0.383333,0.0,0.375,0.357784,0.645536,0.645888
difficulty,1.5,42,42-93,0.366667,0.458333,0.133333,0.591667,0.591667,0.0,0.158333,0.442417,0.541877,0.50881
difficulty,1.5,42,42-94,0.0,0.0,0.0,0.0,0.0,0.0,0.9,0.203835,0.40013,1.428464
difficulty,1.5,42,42-95,0.0,0.0,0.0,0.0,0.0,0.0,0.75,0.234285,0.436446,1.245297
difficulty,1.5,42,42-96,0.0,0.0,0.0,0.0,0.0,0.0,0.716667,0.23637,0.521539,1.230972
difficulty,1.5,42,42-97,0.0,0.158333,0.0,0.158333,0.158333,0.0,0.491667,0.297179,0.478451,0.913041
difficulty,1.5,42,42-98,0.441667,0.483333,0.266667,0.75,0.691667,0.0,0.041667,0.504954,0.569597,0.449048
difficulty,1.5,42,42-99,0.0,0.425,0.0,0.425,0.425,0.0,0.316667,0.350467,0.283995,0.652318
difficulty,1.5,42,42-100,0.208333,0.458333,0.016667,0.475,0.475,0.0,0.283333,0.389592,0.532418,0.56678
difficulty,1.5,42,42-101,0.533333,0.383333,0.508333,0.891667,0.633333,0.016667,0.0,0.645503,0.505586,0.676664
difficulty,1.5,42,42-102,0.3,0.55,0.008333,0.558333,0.558333,0.0,0.2,0.417343,0.422574,0.474762
difficulty,1.5,42,42-103,0.45,0.483333,0.408333,0.891667,0.725,0.0,0.0,0.55434,0.576595,0.481994
difficulty,1.5,42,42-104,0.0,0.258333,0.0,0.258333,0.258333,0.0,0.391667,0.323841,0.382565,0.774631
difficulty,1.5,42,42-105,0.366667,0.5,0.075,0.575,0.575,0.0,0.208333,0.428389,0.517449,0.510926
difficulty,1.5,42,42-106,0.016667,0.208333,0.0,0.208333,0.208333,0.0,0.533333,0.298007,0.550625,0.916311
difficulty,1.5,42,42-107,0.216667,0.516667,0.041667,0.558333,0.558333,0.0,0.283333,0.401716,0.508551,0.534586
difficulty,1.5,42,42-108,0.5,0.5,0.433333,0.933333,0.733333,0.0,0.0,0.57602,0.5223,0.489392
difficulty,1.5,42,42-109,0.0,0.0,0.0,0.0,0.0,0.0,1.0,0.214291,0.272635,1.348056
difficulty,1.5,42,42-110,0.416667,0.441667,0.283333,0.725,0.658333,0.0,0.058333,0.502408,0.635754,0.476198
difficulty,1.5,42,42-111,0.416667,0.458333,0.191667,0.65,0.625,0.0,0.091667,0.467339,0.627275,0.460299
difficulty,1.5,42,42-112,0.175,0.441667,0.016667,0.458333,0.458333,0.0,0.35,0.373007,0.504365,0.62224
difficulty,1.5,42,42-113,0.0,0.0,0.0,0.0,0.0,0.0,0.775,0.231357,0.446731,1.266559
difficulty,1.5,42,42-114,0.383333,0.475,0.108333,0.583333,0.575,0.0,0.108333,0.449398,0.581185,0.45211
difficulty,1.5,42,42-115,0.125,0.441667,0.0,0.441667,0.441667,0.0,0.333333,0.364218,0.531893,0.630662
difficulty,1.5,42,42-116,0.4,0.441667,0.241667,0.683333,0.633333,0.0,0.1,0.479761,0.607168,0.479266
difficulty,1.5,42,42-117,0.408333,0.45,0.158333,0.608333,0.6,0.0,0.125,0.455845,0.541799,0.463112
difficulty,1.5,42,42-118,0.55,0.266667,0.541667,0.808333,0.583333,0.041667,0.0,0.684654,0.485872,0.829422
difficulty,1.5,42,42-119,0.233333,0.533333,0.025,0.558333,0.558333,0.0,0.216667,0.403149,0.559546,0.509004
difficulty,1.5,42,42-120,0.008333,0.175,0.0,0.175,0.175,0.0,0.508333,0.29994,0.4782,0.904858
difficulty,1.5,42,42-121,0.408333,0.425,0.208333,0.633333,0.6,0.0,0.133333,0.469039,0.623683,0.50731
difficulty,1.5,42,42-122,0.433333,0.466667,0.241667,0.708333,0.691667,0.0,0.083333,0.484096,0.5526,0.455214
difficulty,1.5,42,42-123,0.6,0.4,0.541667,0.941667,0.658333,0.025,0.0,0.645474,0.516603,0.653035
difficulty,1.5,42,42-124,0.491667,0.441667,0.45,0.891667,0.658333,0.0,0.0,0.585671,0.507844,0.548319
difficulty,1.5,42,42-125,0.391667,0.466667,0.225,0.691667,0.633333,0.0,0.066667,0.488014,0.639391,0.477194
difficulty,1.5,42,42-126,0.483333,0.208333,0.608333,0.816667,0.516667,0.075,0.0,0.689926,0.395693,0.855924
difficulty,1.5,42,42-127,0.0,0.083333,0.0,0.083333,0.083333,0.0,0.575,0.274642,0.44951,1.024776
difficulty,1.5,42,42-128,0.108333,0.391667,0.0,0.391667,0.391667,0.0,0.333333,0.355902,0.489005,0.66087
difficulty,1.5,42,42-129,0.008333,0.266667,0.0,0.266667,0.266667,0.0,0.425,0.320664,0.436817,0.797954
difficulty,1.5,42,42-130,0.216667,0.433333,0.041667,0.475,0.475,0.0,0.275,0.394337,0.519163,0.559532
difficulty,1.5,42,42-131,0.0,0.0,0.0,0.0,0.0,0.0,0.65,0.249516,0.408734,1.165019
difficulty,1.5,42,42-132,0.416667,0.491667,0.333333,0.825,0.716667,0.0,0.0,0.526464,0.637825,0.454914
difficulty,1.5,42,42-133,0.3,0.416667,0.108333,0.525,0.525,0.0,0.275,0.409852,0.603924,0.594532
difficulty,1.5,42,42-134,0.0,0.0,0.0,0.0,0.0,0.0,0.725,0.236972,0.403937,1.236935
difficulty,1.5,42,42-135,0.0,0.141667,0.0,0.141667,0.141667,0.0,0.533333,0.284165,0.517582,0.976464
difficulty,1.5,42,42-136,0.408333,0.433333,0.3,0.733333,0.641667,0.0,0.091667,0.506086,0.55539,0.508152
difficulty,1.5,42,42-137,0.466667,0.483333,0.408333,0.891667,0.7,0.0,0.0,0.573879,0.547447,0.499517
difficulty,1.5,42,42-138,0.416667,0.025,0.7,0.725,0.416667,0.141667,0.0,0.734366,0.438181,1.075603
difficulty,1.5,42,42-139,0.0,0.0,0.283333,0.283333,0.0,0.341667,0.0,0.83552,0.325354,1.690034
difficulty,1.5,42,42-140,0.45,0.475,0.316667,0.791667,0.716667,0.0,0.033333,0.514858,0.547676,0.469787
difficulty,1.5,42,42-141,0.0,0.233333,0.0,0.233333,0.233333,0.0,0.441667,0.31501,0.374288,0.819342
difficulty,1.5,42,42-142,0.0,0.0,0.0,0.0,0.0,0.0,1.0,0.154581,0.262268,1.749047
difficulty,1.5,42,42-143,0.508333,0.516667,0.241667,0.758333,0.741667,0.0,0.041667,0.496742,0.512359,0.438545
difficulty,1.5,42,42-144,0.016667,0.316667,0.0,0.316667,0.316667,0.0,0.358333,0.333994,0.420481,0.729728
difficulty,1.5,42,42-145,0.2,0.425,0.033333,0.458333,0.458333,0.0,0.325,0.378075,0.597422,0.635845
difficulty,1.5,42,42-146,0.125,0.333333,0.0,0.333333,0.333333,0.0,0.4,0.340116,0.630436,0.748291
difficulty,1.5,42,42-147,0.358333,0.491667,0.083333,0.575,0.566667,0.0,0.158333,0.438104,0.526118,0.479697
difficulty,1.5,42,42-148,0.441667,0.425,0.441667,0.866667,0.616667,0.008333,0.0,0.616785,0.514803,0.621789
difficulty,1.5,42,42-149,0.466667,0.441667,0.216667,0.658333,0.633333,0.0,0.075,0.480131,0.518211,0.44952
difficulty,1.5,42,42-150,0.383333,0.491667,0.141667,0.633333,0.633333,0.0,0.158333,0.45143,0.434374,0.457273
difficulty,1.5,42,42-151,0.0,0.158333,0.0,0.158333,0.158333,0.0,0.491667,0.29538,0.466686,0.918831
difficulty,1.5,42,42-152,0.0,0.0,0.0,0.0,0.0,0.0,0.983333,0.205788,0.373712,1.41416
difficulty,1.5,42,42-153,0.166667,0.425,0.016667,0.441667,0.441667,0.0,0.3,0.378379,0.522291,0.606839
difficulty,1.5,42,42-154,0.3,0.491667,0.066667,0.558333,0.558333,0.0,0.191667,0.422459,0.598225,0.481263
difficulty,1.5,42,42-155,0.516667,0.158333,0.625,0.783333,0.516667,0.066667,0.0,0.705799,0.459403,0.926915
difficulty,1.5,42,42-156,0.366667,0.45,0.141667,0.591667,0.566667,0.0,0.141667,0.452716,0.636559,0.488915
difficulty,1.5,42,42-157,0.491667,0.491667,0.391667,0.883333,0.7,0.016667,0.0,0.596405,0.558543,0.560705
difficulty,1.5,42,42-158,0.15,0.408333,0.0,0.408333,0.408333,0.0,0.341667,0.367597,0.562932,0.62485
difficulty,1.5,42,42-159,0.0,0.05,0.0,0.05,0.05,0.0,0.583333,0.26954,0.491213,1.058616
difficulty,1.5,42,42-160,0.0,0.2,0.0,0.2,0.2,0.0,0.458333,0.302334,0.475857,0.88711
difficulty,1.5,42,42-161,0.075,0.308333,0.0,0.308333,0.308333,0.0,0.408333,0.333916,0.557096,0.763447
difficulty,1.5,42,42-162,0.375,0.0,0.716667,0.716667,0.375,0.15,0.0,0.74574,0.437689,1.131389
difficulty,1.5,42,42-163,0.041667,0.3,0.0,0.3,0.3,0.0,0.475,0.322787,0.551176,0.80389
difficulty,1.5,42,42-164,0.541667,0.516667,0.383333,0.9,0.783333,0.0,0.0,0.567048,0.578428,0.474805
difficulty,1.5,42,42-165,0.0,0.275,0.0,0.275,0.275,0.0,0.425,0.319617,0.433122,0.799108
difficulty,1.5,42,42-166,0.5,0.466667,0.483333,0.95,0.683333,0.0,0.0,0.603005,0.471816,0.547112
difficulty,1.5,42,42-167,0.483333,0.491667,0.258333,0.75,0.691667,0.0,0.025,0.508448,0.545344,0.445038
difficulty,1.5,42,42-168,0.391667,0.541667,0.066667,0.608333,0.608333,0.0,0.141667,0.439226,0.471137,0.449226
difficulty,1.5,42,42-169,0.4,0.458333,0.158333,0.616667,0.616667,0.0,0.175,0.445456,0.55618,0.505423
difficulty,1.5,42,42-170,0.091667,0.383333,0.0,0.383333,0.383333,0.0,0.35,0.348793,0.528255,0.700788
difficulty,1.5,42,42-171,0.383333,0.466667,0.208333,0.675,0.625,0.0,0.058333,0.486045,0.704303,0.450281
difficulty,1.5,42,42-172,0.133333,0.458333,0.008333,0.466667,0.466667,0.0,0.325,0.374642,0.532866,0.581708
difficulty,1.5,42,42-173,0.0,0.05,0.0,0.05,0.05,0.0,0.541667,0.271086,0.440623,1.054135
difficulty,1.5,42,42-174,0.0,0.0,0.0,0.0,0.0,0.0,0.658333,0.253015,0.456773,1.138715
difficulty,1.5,42,42-175,0.425,0.441667,0.208333,0.65,0.608333,0.0,0.083333,0.480226,0.537704,0.469802
difficulty,1.5,42,42-176,0.591667,0.3,0.566667,0.866667,0.6,0.016667,0.0,0.671579,0.506878,0.754841
difficulty,1.5,42,42-177,0.458333,0.491667,0.183333,0.675,0.675,0.0,0.1,0.475378,0.522276,0.43033
difficulty,1.5,42,42-178,0.341667,0.491667,0.091667,0.583333,0.583333,0.0,0.191667,0.428432,0.568127,0.505854
difficulty,1.5,42,42-179,0.433333,0.441667,0.258333,0.7,0.641667,0.0,0.1,0.48981,0.607281,0.512724
difficulty,1.5,42,42-180,0.541667,0.383333,0.516667,0.9,0.641667,0.025,0.0,0.64115,0.524269,0.657069
difficulty,1.5,42,42-181,0.483333,0.45,0.25,0.7,0.675,0.0,0.066667,0.490347,0.513898,0.448394
difficulty,1.5,42,42-182,0.158333,0.383333,0.016667,0.4,0.4,0.0,0.333333,0.369632,0.616812,0.64478
difficulty,1.5,42,42-183,0.55,0.466667,0.5,0.966667,0.75,0.0,0.0,0.599392,0.577773,0.514613
difficulty,1.5,42,42-184,0.416667,0.416667,0.341667,0.758333,0.675,0.0,0.066667,0.515985,0.55314,0.469904
difficulty,1.5,42,42-185,0.6,0.333333,0.533333,0.866667,0.633333,0.016667,0.0,0.662994,0.533617,0.723135
difficulty,1.5,42,42-186,0.458333,0.525,0.208333,0.733333,0.716667,0.0,0.05,0.484299,0.509003,0.440344
difficulty,1.5,42,42-187,0.0,0.05,0.0,0.05,0.05,0.0,0.616667,0.265477,0.460086,1.072837
difficulty,1.5,42,42-188,0.0,0.0,0.0,0.0,0.0,0.0,0.691667,0.244197,0.420741,1.187161
difficulty,1.5,42,42-189,0.6,0.283333,0.566667,0.85,0.608333,0.066667,0.0,0.677474,0.53267,0.793568
difficulty,1.5,42,42-190,0.533333,0.233333,0.566667,0.8,0.533333,0.058333,0.0,0.691017,0.51011,0.856815
difficulty,1.5,42,42-191,0.358333,0.558333,0.091667,0.65,0.65,0.0,0.116667,0.452847,0.386009,0.420208
difficulty,1.5,42,42-192,0.208333,0.383333,0.033333,0.416667,0.416667,0.0,0.325,0.374549,0.640812,0.643733
difficulty,1.5,42,42-193,0.583333,0.416667,0.458333,0.875,0.675,0.025,0.0,0.640685,0.612793,0.64281
difficulty,1.5,42,42-194,0.0,0.116667,0.0,0.116667,0.116667,0.0,0.508333,0.289764,0.43104,0.947915
difficulty,1.5,42,42-195,0.0,0.316667,0.0,0.316667,0.316667,0.0,0.35,0.332358,0.388516,0.738669
difficulty,1.5,42,42-196,0.508333,0.441667,0.433333,0.875,0.733333,0.0,0.0,0.56176,0.480034,0.494503
difficulty,1.5,42,42-197,0.25,0.416667,0.058333,0.475,0.475,0.0,0.291667,0.392156,0.546019,0.593911
difficulty,1.5,42,42-198,0.35,0.483333,0.108333,0.591667,0.591667,0.0,0.183333,0.440268,0.580458,0.490909
difficulty,1.5,42,42-199,0.35,0.5,0.1,0.6,0.6,0.0,0.208333,0.430561,0.523846,0.500118
difficulty,1.5,137,137-0,0.025,0.3,0.0,0.3,0.3,0.0,0.458333,0.317342,0.555639,0.825105
difficulty,1.5,137,137-1,0.075,0.325,0.0,0.325,0.325,0.0,0.416667,0.332182,0.569462,0.77783
difficulty,1.5,137,137-2,0.075,0.358333,0.0,0.358333,0.358333,0.0,0.366667,0.350348,0.50064,0.667947
difficulty,1.5,137,137-3,0.366667,0.475,0.158333,0.633333,0.608333,0.0,0.15,0.46011,0.516103,0.48493
difficulty,1.5,137,137-4,0.141667,0.408333,0.008333,0.416667,0.416667,0.0,0.316667,0.372624,0.479283,0.607521
difficulty,1.5,137,137-5,0.0,0.241667,0.0,0.241667,0.241667,0.0,0.408333,0.317551,0.369998,0.809254
difficulty,1.5,137,137-6,0.5,0.458333,0.258333,0.716667,0.691667,0.0,0.05,0.496627,0.488148,0.452216
difficulty,1.5,137,137-7,0.075,0.325,0.0,0.325,0.325,0.0,0.375,0.342172,0.548615,0.734829
difficulty,1.5,137,137-8,0.0,0.0,0.0,0.0,0.0,0.0,1.0,0.166129,0.393895,1.688367
difficulty,1.5,137,137-9,0.483333,0.066667,0.708333,0.775,0.483333,0.125,0.0,0.71851,0.486739,0.989332
difficulty,1.5,137,137-10,0.516667,0.216667,0.591667,0.808333,0.516667,0.058333,0.0,0.696124,0.43798,0.880108
difficulty,1.5,137,137-11,0.0,0.116667,0.0,0.116667,0.116667,0.0,0.6,0.269172,0.628542,1.063674
difficulty,1.5,137,137-12,0.158333,0.35,0.05,0.4,0.4,0.0,0.375,0.371185,0.662389,0.655327
difficulty,1.5,137,137-13,0.375,0.441667,0.133333,0.575,0.558333,0.0,0.191667,0.445724,0.561654,0.515992
difficulty,1.5,137,137-14,0.508333,0.475,0.416667,0.891667,0.741667,0.008333,0.0,0.594067,0.551841,0.547646
difficulty,1.5,137,137-15,0.0,0.0,0.0,0.0,0.0,0.0,1.0,0.101116,0.374475,2.264618
difficulty,1.5,137,137-16,0.033333,0.225,0.0,0.225,0.225,0.0,0.458333,0.313781,0.525667,0.832779
difficulty,1.5,137,137-17,0.4,0.45,0.15,0.6,0.566667,0.0,0.083333,0.462913,0.592716,0.467613
difficulty,1.5,137,137-18,0.0,0.0,0.0,0.0,0.0,0.0,1.0,0.190577,0.311844,1.498333
difficulty,1.5,137,137-19,0.083333,0.308333,0.0,0.308333,0.308333,0.0,0.408333,0.33775,0.591616,0.739081
difficulty,1.5,137,137-20,0.216667,0.508333,0.008333,0.516667,0.516667,0.0,0.233333,0.392612,0.562426,0.53327
difficulty,1.5,137,137-21,0.166667,0.441667,0.008333,0.45,0.45,0.0,0.283333,0.379204,0.519143,0.577805
difficulty,1.5,137,137-22,0.0,0.158333,0.0,0.158333,0.158333,0.0,0.508333,0.295577,0.436735,0.916627
difficulty,1.5,137,137-23,0.475,0.483333,0.458333,0.941667,0.691667,0.0,0.0,0.595408,0.578087,0.533043
difficulty,1.5,137,137-24,0.141667,0.425,0.0,0.425,0.425,0.0,0.308333,0.360843,0.507664,0.636508
difficulty,1.5,137,137-25,0.475,0.425,0.45,0.875,0.666667,0.0,0.0,0.594578,0.444871,0.567625
difficulty,1.5,137,137-26,0.2,0.433333,0.058333,0.491667,0.491667,0.0,0.341667,0.387029,0.587535,0.608759
difficulty,1.5,137,137-27,0.441667,0.45,0.233333,0.683333,0.666667,0.0,0.1,0.479621,0.552459,0.482805
difficulty,1.5,137,137-28,0.241667,0.5,0.008333,0.508333,0.508333,0.0,0.25,0.395487,0.450084,0.534873
difficulty,1.5,137,137-29,0.508333,0.4,0.508333,0.908333,0.683333,0.008333,0.0,0.624244,0.452731,0.630854
difficulty,1.5,137,137-30,0.4,0.475,0.25,0.725,0.683333,0.0,0.075,0.490938,0.594908,0.472637
difficulty,1.5,137,137-31,0.0,0.183333,0.0,0.183333,0.183333,0.0,0.491667,0.300763,0.484319,0.890079
difficulty,1.5,137,137-32,0.491667,0.55,0.325,0.875,0.775,0.0,0.0,0.537145,0.62407,0.425698
difficulty,1.5,137,137-33,0.0,0.0,0.483333,0.483333,0.0,0.283333,0.0,0.814833,0.336112,1.546737
difficulty,1.5,137,137-34,0.0,0.0,0.0,0.0,0.0,0.0,1.0,0.190246,0.416974,1.507742
difficulty,1.5,137,137-35,0.325,0.491667,0.066667,0.558333,0.558333,0.0,0.183333,0.423612,0.604817,0.496231
difficulty,1.5,137,137-36,0.358333,0.475,0.116667,0.591667,0.591667,0.0,0.141667,0.439834,0.633715,0.486957
difficulty,1.5,137,137-37,0.341667,0.475,0.1,0.575,0.575,0.0,0.183333,0.431202,0.511968,0.496744
difficulty,1.5,137,137-38,0.491667,0.533333,0.375,0.908333,0.758333,0.0,0.0,0.56062,0.655375,0.446792
difficulty,1.5,137,137-39,0.3,0.475,0.083333,0.558333,0.558333,0.0,0.225,0.422874,0.539854,0.519799
difficulty,1.5,137,137-40,0.45,0.475,0.466667,0.941667,0.691667,0.0,0.0,0.584455,0.493745,0.521314
difficulty,1.5,137,137-41,0.533333,0.475,0.366667,0.841667,0.716667,0.0,0.0,0.547404,0.56596,0.49235
difficulty,1.5,137,137-42,0.0,0.141667,0.0,0.141667,0.141667,0.0,0.508333,0.289503,0.532931,0.94958
difficulty,1.5,137,137-43,0.0,0.083333,0.0,0.083333,0.083333,0.0,0.533333,0.282395,0.454447,0.980951
difficulty,1.5,137,137-44,0.441667,0.141667,0.608333,0.75,0.441667,0.1,0.0,0.71574,0.438025,0.981538
difficulty,1.5,137,137-45,0.258333,0.458333,0.066667,0.525,0.525,0.0,0.208333,0.408206,0.599655,0.536142
difficulty,1.5,137,137-46,0.433333,0.458333,0.175,0.633333,0.616667,0.0,0.108333,0.465651,0.552944,0.455493
difficulty,1.5,137,137-47,0.6,0.325,0.566667,0.891667,0.616667,0.025,0.0,0.665487,0.528885,0.728911
difficulty,1.5,137,137-48,0.475,0.475,0.4,0.875,0.758333,0.0,0.0,0.548982,0.529987,0.439432
difficulty,1.5,137,137-49,0.125,0.375,0.0,0.375,0.375,0.0,0.375,0.348793,0.551395,0.691599
difficulty,1.5,137,137-50,0.233333,0.491667,0.033333,0.525,0.525,0.0,0.225,0.405374,0.500363,0.513391
difficulty,1.5,137,137-51,0.5,0.483333,0.433333,0.916667,0.708333,0.016667,0.0,0.59525,0.623951,0.542804
difficulty,1.5,137,137-52,0.566667,0.408333,0.533333,0.941667,0.675,0.008333,0.0,0.637986,0.56524,0.627092
difficulty,1.5,137,137-53,0.275,0.475,0.041667,0.516667,0.516667,0.0,0.25,0.4065,0.532067,0.542397
difficulty,1.5,137,137-54,0.55,0.416667,0.508333,0.925,0.65,0.008333,0.0,0.639364,0.529309,0.627912
difficulty,1.5,137,137-55,0.225,0.45,0.033333,0.483333,0.483333,0.0,0.325,0.381773,0.584811,0.612607
difficulty,1.5,137,137-56,0.375,0.466667,0.175,0.641667,0.608333,0.0,0.108333,0.462006,0.628746,0.466685
difficulty,1.5,137,137-57,0.0,0.0,0.0,0.0,0.0,0.0,0.491667,0.285054,0.303741,0.97105
difficulty,1.5,137,137-58,0.283333,0.516667,0.033333,0.55,0.55,0.0,0.225,0.415063,0.53085,0.485521
difficulty,1.5,137,137-59,0.5,0.533333,0.266667,0.8,0.775,0.0,0.0,0.512516,0.581357,0.4142
difficulty,1.5,137,137-60,0.458333,0.458333,0.3,0.758333,0.683333,0.0,0.058333,0.508906,0.546833,0.473807
difficulty,1.5,137,137-61,0.491667,0.458333,0.416667,0.875,0.716667,0.0,0.0,0.56596,0.51871,0.488813
difficulty,1.5,137,137-62,0.058333,0.308333,0.0,0.308333,0.308333,0.0,0.425,0.330122,0.583841,0.767186
difficulty,1.5,137,137-63,0.3,0.491667,0.075,0.566667,0.566667,0.0,0.191667,0.425156,0.516329,0.483128
difficulty,1.5,137,137-64,0.341667,0.45,0.141667,0.591667,0.583333,0.0,0.2,0.439329,0.530578,0.518481
difficulty,1.5,137,137-65,0.508333,0.216667,0.558333,0.775,0.508333,0.1,0.0,0.701101,0.46877,0.919698
difficulty,1.5,137,137-66,0.0,0.058333,0.0,0.058333,0.058333,0.0,0.691667,0.251222,0.56793,1.152953
difficulty,1.5,137,137-67,0.3,0.458333,0.066667,0.525,0.525,0.0,0.241667,0.413372,0.526295,0.552204
difficulty,1.5,137,137-68,0.35,0.491667,0.108333,0.6,0.6,0.0,0.158333,0.435742,0.521688,0.478207
difficulty,1.5,137,137-69,0.0,0.0,0.058333,0.058333,0.0,0.391667,0.0,0.85091,0.303732,1.791853
difficulty,1.5,137,137-70,0.4,0.466667,0.3,0.766667,0.633333,0.0,0.025,0.528832,0.634744,0.49948
difficulty,1.5,137,137-71,0.366667,0.516667,0.075,0.591667,0.591667,0.0,0.133333,0.443098,0.51991,0.444301
difficulty,1.5,137,137-72,0.366667,0.458333,0.166667,0.625,0.6,0.0,0.133333,0.458434,0.549938,0.491773
difficulty,1.5,137,137-73,0.0,0.0,0.0,0.0,0.0,0.0,0.891667,0.210234,0.474422,1.394374
difficulty,1.5,137,137-74,0.375,0.441667,0.216667,0.658333,0.6,0.0,0.108333,0.478921,0.510084,0.484051
difficulty,1.5,137,137-75,0.541667,0.508333,0.425,0.933333,0.7,0.016667,0.0,0.619222,0.60007,0.551549
difficulty,1.5,137,137-76,0.316667,0.55,0.05,0.6,0.6,0.0,0.175,0.428884,0.478476,0.458505
difficulty,1.5,137,137-77,0.175,0.458333,0.0,0.458333,0.458333,0.0,0.283333,0.38082,0.49435,0.573709
difficulty,1.5,137,137-78,0.258333,0.458333,0.05,0.508333,0.508333,0.0,0.258333,0.404826,0.509391,0.539749
difficulty,1.5,137,137-79,0.458333,0.433333,0.4,0.833333,0.658333,0.0,0.008333,0.577208,0.555658,0.5594
difficulty,1.5,137,137-80,0.425,0.466667,0.333333,0.8,0.708333,0.0,0.0,0.524025,0.616284,0.457382
difficulty,1.5,137,137-81,0.5,0.458333,0.475,0.933333,0.683333,0.008333,0.0,0.611101,0.54604,0.557664
difficulty,1.5,137,137-82,0.475,0.475,0.225,0.7,0.683333,0.0,0.075,0.485993,0.516469,0.452875
difficulty,1.5,137,137-83,0.433333,0.5,0.333333,0.833333,0.725,0.0,0.0,0.537162,0.645945,0.451193
difficulty,1.5,137,137-84,0.025,0.3,0.0,0.3,0.3,0.0,0.425,0.322087,0.461702,0.796026
difficulty,1.5,137,137-85,0.383333,0.408333,0.2,0.608333,0.583333,0.0,0.183333,0.454691,0.662999,0.527442
difficulty,1.5,137,137-86,0.0,0.125,0.0,0.125,0.125,0.0,0.558333,0.278983,0.508106,1.011087
difficulty,1.5,137,137-87,0.066667,0.341667,0.0,0.341667,0.341667,0.0,0.358333,0.342611,0.536074,0.702143
difficulty,1.5,137,137-88,0.025,0.2,0.0,0.2,0.2,0.0,0.525,0.29822,0.615904,0.916033
difficulty,1.5,137,137-89,0.358333,0.483333,0.108333,0.591667,0.591667,0.0,0.191667,0.433089,0.5415,0.499107
difficulty,1.5,137,137-90,0.491667,0.458333,0.483333,0.941667,0.691667,0.0,0.0,0.611197,0.524988,0.568654
difficulty,1.5,137,137-91,0.466667,0.541667,0.225,0.766667,0.75,0.0,0.008333,0.501658,0.564138,0.407871
difficulty,1.5,137,137-92,0.0,0.125,0.0,0.125,0.125,0.0,0.583333,0.274496,0.524751,1.033657
difficulty,1.5,137,137-93,0.375,0.416667,0.366667,0.783333,0.608333,0.0,0.05,0.533356,0.622437,0.52229
difficulty,1.5,137,137-94,0.358333,0.0,0.7,0.7,0.358333,0.141667,0.0,0.750366,0.451078,1.159014
difficulty,1.5,137,137-95,0.533333,0.408333,0.45,0.858333,0.616667,0.033333,0.0,0.648752,0.505089,0.674193
difficulty,1.5,137,137-96,0.525,0.491667,0.366667,0.858333,0.75,0.0,0.0,0.541748,0.60745,0.441132
difficulty,1.5,137,137-97,0.525,0.433333,0.516667,0.95,0.7,0.0,0.0,0.623981,0.530955,0.582256
difficulty,1.5,137,137-98,0.508333,0.4,0.508333,0.908333,0.683333,0.008333,0.0,0.636635,0.514307,0.652215
difficulty,1.5,137,137-99,0.475,0.533333,0.283333,0.816667,0.741667,0.0,0.05,0.516639,0.497561,0.461471
difficulty,1.5,137,137-100,0.191667,0.375,0.058333,0.433333,0.433333,0.0,0.325,0.385675,0.614771,0.610431
difficulty,1.5,137,137-101,0.358333,0.0,0.7,0.7,0.358333,0.15,0.0,0.745704,0.426006,1.133105
difficulty,1.5,137,137-102,0.458333,0.525,0.208333,0.733333,0.708333,0.0,0.033333,0.493032,0.579931,0.419585
difficulty,1.5,137,137-103,0.591667,0.416667,0.525,0.941667,0.7,0.0,0.0,0.63381,0.527627,0.613494
difficulty,1.5,137,137-104,0.35,0.416667,0.141667,0.558333,0.541667,0.0,0.183333,0.441076,0.623902,0.528013
difficulty,1.5,137,137-105,0.341667,0.0,0.625,0.625,0.341667,0.191667,0.0,0.757915,0.421267,1.217388
difficulty,1.5,137,137-106,0.0,0.0,0.0,0.0,0.0,0.0,1.0,0.079264,0.110154,2.484388
difficulty,1.5,137,137-107,0.25,0.441667,0.05,0.491667,0.491667,0.0,0.283333,0.400884,0.588135,0.552261
difficulty,1.5,137,137-108,0.0,0.0,0.0,0.0,0.0,0.0,1.0,0.081042,0.127858,2.462604
difficulty,1.5,137,137-109,0.516667,0.258333,0.516667,0.775,0.516667,0.108333,0.0,0.6979,0.47319,0.901579
difficulty,1.5,137,137-110,0.116667,0.35,0.0,0.35,0.35,0.0,0.341667,0.353504,0.538477,0.677994
difficulty,1.5,137,137-111,0.483333,0.425,0.475,0.9,0.666667,0.025,0.0,0.632384,0.556977,0.643316
difficulty,1.5,137,137-112,0.208333,0.366667,0.075,0.441667,0.441667,0.0,0.316667,0.384629,0.543492,0.639412
difficulty,1.5,137,137-113,0.116667,0.4,0.0,0.4,0.4,0.0,0.358333,0.351996,0.536986,0.684431
difficulty,1.5,137,137-114,0.225,0.433333,0.016667,0.45,0.45,0.0,0.283333,0.387962,0.566165,0.586235
difficulty,1.5,137,137-115,0.266667,0.5,0.033333,0.533333,0.533333,0.0,0.216667,0.409833,0.536961,0.515418
difficulty,1.5,137,137-116,0.5,0.4,0.508333,0.908333,0.65,0.016667,0.0,0.639995,0.50067,0.660069
difficulty,1.5,137,137-117,0.133333,0.35,0.0,0.35,0.35,0.0,0.375,0.349546,0.517382,0.693834
difficulty,1.5,137,137-118,0.0,0.0,0.0,0.0,0.0,0.0,1.0,0.18796,0.312838,1.517373
difficulty,1.5,137,137-119,0.225,0.483333,0.025,0.508333,0.508333,0.0,0.258333,0.396729,0.578498,0.554466
difficulty,1.5,137,137-120,0.508333,0.091667,0.708333,0.8,0.508333,0.066667,0.0,0.710985,0.520922,0.948459
difficulty,1.5,137,137-121,0.183333,0.0,0.575,0.575,0.183333,0.258333,0.0,0.780501,0.346051,1.33804
difficulty,1.5,137,137-122,0.433333,0.466667,0.241667,0.708333,0.675,0.0,0.108333,0.485645,0.492015,0.478836
difficulty,1.5,137,137-123,0.0,0.025,0.0,0.025,0.025,0.0,0.533333,0.267044,0.39792,1.066554
difficulty,1.5,137,137-124,0.0,0.0,0.0,0.0,0.0,0.0,0.75,0.230294,0.352121,1.27244
difficulty,1.5,137,137-125,0.458333,0.458333,0.233333,0.691667,0.666667,0.0,0.1,0.477931,0.507088,0.465565
difficulty,1.5,137,137-126,0.4,0.45,0.191667,0.641667,0.6,0.0,0.116667,0.468246,0.631862,0.482914
difficulty,1.5,137,137-127,0.016667,0.225,0.0,0.225,0.225,0.0,0.45,0.313529,0.485335,0.831795
difficulty,1.5,137,137-128,0.308333,0.483333,0.066667,0.55,0.55,0.0,0.216667,0.411931,0.602262,0.532594
difficulty,1.5,137,137-129,0.491667,0.483333,0.433333,0.916667,0.7,0.0,0.0,0.594657,0.553521,0.519435
difficulty,1.5,137,137-130,0.391667,0.508333,0.133333,0.641667,0.641667,0.0,0.141667,0.453296,0.439866,0.470399
difficulty,1.5,137,137-131,0.275,0.483333,0.058333,0.541667,0.541667,0.0,0.241667,0.411332,0.514023,0.540807
difficulty,1.5,137,137-132,0.475,0.433333,0.416667,0.85,0.733333,0.0,0.0,0.548267,0.506294,0.462523
difficulty,1.5,137,137-133,0.0,0.091667,0.0,0.091667,0.091667,0.0,0.566667,0.27492,0.467623,1.027327
difficulty,1.5,137,137-134,0.416667,0.441667,0.216667,0.658333,0.608333,0.0,0.108333,0.478419,0.550051,0.487778
difficulty,1.5,137,137-135,0.45,0.5,0.208333,0.708333,0.691667,0.0,0.033333,0.482531,0.61106,0.429733
difficulty,1.5,137,137-136,0.358333,0.491667,0.125,0.616667,0.616667,0.0,0.125,0.447878,0.565858,0.461633
difficulty,1.5,137,137-137,0.333333,0.583333,0.041667,0.625,0.625,0.0,0.2,0.432741,0.41617,0.479668
difficulty,1.5,137,137-138,0.35,0.466667,0.125,0.591667,0.591667,0.0,0.175,0.441664,0.564675,0.489159
difficulty,1.5,137,137-139,0.5,0.475,0.458333,0.933333,0.708333,0.008333,0.0,0.617345,0.504394,0.584797
difficulty,1.5,137,137-140,0.0,0.0,0.0,0.0,0.0,0.0,1.0,0.12628,0.258104,1.991818
difficulty,1.5,137,137-141,0.45,0.491667,0.425,0.916667,0.666667,0.0,0.0,0.596691,0.524936,0.541353
difficulty,1.5,137,137-142,0.358333,0.416667,0.166667,0.583333,0.55,0.0,0.183333,0.444046,0.569801,0.53769
difficulty,1.5,137,137-143,0.191667,0.45,0.0,0.45,0.45,0.0,0.283333,0.371637,0.488394,0.61
difficulty,1.5,137,137-144,0.383333,0.433333,0.15,0.583333,0.558333,0.0,0.125,0.455792,0.65649,0.471041
difficulty,1.5,137,137-145,0.483333,0.441667,0.416667,0.858333,0.708333,0.0,0.008333,0.554476,0.505632,0.486964
difficulty,1.5,137,137-146,0.533333,0.516667,0.4,0.916667,0.758333,0.016667,0.0,0.583198,0.565324,0.506666
difficulty,1.5,137,137-147,0.266667,0.508333,0.016667,0.525,0.525,0.0,0.258333,0.401601,0.459451,0.513678
difficulty,1.5,137,137-148,0.116667,0.308333,0.0,0.308333,0.308333,0.0,0.408333,0.337435,0.486577,0.747881
difficulty,1.5,137,137-149,0.383333,0.425,0.158333,0.583333,0.575,0.0,0.158333,0.452162,0.598705,0.486653
difficulty,1.5,137,137-150,0.0,0.166667,0.0,0.166667,0.166667,0.0,0.458333,0.303844,0.433888,0.877569
difficulty,1.5,137,137-151,0.5,0.2,0.566667,0.766667,0.5,0.075,0.0,0.702482,0.446998,0.911767
difficulty,1.5,137,137-152,0.0,0.0,0.0,0.0,0.0,1.0,0.0,0.900982,0.213357,2.250042
difficulty,1.5,137,137-153,0.025,0.208333,0.0,0.208333,0.208333,0.0,0.45,0.312821,0.499074,0.835899
difficulty,1.5,137,137-154,0.483333,0.2,0.575,0.775,0.483333,0.1,0.0,0.707085,0.432764,0.941116
difficulty,1.5,137,137-155,0.475,0.466667,0.408333,0.875,0.725,0.0,0.0,0.557633,0.539251,0.47273
difficulty,1.5,137,137-156,0.333333,0.475,0.125,0.6,0.6,0.0,0.15,0.439673,0.573194,0.492201
difficulty,1.5,137,137-157,0.541667,0.5,0.433333,0.933333,0.783333,0.0,0.0,0.593303,0.532033,0.517068
difficulty,1.5,137,137-158,0.5,0.483333,0.475,0.958333,0.691667,0.0,0.0,0.606092,0.483979,0.548279
difficulty,1.5,137,137-159,0.433333,0.441667,0.291667,0.733333,0.65,0.0,0.033333,0.507654,0.56066,0.482933
difficulty,1.5,137,137-160,0.108333,0.291667,0.016667,0.308333,0.308333,0.0,0.433333,0.334696,0.676599,0.772633
difficulty,1.5,137,137-161,0.425,0.433333,0.175,0.608333,0.591667,0.0,0.116667,0.46755,0.581593,0.467381
difficulty,1.5,137,137-162,0.0,0.183333,0.0,0.183333,0.183333,0.0,0.466667,0.297987,0.389658,0.911325
difficulty,1.5,137,137-163,0.408333,0.458333,0.35,0.808333,0.675,0.0,0.0,0.542392,0.595092,0.47916
difficulty,1.5,137,137-164,0.325,0.533333,0.058333,0.591667,0.591667,0.0,0.183333,0.424905,0.46242,0.481485
difficulty,1.5,137,137-165,0.516667,0.491667,0.458333,0.95,0.7,0.0,0.0,0.610051,0.515391,0.558986
difficulty,1.5,137,137-166,0.441667,0.483333,0.191667,0.675,0.675,0.0,0.133333,0.469498,0.544844,0.453553
difficulty,1.5,137,137-167,0.425,0.491667,0.158333,0.65,0.65,0.0,0.15,0.457049,0.435791,0.445309
difficulty,1.5,137,137-168,0.058333,0.266667,0.0,0.266667,0.266667,0.0,0.458333,0.315422,0.564383,0.837117
difficulty,1.5,137,137-169,0.408333,0.441667,0.333333,0.775,0.666667,0.0,0.016667,0.524682,0.60306,0.47153
difficulty,1.5,137,137-170,0.416667,0.516667,0.2,0.716667,0.675,0.0,0.083333,0.486231,0.567148,0.459189
difficulty,1.5,137,137-171,0.216667,0.525,0.033333,0.558333,0.558333,0.0,0.233333,0.405873,0.51708,0.499109
difficulty,1.5,137,137-172,0.408333,0.433333,0.15,0.583333,0.583333,0.0,0.166667,0.447675,0.568917,0.485322
difficulty,1.5,137,137-173,0.541667,0.491667,0.483333,0.975,0.783333,0.0,0.0,0.597597,0.509062,0.513673
difficulty,1.5,137,137-174,0.291667,0.491667,0.058333,0.55,0.55,0.0,0.258333,0.410836,0.601482,0.546548
difficulty,1.5,137,137-175,0.0,0.208333,0.0,0.208333,0.208333,0.0,0.45,0.308494,0.434794,0.847075
difficulty,1.5,137,137-176,0.466667,0.458333,0.416667,0.875,0.75,0.0,0.008333,0.554402,0.528677,0.469543
difficulty,1.5,137,137-177,0.491667,0.475,0.241667,0.716667,0.708333,0.0,0.091667,0.488633,0.512663,0.440402
difficulty,1.5,137,137-178,0.0,0.05,0.0,0.05,0.05,0.0,0.65,0.2491,0.499319,1.180484
difficulty,1.5,137,137-179,0.0,0.0,0.333333,0.333333,0.0,0.366667,0.0,0.833002,0.315138,1.667808
difficulty,1.5,137,137-180,0.15,0.391667,0.0,0.391667,0.391667,0.0,0.358333,0.357085,0.594018,0.676885
difficulty,1.5,137,137-181,0.358333,0.5,0.108333,0.608333,0.608333,0.0,0.166667,0.437952,0.532622,0.473222
difficulty,1.5,137,137-182,0.0,0.0,0.0,0.0,0.0,0.0,0.716667,0.234887,0.367755,1.241569
difficulty,1.5,137,137-183,0.316667,0.491667,0.058333,0.55,0.55,0.0,0.2,0.416745,0.594488,0.521801
difficulty,1.5,137,137-184,0.091667,0.408333,0.0,0.408333,0.408333,0.0,0.333333,0.35528,0.4618,0.652694
difficulty,1.5,137,137-185,0.133333,0.416667,0.0,0.416667,0.416667,0.0,0.308333,0.373914,0.461627,0.582761
difficulty,1.5,137,137-186,0.0,0.058333,0.0,0.058333,0.058333,0.0,0.475,0.282716,0.403005,0.98647
difficulty,1.5,137,137-187,0.233333,0.425,0.05,0.475,0.475,0.0,0.283333,0.383267,0.589912,0.62116
difficulty,1.5,137,137-188,0.158333,0.4,0.016667,0.416667,0.416667,0.0,0.325,0.366089,0.539931,0.655288
difficulty,1.5,137,137-189,0.1,0.408333,0.0,0.408333,0.408333,0.0,0.358333,0.350529,0.510343,0.684505
difficulty,1.5,137,137-190,0.075,0.425,0.0,0.425,0.425,0.0,0.325,0.364197,0.428121,0.598365
difficulty,1.5,137,137-191,0.0,0.0,0.0,0.0,0.0,0.0,0.6,0.258448,0.445244,1.116791
difficulty,1.5,137,137-192,0.0,0.0,0.0,0.0,0.0,0.0,1.0,0.173159,0.339701,1.620947
difficulty,1.5,137,137-193,0.108333,0.375,0.0,0.375,0.375,0.0,0.375,0.354163,0.531142,0.670138
difficulty,1.5,137,137-194,0.458333,0.133333,0.616667,0.75,0.458333,0.125,0.0,0.71951,0.444634,1.005547
difficulty,1.5,137,137-195,0.508333,0.483333,0.358333,0.841667,0.75,0.0,0.0,0.538347,0.501422,0.445356
difficulty,1.5,137,137-196,0.175,0.466667,0.008333,0.475,0.475,0.0,0.291667,0.380007,0.522779,0.598765
difficulty,1.5,137,137-197,0.0,0.058333,0.0,0.058333,0.058333,0.0,0.625,0.263855,0.458453,1.083527
difficulty,1.5,137,137-198,0.35,0.466667,0.116667,0.583333,0.583333,0.0,0.175,0.43771,0.494512,0.489618
difficulty,1.5,137,137-199,0.441667,0.475,0.166667,0.641667,0.641667,0.0,0.108333,0.462906,0.508306,0.457956
difficulty,1.5,369,369-0,0.408333,0.466667,0.208333,0.675,0.65,0.0,0.066667,0.472394,0.606094,0.447738
difficulty,1.5,369,369-1,0.316667,0.441667,0.1,0.541667,0.525,0.0,0.183333,0.434687,0.637788,0.493825
difficulty,1.5,369,369-2,0.475,0.458333,0.425,0.883333,0.666667,0.016667,0.0,0.621051,0.586091,0.624378
difficulty,1.5,369,369-3,0.075,0.35,0.0,0.35,0.35,0.0,0.333333,0.352471,0.466112,0.666283
difficulty,1.5,369,369-4,0.408333,0.466667,0.183333,0.65,0.608333,0.0,0.066667,0.474893,0.590295,0.467054
difficulty,1.5,369,369-5,0.45,0.491667,0.225,0.716667,0.683333,0.0,0.091667,0.487798,0.576495,0.473263
difficulty,1.5,369,369-6,0.108333,0.333333,0.0,0.333333,0.333333,0.0,0.35,0.349,0.478485,0.697303
difficulty,1.5,369,369-7,0.433333,0.458333,0.191667,0.65,0.625,0.0,0.075,0.473384,0.594807,0.443418
difficulty,1.5,369,369-8,0.425,0.441667,0.2,0.641667,0.608333,0.0,0.141667,0.469797,0.519178,0.496375
difficulty,1.5,369,369-9,0.475,0.1,0.633333,0.733333,0.475,0.091667,0.0,0.720127,0.477135,1.005448
difficulty,1.5,369,369-10,0.458333,0.458333,0.425,0.883333,0.675,0.0,0.0,0.5797,0.532758,0.531854
difficulty,1.5,369,369-11,0.0,0.0,0.0,0.0,0.0,0.0,1.0,0.067308,0.129416,2.661122
difficulty,1.5,369,369-12,0.183333,0.458333,0.0,0.458333,0.458333,0.0,0.316667,0.37197,0.556818,0.609345
difficulty,1.5,369,369-13,0.408333,0.425,0.158333,0.583333,0.558333,0.0,0.15,0.454021,0.635111,0.491432
difficulty,1.5,369,369-14,0.0,0.0,0.0,0.0,0.0,0.0,1.0,0.084525,0.292336,2.4597
difficulty,1.5,369,369-15,0.0,0.0,0.0,0.0,0.0,0.0,1.0,0.11176,0.159236,2.115607
difficulty,1.5,369,369-16,0.45,0.525,0.15,0.675,0.666667,0.0,0.066667,0.478436,0.539958,0.433416
difficulty,1.5,369,369-17,0.0,0.0,0.0,0.0,0.0,0.0,0.975,0.200931,0.401312,1.438479
difficulty,1.5,369,369-18,0.625,0.466667,0.45,0.916667,0.7,0.025,0.0,0.63672,0.597999,0.608266
difficulty,1.5,369,369-19,0.141667,0.383333,0.0,0.383333,0.383333,0.0,0.325,0.359917,0.473375,0.658231
difficulty,1.5,369,369-20,0.316667,0.483333,0.075,0.558333,0.558333,0.0,0.158333,0.422771,0.545024,0.489219
difficulty,1.5,369,369-21,0.475,0.475,0.441667,0.916667,0.675,0.008333,0.0,0.606324,0.542895,0.561525
difficulty,1.5,369,369-22,0.166667,0.525,0.008333,0.533333,0.533333,0.0,0.258333,0.391951,0.525925,0.523756
difficulty,1.5,369,369-23,0.5,0.416667,0.533333,0.95,0.675,0.0,0.0,0.618253,0.514431,0.590316
difficulty,1.5,369,369-24,0.216667,0.508333,0.0,0.508333,0.508333,0.0,0.258333,0.392565,0.437165,0.54704
difficulty,1.5,369,369-25,0.166667,0.45,0.016667,0.466667,0.466667,0.0,0.341667,0.375309,0.542944,0.619859
difficulty,1.5,369,369-26,0.516667,0.4,0.516667,0.916667,0.641667,0.0,0.0,0.638645,0.43358,0.651057
difficulty,1.5,369,369-27,0.233333,0.466667,0.0,0.466667,0.466667,0.0,0.266667,0.38428,0.556019,0.601713
difficulty,1.5,369,369-28,0.0,0.175,0.0,0.175,0.175,0.0,0.483333,0.295832,0.465295,0.920884
difficulty,1.5,369,369-29,0.416667,0.433333,0.175,0.608333,0.591667,0.0,0.1,0.460848,0.64237,0.457439
difficulty,1.5,369,369-30,0.475,0.483333,0.308333,0.791667,0.683333,0.0,0.025,0.520622,0.568887,0.462778
difficulty,1.5,369,369-31,0.391667,0.533333,0.075,0.608333,0.608333,0.0,0.116667,0.441756,0.488884,0.436361
difficulty,1.5,369,369-32,0.15,0.441667,0.0,0.441667,0.441667,0.0,0.3,0.378164,0.520816,0.562817
difficulty,1.5,369,369-33,0.0,0.0,0.0,0.0,0.0,0.0,1.0,0.157881,0.42784,1.74012
difficulty,1.5,369,369-34,0.116667,0.4,0.0,0.4,0.4,0.0,0.325,0.360407,0.520509,0.639435
difficulty,1.5,369,369-35,0.325,0.45,0.108333,0.558333,0.558333,0.0,0.225,0.422147,0.598476,0.530393
difficulty,1.5,369,369-36,0.116667,0.45,0.0,0.45,0.45,0.0,0.308333,0.369215,0.473364,0.58889
difficulty,1.5,369,369-37,0.416667,0.475,0.275,0.75,0.666667,0.0,0.025,0.519395,0.692263,0.501872
difficulty,1.5,369,369-38,0.35,0.458333,0.125,0.583333,0.566667,0.0,0.15,0.443331,0.575982,0.494198
difficulty,1.5,369,369-39,0.45,0.483333,0.233333,0.716667,0.691667,0.0,0.016667,0.489707,0.591637,0.417199
difficulty,1.5,369,369-40,0.483333,0.491667,0.35,0.841667,0.733333,0.0,0.0,0.548476,0.463988,0.47223
difficulty,1.5,369,369-41,0.05,0.341667,0.0,0.341667,0.341667,0.0,0.4,0.341479,0.59532,0.708866
difficulty,1.5,369,369-42,0.141667,0.441667,0.0,0.441667,0.441667,0.0,0.325,0.373793,0.452542,0.581552
difficulty,1.5,369,369-43,0.0,0.108333,0.0,0.108333,0.108333,0.0,0.533333,0.290092,0.386845,0.944211
difficulty,1.5,369,369-44,0.058333,0.35,0.0,0.35,0.35,0.0,0.358333,0.3479,0.50225,0.670961
difficulty,1.5,369,369-45,0.366667,0.5,0.125,0.625,0.616667,0.0,0.133333,0.446416,0.484222,0.463922
difficulty,1.5,369,369-46,0.45,0.433333,0.358333,0.791667,0.666667,0.0,0.016667,0.531002,0.499244,0.483606
difficulty,1.5,369,369-47,0.025,0.316667,0.0,0.316667,0.316667,0.0,0.433333,0.325186,0.468172,0.784192
difficulty,1.5,369,369-48,0.383333,0.475,0.141667,0.616667,0.616667,0.0,0.125,0.454914,0.53749,0.462906
difficulty,1.5,369,369-49,0.0,0.0,0.0,0.0,0.0,0.0,0.775,0.230583,0.381385,1.263377
difficulty,1.5,369,369-50,0.0,0.083333,0.0,0.083333,0.083333,0.0,0.558333,0.28211,0.394866,0.984081
difficulty,1.5,369,369-51,0.375,0.416667,0.233333,0.65,0.608333,0.0,0.125,0.470007,0.640926,0.509969
difficulty,1.5,369,369-52,0.541667,0.408333,0.475,0.883333,0.65,0.008333,0.0,0.649614,0.565158,0.681454
difficulty,1.5,369,369-53,0.45,0.483333,0.408333,0.891667,0.683333,0.0,0.0,0.560855,0.533119,0.487666
difficulty,1.5,369,369-54,0.1,0.383333,0.0,0.383333,0.383333,0.0,0.333333,0.353946,0.48197,0.657378
difficulty,1.5,369,369-55,0.508333,0.508333,0.425,0.933333,0.75,0.0,0.0,0.57656,0.540936,0.484776
difficulty,1.5,369,369-56,0.491667,0.45,0.25,0.7,0.666667,0.0,0.083333,0.495066,0.467539,0.460831
difficulty,1.5,369,369-57,0.15,0.433333,0.0,0.433333,0.433333,0.0,0.291667,0.377773,0.41297,0.576739
difficulty,1.5,369,369-58,0.0,0.183333,0.0,0.183333,0.183333,0.0,0.391667,0.317859,0.315426,0.799925
difficulty,1.5,369,369-59,0.441667,0.491667,0.2,0.691667,0.675,0.0,0.116667,0.474842,0.514906,0.456806
difficulty,1.5,369,369-60,0.216667,0.458333,0.016667,0.475,0.475,0.0,0.291667,0.385474,0.569371,0.59809
difficulty,1.5,369,369-61,0.0,0.0,0.0,0.0,0.0,0.0,1.0,0.187433,0.394264,1.535977
difficulty,1.5,369,369-62,0.466667,0.508333,0.183333,0.691667,0.675,0.0,0.041667,0.484519,0.492755,0.412569
difficulty,1.5,369,369-63,0.0,0.0,0.0,0.0,0.0,0.0,0.966667,0.216143,0.34163,1.336511
difficulty,1.5,369,369-64,0.075,0.341667,0.0,0.341667,0.341667,0.0,0.391667,0.339275,0.639427,0.720979
difficulty,1.5,369,369-65,0.441667,0.475,0.466667,0.941667,0.7,0.0,0.0,0.58825,0.499928,0.535906
difficulty,1.5,369,369-66,0.0,0.275,0.0,0.275,0.275,0.0,0.391667,0.323715,0.405848,0.777182
difficulty,1.5,369,369-67,0.475,0.433333,0.475,0.908333,0.658333,0.0,0.0,0.604427,0.530206,0.566431
difficulty,1.5,369,369-68,0.491667,0.466667,0.4,0.866667,0.725,0.0,0.0,0.55288,0.517106,0.466668
difficulty,1.5,369,369-69,0.0,0.041667,0.0,0.041667,0.041667,0.0,0.625,0.254028,0.521612,1.144399
difficulty,1.5,369,369-70,0.541667,0.425,0.533333,0.958333,0.708333,0.0,0.0,0.617225,0.536247,0.569323
difficulty,1.5,369,369-71,0.15,0.441667,0.008333,0.45,0.45,0.0,0.316667,0.373498,0.542969,0.598061
difficulty,1.5,369,369-72,0.091667,0.35,0.0,0.35,0.35,0.0,0.341667,0.350064,0.500212,0.682419
difficulty,1.5,369,369-73,0.45,0.466667,0.308333,0.775,0.691667,0.0,0.041667,0.517248,0.553959,0.468557
difficulty,1.5,369,369-74,0.575,0.258333,0.583333,0.841667,0.575,0.025,0.0,0.682883,0.443241,0.809961
difficulty,1.5,369,369-75,0.425,0.491667,0.291667,0.783333,0.683333,0.0,0.0,0.521369,0.641409,0.45151
difficulty,1.5,369,369-76,0.383333,0.425,0.2,0.625,0.6,0.0,0.158333,0.461662,0.584101,0.506858
difficulty,1.5,369,369-77,0.441667,0.433333,0.35,0.783333,0.666667,0.0,0.008333,0.528536,0.561025,0.49136
difficulty,1.5,369,369-78,0.516667,0.466667,0.441667,0.908333,0.725,0.0,0.0,0.578461,0.481419,0.501184
difficulty,1.5,369,369-79,0.258333,0.0,0.633333,0.633333,0.258333,0.191667,0.0,0.769871,0.374126,1.269157
difficulty,1.5,369,369-80,0.441667,0.441667,0.4,0.841667,0.716667,0.0,0.025,0.543767,0.538188,0.476131
difficulty,1.5,369,369-81,0.425,0.475,0.208333,0.683333,0.65,0.0,0.108333,0.473581,0.529437,0.463735
difficulty,1.5,369,369-82,0.508333,0.433333,0.466667,0.9,0.658333,0.0,0.0,0.634104,0.490719,0.630227
difficulty,1.5,369,369-83,0.05,0.375,0.0,0.375,0.375,0.0,0.366667,0.345923,0.496176,0.683837
difficulty,1.5,369,369-84,0.566667,0.541667,0.441667,0.983333,0.741667,0.0,0.0,0.603507,0.598051,0.487496
difficulty,1.5,369,369-85,0.383333,0.008333,0.716667,0.725,0.383333,0.116667,0.0,0.743107,0.428177,1.109612
difficulty,1.5,369,369-86,0.033333,0.35,0.0,0.35,0.35,0.0,0.416667,0.325852,0.526867,0.795993
difficulty,1.5,369,369-87,0.525,0.508333,0.416667,0.925,0.775,0.0,0.0,0.561455,0.565777,0.437047
difficulty,1.5,369,369-88,0.508333,0.558333,0.375,0.933333,0.825,0.0,0.0,0.554755,0.618112,0.425212
difficulty,1.5,369,369-89,0.0,0.075,0.0,0.075,0.075,0.0,0.566667,0.270286,0.464506,1.055404
difficulty,1.5,369,369-90,0.0,0.0,0.0,0.0,0.0,0.0,1.0,0.156546,0.3122,1.741893
difficulty,1.5,369,369-91,0.0,0.0,0.325,0.325,0.0,0.308333,0.0,0.83,0.326543,1.632577
difficulty,1.5,369,369-92,0.0,0.0,0.0,0.0,0.0,0.0,1.0,0.155296,0.362514,1.757675
difficulty,1.5,369,369-93,0.591667,0.341667,0.55,0.891667,0.641667,0.033333,0.0,0.660218,0.515684,0.723367
difficulty,1.5,369,369-94,0.508333,0.108333,0.658333,0.766667,0.508333,0.05,0.0,0.710714,0.440243,0.94634
difficulty,1.5,369,369-95,0.0,0.116667,0.0,0.116667,0.116667,0.0,0.458333,0.293654,0.400521,0.926183
difficulty,1.5,369,369-96,0.175,0.391667,0.033333,0.425,0.425,0.0,0.341667,0.371326,0.608848,0.643416
difficulty,1.5,369,369-97,0.0,0.0,0.0,0.0,0.0,0.0,1.0,0.185309,0.333811,1.540718
difficulty,1.5,369,369-98,0.166667,0.45,0.0,0.45,0.45,0.0,0.316667,0.372074,0.490073,0.609877
difficulty,1.5,369,369-99,0.0,0.0,0.0,0.0,0.0,0.0,1.0,0.10954,0.211236,2.140438
difficulty,1.5,369,369-100,0.083333,0.0,0.608333,0.608333,0.083333,0.233333,0.0,0.781518,0.413418,1.336601
difficulty,1.5,369,369-101,0.041667,0.35,0.0,0.35,0.35,0.0,0.425,0.331954,0.499964,0.755351
difficulty,1.5,369,369-102,0.191667,0.433333,0.05,0.483333,0.483333,0.0,0.308333,0.389077,0.506164,0.57357
difficulty,1.5,369,369-103,0.0,0.0,0.0,0.0,0.0,0.0,1.0,0.162247,0.277026,1.691955
difficulty,1.5,369,369-104,0.433333,0.525,0.375,0.9,0.716667,0.0,0.0,0.559917,0.629743,0.478271
difficulty,1.5,369,369-105,0.45,0.45,0.258333,0.708333,0.691667,0.0,0.05,0.488807,0.600408,0.443237
difficulty,1.5,369,369-106,0.475,0.433333,0.483333,0.916667,0.666667,0.008333,0.0,0.60382,0.539595,0.572235
difficulty,1.5,369,369-107,0.4,0.466667,0.191667,0.658333,0.625,0.0,0.116667,0.472728,0.570926,0.472955
difficulty,1.5,369,369-108,0.283333,0.508333,0.05,0.558333,0.558333,0.0,0.216667,0.41731,0.536204,0.512481
difficulty,1.5,369,369-109,0.3,0.491667,0.066667,0.558333,0.558333,0.0,0.208333,0.42012,0.580854,0.505735
difficulty,1.5,369,369-110,0.458333,0.108333,0.633333,0.741667,0.458333,0.108333,0.0,0.717328,0.431585,0.987171
difficulty,1.5,369,369-111,0.466667,0.466667,0.375,0.841667,0.725,0.0,0.016667,0.541385,0.482496,0.477965
difficulty,1.5,369,369-112,0.0,0.133333,0.0,0.133333,0.133333,0.0,0.508333,0.291016,0.524304,0.950061
difficulty,1.5,369,369-113,0.433333,0.508333,0.225,0.733333,0.683333,0.0,0.025,0.491765,0.601441,0.449704
difficulty,1.5,369,369-114,0.466667,0.475,0.225,0.7,0.675,0.0,0.066667,0.490407,0.555373,0.461642
difficulty,1.5,369,369-115,0.041667,0.291667,0.0,0.291667,0.291667,0.0,0.416667,0.329227,0.598027,0.765044
difficulty,1.5,369,369-116,0.341667,0.475,0.083333,0.558333,0.558333,0.0,0.158333,0.428933,0.580363,0.485105
difficulty,1.5,369,369-117,0.0,0.25,0.0,0.25,0.25,0.0,0.391667,0.317726,0.392985,0.81401
difficulty,1.5,369,369-118,0.475,0.433333,0.508333,0.941667,0.675,0.0,0.0,0.605395,0.475965,0.569888
difficulty,1.5,369,369-119,0.45,0.45,0.408333,0.858333,0.691667,0.008333,0.0,0.578292,0.512481,0.543384
difficulty,1.5,369,369-120,0.0,0.0,0.0,0.0,0.0,0.0,0.825,0.220867,0.432668,1.321355
difficulty,1.5,369,369-121,0.0,0.0,0.0,0.0,0.0,0.0,0.708333,0.243319,0.389269,1.191325
difficulty,1.5,369,369-122,0.508333,0.533333,0.416667,0.95,0.75,0.0,0.0,0.591465,0.541011,0.502698
difficulty,1.5,369,369-123,0.541667,0.383333,0.5,0.883333,0.641667,0.008333,0.0,0.650335,0.506028,0.689836
difficulty,1.5,369,369-124,0.0,0.0,0.0,0.0,0.0,0.0,1.0,0.153155,0.314721,1.77016
difficulty,1.5,369,369-125,0.516667,0.5,0.45,0.95,0.741667,0.008333,0.0,0.597983,0.573927,0.516268
difficulty,1.5,369,369-126,0.5,0.458333,0.433333,0.891667,0.75,0.0,0.008333,0.560367,0.521461,0.475195
difficulty,1.5,369,369-127,0.491667,0.416667,0.433333,0.85,0.658333,0.033333,0.0,0.638293,0.542858,0.669493
difficulty,1.5,369,369-128,0.475,0.466667,0.325,0.791667,0.725,0.0,0.025,0.520249,0.516264,0.448242
difficulty,1.5,369,369-129,0.441667,0.066667,0.708333,0.775,0.441667,0.1,0.0,0.71913,0.482492,0.989753
difficulty,1.5,369,369-130,0.475,0.441667,0.358333,0.8,0.666667,0.0,0.0,0.541067,0.61759,0.474923
difficulty,1.5,369,369-131,0.433333,0.458333,0.341667,0.8,0.716667,0.0,0.033333,0.524504,0.565016,0.447474
difficulty,1.5,369,369-132,0.458333,0.466667,0.333333,0.8,0.716667,0.0,0.008333,0.522712,0.552904,0.446189
difficulty,1.5,369,369-133,0.0,0.0,0.0,0.0,0.0,0.0,0.841667,0.219107,0.428889,1.343204
difficulty,1.5,369,369-134,0.358333,0.425,0.183333,0.608333,0.583333,0.0,0.133333,0.455276,0.725363,0.497382
difficulty,1.5,369,369-135,0.316667,0.0,0.7,0.7,0.316667,0.166667,0.0,0.75111,0.452547,1.165062
difficulty,1.5,369,369-136,0.608333,0.366667,0.55,0.916667,0.658333,0.025,0.0,0.651881,0.551651,0.676237
difficulty,1.5,369,369-137,0.058333,0.333333,0.0,0.333333,0.333333,0.0,0.425,0.338049,0.527659,0.728497
difficulty,1.5,369,369-138,0.491667,0.466667,0.45,0.916667,0.741667,0.016667,0.0,0.603663,0.558606,0.553737
difficulty,1.5,369,369-139,0.458333,0.416667,0.35,0.766667,0.7,0.0,0.041667,0.517221,0.594712,0.471775
difficulty,1.5,369,369-140,0.0,0.0,0.0,0.0,0.0,0.0,0.825,0.233805,0.35599,1.244748
difficulty,1.5,369,369-141,0.116667,0.366667,0.0,0.366667,0.366667,0.0,0.358333,0.359187,0.548532,0.661875
difficulty,1.5,369,369-142,0.0,0.0,0.0,0.0,0.0,0.0,1.0,0.199023,0.245937,1.435886
difficulty,1.5,369,369-143,0.466667,0.5,0.433333,0.933333,0.683333,0.0,0.0,0.608828,0.497105,0.560879
difficulty,1.5,369,369-144,0.208333,0.533333,0.008333,0.541667,0.541667,0.0,0.266667,0.396132,0.550093,0.528622
difficulty,1.5,369,369-145,0.0,0.05,0.0,0.05,0.05,0.0,0.55,0.274619,0.426048,1.024323
difficulty,1.5,369,369-146,0.408333,0.433333,0.291667,0.725,0.666667,0.0,0.1,0.493153,0.625088,0.486371
difficulty,1.5,369,369-147,0.458333,0.483333,0.175,0.658333,0.641667,0.0,0.108333,0.468962,0.506987,0.450433
difficulty,1.5,369,369-148,0.05,0.358333,0.0,0.358333,0.358333,0.0,0.333333,0.340932,0.476278,0.71964
difficulty,1.5,369,369-149,0.483333,0.441667,0.466667,0.908333,0.666667,0.0,0.0,0.611306,0.523907,0.589417
difficulty,1.5,369,369-150,0.491667,0.466667,0.383333,0.85,0.766667,0.0,0.008333,0.537327,0.517971,0.448834
difficulty,1.5,369,369-151,0.25,0.483333,0.05,0.533333,0.533333,0.0,0.233333,0.40458,0.525735,0.541989
difficulty,1.5,369,369-152,0.4,0.483333,0.166667,0.65,0.633333,0.0,0.108333,0.46323,0.584353,0.453518
difficulty,1.5,369,369-153,0.466667,0.416667,0.491667,0.908333,0.641667,0.016667,0.0,0.635101,0.494691,0.659368
difficulty,1.5,369,369-154,0.0,0.0,0.0,0.0,0.0,0.0,1.0,0.13921,0.304375,1.884831
difficulty,1.5,369,369-155,0.533333,0.4,0.5,0.9,0.641667,0.016667,0.0,0.64904,0.499774,0.680757
difficulty,1.5,369,369-156,0.0,0.258333,0.0,0.258333,0.258333,0.0,0.4,0.31936,0.379503,0.797604
difficulty,1.5,369,369-157,0.216667,0.508333,0.008333,0.516667,0.516667,0.0,0.266667,0.399848,0.448707,0.515414
difficulty,1.5,369,369-158,0.483333,0.508333,0.441667,0.95,0.766667,0.0,0.0,0.578552,0.522897,0.487572
difficulty,1.5,369,369-159,0.241667,0.458333,0.05,0.508333,0.508333,0.0,0.291667,0.398037,0.541757,0.560064
difficulty,1.5,369,369-160,0.566667,0.308333,0.566667,0.875,0.6,0.025,0.0,0.667353,0.48658,0.740622
difficulty,1.5,369,369-161,0.041667,0.233333,0.0,0.233333,0.233333,0.0,0.416667,0.320005,0.512302,0.804421
difficulty,1.5,369,369-162,0.291667,0.5,0.058333,0.558333,0.558333,0.0,0.225,0.41819,0.507578,0.504608
difficulty,1.5,369,369-163,0.0,0.0,0.0,0.0,0.0,0.0,1.0,0.093181,0.232563,2.325806
difficulty,1.5,369,369-164,0.475,0.375,0.558333,0.933333,0.633333,0.025,0.0,0.638658,0.483204,0.663221
difficulty,1.5,369,369-165,0.0,0.058333,0.0,0.058333,0.058333,0.0,0.541667,0.276539,0.418622,1.022092
difficulty,1.5,369,369-166,0.533333,0.241667,0.566667,0.808333,0.55,0.058333,0.0,0.681608,0.519801,0.814382
difficulty,1.5,369,369-167,0.466667,0.433333,0.45,0.883333,0.683333,0.0,0.0,0.579788,0.474322,0.540267
difficulty,1.5,369,369-168,0.55,0.4,0.483333,0.883333,0.641667,0.016667,0.0,0.642857,0.585295,0.659283
difficulty,1.5,369,369-169,0.175,0.4,0.008333,0.408333,0.408333,0.0,0.308333,0.366446,0.554487,0.649617
difficulty,1.5,369,369-170,0.441667,0.416667,0.366667,0.783333,0.633333,0.0,0.025,0.539927,0.540425,0.528129
difficulty,1.5,369,369-171,0.208333,0.45,0.025,0.475,0.475,0.0,0.291667,0.382567,0.544115,0.607321
difficulty,1.5,369,369-172,0.35,0.5,0.075,0.575,0.575,0.0,0.191667,0.434312,0.542904,0.484064
difficulty,1.5,369,369-173,0.491667,0.483333,0.233333,0.716667,0.716667,0.0,0.058333,0.486944,0.410927,0.417537
difficulty,1.5,369,369-174,0.4,0.383333,0.266667,0.65,0.616667,0.0,0.141667,0.474853,0.62158,0.516355
difficulty,1.5,369,369-175,0.125,0.416667,0.008333,0.425,0.425,0.0,0.333333,0.365433,0.52074,0.633923
difficulty,1.5,369,369-176,0.416667,0.433333,0.325,0.758333,0.625,0.0,0.075,0.522143,0.52423,0.526261
difficulty,1.5,369,369-177,0.475,0.441667,0.458333,0.9,0.658333,0.033333,0.0,0.612676,0.533575,0.601727
difficulty,1.5,369,369-178,0.108333,0.366667,0.0,0.366667,0.366667,0.0,0.35,0.358326,0.492399,0.637648
difficulty,1.5,369,369-179,0.0,0.0,0.0,0.0,0.0,0.0,0.725,0.234484,0.525917,1.262683
difficulty,1.5,369,369-180,0.425,0.483333,0.191667,0.675,0.675,0.0,0.066667,0.4682,0.621579,0.447596
difficulty,1.5,369,369-181,0.408333,0.458333,0.208333,0.666667,0.633333,0.0,0.066667,0.475397,0.591108,0.449284
difficulty,1.5,369,369-182,0.491667,0.408333,0.4,0.808333,0.691667,0.0,0.016667,0.5412,0.521069,0.502333
difficulty,1.5,369,369-183,0.375,0.466667,0.158333,0.625,0.616667,0.0,0.166667,0.449317,0.599094,0.525803
difficulty,1.5,369,369-184,0.358333,0.466667,0.108333,0.575,0.575,0.0,0.208333,0.433012,0.55614,0.519158
difficulty,1.5,369,369-185,0.0,0.0,0.0,0.0,0.0,0.0,0.758333,0.236711,0.362457,1.225752
difficulty,1.5,369,369-186,0.175,0.408333,0.0,0.408333,0.408333,0.0,0.35,0.363008,0.539203,0.664878
difficulty,1.5,369,369-187,0.316667,0.408333,0.108333,0.516667,0.516667,0.0,0.258333,0.413896,0.582269,0.587018
difficulty,1.5,369,369-188,0.016667,0.266667,0.0,0.266667,0.266667,0.0,0.416667,0.318413,0.49971,0.808299
difficulty,1.5,369,369-189,0.4,0.491667,0.15,0.641667,0.633333,0.0,0.108333,0.459774,0.58201,0.459606
difficulty,1.5,369,369-190,0.433333,0.5,0.283333,0.783333,0.716667,0.0,0.066667,0.504595,0.580019,0.484924
difficulty,1.5,369,369-191,0.383333,0.45,0.133333,0.583333,0.575,0.0,0.116667,0.453492,0.626469,0.47486
difficulty,1.5,369,369-192,0.2,0.408333,0.05,0.458333,0.458333,0.0,0.3,0.38376,0.55516,0.604592
difficulty,1.5,369,369-193,0.383333,0.458333,0.175,0.633333,0.6,0.0,0.2,0.453977,0.581296,0.535839
difficulty,1.5,369,369-194,0.433333,0.483333,0.275,0.758333,0.7,0.0,0.025,0.506302,0.591607,0.447678
difficulty,1.5,369,369-195,0.0,0.0,0.0,0.0,0.0,0.0,1.0,0.088029,0.162671,2.378938
difficulty,1.5,369,369-196,0.125,0.466667,0.008333,0.475,0.475,0.0,0.291667,0.378241,0.563739,0.56726
difficulty,1.5,369,369-197,0.0,0.0,0.0,0.0,0.0,0.0,1.0,0.210312,0.271557,1.366115
difficulty,1.5,369,369-198,0.416667,0.475,0.283333,0.758333,0.683333,0.0,0.033333,0.508032,0.633661,0.468812
difficulty,1.5,369,369-199,0.0,0.0,0.0,0.0,0.0,0.0,1.0,0.150126,0.354069,1.810529
difficulty,1.5,1024,1024-0,0.241667,0.45,0.033333,0.483333,0.483333,0.0,0.291667,0.391198,0.493553,0.576418
difficulty,1.5,1024,1024-1,0.333333,0.508333,0.083333,0.591667,0.591667,0.0,0.15,0.427615,0.531674,0.472981
difficulty,1.5,1024,1024-2,0.1,0.0,0.683333,0.683333,0.1,0.191667,0.0,0.773036,0.432383,1.276489
difficulty,1.5,1024,1024-3,0.408333,0.533333,0.133333,0.666667,0.666667,0.0,0.091667,0.457894,0.565961,0.445809
difficulty,1.5,1024,1024-4,0.466667,0.291667,0.533333,0.825,0.566667,0.041667,0.0,0.669022,0.510866,0.768695
difficulty,1.5,1024,1024-5,0.458333,0.416667,0.4,0.816667,0.683333,0.0,0.025,0.541066,0.482295,0.502695
difficulty,1.5,1024,1024-6,0.333333,0.466667,0.066667,0.533333,0.533333,0.0,0.208333,0.423975,0.534685,0.524281
difficulty,1.5,1024,1024-7,0.033333,0.4,0.0,0.4,0.4,0.0,0.316667,0.355537,0.435223,0.634235
difficulty,1.5,1024,1024-8,0.175,0.475,0.008333,0.483333,0.483333,0.0,0.266667,0.386507,0.555561,0.558656
difficulty,1.5,1024,1024-9,0.516667,0.475,0.366667,0.841667,0.725,0.0,0.0,0.543196,0.449429,0.476837
difficulty,1.5,1024,1024-10,0.0,0.0,0.0,0.0,0.0,0.0,0.691667,0.240853,0.419736,1.224317
difficulty,1.5,1024,1024-11,0.25,0.4,0.041667,0.441667,0.441667,0.0,0.325,0.385054,0.619341,0.623551
difficulty,1.5,1024,1024-12,0.475,0.25,0.55,0.8,0.525,0.033333,0.0,0.685244,0.474769,0.838426
difficulty,1.5,1024,1024-13,0.416667,0.458333,0.366667,0.825,0.65,0.0,0.0,0.566481,0.574607,0.547102
difficulty,1.5,1024,1024-14,0.458333,0.466667,0.208333,0.675,0.65,0.0,0.058333,0.486124,0.547323,0.438004
difficulty,1.5,1024,1024-15,0.191667,0.433333,0.05,0.483333,0.483333,0.0,0.325,0.388318,0.572149,0.579153
difficulty,1.5,1024,1024-16,0.008333,0.166667,0.0,0.166667,0.166667,0.0,0.5,0.297114,0.567945,0.912197
difficulty,1.5,1024,1024-17,0.433333,0.016667,0.7,0.716667,0.433333,0.133333,0.0,0.733111,0.469053,1.071262
difficulty,1.5,1024,1024-18,0.45,0.475,0.325,0.8,0.725,0.0,0.008333,0.525794,0.611654,0.451203
difficulty,1.5,1024,1024-19,0.0,0.225,0.0,0.225,0.225,0.0,0.441667,0.308241,0.411877,0.861722
difficulty,1.5,1024,1024-20,0.033333,0.191667,0.0,0.191667,0.191667,0.0,0.475,0.304778,0.601635,0.880445
difficulty,1.5,1024,1024-21,0.141667,0.433333,0.008333,0.441667,0.441667,0.0,0.316667,0.3716,0.508934,0.616929
difficulty,1.5,1024,1024-22,0.2,0.441667,0.016667,0.458333,0.458333,0.0,0.3,0.379531,0.532689,0.595794
difficulty,1.5,1024,1024-23,0.433333,0.45,0.341667,0.791667,0.641667,0.0,0.016667,0.53283,0.59908,0.483673
difficulty,1.5,1024,1024-24,0.525,0.5,0.441667,0.941667,0.725,0.0,0.0,0.608414,0.592601,0.556848
difficulty,1.5,1024,1024-25,0.316667,0.525,0.05,0.575,0.575,0.0,0.166667,0.428612,0.531711,0.452786
difficulty,1.5,1024,1024-26,0.508333,0.491667,0.433333,0.925,0.708333,0.0,0.0,0.607523,0.549194,0.559584
difficulty,1.5,1024,1024-27,0.0,0.016667,0.0,0.016667,0.016667,0.0,0.691667,0.249407,0.52153,1.154426
difficulty,1.5,1024,1024-28,0.45,0.458333,0.283333,0.741667,0.683333,0.0,0.016667,0.506707,0.650789,0.449073
difficulty,1.5,1024,1024-29,0.491667,0.516667,0.325,0.841667,0.758333,0.0,0.0,0.534397,0.608595,0.430028
difficulty,1.5,1024,1024-30,0.583333,0.483333,0.5,0.983333,0.766667,0.0,0.0,0.604241,0.591007,0.509565
difficulty,1.5,1024,1024-31,0.475,0.475,0.433333,0.908333,0.691667,0.0,0.0,0.58431,0.611399,0.525459
difficulty,1.5,1024,1024-32,0.483333,0.55,0.4,0.95,0.8,0.0,0.0,0.559574,0.675298,0.441546
difficulty,1.5,1024,1024-33,0.0,0.0,0.0,0.0,0.0,0.0,1.0,0.170395,0.302585,1.634128
difficulty,1.5,1024,1024-34,0.1,0.416667,0.0,0.416667,0.416667,0.0,0.341667,0.357866,0.571891,0.640904
difficulty,1.5,1024,1024-35,0.0,0.0,0.0,0.0,0.0,0.0,0.816667,0.222337,0.347063,1.313829
difficulty,1.5,1024,1024-36,0.258333,0.55,0.033333,0.583333,0.583333,0.0,0.191667,0.415179,0.506777,0.490504
difficulty,1.5,1024,1024-37,0.0,0.0,0.0,0.0,0.0,0.0,1.0,0.180059,0.27223,1.569928
difficulty,1.5,1024,1024-38,0.5,0.525,0.4,0.925,0.733333,0.0,0.0,0.579522,0.545177,0.49942
difficulty,1.5,1024,1024-39,0.216667,0.433333,0.025,0.458333,0.458333,0.0,0.283333,0.389706,0.541365,0.581917
difficulty,1.5,1024,1024-40,0.491667,0.516667,0.425,0.941667,0.708333,0.0,0.0,0.585211,0.560366,0.51555
difficulty,1.5,1024,1024-41,0.116667,0.391667,0.0,0.391667,0.391667,0.0,0.35,0.351844,0.504969,0.682539
difficulty,1.5,1024,1024-42,0.325,0.491667,0.091667,0.583333,0.575,0.0,0.183333,0.429738,0.561931,0.495614
difficulty,1.5,1024,1024-43,0.491667,0.475,0.408333,0.883333,0.716667,0.0,0.0,0.575882,0.526756,0.51446
difficulty,1.5,1024,1024-44,0.0,0.333333,0.0,0.333333,0.333333,0.0,0.341667,0.337941,0.320226,0.709555
difficulty,1.5,1024,1024-45,0.0,0.0,0.0,0.0,0.0,0.0,1.0,0.17689,0.343953,1.611611
difficulty,1.5,1024,1024-46,0.116667,0.0,0.658333,0.658333,0.116667,0.225,0.0,0.778946,0.412502,1.318917
difficulty,1.5,1024,1024-47,0.0,0.0,0.0,0.0,0.0,0.0,0.891667,0.215567,0.371066,1.359123
difficulty,1.5,1024,1024-48,0.508333,0.5,0.325,0.825,0.775,0.0,0.016667,0.525436,0.455268,0.439186
difficulty,1.5,1024,1024-49,0.441667,0.391667,0.458333,0.85,0.616667,0.0,0.0,0.607813,0.484808,0.628964
difficulty,1.5,1024,1024-50,0.433333,0.425,0.358333,0.783333,0.683333,0.0,0.025,0.523266,0.592769,0.464166
difficulty,1.5,1024,1024-51,0.0,0.0,0.0,0.0,0.0,0.0,1.0,0.198146,0.326547,1.45417
difficulty,1.5,1024,1024-52,0.466667,0.45,0.408333,0.858333,0.7,0.0,0.008333,0.551894,0.535505,0.481256
difficulty,1.5,1024,1024-53,0.475,0.475,0.258333,0.733333,0.691667,0.0,0.041667,0.502783,0.537538,0.440462
difficulty,1.5,1024,1024-54,0.433333,0.425,0.408333,0.833333,0.633333,0.0,0.008333,0.556411,0.575319,0.518446
difficulty,1.5,1024,1024-55,0.0,0.0,0.0,0.0,0.0,0.0,1.0,0.153109,0.235759,1.766472
difficulty,1.5,1024,1024-56,0.35,0.466667,0.091667,0.558333,0.55,0.0,0.191667,0.431546,0.578615,0.503801
difficulty,1.5,1024,1024-57,0.05,0.408333,0.0,0.408333,0.408333,0.0,0.358333,0.353388,0.464642,0.645606
difficulty,1.5,1024,1024-58,0.0,0.0,0.0,0.0,0.0,0.0,0.7,0.244324,0.427962,1.182734
difficulty,1.5,1024,1024-59,0.358333,0.475,0.116667,0.591667,0.591667,0.0,0.175,0.43623,0.517237,0.488306
difficulty,1.5,1024,1024-60,0.0,0.0,0.0,0.0,0.0,0.0,0.825,0.228468,0.410878,1.272912
difficulty,1.5,1024,1024-61,0.425,0.5,0.133333,0.633333,0.633333,0.0,0.133333,0.456953,0.455911,0.436345
difficulty,1.5,1024,1024-62,0.041667,0.3,0.0,0.3,0.3,0.0,0.425,0.328118,0.423121,0.768469
difficulty,1.5,1024,1024-63,0.25,0.525,0.008333,0.533333,0.533333,0.0,0.233333,0.405962,0.469999,0.497811
difficulty,1.5,1024,1024-64,0.25,0.491667,0.041667,0.533333,0.533333,0.0,0.266667,0.399902,0.59954,0.548892
difficulty,1.5,1024,1024-65,0.0,0.0,0.0,0.0,0.0,0.0,1.0,0.171697,0.277908,1.632017
difficulty,1.5,1024,1024-66,0.4,0.475,0.116667,0.591667,0.591667,0.0,0.2,0.438428,0.565655,0.513777
difficulty,1.5,1024,1024-67,0.491667,0.458333,0.366667,0.825,0.75,0.0,0.016667,0.532207,0.503824,0.44291
difficulty,1.5,1024,1024-68,0.05,0.308333,0.0,0.308333,0.308333,0.0,0.35,0.34462,0.482408,0.68922
difficulty,1.5,1024,1024-69,0.358333,0.483333,0.125,0.608333,0.608333,0.0,0.166667,0.442307,0.540126,0.468994
difficulty,1.5,1024,1024-70,0.383333,0.525,0.15,0.675,0.675,0.0,0.108333,0.46238,0.632442,0.458442
difficulty,1.5,1024,1024-71,0.458333,0.508333,0.266667,0.775,0.758333,0.0,0.05,0.494575,0.52785,0.424824
difficulty,1.5,1024,1024-72,0.108333,0.391667,0.0,0.391667,0.391667,0.0,0.341667,0.357857,0.473456,0.655292
difficulty,1.5,1024,1024-73,0.383333,0.45,0.141667,0.591667,0.591667,0.0,0.183333,0.439675,0.549752,0.503343
difficulty,1.5,1024,1024-74,0.108333,0.425,0.0,0.425,0.425,0.0,0.366667,0.362544,0.602566,0.627857
difficulty,1.5,1024,1024-75,0.425,0.441667,0.208333,0.65,0.616667,0.0,0.083333,0.472208,0.582174,0.469732
difficulty,1.5,1024,1024-76,0.4,0.0,0.716667,0.716667,0.4,0.116667,0.0,0.741321,0.477301,1.103754
difficulty,1.5,1024,1024-77,0.491667,0.466667,0.458333,0.925,0.716667,0.0,0.0,0.60682,0.55231,0.562718
difficulty,1.5,1024,1024-78,0.466667,0.458333,0.35,0.808333,0.708333,0.0,0.025,0.530899,0.5401,0.469161
difficulty,1.5,1024,1024-79,0.441667,0.466667,0.325,0.791667,0.675,0.0,0.041667,0.525469,0.542977,0.494441
difficulty,1.5,1024,1024-80,0.333333,0.5,0.083333,0.583333,0.566667,0.0,0.175,0.430247,0.542404,0.489986
difficulty,1.5,1024,1024-81,0.425,0.458333,0.258333,0.716667,0.65,0.0,0.075,0.499199,0.516233,0.470949
difficulty,1.5,1024,1024-82,0.466667,0.508333,0.266667,0.775,0.733333,0.0,0.0,0.50849,0.614181,0.409243
difficulty,1.5,1024,1024-83,0.391667,0.416667,0.266667,0.683333,0.575,0.0,0.091667,0.494967,0.588832,0.519514
difficulty,1.5,1024,1024-84,0.416667,0.0,0.75,0.75,0.416667,0.116667,0.0,0.738342,0.464248,1.087582
difficulty,1.5,1024,1024-85,0.15,0.433333,0.0,0.433333,0.433333,0.0,0.291667,0.37548,0.515622,0.582423
difficulty,1.5,1024,1024-86,0.45,0.483333,0.341667,0.825,0.725,0.0,0.016667,0.533652,0.617627,0.453791
difficulty,1.5,1024,1024-87,0.075,0.333333,0.0,0.333333,0.333333,0.0,0.416667,0.340914,0.59629,0.721206
difficulty,1.5,1024,1024-88,0.483333,0.45,0.466667,0.916667,0.666667,0.0,0.0,0.58697,0.493775,0.526836
difficulty,1.5,1024,1024-89,0.208333,0.5,0.033333,0.533333,0.533333,0.0,0.266667,0.400332,0.569657,0.529394
difficulty,1.5,1024,1024-90,0.0,0.0,0.0,0.0,0.0,0.0,0.55,0.267978,0.325692,1.054271
difficulty,1.5,1024,1024-91,0.391667,0.425,0.325,0.75,0.625,0.0,0.033333,0.526896,0.584832,0.497131
difficulty,1.5,1024,1024-92,0.358333,0.5,0.091667,0.591667,0.583333,0.0,0.15,0.441626,0.557792,0.463881
difficulty,1.5,1024,1024-93,0.0,0.0,0.0,0.0,0.0,0.0,1.0,0.180812,0.39398,1.567977
difficulty,1.5,1024,1024-94,0.425,0.508333,0.108333,0.616667,0.616667,0.0,0.091667,0.453667,0.596448,0.445951
difficulty,1.5,1024,1024-95,0.475,0.425,0.3,0.725,0.675,0.0,0.091667,0.505506,0.523133,0.487848
difficulty,1.5,1024,1024-96,0.441667,0.483333,0.233333,0.716667,0.675,0.0,0.058333,0.494182,0.607428,0.466439
difficulty,1.5,1024,1024-97,0.375,0.475,0.15,0.625,0.616667,0.0,0.083333,0.459806,0.602659,0.445874
difficulty,1.5,1024,1024-98,0.0,0.0,0.0,0.0,0.0,0.0,0.766667,0.238396,0.460968,1.220526
difficulty,1.5,1024,1024-99,0.475,0.491667,0.433333,0.925,0.708333,0.0,0.0,0.591144,0.539402,0.531001
difficulty,1.5,1024,1024-100,0.333333,0.458333,0.133333,0.591667,0.583333,0.0,0.166667,0.440347,0.630535,0.490961
difficulty,1.5,1024,1024-101,0.175,0.45,0.0,0.45,0.45,0.0,0.3,0.381775,0.50414,0.566467
difficulty,1.5,1024,1024-102,0.208333,0.425,0.033333,0.458333,0.458333,0.0,0.283333,0.390654,0.579615,0.570111
difficulty,1.5,1024,1024-103,0.483333,0.508333,0.208333,0.716667,0.708333,0.0,0.083333,0.482576,0.4572,0.440988
difficulty,1.5,1024,1024-104,0.3,0.458333,0.066667,0.525,0.525,0.0,0.258333,0.408793,0.543026,0.556491
difficulty,1.5,1024,1024-105,0.491667,0.491667,0.433333,0.925,0.725,0.0,0.0,0.603774,0.612469,0.542509
difficulty,1.5,1024,1024-106,0.491667,0.525,0.225,0.75,0.733333,0.0,0.05,0.493268,0.531454,0.449934
difficulty,1.5,1024,1024-107,0.058333,0.258333,0.0,0.258333,0.258333,0.0,0.425,0.318803,0.518771,0.822083
difficulty,1.5,1024,1024-108,0.441667,0.491667,0.233333,0.725,0.7,0.0,0.058333,0.485511,0.548274,0.453424
difficulty,1.5,1024,1024-109,0.033333,0.258333,0.0,0.258333,0.258333,0.0,0.433333,0.319734,0.536222,0.810574
difficulty,1.5,1024,1024-110,0.341667,0.425,0.125,0.55,0.55,0.0,0.225,0.425111,0.572751,0.546402
difficulty,1.5,1024,1024-111,0.291667,0.4,0.116667,0.516667,0.508333,0.0,0.291667,0.406526,0.685757,0.634855
difficulty,1.5,1024,1024-112,0.2,0.475,0.016667,0.491667,0.491667,0.0,0.266667,0.388859,0.506531,0.555107
difficulty,1.5,1024,1024-113,0.425,0.441667,0.225,0.666667,0.633333,0.0,0.058333,0.485708,0.587162,0.46316
difficulty,1.5,1024,1024-114,0.458333,0.408333,0.391667,0.8,0.65,0.0,0.016667,0.55065,0.502262,0.53154
difficulty,1.5,1024,1024-115,0.416667,0.441667,0.283333,0.725,0.633333,0.0,0.058333,0.507325,0.534263,0.502061
difficulty,1.5,1024,1024-116,0.491667,0.491667,0.433333,0.925,0.7,0.008333,0.0,0.613215,0.578438,0.577877
difficulty,1.5,1024,1024-117,0.608333,0.333333,0.55,0.883333,0.633333,0.025,0.0,0.66431,0.549996,0.727501
difficulty,1.5,1024,1024-118,0.525,0.441667,0.4,0.841667,0.733333,0.0,0.016667,0.552668,0.571126,0.476663
difficulty,1.5,1024,1024-119,0.0,0.0,0.0,0.0,0.0,0.0,0.666667,0.241292,0.401491,1.211769
difficulty,1.5,1024,1024-120,0.408333,0.45,0.25,0.7,0.65,0.0,0.1,0.484627,0.5847,0.471438
difficulty,1.5,1024,1024-121,0.0,0.0,0.0,0.0,0.0,0.0,1.0,0.131511,0.377663,1.965454
difficulty,1.5,1024,1024-122,0.433333,0.508333,0.183333,0.691667,0.675,0.0,0.083333,0.47124,0.50236,0.464741
difficulty,1.5,1024,1024-123,0.433333,0.466667,0.316667,0.783333,0.7,0.0,0.008333,0.527602,0.56743,0.451263
difficulty,1.5,1024,1024-124,0.0,0.291667,0.0,0.291667,0.291667,0.0,0.375,0.327379,0.378643,0.761746
difficulty,1.5,1024,1024-125,0.0,0.0,0.0,0.0,0.0,0.0,0.875,0.225961,0.32834,1.287417
difficulty,1.5,1024,1024-126,0.016667,0.35,0.0,0.35,0.35,0.0,0.333333,0.340863,0.393873,0.700581
difficulty,1.5,1024,1024-127,0.225,0.516667,0.041667,0.558333,0.558333,0.0,0.233333,0.406639,0.502995,0.503887
difficulty,1.5,1024,1024-128,0.491667,0.425,0.45,0.875,0.675,0.008333,0.0,0.62499,0.56003,0.631147
difficulty,1.5,1024,1024-129,0.108333,0.408333,0.0,0.408333,0.408333,0.0,0.375,0.354096,0.542384,0.669267
difficulty,1.5,1024,1024-130,0.491667,0.433333,0.433333,0.866667,0.616667,0.008333,0.0,0.62139,0.56253,0.624547
difficulty,1.5,1024,1024-131,0.316667,0.408333,0.166667,0.575,0.541667,0.0,0.2,0.439619,0.651296,0.545832
difficulty,1.5,1024,1024-132,0.475,0.458333,0.3,0.758333,0.666667,0.0,0.025,0.523784,0.553979,0.48426
difficulty,1.5,1024,1024-133,0.4,0.041667,0.658333,0.7,0.4,0.116667,0.0,0.732572,0.417962,1.066193
difficulty,1.5,1024,1024-134,0.208333,0.408333,0.025,0.433333,0.433333,0.0,0.308333,0.375268,0.58568,0.628576
difficulty,1.5,1024,1024-135,0.233333,0.433333,0.066667,0.5,0.5,0.0,0.291667,0.397348,0.506104,0.57481
difficulty,1.5,1024,1024-136,0.55,0.341667,0.533333,0.875,0.625,0.025,0.0,0.656776,0.503774,0.70248
difficulty,1.5,1024,1024-137,0.0,0.4,0.0,0.4,0.4,0.0,0.341667,0.334151,0.401643,0.746759
difficulty,1.5,1024,1024-138,0.333333,0.033333,0.666667,0.7,0.333333,0.158333,0.0,0.747001,0.43975,1.138624
difficulty,1.5,1024,1024-139,0.508333,0.408333,0.441667,0.85,0.691667,0.0,0.0,0.561033,0.458573,0.496893
difficulty,1.5,1024,1024-140,0.45,0.433333,0.325,0.758333,0.675,0.0,0.041667,0.520114,0.589792,0.477156
difficulty,1.5,1024,1024-141,0.475,0.45,0.358333,0.808333,0.7,0.0,0.0,0.542934,0.565637,0.48151
difficulty,1.5,1024,1024-142,0.408333,0.425,0.408333,0.833333,0.675,0.0,0.0,0.566773,0.573482,0.532006
difficulty,1.5,1024,1024-143,0.0,0.15,0.0,0.15,0.15,0.0,0.491667,0.292259,0.479706,0.933479
difficulty,1.5,1024,1024-144,0.0,0.0,0.0,0.0,0.0,0.0,0.675,0.246973,0.321122,1.168594
difficulty,1.5,1024,1024-145,0.233333,0.458333,0.025,0.483333,0.483333,0.0,0.233333,0.400457,0.527633,0.531371
difficulty,1.5,1024,1024-146,0.458333,0.441667,0.441667,0.883333,0.65,0.0,0.0,0.597126,0.542993,0.572306
difficulty,1.5,1024,1024-147,0.258333,0.45,0.058333,0.508333,0.508333,0.0,0.258333,0.401544,0.573763,0.569468
difficulty,1.5,1024,1024-148,0.266667,0.483333,0.041667,0.525,0.525,0.0,0.208333,0.409104,0.47653,0.51272
difficulty,1.5,1024,1024-149,0.0,0.0,0.0,0.0,0.0,0.0,0.858333,0.219711,0.352745,1.333061
difficulty,1.5,1024,1024-150,0.375,0.433333,0.2,0.633333,0.583333,0.0,0.133333,0.472144,0.542971,0.478991
difficulty,1.5,1024,1024-151,0.0,0.125,0.0,0.125,0.125,0.0,0.55,0.283236,0.552089,0.990683
difficulty,1.5,1024,1024-152,0.45,0.483333,0.233333,0.716667,0.658333,0.0,0.05,0.493672,0.592915,0.449117
difficulty,1.5,1024,1024-153,0.0,0.0,0.0,0.0,0.0,0.0,1.0,0.19232,0.329287,1.495801
difficulty,1.5,1024,1024-154,0.375,0.383333,0.483333,0.866667,0.541667,0.0,0.0,0.612219,0.458024,0.646033
difficulty,1.5,1024,1024-155,0.45,0.466667,0.383333,0.85,0.666667,0.0,0.0,0.556201,0.493791,0.503078
difficulty,1.5,1024,1024-156,0.0,0.15,0.0,0.15,0.15,0.0,0.491667,0.298639,0.379845,0.898767
difficulty,1.5,1024,1024-157,0.0,0.041667,0.0,0.041667,0.041667,0.0,0.575,0.273182,0.411624,1.02812
difficulty,1.5,1024,1024-158,0.275,0.458333,0.05,0.508333,0.508333,0.0,0.25,0.406696,0.646557,0.546895
difficulty,1.5,1024,1024-159,0.0,0.0,0.0,0.0,0.0,0.0,0.958333,0.209176,0.291582,1.380102
difficulty,1.5,1024,1024-160,0.066667,0.3,0.0,0.3,0.3,0.0,0.408333,0.328092,0.526771,0.78284
difficulty,1.5,1024,1024-161,0.0,0.0,0.0,0.0,0.0,0.0,1.0,0.153134,0.266434,1.766243
difficulty,1.5,1024,1024-162,0.1,0.366667,0.008333,0.375,0.375,0.0,0.341667,0.352039,0.53142,0.683946
difficulty,1.5,1024,1024-163,0.425,0.458333,0.333333,0.791667,0.708333,0.0,0.05,0.521282,0.594268,0.477322
difficulty,1.5,1024,1024-164,0.0,0.0,0.0,0.0,0.0,0.0,1.0,0.196086,0.392053,1.481033
difficulty,1.5,1024,1024-165,0.483333,0.45,0.341667,0.791667,0.708333,0.0,0.033333,0.522417,0.503013,0.471283
difficulty,1.5,1024,1024-166,0.2,0.433333,0.016667,0.45,0.45,0.0,0.325,0.380212,0.619421,0.613061
difficulty,1.5,1024,1024-167,0.191667,0.466667,0.0,0.466667,0.466667,0.0,0.3,0.377623,0.569209,0.588351
difficulty,1.5,1024,1024-168,0.366667,0.5,0.191667,0.691667,0.641667,0.0,0.108333,0.472196,0.577647,0.492824
difficulty,1.5,1024,1024-169,0.45,0.458333,0.383333,0.841667,0.675,0.0,0.0,0.556458,0.572526,0.506323
difficulty,1.5,1024,1024-170,0.0,0.0,0.0,0.0,0.0,0.0,1.0,0.159158,0.311357,1.722014
difficulty,1.5,1024,1024-171,0.0,0.0,0.0,0.0,0.0,0.0,1.0,0.135646,0.253932,1.904518
difficulty,1.5,1024,1024-172,0.25,0.583333,0.008333,0.591667,0.591667,0.0,0.216667,0.415381,0.443062,0.470242
difficulty,1.5,1024,1024-173,0.133333,0.4,0.0,0.4,0.4,0.0,0.358333,0.357869,0.498053,0.653706
difficulty,1.5,1024,1024-174,0.0,0.0,0.0,0.0,0.0,0.0,0.883333,0.218602,0.348733,1.336581
difficulty,1.5,1024,1024-175,0.166667,0.483333,0.0,0.483333,0.483333,0.0,0.283333,0.385104,0.47791,0.555462
difficulty,1.5,1024,1024-176,0.416667,0.441667,0.208333,0.65,0.608333,0.0,0.1,0.470248,0.550673,0.471743
difficulty,1.5,1024,1024-177,0.333333,0.416667,0.108333,0.525,0.525,0.0,0.241667,0.419237,0.569953,0.543527
difficulty,1.5,1024,1024-178,0.475,0.483333,0.191667,0.675,0.666667,0.0,0.05,0.477886,0.521989,0.432316
difficulty,1.5,1024,1024-179,0.191667,0.458333,0.0,0.458333,0.458333,0.0,0.266667,0.386229,0.560545,0.559491
difficulty,1.5,1024,1024-180,0.058333,0.366667,0.0,0.366667,0.366667,0.0,0.333333,0.344856,0.433014,0.69643
difficulty,1.5,1024,1024-181,0.0,0.066667,0.0,0.066667,0.066667,0.0,0.633333,0.261475,0.497693,1.103363
difficulty,1.5,1024,1024-182,0.108333,0.358333,0.0,0.358333,0.358333,0.0,0.341667,0.351789,0.461749,0.679754
difficulty,1.5,1024,1024-183,0.425,0.466667,0.166667,0.633333,0.633333,0.0,0.15,0.459797,0.500224,0.482189
difficulty,1.5,1024,1024-184,0.433333,0.441667,0.233333,0.675,0.625,0.0,0.066667,0.483774,0.513954,0.463809
difficulty,1.5,1024,1024-185,0.325,0.55,0.025,0.575,0.575,0.0,0.175,0.417934,0.467207,0.473702
difficulty,1.5,1024,1024-186,0.0,0.066667,0.0,0.066667,0.066667,0.0,0.583333,0.271367,0.496419,1.051457
difficulty,1.5,1024,1024-187,0.558333,0.283333,0.591667,0.875,0.6,0.033333,0.0,0.671323,0.48676,0.766818
difficulty,1.5,1024,1024-188,0.3,0.475,0.058333,0.533333,0.533333,0.0,0.208333,0.418957,0.556998,0.515842
difficulty,1.5,1024,1024-189,0.0,0.175,0.0,0.175,0.175,0.0,0.466667,0.301516,0.439624,0.894765
difficulty,1.5,1024,1024-190,0.475,0.458333,0.391667,0.85,0.683333,0.0,0.0,0.554717,0.548366,0.491363
difficulty,1.5,1024,1024-191,0.041667,0.258333,0.0,0.258333,0.258333,0.0,0.425,0.316858,0.481441,0.825341
difficulty,1.5,1024,1024-192,0.066667,0.383333,0.0,0.383333,0.383333,0.0,0.366667,0.352817,0.533457,0.662932
difficulty,1.5,1024,1024-193,0.575,0.425,0.5,0.925,0.633333,0.008333,0.0,0.638534,0.521473,0.613834
difficulty,1.5,1024,1024-194,0.0,0.266667,0.0,0.266667,0.266667,0.0,0.425,0.31572,0.461948,0.821874
difficulty,1.5,1024,1024-195,0.0,0.183333,0.0,0.183333,0.183333,0.0,0.483333,0.296657,0.466732,0.916794
difficulty,1.5,1024,1024-196,0.533333,0.491667,0.45,0.941667,0.758333,0.0,0.0,0.584688,0.461069,0.50121
difficulty,1.5,1024,1024-197,0.0,0.158333,0.0,0.158333,0.158333,0.0,0.516667,0.288027,0.505768,0.960955
difficulty,1.5,1024,1024-198,0.266667,0.508333,0.025,0.533333,0.533333,0.0,0.258333,0.400132,0.525394,0.553085
difficulty,1.5,1024,1024-199,0.383333,0.516667,0.125,0.641667,0.641667,0.0,0.116667,0.453297,0.529074,0.447018
difficulty,1.5,2026,2026-0,0.05,0.266667,0.0,0.266667,0.266667,0.0,0.458333,0.317936,0.568308,0.822525
difficulty,1.5,2026,2026-1,0.433333,0.45,0.233333,0.683333,0.666667,0.0,0.125,0.475059,0.615198,0.500594
difficulty,1.5,2026,2026-2,0.0,0.0,0.0,0.0,0.0,0.0,1.0,0.17994,0.387369,1.592415
difficulty,1.5,2026,2026-3,0.575,0.416667,0.458333,0.875,0.675,0.016667,0.0,0.644394,0.552741,0.658697
difficulty,1.5,2026,2026-4,0.433333,0.458333,0.383333,0.841667,0.725,0.0,0.016667,0.544798,0.570482,0.475611
difficulty,1.5,2026,2026-5,0.275,0.491667,0.025,0.516667,0.516667,0.0,0.241667,0.399075,0.572643,0.554553
difficulty,1.5,2026,2026-6,0.233333,0.4,0.066667,0.466667,0.466667,0.0,0.283333,0.390361,0.606376,0.605259
difficulty,1.5,2026,2026-7,0.408333,0.45,0.266667,0.716667,0.65,0.0,0.058333,0.494476,0.568212,0.459696
difficulty,1.5,2026,2026-8,0.241667,0.425,0.033333,0.458333,0.458333,0.0,0.283333,0.389513,0.627892,0.578582
difficulty,1.5,2026,2026-9,0.3,0.5,0.025,0.525,0.525,0.0,0.233333,0.407256,0.607143,0.545187
difficulty,1.5,2026,2026-10,0.458333,0.433333,0.4,0.833333,0.683333,0.0,0.0,0.556491,0.55833,0.495135
difficulty,1.5,2026,2026-11,0.483333,0.475,0.366667,0.841667,0.725,0.0,0.016667,0.542531,0.501595,0.486872
difficulty,1.5,2026,2026-12,0.416667,0.491667,0.116667,0.608333,0.608333,0.0,0.116667,0.450736,0.480808,0.436528
difficulty,1.5,2026,2026-13,0.325,0.475,0.108333,0.583333,0.566667,0.0,0.158333,0.43666,0.539454,0.492497
difficulty,1.5,2026,2026-14,0.466667,0.483333,0.208333,0.691667,0.666667,0.0,0.091667,0.483092,0.52516,0.463029
difficulty,1.5,2026,2026-15,0.075,0.325,0.0,0.325,0.325,0.0,0.4,0.33735,0.613304,0.737979
difficulty,1.5,2026,2026-16,0.258333,0.466667,0.033333,0.5,0.5,0.0,0.291667,0.395432,0.504285,0.577027
difficulty,1.5,2026,2026-17,0.441667,0.475,0.3,0.775,0.691667,0.0,0.025,0.522905,0.602331,0.471171
difficulty,1.5,2026,2026-18,0.391667,0.483333,0.125,0.608333,0.6,0.0,0.15,0.443478,0.491849,0.479139
difficulty,1.5,2026,2026-19,0.0,0.0,0.0,0.0,0.0,0.0,0.75,0.230662,0.543284,1.269868
difficulty,1.5,2026,2026-20,0.133333,0.408333,0.0,0.408333,0.408333,0.0,0.366667,0.360009,0.587558,0.64161
difficulty,1.5,2026,2026-21,0.45,0.408333,0.375,0.783333,0.65,0.0,0.016667,0.54912,0.579356,0.524775
difficulty,1.5,2026,2026-22,0.283333,0.433333,0.066667,0.5,0.5,0.0,0.233333,0.410346,0.559719,0.533159
difficulty,1.5,2026,2026-23,0.258333,0.4,0.083333,0.483333,0.475,0.0,0.25,0.402855,0.678642,0.571323
difficulty,1.5,2026,2026-24,0.475,0.475,0.383333,0.858333,0.725,0.0,0.008333,0.545491,0.551666,0.468928
difficulty,1.5,2026,2026-25,0.558333,0.133333,0.641667,0.775,0.558333,0.075,0.0,0.698669,0.527087,0.897337
difficulty,1.5,2026,2026-26,0.091667,0.433333,0.0,0.433333,0.433333,0.0,0.316667,0.363045,0.41025,0.618968
difficulty,1.5,2026,2026-27,0.583333,0.391667,0.491667,0.883333,0.641667,0.008333,0.0,0.650547,0.485594,0.671571
difficulty,1.5,2026,2026-28,0.0,0.033333,0.0,0.033333,0.033333,0.0,0.583333,0.267021,0.432343,1.066201
difficulty,1.5,2026,2026-29,0.458333,0.491667,0.191667,0.683333,0.633333,0.0,0.05,0.491606,0.480902,0.445638
difficulty,1.5,2026,2026-30,0.0,0.091667,0.0,0.091667,0.091667,0.0,0.558333,0.278743,0.43664,1.004255
difficulty,1.5,2026,2026-31,0.591667,0.458333,0.458333,0.916667,0.716667,0.025,0.0,0.629462,0.594071,0.592482
difficulty,1.5,2026,2026-32,0.45,0.491667,0.391667,0.883333,0.733333,0.0,0.0,0.561528,0.594551,0.468708
difficulty,1.5,2026,2026-33,0.475,0.366667,0.533333,0.9,0.625,0.0,0.0,0.62532,0.51213,0.644246
difficulty,1.5,2026,2026-34,0.0,0.291667,0.0,0.291667,0.291667,0.0,0.391667,0.326088,0.413211,0.767473
difficulty,1.5,2026,2026-35,0.45,0.45,0.383333,0.833333,0.708333,0.0,0.008333,0.546358,0.570812,0.473891
difficulty,1.5,2026,2026-36,0.116667,0.425,0.0,0.425,0.425,0.0,0.316667,0.369131,0.499777,0.596163
difficulty,1.5,2026,2026-37,0.208333,0.358333,0.025,0.383333,0.383333,0.0,0.35,0.368322,0.622793,0.666981
difficulty,1.5,2026,2026-38,0.391667,0.425,0.283333,0.708333,0.6,0.0,0.05,0.505309,0.671449,0.494053
difficulty,1.5,2026,2026-39,0.5,0.466667,0.475,0.941667,0.741667,0.0,0.0,0.586661,0.508105,0.516206
difficulty,1.5,2026,2026-40,0.458333,0.475,0.2,0.675,0.641667,0.0,0.083333,0.479964,0.555832,0.471553
difficulty,1.5,2026,2026-41,0.1,0.391667,0.0,0.391667,0.391667,0.0,0.325,0.356306,0.50423,0.677499
difficulty,1.5,2026,2026-42,0.05,0.325,0.0,0.325,0.325,0.0,0.391667,0.327974,0.495981,0.780318
difficulty,1.5,2026,2026-43,0.55,0.366667,0.491667,0.858333,0.616667,0.05,0.0,0.660682,0.509698,0.729891
difficulty,1.5,2026,2026-44,0.466667,0.458333,0.358333,0.816667,0.683333,0.0,0.0,0.543911,0.535145,0.480012
difficulty,1.5,2026,2026-45,0.483333,0.516667,0.358333,0.875,0.766667,0.0,0.0,0.542579,0.597754,0.436029
difficulty,1.5,2026,2026-46,0.25,0.0,0.616667,0.616667,0.25,0.216667,0.0,0.769426,0.376444,1.277834
difficulty,1.5,2026,2026-47,0.008333,0.3,0.0,0.3,0.3,0.0,0.416667,0.322542,0.483079,0.786874
difficulty,1.5,2026,2026-48,0.025,0.0,0.608333,0.608333,0.025,0.216667,0.0,0.789435,0.412617,1.374571
difficulty,1.5,2026,2026-49,0.0,0.0,0.0,0.0,0.0,0.433333,0.0,0.858193,0.285508,1.859381
difficulty,1.5,2026,2026-50,0.566667,0.291667,0.566667,0.858333,0.566667,0.05,0.0,0.678391,0.513217,0.795818
difficulty,1.5,2026,2026-51,0.525,0.466667,0.441667,0.908333,0.691667,0.0,0.0,0.584513,0.503757,0.528831
difficulty,1.5,2026,2026-52,0.066667,0.408333,0.0,0.408333,0.408333,0.0,0.375,0.349933,0.493287,0.665939
difficulty,1.5,2026,2026-53,0.483333,0.508333,0.4,0.908333,0.725,0.0,0.0,0.578439,0.630028,0.493055
difficulty,1.5,2026,2026-54,0.141667,0.408333,0.0,0.408333,0.408333,0.0,0.316667,0.365734,0.608478,0.640132
difficulty,1.5,2026,2026-55,0.425,0.45,0.191667,0.641667,0.633333,0.0,0.133333,0.459558,0.516412,0.483024
difficulty,1.5,2026,2026-56,0.233333,0.366667,0.075,0.441667,0.441667,0.0,0.308333,0.386485,0.67393,0.635789
difficulty,1.5,2026,2026-57,0.433333,0.475,0.225,0.7,0.633333,0.0,0.058333,0.493448,0.540781,0.460949
difficulty,1.5,2026,2026-58,0.525,0.416667,0.508333,0.925,0.666667,0.0,0.0,0.637943,0.518894,0.640052
difficulty,1.5,2026,2026-59,0.15,0.466667,0.0,0.466667,0.466667,0.0,0.3,0.374447,0.457231,0.586252
difficulty,1.5,2026,2026-60,0.016667,0.233333,0.0,0.233333,0.233333,0.0,0.475,0.301815,0.537556,0.905968
difficulty,1.5,2026,2026-61,0.016667,0.275,0.0,0.275,0.275,0.0,0.45,0.307377,0.491669,0.8832
difficulty,1.5,2026,2026-62,0.0,0.15,0.0,0.15,0.15,0.0,0.45,0.301615,0.442548,0.882572
difficulty,1.5,2026,2026-63,0.0,0.0,0.0,0.0,0.0,0.0,0.616667,0.25212,0.350462,1.148605
difficulty,1.5,2026,2026-64,0.0,0.225,0.0,0.225,0.225,0.0,0.475,0.30228,0.532752,0.891668
difficulty,1.5,2026,2026-65,0.541667,0.366667,0.558333,0.925,0.633333,0.016667,0.0,0.64839,0.474454,0.66403
difficulty,1.5,2026,2026-66,0.083333,0.358333,0.0,0.358333,0.358333,0.0,0.4,0.346389,0.59457,0.698919
difficulty,1.5,2026,2026-67,0.491667,0.508333,0.233333,0.741667,0.7,0.0,0.041667,0.499478,0.490943,0.437048
difficulty,1.5,2026,2026-68,0.0,0.1,0.0,0.1,0.1,0.0,0.633333,0.259375,0.510606,1.111385
difficulty,1.5,2026,2026-69,0.441667,0.491667,0.183333,0.675,0.666667,0.0,0.066667,0.477666,0.533604,0.44281
difficulty,1.5,2026,2026-70,0.0,0.0,0.0,0.0,0.0,0.0,0.991667,0.194523,0.371433,1.478229
difficulty,1.5,2026,2026-71,0.05,0.283333,0.0,0.283333,0.283333,0.0,0.383333,0.332361,0.544386,0.745161
difficulty,1.5,2026,2026-72,0.216667,0.0,0.6,0.6,0.216667,0.208333,0.0,0.774892,0.376021,1.301898
difficulty,1.5,2026,2026-73,0.1,0.391667,0.0,0.391667,0.391667,0.0,0.35,0.348139,0.570373,0.691966
difficulty,1.5,2026,2026-74,0.483333,0.425,0.491667,0.916667,0.625,0.008333,0.0,0.631595,0.460787,0.626152
difficulty,1.5,2026,2026-75,0.441667,0.5,0.291667,0.791667,0.708333,0.0,0.025,0.513155,0.567598,0.459331
difficulty,1.5,2026,2026-76,0.333333,0.466667,0.075,0.541667,0.541667,0.0,0.233333,0.420842,0.578173,0.532451
difficulty,1.5,2026,2026-77,0.1,0.375,0.0,0.375,0.375,0.0,0.383333,0.341741,0.585502,0.743977
difficulty,1.5,2026,2026-78,0.541667,0.341667,0.566667,0.908333,0.633333,0.016667,0.0,0.650107,0.460122,0.676251
difficulty,1.5,2026,2026-79,0.308333,0.433333,0.041667,0.475,0.475,0.0,0.208333,0.407279,0.637576,0.538456
difficulty,1.5,2026,2026-80,0.591667,0.333333,0.525,0.858333,0.608333,0.016667,0.0,0.666432,0.517091,0.735265
difficulty,1.5,2026,2026-81,0.15,0.366667,0.0,0.366667,0.366667,0.0,0.358333,0.351985,0.486179,0.708871
difficulty,1.5,2026,2026-82,0.466667,0.5,0.175,0.675,0.675,0.0,0.075,0.472221,0.483363,0.43508
difficulty,1.5,2026,2026-83,0.475,0.466667,0.3,0.766667,0.683333,0.0,0.025,0.516852,0.56158,0.466341
difficulty,1.5,2026,2026-84,0.441667,0.441667,0.3,0.741667,0.691667,0.0,0.058333,0.50438,0.582739,0.48044
difficulty,1.5,2026,2026-85,0.0,0.041667,0.0,0.041667,0.041667,0.0,0.616667,0.261794,0.463756,1.093969
difficulty,1.5,2026,2026-86,0.083333,0.391667,0.0,0.391667,0.391667,0.0,0.341667,0.357582,0.451588,0.635379
difficulty,1.5,2026,2026-87,0.258333,0.533333,0.016667,0.55,0.55,0.0,0.175,0.413849,0.545694,0.484388
difficulty,1.5,2026,2026-88,0.041667,0.308333,0.0,0.308333,0.308333,0.0,0.391667,0.332282,0.428729,0.749619
difficulty,1.5,2026,2026-89,0.441667,0.491667,0.341667,0.833333,0.725,0.0,0.016667,0.526444,0.66291,0.441015
difficulty,1.5,2026,2026-90,0.45,0.466667,0.366667,0.833333,0.766667,0.0,0.0,0.530572,0.572259,0.431309
difficulty,1.5,2026,2026-91,0.0,0.0,0.0,0.0,0.0,0.0,1.0,0.178492,0.253969,1.574665
difficulty,1.5,2026,2026-92,0.0,0.0,0.0,0.0,0.0,0.0,1.0,0.191037,0.396421,1.515238
difficulty,1.5,2026,2026-93,0.0,0.05,0.0,0.05,0.05,0.0,0.641667,0.26426,0.402587,1.076997
difficulty,1.5,2026,2026-94,0.408333,0.458333,0.233333,0.691667,0.65,0.0,0.116667,0.482179,0.498279,0.477083
difficulty,1.5,2026,2026-95,0.466667,0.083333,0.683333,0.766667,0.466667,0.1,0.0,0.720921,0.520814,1.000332
difficulty,1.5,2026,2026-96,0.275,0.483333,0.05,0.533333,0.533333,0.0,0.25,0.402598,0.478406,0.530516
difficulty,1.5,2026,2026-97,0.425,0.475,0.233333,0.708333,0.675,0.0,0.066667,0.484512,0.580704,0.46589
difficulty,1.5,2026,2026-98,0.0,0.175,0.0,0.175,0.175,0.0,0.516667,0.295139,0.471855,0.927764
difficulty,1.5,2026,2026-99,0.0,0.183333,0.0,0.183333,0.183333,0.0,0.475,0.29505,0.456664,0.924235
difficulty,1.5,2026,2026-100,0.0,0.0,0.0,0.0,0.0,0.0,1.0,0.169712,0.320828,1.640831
difficulty,1.5,2026,2026-101,0.308333,0.441667,0.133333,0.575,0.55,0.0,0.208333,0.43344,0.629749,0.537127
difficulty,1.5,2026,2026-102,0.55,0.458333,0.491667,0.95,0.741667,0.0,0.0,0.595274,0.508916,0.516092
difficulty,1.5,2026,2026-103,0.166667,0.433333,0.016667,0.45,0.45,0.0,0.325,0.378725,0.604656,0.610597
difficulty,1.5,2026,2026-104,0.55,0.4,0.458333,0.858333,0.633333,0.05,0.0,0.656258,0.509203,0.715981
difficulty,1.5,2026,2026-105,0.408333,0.433333,0.241667,0.675,0.616667,0.0,0.1,0.481338,0.572338,0.507855
difficulty,1.5,2026,2026-106,0.416667,0.466667,0.116667,0.583333,0.575,0.0,0.133333,0.448546,0.528239,0.464209
difficulty,1.5,2026,2026-107,0.45,0.433333,0.333333,0.766667,0.658333,0.0,0.016667,0.527324,0.564203,0.48219
difficulty,1.5,2026,2026-108,0.483333,0.416667,0.4,0.816667,0.7,0.0,0.025,0.544367,0.473115,0.48948
difficulty,1.5,2026,2026-109,0.483333,0.466667,0.466667,0.933333,0.7,0.008333,0.0,0.619485,0.530773,0.592398
difficulty,1.5,2026,2026-110,0.0,0.241667,0.0,0.241667,0.241667,0.0,0.408333,0.320898,0.502052,0.789483
difficulty,1.5,2026,2026-111,0.0,0.0,0.0,0.0,0.0,0.0,1.0,0.141527,0.238117,1.858741
difficulty,1.5,2026,2026-112,0.408333,0.508333,0.116667,0.625,0.625,0.0,0.091667,0.458365,0.570663,0.438076
difficulty,1.5,2026,2026-113,0.05,0.416667,0.0,0.416667,0.416667,0.0,0.333333,0.358773,0.462813,0.619299
difficulty,1.5,2026,2026-114,0.316667,0.458333,0.091667,0.55,0.533333,0.0,0.158333,0.432926,0.605532,0.490739
difficulty,1.5,2026,2026-115,0.525,0.225,0.591667,0.816667,0.525,0.05,0.0,0.694539,0.461184,0.870915
difficulty,1.5,2026,2026-116,0.0,0.133333,0.0,0.133333,0.133333,0.0,0.391667,0.307401,0.313534,0.85259
difficulty,1.5,2026,2026-117,0.475,0.525,0.366667,0.891667,0.783333,0.0,0.0,0.542886,0.62723,0.426488
difficulty,1.5,2026,2026-118,0.475,0.466667,0.433333,0.9,0.675,0.0,0.0,0.597947,0.512989,0.546334
difficulty,1.5,2026,2026-119,0.433333,0.466667,0.3,0.766667,0.716667,0.0,0.041667,0.511216,0.590147,0.450187
difficulty,1.5,2026,2026-120,0.491667,0.45,0.475,0.925,0.675,0.008333,0.0,0.622765,0.494907,0.600738
difficulty,1.5,2026,2026-121,0.158333,0.45,0.0,0.45,0.45,0.0,0.308333,0.373398,0.534693,0.589489
difficulty,1.5,2026,2026-122,0.033333,0.225,0.0,0.225,0.225,0.0,0.425,0.317232,0.636602,0.815829
difficulty,1.5,2026,2026-123,0.5,0.466667,0.458333,0.925,0.7,0.0,0.0,0.59703,0.564599,0.532625
difficulty,1.5,2026,2026-124,0.458333,0.416667,0.475,0.891667,0.691667,0.0,0.0,0.577808,0.473319,0.529189
difficulty,1.5,2026,2026-125,0.525,0.333333,0.533333,0.866667,0.616667,0.05,0.0,0.660988,0.48355,0.734131
difficulty,1.5,2026,2026-126,0.516667,0.516667,0.241667,0.758333,0.733333,0.0,0.058333,0.503113,0.451417,0.436832
difficulty,1.5,2026,2026-127,0.558333,0.325,0.508333,0.833333,0.583333,0.066667,0.0,0.672559,0.566786,0.779526
difficulty,1.5,2026,2026-128,0.341667,0.491667,0.058333,0.55,0.55,0.0,0.208333,0.416715,0.519018,0.529799
difficulty,1.5,2026,2026-129,0.0,0.125,0.0,0.125,0.125,0.0,0.483333,0.295735,0.41379,0.915847
difficulty,1.5,2026,2026-130,0.0,0.0,0.0,0.0,0.0,0.0,1.0,0.163127,0.286122,1.69878
difficulty,1.5,2026,2026-131,0.0,0.158333,0.0,0.158333,0.158333,0.0,0.491667,0.291229,0.478212,0.95444
difficulty,1.5,2026,2026-132,0.558333,0.491667,0.475,0.966667,0.766667,0.0,0.0,0.589745,0.457516,0.508282
difficulty,1.5,2026,2026-133,0.0,0.0,0.0,0.0,0.0,0.0,0.75,0.239012,0.379609,1.217301
difficulty,1.5,2026,2026-134,0.225,0.516667,0.008333,0.525,0.525,0.0,0.241667,0.397152,0.450741,0.528351
difficulty,1.5,2026,2026-135,0.441667,0.016667,0.758333,0.775,0.441667,0.083333,0.0,0.729747,0.495923,1.035478
difficulty,1.5,2026,2026-136,0.483333,0.45,0.466667,0.916667,0.708333,0.0,0.0,0.594501,0.468093,0.541883
difficulty,1.5,2026,2026-137,0.5,0.183333,0.608333,0.791667,0.5,0.1,0.0,0.708664,0.467136,0.947696
difficulty,1.5,2026,2026-138,0.0,0.175,0.0,0.175,0.175,0.0,0.466667,0.29768,0.469196,0.909475
difficulty,1.5,2026,2026-139,0.0,0.0,0.0,0.0,0.0,0.0,1.0,0.114676,0.311162,2.100339
difficulty,1.5,2026,2026-140,0.508333,0.308333,0.533333,0.841667,0.558333,0.058333,0.0,0.675574,0.49076,0.791558
difficulty,1.5,2026,2026-141,0.0,0.0,0.0,0.0,0.0,0.0,0.766667,0.23643,0.435337,1.229973
difficulty,1.5,2026,2026-142,0.4,0.433333,0.183333,0.616667,0.583333,0.0,0.133333,0.46491,0.55253,0.481287
difficulty,1.5,2026,2026-143,0.425,0.45,0.266667,0.716667,0.666667,0.0,0.091667,0.485489,0.55824,0.485279
difficulty,1.5,2026,2026-144,0.0,0.308333,0.0,0.308333,0.308333,0.0,0.391667,0.330511,0.361473,0.752488
difficulty,1.5,2026,2026-145,0.483333,0.216667,0.566667,0.783333,0.516667,0.058333,0.0,0.695233,0.417429,0.88174
difficulty,1.5,2026,2026-146,0.6,0.316667,0.566667,0.883333,0.641667,0.033333,0.0,0.65878,0.571135,0.705682
difficulty,1.5,2026,2026-147,0.441667,0.508333,0.275,0.783333,0.725,0.0,0.033333,0.506888,0.664072,0.432254
difficulty,1.5,2026,2026-148,0.416667,0.516667,0.141667,0.658333,0.658333,0.0,0.116667,0.457348,0.494248,0.450536
difficulty,1.5,2026,2026-149,0.425,0.466667,0.2,0.666667,0.666667,0.0,0.108333,0.467526,0.612064,0.468268
difficulty,1.5,2026,2026-150,0.0,0.108333,0.0,0.108333,0.108333,0.0,0.533333,0.28426,0.478539,0.981869
difficulty,1.5,2026,2026-151,0.266667,0.466667,0.041667,0.508333,0.508333,0.0,0.258333,0.402242,0.620191,0.572652
difficulty,1.5,2026,2026-152,0.391667,0.55,0.058333,0.608333,0.608333,0.0,0.125,0.438239,0.491928,0.440347
difficulty,1.5,2026,2026-153,0.033333,0.291667,0.0,0.291667,0.291667,0.0,0.4,0.325965,0.465601,0.780057
difficulty,1.5,2026,2026-154,0.458333,0.491667,0.408333,0.9,0.716667,0.0,0.0,0.570171,0.581771,0.510082
difficulty,1.5,2026,2026-155,0.0,0.0,0.0,0.0,0.0,0.0,0.691667,0.240442,0.480137,1.233258
difficulty,1.5,2026,2026-156,0.283333,0.483333,0.016667,0.5,0.5,0.0,0.241667,0.402286,0.459328,0.545707
difficulty,1.5,2026,2026-157,0.0,0.0,0.0,0.0,0.0,0.0,1.0,0.141819,0.237976,1.852937
difficulty,1.5,2026,2026-158,0.45,0.491667,0.341667,0.833333,0.733333,0.0,0.025,0.528346,0.529842,0.446476
difficulty,1.5,2026,2026-159,0.525,0.45,0.45,0.9,0.716667,0.0,0.0,0.573788,0.494092,0.507102
difficulty,1.5,2026,2026-160,0.475,0.45,0.4,0.85,0.733333,0.0,0.041667,0.543256,0.564755,0.482037
difficulty,1.5,2026,2026-161,0.0,0.0,0.225,0.225,0.0,0.375,0.0,0.83836,0.311838,1.706921
difficulty,1.5,2026,2026-162,0.575,0.491667,0.45,0.941667,0.733333,0.0,0.0,0.600157,0.495643,0.54224
difficulty,1.5,2026,2026-163,0.0,0.208333,0.0,0.208333,0.208333,0.0,0.508333,0.29838,0.549599,0.918239
difficulty,1.5,2026,2026-164,0.0,0.0,0.566667,0.566667,0.0,0.241667,0.0,0.803289,0.382158,1.462842
difficulty,1.5,2026,2026-165,0.0,0.291667,0.0,0.291667,0.291667,0.0,0.433333,0.318755,0.445851,0.812617
difficulty,1.5,2026,2026-166,0.458333,0.491667,0.4,0.891667,0.7,0.0,0.0,0.566415,0.548402,0.500592
difficulty,1.5,2026,2026-167,0.45,0.458333,0.4,0.858333,0.7,0.0,0.016667,0.555219,0.583154,0.498724
difficulty,1.5,2026,2026-168,0.025,0.266667,0.0,0.266667,0.266667,0.0,0.483333,0.308908,0.545945,0.867467
difficulty,1.5,2026,2026-169,0.516667,0.341667,0.483333,0.825,0.6,0.041667,0.0,0.662077,0.491009,0.74183
difficulty,1.5,2026,2026-170,0.408333,0.466667,0.308333,0.775,0.666667,0.0,0.05,0.517804,0.515901,0.500155
difficulty,1.5,2026,2026-171,0.5,0.466667,0.375,0.841667,0.733333,0.0,0.0,0.547084,0.503675,0.480552
difficulty,1.5,2026,2026-172,0.091667,0.341667,0.0,0.341667,0.341667,0.0,0.358333,0.343388,0.520166,0.711017
difficulty,1.5,2026,2026-173,0.566667,0.4,0.533333,0.933333,0.666667,0.016667,0.0,0.639585,0.518765,0.634375
difficulty,1.5,2026,2026-174,0.016667,0.241667,0.0,0.241667,0.241667,0.0,0.491667,0.308695,0.593402,0.865028
difficulty,1.5,2026,2026-175,0.0,0.0,0.0,0.0,0.0,0.0,1.0,0.199838,0.293046,1.436693
difficulty,1.5,2026,2026-176,0.608333,0.383333,0.508333,0.891667,0.658333,0.016667,0.0,0.649274,0.544491,0.664679
difficulty,1.5,2026,2026-177,0.191667,0.375,0.058333,0.433333,0.433333,0.0,0.316667,0.377574,0.602054,0.652087
difficulty,1.5,2026,2026-178,0.416667,0.433333,0.141667,0.575,0.575,0.0,0.108333,0.455747,0.539832,0.450997
difficulty,1.5,2026,2026-179,0.466667,0.083333,0.658333,0.741667,0.466667,0.108333,0.0,0.724325,0.4599,1.026516
difficulty,1.5,2026,2026-180,0.516667,0.508333,0.416667,0.925,0.733333,0.0,0.0,0.605039,0.586307,0.53782
difficulty,1.5,2026,2026-181,0.45,0.433333,0.366667,0.8,0.666667,0.0,0.016667,0.537903,0.598709,0.479727
difficulty,1.5,2026,2026-182,0.433333,0.5,0.433333,0.933333,0.708333,0.016667,0.0,0.602263,0.565292,0.560025
difficulty,1.5,2026,2026-183,0.025,0.316667,0.0,0.316667,0.316667,0.0,0.358333,0.338944,0.467717,0.709639
difficulty,1.5,2026,2026-184,0.491667,0.483333,0.383333,0.866667,0.725,0.0,0.0,0.559005,0.565711,0.484411
difficulty,1.5,2026,2026-185,0.508333,0.491667,0.45,0.941667,0.708333,0.008333,0.0,0.602992,0.576174,0.543067
difficulty,1.5,2026,2026-186,0.508333,0.425,0.433333,0.858333,0.725,0.0,0.0,0.567828,0.523602,0.482963
difficulty,1.5,2026,2026-187,0.333333,0.533333,0.05,0.583333,0.583333,0.0,0.166667,0.427535,0.505036,0.47176
difficulty,1.5,2026,2026-188,0.0,0.0,0.0,0.0,0.0,0.0,1.0,0.039678,0.114785,3.217467
difficulty,1.5,2026,2026-189,0.483333,0.475,0.333333,0.808333,0.7,0.0,0.016667,0.53037,0.561898,0.465345
difficulty,1.5,2026,2026-190,0.45,0.466667,0.2,0.666667,0.641667,0.0,0.1,0.478385,0.493307,0.447501
difficulty,1.5,2026,2026-191,0.283333,0.516667,0.025,0.541667,0.541667,0.0,0.225,0.411629,0.442121,0.510067
difficulty,1.5,2026,2026-192,0.491667,0.458333,0.441667,0.9,0.741667,0.0,0.0,0.572971,0.51113,0.506531
difficulty,1.5,2026,2026-193,0.433333,0.491667,0.183333,0.675,0.658333,0.0,0.075,0.471897,0.626579,0.440923
difficulty,1.5,2026,2026-194,0.458333,0.433333,0.275,0.708333,0.666667,0.0,0.091667,0.493857,0.522884,0.472301
difficulty,1.5,2026,2026-195,0.0,0.0,0.0,0.0,0.0,0.0,0.783333,0.23231,0.413848,1.253927
difficulty,1.5,2026,2026-196,0.0,0.0,0.0,0.0,0.0,0.0,0.658333,0.251565,0.328407,1.154569
difficulty,1.5,2026,2026-197,0.466667,0.533333,0.258333,0.791667,0.758333,0.0,0.033333,0.504653,0.528823,0.42342
difficulty,1.5,2026,2026-198,0.366667,0.466667,0.125,0.591667,0.591667,0.0,0.158333,0.442288,0.620292,0.477034
difficulty,1.5,2026,2026-199,0.491667,0.5,0.216667,0.716667,0.716667,0.0,0.058333,0.489997,0.441216,0.416768
