rule,alpha,seed,student,zpd,zpd_40_60,zpd_60_80,zpd_40_80,zpd_40_70,bored,frustr,mean_p,gain,track
volkan,0.0,42,42-0,0.725,0.241667,0.758333,1.0,0.725,0.0,0.0,0.6551,1.16,0.659463
volkan,0.0,42,42-1,0.0,0.0,0.0,0.0,0.0,0.0,1.0,0.167226,-1.56,1.672497
volkan,0.0,42,42-2,0.175,0.0,0.616667,0.616667,0.175,0.066667,0.0,0.767677,1.2,1.228554
volkan,0.0,42,42-3,0.0,0.0,0.258333,0.258333,0.0,0.5,0.0,0.832939,1.4,1.65698
volkan,0.0,42,42-4,0.0,0.0,0.0,0.0,0.0,0.0,1.0,0.060984,-2.04,2.891165
volkan,0.0,42,42-5,0.0,0.0,0.0,0.0,0.0,0.0,1.0,0.120436,-1.84,2.089633
volkan,0.0,42,42-6,0.766667,1.0,0.0,1.0,1.0,0.0,0.0,0.514028,-0.2,0.071352
volkan,0.0,42,42-7,0.0,0.05,0.0,0.05,0.05,0.0,0.491667,0.306074,-1.2,0.841813
volkan,0.0,42,42-8,0.016667,0.641667,0.0,0.641667,0.641667,0.0,0.0,0.414653,-0.8,0.349238
volkan,0.0,42,42-9,0.0,0.0,0.0,0.0,0.0,0.0,0.983333,0.196599,-1.4,1.45173
volkan,0.0,42,42-10,0.025,0.0,0.341667,0.341667,0.025,0.366667,0.0,0.819945,1.64,1.580498
volkan,0.0,42,42-11,0.125,0.0,0.491667,0.491667,0.125,0.283333,0.0,0.791985,1.52,1.396884
volkan,0.0,42,42-12,1.0,0.891667,0.108333,1.0,1.0,0.0,0.0,0.56986,0.32,0.282051
volkan,0.0,42,42-13,0.0,0.0,0.241667,0.241667,0.0,0.508333,0.0,0.851982,1.76,1.835995
volkan,0.0,42,42-14,0.508333,0.008333,0.791667,0.8,0.508333,0.0,0.0,0.711038,1.28,0.933324
volkan,0.0,42,42-15,0.0,0.0,0.0,0.0,0.0,0.0,0.95,0.175727,-1.84,1.636326
volkan,0.0,42,42-16,1.0,0.283333,0.716667,1.0,1.0,0.0,0.0,0.615311,0.28,0.470337
volkan,0.0,42,42-17,0.0,0.0,0.0,0.0,0.0,0.0,1.0,0.165913,-1.64,1.699741
volkan,0.0,42,42-18,0.0,0.0,0.391667,0.391667,0.0,0.341667,0.0,0.814228,1.64,1.545142
volkan,0.0,42,42-19,0.008333,0.675,0.0,0.675,0.675,0.0,0.008333,0.431689,-0.8,0.280831
volkan,0.0,42,42-20,0.0,0.741667,0.0,0.741667,0.741667,0.0,0.0,0.414825,-0.44,0.345295
volkan,0.0,42,42-21,0.0,0.0,0.0,0.0,0.0,0.0,0.825,0.234171,-1.24,1.215726
volkan,0.0,42,42-22,0.0,0.0,0.141667,0.141667,0.0,0.616667,0.0,0.865994,1.72,1.949561
volkan,0.0,42,42-23,0.708333,1.0,0.0,1.0,1.0,0.0,0.0,0.507144,0.28,0.078978
volkan,0.0,42,42-24,0.0,0.0,0.0,0.0,0.0,0.0,0.608333,0.276954,-1.28,0.984751
volkan,0.0,42,42-25,0.0,0.233333,0.0,0.233333,0.233333,0.0,0.45,0.313593,-1.08,0.814767
volkan,0.0,42,42-26,0.283333,0.0,0.633333,0.633333,0.283333,0.166667,0.0,0.757724,1.6,1.195408
volkan,0.0,42,42-27,1.0,0.266667,0.733333,1.0,1.0,0.0,0.0,0.630277,0.2,0.535394
volkan,0.0,42,42-28,0.7,0.041667,0.958333,1.0,0.7,0.0,0.0,0.676752,0.68,0.746866
volkan,0.0,42,42-29,0.566667,0.066667,0.933333,1.0,0.566667,0.0,0.0,0.683039,0.92,0.779231
volkan,0.0,42,42-30,0.0,0.0,0.0,0.0,0.0,1.0,0.0,0.948599,2.08,3.07687
volkan,0.0,42,42-31,0.0,0.025,0.0,0.025,0.025,0.0,0.3,0.32893,-0.8,0.725128
volkan,0.0,42,42-32,0.0,0.0,0.0,0.0,0.0,0.0,0.483333,0.299666,-0.96,0.865767
volkan,0.0,42,42-33,0.0,0.0,0.0,0.0,0.0,0.0,0.966667,0.184338,-1.84,1.57569
volkan,0.0,42,42-34,0.425,0.0,0.875,0.875,0.425,0.0,0.0,0.723713,1.0,0.979957
volkan,0.0,42,42-35,0.0,0.0,0.2,0.2,0.0,0.566667,0.0,0.857188,1.6,1.862576
volkan,0.0,42,42-36,0.083333,1.0,0.0,1.0,1.0,0.0,0.0,0.478655,0.16,0.088566
volkan,0.0,42,42-37,0.0,0.0,0.0,0.0,0.0,0.0,0.958333,0.210206,-1.36,1.3675
volkan,0.0,42,42-38,0.0,0.0,0.0,0.0,0.0,0.0,0.9,0.203654,-1.44,1.412389
volkan,0.0,42,42-39,0.158333,0.0,0.558333,0.558333,0.158333,0.225,0.0,0.777539,1.6,1.306367
volkan,0.0,42,42-40,0.075,0.0,0.533333,0.533333,0.075,0.208333,0.0,0.792842,1.48,1.383885
volkan,0.0,42,42-41,0.383333,0.0,0.783333,0.783333,0.383333,0.0,0.0,0.730903,1.2,1.031417
volkan,0.0,42,42-42,0.0,0.0,0.0,0.0,0.0,0.0,0.758333,0.236217,-1.4,1.218285
volkan,0.0,42,42-43,0.65,0.35,0.608333,0.958333,0.65,0.0,0.0,0.658129,1.24,0.681094
volkan,0.0,42,42-44,0.991667,0.683333,0.316667,1.0,1.0,0.0,0.0,0.575729,0.52,0.307191
volkan,0.0,42,42-45,1.0,0.65,0.35,1.0,1.0,0.0,0.0,0.583599,0.52,0.34009
volkan,0.0,42,42-46,0.0,0.0,0.566667,0.566667,0.0,0.266667,0.0,0.797987,1.52,1.428957
volkan,0.0,42,42-47,1.0,0.841667,0.158333,1.0,1.0,0.0,0.0,0.578983,0.28,0.319277
volkan,0.0,42,42-48,0.191667,0.0,0.841667,0.841667,0.191667,0.0,0.0,0.750141,1.04,1.119709
volkan,0.0,42,42-49,0.975,0.65,0.35,1.0,1.0,0.0,0.0,0.585221,0.8,0.349604
volkan,0.0,42,42-50,1.0,0.483333,0.516667,1.0,1.0,0.0,0.0,0.607976,0.52,0.441081
volkan,0.0,42,42-51,0.433333,0.0,0.883333,0.883333,0.433333,0.0,0.0,0.719927,0.96,0.961432
volkan,0.0,42,42-52,0.0,0.0,0.0,0.0,0.0,0.0,1.0,0.088242,-2.16,2.489729
volkan,0.0,42,42-53,0.0,0.175,0.0,0.175,0.175,0.0,0.408333,0.319298,-1.12,0.774957
volkan,0.0,42,42-54,0.0,0.008333,0.0,0.008333,0.008333,0.0,0.508333,0.289661,-1.12,0.928482
volkan,0.0,42,42-55,0.0,0.0,0.0,0.0,0.0,0.0,0.6,0.272922,-1.0,0.998896
volkan,0.0,42,42-56,0.0,0.166667,0.0,0.166667,0.166667,0.0,0.475,0.309919,-1.32,0.831652
volkan,0.0,42,42-57,0.0,0.0,0.0,0.0,0.0,0.716667,0.0,0.885816,1.48,2.121516
volkan,0.0,42,42-58,0.0,0.0,0.0,0.0,0.0,0.0,1.0,0.216312,-1.2,1.320973
volkan,0.0,42,42-59,0.0,0.0,0.383333,0.383333,0.0,0.4,0.0,0.828842,1.64,1.642084
volkan,0.0,42,42-60,0.0,0.0,0.0,0.0,0.0,0.0,1.0,0.074336,-2.08,2.659424
volkan,0.0,42,42-61,0.0,0.058333,0.0,0.058333,0.058333,0.0,0.55,0.297357,-1.2,0.882121
volkan,0.0,42,42-62,0.975,0.441667,0.558333,1.0,0.975,0.0,0.0,0.61388,0.68,0.471321
volkan,0.0,42,42-63,0.7,0.0,1.0,1.0,0.7,0.0,0.0,0.681595,0.52,0.764837
volkan,0.0,42,42-64,0.191667,0.0,0.608333,0.608333,0.191667,0.175,0.0,0.77037,1.36,1.252818
volkan,0.0,42,42-65,0.041667,0.0,0.508333,0.508333,0.041667,0.258333,0.0,0.800408,1.56,1.442723
volkan,0.0,42,42-66,0.0,0.15,0.0,0.15,0.15,0.0,0.375,0.321166,-1.0,0.763775
volkan,0.0,42,42-67,0.0,0.0,0.0,0.0,0.0,0.0,0.241667,0.331181,-0.64,0.708198
volkan,0.0,42,42-68,0.033333,0.0,0.625,0.625,0.033333,0.166667,0.0,0.781922,1.12,1.3095
volkan,0.0,42,42-69,0.0,0.966667,0.0,0.966667,0.966667,0.0,0.0,0.429583,-0.12,0.283791
volkan,0.0,42,42-70,0.0,0.0,0.0,0.0,0.0,0.0,1.0,0.112145,-2.0,2.19135
volkan,0.0,42,42-71,0.0,0.0,0.0,0.0,0.0,0.0,1.0,0.141405,-1.64,1.871952
volkan,0.0,42,42-72,0.0,0.0,0.0,0.0,0.0,0.0,1.0,0.181545,-1.52,1.564233
volkan,0.0,42,42-73,0.316667,0.0,0.858333,0.858333,0.316667,0.0,0.0,0.729267,1.2,1.01157
volkan,0.0,42,42-74,0.975,0.991667,0.008333,1.0,1.0,0.0,0.0,0.550563,0.28,0.204615
volkan,0.0,42,42-75,0.108333,0.0,0.7,0.7,0.108333,0.133333,0.0,0.770385,1.4,1.246655
volkan,0.0,42,42-76,0.0,0.033333,0.0,0.033333,0.033333,0.0,0.316667,0.327997,-0.88,0.727913
volkan,0.0,42,42-77,1.0,0.808333,0.191667,1.0,1.0,0.0,0.0,0.577528,0.32,0.313162
volkan,0.0,42,42-78,0.341667,0.0,0.866667,0.866667,0.341667,0.0,0.0,0.729213,1.0,1.007004
volkan,0.0,42,42-79,0.0,0.45,0.0,0.45,0.45,0.0,0.0,0.387553,-0.32,0.459705
volkan,0.0,42,42-80,0.991667,0.058333,0.941667,1.0,0.991667,0.0,0.0,0.635238,0.44,0.556509
volkan,0.0,42,42-81,0.0,0.0,0.0,0.0,0.0,0.0,0.575,0.273696,-1.0,0.994273
volkan,0.0,42,42-82,0.0,0.175,0.0,0.175,0.175,0.0,0.383333,0.320449,-1.16,0.773671
volkan,0.0,42,42-83,0.0,0.133333,0.0,0.133333,0.133333,0.0,0.0,0.361771,-0.36,0.569381
volkan,0.0,42,42-84,0.0,0.0,0.0,0.0,0.0,0.0,1.0,0.128418,-1.84,2.014239
volkan,0.0,42,42-85,0.35,0.0,0.758333,0.758333,0.35,0.016667,0.0,0.740674,1.36,1.080786
volkan,0.0,42,42-86,0.0,0.016667,0.0,0.016667,0.016667,0.0,0.091667,0.348194,-0.48,0.630742
volkan,0.0,42,42-87,0.033333,0.783333,0.0,0.783333,0.783333,0.0,0.0,0.425349,-0.64,0.304253
volkan,0.0,42,42-88,0.833333,0.0,1.0,1.0,0.833333,0.0,0.0,0.670825,0.56,0.714987
volkan,0.0,42,42-89,0.408333,0.008333,0.783333,0.791667,0.408333,0.0,0.0,0.725679,1.24,1.000454
volkan,0.0,42,42-90,0.591667,0.0,1.0,1.0,0.591667,0.0,0.0,0.687556,0.68,0.798191
volkan,0.0,42,42-91,0.0,0.783333,0.0,0.783333,0.783333,0.0,0.0,0.440688,-0.56,0.240607
volkan,0.0,42,42-92,0.0,0.033333,0.0,0.033333,0.033333,0.0,0.0,0.364699,-0.32,0.555797
volkan,0.0,42,42-93,0.025,1.0,0.0,1.0,1.0,0.0,0.0,0.462058,-0.04,0.153623
volkan,0.0,42,42-94,0.0,0.0,0.0,0.0,0.0,0.0,1.0,0.078008,-2.04,2.616958
volkan,0.0,42,42-95,0.0,0.0,0.0,0.0,0.0,0.0,1.0,0.106122,-1.8,2.223596
volkan,0.0,42,42-96,0.0,0.0,0.0,0.0,0.0,0.0,1.0,0.105633,-2.08,2.271549
volkan,0.0,42,42-97,0.0,0.0,0.0,0.0,0.0,0.0,1.0,0.164999,-1.64,1.70176
volkan,0.0,42,42-98,0.75,0.05,0.95,1.0,0.75,0.0,0.0,0.66091,0.8,0.674936
volkan,0.0,42,42-99,0.0,0.0,0.0,0.0,0.0,0.0,1.0,0.149513,-2.04,1.856938
volkan,0.0,42,42-100,0.0,0.033333,0.0,0.033333,0.033333,0.0,0.641667,0.27438,-1.32,1.004075
volkan,0.0,42,42-101,0.0,0.0,0.116667,0.116667,0.0,0.741667,0.0,0.89014,2.12,2.237812
volkan,0.0,42,42-102,0.0,0.116667,0.0,0.116667,0.116667,0.0,0.475,0.307757,-1.16,0.834861
volkan,0.0,42,42-103,0.141667,0.0,0.758333,0.758333,0.141667,0.025,0.0,0.756272,1.12,1.154061
volkan,0.0,42,42-104,0.0,0.0,0.0,0.0,0.0,0.0,1.0,0.173223,-1.76,1.649709
volkan,0.0,42,42-105,0.0,0.933333,0.0,0.933333,0.933333,0.0,0.0,0.429422,-0.2,0.284604
volkan,0.0,42,42-106,0.0,0.0,0.0,0.0,0.0,0.0,1.0,0.171431,-1.56,1.648455
volkan,0.0,42,42-107,0.0,0.041667,0.0,0.041667,0.041667,0.0,0.475,0.301988,-1.28,0.863888
volkan,0.0,42,42-108,0.058333,0.0,0.558333,0.558333,0.058333,0.133333,0.0,0.777771,1.2,1.282971
volkan,0.0,42,42-109,0.0,0.0,0.0,0.0,0.0,0.0,1.0,0.068431,-2.32,2.802976
volkan,0.0,42,42-110,0.425,0.0,0.783333,0.783333,0.425,0.025,0.0,0.719184,1.4,0.976224
volkan,0.0,42,42-111,0.983333,0.55,0.45,1.0,0.983333,0.0,0.0,0.607123,0.64,0.438888
volkan,0.0,42,42-112,0.0,0.0,0.0,0.0,0.0,0.0,0.65,0.260107,-1.32,1.088909
volkan,0.0,42,42-113,0.0,0.0,0.0,0.0,0.0,0.0,1.0,0.106295,-1.72,2.228369
volkan,0.0,42,42-114,1.0,0.691667,0.308333,1.0,1.0,0.0,0.0,0.577215,0.72,0.313788
volkan,0.0,42,42-115,0.0,0.0,0.0,0.0,0.0,0.0,0.541667,0.284715,-1.0,0.9359
volkan,0.0,42,42-116,0.691667,0.2,0.8,1.0,0.691667,0.0,0.0,0.656219,0.92,0.658211
volkan,0.0,42,42-117,0.983333,0.566667,0.433333,1.0,1.0,0.0,0.0,0.587825,0.64,0.358087
volkan,0.0,42,42-118,0.0,0.0,0.0,0.0,0.0,0.916667,0.0,0.918522,2.12,2.566868
volkan,0.0,42,42-119,0.0,0.416667,0.0,0.416667,0.416667,0.0,0.0,0.400616,-0.32,0.403188
volkan,0.0,42,42-120,0.0,0.0,0.0,0.0,0.0,0.0,1.0,0.194276,-1.28,1.46306
volkan,0.0,42,42-121,1.0,0.35,0.65,1.0,1.0,0.0,0.0,0.623759,0.76,0.510958
volkan,0.0,42,42-122,1.0,0.375,0.625,1.0,1.0,0.0,0.0,0.61656,0.52,0.477625
volkan,0.0,42,42-123,0.0,0.0,0.05,0.05,0.0,0.7,0.0,0.882491,1.88,2.127777
volkan,0.0,42,42-124,0.05,0.0,0.525,0.525,0.05,0.225,0.0,0.796931,1.44,1.410193
volkan,0.0,42,42-125,0.566667,0.133333,0.833333,0.966667,0.566667,0.0,0.0,0.68648,1.16,0.806522
volkan,0.0,42,42-126,0.0,0.0,0.0,0.0,0.0,0.791667,0.0,0.903188,2.0,2.371146
volkan,0.0,42,42-127,0.0,0.0,0.0,0.0,0.0,0.0,1.0,0.145415,-1.52,1.832559
volkan,0.0,42,42-128,0.0,0.0,0.0,0.0,0.0,0.0,0.825,0.23189,-1.32,1.228927
volkan,0.0,42,42-129,0.0,0.0,0.0,0.0,0.0,0.0,1.0,0.184869,-1.52,1.549783
volkan,0.0,42,42-130,0.0,0.083333,0.0,0.083333,0.083333,0.0,0.283333,0.330751,-0.84,0.712766
volkan,0.0,42,42-131,0.0,0.0,0.0,0.0,0.0,0.0,1.0,0.100057,-2.0,2.319913
volkan,0.0,42,42-132,0.216667,0.0,0.616667,0.616667,0.216667,0.191667,0.0,0.772593,1.52,1.274356
volkan,0.0,42,42-133,0.0,0.558333,0.0,0.558333,0.558333,0.0,0.0,0.401513,-0.32,0.402158
volkan,0.0,42,42-134,0.0,0.0,0.0,0.0,0.0,0.0,1.0,0.106008,-1.8,2.251012
volkan,0.0,42,42-135,0.0,0.0,0.0,0.0,0.0,0.0,1.0,0.157556,-1.6,1.7513
volkan,0.0,42,42-136,0.675,0.1,0.9,1.0,0.675,0.0,0.0,0.667966,0.92,0.708457
volkan,0.0,42,42-137,0.1,0.0,0.375,0.375,0.1,0.291667,0.0,0.807603,1.48,1.493104
volkan,0.0,42,42-138,0.0,0.0,0.0,0.0,0.0,1.0,0.0,0.944163,2.24,3.00422
volkan,0.0,42,42-139,0.0,0.0,0.0,0.0,0.0,1.0,0.0,0.975616,2.16,3.86683
volkan,0.0,42,42-140,0.433333,0.0,0.833333,0.833333,0.433333,0.0,0.0,0.717394,1.16,0.958
volkan,0.0,42,42-141,0.0,0.0,0.0,0.0,0.0,0.0,1.0,0.148071,-1.88,1.843407
volkan,0.0,42,42-142,0.0,0.0,0.0,0.0,0.0,0.0,1.0,0.048898,-2.08,3.112245
volkan,0.0,42,42-143,0.991667,0.933333,0.066667,1.0,1.0,0.0,0.0,0.555026,0.16,0.222107
volkan,0.0,42,42-144,0.0,0.0,0.0,0.0,0.0,0.0,0.958333,0.163114,-2.0,1.751523
volkan,0.0,42,42-145,0.0,0.233333,0.0,0.233333,0.233333,0.0,0.008333,0.375681,-0.44,0.510271
volkan,0.0,42,42-146,0.0,0.0,0.0,0.0,0.0,0.0,0.25,0.319779,-0.4,0.758507
volkan,0.0,42,42-147,0.0,0.533333,0.0,0.533333,0.533333,0.0,0.05,0.402764,-0.68,0.39931
volkan,0.0,42,42-148,0.0,0.0,0.241667,0.241667,0.0,0.525,0.0,0.84846,1.52,1.788866
volkan,0.0,42,42-149,1.0,1.0,0.0,1.0,1.0,0.0,0.0,0.546908,0.12,0.188345
volkan,0.0,42,42-150,0.0,0.416667,0.0,0.416667,0.416667,0.0,0.325,0.358236,-1.08,0.602069
volkan,0.0,42,42-151,0.0,0.0,0.0,0.0,0.0,0.0,1.0,0.156657,-1.6,1.760555
volkan,0.0,42,42-152,0.0,0.0,0.0,0.0,0.0,0.0,1.0,0.078179,-1.96,2.613588
volkan,0.0,42,42-153,0.0,0.0,0.0,0.0,0.0,0.0,0.275,0.3274,-0.64,0.726262
volkan,0.0,42,42-154,0.058333,1.0,0.0,1.0,1.0,0.0,0.0,0.47481,0.04,0.102731
volkan,0.0,42,42-155,0.0,0.0,0.0,0.0,0.0,1.0,0.0,0.921128,1.84,2.567054
volkan,0.0,42,42-156,0.825,0.766667,0.233333,1.0,1.0,0.0,0.0,0.553965,0.56,0.235976
volkan,0.0,42,42-157,0.0,0.0,0.283333,0.283333,0.0,0.508333,0.0,0.847846,1.76,1.806975
volkan,0.0,42,42-158,0.0,0.0,0.0,0.0,0.0,0.0,0.358333,0.31089,-0.96,0.811114
volkan,0.0,42,42-159,0.0,0.0,0.0,0.0,0.0,0.0,1.0,0.136382,-1.84,1.970985
volkan,0.0,42,42-160,0.0,0.0,0.0,0.0,0.0,0.0,1.0,0.161179,-1.8,1.73588
volkan,0.0,42,42-161,0.0,0.0,0.0,0.0,0.0,0.0,0.875,0.236353,-1.16,1.199948
volkan,0.0,42,42-162,0.0,0.0,0.0,0.0,0.0,1.0,0.0,0.950994,2.24,3.155368
volkan,0.0,42,42-163,0.0,0.0,0.0,0.0,0.0,0.0,0.808333,0.214688,-1.44,1.358586
volkan,0.0,42,42-164,0.041667,0.0,0.408333,0.408333,0.041667,0.408333,0.0,0.822403,1.68,1.608303
volkan,0.0,42,42-165,0.0,0.0,0.0,0.0,0.0,0.0,1.0,0.165222,-1.72,1.698299
volkan,0.0,42,42-166,0.0,0.0,0.458333,0.458333,0.0,0.241667,0.0,0.804539,1.16,1.44922
volkan,0.0,42,42-167,0.925,0.191667,0.808333,1.0,0.925,0.0,0.0,0.643794,0.68,0.596676
volkan,0.0,42,42-168,0.0,0.458333,0.0,0.458333,0.458333,0.0,0.075,0.389376,-0.84,0.456056
volkan,0.0,42,42-169,0.008333,1.0,0.0,1.0,1.0,0.0,0.0,0.460115,-0.08,0.160067
volkan,0.0,42,42-170,0.0,0.0,0.0,0.0,0.0,0.0,0.8,0.248737,-1.08,1.130336
volkan,0.0,42,42-171,0.266667,0.0,0.658333,0.658333,0.266667,0.083333,0.0,0.749726,1.52,1.142602
volkan,0.0,42,42-172,0.0,0.0,0.0,0.0,0.0,0.0,0.766667,0.253294,-1.24,1.108283
volkan,0.0,42,42-173,0.0,0.0,0.0,0.0,0.0,0.0,1.0,0.12285,-1.84,2.065908
volkan,0.0,42,42-174,0.0,0.0,0.0,0.0,0.0,0.0,1.0,0.109405,-1.96,2.230161
volkan,0.0,42,42-175,1.0,0.758333,0.241667,1.0,1.0,0.0,0.0,0.571848,0.28,0.290563
volkan,0.0,42,42-176,0.0,0.0,0.0,0.0,0.0,0.816667,0.0,0.906561,1.92,2.408211
volkan,0.0,42,42-177,1.0,0.908333,0.091667,1.0,1.0,0.0,0.0,0.570592,0.32,0.284909
volkan,0.0,42,42-178,0.0,0.533333,0.0,0.533333,0.533333,0.0,0.0,0.401898,-0.68,0.403238
volkan,0.0,42,42-179,0.641667,0.116667,0.883333,1.0,0.641667,0.0,0.0,0.667409,0.8,0.706199
volkan,0.0,42,42-180,0.0,0.0,0.125,0.125,0.0,0.666667,0.0,0.880326,1.88,2.104636
volkan,0.0,42,42-181,0.7,1.0,0.0,1.0,1.0,0.0,0.0,0.520511,0.16,0.122398
volkan,0.0,42,42-182,0.0,0.366667,0.0,0.366667,0.366667,0.0,0.0,0.395533,-0.08,0.424311
volkan,0.0,42,42-183,0.0,0.0,0.241667,0.241667,0.0,0.475,0.0,0.849062,1.68,1.802963
volkan,0.0,42,42-184,0.791667,0.083333,0.916667,1.0,0.791667,0.0,0.0,0.652607,0.72,0.637467
volkan,0.0,42,42-185,0.0,0.0,0.0,0.0,0.0,0.858333,0.0,0.90885,2.08,2.440469
volkan,0.0,42,42-186,1.0,0.958333,0.041667,1.0,1.0,0.0,0.0,0.558782,0.24,0.236614
volkan,0.0,42,42-187,0.0,0.0,0.0,0.0,0.0,0.0,1.0,0.132567,-1.64,1.954043
volkan,0.0,42,42-188,0.0,0.0,0.0,0.0,0.0,0.0,1.0,0.104492,-1.88,2.271083
volkan,0.0,42,42-189,0.0,0.0,0.0,0.0,0.0,0.933333,0.0,0.919293,2.0,2.573077
volkan,0.0,42,42-190,0.0,0.0,0.0,0.0,0.0,0.958333,0.0,0.926195,2.24,2.708982
volkan,0.0,42,42-191,0.0,0.416667,0.0,0.416667,0.416667,0.0,0.275,0.368751,-0.92,0.554519
volkan,0.0,42,42-192,0.0,0.383333,0.0,0.383333,0.383333,0.0,0.0,0.392912,-0.24,0.435655
volkan,0.0,42,42-193,0.0,0.0,0.0,0.0,0.0,0.825,0.0,0.905967,2.16,2.417047
volkan,0.0,42,42-194,0.0,0.0,0.0,0.0,0.0,0.0,1.0,0.132241,-1.88,1.977843
volkan,0.0,42,42-195,0.0,0.0,0.0,0.0,0.0,0.0,1.0,0.160233,-2.0,1.772072
volkan,0.0,42,42-196,0.266667,0.0,0.666667,0.666667,0.266667,0.108333,0.0,0.76063,1.32,1.194917
volkan,0.0,42,42-197,0.0,0.066667,0.0,0.066667,0.066667,0.0,0.166667,0.337837,-0.72,0.678205
volkan,0.0,42,42-198,0.016667,1.0,0.0,1.0,1.0,0.0,0.0,0.466163,-0.12,0.137284
volkan,0.0,42,42-199,0.0,0.558333,0.0,0.558333,0.558333,0.0,0.0,0.405921,-0.4,0.382129
volkan,0.0,137,137-0,0.0,0.0,0.0,0.0,0.0,0.0,0.95,0.23013,-1.04,1.234591
volkan,0.0,137,137-1,0.0,0.0,0.0,0.0,0.0,0.0,0.9,0.219882,-1.24,1.298396
volkan,0.0,137,137-2,0.0,0.0,0.0,0.0,0.0,0.0,0.766667,0.221498,-1.6,1.315204
volkan,0.0,137,137-3,0.875,1.0,0.0,1.0,1.0,0.0,0.0,0.523346,0.12,0.105225
volkan,0.0,137,137-4,0.0,0.0,0.0,0.0,0.0,0.0,0.616667,0.270235,-1.24,1.023926
volkan,0.0,137,137-5,0.0,0.0,0.0,0.0,0.0,0.0,1.0,0.148485,-1.88,1.861692
volkan,0.0,137,137-6,1.0,0.491667,0.508333,1.0,1.0,0.0,0.0,0.600976,0.52,0.412359
volkan,0.0,137,137-7,0.0,0.0,0.0,0.0,0.0,0.0,0.591667,0.277495,-0.76,0.968398
volkan,0.0,137,137-8,0.0,0.0,0.0,0.0,0.0,0.0,1.0,0.061497,-1.96,2.851003
volkan,0.0,137,137-9,0.0,0.0,0.0,0.0,0.0,1.0,0.0,0.933268,2.04,2.789743
volkan,0.0,137,137-10,0.0,0.0,0.0,0.0,0.0,0.9,0.0,0.91088,1.88,2.440803
volkan,0.0,137,137-11,0.0,0.0,0.0,0.0,0.0,0.0,1.0,0.186485,-1.2,1.505416
volkan,0.0,137,137-12,0.0,0.083333,0.0,0.083333,0.083333,0.0,0.0,0.35878,-0.36,0.582081
volkan,0.0,137,137-13,0.0,1.0,0.0,1.0,1.0,0.0,0.0,0.438311,-0.28,0.24836
volkan,0.0,137,137-14,0.0,0.0,0.333333,0.333333,0.0,0.508333,0.0,0.838808,1.72,1.737266
volkan,0.0,137,137-15,0.0,0.0,0.0,0.0,0.0,0.0,1.0,0.031591,-2.08,3.584428
volkan,0.0,137,137-16,0.0,0.0,0.0,0.0,0.0,0.0,0.891667,0.229669,-1.04,1.231895
volkan,0.0,137,137-17,0.916667,0.408333,0.591667,1.0,0.916667,0.0,0.0,0.615696,0.8,0.4786
volkan,0.0,137,137-18,0.0,0.0,0.0,0.0,0.0,0.0,1.0,0.06519,-2.12,2.826922
volkan,0.0,137,137-19,0.0,0.0,0.0,0.0,0.0,0.0,0.675,0.270999,-0.76,1.002228
volkan,0.0,137,137-20,0.0,0.233333,0.0,0.233333,0.233333,0.0,0.0,0.368025,-0.4,0.542931
volkan,0.0,137,137-21,0.0,0.0,0.0,0.0,0.0,0.0,0.208333,0.339482,-0.72,0.672001
volkan,0.0,137,137-22,0.0,0.0,0.0,0.0,0.0,0.0,1.0,0.151144,-1.68,1.805044
volkan,0.0,137,137-23,0.0,0.0,0.325,0.325,0.0,0.416667,0.0,0.834006,1.48,1.663499
volkan,0.0,137,137-24,0.0,0.0,0.0,0.0,0.0,0.0,0.7,0.246587,-1.4,1.155868
volkan,0.0,137,137-25,0.108333,0.0,1.0,1.0,0.108333,0.0,0.0,0.721014,0.36,0.950915
volkan,0.0,137,137-26,0.0,0.491667,0.0,0.491667,0.491667,0.0,0.0,0.393116,-0.32,0.435272
volkan,0.0,137,137-27,1.0,0.991667,0.008333,1.0,1.0,0.0,0.0,0.563829,0.0,0.25706
volkan,0.0,137,137-28,0.0,0.0,0.0,0.0,0.0,0.0,0.625,0.278888,-1.08,0.971828
volkan,0.0,137,137-29,0.0,0.0,0.3,0.3,0.0,0.358333,0.0,0.827583,1.24,1.604283
volkan,0.0,137,137-30,0.508333,0.108333,0.841667,0.95,0.508333,0.0,0.0,0.696744,1.16,0.853533
volkan,0.0,137,137-31,0.0,0.0,0.0,0.0,0.0,0.0,1.0,0.162257,-1.68,1.718033
volkan,0.0,137,137-32,0.191667,0.0,0.458333,0.458333,0.191667,0.325,0.0,0.80114,1.76,1.475014
volkan,0.0,137,137-33,0.0,0.0,0.0,0.0,0.0,1.0,0.0,0.970497,2.24,3.674203
volkan,0.0,137,137-34,0.0,0.0,0.0,0.0,0.0,0.0,1.0,0.072864,-2.0,2.6774
volkan,0.0,137,137-35,0.0,1.0,0.0,1.0,1.0,0.0,0.0,0.450832,-0.08,0.197452
volkan,0.0,137,137-36,0.991667,0.658333,0.341667,1.0,1.0,0.0,0.0,0.576338,0.64,0.310757
volkan,0.0,137,137-37,0.0,0.616667,0.0,0.616667,0.616667,0.0,0.0,0.407478,-0.52,0.377666
volkan,0.0,137,137-38,0.0,0.0,0.375,0.375,0.0,0.466667,0.0,0.831065,1.72,1.681021
volkan,0.0,137,137-39,0.0,0.633333,0.0,0.633333,0.633333,0.0,0.0,0.41069,-0.36,0.363637
volkan,0.0,137,137-40,0.175,0.0,0.8,0.8,0.175,0.025,0.0,0.750846,0.96,1.122716
volkan,0.0,137,137-41,0.2,0.0,0.566667,0.566667,0.2,0.2,0.0,0.776423,1.56,1.296248
volkan,0.0,137,137-42,0.0,0.0,0.0,0.0,0.0,0.0,1.0,0.174843,-1.36,1.597529
volkan,0.0,137,137-43,0.0,0.0,0.0,0.0,0.0,0.0,1.0,0.137445,-1.72,1.927362
volkan,0.0,137,137-44,0.0,0.0,0.0,0.0,0.0,1.0,0.0,0.929949,2.04,2.735214
volkan,0.0,137,137-45,0.0,0.55,0.0,0.55,0.55,0.0,0.0,0.404136,-0.36,0.38931
volkan,0.0,137,137-46,1.0,0.75,0.25,1.0,1.0,0.0,0.0,0.579372,0.36,0.32148
volkan,0.0,137,137-47,0.0,0.0,0.0,0.0,0.0,0.891667,0.0,0.916807,2.2,2.558532
volkan,0.0,137,137-48,0.166667,0.0,0.516667,0.516667,0.166667,0.3,0.0,0.796723,1.88,1.444962
volkan,0.0,137,137-49,0.0,0.0,0.0,0.0,0.0,0.0,0.583333,0.272554,-1.0,1.003094
volkan,0.0,137,137-50,0.0,0.075,0.0,0.075,0.075,0.0,0.475,0.30325,-1.08,0.852215
volkan,0.0,137,137-51,0.0,0.0,0.308333,0.308333,0.0,0.533333,0.0,0.848117,1.64,1.800417
volkan,0.0,137,137-52,0.0,0.0,0.05,0.05,0.0,0.658333,0.0,0.880012,1.76,2.083739
volkan,0.0,137,137-53,0.0,0.483333,0.0,0.483333,0.483333,0.0,0.066667,0.390584,-0.56,0.450247
volkan,0.0,137,137-54,0.0,0.0,0.075,0.075,0.0,0.7,0.0,0.88208,1.84,2.107773
volkan,0.0,137,137-55,0.0,0.033333,0.0,0.033333,0.033333,0.0,0.5,0.295483,-1.08,0.886687
volkan,0.0,137,137-56,0.783333,0.491667,0.508333,1.0,0.783333,0.0,0.0,0.620216,0.88,0.499626
volkan,0.0,137,137-57,0.0,0.0,0.0,0.0,0.0,0.0,1.0,0.110519,-2.08,2.219533
volkan,0.0,137,137-58,0.0,0.975,0.0,0.975,0.975,0.0,0.0,0.432437,-0.12,0.272242
volkan,0.0,137,137-59,0.441667,0.0,0.783333,0.783333,0.441667,0.0,0.0,0.719717,1.16,0.973598
volkan,0.0,137,137-60,0.833333,0.025,0.975,1.0,0.833333,0.0,0.0,0.656748,0.64,0.652396
volkan,0.0,137,137-61,0.35,0.0,0.816667,0.816667,0.35,0.0,0.0,0.740657,1.08,1.071002
volkan,0.0,137,137-62,0.0,0.0,0.0,0.0,0.0,0.0,0.866667,0.231581,-1.2,1.227745
volkan,0.0,137,137-63,0.0,0.85,0.0,0.85,0.85,0.0,0.0,0.421999,-0.16,0.31503
volkan,0.0,137,137-64,0.008333,0.708333,0.0,0.708333,0.708333,0.0,0.0,0.43349,-0.48,0.269857
volkan,0.0,137,137-65,0.0,0.0,0.0,0.0,0.0,0.966667,0.0,0.924384,2.04,2.642237
volkan,0.0,137,137-66,0.0,0.0,0.0,0.0,0.0,0.0,1.0,0.138068,-1.44,1.888646
volkan,0.0,137,137-67,0.0,0.183333,0.0,0.183333,0.183333,0.0,0.35,0.327621,-1.04,0.734514
volkan,0.0,137,137-68,0.0,0.875,0.0,0.875,0.875,0.0,0.0,0.432658,-0.32,0.271944
volkan,0.0,137,137-69,0.0,0.0,0.0,0.0,0.0,1.0,0.0,0.98179,2.36,4.201944
volkan,0.0,137,137-70,0.208333,0.0,0.483333,0.483333,0.208333,0.35,0.0,0.790253,1.8,1.408723
volkan,0.0,137,137-71,0.025,0.975,0.0,0.975,0.975,0.0,0.0,0.450127,-0.28,0.202154
volkan,0.0,137,137-72,0.55,1.0,0.0,1.0,1.0,0.0,0.0,0.500506,0.08,0.115066
volkan,0.0,137,137-73,0.0,0.0,0.0,0.0,0.0,0.0,1.0,0.090456,-1.84,2.426941
volkan,0.0,137,137-74,0.966667,1.0,0.0,1.0,1.0,0.0,0.0,0.538942,-0.04,0.156955
volkan,0.0,137,137-75,0.0,0.0,0.108333,0.108333,0.0,0.708333,0.0,0.888846,2.04,2.208906
volkan,0.0,137,137-76,0.0,0.408333,0.0,0.408333,0.408333,0.0,0.15,0.364909,-0.92,0.564537
volkan,0.0,137,137-77,0.0,0.0,0.0,0.0,0.0,0.0,0.608333,0.260966,-1.32,1.081488
volkan,0.0,137,137-78,0.0,0.25,0.0,0.25,0.25,0.0,0.116667,0.361161,-0.76,0.576307
volkan,0.0,137,137-79,0.033333,0.0,0.375,0.375,0.033333,0.45,0.0,0.831009,1.84,1.684521
volkan,0.0,137,137-80,0.25,0.0,0.666667,0.666667,0.25,0.108333,0.0,0.759224,1.44,1.187283
volkan,0.0,137,137-81,0.0,0.0,0.15,0.15,0.0,0.666667,0.0,0.872886,2.0,2.042387
volkan,0.0,137,137-82,1.0,1.0,0.0,1.0,1.0,0.0,0.0,0.548305,0.16,0.193976
volkan,0.0,137,137-83,0.075,0.0,0.441667,0.441667,0.075,0.35,0.0,0.810075,1.84,1.526454
volkan,0.0,137,137-84,0.0,0.0,0.0,0.0,0.0,0.0,0.983333,0.185957,-1.44,1.523787
volkan,0.0,137,137-85,0.741667,0.425,0.575,1.0,0.775,0.0,0.0,0.61573,0.8,0.484032
volkan,0.0,137,137-86,0.0,0.0,0.0,0.0,0.0,0.0,1.0,0.174755,-1.2,1.594673
volkan,0.0,137,137-87,0.0,0.0,0.0,0.0,0.0,0.0,0.766667,0.231792,-1.32,1.239815
volkan,0.0,137,137-88,0.0,0.0,0.0,0.0,0.0,0.0,0.983333,0.223752,-1.04,1.269472
volkan,0.0,137,137-89,0.008333,0.858333,0.0,0.858333,0.858333,0.0,0.0,0.447311,-0.28,0.212796
volkan,0.0,137,137-90,0.0,0.0,0.266667,0.266667,0.0,0.483333,0.0,0.842691,1.44,1.735395
volkan,0.0,137,137-91,0.833333,0.15,0.85,1.0,0.833333,0.0,0.0,0.650205,0.76,0.627467
volkan,0.0,137,137-92,0.0,0.0,0.0,0.0,0.0,0.0,1.0,0.158139,-1.36,1.728619
volkan,0.0,137,137-93,0.25,0.0,0.583333,0.583333,0.25,0.158333,0.0,0.764695,1.52,1.232109
volkan,0.0,137,137-94,0.0,0.0,0.0,0.0,0.0,1.0,0.0,0.949963,2.08,3.094126
volkan,0.0,137,137-95,0.0,0.0,0.066667,0.066667,0.0,0.741667,0.0,0.87943,1.76,2.075373
volkan,0.0,137,137-96,0.15,0.0,0.666667,0.666667,0.15,0.108333,0.0,0.767849,1.28,1.226675
volkan,0.0,137,137-97,0.0,0.0,0.175,0.175,0.0,0.65,0.0,0.866782,1.8,1.964401
volkan,0.0,137,137-98,0.0,0.0,0.125,0.125,0.0,0.666667,0.0,0.872305,1.72,2.003377
volkan,0.0,137,137-99,1.0,0.133333,0.866667,1.0,1.0,0.0,0.0,0.633565,0.32,0.548956
volkan,0.0,137,137-100,0.0,0.416667,0.0,0.416667,0.416667,0.0,0.0,0.394528,-0.28,0.428741
volkan,0.0,137,137-101,0.0,0.0,0.0,0.0,0.0,1.0,0.0,0.945845,2.16,3.028065
volkan,0.0,137,137-102,0.741667,0.183333,0.816667,1.0,0.741667,0.0,0.0,0.65241,0.96,0.640616
volkan,0.0,137,137-103,0.0,0.0,0.166667,0.166667,0.0,0.675,0.0,0.872798,1.68,2.008211
volkan,0.0,137,137-104,0.825,1.0,0.0,1.0,1.0,0.0,0.0,0.51507,0.08,0.070907
volkan,0.0,137,137-105,0.0,0.0,0.0,0.0,0.0,1.0,0.0,0.947779,2.04,3.045348
volkan,0.0,137,137-106,0.0,0.0,0.0,0.0,0.0,0.0,1.0,0.019354,-2.36,4.134948
volkan,0.0,137,137-107,0.0,0.35,0.0,0.35,0.35,0.0,0.1,0.372293,-0.84,0.528929
volkan,0.0,137,137-108,0.0,0.0,0.0,0.0,0.0,0.0,1.0,0.019866,-2.36,4.118293
volkan,0.0,137,137-109,0.0,0.0,0.0,0.0,0.0,0.966667,0.0,0.924428,2.08,2.642956
volkan,0.0,137,137-110,0.0,0.0,0.0,0.0,0.0,0.0,0.358333,0.302252,-0.72,0.843568
volkan,0.0,137,137-111,0.0,0.0,0.108333,0.108333,0.0,0.641667,0.0,0.878345,1.96,2.089944
volkan,0.0,137,137-112,0.0,0.0,0.0,0.0,0.0,0.0,0.4,0.311219,-0.8,0.805548
volkan,0.0,137,137-113,0.0,0.0,0.0,0.0,0.0,0.0,0.583333,0.275486,-0.84,0.983548
volkan,0.0,137,137-114,0.0,0.15,0.0,0.15,0.15,0.0,0.041667,0.366215,-0.56,0.551228
volkan,0.0,137,137-115,0.0,0.183333,0.0,0.183333,0.183333,0.0,0.075,0.369132,-0.68,0.539716
volkan,0.0,137,137-116,0.0,0.0,0.108333,0.108333,0.0,0.641667,0.0,0.873532,1.76,2.01951
volkan,0.0,137,137-117,0.0,0.0,0.0,0.0,0.0,0.0,0.641667,0.266916,-1.08,1.032729
volkan,0.0,137,137-118,0.0,0.0,0.0,0.0,0.0,0.0,1.0,0.062246,-2.24,2.885408
volkan,0.0,137,137-119,0.0,0.6,0.0,0.6,0.6,0.0,0.0,0.396019,-0.4,0.423542
volkan,0.0,137,137-120,0.0,0.0,0.0,0.0,0.0,1.0,0.0,0.940594,2.2,2.925149
volkan,0.0,137,137-121,0.0,0.0,0.0,0.0,0.0,1.0,0.0,0.953053,2.16,3.179745
volkan,0.0,137,137-122,0.4,1.0,0.0,1.0,1.0,0.0,0.0,0.488222,-0.4,0.098703
volkan,0.0,137,137-123,0.0,0.0,0.0,0.0,0.0,0.0,1.0,0.10334,-2.04,2.299958
volkan,0.0,137,137-124,0.0,0.0,0.0,0.0,0.0,0.0,1.0,0.081654,-2.16,2.578892
volkan,0.0,137,137-125,0.233333,0.825,0.0,0.825,0.825,0.0,0.0,0.453316,-0.6,0.216473
volkan,0.0,137,137-126,1.0,0.483333,0.516667,1.0,1.0,0.0,0.0,0.599163,0.4,0.404051
volkan,0.0,137,137-127,0.0,0.0,0.0,0.0,0.0,0.0,1.0,0.17046,-1.68,1.656019
volkan,0.0,137,137-128,0.0,0.991667,0.0,0.991667,0.991667,0.0,0.0,0.450198,-0.0,0.200267
volkan,0.0,137,137-129,0.0,0.0,0.25,0.25,0.0,0.541667,0.0,0.845801,1.8,1.786568
volkan,0.0,137,137-130,0.0,0.366667,0.0,0.366667,0.366667,0.0,0.066667,0.388262,-0.84,0.46017
volkan,0.0,137,137-131,0.0,0.3,0.0,0.3,0.3,0.0,0.316667,0.340596,-1.08,0.677209
volkan,0.0,137,137-132,0.591667,0.0,1.0,1.0,0.591667,0.0,0.0,0.697314,0.8,0.847962
volkan,0.0,137,137-133,0.0,0.0,0.0,0.0,0.0,0.0,1.0,0.130404,-1.8,1.986406
volkan,0.0,137,137-134,1.0,0.958333,0.041667,1.0,1.0,0.0,0.0,0.571582,0.12,0.288718
volkan,0.0,137,137-135,0.758333,0.15,0.85,1.0,0.758333,0.0,0.0,0.655962,0.84,0.653615
volkan,0.0,137,137-136,0.725,1.0,0.0,1.0,1.0,0.0,0.0,0.507074,0.08,0.04506
volkan,0.0,137,137-137,0.0,0.091667,0.0,0.091667,0.091667,0.0,0.6,0.293444,-1.2,0.900433
volkan,0.0,137,137-138,0.475,1.0,0.0,1.0,1.0,0.0,0.0,0.501759,-0.08,0.062013
volkan,0.0,137,137-139,0.0,0.0,0.258333,0.258333,0.0,0.491667,0.0,0.838684,1.48,1.704243
volkan,0.0,137,137-140,0.0,0.0,0.0,0.0,0.0,0.0,1.0,0.03599,-2.24,3.468477
volkan,0.0,137,137-141,0.0,0.0,0.441667,0.441667,0.0,0.35,0.0,0.817351,1.52,1.55577
volkan,0.0,137,137-142,0.0,1.0,0.0,1.0,1.0,0.0,0.0,0.459807,-0.28,0.161228
volkan,0.0,137,137-143,0.0,0.0,0.0,0.0,0.0,0.0,0.775,0.247498,-1.28,1.139299
volkan,0.0,137,137-144,0.966667,0.416667,0.583333,1.0,0.966667,0.0,0.0,0.615573,0.68,0.475981
volkan,0.0,137,137-145,0.583333,0.0,1.0,1.0,0.583333,0.0,0.0,0.694806,0.68,0.82982
volkan,0.0,137,137-146,0.0,0.0,0.4,0.4,0.0,0.45,0.0,0.823438,1.64,1.627295
volkan,0.0,137,137-147,0.0,0.025,0.0,0.025,0.025,0.0,0.45,0.29927,-1.2,0.878439
volkan,0.0,137,137-148,0.0,0.0,0.0,0.0,0.0,0.0,0.875,0.221786,-1.28,1.290155
volkan,0.0,137,137-149,0.091667,0.991667,0.0,0.991667,0.991667,0.0,0.0,0.445497,-0.28,0.230361
volkan,0.0,137,137-150,0.0,0.0,0.0,0.0,0.0,0.0,1.0,0.152154,-1.72,1.802192
volkan,0.0,137,137-151,0.0,0.0,0.0,0.0,0.0,0.95,0.0,0.91346,1.84,2.463162
volkan,0.0,137,137-152,0.0,0.0,0.0,0.0,0.0,1.0,0.0,0.989867,2.32,4.797043
volkan,0.0,137,137-153,0.0,0.0,0.0,0.0,0.0,0.0,0.991667,0.185411,-1.52,1.538969
volkan,0.0,137,137-154,0.0,0.0,0.0,0.0,0.0,0.966667,0.0,0.914314,1.72,2.463922
volkan,0.0,137,137-155,0.216667,0.0,0.7,0.7,0.216667,0.083333,0.0,0.757752,1.32,1.175066
volkan,0.0,137,137-156,0.758333,1.0,0.0,1.0,1.0,0.0,0.0,0.509203,0.08,0.052957
volkan,0.0,137,137-157,0.0,0.0,0.266667,0.266667,0.0,0.375,0.0,0.829145,1.64,1.635285
volkan,0.0,137,137-158,0.0,0.0,0.366667,0.366667,0.0,0.441667,0.0,0.829852,1.64,1.664463
volkan,0.0,137,137-159,0.908333,0.158333,0.841667,1.0,0.908333,0.0,0.0,0.636794,0.64,0.566165
volkan,0.0,137,137-160,0.0,0.0,0.0,0.0,0.0,0.0,0.375,0.308967,-0.48,0.807673
volkan,0.0,137,137-161,1.0,0.458333,0.541667,1.0,1.0,0.0,0.0,0.606159,0.68,0.434402
volkan,0.0,137,137-162,0.0,0.0,0.0,0.0,0.0,0.0,1.0,0.148206,-1.68,1.831794
volkan,0.0,137,137-163,0.391667,0.0,0.7,0.7,0.391667,0.166667,0.0,0.748123,1.4,1.137552
volkan,0.0,137,137-164,0.0,0.15,0.0,0.15,0.15,0.0,0.341667,0.320727,-1.28,0.77218
volkan,0.0,137,137-165,0.0,0.0,0.191667,0.191667,0.0,0.55,0.0,0.847879,1.48,1.771787
volkan,0.0,137,137-166,1.0,0.5,0.5,1.0,1.0,0.0,0.0,0.599306,0.68,0.406861
volkan,0.0,137,137-167,0.0,0.425,0.0,0.425,0.425,0.0,0.15,0.379283,-0.96,0.502426
volkan,0.0,137,137-168,0.0,0.0,0.0,0.0,0.0,0.0,0.675,0.243755,-1.0,1.164822
volkan,0.0,137,137-169,0.3,0.0,0.7,0.7,0.3,0.158333,0.0,0.748528,1.52,1.141592
volkan,0.0,137,137-170,0.75,0.241667,0.758333,1.0,0.75,0.0,0.0,0.646763,0.76,0.612251
volkan,0.0,137,137-171,0.0,0.141667,0.0,0.141667,0.141667,0.0,0.325,0.326141,-1.0,0.737973
volkan,0.0,137,137-172,0.65,1.0,0.0,1.0,1.0,0.0,0.0,0.507001,0.04,0.05752
volkan,0.0,137,137-173,0.0,0.0,0.291667,0.291667,0.0,0.416667,0.0,0.830777,1.68,1.664836
volkan,0.0,137,137-174,0.0,0.225,0.0,0.225,0.225,0.0,0.1,0.369596,-0.64,0.538441
volkan,0.0,137,137-175,0.0,0.0,0.0,0.0,0.0,0.0,1.0,0.169562,-1.68,1.657651
volkan,0.0,137,137-176,0.15,0.0,0.6,0.6,0.15,0.141667,0.0,0.774586,1.44,1.277068
volkan,0.0,137,137-177,0.975,1.0,0.0,1.0,1.0,0.0,0.0,0.529716,-0.16,0.119307
volkan,0.0,137,137-178,0.0,0.0,0.0,0.0,0.0,0.0,1.0,0.129896,-1.52,1.960924
volkan,0.0,137,137-179,0.0,0.0,0.0,0.0,0.0,1.0,0.0,0.975801,2.28,3.893013
volkan,0.0,137,137-180,0.0,0.816667,0.0,0.816667,0.816667,0.0,0.0,0.415264,0.2,0.342793
volkan,0.0,137,137-181,0.0,0.508333,0.0,0.508333,0.508333,0.0,0.0,0.409247,-0.56,0.36857
volkan,0.0,137,137-182,0.0,0.0,0.0,0.0,0.0,0.0,1.0,0.095592,-1.96,2.388907
volkan,0.0,137,137-183,0.0,1.0,0.0,1.0,1.0,0.0,0.0,0.443564,-0.16,0.226902
volkan,0.0,137,137-184,0.0,0.0,0.0,0.0,0.0,0.0,0.758333,0.227187,-1.44,1.275112
volkan,0.0,137,137-185,0.0,0.0,0.0,0.0,0.0,0.0,0.625,0.256594,-1.4,1.101868
volkan,0.0,137,137-186,0.0,0.0,0.0,0.0,0.0,0.0,1.0,0.123812,-1.96,2.065095
volkan,0.0,137,137-187,0.0,0.1,0.0,0.1,0.1,0.0,0.0,0.373724,-0.4,0.517579
volkan,0.0,137,137-188,0.0,0.0,0.0,0.0,0.0,0.0,0.491667,0.286362,-1.12,0.933591
volkan,0.0,137,137-189,0.0,0.0,0.0,0.0,0.0,0.0,0.9,0.232625,-1.2,1.215425
volkan,0.0,137,137-190,0.0,0.0,0.0,0.0,0.0,0.0,0.791667,0.214609,-1.72,1.367691
volkan,0.0,137,137-191,0.0,0.0,0.0,0.0,0.0,0.0,1.0,0.115984,-1.84,2.130941
volkan,0.0,137,137-192,0.0,0.0,0.0,0.0,0.0,0.0,1.0,0.054531,-2.28,3.042893
volkan,0.0,137,137-193,0.0,0.0,0.0,0.0,0.0,0.0,0.458333,0.300273,-0.64,0.85189
volkan,0.0,137,137-194,0.0,0.0,0.0,0.0,0.0,1.0,0.0,0.937392,2.32,2.890228
volkan,0.0,137,137-195,0.558333,0.0,0.983333,0.983333,0.558333,0.0,0.0,0.684922,0.92,0.794231
volkan,0.0,137,137-196,0.0,0.0,0.0,0.0,0.0,0.0,0.533333,0.289036,-1.08,0.919556
volkan,0.0,137,137-197,0.0,0.0,0.0,0.0,0.0,0.0,1.0,0.153792,-1.36,1.762505
volkan,0.0,137,137-198,0.0,0.691667,0.0,0.691667,0.691667,0.0,0.0,0.423839,-0.56,0.310434
volkan,0.0,137,137-199,0.116667,0.775,0.0,0.775,0.775,0.0,0.0,0.438794,-0.64,0.257575
volkan,0.0,369,369-0,0.691667,0.241667,0.758333,1.0,0.691667,0.0,0.0,0.662345,1.12,0.689441
volkan,0.0,369,369-1,0.991667,0.708333,0.291667,1.0,1.0,0.0,0.0,0.565205,0.68,0.265062
volkan,0.0,369,369-2,0.0,0.0,0.125,0.125,0.0,0.625,0.0,0.866561,1.64,1.945309
volkan,0.0,369,369-3,0.0,0.0,0.0,0.0,0.0,0.0,0.833333,0.22239,-1.48,1.296488
volkan,0.0,369,369-4,0.983333,0.433333,0.566667,1.0,0.983333,0.0,0.0,0.621907,0.52,0.502217
volkan,0.0,369,369-5,1.0,0.583333,0.416667,1.0,1.0,0.0,0.0,0.603774,0.6,0.425671
volkan,0.0,369,369-6,0.0,0.0,0.0,0.0,0.0,0.0,0.9,0.211488,-1.52,1.362993
volkan,0.0,369,369-7,1.0,0.725,0.275,1.0,1.0,0.0,0.0,0.585814,0.48,0.34811
volkan,0.0,369,369-8,0.241667,1.0,0.0,1.0,1.0,0.0,0.0,0.486773,-0.28,0.064103
volkan,0.0,369,369-9,0.0,0.0,0.0,0.0,0.0,1.0,0.0,0.939608,2.12,2.900876
volkan,0.0,369,369-10,0.033333,0.0,0.583333,0.583333,0.033333,0.208333,0.0,0.782881,1.44,1.329565
volkan,0.0,369,369-11,0.0,0.0,0.0,0.0,0.0,0.0,1.0,0.01621,-2.36,4.321482
volkan,0.0,369,369-12,0.0,0.0,0.0,0.0,0.0,0.0,0.558333,0.29648,-1.0,0.883599
volkan,0.0,369,369-13,1.0,0.866667,0.133333,1.0,1.0,0.0,0.0,0.563281,0.44,0.255325
volkan,0.0,369,369-14,0.0,0.0,0.0,0.0,0.0,0.0,1.0,0.023094,-2.12,3.907773
volkan,0.0,369,369-15,0.0,0.0,0.0,0.0,0.0,0.0,1.0,0.029219,-2.36,3.713437
volkan,0.0,369,369-16,1.0,0.716667,0.283333,1.0,1.0,0.0,0.0,0.586832,0.56,0.352637
volkan,0.0,369,369-17,0.0,0.0,0.0,0.0,0.0,0.0,1.0,0.074909,-2.16,2.678263
volkan,0.0,369,369-18,0.0,0.0,0.0,0.0,0.0,0.808333,0.0,0.901149,2.08,2.357155
volkan,0.0,369,369-19,0.0,0.0,0.0,0.0,0.0,0.0,0.85,0.226941,-1.44,1.274389
volkan,0.0,369,369-20,0.0,1.0,0.0,1.0,1.0,0.0,0.0,0.465865,0.12,0.136906
volkan,0.0,369,369-21,0.0,0.0,0.358333,0.358333,0.0,0.475,0.0,0.838708,1.72,1.737034
volkan,0.0,369,369-22,0.0,0.075,0.0,0.075,0.075,0.0,0.575,0.283464,-1.28,0.955928
volkan,0.0,369,369-23,0.0,0.0,0.325,0.325,0.0,0.458333,0.0,0.839545,1.56,1.718608
volkan,0.0,369,369-24,0.0,0.0,0.0,0.0,0.0,0.0,0.441667,0.290479,-1.08,0.912268
volkan,0.0,369,369-25,0.0,0.0,0.0,0.0,0.0,0.0,0.458333,0.30701,-0.84,0.823309
volkan,0.0,369,369-26,0.0,0.0,0.358333,0.358333,0.0,0.408333,0.0,0.833668,1.48,1.67543
volkan,0.0,369,369-27,0.0,0.016667,0.0,0.016667,0.016667,0.0,0.466667,0.305107,-0.96,0.846796
volkan,0.0,369,369-28,0.0,0.0,0.0,0.0,0.0,0.0,1.0,0.17184,-1.56,1.643588
volkan,0.0,369,369-29,0.716667,0.383333,0.616667,1.0,0.716667,0.0,0.0,0.633198,1.0,0.560302
volkan,0.0,369,369-30,0.366667,0.0,0.833333,0.833333,0.366667,0.0,0.0,0.72627,1.2,0.998307
volkan,0.0,369,369-31,0.0,0.8,0.0,0.8,0.8,0.0,0.0,0.429312,-0.48,0.286311
volkan,0.0,369,369-32,0.0,0.0,0.0,0.0,0.0,0.0,0.683333,0.260683,-1.4,1.076928
volkan,0.0,369,369-33,0.0,0.0,0.0,0.0,0.0,0.0,1.0,0.056675,-2.08,2.964389
volkan,0.0,369,369-34,0.0,0.0,0.0,0.0,0.0,0.0,0.566667,0.272524,-1.16,1.010675
volkan,0.0,369,369-35,0.333333,1.0,0.0,1.0,1.0,0.0,0.0,0.493591,0.12,0.065971
volkan,0.0,369,369-36,0.0,0.0,0.0,0.0,0.0,0.0,0.683333,0.244687,-1.48,1.174785
volkan,0.0,369,369-37,0.175,0.0,0.516667,0.516667,0.175,0.183333,0.0,0.780299,1.56,1.320531
volkan,0.0,369,369-38,0.583333,1.0,0.0,1.0,1.0,0.0,0.0,0.503478,0.16,0.081404
volkan,0.0,369,369-39,0.358333,0.066667,0.75,0.816667,0.358333,0.008333,0.0,0.723805,1.4,0.998303
volkan,0.0,369,369-40,0.95,0.0,1.0,1.0,0.95,0.0,0.0,0.660384,0.36,0.666722
volkan,0.0,369,369-41,0.0,0.0,0.0,0.0,0.0,0.0,0.883333,0.232323,-1.36,1.225283
volkan,0.0,369,369-42,0.0,0.0,0.0,0.0,0.0,0.0,0.75,0.249224,-1.32,1.140792
volkan,0.0,369,369-43,0.0,0.0,0.0,0.0,0.0,0.0,1.0,0.147516,-1.8,1.856718
volkan,0.0,369,369-44,0.0,0.0,0.0,0.0,0.0,0.0,0.841667,0.21398,-1.64,1.363973
volkan,0.0,369,369-45,0.0,0.941667,0.0,0.941667,0.941667,0.0,0.0,0.443189,-0.4,0.228698
volkan,0.0,369,369-46,1.0,0.05,0.95,1.0,1.0,0.0,0.0,0.641101,0.36,0.582978
volkan,0.0,369,369-47,0.0,0.0,0.0,0.0,0.0,0.0,0.983333,0.177385,-1.68,1.602307
volkan,0.0,369,369-48,1.0,0.866667,0.133333,1.0,1.0,0.0,0.0,0.566096,0.4,0.266883
volkan,0.0,369,369-49,0.0,0.0,0.0,0.0,0.0,0.0,1.0,0.10072,-1.88,2.307013
volkan,0.0,369,369-50,0.0,0.0,0.0,0.0,0.0,0.0,1.0,0.12343,-2.04,2.087568
volkan,0.0,369,369-51,0.583333,0.183333,0.8,0.983333,0.583333,0.0,0.0,0.68202,1.28,0.784062
volkan,0.0,369,369-52,0.0,0.0,0.0,0.0,0.0,0.7,0.0,0.893701,2.0,2.268261
volkan,0.0,369,369-53,0.6,0.0,0.958333,0.958333,0.6,0.0,0.0,0.700481,0.68,0.861197
volkan,0.0,369,369-54,0.0,0.0,0.0,0.0,0.0,0.0,0.816667,0.219151,-1.52,1.31877
volkan,0.0,369,369-55,0.0,0.0,0.491667,0.491667,0.0,0.291667,0.0,0.805642,1.56,1.48306
volkan,0.0,369,369-56,1.0,1.0,0.0,1.0,1.0,0.0,0.0,0.554118,-0.04,0.217435
volkan,0.0,369,369-57,0.0,0.0,0.0,0.0,0.0,0.0,0.716667,0.256647,-1.2,1.093023
volkan,0.0,369,369-58,0.0,0.0,0.0,0.0,0.0,0.0,1.0,0.133943,-2.12,2.006765
volkan,0.0,369,369-59,0.975,1.0,0.0,1.0,1.0,0.0,0.0,0.558076,0.24,0.234519
volkan,0.0,369,369-60,0.0,0.325,0.0,0.325,0.325,0.0,0.0,0.383204,-0.36,0.477507
volkan,0.0,369,369-61,0.0,0.0,0.0,0.0,0.0,0.0,1.0,0.071782,-2.08,2.711134
volkan,0.0,369,369-62,0.575,1.0,0.0,1.0,1.0,0.0,0.0,0.509797,-0.28,0.09362
volkan,0.0,369,369-63,0.0,0.0,0.0,0.0,0.0,0.0,1.0,0.080937,-2.08,2.578949
volkan,0.0,369,369-64,0.0,0.0,0.0,0.0,0.0,0.0,0.491667,0.306662,-0.72,0.824416
volkan,0.0,369,369-65,0.1,0.0,0.65,0.65,0.1,0.158333,0.0,0.779367,1.24,1.2983
volkan,0.0,369,369-66,0.0,0.0,0.0,0.0,0.0,0.0,1.0,0.15652,-1.72,1.773384
volkan,0.0,369,369-67,0.0,0.0,0.241667,0.241667,0.0,0.525,0.0,0.851926,1.84,1.848178
volkan,0.0,369,369-68,0.708333,0.0,1.0,1.0,0.708333,0.0,0.0,0.679335,0.48,0.754686
volkan,0.0,369,369-69,0.0,0.0,0.0,0.0,0.0,0.0,1.0,0.130126,-1.68,1.989255
volkan,0.0,369,369-70,0.0,0.0,0.25,0.25,0.0,0.566667,0.0,0.855968,1.68,1.863893
volkan,0.0,369,369-71,0.0,0.0,0.0,0.0,0.0,0.0,0.391667,0.307413,-0.92,0.821389
volkan,0.0,369,369-72,0.0,0.0,0.0,0.0,0.0,0.0,0.875,0.212874,-1.48,1.359571
volkan,0.0,369,369-73,0.683333,0.066667,0.933333,1.0,0.683333,0.0,0.0,0.67057,0.76,0.720077
volkan,0.0,369,369-74,0.0,0.0,0.0,0.0,0.0,0.808333,0.0,0.899518,1.8,2.290881
volkan,0.0,369,369-75,0.241667,0.0,0.658333,0.658333,0.241667,0.2,0.0,0.757949,1.56,1.193607
volkan,0.0,369,369-76,0.991667,1.0,0.0,1.0,1.0,0.0,0.0,0.537322,0.2,0.150171
volkan,0.0,369,369-77,0.641667,0.0,1.0,1.0,0.641667,0.0,0.0,0.684094,0.84,0.783232
volkan,0.0,369,369-78,0.1,0.0,0.483333,0.483333,0.1,0.241667,0.0,0.795587,1.44,1.407434
volkan,0.0,369,369-79,0.0,0.0,0.0,0.0,0.0,1.0,0.0,0.95381,2.24,3.207541
volkan,0.0,369,369-80,0.575,0.0,0.9,0.9,0.575,0.0,0.0,0.701422,0.92,0.874958
volkan,0.0,369,369-81,0.508333,1.0,0.0,1.0,1.0,0.0,0.0,0.500434,-0.2,0.044824
volkan,0.0,369,369-82,0.0,0.0,0.275,0.275,0.0,0.483333,0.0,0.841308,1.36,1.717208
volkan,0.0,369,369-83,0.0,0.0,0.0,0.0,0.0,0.0,0.866667,0.215686,-1.36,1.3406
volkan,0.0,369,369-84,0.0,0.0,0.166667,0.166667,0.0,0.641667,0.0,0.868673,1.92,1.995045
volkan,0.0,369,369-85,0.0,0.0,0.0,0.0,0.0,1.0,0.0,0.950876,2.32,3.154676
volkan,0.0,369,369-86,0.0,0.0,0.0,0.0,0.0,0.0,0.908333,0.21047,-1.44,1.376444
volkan,0.0,369,369-87,0.1,0.0,0.458333,0.458333,0.1,0.333333,0.0,0.806942,1.72,1.504186
volkan,0.0,369,369-88,0.008333,0.0,0.483333,0.483333,0.008333,0.325,0.0,0.809218,1.6,1.504896
volkan,0.0,369,369-89,0.0,0.0,0.0,0.0,0.0,0.0,1.0,0.128856,-1.84,2.002998
volkan,0.0,369,369-90,0.0,0.0,0.0,0.0,0.0,0.0,1.0,0.051678,-2.16,3.070118
volkan,0.0,369,369-91,0.0,0.0,0.0,0.0,0.0,1.0,0.0,0.976412,2.32,3.925254
volkan,0.0,369,369-92,0.0,0.0,0.0,0.0,0.0,0.0,1.0,0.050936,-2.12,3.077892
volkan,0.0,369,369-93,0.0,0.0,0.0,0.0,0.0,0.775,0.0,0.890789,1.84,2.196028
volkan,0.0,369,369-94,0.0,0.0,0.0,0.0,0.0,1.0,0.0,0.921832,1.92,2.591798
volkan,0.0,369,369-95,0.0,0.0,0.0,0.0,0.0,0.0,1.0,0.135644,-1.92,1.967252
volkan,0.0,369,369-96,0.0,0.0,0.0,0.0,0.0,0.0,0.008333,0.348924,-0.32,0.625084
volkan,0.0,369,369-97,0.0,0.0,0.0,0.0,0.0,0.0,1.0,0.061731,-2.2,2.88614
volkan,0.0,369,369-98,0.0,0.0,0.0,0.0,0.0,0.0,0.75,0.236999,-1.48,1.219144
volkan,0.0,369,369-99,0.0,0.0,0.0,0.0,0.0,0.0,1.0,0.028282,-2.32,3.741612
volkan,0.0,369,369-100,0.0,0.0,0.0,0.0,0.0,1.0,0.0,0.965629,2.36,3.540367
volkan,0.0,369,369-101,0.0,0.0,0.0,0.0,0.0,0.0,0.975,0.197748,-1.4,1.448025
volkan,0.0,369,369-102,0.0,0.008333,0.0,0.008333,0.008333,0.0,0.566667,0.287848,-1.08,0.92494
volkan,0.0,369,369-103,0.0,0.0,0.0,0.0,0.0,0.0,1.0,0.048718,-2.28,3.161595
volkan,0.0,369,369-104,0.0,0.0,0.441667,0.441667,0.0,0.308333,0.0,0.813008,1.56,1.526026
volkan,0.0,369,369-105,0.958333,0.65,0.35,1.0,0.958333,0.0,0.0,0.600281,0.6,0.411309
volkan,0.0,369,369-106,0.0,0.0,0.458333,0.458333,0.0,0.233333,0.0,0.809891,1.12,1.481876
volkan,0.0,369,369-107,0.375,1.0,0.0,1.0,1.0,0.0,0.0,0.496116,-0.28,0.115011
volkan,0.0,369,369-108,0.0,0.241667,0.0,0.241667,0.241667,0.0,0.308333,0.346721,-0.88,0.643711
volkan,0.0,369,369-109,0.0,1.0,0.0,1.0,1.0,0.0,0.0,0.455868,-0.12,0.177214
volkan,0.0,369,369-110,0.0,0.0,0.0,0.0,0.0,1.0,0.0,0.926295,1.84,2.644879
volkan,0.0,369,369-111,0.883333,0.0,1.0,1.0,0.883333,0.0,0.0,0.648501,0.48,0.6156
volkan,0.0,369,369-112,0.0,0.0,0.0,0.0,0.0,0.0,1.0,0.159566,-1.6,1.716772
volkan,0.0,369,369-113,0.75,0.283333,0.716667,1.0,0.75,0.0,0.0,0.647033,0.72,0.615829
volkan,0.0,369,369-114,0.966667,1.0,0.0,1.0,1.0,0.0,0.0,0.528353,-0.08,0.115419
volkan,0.0,369,369-115,0.0,0.0,0.0,0.0,0.0,0.0,0.691667,0.242425,-1.28,1.172994
volkan,0.0,369,369-116,0.05,1.0,0.0,1.0,1.0,0.0,0.0,0.479753,0.04,0.084637
volkan,0.0,369,369-117,0.0,0.0,0.0,0.0,0.0,0.0,1.0,0.153725,-1.84,1.802029
volkan,0.0,369,369-118,0.0,0.0,0.383333,0.383333,0.0,0.383333,0.0,0.815246,1.52,1.545453
volkan,0.0,369,369-119,0.1,0.0,0.441667,0.441667,0.1,0.3,0.0,0.800924,1.44,1.447259
volkan,0.0,369,369-120,0.0,0.0,0.0,0.0,0.0,0.0,1.0,0.092582,-1.96,2.404328
volkan,0.0,369,369-121,0.0,0.0,0.0,0.0,0.0,0.0,1.0,0.098123,-2.08,2.365947
volkan,0.0,369,369-122,0.0,0.0,0.333333,0.333333,0.0,0.458333,0.0,0.836873,1.72,1.728914
volkan,0.0,369,369-123,0.0,0.0,0.033333,0.033333,0.0,0.766667,0.0,0.888056,1.88,2.165949
volkan,0.0,369,369-124,0.0,0.0,0.0,0.0,0.0,0.0,1.0,0.054906,-2.04,3.005776
volkan,0.0,369,369-125,0.0,0.0,0.35,0.35,0.0,0.491667,0.0,0.842192,1.76,1.769284
volkan,0.0,369,369-126,0.191667,0.0,0.525,0.525,0.191667,0.175,0.0,0.77885,1.36,1.3026
volkan,0.0,369,369-127,0.0,0.0,0.083333,0.083333,0.0,0.658333,0.0,0.874525,1.68,2.027966
volkan,0.0,369,369-128,1.0,0.341667,0.658333,1.0,1.0,0.0,0.0,0.615413,0.48,0.472135
volkan,0.0,369,369-129,0.0,0.0,0.0,0.0,0.0,1.0,0.0,0.943151,2.16,2.967741
volkan,0.0,369,369-130,0.183333,0.0,0.6,0.6,0.183333,0.191667,0.0,0.775302,1.28,1.282599
volkan,0.0,369,369-131,0.433333,0.0,0.85,0.85,0.433333,0.0,0.0,0.727637,1.16,1.005441
volkan,0.0,369,369-132,0.533333,0.0,0.966667,0.966667,0.533333,0.0,0.0,0.70041,1.04,0.865952
volkan,0.0,369,369-133,0.0,0.0,0.0,0.0,0.0,0.0,1.0,0.0891,-1.92,2.454462
volkan,0.0,369,369-134,0.491667,0.225,0.658333,0.883333,0.491667,0.0,0.0,0.692566,1.4,0.847208
volkan,0.0,369,369-135,0.0,0.0,0.0,0.0,0.0,1.0,0.0,0.954196,2.2,3.209455
volkan,0.0,369,369-136,0.0,0.0,0.0,0.0,0.0,0.8,0.0,0.901593,1.96,2.337928
volkan,0.0,369,369-137,0.0,0.0,0.0,0.0,0.0,0.0,0.808333,0.220494,-1.32,1.309802
volkan,0.0,369,369-138,0.0,0.0,0.183333,0.183333,0.0,0.508333,0.0,0.853758,1.8,1.847374
volkan,0.0,369,369-139,0.525,0.016667,0.825,0.841667,0.525,0.0,0.0,0.701592,1.2,0.885152
volkan,0.0,369,369-140,0.0,0.0,0.0,0.0,0.0,0.0,1.0,0.083419,-2.2,2.561491
volkan,0.0,369,369-141,0.0,0.0,0.0,0.0,0.0,0.0,0.358333,0.303328,-0.76,0.840123
volkan,0.0,369,369-142,0.0,0.0,0.0,0.0,0.0,0.0,1.0,0.064094,-2.2,2.848206
volkan,0.0,369,369-143,0.0,0.0,0.425,0.425,0.0,0.341667,0.0,0.819234,1.56,1.575901
volkan,0.0,369,369-144,0.0,0.933333,0.0,0.933333,0.933333,0.0,0.0,0.427775,-0.08,0.291241
volkan,0.0,369,369-145,0.0,0.0,0.0,0.0,0.0,0.0,1.0,0.127595,-1.96,2.039805
volkan,0.0,369,369-146,0.633333,0.041667,0.9,0.941667,0.633333,0.0,0.0,0.695088,1.2,0.842067
volkan,0.0,369,369-147,0.858333,1.0,0.0,1.0,1.0,0.0,0.0,0.51681,-0.2,0.085066
volkan,0.0,369,369-148,0.0,0.0,0.0,0.0,0.0,0.0,0.933333,0.187216,-1.68,1.531547
volkan,0.0,369,369-149,0.0,0.0,0.308333,0.308333,0.0,0.441667,0.0,0.832993,1.56,1.665459
volkan,0.0,369,369-150,0.491667,0.0,1.0,1.0,0.491667,0.0,0.0,0.699253,0.8,0.852028
volkan,0.0,369,369-151,0.0,0.183333,0.0,0.183333,0.183333,0.0,0.158333,0.360299,-0.8,0.581336
volkan,0.0,369,369-152,1.0,0.708333,0.291667,1.0,1.0,0.0,0.0,0.58203,0.6,0.332921
volkan,0.0,369,369-153,0.0,0.0,0.141667,0.141667,0.0,0.65,0.0,0.872901,1.88,2.030283
volkan,0.0,369,369-154,0.0,0.0,0.0,0.0,0.0,0.0,1.0,0.045617,-2.08,3.194293
volkan,0.0,369,369-155,0.0,0.0,0.058333,0.058333,0.0,0.716667,0.0,0.879069,1.8,2.070175
volkan,0.0,369,369-156,0.0,0.0,0.0,0.0,0.0,0.0,1.0,0.158748,-1.76,1.752381
volkan,0.0,369,369-157,0.0,0.066667,0.0,0.066667,0.066667,0.0,0.4,0.309141,-1.12,0.824962
volkan,0.0,369,369-158,0.016667,0.0,0.525,0.525,0.016667,0.241667,0.0,0.800173,1.36,1.433873
volkan,0.0,369,369-159,0.0,0.15,0.0,0.15,0.15,0.0,0.241667,0.341061,-0.76,0.665159
volkan,0.0,369,369-160,0.0,0.0,0.0,0.0,0.0,0.791667,0.0,0.902729,2.04,2.370863
volkan,0.0,369,369-161,0.0,0.0,0.0,0.0,0.0,0.0,0.891667,0.210662,-1.24,1.361629
volkan,0.0,369,369-162,0.0,0.325,0.0,0.325,0.325,0.0,0.016667,0.374682,-0.68,0.516141
volkan,0.0,369,369-163,0.0,0.0,0.0,0.0,0.0,0.0,1.0,0.025747,-2.24,3.827206
volkan,0.0,369,369-164,0.0,0.0,0.191667,0.191667,0.0,0.591667,0.0,0.864869,1.76,1.951922
volkan,0.0,369,369-165,0.0,0.0,0.0,0.0,0.0,0.0,1.0,0.129319,-1.8,2.002377
volkan,0.0,369,369-166,0.0,0.0,0.0,0.0,0.0,0.925,0.0,0.920383,2.12,2.585312
volkan,0.0,369,369-167,0.075,0.0,0.825,0.825,0.075,0.0,0.0,0.760703,1.08,1.170741
volkan,0.0,369,369-168,0.0,0.0,0.0,0.0,0.0,0.7,0.0,0.881771,1.8,2.115213
volkan,0.0,369,369-169,0.0,0.0,0.0,0.0,0.0,0.0,0.166667,0.339254,-0.44,0.669166
volkan,0.0,369,369-170,0.533333,0.0,1.0,1.0,0.533333,0.0,0.0,0.697823,0.8,0.847536
volkan,0.0,369,369-171,0.0,0.0,0.0,0.0,0.0,0.0,0.441667,0.309381,-1.0,0.820141
volkan,0.0,369,369-172,0.4,1.0,0.0,1.0,1.0,0.0,0.0,0.49623,0.12,0.083927
volkan,0.0,369,369-173,0.041667,0.491667,0.0,0.491667,0.491667,0.0,0.0,0.402312,-0.8,0.403516
volkan,0.0,369,369-174,1.0,0.316667,0.683333,1.0,1.0,0.0,0.0,0.628301,0.6,0.529186
volkan,0.0,369,369-175,0.0,0.0,0.0,0.0,0.0,0.0,0.383333,0.307286,-0.84,0.822879
volkan,0.0,369,369-176,0.883333,0.241667,0.758333,1.0,0.883333,0.0,0.0,0.652572,0.6,0.635701
volkan,0.0,369,369-177,0.0,0.0,0.341667,0.341667,0.0,0.516667,0.0,0.844155,1.68,1.778401
volkan,0.0,369,369-178,0.0,0.0,0.0,0.0,0.0,0.0,0.683333,0.24697,-1.48,1.160645
volkan,0.0,369,369-179,0.0,0.0,0.0,0.0,0.0,0.0,1.0,0.111599,-1.6,2.148224
volkan,0.0,369,369-180,0.983333,0.258333,0.741667,1.0,0.983333,0.0,0.0,0.61619,0.68,0.475322
volkan,0.0,369,369-181,0.875,0.408333,0.591667,1.0,0.875,0.0,0.0,0.631665,0.76,0.545696
volkan,0.0,369,369-182,0.491667,0.0,1.0,1.0,0.491667,0.0,0.0,0.696799,0.84,0.841256
volkan,0.0,369,369-183,0.966667,0.966667,0.033333,1.0,1.0,0.0,0.0,0.552064,0.24,0.210747
volkan,0.0,369,369-184,0.0,0.433333,0.0,0.433333,0.433333,0.0,0.05,0.373123,-0.88,0.526467
volkan,0.0,369,369-185,0.0,0.0,0.0,0.0,0.0,0.0,1.0,0.097639,-2.04,2.369844
volkan,0.0,369,369-186,0.0,0.0,0.0,0.0,0.0,0.0,0.608333,0.273176,-1.16,1.004714
volkan,0.0,369,369-187,0.0,0.516667,0.0,0.516667,0.516667,0.0,0.083333,0.387614,-0.68,0.463626
volkan,0.0,369,369-188,0.0,0.0,0.0,0.0,0.0,0.0,1.0,0.191701,-1.52,1.515123
volkan,0.0,369,369-189,0.958333,0.708333,0.291667,1.0,1.0,0.0,0.0,0.55813,0.4,0.237148
volkan,0.0,369,369-190,0.358333,0.058333,0.858333,0.916667,0.358333,0.0,0.0,0.709012,1.24,0.911701
volkan,0.0,369,369-191,1.0,0.708333,0.291667,1.0,1.0,0.0,0.0,0.586229,0.64,0.352124
volkan,0.0,369,369-192,0.0,0.008333,0.0,0.008333,0.008333,0.0,0.358333,0.318653,-0.8,0.769263
volkan,0.0,369,369-193,0.075,1.0,0.0,1.0,1.0,0.0,0.0,0.461945,-0.24,0.155946
volkan,0.0,369,369-194,0.458333,0.008333,0.816667,0.825,0.458333,0.0,0.0,0.716471,1.24,0.955446
volkan,0.0,369,369-195,0.0,0.0,0.0,0.0,0.0,0.0,1.0,0.021853,-2.36,4.021328
volkan,0.0,369,369-196,0.0,0.033333,0.0,0.033333,0.033333,0.0,0.125,0.344058,-0.68,0.649618
volkan,0.0,369,369-197,0.0,0.0,0.0,0.0,0.0,0.0,1.0,0.065926,-2.32,2.833836
volkan,0.0,369,369-198,0.591667,0.0,0.991667,0.991667,0.591667,0.0,0.0,0.67796,0.88,0.758709
volkan,0.0,369,369-199,0.0,0.0,0.0,0.0,0.0,0.0,1.0,0.053855,-1.96,3.013257
volkan,0.0,1024,1024-0,0.0,0.125,0.0,0.125,0.125,0.0,0.125,0.358126,-0.48,0.587824
volkan,0.0,1024,1024-1,0.0,0.716667,0.0,0.716667,0.716667,0.0,0.0,0.430076,-0.56,0.284068
volkan,0.0,1024,1024-2,0.0,0.0,0.0,0.0,0.0,1.0,0.0,0.963751,2.32,3.477089
volkan,0.0,1024,1024-3,0.816667,1.0,0.0,1.0,1.0,0.0,0.0,0.519651,0.12,0.100529
volkan,0.0,1024,1024-4,0.0,0.0,0.0,0.0,0.0,0.833333,0.0,0.89113,1.56,2.172047
volkan,0.0,1024,1024-5,1.0,0.033333,0.966667,1.0,1.0,0.0,0.0,0.62852,0.08,0.526538
volkan,0.0,1024,1024-6,0.0,0.475,0.0,0.475,0.475,0.0,0.208333,0.374231,-1.0,0.52751
volkan,0.0,1024,1024-7,0.0,0.0,0.0,0.0,0.0,0.0,0.791667,0.261511,-1.0,1.053669
volkan,0.0,1024,1024-8,0.0,0.233333,0.0,0.233333,0.233333,0.0,0.1,0.357287,-0.64,0.591847
volkan,0.0,1024,1024-9,1.0,0.05,0.95,1.0,1.0,0.0,0.0,0.639304,0.28,0.573627
volkan,0.0,1024,1024-10,0.0,0.0,0.0,0.0,0.0,0.0,1.0,0.106564,-1.8,2.236319
volkan,0.0,1024,1024-11,0.0,0.35,0.0,0.35,0.35,0.0,0.0,0.391681,-0.24,0.440925
volkan,0.0,1024,1024-12,0.0,0.0,0.0,0.0,0.0,0.9,0.0,0.917888,2.12,2.553668
volkan,0.0,1024,1024-13,0.175,0.0,0.833333,0.833333,0.175,0.0,0.0,0.752135,0.92,1.1238
volkan,0.0,1024,1024-14,1.0,0.725,0.275,1.0,1.0,0.0,0.0,0.586352,0.44,0.350378
volkan,0.0,1024,1024-15,0.0,0.141667,0.0,0.141667,0.141667,0.0,0.0,0.35624,-0.48,0.594164
volkan,0.0,1024,1024-16,0.0,0.0,0.0,0.0,0.0,0.0,1.0,0.19938,-1.16,1.429787
volkan,0.0,1024,1024-17,0.0,0.0,0.0,0.0,0.0,1.0,0.0,0.943255,2.0,2.943878
volkan,0.0,1024,1024-18,0.408333,0.0,0.816667,0.816667,0.408333,0.025,0.0,0.728654,1.2,1.015341
volkan,0.0,1024,1024-19,0.0,0.0,0.0,0.0,0.0,0.0,1.0,0.154423,-1.76,1.789026
volkan,0.0,1024,1024-20,0.0,0.0,0.0,0.0,0.0,0.0,0.975,0.203133,-1.28,1.411861
volkan,0.0,1024,1024-21,0.0,0.0,0.0,0.0,0.0,0.0,0.666667,0.263613,-1.24,1.058709
volkan,0.0,1024,1024-22,0.0,0.0,0.0,0.0,0.0,0.0,0.266667,0.33082,-0.8,0.713048
volkan,0.0,1024,1024-23,0.391667,0.0,0.825,0.825,0.391667,0.0,0.0,0.73151,1.16,1.027947
volkan,0.0,1024,1024-24,0.0,0.0,0.158333,0.158333,0.0,0.683333,0.0,0.874308,1.92,2.046147
volkan,0.0,1024,1024-25,0.0,0.391667,0.0,0.391667,0.391667,0.0,0.0,0.399123,-0.6,0.411681
volkan,0.0,1024,1024-26,0.0,0.0,0.283333,0.283333,0.0,0.533333,0.0,0.851169,1.8,1.845173
volkan,0.0,1024,1024-27,0.0,0.0,0.0,0.0,0.0,0.0,1.0,0.119834,-1.96,2.108566
volkan,0.0,1024,1024-28,0.341667,0.0,0.658333,0.658333,0.341667,0.166667,0.0,0.748292,1.6,1.144802
volkan,0.0,1024,1024-29,0.208333,0.0,0.608333,0.608333,0.208333,0.158333,0.0,0.775534,1.52,1.287364
volkan,0.0,1024,1024-30,0.0,0.0,0.116667,0.116667,0.0,0.725,0.0,0.8801,1.92,2.103787
volkan,0.0,1024,1024-31,0.0,0.0,0.375,0.375,0.0,0.366667,0.0,0.822124,1.44,1.584262
volkan,0.0,1024,1024-32,0.0,0.0,0.316667,0.316667,0.0,0.466667,0.0,0.835305,1.76,1.699038
volkan,0.0,1024,1024-33,0.0,0.0,0.0,0.0,0.0,0.0,1.0,0.054802,-2.2,3.011246
volkan,0.0,1024,1024-34,0.0,0.0,0.0,0.0,0.0,0.0,0.583333,0.290883,-0.88,0.904894
volkan,0.0,1024,1024-35,0.0,0.0,0.0,0.0,0.0,0.0,1.0,0.07578,-2.2,2.648504
volkan,0.0,1024,1024-36,0.0,0.358333,0.0,0.358333,0.358333,0.0,0.258333,0.355754,-0.88,0.606242
volkan,0.0,1024,1024-37,0.0,0.0,0.0,0.0,0.0,0.0,1.0,0.055155,-2.32,3.043541
volkan,0.0,1024,1024-38,0.0,0.0,0.425,0.425,0.0,0.408333,0.0,0.817598,1.6,1.562069
volkan,0.0,1024,1024-39,0.0,0.033333,0.0,0.033333,0.033333,0.0,0.566667,0.28302,-1.32,0.953665
volkan,0.0,1024,1024-40,0.0,0.0,0.375,0.375,0.0,0.466667,0.0,0.831481,1.68,1.67297
volkan,0.0,1024,1024-41,0.0,0.0,0.0,0.0,0.0,0.0,0.625,0.259257,-1.08,1.080258
volkan,0.0,1024,1024-42,0.058333,1.0,0.0,1.0,1.0,0.0,0.0,0.478314,0.0,0.088281
volkan,0.0,1024,1024-43,0.033333,0.0,0.508333,0.508333,0.033333,0.266667,0.0,0.796779,1.44,1.417504
volkan,0.0,1024,1024-44,0.0,0.0,0.0,0.0,0.0,0.0,1.0,0.154966,-1.92,1.798537
volkan,0.0,1024,1024-45,0.0,0.0,0.0,0.0,0.0,0.0,1.0,0.062718,-2.0,2.852889
volkan,0.0,1024,1024-46,0.0,0.0,0.0,0.0,0.0,1.0,0.0,0.964319,2.28,3.487461
volkan,0.0,1024,1024-47,0.0,0.0,0.0,0.0,0.0,0.0,1.0,0.080616,-1.96,2.557656
volkan,0.0,1024,1024-48,1.0,0.208333,0.791667,1.0,1.0,0.0,0.0,0.617762,0.28,0.480829
volkan,0.0,1024,1024-49,0.0,0.0,0.358333,0.358333,0.0,0.483333,0.0,0.830801,1.72,1.67015
volkan,0.0,1024,1024-50,0.45,0.0,0.841667,0.841667,0.45,0.0,0.0,0.722684,1.16,0.984746
volkan,0.0,1024,1024-51,0.0,0.0,0.0,0.0,0.0,0.0,1.0,0.066924,-2.2,2.805043
volkan,0.0,1024,1024-52,0.558333,0.0,0.975,0.975,0.558333,0.0,0.0,0.715256,0.76,0.933699
volkan,0.0,1024,1024-53,1.0,0.625,0.375,1.0,1.0,0.0,0.0,0.599322,0.4,0.405067
volkan,0.0,1024,1024-54,0.158333,0.0,0.775,0.775,0.158333,0.0,0.0,0.754322,1.04,1.141611
volkan,0.0,1024,1024-55,0.0,0.0,0.0,0.0,0.0,0.0,1.0,0.043884,-2.2,3.25213
volkan,0.0,1024,1024-56,0.141667,1.0,0.0,1.0,1.0,0.0,0.0,0.477431,0.0,0.098943
volkan,0.0,1024,1024-57,0.0,0.0,0.0,0.0,0.0,0.0,0.883333,0.203064,-1.52,1.418642
volkan,0.0,1024,1024-58,0.0,0.0,0.0,0.0,0.0,0.0,1.0,0.107098,-1.88,2.2312
volkan,0.0,1024,1024-59,0.0,0.983333,0.0,0.983333,0.983333,0.0,0.0,0.444347,-0.16,0.224086
volkan,0.0,1024,1024-60,0.0,0.0,0.0,0.0,0.0,0.0,1.0,0.084046,-2.2,2.560182
volkan,0.0,1024,1024-61,0.0,0.5,0.0,0.5,0.5,0.0,0.091667,0.392045,-0.92,0.447641
volkan,0.0,1024,1024-62,0.0,0.0,0.0,0.0,0.0,0.0,1.0,0.188873,-1.56,1.520256
volkan,0.0,1024,1024-63,0.0,0.083333,0.0,0.083333,0.083333,0.0,0.575,0.29294,-1.32,0.907445
volkan,0.0,1024,1024-64,0.0,0.508333,0.0,0.508333,0.508333,0.0,0.0,0.402864,-0.28,0.3942
volkan,0.0,1024,1024-65,0.0,0.0,0.0,0.0,0.0,0.0,1.0,0.052816,-2.24,3.050375
volkan,0.0,1024,1024-66,0.0,0.833333,0.0,0.833333,0.833333,0.0,0.0,0.424037,-0.48,0.306833
volkan,0.0,1024,1024-67,0.416667,0.0,0.808333,0.808333,0.416667,0.008333,0.0,0.723022,1.2,0.988708
volkan,0.0,1024,1024-68,0.0,0.0,0.0,0.0,0.0,0.0,0.866667,0.209027,-1.6,1.389488
volkan,0.0,1024,1024-69,0.166667,1.0,0.0,1.0,1.0,0.0,0.0,0.485271,0.12,0.07372
volkan,0.0,1024,1024-70,1.0,0.708333,0.291667,1.0,1.0,0.0,0.0,0.573751,0.4,0.299101
volkan,0.0,1024,1024-71,0.841667,0.383333,0.616667,1.0,0.841667,0.0,0.0,0.627784,0.8,0.531287
volkan,0.0,1024,1024-72,0.0,0.0,0.0,0.0,0.0,0.0,0.733333,0.24151,-1.12,1.176808
volkan,0.0,1024,1024-73,0.016667,0.975,0.0,0.975,0.975,0.0,0.0,0.448267,-0.28,0.208951
volkan,0.0,1024,1024-74,0.0,0.0,0.0,0.0,0.0,0.0,0.4,0.311968,-0.8,0.802483
volkan,0.0,1024,1024-75,1.0,0.783333,0.216667,1.0,1.0,0.0,0.0,0.583793,0.4,0.339822
volkan,0.0,1024,1024-76,0.0,0.0,0.0,0.0,0.0,1.0,0.0,0.951283,2.2,3.144995
volkan,0.0,1024,1024-77,0.0,0.0,0.233333,0.233333,0.0,0.491667,0.0,0.84734,1.64,1.784931
volkan,0.0,1024,1024-78,0.633333,0.0,0.958333,0.958333,0.633333,0.0,0.0,0.690854,1.0,0.817589
volkan,0.0,1024,1024-79,0.55,0.0,0.925,0.925,0.55,0.0,0.0,0.691727,1.04,0.827693
volkan,0.0,1024,1024-80,0.383333,1.0,0.0,1.0,1.0,0.0,0.0,0.492877,0.08,0.076188
volkan,0.0,1024,1024-81,1.0,0.766667,0.233333,1.0,1.0,0.0,0.0,0.586137,0.12,0.348423
volkan,0.0,1024,1024-82,0.516667,0.0,0.933333,0.933333,0.516667,0.0,0.0,0.699686,1.04,0.863608
volkan,0.0,1024,1024-83,0.5,0.166667,0.833333,1.0,0.5,0.0,0.0,0.681826,1.04,0.781413
volkan,0.0,1024,1024-84,0.0,0.0,0.0,0.0,0.0,1.0,0.0,0.948428,2.2,3.088567
volkan,0.0,1024,1024-85,0.0,0.0,0.0,0.0,0.0,0.0,0.591667,0.270166,-1.32,1.030936
volkan,0.0,1024,1024-86,0.116667,0.0,0.608333,0.608333,0.116667,0.183333,0.0,0.780475,1.56,1.315521
volkan,0.0,1024,1024-87,0.0,0.0,0.0,0.0,0.0,0.0,0.591667,0.265018,-1.08,1.044549
volkan,0.0,1024,1024-88,0.025,0.0,0.691667,0.691667,0.025,0.116667,0.0,0.771573,1.16,1.244023
volkan,0.0,1024,1024-89,0.0,0.1,0.0,0.1,0.1,0.0,0.016667,0.357879,-0.6,0.587144
volkan,0.0,1024,1024-90,0.0,0.0,0.0,0.0,0.0,0.0,1.0,0.105442,-2.04,2.263013
volkan,0.0,1024,1024-91,0.3,0.0,0.833333,0.833333,0.3,0.0,0.0,0.729811,1.12,1.013299
volkan,0.0,1024,1024-92,0.158333,1.0,0.0,1.0,1.0,0.0,0.0,0.480965,-0.2,0.085593
volkan,0.0,1024,1024-93,0.0,0.0,0.0,0.0,0.0,0.0,1.0,0.06695,-1.96,2.760511
volkan,0.0,1024,1024-94,0.883333,0.908333,0.091667,1.0,1.0,0.0,0.0,0.542964,0.4,0.180484
volkan,0.0,1024,1024-95,1.0,0.175,0.825,1.0,1.0,0.0,0.0,0.631673,0.56,0.541815
volkan,0.0,1024,1024-96,0.525,0.091667,0.75,0.841667,0.525,0.0,0.0,0.704683,1.32,0.90084
volkan,0.0,1024,1024-97,0.958333,0.516667,0.483333,1.0,0.958333,0.0,0.0,0.610591,0.72,0.455728
volkan,0.0,1024,1024-98,0.0,0.0,0.0,0.0,0.0,0.0,1.0,0.101536,-2.0,2.301214
volkan,0.0,1024,1024-99,0.0,0.0,0.35,0.35,0.0,0.458333,0.0,0.830309,1.72,1.669301
volkan,0.0,1024,1024-100,0.083333,1.0,0.0,1.0,1.0,0.0,0.0,0.456882,-0.32,0.180163
volkan,0.0,1024,1024-101,0.0,0.0,0.0,0.0,0.0,0.0,0.666667,0.259704,-1.4,1.085084
volkan,0.0,1024,1024-102,0.0,0.191667,0.0,0.191667,0.191667,0.0,0.216667,0.34551,-0.8,0.647001
volkan,0.0,1024,1024-103,0.083333,0.883333,0.0,0.883333,0.883333,0.0,0.0,0.455357,-0.6,0.187898
volkan,0.0,1024,1024-104,0.0,0.25,0.0,0.25,0.25,0.0,0.375,0.338563,-0.96,0.68349
volkan,0.0,1024,1024-105,0.0,0.0,0.208333,0.208333,0.0,0.616667,0.0,0.867577,1.96,1.996465
volkan,0.0,1024,1024-106,1.0,0.4,0.6,1.0,1.0,0.0,0.0,0.610181,0.6,0.450382
volkan,0.0,1024,1024-107,0.0,0.0,0.0,0.0,0.0,0.0,0.941667,0.20847,-1.28,1.372674
volkan,0.0,1024,1024-108,1.0,0.425,0.575,1.0,1.0,0.0,0.0,0.617488,0.56,0.482218
volkan,0.0,1024,1024-109,0.0,0.0,0.0,0.0,0.0,0.0,0.958333,0.202382,-1.36,1.410889
volkan,0.0,1024,1024-110,0.0,0.516667,0.0,0.516667,0.516667,0.0,0.025,0.396861,-0.64,0.422024
volkan,0.0,1024,1024-111,0.05,1.0,0.0,1.0,1.0,0.0,0.0,0.461961,0.08,0.15423
volkan,0.0,1024,1024-112,0.0,0.008333,0.0,0.008333,0.008333,0.0,0.158333,0.347131,-0.6,0.636095
volkan,0.0,1024,1024-113,0.725,0.175,0.825,1.0,0.725,0.0,0.0,0.662611,0.92,0.683605
volkan,0.0,1024,1024-114,0.475,0.0,0.991667,0.991667,0.475,0.0,0.0,0.706031,0.84,0.888989
volkan,0.0,1024,1024-115,1.0,0.683333,0.316667,1.0,1.0,0.0,0.0,0.593739,0.2,0.379744
volkan,0.0,1024,1024-116,0.0,0.0,0.141667,0.141667,0.0,0.641667,0.0,0.873373,1.92,2.042978
volkan,0.0,1024,1024-117,0.0,0.0,0.0,0.0,0.0,0.825,0.0,0.905035,1.88,2.375065
volkan,0.0,1024,1024-118,0.125,0.0,0.783333,0.783333,0.125,0.0,0.0,0.757633,1.12,1.160421
volkan,0.0,1024,1024-119,0.0,0.0,0.0,0.0,0.0,0.0,1.0,0.100201,-1.88,2.327879
volkan,0.0,1024,1024-120,0.675,0.183333,0.816667,1.0,0.675,0.0,0.0,0.664412,1.08,0.69825
volkan,0.0,1024,1024-121,0.0,0.0,0.0,0.0,0.0,0.0,1.0,0.041921,-2.08,3.282966
volkan,0.0,1024,1024-122,0.516667,0.975,0.0,0.975,0.975,0.0,0.0,0.484623,-0.48,0.133483
volkan,0.0,1024,1024-123,0.383333,0.0,0.816667,0.816667,0.383333,0.0,0.0,0.727469,1.12,1.003701
volkan,0.0,1024,1024-124,0.0,0.0,0.0,0.0,0.0,0.0,1.0,0.167178,-1.72,1.694365
volkan,0.0,1024,1024-125,0.0,0.0,0.0,0.0,0.0,0.0,1.0,0.084187,-2.04,2.524757
volkan,0.0,1024,1024-126,0.0,0.0,0.0,0.0,0.0,0.0,0.975,0.175242,-1.88,1.639116
volkan,0.0,1024,1024-127,0.0,0.108333,0.0,0.108333,0.108333,0.0,0.308333,0.329244,-1.04,0.724445
volkan,0.0,1024,1024-128,0.0,0.0,0.125,0.125,0.0,0.716667,0.0,0.886078,2.12,2.181927
volkan,0.0,1024,1024-129,0.0,0.0,0.0,0.0,0.0,0.0,0.875,0.209666,-1.48,1.380212
volkan,0.0,1024,1024-130,0.0,0.0,0.116667,0.116667,0.0,0.641667,0.0,0.873003,1.88,2.038618
volkan,0.0,1024,1024-131,0.908333,0.558333,0.441667,1.0,0.908333,0.0,0.0,0.607766,0.84,0.444637
volkan,0.0,1024,1024-132,0.783333,0.016667,0.983333,1.0,0.783333,0.0,0.0,0.665301,0.8,0.695273
volkan,0.0,1024,1024-133,0.0,0.0,0.0,0.0,0.0,1.0,0.0,0.936391,2.04,2.835028
volkan,0.0,1024,1024-134,0.0,0.008333,0.0,0.008333,0.008333,0.0,0.391667,0.308403,-0.84,0.819162
volkan,0.0,1024,1024-135,0.0,0.125,0.0,0.125,0.125,0.0,0.175,0.341404,-0.68,0.662298
volkan,0.0,1024,1024-136,0.0,0.0,0.0,0.0,0.0,0.758333,0.0,0.89245,1.8,2.213341
volkan,0.0,1024,1024-137,0.0,0.0,0.0,0.0,0.0,0.0,0.991667,0.185052,-1.64,1.564256
volkan,0.0,1024,1024-138,0.0,0.0,0.0,0.0,0.0,1.0,0.0,0.950667,2.16,3.129084
volkan,0.0,1024,1024-139,0.525,0.0,0.908333,0.908333,0.525,0.0,0.0,0.7113,0.96,0.9206
volkan,0.0,1024,1024-140,0.316667,0.0,0.925,0.925,0.316667,0.0,0.0,0.723035,1.12,0.976562
volkan,0.0,1024,1024-141,0.2,0.0,0.7,0.7,0.2,0.066667,0.0,0.758465,1.36,1.176666
volkan,0.0,1024,1024-142,0.108333,0.0,0.491667,0.491667,0.108333,0.2,0.0,0.789681,1.32,1.363431
volkan,0.0,1024,1024-143,0.0,0.0,0.0,0.0,0.0,0.0,1.0,0.149043,-1.72,1.811522
volkan,0.0,1024,1024-144,0.0,0.0,0.0,0.0,0.0,0.0,1.0,0.097246,-2.08,2.379722
volkan,0.0,1024,1024-145,0.0,0.258333,0.0,0.258333,0.258333,0.0,0.258333,0.339529,-0.96,0.678673
volkan,0.0,1024,1024-146,0.0,0.0,0.325,0.325,0.0,0.458333,0.0,0.833568,1.6,1.67685
volkan,0.0,1024,1024-147,0.0,0.108333,0.0,0.108333,0.108333,0.0,0.408333,0.311597,-1.12,0.811544
volkan,0.0,1024,1024-148,0.0,0.058333,0.0,0.058333,0.058333,0.0,0.466667,0.316982,-1.08,0.784116
volkan,0.0,1024,1024-149,0.0,0.0,0.0,0.0,0.0,0.0,1.0,0.077,-2.16,2.642706
volkan,0.0,1024,1024-150,1.0,0.625,0.375,1.0,1.0,0.0,0.0,0.5846,0.4,0.343931
volkan,0.0,1024,1024-151,0.0,0.0,0.0,0.0,0.0,0.0,1.0,0.172363,-1.32,1.615535
volkan,0.0,1024,1024-152,0.65,0.1,0.9,1.0,0.65,0.0,0.0,0.669767,0.84,0.717287
volkan,0.0,1024,1024-153,0.0,0.0,0.0,0.0,0.0,0.0,1.0,0.066073,-2.12,2.797879
volkan,0.0,1024,1024-154,0.0,0.0,0.808333,0.808333,0.0,0.0,0.0,0.758335,0.76,1.154221
volkan,0.0,1024,1024-155,0.316667,0.0,0.708333,0.708333,0.316667,0.066667,0.0,0.75034,1.32,1.136385
volkan,0.0,1024,1024-156,0.0,0.0,0.0,0.0,0.0,0.0,1.0,0.135826,-2.0,1.969739
volkan,0.0,1024,1024-157,0.0,0.0,0.0,0.0,0.0,0.0,1.0,0.135953,-1.68,1.927124
volkan,0.0,1024,1024-158,0.0,1.0,0.0,1.0,1.0,0.0,0.0,0.448487,0.04,0.206933
volkan,0.0,1024,1024-159,0.0,0.0,0.0,0.0,0.0,0.0,1.0,0.069382,-2.2,2.768044
volkan,0.0,1024,1024-160,0.0,0.0,0.0,0.0,0.0,0.0,0.891667,0.206472,-1.4,1.392953
volkan,0.0,1024,1024-161,0.0,0.0,0.0,0.0,0.0,0.0,1.0,0.047328,-2.24,3.181006
volkan,0.0,1024,1024-162,0.0,0.0,0.0,0.0,0.0,0.0,0.508333,0.28504,-0.84,0.929235
volkan,0.0,1024,1024-163,0.358333,0.0,0.708333,0.708333,0.358333,0.041667,0.0,0.741389,1.4,1.089619
volkan,0.0,1024,1024-164,0.0,0.0,0.0,0.0,0.0,0.0,1.0,0.066925,-2.16,2.789735
volkan,0.0,1024,1024-165,0.666667,0.066667,0.933333,1.0,0.666667,0.0,0.0,0.671264,0.88,0.725551
volkan,0.0,1024,1024-166,0.0,0.283333,0.0,0.283333,0.283333,0.0,0.033333,0.367842,-0.44,0.545901
volkan,0.0,1024,1024-167,0.0,0.066667,0.0,0.066667,0.066667,0.0,0.416667,0.320666,-0.92,0.767359
volkan,0.0,1024,1024-168,0.816667,0.233333,0.766667,1.0,0.816667,0.0,0.0,0.639159,0.76,0.579446
volkan,0.0,1024,1024-169,0.266667,0.0,0.683333,0.683333,0.266667,0.108333,0.0,0.758569,1.32,1.181679
volkan,0.0,1024,1024-170,0.0,0.0,0.0,0.0,0.0,0.0,1.0,0.04987,-2.16,3.098396
volkan,0.0,1024,1024-171,0.0,0.0,0.0,0.0,0.0,0.0,1.0,0.040265,-2.2,3.359846
volkan,0.0,1024,1024-172,0.0,0.075,0.0,0.075,0.075,0.0,0.525,0.295693,-1.4,0.898263
volkan,0.0,1024,1024-173,0.0,0.0,0.0,0.0,0.0,0.0,0.666667,0.24947,-1.32,1.13531
volkan,0.0,1024,1024-174,0.0,0.0,0.0,0.0,0.0,0.0,1.0,0.080979,-2.08,2.569166
volkan,0.0,1024,1024-175,0.0,0.0,0.0,0.0,0.0,0.0,0.525,0.287322,-1.2,0.930086
volkan,0.0,1024,1024-176,1.0,0.383333,0.616667,1.0,1.0,0.0,0.0,0.614102,0.6,0.46781
volkan,0.0,1024,1024-177,0.283333,1.0,0.0,1.0,1.0,0.0,0.0,0.480525,-0.08,0.107007
volkan,0.0,1024,1024-178,0.45,1.0,0.0,1.0,1.0,0.0,0.0,0.503755,-0.28,0.080741
volkan,0.0,1024,1024-179,0.0,0.116667,0.0,0.116667,0.116667,0.0,0.241667,0.346613,-0.72,0.641802
volkan,0.0,1024,1024-180,0.0,0.0,0.0,0.0,0.0,0.0,0.741667,0.226181,-1.36,1.281279
volkan,0.0,1024,1024-181,0.0,0.0,0.0,0.0,0.0,0.0,1.0,0.126037,-1.8,2.024735
volkan,0.0,1024,1024-182,0.0,0.0,0.0,0.0,0.0,0.0,0.841667,0.234901,-1.24,1.21198
volkan,0.0,1024,1024-183,0.35,1.0,0.0,1.0,1.0,0.0,0.0,0.488404,-0.2,0.074356
volkan,0.0,1024,1024-184,1.0,1.0,0.0,1.0,1.0,0.0,0.0,0.559533,-0.08,0.239517
volkan,0.0,1024,1024-185,0.0,0.2,0.0,0.2,0.2,0.0,0.466667,0.32917,-0.96,0.724738
volkan,0.0,1024,1024-186,0.0,0.0,0.0,0.0,0.0,0.0,1.0,0.1303,-1.84,2.006195
volkan,0.0,1024,1024-187,0.0,0.0,0.0,0.0,0.0,0.875,0.0,0.906048,1.84,2.365933
volkan,0.0,1024,1024-188,0.0,0.5,0.0,0.5,0.5,0.0,0.0,0.398397,-0.6,0.415403
volkan,0.0,1024,1024-189,0.0,0.0,0.0,0.0,0.0,0.0,1.0,0.15342,-1.72,1.786371
volkan,0.0,1024,1024-190,0.383333,0.0,0.808333,0.808333,0.383333,0.0,0.0,0.733754,0.96,1.033346
volkan,0.0,1024,1024-191,0.0,0.0,0.0,0.0,0.0,0.0,0.991667,0.191058,-1.44,1.502324
volkan,0.0,1024,1024-192,0.0,0.0,0.0,0.0,0.0,0.0,0.808333,0.229948,-1.44,1.258715
volkan,0.0,1024,1024-193,0.0,0.0,0.091667,0.091667,0.0,0.725,0.0,0.890442,2.12,2.235123
volkan,0.0,1024,1024-194,0.0,0.0,0.0,0.0,0.0,0.0,1.0,0.197659,-1.28,1.442956
volkan,0.0,1024,1024-195,0.0,0.0,0.0,0.0,0.0,0.0,1.0,0.154392,-1.64,1.786284
volkan,0.0,1024,1024-196,0.125,0.0,0.583333,0.583333,0.125,0.216667,0.0,0.779682,1.28,1.30502
volkan,0.0,1024,1024-197,0.0,0.0,0.0,0.0,0.0,0.0,1.0,0.146931,-1.68,1.842219
volkan,0.0,1024,1024-198,0.0,0.233333,0.0,0.233333,0.233333,0.0,0.141667,0.347894,-0.68,0.63448
volkan,0.0,1024,1024-199,0.091667,1.0,0.0,1.0,1.0,0.0,0.0,0.474832,-0.16,0.10522
volkan,0.0,2026,2026-0,0.0,0.0,0.0,0.0,0.0,0.0,0.925,0.231132,-1.2,1.230734
volkan,0.0,2026,2026-1,1.0,0.758333,0.241667,1.0,1.0,0.0,0.0,0.591085,0.48,0.370216
volkan,0.0,2026,2026-2,0.0,0.0,0.0,0.0,0.0,0.0,1.0,0.068454,-2.04,2.767662
volkan,0.0,2026,2026-3,0.0,0.0,0.016667,0.016667,0.0,0.808333,0.0,0.900105,2.04,2.318583
volkan,0.0,2026,2026-4,0.2,0.0,0.625,0.625,0.2,0.183333,0.0,0.772729,1.52,1.268124
volkan,0.0,2026,2026-5,0.0,0.133333,0.0,0.133333,0.133333,0.0,0.041667,0.362038,-0.68,0.56984
volkan,0.0,2026,2026-6,0.0,0.541667,0.0,0.541667,0.541667,0.0,0.0,0.405315,-0.24,0.383858
volkan,0.0,2026,2026-7,0.9,0.191667,0.808333,1.0,0.9,0.0,0.0,0.641442,0.6,0.586135
volkan,0.0,2026,2026-8,0.241667,1.0,0.0,1.0,1.0,0.0,0.0,0.466327,0.44,0.183338
volkan,0.0,2026,2026-9,0.0,0.466667,0.0,0.466667,0.466667,0.0,0.0,0.395596,-0.4,0.42522
volkan,0.0,2026,2026-10,0.266667,0.0,0.758333,0.758333,0.266667,0.008333,0.0,0.74209,1.12,1.079552
volkan,0.0,2026,2026-11,0.616667,0.0,1.0,1.0,0.616667,0.0,0.0,0.685373,0.72,0.786049
volkan,0.0,2026,2026-12,0.308333,1.0,0.0,1.0,1.0,0.0,0.0,0.480127,-0.24,0.109931
volkan,0.0,2026,2026-13,0.0,1.0,0.0,1.0,1.0,0.0,0.0,0.46175,0.0,0.153483
volkan,0.0,2026,2026-14,1.0,0.65,0.35,1.0,1.0,0.0,0.0,0.581845,0.24,0.331446
volkan,0.0,2026,2026-15,0.0,0.0,0.0,0.0,0.0,0.0,0.833333,0.250191,-1.12,1.12018
volkan,0.0,2026,2026-16,0.0,0.05,0.0,0.05,0.05,0.0,0.25,0.337941,-0.72,0.680205
volkan,0.0,2026,2026-17,0.541667,0.0,0.958333,0.958333,0.541667,0.0,0.0,0.698055,1.0,0.856489
volkan,0.0,2026,2026-18,0.008333,0.75,0.0,0.75,0.75,0.0,0.008333,0.433702,-0.72,0.271376
volkan,0.0,2026,2026-19,0.0,0.0,0.0,0.0,0.0,0.0,1.0,0.10892,-1.64,2.18272
volkan,0.0,2026,2026-20,0.0,0.0,0.0,0.0,0.0,0.0,0.583333,0.282671,-1.08,0.955109
volkan,0.0,2026,2026-21,0.216667,0.0,0.658333,0.658333,0.216667,0.075,0.0,0.765876,1.28,1.220452
volkan,0.0,2026,2026-22,0.0,0.641667,0.0,0.641667,0.641667,0.0,0.0,0.416138,-0.36,0.340662
volkan,0.0,2026,2026-23,0.733333,1.0,0.0,1.0,1.0,0.0,0.0,0.519774,0.44,0.120522
volkan,0.0,2026,2026-24,0.341667,0.0,0.816667,0.816667,0.341667,0.0,0.0,0.735515,1.12,1.046396
volkan,0.0,2026,2026-25,0.0,0.0,0.0,0.0,0.0,1.0,0.0,0.937664,2.24,2.881787
volkan,0.0,2026,2026-26,0.0,0.0,0.0,0.0,0.0,0.0,0.866667,0.210461,-1.48,1.378637
volkan,0.0,2026,2026-27,0.0,0.0,0.058333,0.058333,0.0,0.658333,0.0,0.884074,1.92,2.146079
volkan,0.0,2026,2026-28,0.0,0.0,0.0,0.0,0.0,0.0,1.0,0.125727,-1.76,2.026983
volkan,0.0,2026,2026-29,1.0,0.8,0.2,1.0,1.0,0.0,0.0,0.575602,0.32,0.305433
volkan,0.0,2026,2026-30,0.0,0.0,0.0,0.0,0.0,0.0,1.0,0.13744,-1.76,1.926568
volkan,0.0,2026,2026-31,0.0,0.0,0.033333,0.033333,0.0,0.666667,0.0,0.874035,1.52,2.003261
volkan,0.0,2026,2026-32,0.041667,0.0,0.425,0.425,0.041667,0.383333,0.0,0.812151,1.64,1.529565
volkan,0.0,2026,2026-33,0.0,0.0,0.325,0.325,0.0,0.441667,0.0,0.840296,1.52,1.720919
volkan,0.0,2026,2026-34,0.0,0.0,0.0,0.0,0.0,0.0,1.0,0.163227,-1.88,1.735458
volkan,0.0,2026,2026-35,0.1,0.0,0.6,0.6,0.1,0.25,0.0,0.781653,1.56,1.328271
volkan,0.0,2026,2026-36,0.0,0.0,0.0,0.0,0.0,0.0,0.775,0.257083,-1.16,1.083186
volkan,0.0,2026,2026-37,0.0,0.0,0.0,0.0,0.0,0.0,0.466667,0.3007,-0.84,0.858335
volkan,0.0,2026,2026-38,0.425,0.008333,0.75,0.758333,0.425,0.0,0.0,0.717044,1.24,0.964106
volkan,0.0,2026,2026-39,0.008333,0.0,0.541667,0.541667,0.008333,0.266667,0.0,0.798406,1.44,1.422496
volkan,0.0,2026,2026-40,1.0,0.791667,0.208333,1.0,1.0,0.0,0.0,0.582195,0.48,0.33301
volkan,0.0,2026,2026-41,0.0,0.0,0.0,0.0,0.0,0.0,0.8,0.250414,-1.2,1.1153
volkan,0.0,2026,2026-42,0.0,0.0,0.0,0.0,0.0,0.0,0.941667,0.203402,-1.4,1.416609
volkan,0.0,2026,2026-43,0.0,0.0,0.0,0.0,0.0,0.708333,0.0,0.892193,1.88,2.227587
volkan,0.0,2026,2026-44,0.275,0.0,0.691667,0.691667,0.275,0.075,0.0,0.750421,1.4,1.13808
volkan,0.0,2026,2026-45,0.375,0.0,0.883333,0.883333,0.375,0.0,0.0,0.72503,1.0,0.988622
volkan,0.0,2026,2026-46,0.0,0.0,0.0,0.0,0.0,1.0,0.0,0.947316,2.0,3.039041
volkan,0.0,2026,2026-47,0.0,0.0,0.0,0.0,0.0,0.0,0.958333,0.202231,-1.48,1.426756
volkan,0.0,2026,2026-48,0.0,0.0,0.0,0.0,0.0,1.0,0.0,0.966865,2.28,3.571305
volkan,0.0,2026,2026-49,0.0,0.0,0.0,0.0,0.0,1.0,0.0,0.982566,2.32,4.239536
volkan,0.0,2026,2026-50,0.0,0.0,0.0,0.0,0.0,0.891667,0.0,0.918999,2.08,2.579423
volkan,0.0,2026,2026-51,0.05,0.0,0.566667,0.566667,0.05,0.208333,0.0,0.789849,1.32,1.360542
volkan,0.0,2026,2026-52,0.0,0.0,0.0,0.0,0.0,0.0,0.8,0.227446,-1.2,1.257742
volkan,0.0,2026,2026-53,0.0,0.0,0.258333,0.258333,0.0,0.491667,0.0,0.848899,1.92,1.829915
volkan,0.0,2026,2026-54,0.0,0.0,0.0,0.0,0.0,0.0,0.233333,0.321101,-0.64,0.752683
volkan,0.0,2026,2026-55,0.608333,1.0,0.0,1.0,1.0,0.0,0.0,0.504273,-0.12,0.061159
volkan,0.0,2026,2026-56,0.0,1.0,0.0,1.0,1.0,0.0,0.0,0.431891,0.0,0.274319
volkan,0.0,2026,2026-57,0.675,0.175,0.825,1.0,0.675,0.0,0.0,0.66216,0.92,0.685328
volkan,0.0,2026,2026-58,0.0,0.0,0.108333,0.108333,0.0,0.666667,0.0,0.8792,1.8,2.093675
volkan,0.0,2026,2026-59,0.0,0.0,0.0,0.0,0.0,0.0,0.766667,0.232997,-1.6,1.243104
volkan,0.0,2026,2026-60,0.0,0.0,0.0,0.0,0.0,0.0,0.991667,0.198242,-1.36,1.450729
volkan,0.0,2026,2026-61,0.0,0.0,0.0,0.0,0.0,0.0,1.0,0.185445,-1.28,1.533297
volkan,0.0,2026,2026-62,0.0,0.0,0.0,0.0,0.0,0.0,1.0,0.149942,-1.88,1.838904
volkan,0.0,2026,2026-63,0.0,0.0,0.0,0.0,0.0,0.0,1.0,0.098838,-2.08,2.369603
volkan,0.0,2026,2026-64,0.0,0.0,0.0,0.0,0.0,0.0,1.0,0.192523,-1.36,1.483124
volkan,0.0,2026,2026-65,0.0,0.0,0.1,0.1,0.0,0.608333,0.0,0.868775,1.76,1.978824
volkan,0.0,2026,2026-66,0.0,0.0,0.0,0.0,0.0,0.0,0.566667,0.274646,-1.04,0.999117
volkan,0.0,2026,2026-67,0.833333,0.35,0.65,1.0,0.833333,0.0,0.0,0.638663,0.8,0.578074
volkan,0.0,2026,2026-68,0.0,0.0,0.0,0.0,0.0,0.0,1.0,0.12964,-1.8,2.007349
volkan,0.0,2026,2026-69,0.483333,0.183333,0.691667,0.875,0.483333,0.0,0.0,0.69596,1.4,0.863128
volkan,0.0,2026,2026-70,0.0,0.0,0.0,0.0,0.0,0.0,1.0,0.070464,-2.16,2.740303
volkan,0.0,2026,2026-71,0.0,0.0,0.0,0.0,0.0,0.0,0.85,0.238954,-1.16,1.185221
volkan,0.0,2026,2026-72,0.0,0.0,0.0,0.0,0.0,1.0,0.0,0.957323,2.16,3.274024
volkan,0.0,2026,2026-73,0.0,0.0,0.0,0.0,0.0,0.0,0.791667,0.24749,-1.16,1.142865
volkan,0.0,2026,2026-74,0.0,0.0,0.225,0.225,0.0,0.4,0.0,0.837418,1.24,1.680596
volkan,0.0,2026,2026-75,0.683333,0.0,1.0,1.0,0.683333,0.0,0.0,0.681459,0.92,0.771837
volkan,0.0,2026,2026-76,0.0,0.241667,0.0,0.241667,0.241667,0.0,0.0,0.371076,-0.48,0.531551
volkan,0.0,2026,2026-77,0.0,0.0,0.0,0.0,0.0,0.0,0.708333,0.24994,-1.08,1.125805
volkan,0.0,2026,2026-78,0.0,0.0,0.083333,0.083333,0.0,0.6,0.0,0.862452,1.48,1.892555
volkan,0.0,2026,2026-79,0.008333,1.0,0.0,1.0,1.0,0.0,0.0,0.46663,-0.04,0.133897
volkan,0.0,2026,2026-80,0.0,0.0,0.0,0.0,0.0,0.825,0.0,0.908362,2.08,2.432762
volkan,0.0,2026,2026-81,0.0,0.0,0.0,0.0,0.0,0.0,0.858333,0.2142,-1.48,1.347202
volkan,0.0,2026,2026-82,0.166667,0.925,0.0,0.925,0.925,0.0,0.0,0.459501,-0.52,0.173088
volkan,0.0,2026,2026-83,0.791667,0.191667,0.808333,1.0,0.791667,0.0,0.0,0.654109,0.8,0.648416
volkan,0.0,2026,2026-84,0.666667,0.358333,0.641667,1.0,0.666667,0.0,0.0,0.651567,0.84,0.640621
volkan,0.0,2026,2026-85,0.0,0.0,0.0,0.0,0.0,0.0,1.0,0.134318,-1.48,1.927437
volkan,0.0,2026,2026-86,0.0,0.0,0.0,0.0,0.0,0.0,0.85,0.201736,-1.88,1.457727
volkan,0.0,2026,2026-87,0.0,0.391667,0.0,0.391667,0.391667,0.0,0.0,0.398256,-0.36,0.414
volkan,0.0,2026,2026-88,0.0,0.0,0.0,0.0,0.0,0.0,0.983333,0.178143,-1.76,1.608762
volkan,0.0,2026,2026-89,0.241667,0.0,0.625,0.625,0.241667,0.166667,0.0,0.766545,1.44,1.239144
volkan,0.0,2026,2026-90,0.458333,0.0,0.85,0.85,0.458333,0.0,0.0,0.722608,1.12,0.979892
volkan,0.0,2026,2026-91,0.0,0.0,0.0,0.0,0.0,0.0,1.0,0.056803,-2.12,2.966234
volkan,0.0,2026,2026-92,0.0,0.0,0.0,0.0,0.0,0.0,1.0,0.073897,-1.92,2.655762
volkan,0.0,2026,2026-93,0.0,0.0,0.0,0.0,0.0,0.0,1.0,0.112597,-2.0,2.180213
volkan,0.0,2026,2026-94,0.583333,1.0,0.0,1.0,1.0,0.0,0.0,0.506643,-0.28,0.11113
volkan,0.0,2026,2026-95,0.0,0.0,0.0,0.0,0.0,1.0,0.0,0.945606,2.12,3.009827
volkan,0.0,2026,2026-96,0.0,0.033333,0.0,0.033333,0.033333,0.0,0.566667,0.282463,-1.24,0.965384
volkan,0.0,2026,2026-97,1.0,0.483333,0.516667,1.0,1.0,0.0,0.0,0.601802,0.52,0.414033
volkan,0.0,2026,2026-98,0.0,0.0,0.0,0.0,0.0,0.0,1.0,0.166184,-1.6,1.6951
volkan,0.0,2026,2026-99,0.0,0.0,0.0,0.0,0.0,0.0,1.0,0.138656,-1.88,1.93493
volkan,0.0,2026,2026-100,0.0,0.0,0.0,0.0,0.0,0.0,1.0,0.055729,-2.28,3.014544
volkan,0.0,2026,2026-101,0.858333,1.0,0.0,1.0,1.0,0.0,0.0,0.536357,0.2,0.158566
volkan,0.0,2026,2026-102,0.0,0.0,0.375,0.375,0.0,0.341667,0.0,0.819204,1.6,1.57657
volkan,0.0,2026,2026-103,0.0,0.125,0.0,0.125,0.125,0.0,0.275,0.334863,-0.72,0.692535
volkan,0.0,2026,2026-104,0.0,0.0,0.008333,0.008333,0.0,0.775,0.0,0.88761,1.64,2.139073
volkan,0.0,2026,2026-105,1.0,0.658333,0.341667,1.0,1.0,0.0,0.0,0.579324,0.48,0.321911
volkan,0.0,2026,2026-106,0.108333,0.975,0.0,0.975,0.975,0.0,0.0,0.45724,-0.44,0.178119
volkan,0.0,2026,2026-107,0.691667,0.0,1.0,1.0,0.691667,0.0,0.0,0.685923,0.72,0.789192
volkan,0.0,2026,2026-108,0.941667,0.025,0.975,1.0,0.941667,0.0,0.0,0.652903,0.48,0.63466
volkan,0.0,2026,2026-109,0.0,0.0,0.208333,0.208333,0.0,0.558333,0.0,0.858354,1.8,1.899032
volkan,0.0,2026,2026-110,0.0,0.0,0.0,0.0,0.0,0.0,0.966667,0.204267,-1.36,1.39917
volkan,0.0,2026,2026-111,0.0,0.0,0.0,0.0,0.0,0.0,1.0,0.041772,-2.2,3.317322
volkan,0.0,2026,2026-112,1.0,0.766667,0.233333,1.0,1.0,0.0,0.0,0.569928,0.48,0.282756
volkan,0.0,2026,2026-113,0.0,0.0,0.0,0.0,0.0,0.0,0.858333,0.209224,-1.64,1.392267
volkan,0.0,2026,2026-114,0.433333,1.0,0.0,1.0,1.0,0.0,0.0,0.498611,0.28,0.04831
volkan,0.0,2026,2026-115,0.0,0.0,0.0,0.0,0.0,0.883333,0.0,0.915303,2.04,2.521387
volkan,0.0,2026,2026-116,0.0,0.0,0.0,0.0,0.0,0.0,1.0,0.133717,-2.04,1.998497
volkan,0.0,2026,2026-117,0.125,0.0,0.508333,0.508333,0.125,0.366667,0.0,0.806505,1.76,1.507027
volkan,0.0,2026,2026-118,0.0,0.0,0.55,0.55,0.0,0.25,0.0,0.798892,1.36,1.424763
volkan,0.0,2026,2026-119,0.541667,0.158333,0.783333,0.941667,0.541667,0.0,0.0,0.687141,1.04,0.810723
volkan,0.0,2026,2026-120,0.0,0.0,0.408333,0.408333,0.0,0.316667,0.0,0.823703,1.24,1.585902
volkan,0.0,2026,2026-121,0.0,0.0,0.0,0.0,0.0,0.0,0.566667,0.27909,-1.2,0.973629
volkan,0.0,2026,2026-122,0.0,0.0,0.0,0.0,0.0,0.0,0.633333,0.29078,-0.48,0.894975
volkan,0.0,2026,2026-123,0.0,0.0,0.208333,0.208333,0.0,0.6,0.0,0.862196,1.92,1.93758
volkan,0.0,2026,2026-124,0.091667,0.0,0.508333,0.508333,0.091667,0.2,0.0,0.79383,1.4,1.390994
volkan,0.0,2026,2026-125,0.0,0.0,0.025,0.025,0.0,0.766667,0.0,0.89741,2.04,2.293631
volkan,0.0,2026,2026-126,1.0,0.575,0.425,1.0,1.0,0.0,0.0,0.598832,0.4,0.402836
volkan,0.0,2026,2026-127,0.0,0.0,0.0,0.0,0.0,0.9,0.0,0.915886,2.04,2.522613
volkan,0.0,2026,2026-128,0.0,0.225,0.0,0.225,0.225,0.0,0.3,0.333192,-0.96,0.70731
volkan,0.0,2026,2026-129,0.0,0.0,0.0,0.0,0.0,0.0,1.0,0.13668,-1.8,1.941193
volkan,0.0,2026,2026-130,0.0,0.0,0.0,0.0,0.0,0.0,1.0,0.049222,-2.2,3.140804
volkan,0.0,2026,2026-131,0.0,0.0,0.0,0.0,0.0,0.0,1.0,0.152236,-1.6,1.79161
volkan,0.0,2026,2026-132,0.183333,0.0,0.625,0.625,0.183333,0.141667,0.0,0.77312,1.08,1.260483
volkan,0.0,2026,2026-133,0.0,0.0,0.0,0.0,0.0,0.0,1.0,0.091462,-1.96,2.415066
volkan,0.0,2026,2026-134,0.0,0.0,0.0,0.0,0.0,0.0,0.65,0.269073,-1.28,1.031997
volkan,0.0,2026,2026-135,0.0,0.0,0.0,0.0,0.0,1.0,0.0,0.948511,2.2,3.086672
volkan,0.0,2026,2026-136,0.016667,0.0,0.658333,0.658333,0.016667,0.083333,0.0,0.775904,1.12,1.262829
volkan,0.0,2026,2026-137,0.0,0.0,0.0,0.0,0.0,0.991667,0.0,0.925544,1.96,2.6625
volkan,0.0,2026,2026-138,0.0,0.0,0.0,0.0,0.0,0.0,1.0,0.174048,-1.44,1.608018
volkan,0.0,2026,2026-139,0.0,0.0,0.0,0.0,0.0,0.0,1.0,0.035074,-2.2,3.496556
volkan,0.0,2026,2026-140,0.0,0.0,0.0,0.0,0.0,0.85,0.0,0.901516,1.92,2.327286
volkan,0.0,2026,2026-141,0.0,0.0,0.0,0.0,0.0,0.0,1.0,0.104007,-1.88,2.265559
volkan,0.0,2026,2026-142,0.975,0.775,0.225,1.0,1.0,0.0,0.0,0.553923,0.36,0.219329
volkan,0.0,2026,2026-143,1.0,0.341667,0.658333,1.0,1.0,0.0,0.0,0.626156,0.56,0.519791
volkan,0.0,2026,2026-144,0.0,0.0,0.0,0.0,0.0,0.0,1.0,0.161635,-1.84,1.737199
volkan,0.0,2026,2026-145,0.0,0.0,0.0,0.0,0.0,0.816667,0.0,0.899189,1.68,2.278852
volkan,0.0,2026,2026-146,0.0,0.0,0.0,0.0,0.0,0.858333,0.0,0.914892,2.08,2.523079
volkan,0.0,2026,2026-147,0.35,0.0,0.65,0.65,0.35,0.141667,0.0,0.750566,1.48,1.150848
volkan,0.0,2026,2026-148,0.0,0.75,0.0,0.75,0.75,0.0,0.0,0.429324,-0.56,0.286466
volkan,0.0,2026,2026-149,1.0,0.691667,0.308333,1.0,1.0,0.0,0.0,0.580019,0.56,0.324673
volkan,0.0,2026,2026-150,0.0,0.0,0.0,0.0,0.0,0.0,1.0,0.164752,-1.56,1.697091
volkan,0.0,2026,2026-151,0.0,0.358333,0.0,0.358333,0.358333,0.0,0.0,0.378858,-0.52,0.497986
volkan,0.0,2026,2026-152,0.0,0.675,0.0,0.675,0.675,0.0,0.0,0.416432,-0.64,0.340385
volkan,0.0,2026,2026-153,0.0,0.0,0.0,0.0,0.0,0.0,0.983333,0.15646,-1.88,1.779355
volkan,0.0,2026,2026-154,0.016667,0.0,0.458333,0.458333,0.016667,0.291667,0.0,0.80407,1.48,1.464715
volkan,0.0,2026,2026-155,0.0,0.0,0.0,0.0,0.0,0.0,1.0,0.122707,-1.72,2.07749
volkan,0.0,2026,2026-156,0.0,0.0,0.0,0.0,0.0,0.0,0.541667,0.281887,-1.12,0.961002
volkan,0.0,2026,2026-157,0.0,0.0,0.0,0.0,0.0,0.0,1.0,0.041906,-2.16,3.322733
volkan,0.0,2026,2026-158,0.808333,0.008333,0.991667,1.0,0.808333,0.0,0.0,0.666955,0.68,0.70052
volkan,0.0,2026,2026-159,0.233333,0.0,0.883333,0.883333,0.233333,0.0,0.0,0.73389,0.84,1.028599
volkan,0.0,2026,2026-160,0.2,0.0,0.616667,0.616667,0.2,0.216667,0.0,0.770767,1.48,1.260047
volkan,0.0,2026,2026-161,0.0,0.0,0.0,0.0,0.0,1.0,0.0,0.977298,2.24,3.953179
volkan,0.0,2026,2026-162,0.0,0.0,0.45,0.45,0.0,0.316667,0.0,0.812268,1.36,1.50589
volkan,0.0,2026,2026-163,0.0,0.0,0.0,0.0,0.0,0.0,1.0,0.191459,-1.32,1.490306
volkan,0.0,2026,2026-164,0.0,0.0,0.0,0.0,0.0,1.0,0.0,0.970183,2.28,3.68063
volkan,0.0,2026,2026-165,0.0,0.0,0.0,0.0,0.0,0.0,1.0,0.185463,-1.6,1.541485
volkan,0.0,2026,2026-166,0.075,0.0,0.7,0.7,0.075,0.066667,0.0,0.770925,1.16,1.234025
volkan,0.0,2026,2026-167,0.15,0.0,0.516667,0.516667,0.15,0.275,0.0,0.79194,1.48,1.392476
volkan,0.0,2026,2026-168,0.0,0.0,0.0,0.0,0.0,0.0,0.991667,0.188989,-1.4,1.499022
volkan,0.0,2026,2026-169,0.0,0.0,0.016667,0.016667,0.0,0.808333,0.0,0.896571,1.88,2.269018
volkan,0.0,2026,2026-170,0.466667,0.075,0.925,1.0,0.466667,0.0,0.0,0.703588,1.04,0.881865
volkan,0.0,2026,2026-171,0.391667,0.0,0.891667,0.891667,0.391667,0.0,0.0,0.726206,0.96,0.993189
volkan,0.0,2026,2026-172,0.0,0.0,0.0,0.0,0.0,0.0,0.8,0.212383,-1.48,1.371549
volkan,0.0,2026,2026-173,0.0,0.0,0.175,0.175,0.0,0.608333,0.0,0.873271,1.84,2.043404
volkan,0.0,2026,2026-174,0.0,0.0,0.0,0.0,0.0,0.0,0.891667,0.263456,-0.6,1.038752
volkan,0.0,2026,2026-175,0.0,0.0,0.0,0.0,0.0,0.0,1.0,0.063083,-2.32,2.879196
volkan,0.0,2026,2026-176,0.0,0.0,0.0,0.0,0.0,0.808333,0.0,0.90192,2.04,2.349476
volkan,0.0,2026,2026-177,0.0,0.175,0.0,0.175,0.175,0.0,0.025,0.368891,-0.4,0.540745
volkan,0.0,2026,2026-178,0.925,1.0,0.0,1.0,1.0,0.0,0.0,0.529868,0.24,0.124143
volkan,0.0,2026,2026-179,0.0,0.0,0.0,0.0,0.0,1.0,0.0,0.934858,1.96,2.789291
volkan,0.0,2026,2026-180,0.0,0.0,0.308333,0.308333,0.0,0.5,0.0,0.848,1.76,1.803692
volkan,0.0,2026,2026-181,0.366667,0.0,0.725,0.725,0.366667,0.133333,0.0,0.747725,1.4,1.125395
volkan,0.0,2026,2026-182,0.0,0.0,0.416667,0.416667,0.0,0.408333,0.0,0.830916,1.56,1.661964
volkan,0.0,2026,2026-183,0.0,0.0,0.0,0.0,0.0,0.0,0.891667,0.195432,-1.56,1.476346
volkan,0.0,2026,2026-184,0.158333,0.0,0.558333,0.558333,0.158333,0.258333,0.0,0.788083,1.52,1.370273
volkan,0.0,2026,2026-185,0.0,0.0,0.375,0.375,0.0,0.45,0.0,0.834276,1.48,1.677085
volkan,0.0,2026,2026-186,0.1,0.0,0.483333,0.483333,0.1,0.291667,0.0,0.79978,1.6,1.451089
volkan,0.0,2026,2026-187,0.0,0.383333,0.0,0.383333,0.383333,0.0,0.116667,0.375164,-0.72,0.515276
volkan,0.0,2026,2026-188,0.0,0.0,0.0,0.0,0.0,0.0,1.0,0.00924,-2.36,4.880795
volkan,0.0,2026,2026-189,0.641667,0.0,1.0,1.0,0.641667,0.0,0.0,0.696006,0.84,0.838551
volkan,0.0,2026,2026-190,1.0,0.775,0.225,1.0,1.0,0.0,0.0,0.574972,0.36,0.303146
volkan,0.0,2026,2026-191,0.0,0.191667,0.0,0.191667,0.191667,0.0,0.391667,0.323746,-1.08,0.76022
volkan,0.0,2026,2026-192,0.158333,0.0,0.55,0.55,0.158333,0.191667,0.0,0.776488,1.32,1.290468
volkan,0.0,2026,2026-193,0.691667,0.383333,0.616667,1.0,0.691667,0.0,0.0,0.645566,1.0,0.614664
volkan,0.0,2026,2026-194,1.0,0.433333,0.566667,1.0,1.0,0.0,0.0,0.599411,0.28,0.404149
volkan,0.0,2026,2026-195,0.0,0.0,0.0,0.0,0.0,0.0,1.0,0.096397,-2.0,2.363088
volkan,0.0,2026,2026-196,0.0,0.0,0.0,0.0,0.0,0.0,1.0,0.096257,-1.92,2.361975
volkan,0.0,2026,2026-197,1.0,0.516667,0.483333,1.0,1.0,0.0,0.0,0.601528,0.24,0.41228
volkan,0.0,2026,2026-198,0.383333,1.0,0.0,1.0,1.0,0.0,0.0,0.495975,0.12,0.089709
volkan,0.0,2026,2026-199,0.258333,0.633333,0.0,0.633333,0.633333,0.0,0.0,0.433415,-0.88,0.307155
volkan,0.5,42,42-0,0.608333,0.041667,0.891667,0.933333,0.608333,0.0,0.0,0.689707,1.16,0.818977
volkan,0.5,42,42-1,0.0,0.0,0.0,0.0,0.0,0.0,0.941667,0.22443,-1.28,1.273729
volkan,0.5,42,42-2,0.0,0.0,0.483333,0.483333,0.0,0.333333,0.0,0.805134,1.4,1.468517
volkan,0.5,42,42-3,0.0,0.0,0.183333,0.183333,0.0,0.616667,0.0,0.859164,1.6,1.883018
volkan,0.5,42,42-4,0.0,0.0,0.0,0.0,0.0,0.0,1.0,0.07721,-1.92,2.61628
volkan,0.5,42,42-5,0.0,0.0,0.0,0.0,0.0,0.0,1.0,0.156593,-1.64,1.751989
volkan,0.5,42,42-6,0.991667,0.6,0.4,1.0,0.991667,0.0,0.0,0.59914,0.08,0.403962
volkan,0.5,42,42-7,0.016667,0.408333,0.0,0.408333,0.408333,0.0,0.116667,0.380323,-0.8,0.498423
volkan,0.5,42,42-8,0.591667,0.966667,0.033333,1.0,1.0,0.0,0.0,0.50931,-0.4,0.123905
volkan,0.5,42,42-9,0.0,0.025,0.0,0.025,0.025,0.0,0.775,0.248833,-1.28,1.142464
volkan,0.5,42,42-10,0.0,0.0,0.233333,0.233333,0.0,0.591667,0.0,0.854103,1.92,1.864682
volkan,0.5,42,42-11,0.008333,0.0,0.425,0.425,0.008333,0.375,0.0,0.82002,1.6,1.585999
volkan,0.5,42,42-12,0.916667,0.208333,0.791667,1.0,0.916667,0.0,0.0,0.646077,0.68,0.607689
volkan,0.5,42,42-13,0.0,0.0,0.091667,0.091667,0.0,0.716667,0.0,0.883299,2.0,2.139129
volkan,0.5,42,42-14,0.283333,0.0,0.625,0.625,0.283333,0.191667,0.0,0.76027,1.52,1.206213
volkan,0.5,42,42-15,0.0,0.0,0.0,0.0,0.0,0.0,0.8,0.227022,-1.56,1.276114
volkan,0.5,42,42-16,0.683333,0.0,1.0,1.0,0.683333,0.0,0.0,0.67871,0.56,0.752656
volkan,0.5,42,42-17,0.0,0.0,0.0,0.0,0.0,0.0,0.891667,0.21373,-1.4,1.354586
volkan,0.5,42,42-18,0.0,0.0,0.3,0.3,0.0,0.458333,0.0,0.835862,1.68,1.697822
volkan,0.5,42,42-19,0.758333,0.975,0.025,1.0,1.0,0.0,0.0,0.526579,-0.36,0.166184
volkan,0.5,42,42-20,0.65,0.991667,0.008333,1.0,1.0,0.0,0.0,0.518125,0.24,0.110831
volkan,0.5,42,42-21,0.0,0.033333,0.0,0.033333,0.033333,0.0,0.575,0.290612,-1.08,0.911998
volkan,0.5,42,42-22,0.0,0.0,0.066667,0.066667,0.0,0.7,0.0,0.881839,1.76,2.101497
volkan,0.5,42,42-23,0.958333,0.516667,0.483333,1.0,0.991667,0.0,0.0,0.59713,0.76,0.401079
volkan,0.5,42,42-24,0.008333,0.183333,0.0,0.183333,0.183333,0.0,0.316667,0.334357,-1.16,0.706061
volkan,0.5,42,42-25,0.041667,0.533333,0.0,0.533333,0.533333,0.0,0.1,0.402548,-0.6,0.415146
volkan,0.5,42,42-26,0.175,0.0,0.525,0.525,0.175,0.266667,0.0,0.785729,1.64,1.364388
volkan,0.5,42,42-27,0.375,0.0,0.958333,0.958333,0.375,0.0,0.0,0.714892,0.8,0.935352
volkan,0.5,42,42-28,0.266667,0.0,0.8,0.8,0.266667,0.016667,0.0,0.743739,1.08,1.092947
volkan,0.5,42,42-29,0.291667,0.0,0.733333,0.733333,0.291667,0.033333,0.0,0.749048,1.28,1.125105
volkan,0.5,42,42-30,0.0,0.0,0.0,0.0,0.0,1.0,0.0,0.954847,2.08,3.214952
volkan,0.5,42,42-31,0.083333,0.8,0.0,0.8,0.8,0.0,0.0,0.430312,-0.32,0.297524
volkan,0.5,42,42-32,0.016667,0.425,0.0,0.425,0.425,0.0,0.05,0.390801,-0.52,0.449914
volkan,0.5,42,42-33,0.0,0.008333,0.0,0.008333,0.008333,0.0,0.65,0.249167,-1.44,1.154951
volkan,0.5,42,42-34,0.133333,0.0,0.758333,0.758333,0.133333,0.016667,0.0,0.756125,1.04,1.152278
volkan,0.5,42,42-35,0.0,0.0,0.1,0.1,0.0,0.716667,0.0,0.879786,1.76,2.083853
volkan,0.5,42,42-36,0.875,0.983333,0.016667,1.0,1.0,0.0,0.0,0.528373,0.2,0.119291
volkan,0.5,42,42-37,0.0,0.025,0.0,0.025,0.025,0.0,0.583333,0.272709,-1.08,1.00718
volkan,0.5,42,42-38,0.0,0.025,0.0,0.025,0.025,0.0,0.65,0.27663,-0.96,0.980306
volkan,0.5,42,42-39,0.066667,0.0,0.45,0.45,0.066667,0.333333,0.0,0.809286,1.68,1.50958
volkan,0.5,42,42-40,0.0,0.0,0.316667,0.316667,0.0,0.383333,0.0,0.825554,1.64,1.613821
volkan,0.5,42,42-41,0.233333,0.0,0.583333,0.583333,0.233333,0.158333,0.0,0.769638,1.32,1.252183
volkan,0.5,42,42-42,0.0,0.05,0.0,0.05,0.05,0.0,0.475,0.292746,-1.16,0.910009
volkan,0.5,42,42-43,0.475,0.183333,0.691667,0.875,0.475,0.0,0.0,0.695006,1.28,0.857149
volkan,0.5,42,42-44,0.708333,0.233333,0.766667,1.0,0.708333,0.0,0.0,0.657285,0.88,0.663541
volkan,0.5,42,42-45,0.958333,0.366667,0.633333,1.0,0.958333,0.0,0.0,0.62486,0.56,0.515191
volkan,0.5,42,42-46,0.0,0.0,0.425,0.425,0.0,0.35,0.0,0.821575,1.52,1.583492
volkan,0.5,42,42-47,0.891667,0.166667,0.833333,1.0,0.891667,0.0,0.0,0.652015,0.56,0.632722
volkan,0.5,42,42-48,0.083333,0.0,0.516667,0.516667,0.083333,0.166667,0.0,0.793778,1.36,1.385603
volkan,0.5,42,42-49,0.7,0.233333,0.766667,1.0,0.7,0.0,0.0,0.663105,1.16,0.696869
volkan,0.5,42,42-50,0.75,0.0,1.0,1.0,0.75,0.0,0.0,0.670709,0.72,0.7182
volkan,0.5,42,42-51,0.158333,0.0,0.683333,0.683333,0.158333,0.066667,0.0,0.762601,1.16,1.193672
volkan,0.5,42,42-52,0.0,0.0,0.0,0.0,0.0,0.0,1.0,0.118301,-2.0,2.145669
volkan,0.5,42,42-53,0.083333,1.0,0.0,1.0,1.0,0.0,0.0,0.463489,-0.04,0.160177
volkan,0.5,42,42-54,0.066667,0.6,0.0,0.6,0.6,0.0,0.0,0.415013,-0.32,0.367611
volkan,0.5,42,42-55,0.0,0.175,0.0,0.175,0.175,0.0,0.233333,0.342853,-0.8,0.660967
volkan,0.5,42,42-56,0.033333,0.608333,0.0,0.608333,0.608333,0.0,0.0,0.414844,-0.6,0.356467
volkan,0.5,42,42-57,0.0,0.0,0.0,0.0,0.0,0.925,0.0,0.905525,1.6,2.341485
volkan,0.5,42,42-58,0.0,0.025,0.0,0.025,0.025,0.0,0.233333,0.327994,-0.52,0.722351
volkan,0.5,42,42-59,0.0,0.0,0.183333,0.183333,0.0,0.483333,0.0,0.848023,1.64,1.786805
volkan,0.5,42,42-60,0.0,0.0,0.0,0.0,0.0,0.0,1.0,0.094174,-2.0,2.390695
volkan,0.5,42,42-61,0.016667,0.341667,0.0,0.341667,0.341667,0.0,0.108333,0.375579,-0.84,0.515919
volkan,0.5,42,42-62,0.641667,0.225,0.775,1.0,0.641667,0.0,0.0,0.666875,1.0,0.711686
volkan,0.5,42,42-63,0.216667,0.0,0.8,0.8,0.216667,0.008333,0.0,0.751896,1.0,1.129581
volkan,0.5,42,42-64,0.025,0.0,0.491667,0.491667,0.025,0.333333,0.0,0.805783,1.56,1.483979
volkan,0.5,42,42-65,0.0,0.0,0.35,0.35,0.0,0.366667,0.0,0.82428,1.6,1.607507
volkan,0.5,42,42-66,0.066667,1.0,0.0,1.0,1.0,0.0,0.0,0.459737,0.04,0.177626
volkan,0.5,42,42-67,0.008333,0.275,0.0,0.275,0.275,0.0,0.025,0.37883,-0.56,0.498997
volkan,0.5,42,42-68,0.0,0.0,0.45,0.45,0.0,0.3,0.0,0.815144,1.24,1.526333
volkan,0.5,42,42-69,0.783333,0.958333,0.041667,1.0,1.0,0.0,0.0,0.528191,0.24,0.140148
volkan,0.5,42,42-70,0.0,0.0,0.0,0.0,0.0,0.0,1.0,0.142531,-1.84,1.885524
volkan,0.5,42,42-71,0.0,0.0,0.0,0.0,0.0,0.0,0.975,0.186034,-1.4,1.52125
volkan,0.5,42,42-72,0.0,0.0,0.0,0.0,0.0,0.0,0.783333,0.242896,-1.12,1.16609
volkan,0.5,42,42-73,0.166667,0.0,0.566667,0.566667,0.166667,0.225,0.0,0.781625,1.56,1.325075
volkan,0.5,42,42-74,0.941667,0.391667,0.608333,1.0,0.941667,0.0,0.0,0.61866,0.52,0.488879
volkan,0.5,42,42-75,0.041667,0.0,0.525,0.525,0.041667,0.283333,0.0,0.805606,1.52,1.470215
volkan,0.5,42,42-76,0.083333,1.0,0.0,1.0,1.0,0.0,0.0,0.459396,-0.16,0.177091
volkan,0.5,42,42-77,0.558333,0.191667,0.733333,0.925,0.558333,0.008333,0.0,0.689232,1.16,0.821044
volkan,0.5,42,42-78,0.091667,0.0,0.666667,0.666667,0.091667,0.116667,0.0,0.777398,1.24,1.27877
volkan,0.5,42,42-79,0.058333,0.975,0.0,0.975,0.975,0.0,0.0,0.450338,-0.12,0.214096
volkan,0.5,42,42-80,0.383333,0.0,0.983333,0.983333,0.383333,0.0,0.0,0.711428,0.8,0.912505
volkan,0.5,42,42-81,0.0,0.166667,0.0,0.166667,0.166667,0.0,0.033333,0.3664,-0.36,0.550721
volkan,0.5,42,42-82,0.016667,0.6,0.0,0.6,0.6,0.0,0.05,0.410429,-0.72,0.377376
volkan,0.5,42,42-83,0.058333,0.9,0.0,0.9,0.9,0.0,0.0,0.435873,-0.16,0.279124
volkan,0.5,42,42-84,0.0,0.0,0.0,0.0,0.0,0.0,0.975,0.173139,-1.6,1.635493
volkan,0.5,42,42-85,0.158333,0.0,0.633333,0.633333,0.158333,0.15,0.0,0.771547,1.44,1.257917
volkan,0.5,42,42-86,0.05,0.9,0.0,0.9,0.9,0.0,0.0,0.429212,-0.16,0.295546
volkan,0.5,42,42-87,0.266667,0.991667,0.008333,1.0,1.0,0.0,0.0,0.48128,-0.52,0.128938
volkan,0.5,42,42-88,0.2,0.0,0.741667,0.741667,0.2,0.016667,0.0,0.752127,1.2,1.133744
volkan,0.5,42,42-89,0.25,0.0,0.675,0.675,0.25,0.158333,0.0,0.763051,1.4,1.212614
volkan,0.5,42,42-90,0.216667,0.0,0.616667,0.616667,0.216667,0.1,0.0,0.764031,1.16,1.209901
volkan,0.5,42,42-91,0.908333,0.908333,0.091667,1.0,1.0,0.0,0.0,0.541589,-0.12,0.173384
volkan,0.5,42,42-92,0.041667,0.925,0.0,0.925,0.925,0.0,0.0,0.441392,0.08,0.245871
volkan,0.5,42,42-93,0.95,0.566667,0.433333,1.0,0.975,0.0,0.0,0.5923,0.64,0.379979
volkan,0.5,42,42-94,0.0,0.0,0.0,0.0,0.0,0.0,1.0,0.105959,-1.84,2.255333
volkan,0.5,42,42-95,0.0,0.0,0.0,0.0,0.0,0.0,0.991667,0.140865,-1.68,1.888912
volkan,0.5,42,42-96,0.0,0.0,0.0,0.0,0.0,0.0,1.0,0.14539,-1.76,1.865936
volkan,0.5,42,42-97,0.0,0.0,0.0,0.0,0.0,0.0,0.883333,0.217014,-1.36,1.327737
volkan,0.5,42,42-98,0.425,0.0,0.891667,0.891667,0.425,0.0,0.0,0.719879,1.08,0.962412
volkan,0.5,42,42-99,0.0,0.0,0.0,0.0,0.0,0.0,0.891667,0.182951,-2.04,1.600254
volkan,0.5,42,42-100,0.0,0.283333,0.0,0.283333,0.283333,0.0,0.25,0.351358,-0.88,0.624952
volkan,0.5,42,42-101,0.0,0.0,0.0,0.0,0.0,0.808333,0.0,0.905848,2.16,2.415388
volkan,0.5,42,42-102,0.016667,0.55,0.0,0.55,0.55,0.0,0.05,0.398255,-0.72,0.420916
volkan,0.5,42,42-103,0.0,0.0,0.566667,0.566667,0.0,0.183333,0.0,0.795286,1.32,1.390462
volkan,0.5,42,42-104,0.0,0.0,0.0,0.0,0.0,0.0,0.8,0.216109,-1.68,1.361284
volkan,0.5,42,42-105,0.225,0.958333,0.041667,1.0,1.0,0.0,0.0,0.48679,-0.16,0.12874
volkan,0.5,42,42-106,0.0,0.008333,0.0,0.008333,0.008333,0.0,0.808333,0.229133,-1.24,1.258096
volkan,0.5,42,42-107,0.066667,0.841667,0.008333,0.85,0.85,0.0,0.0,0.440024,-0.32,0.270328
volkan,0.5,42,42-108,0.0,0.0,0.425,0.425,0.0,0.3,0.0,0.81103,1.32,1.495199
volkan,0.5,42,42-109,0.0,0.0,0.0,0.0,0.0,0.0,1.0,0.088385,-2.2,2.518272
volkan,0.5,42,42-110,0.316667,0.0,0.7,0.7,0.316667,0.133333,0.0,0.75039,1.48,1.143192
volkan,0.5,42,42-111,0.75,0.058333,0.941667,1.0,0.75,0.0,0.0,0.662607,0.84,0.684719
volkan,0.5,42,42-112,0.016667,0.225,0.0,0.225,0.225,0.0,0.275,0.350427,-0.84,0.633752
volkan,0.5,42,42-113,0.0,0.0,0.0,0.0,0.0,0.0,1.0,0.135655,-1.56,1.928648
volkan,0.5,42,42-114,0.633333,0.133333,0.858333,0.991667,0.633333,0.0,0.0,0.676198,1.24,0.75397
volkan,0.5,42,42-115,0.0,0.141667,0.0,0.141667,0.141667,0.0,0.191667,0.35062,-0.76,0.622431
volkan,0.5,42,42-116,0.5,0.083333,0.875,0.958333,0.5,0.008333,0.0,0.705099,1.08,0.895791
volkan,0.5,42,42-117,0.583333,0.216667,0.766667,0.983333,0.583333,0.0,0.0,0.677139,1.16,0.76362
volkan,0.5,42,42-118,0.0,0.0,0.0,0.0,0.0,0.983333,0.0,0.928779,2.16,2.722768
volkan,0.5,42,42-119,0.4,0.966667,0.033333,1.0,1.0,0.0,0.0,0.494917,0.24,0.135149
volkan,0.5,42,42-120,0.0,0.0,0.0,0.0,0.0,0.0,0.866667,0.23923,-1.2,1.189898
volkan,0.5,42,42-121,0.508333,0.125,0.85,0.975,0.508333,0.0,0.0,0.691284,1.12,0.824512
volkan,0.5,42,42-122,0.7,0.058333,0.933333,0.991667,0.7,0.0,0.0,0.66663,0.72,0.701002
volkan,0.5,42,42-123,0.0,0.0,0.0,0.0,0.0,0.783333,0.0,0.898732,1.96,2.302213
volkan,0.5,42,42-124,0.0,0.0,0.366667,0.366667,0.0,0.416667,0.0,0.826619,1.52,1.620157
volkan,0.5,42,42-125,0.391667,0.0,0.783333,0.783333,0.391667,0.008333,0.0,0.727257,1.32,1.014575
volkan,0.5,42,42-126,0.0,0.0,0.0,0.0,0.0,0.883333,0.0,0.914868,2.0,2.515594
volkan,0.5,42,42-127,0.0,0.0,0.0,0.0,0.0,0.0,0.983333,0.176816,-1.44,1.589186
volkan,0.5,42,42-128,0.0,0.025,0.0,0.025,0.025,0.0,0.525,0.294844,-1.08,0.89011
volkan,0.5,42,42-129,0.0,0.0,0.0,0.0,0.0,0.0,0.841667,0.23552,-1.24,1.215625
volkan,0.5,42,42-130,0.033333,0.65,0.0,0.65,0.65,0.0,0.0,0.420175,-0.48,0.332604
volkan,0.5,42,42-131,0.0,0.0,0.0,0.0,0.0,0.0,0.991667,0.138202,-1.76,1.922033
volkan,0.5,42,42-132,0.1,0.0,0.458333,0.458333,0.1,0.333333,0.0,0.803632,1.64,1.476757
volkan,0.5,42,42-133,0.175,0.891667,0.008333,0.9,0.9,0.0,0.0,0.464845,-0.16,0.178221
volkan,0.5,42,42-134,0.0,0.0,0.0,0.0,0.0,0.0,1.0,0.130395,-1.64,2.000275
volkan,0.5,42,42-135,0.0,0.0,0.0,0.0,0.0,0.0,0.975,0.192921,-1.52,1.490191
volkan,0.5,42,42-136,0.466667,0.0,0.858333,0.858333,0.466667,0.008333,0.0,0.717477,1.16,0.955941
volkan,0.5,42,42-137,0.0,0.0,0.316667,0.316667,0.0,0.466667,0.0,0.829455,1.52,1.645795
volkan,0.5,42,42-138,0.0,0.0,0.0,0.0,0.0,1.0,0.0,0.95152,2.28,3.165519
volkan,0.5,42,42-139,0.0,0.0,0.0,0.0,0.0,1.0,0.0,0.978962,2.2,4.027342
volkan,0.5,42,42-140,0.283333,0.0,0.716667,0.716667,0.283333,0.025,0.0,0.748195,1.24,1.121261
volkan,0.5,42,42-141,0.0,0.0,0.0,0.0,0.0,0.0,0.95,0.183755,-1.72,1.556939
volkan,0.5,42,42-142,0.0,0.0,0.0,0.0,0.0,0.0,1.0,0.063489,-2.04,2.838256
volkan,0.5,42,42-143,1.0,0.308333,0.691667,1.0,1.0,0.0,0.0,0.623659,0.36,0.508282
volkan,0.5,42,42-144,0.0,0.0,0.0,0.0,0.0,0.0,0.75,0.215201,-1.68,1.374239
volkan,0.5,42,42-145,0.083333,1.0,0.0,1.0,1.0,0.0,0.0,0.460996,0.0,0.178188
volkan,0.5,42,42-146,0.0,0.2,0.0,0.2,0.2,0.0,0.008333,0.372178,-0.32,0.526234
volkan,0.5,42,42-147,1.0,0.933333,0.066667,1.0,1.0,0.0,0.0,0.549224,0.24,0.198846
volkan,0.5,42,42-148,0.0,0.0,0.15,0.15,0.0,0.65,0.0,0.871294,1.64,1.993684
volkan,0.5,42,42-149,0.975,0.2,0.8,1.0,0.975,0.0,0.0,0.630343,0.4,0.536232
volkan,0.5,42,42-150,0.525,0.983333,0.016667,1.0,1.0,0.0,0.0,0.507763,-0.2,0.1276
volkan,0.5,42,42-151,0.0,0.0,0.0,0.0,0.0,0.0,0.916667,0.190943,-1.56,1.513506
volkan,0.5,42,42-152,0.0,0.0,0.0,0.0,0.0,0.0,1.0,0.103215,-1.8,2.279876
volkan,0.5,42,42-153,0.033333,0.533333,0.0,0.533333,0.533333,0.0,0.0,0.405023,-0.28,0.394357
volkan,0.5,42,42-154,0.95,0.575,0.425,1.0,0.991667,0.0,0.0,0.578913,0.6,0.32245
volkan,0.5,42,42-155,0.0,0.0,0.0,0.0,0.0,1.0,0.0,0.932632,1.88,2.742721
volkan,0.5,42,42-156,0.875,0.416667,0.583333,1.0,0.875,0.0,0.0,0.622127,0.8,0.507157
volkan,0.5,42,42-157,0.0,0.0,0.183333,0.183333,0.0,0.616667,0.0,0.865748,1.76,1.958476
volkan,0.5,42,42-158,0.033333,0.375,0.0,0.375,0.375,0.0,0.075,0.382268,-0.56,0.493002
volkan,0.5,42,42-159,0.0,0.0,0.0,0.0,0.0,0.0,0.991667,0.178563,-1.52,1.603796
volkan,0.5,42,42-160,0.0,0.0,0.0,0.0,0.0,0.0,0.875,0.213693,-1.48,1.36007
volkan,0.5,42,42-161,0.0,0.0,0.0,0.0,0.0,0.0,0.541667,0.284282,-1.04,0.943557
volkan,0.5,42,42-162,0.0,0.0,0.0,0.0,0.0,1.0,0.0,0.956813,2.24,3.289209
volkan,0.5,42,42-163,0.0,0.025,0.0,0.025,0.025,0.0,0.508333,0.281242,-1.04,0.962027
volkan,0.5,42,42-164,0.0,0.0,0.291667,0.291667,0.0,0.483333,0.0,0.842148,1.68,1.755299
volkan,0.5,42,42-165,0.0,0.0,0.0,0.0,0.0,0.0,0.841667,0.207949,-1.6,1.393045
volkan,0.5,42,42-166,0.0,0.0,0.3,0.3,0.0,0.491667,0.0,0.838596,1.32,1.700209
volkan,0.5,42,42-167,0.541667,0.0,0.891667,0.891667,0.541667,0.008333,0.0,0.707543,1.08,0.906876
volkan,0.5,42,42-168,0.558333,0.991667,0.008333,1.0,1.0,0.0,0.0,0.504607,-0.16,0.09072
volkan,0.5,42,42-169,0.875,0.958333,0.041667,1.0,1.0,0.0,0.0,0.533182,0.28,0.14153
volkan,0.5,42,42-170,0.0,0.05,0.0,0.05,0.05,0.0,0.275,0.326086,-0.84,0.739612
volkan,0.5,42,42-171,0.225,0.0,0.516667,0.516667,0.225,0.266667,0.0,0.782028,1.64,1.341081
volkan,0.5,42,42-172,0.008333,0.133333,0.0,0.133333,0.133333,0.0,0.433333,0.319713,-1.0,0.772919
volkan,0.5,42,42-173,0.0,0.0,0.0,0.0,0.0,0.0,0.95,0.164402,-1.64,1.702289
volkan,0.5,42,42-174,0.0,0.0,0.0,0.0,0.0,0.0,0.991667,0.149669,-1.6,1.831888
volkan,0.5,42,42-175,0.95,0.35,0.65,1.0,0.95,0.0,0.0,0.624807,0.48,0.515148
volkan,0.5,42,42-176,0.0,0.0,0.0,0.0,0.0,0.966667,0.0,0.919932,1.96,2.583145
volkan,0.5,42,42-177,0.983333,0.325,0.675,1.0,0.983333,0.0,0.0,0.626693,0.52,0.521253
volkan,0.5,42,42-178,0.391667,0.983333,0.016667,1.0,1.0,0.0,0.0,0.487957,-0.28,0.141781
volkan,0.5,42,42-179,0.4,0.008333,0.883333,0.891667,0.4,0.016667,0.0,0.721387,1.04,0.975631
volkan,0.5,42,42-180,0.0,0.0,0.008333,0.008333,0.0,0.758333,0.0,0.896861,1.96,2.278746
volkan,0.5,42,42-181,1.0,0.716667,0.283333,1.0,1.0,0.0,0.0,0.583584,0.44,0.340541
volkan,0.5,42,42-182,0.05,1.0,0.0,1.0,1.0,0.0,0.0,0.445597,-0.04,0.241855
volkan,0.5,42,42-183,0.0,0.0,0.116667,0.116667,0.0,0.591667,0.0,0.867939,1.72,1.966075
volkan,0.5,42,42-184,0.458333,0.0,0.883333,0.883333,0.458333,0.0,0.0,0.717093,1.04,0.950574
volkan,0.5,42,42-185,0.0,0.0,0.0,0.0,0.0,0.941667,0.0,0.920748,2.12,2.60253
volkan,0.5,42,42-186,0.95,0.191667,0.808333,1.0,0.95,0.0,0.0,0.63505,0.6,0.557264
volkan,0.5,42,42-187,0.0,0.0,0.0,0.0,0.0,0.0,0.991667,0.167003,-1.48,1.659833
volkan,0.5,42,42-188,0.0,0.0,0.0,0.0,0.0,0.0,0.983333,0.139682,-1.72,1.924812
volkan,0.5,42,42-189,0.0,0.0,0.0,0.0,0.0,1.0,0.0,0.928972,2.0,2.715169
volkan,0.5,42,42-190,0.0,0.0,0.0,0.0,0.0,1.0,0.0,0.934887,2.24,2.845021
volkan,0.5,42,42-191,0.225,0.658333,0.008333,0.666667,0.666667,0.0,0.0,0.439385,-0.72,0.305165
volkan,0.5,42,42-192,0.041667,0.991667,0.0,0.991667,0.991667,0.0,0.0,0.449632,0.04,0.205857
volkan,0.5,42,42-193,0.0,0.0,0.0,0.0,0.0,0.891667,0.0,0.916772,2.16,2.552607
volkan,0.5,42,42-194,0.0,0.0,0.0,0.0,0.0,0.0,0.983333,0.163693,-1.8,1.70242
volkan,0.5,42,42-195,0.0,0.0,0.0,0.0,0.0,0.0,0.833333,0.200219,-1.84,1.477749
volkan,0.5,42,42-196,0.1,0.0,0.466667,0.466667,0.1,0.308333,0.0,0.799972,1.56,1.446493
volkan,0.5,42,42-197,0.025,0.733333,0.0,0.733333,0.733333,0.0,0.0,0.418359,-0.4,0.336511
volkan,0.5,42,42-198,0.933333,0.933333,0.066667,1.0,1.0,0.0,0.0,0.552283,0.32,0.21497
volkan,0.5,42,42-199,0.175,0.958333,0.008333,0.966667,0.966667,0.0,0.0,0.464222,-0.36,0.192234
volkan,0.5,137,137-0,0.0,0.008333,0.0,0.008333,0.008333,0.0,0.558333,0.281568,-0.84,0.952146
volkan,0.5,137,137-1,0.0,0.0,0.0,0.0,0.0,0.0,0.65,0.284218,-0.88,0.93693
volkan,0.5,137,137-2,0.0,0.041667,0.0,0.041667,0.041667,0.0,0.608333,0.283109,-1.2,0.961377
volkan,0.5,137,137-3,0.975,0.425,0.575,1.0,0.975,0.0,0.0,0.608089,0.44,0.442962
volkan,0.5,137,137-4,0.008333,0.15,0.0,0.15,0.15,0.0,0.3,0.333543,-1.12,0.715114
volkan,0.5,137,137-5,0.0,0.008333,0.0,0.008333,0.008333,0.0,0.916667,0.184011,-1.8,1.591871
volkan,0.5,137,137-6,0.825,0.183333,0.816667,1.0,0.825,0.0,0.0,0.646655,0.6,0.610524
volkan,0.5,137,137-7,0.008333,0.108333,0.0,0.108333,0.108333,0.0,0.108333,0.347868,-0.48,0.634166
volkan,0.5,137,137-8,0.0,0.0,0.0,0.0,0.0,0.0,1.0,0.076391,-1.92,2.613533
volkan,0.5,137,137-9,0.0,0.0,0.0,0.0,0.0,1.0,0.0,0.942317,2.08,2.954289
volkan,0.5,137,137-10,0.0,0.0,0.0,0.0,0.0,1.0,0.0,0.922487,1.88,2.593139
volkan,0.5,137,137-11,0.0,0.008333,0.0,0.008333,0.008333,0.0,0.933333,0.238968,-0.88,1.174551
volkan,0.5,137,137-12,0.05,0.966667,0.0,0.966667,0.966667,0.0,0.0,0.446777,0.04,0.224191
volkan,0.5,137,137-13,0.416667,0.958333,0.041667,1.0,1.0,0.0,0.0,0.498956,-0.16,0.13212
volkan,0.5,137,137-14,0.0,0.0,0.241667,0.241667,0.0,0.583333,0.0,0.860511,1.84,1.92377
volkan,0.5,137,137-15,0.0,0.0,0.0,0.0,0.0,0.0,1.0,0.039989,-2.04,3.333825
volkan,0.5,137,137-16,0.0,0.0,0.0,0.0,0.0,0.0,0.558333,0.289662,-0.84,0.908291
volkan,0.5,137,137-17,0.541667,0.125,0.841667,0.966667,0.541667,0.0,0.0,0.687747,1.16,0.811191
volkan,0.5,137,137-18,0.0,0.0,0.0,0.0,0.0,0.0,1.0,0.085939,-2.0,2.527265
volkan,0.5,137,137-19,0.033333,0.391667,0.0,0.391667,0.391667,0.0,0.0,0.397399,-0.08,0.422917
volkan,0.5,137,137-20,0.175,1.0,0.0,1.0,1.0,0.0,0.0,0.476435,0.16,0.13036
volkan,0.5,137,137-21,0.016667,0.541667,0.0,0.541667,0.541667,0.0,0.025,0.402893,-0.6,0.401184
volkan,0.5,137,137-22,0.0,0.0,0.0,0.0,0.0,0.0,0.958333,0.192531,-1.44,1.490516
volkan,0.5,137,137-23,0.0,0.0,0.158333,0.158333,0.0,0.566667,0.0,0.863266,1.8,1.927131
volkan,0.5,137,137-24,0.0,0.058333,0.0,0.058333,0.058333,0.0,0.275,0.330296,-0.72,0.716176
volkan,0.5,137,137-25,0.0,0.0,0.725,0.725,0.0,0.0,0.0,0.775874,0.84,1.253015
volkan,0.5,137,137-26,0.083333,0.983333,0.016667,1.0,1.0,0.0,0.0,0.456943,-0.12,0.203338
volkan,0.5,137,137-27,0.766667,0.2,0.791667,0.991667,0.766667,0.0,0.0,0.651509,0.72,0.635234
volkan,0.5,137,137-28,0.0,0.275,0.0,0.275,0.275,0.0,0.258333,0.351198,-0.84,0.625439
volkan,0.5,137,137-29,0.0,0.0,0.166667,0.166667,0.0,0.641667,0.0,0.859308,1.48,1.867044
volkan,0.5,137,137-30,0.316667,0.016667,0.7,0.716667,0.316667,0.091667,0.0,0.745791,1.48,1.115816
volkan,0.5,137,137-31,0.0,0.008333,0.0,0.008333,0.008333,0.0,0.891667,0.205239,-1.52,1.40964
volkan,0.5,137,137-32,0.033333,0.0,0.375,0.375,0.033333,0.458333,0.0,0.822505,1.76,1.621179
volkan,0.5,137,137-33,0.0,0.0,0.0,0.0,0.0,1.0,0.0,0.97472,2.28,3.840512
volkan,0.5,137,137-34,0.0,0.0,0.0,0.0,0.0,0.0,1.0,0.097878,-1.84,2.320253
volkan,0.5,137,137-35,1.0,0.875,0.125,1.0,1.0,0.0,0.0,0.569002,0.48,0.279158
volkan,0.5,137,137-36,0.716667,0.275,0.708333,0.983333,0.716667,0.0,0.0,0.653362,1.08,0.651622
volkan,0.5,137,137-37,0.233333,0.908333,0.0,0.908333,0.908333,0.0,0.0,0.461271,-0.44,0.202115
volkan,0.5,137,137-38,0.0,0.0,0.266667,0.266667,0.0,0.575,0.0,0.854426,1.84,1.87435
volkan,0.5,137,137-39,0.275,0.983333,0.016667,1.0,1.0,0.0,0.0,0.475951,-0.24,0.154252
volkan,0.5,137,137-40,0.0,0.0,0.641667,0.641667,0.0,0.141667,0.0,0.787629,1.12,1.339112
volkan,0.5,137,137-41,0.091667,0.0,0.416667,0.416667,0.091667,0.366667,0.0,0.810404,1.68,1.519043
volkan,0.5,137,137-42,0.0,0.008333,0.0,0.008333,0.008333,0.0,0.841667,0.22493,-1.2,1.278638
volkan,0.5,137,137-43,0.0,0.0,0.0,0.0,0.0,0.0,0.975,0.196816,-1.24,1.446969
volkan,0.5,137,137-44,0.0,0.0,0.0,0.0,0.0,1.0,0.0,0.939763,2.08,2.907442
volkan,0.5,137,137-45,0.708333,0.958333,0.041667,1.0,1.0,0.0,0.0,0.520832,0.32,0.121137
volkan,0.5,137,137-46,0.741667,0.15,0.841667,0.991667,0.741667,0.0,0.0,0.658016,0.8,0.666962
volkan,0.5,137,137-47,0.0,0.0,0.0,0.0,0.0,0.933333,0.0,0.926181,2.2,2.692452
volkan,0.5,137,137-48,0.05,0.0,0.341667,0.341667,0.05,0.425,0.0,0.824529,1.96,1.641421
volkan,0.5,137,137-49,0.0,0.133333,0.0,0.133333,0.133333,0.0,0.05,0.360182,-0.4,0.577768
volkan,0.5,137,137-50,0.05,0.733333,0.0,0.733333,0.733333,0.0,0.0,0.426629,-0.36,0.317317
volkan,0.5,137,137-51,0.0,0.0,0.141667,0.141667,0.0,0.6,0.0,0.868428,1.72,1.984067
volkan,0.5,137,137-52,0.0,0.0,0.0,0.0,0.0,0.8,0.0,0.898573,1.88,2.293852
volkan,0.5,137,137-53,0.783333,0.966667,0.033333,1.0,1.0,0.0,0.0,0.522672,0.36,0.124641
volkan,0.5,137,137-54,0.0,0.0,0.0,0.0,0.0,0.8,0.0,0.896057,1.84,2.250178
volkan,0.5,137,137-55,0.008333,0.6,0.0,0.6,0.6,0.0,0.0,0.406607,-0.2,0.384198
volkan,0.5,137,137-56,0.55,0.108333,0.708333,0.816667,0.55,0.016667,0.0,0.698287,1.4,0.875481
volkan,0.5,137,137-57,0.0,0.0,0.0,0.0,0.0,0.0,1.0,0.160112,-1.76,1.75073
volkan,0.5,137,137-58,0.25,0.975,0.025,1.0,1.0,0.0,0.0,0.485374,0.0,0.122288
volkan,0.5,137,137-59,0.266667,0.0,0.6,0.6,0.266667,0.191667,0.0,0.769537,1.44,1.257994
volkan,0.5,137,137-60,0.541667,0.0,0.991667,0.991667,0.541667,0.0,0.0,0.700545,0.84,0.858241
volkan,0.5,137,137-61,0.025,0.0,0.483333,0.483333,0.025,0.25,0.0,0.798695,1.4,1.424267
volkan,0.5,137,137-62,0.0,0.033333,0.0,0.033333,0.033333,0.0,0.433333,0.306138,-0.76,0.827898
volkan,0.5,137,137-63,0.275,0.991667,0.008333,1.0,1.0,0.0,0.0,0.488436,0.04,0.108564
volkan,0.5,137,137-64,0.616667,0.966667,0.033333,1.0,1.0,0.0,0.0,0.518626,-0.16,0.132411
volkan,0.5,137,137-65,0.0,0.0,0.0,0.0,0.0,1.0,0.0,0.933461,2.04,2.78252
volkan,0.5,137,137-66,0.0,0.0,0.0,0.0,0.0,0.0,0.991667,0.173438,-1.32,1.604204
volkan,0.5,137,137-67,0.091667,0.75,0.0,0.75,0.75,0.0,0.0,0.433561,-0.4,0.286085
volkan,0.5,137,137-68,0.566667,0.991667,0.008333,1.0,1.0,0.0,0.0,0.509861,-0.08,0.096838
volkan,0.5,137,137-69,0.0,0.0,0.0,0.0,0.0,1.0,0.0,0.984069,2.36,4.338741
volkan,0.5,137,137-70,0.1,0.0,0.333333,0.333333,0.1,0.483333,0.0,0.825163,2.0,1.65482
volkan,0.5,137,137-71,0.841667,0.958333,0.041667,1.0,1.0,0.0,0.0,0.527031,0.08,0.120446
volkan,0.5,137,137-72,0.991667,0.675,0.325,1.0,0.991667,0.0,0.0,0.575702,0.24,0.307667
volkan,0.5,137,137-73,0.0,0.0,0.0,0.0,0.0,0.0,1.0,0.111319,-1.8,2.190907
volkan,0.5,137,137-74,1.0,0.433333,0.566667,1.0,1.0,0.0,0.0,0.602186,0.2,0.416993
volkan,0.5,137,137-75,0.0,0.0,0.0,0.0,0.0,0.8,0.0,0.903551,2.12,2.384954
volkan,0.5,137,137-76,0.2,1.0,0.0,1.0,1.0,0.0,0.0,0.468983,-0.24,0.16672
volkan,0.5,137,137-77,0.016667,0.3,0.0,0.3,0.3,0.0,0.125,0.374619,-0.68,0.526385
volkan,0.5,137,137-78,0.075,1.0,0.0,1.0,1.0,0.0,0.0,0.461615,-0.12,0.174104
volkan,0.5,137,137-79,0.0,0.0,0.241667,0.241667,0.0,0.508333,0.0,0.849358,1.84,1.826256
volkan,0.5,137,137-80,0.1,0.0,0.55,0.55,0.1,0.258333,0.0,0.792261,1.56,1.390905
volkan,0.5,137,137-81,0.0,0.0,0.083333,0.083333,0.0,0.725,0.0,0.887017,2.0,2.179714
volkan,0.5,137,137-82,0.991667,0.666667,0.333333,1.0,0.991667,0.0,0.0,0.594127,0.16,0.382297
volkan,0.5,137,137-83,0.0,0.0,0.333333,0.333333,0.0,0.408333,0.0,0.830917,1.84,1.67156
volkan,0.5,137,137-84,0.0,0.016667,0.0,0.016667,0.016667,0.0,0.808333,0.242531,-1.28,1.16965
volkan,0.5,137,137-85,0.65,0.283333,0.7,0.983333,0.65,0.0,0.0,0.663238,0.92,0.697132
volkan,0.5,137,137-86,0.0,0.0,0.0,0.0,0.0,0.0,0.95,0.20931,-1.16,1.366792
volkan,0.5,137,137-87,0.0,0.058333,0.0,0.058333,0.058333,0.0,0.641667,0.288423,-1.0,0.923059
volkan,0.5,137,137-88,0.0,0.016667,0.0,0.016667,0.016667,0.0,0.508333,0.290518,-0.64,0.905673
volkan,0.5,137,137-89,0.666667,0.983333,0.016667,1.0,1.0,0.0,0.0,0.511688,-0.04,0.090444
volkan,0.5,137,137-90,0.0,0.0,0.116667,0.116667,0.0,0.608333,0.0,0.869213,1.64,1.976696
volkan,0.5,137,137-91,0.45,0.0,0.908333,0.908333,0.45,0.0,0.0,0.716146,1.16,0.945927
volkan,0.5,137,137-92,0.0,0.0,0.0,0.0,0.0,0.0,0.975,0.202297,-1.16,1.411539
volkan,0.5,137,137-93,0.158333,0.0,0.5,0.5,0.158333,0.283333,0.0,0.792408,1.6,1.403991
volkan,0.5,137,137-94,0.0,0.0,0.0,0.0,0.0,1.0,0.0,0.956311,2.08,3.237157
volkan,0.5,137,137-95,0.0,0.0,0.0,0.0,0.0,0.8,0.0,0.894144,1.8,2.228813
volkan,0.5,137,137-96,0.0,0.0,0.433333,0.433333,0.0,0.25,0.0,0.807285,1.44,1.473224
volkan,0.5,137,137-97,0.0,0.0,0.058333,0.058333,0.0,0.733333,0.0,0.889072,1.88,2.184141
volkan,0.5,137,137-98,0.0,0.0,0.033333,0.033333,0.0,0.725,0.0,0.888409,1.8,2.165372
volkan,0.5,137,137-99,0.725,0.0,1.0,1.0,0.725,0.0,0.0,0.681594,0.36,0.765273
volkan,0.5,137,137-100,0.533333,0.975,0.025,1.0,1.0,0.0,0.0,0.504185,0.24,0.128414
volkan,0.5,137,137-101,0.0,0.0,0.0,0.0,0.0,1.0,0.0,0.952488,2.16,3.165915
volkan,0.5,137,137-102,0.491667,0.0,0.841667,0.841667,0.491667,0.0,0.0,0.714406,1.24,0.94439
volkan,0.5,137,137-103,0.0,0.0,0.008333,0.008333,0.0,0.741667,0.0,0.887845,1.68,2.152204
volkan,0.5,137,137-104,1.0,0.766667,0.233333,1.0,1.0,0.0,0.0,0.573956,0.24,0.300014
volkan,0.5,137,137-105,0.0,0.0,0.0,0.0,0.0,1.0,0.0,0.954127,2.08,3.182785
volkan,0.5,137,137-106,0.0,0.0,0.0,0.0,0.0,0.0,1.0,0.025814,-2.36,3.868057
volkan,0.5,137,137-107,0.158333,0.875,0.016667,0.891667,0.891667,0.0,0.0,0.455974,-0.32,0.222941
volkan,0.5,137,137-108,0.0,0.0,0.0,0.0,0.0,0.0,1.0,0.025004,-2.36,3.896387
volkan,0.5,137,137-109,0.0,0.0,0.0,0.0,0.0,1.0,0.0,0.934604,2.12,2.808192
volkan,0.5,137,137-110,0.0,0.225,0.0,0.225,0.225,0.0,0.0,0.381707,-0.24,0.48419
volkan,0.5,137,137-111,0.0,0.0,0.041667,0.041667,0.0,0.791667,0.0,0.893969,2.0,2.255345
volkan,0.5,137,137-112,0.033333,0.408333,0.0,0.408333,0.408333,0.0,0.016667,0.387067,-0.56,0.471171
volkan,0.5,137,137-113,0.0,0.066667,0.0,0.066667,0.066667,0.0,0.341667,0.320643,-0.8,0.763772
volkan,0.5,137,137-114,0.016667,0.783333,0.0,0.783333,0.783333,0.0,0.0,0.42405,-0.4,0.313108
volkan,0.5,137,137-115,0.091667,0.991667,0.0,0.991667,0.991667,0.0,0.0,0.455345,-0.28,0.207469
volkan,0.5,137,137-116,0.0,0.0,0.008333,0.008333,0.0,0.8,0.0,0.891956,1.88,2.208943
volkan,0.5,137,137-117,0.0,0.075,0.0,0.075,0.075,0.0,0.358333,0.328039,-0.92,0.732094
volkan,0.5,137,137-118,0.0,0.0,0.0,0.0,0.0,0.0,1.0,0.082038,-2.2,2.590498
volkan,0.5,137,137-119,0.066667,1.0,0.0,1.0,1.0,0.0,0.0,0.460319,-0.08,0.181199
volkan,0.5,137,137-120,0.0,0.0,0.0,0.0,0.0,1.0,0.0,0.947532,2.2,3.059175
volkan,0.5,137,137-121,0.0,0.0,0.0,0.0,0.0,1.0,0.0,0.959034,2.16,3.31888
volkan,0.5,137,137-122,1.0,0.816667,0.183333,1.0,1.0,0.0,0.0,0.575161,-0.08,0.304323
volkan,0.5,137,137-123,0.0,0.0,0.0,0.0,0.0,0.0,0.991667,0.138417,-1.84,1.931846
volkan,0.5,137,137-124,0.0,0.0,0.0,0.0,0.0,0.0,1.0,0.109697,-2.0,2.218624
volkan,0.5,137,137-125,1.0,0.925,0.075,1.0,1.0,0.0,0.0,0.550201,0.04,0.202388
volkan,0.5,137,137-126,0.733333,0.083333,0.916667,1.0,0.733333,0.0,0.0,0.662959,0.68,0.68277
volkan,0.5,137,137-127,0.0,0.008333,0.0,0.008333,0.008333,0.0,0.791667,0.236041,-1.36,1.221647
volkan,0.5,137,137-128,0.5,0.966667,0.033333,1.0,1.0,0.0,0.0,0.503958,0.12,0.101766
volkan,0.5,137,137-129,0.0,0.0,0.175,0.175,0.0,0.6,0.0,0.865191,1.88,1.954568
volkan,0.5,137,137-130,0.283333,1.0,0.0,1.0,1.0,0.0,0.0,0.483796,-0.36,0.159186
volkan,0.5,137,137-131,0.108333,0.95,0.008333,0.958333,0.958333,0.0,0.0,0.469102,-0.2,0.157066
volkan,0.5,137,137-132,0.325,0.0,0.783333,0.783333,0.325,0.008333,0.0,0.740948,1.0,1.0752
volkan,0.5,137,137-133,0.0,0.0,0.0,0.0,0.0,0.0,0.975,0.165691,-1.64,1.692948
volkan,0.5,137,137-134,0.566667,0.183333,0.791667,0.975,0.566667,0.0,0.0,0.678226,0.84,0.763257
volkan,0.5,137,137-135,0.466667,0.0,0.975,0.975,0.466667,0.0,0.0,0.707811,1.0,0.899072
volkan,0.5,137,137-136,0.983333,0.525,0.475,1.0,0.983333,0.0,0.0,0.596578,0.56,0.395182
volkan,0.5,137,137-137,0.05,0.4,0.0,0.4,0.4,0.0,0.025,0.391138,-0.84,0.461532
volkan,0.5,137,137-138,0.975,0.758333,0.241667,1.0,0.975,0.0,0.0,0.577401,0.28,0.314656
volkan,0.5,137,137-139,0.0,0.0,0.141667,0.141667,0.0,0.558333,0.0,0.860657,1.56,1.885498
volkan,0.5,137,137-140,0.0,0.0,0.0,0.0,0.0,0.0,1.0,0.045678,-2.2,3.210993
volkan,0.5,137,137-141,0.0,0.0,0.216667,0.216667,0.0,0.55,0.0,0.857443,1.92,1.903514
volkan,0.5,137,137-142,0.958333,0.958333,0.041667,1.0,1.0,0.0,0.0,0.539306,0.0,0.160338
volkan,0.5,137,137-143,0.0,0.066667,0.0,0.066667,0.066667,0.0,0.525,0.303401,-1.04,0.844778
volkan,0.5,137,137-144,0.6,0.158333,0.833333,0.991667,0.6,0.0,0.0,0.67046,1.0,0.724581
volkan,0.5,137,137-145,0.25,0.0,0.716667,0.716667,0.25,0.016667,0.0,0.75765,1.08,1.16534
volkan,0.5,137,137-146,0.0,0.0,0.3,0.3,0.0,0.525,0.0,0.847198,1.72,1.807018
volkan,0.5,137,137-147,0.0,0.391667,0.0,0.391667,0.391667,0.0,0.041667,0.378609,-0.68,0.50002
volkan,0.5,137,137-148,0.0,0.0,0.0,0.0,0.0,0.0,0.733333,0.265998,-1.12,1.038141
volkan,0.5,137,137-149,0.991667,0.633333,0.366667,1.0,0.991667,0.0,0.0,0.588218,0.6,0.359991
volkan,0.5,137,137-150,0.0,0.0,0.0,0.0,0.0,0.0,0.95,0.188151,-1.64,1.527721
volkan,0.5,137,137-151,0.0,0.0,0.0,0.0,0.0,1.0,0.0,0.925528,1.92,2.639782
volkan,0.5,137,137-152,0.0,0.0,0.0,0.0,0.0,1.0,0.0,0.991165,2.32,4.934192
volkan,0.5,137,137-153,0.0,0.016667,0.0,0.016667,0.016667,0.0,0.833333,0.232752,-1.36,1.235302
volkan,0.5,137,137-154,0.0,0.0,0.0,0.0,0.0,1.0,0.0,0.924941,1.76,2.607117
volkan,0.5,137,137-155,0.05,0.0,0.558333,0.558333,0.05,0.233333,0.0,0.791757,1.4,1.378384
volkan,0.5,137,137-156,1.0,0.783333,0.216667,1.0,1.0,0.0,0.0,0.575588,0.4,0.306134
volkan,0.5,137,137-157,0.0,0.0,0.208333,0.208333,0.0,0.566667,0.0,0.855768,1.76,1.853451
volkan,0.5,137,137-158,0.0,0.0,0.3,0.3,0.0,0.533333,0.0,0.854252,1.8,1.863863
volkan,0.5,137,137-159,0.683333,0.0,1.0,1.0,0.683333,0.0,0.0,0.681262,0.72,0.768214
volkan,0.5,137,137-160,0.008333,0.325,0.0,0.325,0.325,0.0,0.0,0.393395,-0.08,0.436452
volkan,0.5,137,137-161,0.675,0.141667,0.858333,1.0,0.675,0.0,0.0,0.675133,1.0,0.744565
volkan,0.5,137,137-162,0.0,0.0,0.0,0.0,0.0,0.0,0.95,0.191297,-1.52,1.505224
volkan,0.5,137,137-163,0.091667,0.0,0.558333,0.558333,0.091667,0.291667,0.0,0.796401,1.64,1.433299
volkan,0.5,137,137-164,0.116667,0.916667,0.0,0.916667,0.916667,0.0,0.0,0.448268,-0.48,0.238481
volkan,0.5,137,137-165,0.0,0.0,0.133333,0.133333,0.0,0.683333,0.0,0.865269,1.48,1.917359
volkan,0.5,137,137-166,0.766667,0.241667,0.75,0.991667,0.766667,0.0,0.0,0.648737,0.76,0.622651
volkan,0.5,137,137-167,0.275,0.958333,0.008333,0.966667,0.966667,0.0,0.0,0.474826,-0.48,0.15615
volkan,0.5,137,137-168,0.0,0.025,0.0,0.025,0.025,0.0,0.5,0.290256,-0.92,0.918718
volkan,0.5,137,137-169,0.158333,0.0,0.583333,0.583333,0.158333,0.241667,0.0,0.784424,1.64,1.352452
volkan,0.5,137,137-170,0.5,0.0,0.916667,0.916667,0.5,0.0,0.0,0.70625,1.16,0.89932
volkan,0.5,137,137-171,0.075,0.916667,0.0,0.916667,0.916667,0.0,0.0,0.443453,-0.4,0.248658
volkan,0.5,137,137-172,0.966667,0.4,0.6,1.0,0.966667,0.0,0.0,0.616249,0.68,0.479627
volkan,0.5,137,137-173,0.0,0.0,0.241667,0.241667,0.0,0.6,0.0,0.856049,1.76,1.868843
volkan,0.5,137,137-174,0.108333,0.808333,0.0,0.808333,0.808333,0.0,0.0,0.442378,-0.32,0.262151
volkan,0.5,137,137-175,0.0,0.008333,0.0,0.008333,0.008333,0.0,0.858333,0.23048,-1.24,1.238866
volkan,0.5,137,137-176,0.066667,0.0,0.425,0.425,0.066667,0.4,0.0,0.815044,1.72,1.554948
volkan,0.5,137,137-177,0.983333,0.458333,0.541667,1.0,0.983333,0.0,0.0,0.609791,0.2,0.448537
volkan,0.5,137,137-178,0.0,0.0,0.0,0.0,0.0,0.0,0.991667,0.162421,-1.44,1.687065
volkan,0.5,137,137-179,0.0,0.0,0.0,0.0,0.0,1.0,0.0,0.97888,2.28,4.034081
volkan,0.5,137,137-180,0.341667,0.966667,0.008333,0.975,0.975,0.0,0.0,0.483968,0.56,0.158171
volkan,0.5,137,137-181,0.558333,0.958333,0.041667,1.0,1.0,0.0,0.0,0.510974,-0.0,0.103677
volkan,0.5,137,137-182,0.0,0.0,0.0,0.0,0.0,0.0,1.0,0.12049,-1.8,2.114669
volkan,0.5,137,137-183,0.883333,0.941667,0.058333,1.0,1.0,0.0,0.0,0.533958,0.16,0.141576
volkan,0.5,137,137-184,0.0,0.05,0.0,0.05,0.05,0.0,0.508333,0.299681,-0.96,0.86669
volkan,0.5,137,137-185,0.016667,0.333333,0.0,0.333333,0.333333,0.0,0.175,0.366518,-0.8,0.557318
volkan,0.5,137,137-186,0.0,0.0,0.0,0.0,0.0,0.0,0.983333,0.160918,-1.84,1.744871
volkan,0.5,137,137-187,0.158333,1.0,0.0,1.0,1.0,0.0,0.0,0.470059,0.04,0.170773
volkan,0.5,137,137-188,0.016667,0.35,0.0,0.35,0.35,0.0,0.025,0.385846,-0.56,0.471774
volkan,0.5,137,137-189,0.0,0.008333,0.0,0.008333,0.008333,0.0,0.591667,0.290498,-0.92,0.905651
volkan,0.5,137,137-190,0.0,0.075,0.0,0.075,0.075,0.0,0.483333,0.294584,-1.24,0.902379
volkan,0.5,137,137-191,0.0,0.0,0.0,0.0,0.0,0.0,0.991667,0.14244,-1.72,1.878945
volkan,0.5,137,137-192,0.0,0.0,0.0,0.0,0.0,0.0,1.0,0.069438,-2.24,2.776633
volkan,0.5,137,137-193,0.0,0.183333,0.0,0.183333,0.183333,0.0,0.0,0.381146,-0.28,0.486021
volkan,0.5,137,137-194,0.0,0.0,0.0,0.0,0.0,1.0,0.0,0.945354,2.36,3.047169
volkan,0.5,137,137-195,0.458333,0.0,0.808333,0.808333,0.458333,0.016667,0.0,0.731507,1.12,1.030427
volkan,0.5,137,137-196,0.008333,0.333333,0.0,0.333333,0.333333,0.0,0.108333,0.374976,-0.72,0.520184
volkan,0.5,137,137-197,0.0,0.0,0.0,0.0,0.0,0.0,0.975,0.191022,-1.28,1.491476
volkan,0.5,137,137-198,0.333333,0.891667,0.025,0.916667,0.916667,0.0,0.0,0.479122,-0.52,0.172481
volkan,0.5,137,137-199,1.0,0.925,0.075,1.0,1.0,0.0,0.0,0.55901,0.12,0.238266
volkan,0.5,369,369-0,0.483333,0.058333,0.866667,0.925,0.483333,0.0,0.0,0.69971,1.2,0.867494
volkan,0.5,369,369-1,0.841667,0.408333,0.591667,1.0,0.841667,0.0,0.0,0.627372,0.96,0.53081
volkan,0.5,369,369-2,0.0,0.0,0.033333,0.033333,0.0,0.725,0.0,0.884983,1.76,2.129479
volkan,0.5,369,369-3,0.0,0.025,0.0,0.025,0.025,0.0,0.583333,0.277327,-1.32,0.986268
volkan,0.5,369,369-4,0.458333,0.05,0.825,0.875,0.458333,0.0,0.0,0.712772,1.08,0.93529
volkan,0.5,369,369-5,0.783333,0.125,0.875,1.0,0.783333,0.0,0.0,0.653106,0.68,0.640748
volkan,0.5,369,369-6,0.0,0.05,0.0,0.05,0.05,0.0,0.616667,0.2789,-1.28,0.97816
volkan,0.5,369,369-7,0.575,0.075,0.925,1.0,0.575,0.0,0.0,0.683131,0.96,0.782174
volkan,0.5,369,369-8,0.991667,0.675,0.325,1.0,0.991667,0.0,0.0,0.570709,0.28,0.287334
volkan,0.5,369,369-9,0.0,0.0,0.0,0.0,0.0,1.0,0.0,0.946887,2.16,3.042599
volkan,0.5,369,369-10,0.0,0.0,0.458333,0.458333,0.0,0.358333,0.0,0.815897,1.6,1.549607
volkan,0.5,369,369-11,0.0,0.0,0.0,0.0,0.0,0.0,1.0,0.020309,-2.36,4.108156
volkan,0.5,369,369-12,0.0,0.325,0.0,0.325,0.325,0.0,0.091667,0.365853,-0.64,0.557249
volkan,0.5,369,369-13,0.925,0.291667,0.708333,1.0,0.925,0.0,0.0,0.629967,0.68,0.536696
volkan,0.5,369,369-14,0.0,0.0,0.0,0.0,0.0,0.0,1.0,0.029026,-2.08,3.675348
volkan,0.5,369,369-15,0.0,0.0,0.0,0.0,0.0,0.0,1.0,0.038078,-2.36,3.434532
volkan,0.5,369,369-16,0.725,0.225,0.775,1.0,0.725,0.0,0.0,0.650021,0.84,0.628031
volkan,0.5,369,369-17,0.0,0.0,0.0,0.0,0.0,0.0,1.0,0.098149,-1.96,2.355474
volkan,0.5,369,369-18,0.0,0.0,0.0,0.0,0.0,0.858333,0.0,0.912633,2.08,2.496506
volkan,0.5,369,369-19,0.0,0.05,0.0,0.05,0.05,0.0,0.558333,0.279543,-1.32,0.984507
volkan,0.5,369,369-20,0.941667,0.933333,0.066667,1.0,1.0,0.0,0.0,0.542418,0.36,0.1749
volkan,0.5,369,369-21,0.0,0.0,0.216667,0.216667,0.0,0.583333,0.0,0.860536,1.76,1.914287
volkan,0.5,369,369-22,0.025,0.341667,0.0,0.341667,0.341667,0.0,0.075,0.38325,-0.76,0.48681
volkan,0.5,369,369-23,0.0,0.0,0.191667,0.191667,0.0,0.575,0.0,0.862754,1.64,1.914671
volkan,0.5,369,369-24,0.025,0.441667,0.0,0.441667,0.441667,0.0,0.058333,0.386375,-0.68,0.472872
volkan,0.5,369,369-25,0.033333,0.408333,0.0,0.408333,0.408333,0.0,0.0,0.396357,-0.36,0.427409
volkan,0.5,369,369-26,0.0,0.0,0.208333,0.208333,0.0,0.558333,0.0,0.860404,1.64,1.905411
volkan,0.5,369,369-27,0.008333,0.541667,0.0,0.541667,0.541667,0.0,0.033333,0.389422,-0.52,0.457491
volkan,0.5,369,369-28,0.0,0.0,0.0,0.0,0.0,0.0,0.9,0.222149,-1.32,1.297988
volkan,0.5,369,369-29,0.575,0.225,0.691667,0.916667,0.575,0.0,0.0,0.684215,1.24,0.798609
volkan,0.5,369,369-30,0.158333,0.0,0.7,0.7,0.158333,0.091667,0.0,0.767647,1.28,1.223995
volkan,0.5,369,369-31,0.958333,0.975,0.025,1.0,1.0,0.0,0.0,0.532839,0.08,0.135454
volkan,0.5,369,369-32,0.0,0.266667,0.0,0.266667,0.266667,0.0,0.05,0.369126,-0.72,0.54123
volkan,0.5,369,369-33,0.0,0.0,0.0,0.0,0.0,0.0,1.0,0.074723,-2.0,2.658516
volkan,0.5,369,369-34,0.016667,0.133333,0.0,0.133333,0.133333,0.0,0.283333,0.344898,-0.8,0.655041
volkan,0.5,369,369-35,0.95,0.441667,0.558333,1.0,0.975,0.0,0.0,0.602383,0.8,0.42153
volkan,0.5,369,369-36,0.016667,0.15,0.0,0.15,0.15,0.0,0.45,0.317169,-1.12,0.79432
volkan,0.5,369,369-37,0.091667,0.0,0.475,0.475,0.091667,0.308333,0.0,0.802952,1.56,1.46261
volkan,0.5,369,369-38,0.95,0.516667,0.483333,1.0,0.95,0.0,0.0,0.606113,0.68,0.437477
volkan,0.5,369,369-39,0.283333,0.0,0.575,0.575,0.283333,0.175,0.0,0.76595,1.6,1.239323
volkan,0.5,369,369-40,0.475,0.0,1.0,1.0,0.475,0.0,0.0,0.705297,0.48,0.877782
volkan,0.5,369,369-41,0.0,0.058333,0.0,0.058333,0.058333,0.0,0.216667,0.330674,-0.6,0.710269
volkan,0.5,369,369-42,0.0,0.15,0.0,0.15,0.15,0.0,0.425,0.311705,-1.12,0.81482
volkan,0.5,369,369-43,0.0,0.0,0.0,0.0,0.0,0.0,0.925,0.187749,-1.68,1.553575
volkan,0.5,369,369-44,0.0,0.025,0.0,0.025,0.025,0.0,0.566667,0.269148,-1.4,1.037745
volkan,0.5,369,369-45,0.366667,0.991667,0.008333,1.0,1.0,0.0,0.0,0.498978,-0.28,0.104223
volkan,0.5,369,369-46,0.541667,0.0,0.933333,0.933333,0.541667,0.0,0.0,0.710474,0.88,0.914886
volkan,0.5,369,369-47,0.0,0.0,0.0,0.0,0.0,0.0,0.85,0.220177,-1.6,1.325316
volkan,0.5,369,369-48,0.983333,0.291667,0.708333,1.0,0.983333,0.0,0.0,0.623263,0.48,0.506624
volkan,0.5,369,369-49,0.0,0.0,0.0,0.0,0.0,0.0,1.0,0.132509,-1.76,1.98109
volkan,0.5,369,369-50,0.0,0.0,0.0,0.0,0.0,0.0,0.975,0.165904,-1.76,1.708417
volkan,0.5,369,369-51,0.308333,0.05,0.625,0.675,0.308333,0.075,0.0,0.747801,1.6,1.132654
volkan,0.5,369,369-52,0.0,0.0,0.0,0.0,0.0,0.858333,0.0,0.911343,2.12,2.480263
volkan,0.5,369,369-53,0.191667,0.0,0.775,0.775,0.191667,0.033333,0.0,0.751054,0.96,1.126121
volkan,0.5,369,369-54,0.0,0.033333,0.0,0.033333,0.033333,0.0,0.425,0.305433,-1.0,0.841121
volkan,0.5,369,369-55,0.0,0.0,0.391667,0.391667,0.0,0.408333,0.0,0.82859,1.56,1.639181
volkan,0.5,369,369-56,0.925,0.216667,0.783333,1.0,0.925,0.0,0.0,0.638793,0.32,0.575365
volkan,0.5,369,369-57,0.0,0.05,0.0,0.05,0.05,0.0,0.241667,0.32413,-0.96,0.749455
volkan,0.5,369,369-58,0.0,0.0,0.0,0.0,0.0,0.0,0.908333,0.164968,-2.0,1.743629
volkan,0.5,369,369-59,0.975,0.316667,0.683333,1.0,0.975,0.0,0.0,0.616294,0.44,0.477486
volkan,0.5,369,369-60,0.066667,0.991667,0.0,0.991667,0.991667,0.0,0.0,0.454554,0.0,0.200934
volkan,0.5,369,369-61,0.0,0.0,0.0,0.0,0.0,0.0,1.0,0.097257,-1.84,2.354691
volkan,0.5,369,369-62,0.991667,0.616667,0.383333,1.0,0.991667,0.0,0.0,0.600957,0.16,0.411312
volkan,0.5,369,369-63,0.0,0.0,0.0,0.0,0.0,0.0,1.0,0.100268,-2.08,2.338566
volkan,0.5,369,369-64,0.016667,0.433333,0.0,0.433333,0.433333,0.0,0.0,0.394732,-0.36,0.431767
volkan,0.5,369,369-65,0.0,0.0,0.35,0.35,0.0,0.341667,0.0,0.824372,1.48,1.598889
volkan,0.5,369,369-66,0.0,0.0,0.0,0.0,0.0,0.0,0.825,0.205584,-1.52,1.422572
volkan,0.5,369,369-67,0.0,0.0,0.175,0.175,0.0,0.641667,0.0,0.870825,1.92,2.019321
volkan,0.5,369,369-68,0.133333,0.0,0.716667,0.716667,0.133333,0.033333,0.0,0.755234,1.04,1.151799
volkan,0.5,369,369-69,0.0,0.0,0.0,0.0,0.0,0.0,0.983333,0.161601,-1.6,1.729178
volkan,0.5,369,369-70,0.0,0.0,0.083333,0.083333,0.0,0.683333,0.0,0.877796,1.76,2.066307
volkan,0.5,369,369-71,0.008333,0.325,0.0,0.325,0.325,0.0,0.0,0.393104,-0.4,0.436251
volkan,0.5,369,369-72,0.0,0.016667,0.0,0.016667,0.016667,0.0,0.625,0.266621,-1.28,1.041887
volkan,0.5,369,369-73,0.408333,0.0,0.933333,0.933333,0.408333,0.0,0.0,0.719114,0.84,0.957005
volkan,0.5,369,369-74,0.0,0.0,0.0,0.0,0.0,0.933333,0.0,0.916399,1.88,2.504024
volkan,0.5,369,369-75,0.133333,0.0,0.516667,0.516667,0.133333,0.291667,0.0,0.79652,1.72,1.438403
volkan,0.5,369,369-76,0.791667,0.35,0.65,1.0,0.791667,0.0,0.0,0.631969,0.8,0.54998
volkan,0.5,369,369-77,0.291667,0.0,0.766667,0.766667,0.291667,0.008333,0.0,0.745308,1.16,1.098041
volkan,0.5,369,369-78,0.0,0.0,0.325,0.325,0.0,0.425,0.0,0.826748,1.6,1.632362
volkan,0.5,369,369-79,0.0,0.0,0.0,0.0,0.0,1.0,0.0,0.959428,2.24,3.343193
volkan,0.5,369,369-80,0.283333,0.0,0.733333,0.733333,0.283333,0.066667,0.0,0.7503,1.24,1.132601
volkan,0.5,369,369-81,1.0,0.841667,0.158333,1.0,1.0,0.0,0.0,0.575931,0.16,0.307206
volkan,0.5,369,369-82,0.0,0.0,0.075,0.075,0.0,0.716667,0.0,0.875619,1.6,2.022882
volkan,0.5,369,369-83,0.0,0.041667,0.0,0.041667,0.041667,0.0,0.566667,0.281394,-1.12,0.968634
volkan,0.5,369,369-84,0.0,0.0,0.066667,0.066667,0.0,0.7,0.0,0.884063,1.92,2.138804
volkan,0.5,369,369-85,0.0,0.0,0.0,0.0,0.0,1.0,0.0,0.958366,2.4,3.347107
volkan,0.5,369,369-86,0.0,0.008333,0.0,0.008333,0.008333,0.0,0.658333,0.259904,-1.24,1.081492
volkan,0.5,369,369-87,0.0,0.0,0.341667,0.341667,0.0,0.416667,0.0,0.833766,1.84,1.700473
volkan,0.5,369,369-88,0.0,0.0,0.241667,0.241667,0.0,0.508333,0.0,0.849366,1.92,1.825364
volkan,0.5,369,369-89,0.0,0.0,0.0,0.0,0.0,0.0,1.0,0.189913,-1.4,1.498836
volkan,0.5,369,369-90,0.0,0.0,0.0,0.0,0.0,0.0,1.0,0.065167,-2.16,2.832303
volkan,0.5,369,369-91,0.0,0.0,0.0,0.0,0.0,1.0,0.0,0.979294,2.32,4.058131
volkan,0.5,369,369-92,0.0,0.0,0.0,0.0,0.0,0.0,1.0,0.063893,-2.04,2.832974
volkan,0.5,369,369-93,0.0,0.0,0.0,0.0,0.0,0.875,0.0,0.905457,1.92,2.369658
volkan,0.5,369,369-94,0.0,0.0,0.0,0.0,0.0,1.0,0.0,0.93363,2.0,2.776279
volkan,0.5,369,369-95,0.0,0.016667,0.0,0.016667,0.016667,0.0,0.925,0.169626,-1.84,1.695902
volkan,0.5,369,369-96,0.116667,0.891667,0.016667,0.908333,0.908333,0.0,0.0,0.449266,0.16,0.239557
volkan,0.5,369,369-97,0.0,0.0,0.0,0.0,0.0,0.0,1.0,0.081059,-2.08,2.561114
volkan,0.5,369,369-98,0.008333,0.1,0.0,0.1,0.1,0.0,0.458333,0.299004,-1.32,0.891761
volkan,0.5,369,369-99,0.0,0.0,0.0,0.0,0.0,0.0,1.0,0.036186,-2.24,3.439815
volkan,0.5,369,369-100,0.0,0.0,0.0,0.0,0.0,1.0,0.0,0.969641,2.36,3.671512
volkan,0.5,369,369-101,0.0,0.008333,0.0,0.008333,0.008333,0.0,0.758333,0.245564,-1.28,1.155567
volkan,0.5,369,369-102,0.0,0.25,0.0,0.25,0.25,0.0,0.366667,0.338363,-0.96,0.68457
volkan,0.5,369,369-103,0.0,0.0,0.0,0.0,0.0,0.0,1.0,0.06546,-2.16,2.833349
volkan,0.5,369,369-104,0.0,0.0,0.25,0.25,0.0,0.516667,0.0,0.84655,1.72,1.781874
volkan,0.5,369,369-105,0.791667,0.133333,0.866667,1.0,0.791667,0.0,0.0,0.650738,0.72,0.631609
volkan,0.5,369,369-106,0.0,0.0,0.241667,0.241667,0.0,0.525,0.0,0.852175,1.6,1.828084
volkan,0.5,369,369-107,0.983333,0.491667,0.508333,1.0,0.983333,0.0,0.0,0.602328,0.2,0.417188
volkan,0.5,369,369-108,0.1,0.608333,0.0,0.608333,0.608333,0.0,0.0,0.426496,-0.56,0.32419
volkan,0.5,369,369-109,0.808333,0.958333,0.041667,1.0,1.0,0.0,0.0,0.542752,0.4,0.191268
volkan,0.5,369,369-110,0.0,0.0,0.0,0.0,0.0,1.0,0.0,0.93785,1.96,2.847147
volkan,0.5,369,369-111,0.525,0.0,0.991667,0.991667,0.525,0.0,0.0,0.701193,0.68,0.860296
volkan,0.5,369,369-112,0.0,0.0,0.0,0.0,0.0,0.0,0.958333,0.219022,-1.28,1.301228
volkan,0.5,369,369-113,0.566667,0.025,0.925,0.95,0.566667,0.0,0.0,0.691145,0.88,0.824474
volkan,0.5,369,369-114,0.875,0.291667,0.708333,1.0,0.875,0.0,0.0,0.636857,0.6,0.567729
volkan,0.5,369,369-115,0.0,0.033333,0.0,0.033333,0.033333,0.0,0.466667,0.301518,-1.04,0.859549
volkan,0.5,369,369-116,0.883333,0.533333,0.466667,1.0,0.883333,0.0,0.0,0.610868,0.84,0.460669
volkan,0.5,369,369-117,0.0,0.0,0.0,0.0,0.0,0.0,0.9,0.213251,-1.52,1.366699
volkan,0.5,369,369-118,0.0,0.0,0.3,0.3,0.0,0.508333,0.0,0.840401,1.6,1.737567
volkan,0.5,369,369-119,0.0,0.0,0.325,0.325,0.0,0.516667,0.0,0.842054,1.76,1.765878
volkan,0.5,369,369-120,0.0,0.0,0.0,0.0,0.0,0.0,1.0,0.128988,-1.64,1.987673
volkan,0.5,369,369-121,0.0,0.0,0.0,0.0,0.0,0.0,0.991667,0.129141,-1.92,2.033231
volkan,0.5,369,369-122,0.0,0.0,0.266667,0.266667,0.0,0.508333,0.0,0.854837,1.72,1.872144
volkan,0.5,369,369-123,0.0,0.0,0.0,0.0,0.0,0.858333,0.0,0.903042,1.92,2.33434
volkan,0.5,369,369-124,0.0,0.0,0.0,0.0,0.0,0.0,1.0,0.069441,-1.96,2.76253
volkan,0.5,369,369-125,0.0,0.0,0.191667,0.191667,0.0,0.558333,0.0,0.865085,1.88,1.9696
volkan,0.5,369,369-126,0.025,0.0,0.383333,0.383333,0.025,0.366667,0.0,0.814348,1.56,1.538699
volkan,0.5,369,369-127,0.0,0.0,0.008333,0.008333,0.0,0.783333,0.0,0.892615,1.8,2.215902
volkan,0.5,369,369-128,0.558333,0.0,1.0,1.0,0.558333,0.0,0.0,0.696939,0.84,0.842786
volkan,0.5,369,369-129,0.0,0.0,0.0,0.0,0.0,1.0,0.0,0.949994,2.16,3.105014
volkan,0.5,369,369-130,0.033333,0.0,0.491667,0.491667,0.033333,0.266667,0.0,0.801849,1.36,1.444338
volkan,0.5,369,369-131,0.133333,0.0,0.525,0.525,0.133333,0.2,0.0,0.783724,1.48,1.333551
volkan,0.5,369,369-132,0.266667,0.0,0.725,0.725,0.266667,0.075,0.0,0.750747,1.32,1.136026
volkan,0.5,369,369-133,0.0,0.0,0.0,0.0,0.0,0.0,1.0,0.109633,-1.88,2.219195
volkan,0.5,369,369-134,0.358333,0.116667,0.633333,0.75,0.358333,0.025,0.0,0.727613,1.44,1.027781
volkan,0.5,369,369-135,0.0,0.0,0.0,0.0,0.0,1.0,0.0,0.960968,2.24,3.386381
volkan,0.5,369,369-136,0.0,0.0,0.0,0.0,0.0,0.891667,0.0,0.913722,1.96,2.482589
volkan,0.5,369,369-137,0.0,0.033333,0.0,0.033333,0.033333,0.0,0.658333,0.267055,-1.16,1.042901
volkan,0.5,369,369-138,0.0,0.0,0.133333,0.133333,0.0,0.666667,0.0,0.873516,1.88,2.03114
volkan,0.5,369,369-139,0.333333,0.0,0.658333,0.658333,0.333333,0.116667,0.0,0.750887,1.36,1.144157
volkan,0.5,369,369-140,0.0,0.0,0.0,0.0,0.0,0.0,1.0,0.10762,-1.96,2.226712
volkan,0.5,369,369-141,0.0,0.116667,0.0,0.116667,0.116667,0.0,0.05,0.367513,-0.44,0.545311
volkan,0.5,369,369-142,0.0,0.0,0.0,0.0,0.0,0.0,1.0,0.08398,-2.2,2.558444
volkan,0.5,369,369-143,0.0,0.0,0.291667,0.291667,0.0,0.508333,0.0,0.84727,1.64,1.788658
volkan,0.5,369,369-144,0.608333,0.958333,0.041667,1.0,1.0,0.0,0.0,0.517468,0.52,0.172
volkan,0.5,369,369-145,0.0,0.0,0.0,0.0,0.0,0.0,0.983333,0.163279,-1.84,1.7244
volkan,0.5,369,369-146,0.275,0.0,0.716667,0.716667,0.275,0.108333,0.0,0.747307,1.44,1.120882
volkan,0.5,369,369-147,0.9,0.208333,0.791667,1.0,0.9,0.0,0.0,0.642777,0.52,0.594748
volkan,0.5,369,369-148,0.0,0.033333,0.0,0.033333,0.033333,0.0,0.741667,0.252122,-1.36,1.120411
volkan,0.5,369,369-149,0.0,0.0,0.191667,0.191667,0.0,0.591667,0.0,0.860408,1.72,1.894994
volkan,0.5,369,369-150,0.275,0.0,0.941667,0.941667,0.275,0.0,0.0,0.732492,0.84,1.017744
volkan,0.5,369,369-151,0.1,1.0,0.0,1.0,1.0,0.0,0.0,0.459765,-0.16,0.18918
volkan,0.5,369,369-152,0.825,0.308333,0.691667,1.0,0.825,0.0,0.0,0.635951,0.84,0.565255
volkan,0.5,369,369-153,0.0,0.0,0.091667,0.091667,0.0,0.725,0.0,0.88741,1.92,2.175449
volkan,0.5,369,369-154,0.0,0.0,0.0,0.0,0.0,0.0,1.0,0.058847,-2.04,2.910615
volkan,0.5,369,369-155,0.0,0.0,0.0,0.0,0.0,0.833333,0.0,0.898439,1.96,2.290798
volkan,0.5,369,369-156,0.0,0.0,0.0,0.0,0.0,0.0,0.883333,0.201228,-1.64,1.438086
volkan,0.5,369,369-157,0.0,0.35,0.0,0.35,0.35,0.0,0.133333,0.379198,-0.76,0.500023
volkan,0.5,369,369-158,0.0,0.0,0.308333,0.308333,0.0,0.358333,0.0,0.825816,1.4,1.608395
volkan,0.5,369,369-159,0.033333,0.558333,0.0,0.558333,0.558333,0.0,0.0,0.417108,-0.48,0.342666
volkan,0.5,369,369-160,0.0,0.0,0.0,0.0,0.0,0.916667,0.0,0.914347,2.04,2.512496
volkan,0.5,369,369-161,0.0,0.025,0.0,0.025,0.025,0.0,0.658333,0.267546,-1.04,1.031567
volkan,0.5,369,369-162,0.083333,1.0,0.0,1.0,1.0,0.0,0.0,0.463264,-0.24,0.16299
volkan,0.5,369,369-163,0.0,0.0,0.0,0.0,0.0,0.0,1.0,0.032559,-2.24,3.594754
volkan,0.5,369,369-164,0.0,0.0,0.075,0.075,0.0,0.716667,0.0,0.883356,1.84,2.131792
volkan,0.5,369,369-165,0.0,0.0,0.0,0.0,0.0,0.0,1.0,0.161959,-1.72,1.725173
volkan,0.5,369,369-166,0.0,0.0,0.0,0.0,0.0,1.0,0.0,0.92968,2.12,2.722015
volkan,0.5,369,369-167,0.0,0.0,0.341667,0.341667,0.0,0.258333,0.0,0.813355,1.52,1.514878
volkan,0.5,369,369-168,0.0,0.0,0.0,0.0,0.0,0.783333,0.0,0.900295,1.88,2.319452
volkan,0.5,369,369-169,0.0,0.466667,0.0,0.466667,0.466667,0.0,0.0,0.399094,-0.36,0.411428
volkan,0.5,369,369-170,0.291667,0.0,0.925,0.925,0.291667,0.0,0.0,0.734003,0.84,1.03022
volkan,0.5,369,369-171,0.041667,0.375,0.0,0.375,0.375,0.0,0.166667,0.375007,-0.8,0.530251
volkan,0.5,369,369-172,0.933333,0.608333,0.391667,1.0,0.991667,0.0,0.0,0.578648,0.44,0.324483
volkan,0.5,369,369-173,0.325,0.975,0.025,1.0,1.0,0.0,0.0,0.488168,-0.48,0.167534
volkan,0.5,369,369-174,0.408333,0.083333,0.733333,0.816667,0.408333,0.008333,0.0,0.718134,1.32,0.969893
volkan,0.5,369,369-175,0.016667,0.35,0.0,0.35,0.35,0.0,0.0,0.396768,-0.32,0.420672
volkan,0.5,369,369-176,0.383333,0.0,0.916667,0.916667,0.383333,0.0,0.0,0.718198,1.04,0.954243
volkan,0.5,369,369-177,0.0,0.0,0.15,0.15,0.0,0.625,0.0,0.875197,1.96,2.063256
volkan,0.5,369,369-178,0.0,0.125,0.0,0.125,0.125,0.0,0.4,0.318008,-1.08,0.78525
volkan,0.5,369,369-179,0.0,0.0,0.0,0.0,0.0,0.0,1.0,0.157639,-1.24,1.716163
volkan,0.5,369,369-180,0.666667,0.033333,0.966667,1.0,0.666667,0.0,0.0,0.680466,0.88,0.763743
volkan,0.5,369,369-181,0.675,0.066667,0.933333,1.0,0.675,0.0,0.0,0.669674,0.76,0.715216
volkan,0.5,369,369-182,0.275,0.0,0.766667,0.766667,0.275,0.0,0.0,0.751421,1.12,1.128338
volkan,0.5,369,369-183,0.991667,0.366667,0.633333,1.0,0.991667,0.0,0.0,0.6091,0.44,0.445958
volkan,0.5,369,369-184,0.266667,0.958333,0.033333,0.991667,0.991667,0.0,0.0,0.470476,-0.36,0.207425
volkan,0.5,369,369-185,0.0,0.0,0.0,0.0,0.0,0.0,1.0,0.124185,-1.92,2.077051
volkan,0.5,369,369-186,0.016667,0.158333,0.0,0.158333,0.158333,0.0,0.408333,0.325826,-1.08,0.746644
volkan,0.5,369,369-187,0.183333,0.816667,0.008333,0.825,0.825,0.0,0.0,0.455347,-0.48,0.218223
volkan,0.5,369,369-188,0.0,0.016667,0.0,0.016667,0.016667,0.0,0.625,0.25391,-1.24,1.121758
volkan,0.5,369,369-189,0.958333,0.508333,0.491667,1.0,0.958333,0.0,0.0,0.611879,0.52,0.462466
volkan,0.5,369,369-190,0.266667,0.0,0.716667,0.716667,0.266667,0.075,0.0,0.75139,1.44,1.143686
volkan,0.5,369,369-191,0.75,0.258333,0.733333,0.991667,0.75,0.0,0.0,0.647924,0.88,0.621239
volkan,0.5,369,369-192,0.041667,0.741667,0.0,0.741667,0.741667,0.0,0.0,0.422829,-0.36,0.322156
volkan,0.5,369,369-193,0.991667,0.966667,0.033333,1.0,1.0,0.0,0.0,0.547816,0.04,0.192835
volkan,0.5,369,369-194,0.325,0.0,0.733333,0.733333,0.325,0.033333,0.0,0.744996,1.24,1.105597
volkan,0.5,369,369-195,0.0,0.0,0.0,0.0,0.0,0.0,1.0,0.027041,-2.36,3.815763
volkan,0.5,369,369-196,0.033333,0.925,0.0,0.925,0.925,0.0,0.0,0.432416,0.0,0.276469
volkan,0.5,369,369-197,0.0,0.0,0.0,0.0,0.0,0.0,1.0,0.082303,-2.24,2.576209
volkan,0.5,369,369-198,0.408333,0.0,0.858333,0.858333,0.408333,0.008333,0.0,0.728788,1.04,1.012291
volkan,0.5,369,369-199,0.0,0.0,0.0,0.0,0.0,0.0,1.0,0.069271,-1.92,2.734205
volkan,0.5,1024,1024-0,0.033333,0.766667,0.0,0.766667,0.766667,0.0,0.0,0.422377,-0.28,0.317296
volkan,0.5,1024,1024-1,0.516667,0.991667,0.008333,1.0,1.0,0.0,0.0,0.504965,-0.04,0.082555
volkan,0.5,1024,1024-2,0.0,0.0,0.0,0.0,0.0,1.0,0.0,0.96808,2.32,3.60927
volkan,0.5,1024,1024-3,0.991667,0.416667,0.583333,1.0,0.991667,0.0,0.0,0.610715,0.68,0.453566
volkan,0.5,1024,1024-4,0.0,0.0,0.0,0.0,0.0,0.908333,0.0,0.914809,1.92,2.495183
volkan,0.5,1024,1024-5,0.508333,0.0,0.95,0.95,0.508333,0.008333,0.0,0.711474,0.6,0.917664
volkan,0.5,1024,1024-6,0.3,0.991667,0.008333,1.0,1.0,0.0,0.0,0.480968,-0.28,0.143776
volkan,0.5,1024,1024-7,0.0,0.016667,0.0,0.016667,0.016667,0.0,0.391667,0.31239,-0.84,0.798268
volkan,0.5,1024,1024-8,0.041667,1.0,0.0,1.0,1.0,0.0,0.0,0.457823,0.0,0.177023
volkan,0.5,1024,1024-9,0.216667,0.0,0.808333,0.808333,0.216667,0.0,0.0,0.747122,1.12,1.104417
volkan,0.5,1024,1024-10,0.0,0.0,0.0,0.0,0.0,0.0,1.0,0.136656,-1.64,1.936777
volkan,0.5,1024,1024-11,0.033333,0.908333,0.0,0.908333,0.908333,0.0,0.0,0.438201,-0.2,0.26183
volkan,0.5,1024,1024-12,0.0,0.0,0.0,0.0,0.0,0.95,0.0,0.929073,2.2,2.730618
volkan,0.5,1024,1024-13,0.0,0.0,0.45,0.45,0.0,0.225,0.0,0.803711,1.24,1.445235
volkan,0.5,1024,1024-14,0.933333,0.258333,0.741667,1.0,0.933333,0.0,0.0,0.633891,0.56,0.553911
volkan,0.5,1024,1024-15,0.041667,0.875,0.0,0.875,0.875,0.0,0.0,0.436985,-0.08,0.268591
volkan,0.5,1024,1024-16,0.0,0.008333,0.0,0.008333,0.008333,0.0,0.675,0.249253,-1.04,1.136121
volkan,0.5,1024,1024-17,0.0,0.0,0.0,0.0,0.0,1.0,0.0,0.95231,2.08,3.141315
volkan,0.5,1024,1024-18,0.208333,0.0,0.683333,0.683333,0.208333,0.116667,0.0,0.763604,1.28,1.208929
volkan,0.5,1024,1024-19,0.0,0.008333,0.0,0.008333,0.008333,0.0,0.925,0.195951,-1.64,1.485188
volkan,0.5,1024,1024-20,0.0,0.0,0.0,0.0,0.0,0.0,0.808333,0.249229,-1.12,1.130161
volkan,0.5,1024,1024-21,0.008333,0.191667,0.0,0.191667,0.191667,0.0,0.391667,0.325369,-1.12,0.751834
volkan,0.5,1024,1024-22,0.016667,0.6,0.0,0.6,0.6,0.0,0.025,0.402884,-0.56,0.40423
volkan,0.5,1024,1024-23,0.166667,0.0,0.641667,0.641667,0.166667,0.15,0.0,0.766843,1.28,1.225971
volkan,0.5,1024,1024-24,0.0,0.0,0.066667,0.066667,0.0,0.725,0.0,0.889202,1.96,2.200411
volkan,0.5,1024,1024-25,0.483333,0.966667,0.033333,1.0,1.0,0.0,0.0,0.506272,0.08,0.123294
volkan,0.5,1024,1024-26,0.0,0.0,0.183333,0.183333,0.0,0.608333,0.0,0.86961,1.84,1.99975
volkan,0.5,1024,1024-27,0.0,0.0,0.0,0.0,0.0,0.0,0.975,0.151336,-1.84,1.822991
volkan,0.5,1024,1024-28,0.216667,0.0,0.608333,0.608333,0.216667,0.233333,0.0,0.775479,1.6,1.299008
volkan,0.5,1024,1024-29,0.066667,0.0,0.425,0.425,0.066667,0.291667,0.0,0.804705,1.64,1.478897
volkan,0.5,1024,1024-30,0.0,0.0,0.05,0.05,0.0,0.775,0.0,0.893478,1.92,2.241799
volkan,0.5,1024,1024-31,0.0,0.0,0.241667,0.241667,0.0,0.541667,0.0,0.850488,1.56,1.808539
volkan,0.5,1024,1024-32,0.0,0.0,0.166667,0.166667,0.0,0.6,0.0,0.862907,1.92,1.93648
volkan,0.5,1024,1024-33,0.0,0.0,0.0,0.0,0.0,0.0,1.0,0.07008,-2.16,2.727786
volkan,0.5,1024,1024-34,0.016667,0.308333,0.0,0.308333,0.308333,0.0,0.0,0.378656,-0.44,0.50253
volkan,0.5,1024,1024-35,0.0,0.0,0.0,0.0,0.0,0.0,1.0,0.100993,-2.04,2.312125
volkan,0.5,1024,1024-36,0.125,0.991667,0.008333,1.0,1.0,0.0,0.0,0.4705,-0.08,0.156717
volkan,0.5,1024,1024-37,0.0,0.0,0.0,0.0,0.0,0.0,1.0,0.068711,-2.32,2.80747
volkan,0.5,1024,1024-38,0.0,0.0,0.316667,0.316667,0.0,0.466667,0.0,0.837799,1.6,1.706057
volkan,0.5,1024,1024-39,0.016667,0.3,0.0,0.3,0.3,0.0,0.075,0.378809,-0.8,0.501623
volkan,0.5,1024,1024-40,0.0,0.0,0.2,0.2,0.0,0.583333,0.0,0.861972,1.92,1.937626
volkan,0.5,1024,1024-41,0.0,0.216667,0.0,0.216667,0.216667,0.0,0.15,0.361019,-0.56,0.578728
volkan,0.5,1024,1024-42,1.0,0.916667,0.083333,1.0,1.0,0.0,0.0,0.554892,0.28,0.221659
volkan,0.5,1024,1024-43,0.0,0.0,0.358333,0.358333,0.0,0.408333,0.0,0.827764,1.56,1.632455
volkan,0.5,1024,1024-44,0.0,0.0,0.0,0.0,0.0,0.0,0.858333,0.185976,-1.84,1.568522
volkan,0.5,1024,1024-45,0.0,0.0,0.0,0.0,0.0,0.0,1.0,0.080592,-1.88,2.556483
volkan,0.5,1024,1024-46,0.0,0.0,0.0,0.0,0.0,1.0,0.0,0.968544,2.28,3.621204
volkan,0.5,1024,1024-47,0.0,0.0,0.0,0.0,0.0,0.0,1.0,0.103051,-1.96,2.291838
volkan,0.5,1024,1024-48,0.666667,0.0,0.991667,0.991667,0.666667,0.0,0.0,0.684981,0.6,0.78434
volkan,0.5,1024,1024-49,0.0,0.0,0.25,0.25,0.0,0.541667,0.0,0.852888,1.76,1.845527
volkan,0.5,1024,1024-50,0.325,0.0,0.708333,0.708333,0.325,0.033333,0.0,0.751163,1.2,1.134343
volkan,0.5,1024,1024-51,0.0,0.0,0.0,0.0,0.0,0.0,1.0,0.082635,-2.2,2.57505
volkan,0.5,1024,1024-52,0.066667,0.0,0.575,0.575,0.066667,0.258333,0.0,0.790414,1.32,1.372965
volkan,0.5,1024,1024-53,0.516667,0.0,1.0,1.0,0.516667,0.0,0.0,0.700287,0.8,0.860001
volkan,0.5,1024,1024-54,0.008333,0.0,0.516667,0.516667,0.008333,0.241667,0.0,0.798175,1.32,1.413871
volkan,0.5,1024,1024-55,0.0,0.0,0.0,0.0,0.0,0.0,1.0,0.057155,-2.2,2.997366
volkan,0.5,1024,1024-56,0.983333,0.741667,0.258333,1.0,1.0,0.0,0.0,0.566391,0.4,0.270115
volkan,0.5,1024,1024-57,0.0,0.025,0.0,0.025,0.025,0.0,0.691667,0.269476,-1.12,1.021692
volkan,0.5,1024,1024-58,0.0,0.0,0.0,0.0,0.0,0.0,0.991667,0.133467,-1.8,1.964682
volkan,0.5,1024,1024-59,0.75,0.958333,0.041667,1.0,1.0,0.0,0.0,0.519964,0.04,0.098475
volkan,0.5,1024,1024-60,0.0,0.0,0.0,0.0,0.0,0.0,1.0,0.104334,-2.12,2.310225
volkan,0.5,1024,1024-61,0.416667,0.916667,0.016667,0.933333,0.933333,0.0,0.0,0.483317,-0.56,0.173418
volkan,0.5,1024,1024-62,0.0,0.016667,0.0,0.016667,0.016667,0.0,0.858333,0.235757,-1.28,1.208659
volkan,0.5,1024,1024-63,0.033333,0.458333,0.0,0.458333,0.458333,0.0,0.0,0.406671,-0.64,0.386023
volkan,0.5,1024,1024-64,0.541667,0.958333,0.041667,1.0,1.0,0.0,0.0,0.505816,0.32,0.113075
volkan,0.5,1024,1024-65,0.0,0.0,0.0,0.0,0.0,0.0,1.0,0.066656,-2.24,2.792135
volkan,0.5,1024,1024-66,0.866667,0.958333,0.041667,1.0,1.0,0.0,0.0,0.53773,0.24,0.15813
volkan,0.5,1024,1024-67,0.175,0.0,0.583333,0.583333,0.175,0.183333,0.0,0.778227,1.52,1.303279
volkan,0.5,1024,1024-68,0.0,0.016667,0.0,0.016667,0.016667,0.0,0.533333,0.289032,-1.16,0.921932
volkan,0.5,1024,1024-69,0.958333,0.958333,0.041667,1.0,1.0,0.0,0.0,0.549003,0.28,0.198589
volkan,0.5,1024,1024-70,0.866667,0.333333,0.666667,1.0,0.866667,0.0,0.0,0.632565,0.56,0.549562
volkan,0.5,1024,1024-71,0.55,0.091667,0.8,0.891667,0.55,0.0,0.0,0.691717,1.16,0.833645
volkan,0.5,1024,1024-72,0.008333,0.05,0.0,0.05,0.05,0.0,0.408333,0.313608,-0.8,0.801473
volkan,0.5,1024,1024-73,0.7,0.966667,0.033333,1.0,1.0,0.0,0.0,0.517256,-0.04,0.108067
volkan,0.5,1024,1024-74,0.0,0.391667,0.0,0.391667,0.391667,0.0,0.0,0.387417,-0.44,0.461971
volkan,0.5,1024,1024-75,0.666667,0.133333,0.866667,1.0,0.666667,0.0,0.0,0.668468,0.92,0.712917
volkan,0.5,1024,1024-76,0.0,0.0,0.0,0.0,0.0,1.0,0.0,0.956997,2.2,3.277867
volkan,0.5,1024,1024-77,0.0,0.0,0.175,0.175,0.0,0.683333,0.0,0.872529,1.8,2.018673
volkan,0.5,1024,1024-78,0.25,0.0,0.825,0.825,0.25,0.016667,0.0,0.745495,1.16,1.096448
volkan,0.5,1024,1024-79,0.341667,0.0,0.741667,0.741667,0.341667,0.058333,0.0,0.741422,1.28,1.085656
volkan,0.5,1024,1024-80,0.966667,0.633333,0.366667,1.0,0.991667,0.0,0.0,0.575412,0.44,0.307696
volkan,0.5,1024,1024-81,0.458333,0.066667,0.933333,1.0,0.458333,0.0,0.0,0.688943,0.68,0.805155
volkan,0.5,1024,1024-82,0.225,0.0,0.65,0.65,0.225,0.141667,0.0,0.76676,1.4,1.232391
volkan,0.5,1024,1024-83,0.383333,0.025,0.825,0.85,0.383333,0.0,0.0,0.722451,1.24,0.985647
volkan,0.5,1024,1024-84,0.0,0.0,0.0,0.0,0.0,1.0,0.0,0.955516,2.24,3.254089
volkan,0.5,1024,1024-85,0.0,0.183333,0.0,0.183333,0.183333,0.0,0.241667,0.353389,-0.8,0.61509
volkan,0.5,1024,1024-86,0.05,0.0,0.416667,0.416667,0.05,0.35,0.0,0.811691,1.72,1.524587
volkan,0.5,1024,1024-87,0.0,0.108333,0.0,0.108333,0.108333,0.0,0.066667,0.361409,-0.36,0.573087
volkan,0.5,1024,1024-88,0.0,0.0,0.45,0.45,0.0,0.383333,0.0,0.818945,1.48,1.564269
volkan,0.5,1024,1024-89,0.1,0.991667,0.0,0.991667,0.991667,0.0,0.0,0.458659,-0.04,0.189443
volkan,0.5,1024,1024-90,0.0,0.0,0.0,0.0,0.0,0.0,0.991667,0.128644,-2.0,2.033849
volkan,0.5,1024,1024-91,0.166667,0.0,0.575,0.575,0.166667,0.25,0.0,0.785379,1.48,1.348517
volkan,0.5,1024,1024-92,1.0,0.925,0.075,1.0,1.0,0.0,0.0,0.557385,0.24,0.231272
volkan,0.5,1024,1024-93,0.0,0.0,0.0,0.0,0.0,0.0,1.0,0.083606,-1.92,2.508693
volkan,0.5,1024,1024-94,0.941667,0.566667,0.433333,1.0,0.941667,0.0,0.0,0.59951,0.68,0.409257
volkan,0.5,1024,1024-95,0.758333,0.033333,0.966667,1.0,0.758333,0.0,0.0,0.672932,0.68,0.726971
volkan,0.5,1024,1024-96,0.333333,0.0,0.691667,0.691667,0.333333,0.066667,0.0,0.743989,1.4,1.110456
volkan,0.5,1024,1024-97,0.583333,0.1,0.866667,0.966667,0.583333,0.0,0.0,0.689176,1.04,0.817042
volkan,0.5,1024,1024-98,0.0,0.0,0.0,0.0,0.0,0.0,1.0,0.137197,-1.8,1.912816
volkan,0.5,1024,1024-99,0.0,0.0,0.25,0.25,0.0,0.575,0.0,0.853573,1.84,1.859014
volkan,0.5,1024,1024-100,0.991667,0.883333,0.116667,1.0,0.991667,0.0,0.0,0.566199,0.24,0.267779
volkan,0.5,1024,1024-101,0.0,0.166667,0.0,0.166667,0.166667,0.0,0.391667,0.329869,-1.04,0.722386
volkan,0.5,1024,1024-102,0.083333,1.0,0.0,1.0,1.0,0.0,0.0,0.453438,-0.12,0.210555
volkan,0.5,1024,1024-103,0.975,0.966667,0.033333,1.0,1.0,0.0,0.0,0.541893,-0.2,0.169564
volkan,0.5,1024,1024-104,0.033333,0.575,0.0,0.575,0.575,0.0,0.0,0.409522,-0.56,0.377794
volkan,0.5,1024,1024-105,0.0,0.0,0.091667,0.091667,0.0,0.675,0.0,0.882721,2.0,2.139034
volkan,0.5,1024,1024-106,0.608333,0.033333,0.966667,1.0,0.608333,0.0,0.0,0.68312,0.96,0.777716
volkan,0.5,1024,1024-107,0.0,0.0,0.0,0.0,0.0,0.0,0.733333,0.262558,-1.0,1.051403
volkan,0.5,1024,1024-108,0.841667,0.075,0.925,1.0,0.841667,0.0,0.0,0.656111,0.56,0.650865
volkan,0.5,1024,1024-109,0.0,0.008333,0.0,0.008333,0.008333,0.0,0.8,0.244625,-1.2,1.157996
volkan,0.5,1024,1024-110,0.25,0.983333,0.0,0.983333,0.983333,0.0,0.0,0.483146,-0.32,0.114464
volkan,0.5,1024,1024-111,0.858333,0.833333,0.166667,1.0,0.991667,0.0,0.0,0.550659,0.36,0.21428
volkan,0.5,1024,1024-112,0.0,0.525,0.0,0.525,0.525,0.0,0.0,0.398218,-0.56,0.415565
volkan,0.5,1024,1024-113,0.291667,0.041667,0.941667,0.983333,0.291667,0.0,0.0,0.715961,1.08,0.940719
volkan,0.5,1024,1024-114,0.258333,0.0,0.783333,0.783333,0.258333,0.008333,0.0,0.746316,0.96,1.098273
volkan,0.5,1024,1024-115,0.966667,0.008333,0.991667,1.0,0.966667,0.0,0.0,0.652067,0.4,0.630836
volkan,0.5,1024,1024-116,0.0,0.0,0.05,0.05,0.0,0.8,0.0,0.894134,2.0,2.25652
volkan,0.5,1024,1024-117,0.0,0.0,0.0,0.0,0.0,0.925,0.0,0.919304,2.0,2.569738
volkan,0.5,1024,1024-118,0.041667,0.0,0.5,0.5,0.041667,0.208333,0.0,0.796084,1.36,1.401542
volkan,0.5,1024,1024-119,0.0,0.0,0.0,0.0,0.0,0.0,1.0,0.131431,-1.64,1.990429
volkan,0.5,1024,1024-120,0.508333,0.05,0.85,0.9,0.508333,0.0,0.0,0.704956,1.24,0.894778
volkan,0.5,1024,1024-121,0.0,0.0,0.0,0.0,0.0,0.0,1.0,0.055387,-2.04,2.997971
volkan,0.5,1024,1024-122,0.991667,0.858333,0.141667,1.0,0.991667,0.0,0.0,0.565231,-0.08,0.263765
volkan,0.5,1024,1024-123,0.15,0.0,0.65,0.65,0.15,0.183333,0.0,0.77444,1.36,1.273306
volkan,0.5,1024,1024-124,0.0,0.0,0.0,0.0,0.0,0.0,0.816667,0.215861,-1.6,1.367752
volkan,0.5,1024,1024-125,0.0,0.0,0.0,0.0,0.0,0.0,1.0,0.108193,-1.96,2.224591
volkan,0.5,1024,1024-126,0.0,0.008333,0.0,0.008333,0.008333,0.0,0.816667,0.219724,-1.76,1.334873
volkan,0.5,1024,1024-127,0.058333,0.708333,0.0,0.708333,0.708333,0.0,0.0,0.430404,-0.48,0.30649
volkan,0.5,1024,1024-128,0.0,0.0,0.041667,0.041667,0.0,0.8,0.0,0.902616,2.2,2.371137
volkan,0.5,1024,1024-129,0.0,0.008333,0.0,0.008333,0.008333,0.0,0.725,0.255123,-1.36,1.106704
volkan,0.5,1024,1024-130,0.0,0.0,0.066667,0.066667,0.0,0.75,0.0,0.890903,1.96,2.229211
volkan,0.5,1024,1024-131,0.65,0.166667,0.825,0.991667,0.65,0.0,0.0,0.662804,1.08,0.692073
volkan,0.5,1024,1024-132,0.433333,0.0,0.866667,0.866667,0.433333,0.0,0.0,0.720836,1.08,0.966671
volkan,0.5,1024,1024-133,0.0,0.0,0.0,0.0,0.0,1.0,0.0,0.944197,2.08,2.978443
volkan,0.5,1024,1024-134,0.016667,0.883333,0.0,0.883333,0.883333,0.0,0.0,0.428837,-0.08,0.293237
volkan,0.5,1024,1024-135,0.025,0.625,0.0,0.625,0.625,0.0,0.0,0.416922,-0.4,0.338526
volkan,0.5,1024,1024-136,0.0,0.0,0.0,0.0,0.0,0.866667,0.0,0.908598,1.92,2.411394
volkan,0.5,1024,1024-137,0.0,0.016667,0.0,0.016667,0.016667,0.0,0.75,0.231483,-1.52,1.255268
volkan,0.5,1024,1024-138,0.0,0.0,0.0,0.0,0.0,1.0,0.0,0.957737,2.2,3.299342
volkan,0.5,1024,1024-139,0.166667,0.0,0.591667,0.591667,0.166667,0.183333,0.0,0.771697,1.4,1.26051
volkan,0.5,1024,1024-140,0.158333,0.0,0.591667,0.591667,0.158333,0.075,0.0,0.772469,1.36,1.256746
volkan,0.5,1024,1024-141,0.125,0.0,0.566667,0.566667,0.125,0.208333,0.0,0.789048,1.4,1.35814
volkan,0.5,1024,1024-142,0.0,0.0,0.4,0.4,0.0,0.366667,0.0,0.814992,1.36,1.527298
volkan,0.5,1024,1024-143,0.0,0.008333,0.0,0.008333,0.008333,0.0,0.966667,0.185758,-1.56,1.527303
volkan,0.5,1024,1024-144,0.0,0.0,0.0,0.0,0.0,0.0,1.0,0.123829,-1.96,2.083153
volkan,0.5,1024,1024-145,0.041667,0.758333,0.0,0.758333,0.758333,0.0,0.0,0.423605,-0.52,0.321104
volkan,0.5,1024,1024-146,0.0,0.0,0.191667,0.191667,0.0,0.558333,0.0,0.853699,1.6,1.834091
volkan,0.5,1024,1024-147,0.025,0.316667,0.0,0.316667,0.316667,0.0,0.158333,0.37047,-0.92,0.550011
volkan,0.5,1024,1024-148,0.108333,0.925,0.0,0.925,0.925,0.0,0.0,0.457616,-0.32,0.190175
volkan,0.5,1024,1024-149,0.0,0.0,0.0,0.0,0.0,0.0,1.0,0.099803,-2.0,2.328943
volkan,0.5,1024,1024-150,0.641667,0.2,0.8,1.0,0.641667,0.0,0.0,0.656779,0.8,0.659613
volkan,0.5,1024,1024-151,0.0,0.0,0.0,0.0,0.0,0.0,0.925,0.21268,-1.24,1.347283
volkan,0.5,1024,1024-152,0.416667,0.0,0.958333,0.958333,0.416667,0.0,0.0,0.713872,0.96,0.929792
volkan,0.5,1024,1024-153,0.0,0.0,0.0,0.0,0.0,0.0,1.0,0.083297,-2.08,2.54425
volkan,0.5,1024,1024-154,0.0,0.0,0.483333,0.483333,0.0,0.133333,0.0,0.801058,0.92,1.409756
volkan,0.5,1024,1024-155,0.083333,0.0,0.575,0.575,0.083333,0.258333,0.0,0.788636,1.4,1.36138
volkan,0.5,1024,1024-156,0.0,0.0,0.0,0.0,0.0,0.0,0.975,0.179355,-1.8,1.607511
volkan,0.5,1024,1024-157,0.0,0.0,0.0,0.0,0.0,0.0,1.0,0.166747,-1.64,1.676014
volkan,0.5,1024,1024-158,0.775,0.966667,0.033333,1.0,1.0,0.0,0.0,0.524333,0.32,0.141081
volkan,0.5,1024,1024-159,0.0,0.0,0.0,0.0,0.0,0.0,1.0,0.090965,-2.08,2.446049
volkan,0.5,1024,1024-160,0.0,0.008333,0.0,0.008333,0.008333,0.0,0.7,0.254341,-1.28,1.111184
volkan,0.5,1024,1024-161,0.0,0.0,0.0,0.0,0.0,0.0,1.0,0.063552,-2.2,2.850062
volkan,0.5,1024,1024-162,0.0,0.066667,0.0,0.066667,0.066667,0.0,0.1,0.350019,-0.6,0.623056
volkan,0.5,1024,1024-163,0.225,0.0,0.583333,0.583333,0.225,0.241667,0.0,0.777191,1.52,1.301246
volkan,0.5,1024,1024-164,0.0,0.0,0.0,0.0,0.0,0.0,1.0,0.090181,-2.0,2.447522
volkan,0.5,1024,1024-165,0.316667,0.0,0.75,0.75,0.316667,0.025,0.0,0.740389,1.32,1.079823
volkan,0.5,1024,1024-166,0.066667,0.991667,0.0,0.991667,0.991667,0.0,0.0,0.452965,-0.04,0.212631
volkan,0.5,1024,1024-167,0.041667,0.516667,0.0,0.516667,0.516667,0.0,0.0,0.403219,-0.4,0.408082
volkan,0.5,1024,1024-168,0.525,0.133333,0.858333,0.991667,0.525,0.0,0.0,0.683238,0.88,0.783578
volkan,0.5,1024,1024-169,0.008333,0.0,0.541667,0.541667,0.008333,0.275,0.0,0.795278,1.44,1.404368
volkan,0.5,1024,1024-170,0.0,0.0,0.0,0.0,0.0,0.0,1.0,0.065227,-2.04,2.800321
volkan,0.5,1024,1024-171,0.0,0.0,0.0,0.0,0.0,0.0,1.0,0.049948,-2.2,3.13537
volkan,0.5,1024,1024-172,0.041667,0.4,0.0,0.4,0.4,0.0,0.1,0.387215,-0.84,0.47787
volkan,0.5,1024,1024-173,0.008333,0.058333,0.0,0.058333,0.058333,0.0,0.508333,0.298568,-1.12,0.877381
volkan,0.5,1024,1024-174,0.0,0.0,0.0,0.0,0.0,0.0,1.0,0.106057,-1.96,2.249052
volkan,0.5,1024,1024-175,0.008333,0.233333,0.0,0.233333,0.233333,0.0,0.075,0.366324,-0.72,0.554284
volkan,0.5,1024,1024-176,0.475,0.116667,0.883333,1.0,0.475,0.0,0.0,0.689914,1.04,0.817485
volkan,0.5,1024,1024-177,0.941667,0.85,0.15,1.0,1.0,0.0,0.0,0.566914,0.44,0.276495
volkan,0.5,1024,1024-178,1.0,0.666667,0.333333,1.0,1.0,0.0,0.0,0.591923,0.2,0.372744
volkan,0.5,1024,1024-179,0.025,0.625,0.0,0.625,0.625,0.0,0.0,0.413102,-0.52,0.355272
volkan,0.5,1024,1024-180,0.0,0.025,0.0,0.025,0.025,0.0,0.625,0.269153,-1.2,1.032388
volkan,0.5,1024,1024-181,0.0,0.0,0.0,0.0,0.0,0.0,0.975,0.183326,-1.36,1.539348
volkan,0.5,1024,1024-182,0.0,0.041667,0.0,0.041667,0.041667,0.0,0.4,0.301777,-1.04,0.86039
volkan,0.5,1024,1024-183,1.0,0.841667,0.158333,1.0,1.0,0.0,0.0,0.567637,0.08,0.274192
volkan,0.5,1024,1024-184,0.708333,0.183333,0.816667,1.0,0.708333,0.0,0.0,0.655149,0.68,0.65119
volkan,0.5,1024,1024-185,0.066667,0.616667,0.0,0.616667,0.616667,0.0,0.0,0.425114,-0.52,0.31051
volkan,0.5,1024,1024-186,0.0,0.0,0.0,0.0,0.0,0.0,0.916667,0.186207,-1.64,1.562605
volkan,0.5,1024,1024-187,0.0,0.0,0.0,0.0,0.0,0.933333,0.0,0.91724,1.84,2.508919
volkan,0.5,1024,1024-188,0.116667,1.0,0.0,1.0,1.0,0.0,0.0,0.46491,-0.24,0.166288
volkan,0.5,1024,1024-189,0.0,0.008333,0.0,0.008333,0.008333,0.0,0.933333,0.199079,-1.6,1.456237
volkan,0.5,1024,1024-190,0.083333,0.0,0.741667,0.741667,0.083333,0.0,0.0,0.764816,0.96,1.20006
volkan,0.5,1024,1024-191,0.0,0.0,0.0,0.0,0.0,0.0,0.6,0.270087,-0.88,1.015033
volkan,0.5,1024,1024-192,0.0,0.066667,0.0,0.066667,0.066667,0.0,0.55,0.290205,-1.0,0.91784
volkan,0.5,1024,1024-193,0.0,0.0,0.0,0.0,0.0,0.825,0.0,0.90367,2.12,2.37596
volkan,0.5,1024,1024-194,0.0,0.0,0.0,0.0,0.0,0.0,0.816667,0.247514,-1.12,1.14075
volkan,0.5,1024,1024-195,0.0,0.016667,0.0,0.016667,0.016667,0.0,0.916667,0.22451,-1.08,1.27679
volkan,0.5,1024,1024-196,0.0,0.0,0.45,0.45,0.0,0.341667,0.0,0.815757,1.52,1.546744
volkan,0.5,1024,1024-197,0.0,0.0,0.0,0.0,0.0,0.0,0.925,0.195765,-1.44,1.479001
volkan,0.5,1024,1024-198,0.066667,0.816667,0.0,0.816667,0.816667,0.0,0.0,0.435352,-0.28,0.27443
volkan,0.5,1024,1024-199,0.991667,0.95,0.05,1.0,1.0,0.0,0.0,0.545716,0.16,0.18479
volkan,0.5,2026,2026-0,0.0,0.016667,0.0,0.016667,0.016667,0.0,0.425,0.297631,-0.84,0.869751
volkan,0.5,2026,2026-1,0.891667,0.133333,0.866667,1.0,0.891667,0.0,0.0,0.643113,0.64,0.593703
volkan,0.5,2026,2026-2,0.0,0.0,0.0,0.0,0.0,0.0,1.0,0.0917,-1.88,2.414477
volkan,0.5,2026,2026-3,0.0,0.0,0.0,0.0,0.0,0.891667,0.0,0.914068,2.08,2.493781
volkan,0.5,2026,2026-4,0.083333,0.0,0.366667,0.366667,0.083333,0.425,0.0,0.817655,1.84,1.585473
volkan,0.5,2026,2026-5,0.05,0.733333,0.0,0.733333,0.733333,0.0,0.0,0.425876,-0.48,0.31051
volkan,0.5,2026,2026-6,0.291667,0.983333,0.016667,1.0,1.0,0.0,0.0,0.488348,0.12,0.115288
volkan,0.5,2026,2026-7,0.583333,0.008333,0.991667,1.0,0.583333,0.0,0.0,0.686565,0.68,0.793495
volkan,0.5,2026,2026-8,0.625,0.908333,0.091667,1.0,1.0,0.0,0.0,0.523293,0.52,0.170571
volkan,0.5,2026,2026-9,0.766667,0.85,0.15,1.0,1.0,0.0,0.0,0.547424,0.48,0.227644
volkan,0.5,2026,2026-10,0.008333,0.0,0.583333,0.583333,0.008333,0.25,0.0,0.795356,1.4,1.399644
volkan,0.5,2026,2026-11,0.3,0.0,0.75,0.75,0.3,0.025,0.0,0.748346,1.12,1.119461
volkan,0.5,2026,2026-12,0.991667,0.75,0.25,1.0,0.991667,0.0,0.0,0.584209,0.52,0.341832
volkan,0.5,2026,2026-13,0.741667,0.95,0.05,1.0,1.0,0.0,0.0,0.526952,0.16,0.128982
volkan,0.5,2026,2026-14,0.608333,0.133333,0.858333,0.991667,0.608333,0.0,0.0,0.673265,0.8,0.736208
volkan,0.5,2026,2026-15,0.008333,0.083333,0.0,0.083333,0.083333,0.0,0.2,0.340977,-0.6,0.66681
volkan,0.5,2026,2026-16,0.033333,0.433333,0.0,0.433333,0.433333,0.0,0.066667,0.386571,-0.72,0.477092
volkan,0.5,2026,2026-17,0.391667,0.0,0.683333,0.683333,0.391667,0.133333,0.0,0.751629,1.36,1.151821
volkan,0.5,2026,2026-18,0.875,0.941667,0.058333,1.0,1.0,0.0,0.0,0.536126,-0.08,0.1627
volkan,0.5,2026,2026-19,0.0,0.0,0.0,0.0,0.0,0.0,1.0,0.149231,-1.24,1.788087
volkan,0.5,2026,2026-20,0.016667,0.308333,0.0,0.308333,0.308333,0.0,0.0,0.38675,-0.32,0.468083
volkan,0.5,2026,2026-21,0.091667,0.0,0.491667,0.491667,0.091667,0.283333,0.0,0.801556,1.48,1.447672
volkan,0.5,2026,2026-22,0.658333,0.975,0.025,1.0,1.0,0.0,0.0,0.516644,0.16,0.096999
volkan,0.5,2026,2026-23,0.958333,0.625,0.375,1.0,0.991667,0.0,0.0,0.582984,0.8,0.340128
volkan,0.5,2026,2026-24,0.141667,0.0,0.716667,0.716667,0.141667,0.083333,0.0,0.765296,1.16,1.209361
volkan,0.5,2026,2026-25,0.0,0.0,0.0,0.0,0.0,1.0,0.0,0.944993,2.24,3.017552
volkan,0.5,2026,2026-26,0.0,0.008333,0.0,0.008333,0.008333,0.0,0.583333,0.272779,-1.28,1.015665
volkan,0.5,2026,2026-27,0.0,0.0,0.0,0.0,0.0,0.825,0.0,0.900327,1.96,2.322773
volkan,0.5,2026,2026-28,0.0,0.0,0.0,0.0,0.0,0.0,0.983333,0.163771,-1.64,1.703197
volkan,0.5,2026,2026-29,0.691667,0.166667,0.833333,1.0,0.691667,0.0,0.0,0.660054,0.88,0.674694
volkan,0.5,2026,2026-30,0.0,0.0,0.0,0.0,0.0,0.0,0.991667,0.175847,-1.6,1.608531
volkan,0.5,2026,2026-31,0.0,0.0,0.0,0.0,0.0,0.816667,0.0,0.891884,1.6,2.185963
volkan,0.5,2026,2026-32,0.0,0.0,0.241667,0.241667,0.0,0.516667,0.0,0.841356,1.72,1.746401
volkan,0.5,2026,2026-33,0.0,0.0,0.116667,0.116667,0.0,0.6,0.0,0.870212,1.8,1.997995
volkan,0.5,2026,2026-34,0.0,0.008333,0.0,0.008333,0.008333,0.0,0.833333,0.21285,-1.68,1.386604
volkan,0.5,2026,2026-35,0.05,0.0,0.5,0.5,0.05,0.333333,0.0,0.808773,1.6,1.502331
volkan,0.5,2026,2026-36,0.008333,0.141667,0.0,0.141667,0.141667,0.0,0.175,0.346589,-0.56,0.640579
volkan,0.5,2026,2026-37,0.033333,0.266667,0.0,0.266667,0.266667,0.0,0.058333,0.371472,-0.44,0.541004
volkan,0.5,2026,2026-38,0.25,0.0,0.583333,0.583333,0.25,0.275,0.0,0.775595,1.6,1.305567
volkan,0.5,2026,2026-39,0.0,0.0,0.341667,0.341667,0.0,0.425,0.0,0.832876,1.6,1.67032
volkan,0.5,2026,2026-40,0.766667,0.066667,0.933333,1.0,0.766667,0.0,0.0,0.665077,0.8,0.694371
volkan,0.5,2026,2026-41,0.0,0.041667,0.0,0.041667,0.041667,0.0,0.566667,0.30382,-0.96,0.839352
volkan,0.5,2026,2026-42,0.0,0.0,0.0,0.0,0.0,0.0,0.558333,0.27571,-1.08,0.991888
volkan,0.5,2026,2026-43,0.0,0.0,0.0,0.0,0.0,0.883333,0.0,0.913213,2.12,2.500178
volkan,0.5,2026,2026-44,0.125,0.0,0.458333,0.458333,0.125,0.3,0.0,0.798023,1.64,1.433205
volkan,0.5,2026,2026-45,0.05,0.0,0.566667,0.566667,0.05,0.208333,0.0,0.788555,1.4,1.360195
volkan,0.5,2026,2026-46,0.0,0.0,0.0,0.0,0.0,1.0,0.0,0.955438,2.12,3.241036
volkan,0.5,2026,2026-47,0.0,0.025,0.0,0.025,0.025,0.0,0.683333,0.259601,-1.24,1.08479
volkan,0.5,2026,2026-48,0.0,0.0,0.0,0.0,0.0,1.0,0.0,0.970903,2.28,3.704582
volkan,0.5,2026,2026-49,0.0,0.0,0.0,0.0,0.0,1.0,0.0,0.984678,2.32,4.372298
volkan,0.5,2026,2026-50,0.0,0.0,0.0,0.0,0.0,0.983333,0.0,0.931302,2.24,2.782443
volkan,0.5,2026,2026-51,0.0,0.0,0.3,0.3,0.0,0.45,0.0,0.83212,1.6,1.66193
volkan,0.5,2026,2026-52,0.0,0.025,0.0,0.025,0.025,0.0,0.516667,0.295671,-0.84,0.8824
volkan,0.5,2026,2026-53,0.0,0.0,0.183333,0.183333,0.0,0.608333,0.0,0.867349,2.0,1.994404
volkan,0.5,2026,2026-54,0.033333,0.566667,0.0,0.566667,0.566667,0.0,0.0,0.411713,-0.28,0.364919
volkan,0.5,2026,2026-55,0.991667,0.666667,0.333333,1.0,0.991667,0.0,0.0,0.584161,0.28,0.341908
volkan,0.5,2026,2026-56,0.433333,0.966667,0.033333,1.0,1.0,0.0,0.0,0.497954,0.28,0.106355
volkan,0.5,2026,2026-57,0.383333,0.0,0.691667,0.691667,0.383333,0.108333,0.0,0.740051,1.52,1.091287
volkan,0.5,2026,2026-58,0.0,0.0,0.0,0.0,0.0,0.758333,0.0,0.894671,1.84,2.261477
volkan,0.5,2026,2026-59,0.0,0.075,0.0,0.075,0.075,0.0,0.533333,0.29624,-1.28,0.894621
volkan,0.5,2026,2026-60,0.0,0.016667,0.0,0.016667,0.016667,0.0,0.591667,0.279568,-0.76,0.961935
volkan,0.5,2026,2026-61,0.0,0.008333,0.0,0.008333,0.008333,0.0,0.883333,0.218095,-1.28,1.328962
volkan,0.5,2026,2026-62,0.0,0.008333,0.0,0.008333,0.008333,0.0,0.883333,0.197171,-1.72,1.502741
volkan,0.5,2026,2026-63,0.0,0.0,0.0,0.0,0.0,0.0,1.0,0.137501,-1.88,1.939632
volkan,0.5,2026,2026-64,0.0,0.016667,0.0,0.016667,0.016667,0.0,0.708333,0.254407,-1.04,1.106375
volkan,0.5,2026,2026-65,0.0,0.0,0.008333,0.008333,0.0,0.7,0.0,0.886986,1.8,2.154015
volkan,0.5,2026,2026-66,0.008333,0.266667,0.0,0.266667,0.266667,0.0,0.108333,0.368032,-0.44,0.550566
volkan,0.5,2026,2026-67,0.6,0.016667,0.983333,1.0,0.6,0.0,0.0,0.680447,0.96,0.768529
volkan,0.5,2026,2026-68,0.0,0.0,0.0,0.0,0.0,0.0,0.991667,0.182674,-1.32,1.550977
volkan,0.5,2026,2026-69,0.408333,0.125,0.608333,0.733333,0.408333,0.008333,0.0,0.725106,1.44,1.011543
volkan,0.5,2026,2026-70,0.0,0.0,0.0,0.0,0.0,0.0,1.0,0.098819,-1.88,2.305199
volkan,0.5,2026,2026-71,0.0,0.016667,0.0,0.016667,0.016667,0.0,0.541667,0.292848,-0.92,0.895587
volkan,0.5,2026,2026-72,0.0,0.0,0.0,0.0,0.0,1.0,0.0,0.962811,2.2,3.427067
volkan,0.5,2026,2026-73,0.0,0.133333,0.0,0.133333,0.133333,0.0,0.308333,0.331683,-0.72,0.711024
volkan,0.5,2026,2026-74,0.0,0.0,0.116667,0.116667,0.0,0.65,0.0,0.865996,1.52,1.930018
volkan,0.5,2026,2026-75,0.441667,0.0,0.833333,0.833333,0.441667,0.0,0.0,0.725138,1.16,0.992302
volkan,0.5,2026,2026-76,0.15,0.966667,0.008333,0.975,0.975,0.0,0.0,0.46395,-0.04,0.19087
volkan,0.5,2026,2026-77,0.0,0.041667,0.0,0.041667,0.041667,0.0,0.3,0.33206,-0.6,0.70602
volkan,0.5,2026,2026-78,0.0,0.0,0.016667,0.016667,0.0,0.758333,0.0,0.889731,1.72,2.17772
volkan,0.5,2026,2026-79,0.808333,0.908333,0.091667,1.0,1.0,0.0,0.0,0.538251,0.36,0.170311
volkan,0.5,2026,2026-80,0.0,0.0,0.0,0.0,0.0,0.9,0.0,0.921598,2.16,2.615974
volkan,0.5,2026,2026-81,0.0,0.016667,0.0,0.016667,0.016667,0.0,0.575,0.281939,-1.12,0.95583
volkan,0.5,2026,2026-82,1.0,0.95,0.05,1.0,1.0,0.0,0.0,0.551085,0.04,0.205954
volkan,0.5,2026,2026-83,0.508333,0.0,0.9,0.9,0.508333,0.0,0.0,0.704316,1.0,0.889329
volkan,0.5,2026,2026-84,0.516667,0.0,0.875,0.875,0.516667,0.0,0.0,0.705275,1.04,0.896704
volkan,0.5,2026,2026-85,0.0,0.0,0.0,0.0,0.0,0.0,0.991667,0.169451,-1.4,1.642423
volkan,0.5,2026,2026-86,0.0,0.05,0.0,0.05,0.05,0.0,0.625,0.27192,-1.44,1.021389
volkan,0.5,2026,2026-87,0.375,0.966667,0.033333,1.0,1.0,0.0,0.0,0.499133,0.04,0.122781
volkan,0.5,2026,2026-88,0.0,0.008333,0.0,0.008333,0.008333,0.0,0.825,0.238179,-1.32,1.200945
volkan,0.5,2026,2026-89,0.108333,0.0,0.516667,0.516667,0.108333,0.291667,0.0,0.797791,1.56,1.436009
volkan,0.5,2026,2026-90,0.208333,0.0,0.55,0.55,0.208333,0.25,0.0,0.78231,1.48,1.334225
volkan,0.5,2026,2026-91,0.0,0.0,0.0,0.0,0.0,0.0,1.0,0.077071,-2.04,2.620034
volkan,0.5,2026,2026-92,0.0,0.0,0.0,0.0,0.0,0.0,1.0,0.098608,-1.8,2.334482
volkan,0.5,2026,2026-93,0.0,0.0,0.0,0.0,0.0,0.0,0.966667,0.157356,-1.68,1.764381
volkan,0.5,2026,2026-94,0.975,0.333333,0.666667,1.0,0.975,0.0,0.0,0.615269,0.24,0.471808
volkan,0.5,2026,2026-95,0.0,0.0,0.0,0.0,0.0,1.0,0.0,0.95278,2.16,3.171113
volkan,0.5,2026,2026-96,0.041667,0.45,0.0,0.45,0.45,0.0,0.1,0.388443,-0.64,0.468293
volkan,0.5,2026,2026-97,0.85,0.066667,0.933333,1.0,0.85,0.0,0.0,0.657964,0.68,0.658749
volkan,0.5,2026,2026-98,0.0,0.0,0.0,0.0,0.0,0.0,0.883333,0.228083,-1.12,1.25813
volkan,0.5,2026,2026-99,0.0,0.0,0.0,0.0,0.0,0.0,0.958333,0.17651,-1.8,1.626947
volkan,0.5,2026,2026-100,0.0,0.0,0.0,0.0,0.0,0.0,1.0,0.070791,-2.28,2.769883
volkan,0.5,2026,2026-101,0.958333,0.425,0.575,1.0,0.958333,0.0,0.0,0.611613,0.6,0.46011
volkan,0.5,2026,2026-102,0.0,0.0,0.258333,0.258333,0.0,0.541667,0.0,0.851215,1.76,1.82877
volkan,0.5,2026,2026-103,0.041667,0.791667,0.0,0.791667,0.791667,0.0,0.0,0.430294,-0.24,0.297033
volkan,0.5,2026,2026-104,0.0,0.0,0.0,0.0,0.0,0.858333,0.0,0.90484,1.76,2.344222
volkan,0.5,2026,2026-105,0.916667,0.25,0.75,1.0,0.916667,0.0,0.0,0.638274,0.64,0.572655
volkan,0.5,2026,2026-106,1.0,0.925,0.075,1.0,1.0,0.0,0.0,0.557552,0.16,0.231948
volkan,0.5,2026,2026-107,0.283333,0.0,0.85,0.85,0.283333,0.0,0.0,0.740619,0.92,1.066669
volkan,0.5,2026,2026-108,0.491667,0.0,1.0,1.0,0.491667,0.0,0.0,0.705923,0.76,0.884907
volkan,0.5,2026,2026-109,0.0,0.0,0.133333,0.133333,0.0,0.616667,0.0,0.874066,1.8,2.037638
volkan,0.5,2026,2026-110,0.0,0.016667,0.0,0.016667,0.016667,0.0,0.775,0.24459,-1.32,1.169193
volkan,0.5,2026,2026-111,0.0,0.0,0.0,0.0,0.0,0.0,1.0,0.054199,-2.12,3.023321
volkan,0.5,2026,2026-112,0.708333,0.275,0.725,1.0,0.708333,0.0,0.0,0.652324,0.88,0.640012
volkan,0.5,2026,2026-113,0.0,0.033333,0.0,0.033333,0.033333,0.0,0.625,0.264123,-1.44,1.064917
volkan,0.5,2026,2026-114,0.983333,0.516667,0.483333,1.0,0.983333,0.0,0.0,0.601518,0.8,0.417331
volkan,0.5,2026,2026-115,0.0,0.0,0.0,0.0,0.0,1.0,0.0,0.925395,2.04,2.659191
volkan,0.5,2026,2026-116,0.0,0.0,0.0,0.0,0.0,0.0,0.975,0.18356,-1.72,1.58015
volkan,0.5,2026,2026-117,0.0,0.0,0.333333,0.333333,0.0,0.425,0.0,0.831451,1.88,1.694309
volkan,0.5,2026,2026-118,0.0,0.0,0.3,0.3,0.0,0.408333,0.0,0.836569,1.56,1.695303
volkan,0.5,2026,2026-119,0.408333,0.0,0.8,0.8,0.408333,0.016667,0.0,0.728278,1.16,1.018745
volkan,0.5,2026,2026-120,0.0,0.0,0.116667,0.116667,0.0,0.458333,0.0,0.852824,1.36,1.810374
volkan,0.5,2026,2026-121,0.008333,0.291667,0.0,0.291667,0.291667,0.0,0.0,0.380042,-0.56,0.493283
volkan,0.5,2026,2026-122,0.0,0.15,0.0,0.15,0.15,0.0,0.0,0.376548,0.08,0.505552
volkan,0.5,2026,2026-123,0.0,0.0,0.133333,0.133333,0.0,0.691667,0.0,0.878412,1.96,2.091006
volkan,0.5,2026,2026-124,0.0,0.0,0.375,0.375,0.0,0.408333,0.0,0.819705,1.48,1.566975
volkan,0.5,2026,2026-125,0.0,0.0,0.0,0.0,0.0,0.883333,0.0,0.909247,2.04,2.431971
volkan,0.5,2026,2026-126,0.725,0.125,0.875,1.0,0.725,0.0,0.0,0.665342,0.72,0.696701
volkan,0.5,2026,2026-127,0.0,0.0,0.0,0.0,0.0,0.991667,0.0,0.925825,2.04,2.660361
volkan,0.5,2026,2026-128,0.058333,0.75,0.0,0.75,0.75,0.0,0.0,0.439542,-0.36,0.264199
volkan,0.5,2026,2026-129,0.0,0.0,0.0,0.0,0.0,0.0,0.991667,0.190913,-1.44,1.490953
volkan,0.5,2026,2026-130,0.0,0.0,0.0,0.0,0.0,0.0,1.0,0.060675,-2.2,2.915084
volkan,0.5,2026,2026-131,0.0,0.0,0.0,0.0,0.0,0.0,0.975,0.204151,-1.32,1.405
volkan,0.5,2026,2026-132,0.0,0.0,0.433333,0.433333,0.0,0.325,0.0,0.812181,1.4,1.521805
volkan,0.5,2026,2026-133,0.0,0.0,0.0,0.0,0.0,0.0,1.0,0.121114,-1.84,2.090288
volkan,0.5,2026,2026-134,0.0,0.233333,0.0,0.233333,0.233333,0.0,0.4,0.326942,-1.08,0.742087
volkan,0.5,2026,2026-135,0.0,0.0,0.0,0.0,0.0,1.0,0.0,0.955876,2.24,3.255966
volkan,0.5,2026,2026-136,0.0,0.0,0.466667,0.466667,0.0,0.191667,0.0,0.807874,1.2,1.464397
volkan,0.5,2026,2026-137,0.0,0.0,0.0,0.0,0.0,1.0,0.0,0.940225,2.08,2.910781
volkan,0.5,2026,2026-138,0.0,0.025,0.0,0.025,0.025,0.0,0.9,0.223533,-1.24,1.280718
volkan,0.5,2026,2026-139,0.0,0.0,0.0,0.0,0.0,0.0,1.0,0.044008,-2.16,3.255114
volkan,0.5,2026,2026-140,0.0,0.0,0.0,0.0,0.0,0.933333,0.0,0.915237,1.96,2.499729
volkan,0.5,2026,2026-141,0.0,0.0,0.0,0.0,0.0,0.0,0.983333,0.143036,-1.6,1.878268
volkan,0.5,2026,2026-142,0.933333,0.5,0.5,1.0,0.933333,0.0,0.0,0.611763,0.56,0.460472
volkan,0.5,2026,2026-143,0.6,0.075,0.916667,0.991667,0.6,0.0,0.0,0.6859,0.84,0.795263
volkan,0.5,2026,2026-144,0.0,0.0,0.0,0.0,0.0,0.0,0.908333,0.204105,-1.76,1.430556
volkan,0.5,2026,2026-145,0.0,0.0,0.0,0.0,0.0,0.95,0.0,0.920965,2.0,2.59004
volkan,0.5,2026,2026-146,0.0,0.0,0.0,0.0,0.0,0.933333,0.0,0.92685,2.16,2.708839
volkan,0.5,2026,2026-147,0.183333,0.0,0.575,0.575,0.183333,0.241667,0.0,0.777855,1.48,1.304896
volkan,0.5,2026,2026-148,0.958333,0.983333,0.016667,1.0,1.0,0.0,0.0,0.534838,0.0,0.141928
volkan,0.5,2026,2026-149,0.9,0.216667,0.783333,1.0,0.9,0.0,0.0,0.637594,0.68,0.570002
volkan,0.5,2026,2026-150,0.0,0.0,0.0,0.0,0.0,0.0,0.958333,0.206563,-1.4,1.396957
volkan,0.5,2026,2026-151,0.116667,0.991667,0.008333,1.0,1.0,0.0,0.0,0.469642,0.0,0.159457
volkan,0.5,2026,2026-152,0.775,0.925,0.075,1.0,1.0,0.0,0.0,0.525851,-0.16,0.12413
volkan,0.5,2026,2026-153,0.0,0.0,0.0,0.0,0.0,0.0,0.825,0.231076,-1.36,1.244048
volkan,0.5,2026,2026-154,0.0,0.0,0.333333,0.333333,0.0,0.45,0.0,0.831967,1.6,1.661075
volkan,0.5,2026,2026-155,0.0,0.0,0.0,0.0,0.0,0.0,0.991667,0.159933,-1.4,1.726893
volkan,0.5,2026,2026-156,0.016667,0.208333,0.0,0.208333,0.208333,0.0,0.391667,0.334863,-1.08,0.713462
volkan,0.5,2026,2026-157,0.0,0.0,0.0,0.0,0.0,0.0,1.0,0.053463,-2.12,3.049999
volkan,0.5,2026,2026-158,0.358333,0.0,0.841667,0.841667,0.358333,0.0,0.0,0.72839,1.08,1.008508
volkan,0.5,2026,2026-159,0.083333,0.0,0.633333,0.633333,0.083333,0.083333,0.0,0.776351,1.0,1.269913
volkan,0.5,2026,2026-160,0.108333,0.0,0.525,0.525,0.108333,0.3,0.0,0.796354,1.48,1.415
volkan,0.5,2026,2026-161,0.0,0.0,0.0,0.0,0.0,1.0,0.0,0.980609,2.28,4.121557
volkan,0.5,2026,2026-162,0.0,0.0,0.225,0.225,0.0,0.475,0.0,0.842758,1.52,1.735854
volkan,0.5,2026,2026-163,0.0,0.008333,0.0,0.008333,0.008333,0.0,0.683333,0.251972,-1.12,1.122101
volkan,0.5,2026,2026-164,0.0,0.0,0.0,0.0,0.0,1.0,0.0,0.973833,2.28,3.814894
volkan,0.5,2026,2026-165,0.0,0.016667,0.0,0.016667,0.016667,0.0,0.825,0.233562,-1.36,1.233218
volkan,0.5,2026,2026-166,0.0,0.0,0.341667,0.341667,0.0,0.291667,0.0,0.815085,1.4,1.519293
volkan,0.5,2026,2026-167,0.016667,0.0,0.308333,0.308333,0.016667,0.483333,0.0,0.835965,1.88,1.719887
volkan,0.5,2026,2026-168,0.0,0.008333,0.0,0.008333,0.008333,0.0,0.816667,0.248205,-1.04,1.12796
volkan,0.5,2026,2026-169,0.0,0.0,0.0,0.0,0.0,0.875,0.0,0.912622,2.0,2.477191
volkan,0.5,2026,2026-170,0.3,0.0,0.783333,0.783333,0.3,0.0,0.0,0.739789,1.16,1.07084
volkan,0.5,2026,2026-171,0.158333,0.0,0.575,0.575,0.158333,0.241667,0.0,0.78322,1.48,1.336473
volkan,0.5,2026,2026-172,0.0,0.041667,0.0,0.041667,0.041667,0.0,0.625,0.2789,-1.08,0.976462
volkan,0.5,2026,2026-173,0.0,0.0,0.0,0.0,0.0,0.783333,0.0,0.899952,2.0,2.325267
volkan,0.5,2026,2026-174,0.0,0.008333,0.0,0.008333,0.008333,0.0,0.191667,0.319845,-0.32,0.759011
volkan,0.5,2026,2026-175,0.0,0.0,0.0,0.0,0.0,0.0,1.0,0.082469,-2.28,2.600251
volkan,0.5,2026,2026-176,0.0,0.0,0.0,0.0,0.0,0.875,0.0,0.913564,2.08,2.493825
volkan,0.5,2026,2026-177,0.05,0.891667,0.0,0.891667,0.891667,0.0,0.0,0.445131,-0.12,0.239983
volkan,0.5,2026,2026-178,0.95,0.516667,0.483333,1.0,0.95,0.0,0.0,0.611939,0.72,0.460534
volkan,0.5,2026,2026-179,0.0,0.0,0.0,0.0,0.0,1.0,0.0,0.944056,2.04,2.961384
volkan,0.5,2026,2026-180,0.0,0.0,0.141667,0.141667,0.0,0.633333,0.0,0.871181,1.84,2.007738
volkan,0.5,2026,2026-181,0.116667,0.0,0.575,0.575,0.116667,0.216667,0.0,0.783151,1.48,1.332275
volkan,0.5,2026,2026-182,0.0,0.0,0.208333,0.208333,0.0,0.5,0.0,0.852715,1.64,1.835299
volkan,0.5,2026,2026-183,0.0,0.025,0.0,0.025,0.025,0.0,0.716667,0.255927,-1.32,1.104212
volkan,0.5,2026,2026-184,0.0,0.0,0.408333,0.408333,0.0,0.383333,0.0,0.81819,1.72,1.5808
volkan,0.5,2026,2026-185,0.0,0.0,0.15,0.15,0.0,0.541667,0.0,0.861449,1.72,1.909537
volkan,0.5,2026,2026-186,0.0,0.0,0.391667,0.391667,0.0,0.416667,0.0,0.824528,1.64,1.622261
volkan,0.5,2026,2026-187,0.25,0.991667,0.008333,1.0,1.0,0.0,0.0,0.489178,-0.04,0.103336
volkan,0.5,2026,2026-188,0.0,0.0,0.0,0.0,0.0,0.0,1.0,0.013268,-2.32,4.51326
volkan,0.5,2026,2026-189,0.225,0.0,0.75,0.75,0.225,0.041667,0.0,0.755023,1.16,1.152076
volkan,0.5,2026,2026-190,0.683333,0.2,0.8,1.0,0.683333,0.0,0.0,0.663321,0.92,0.690772
volkan,0.5,2026,2026-191,0.008333,0.483333,0.0,0.483333,0.483333,0.0,0.166667,0.38248,-0.88,0.49614
volkan,0.5,2026,2026-192,0.0,0.0,0.425,0.425,0.0,0.416667,0.0,0.821373,1.52,1.589268
volkan,0.5,2026,2026-193,0.583333,0.041667,0.841667,0.883333,0.583333,0.0,0.0,0.694468,1.2,0.848814
volkan,0.5,2026,2026-194,0.641667,0.066667,0.933333,1.0,0.641667,0.0,0.0,0.674767,0.76,0.738357
volkan,0.5,2026,2026-195,0.0,0.0,0.0,0.0,0.0,0.0,1.0,0.125321,-1.92,2.038708
volkan,0.5,2026,2026-196,0.0,0.0,0.0,0.0,0.0,0.0,1.0,0.125889,-1.72,2.033971
volkan,0.5,2026,2026-197,0.741667,0.016667,0.983333,1.0,0.741667,0.0,0.0,0.675429,0.56,0.738311
volkan,0.5,2026,2026-198,1.0,0.858333,0.141667,1.0,1.0,0.0,0.0,0.555932,0.28,0.225875
volkan,0.5,2026,2026-199,0.65,0.95,0.05,1.0,1.0,0.0,0.0,0.523232,-0.52,0.161896
volkan,1.0,42,42-0,0.333333,0.0,0.733333,0.733333,0.333333,0.1,0.0,0.74095,1.44,1.089261
volkan,1.0,42,42-1,0.0,0.033333,0.0,0.033333,0.033333,0.0,0.633333,0.274641,-1.16,0.998935
volkan,1.0,42,42-2,0.0,0.0,0.266667,0.266667,0.0,0.5,0.0,0.842776,1.6,1.753143
volkan,1.0,42,42-3,0.0,0.0,0.133333,0.133333,0.0,0.658333,0.0,0.876119,1.64,2.046535
volkan,1.0,42,42-4,0.0,0.0,0.0,0.0,0.0,0.0,0.991667,0.102502,-1.64,2.277702
volkan,1.0,42,42-5,0.0,0.008333,0.0,0.008333,0.008333,0.0,0.9,0.213147,-1.36,1.352898
volkan,1.0,42,42-6,0.883333,0.1,0.883333,0.983333,0.883333,0.0,0.0,0.651604,0.24,0.636049
volkan,1.0,42,42-7,0.183333,0.783333,0.041667,0.825,0.825,0.0,0.0,0.455463,-0.52,0.270164
volkan,1.0,42,42-8,0.958333,0.633333,0.366667,1.0,0.958333,0.0,0.0,0.599213,0.2,0.406781
volkan,1.0,42,42-9,0.033333,0.091667,0.016667,0.108333,0.108333,0.0,0.291667,0.335211,-0.52,0.717182
volkan,1.0,42,42-10,0.0,0.0,0.175,0.175,0.0,0.65,0.0,0.872246,1.96,2.030416
volkan,1.0,42,42-11,0.0,0.0,0.208333,0.208333,0.0,0.608333,0.0,0.865559,2.04,1.990753
volkan,1.0,42,42-12,0.458333,0.116667,0.85,0.966667,0.458333,0.0,0.0,0.695647,0.92,0.842291
volkan,1.0,42,42-13,0.0,0.0,0.0,0.0,0.0,0.775,0.0,0.898697,2.04,2.30836
volkan,1.0,42,42-14,0.141667,0.0,0.541667,0.541667,0.141667,0.291667,0.0,0.788532,1.56,1.376171
volkan,1.0,42,42-15,0.0,0.083333,0.0,0.083333,0.083333,0.0,0.566667,0.292782,-1.2,0.905972
volkan,1.0,42,42-16,0.308333,0.0,0.95,0.95,0.308333,0.016667,0.0,0.730217,0.72,1.010546
volkan,1.0,42,42-17,0.008333,0.025,0.0,0.025,0.025,0.0,0.65,0.26465,-1.16,1.057765
volkan,1.0,42,42-18,0.0,0.0,0.175,0.175,0.0,0.633333,0.0,0.862821,1.84,1.927224
volkan,1.0,42,42-19,0.975,0.533333,0.458333,0.991667,0.975,0.0,0.0,0.606743,0.12,0.438714
volkan,1.0,42,42-20,0.975,0.766667,0.233333,1.0,0.983333,0.0,0.0,0.572182,0.4,0.294309
volkan,1.0,42,42-21,0.05,0.333333,0.016667,0.35,0.35,0.0,0.05,0.384726,-0.4,0.501411
volkan,1.0,42,42-22,0.0,0.0,0.0,0.0,0.0,0.858333,0.0,0.904244,1.96,2.365267
volkan,1.0,42,42-23,0.883333,0.291667,0.691667,0.983333,0.883333,0.0,0.0,0.638173,0.76,0.578217
volkan,1.0,42,42-24,0.1,0.425,0.0,0.425,0.425,0.0,0.05,0.400394,-0.96,0.44647
volkan,1.0,42,42-25,0.3,0.875,0.1,0.975,0.95,0.0,0.0,0.498634,-0.12,0.2016
volkan,1.0,42,42-26,0.075,0.0,0.466667,0.466667,0.075,0.366667,0.0,0.809333,1.68,1.519112
volkan,1.0,42,42-27,0.216667,0.0,0.65,0.65,0.216667,0.025,0.0,0.764587,1.12,1.208796
volkan,1.0,42,42-28,0.15,0.0,0.508333,0.508333,0.15,0.216667,0.0,0.786954,1.4,1.357869
volkan,1.0,42,42-29,0.15,0.0,0.591667,0.591667,0.15,0.216667,0.0,0.780647,1.44,1.316593
volkan,1.0,42,42-30,0.0,0.0,0.0,0.0,0.0,1.0,0.0,0.960371,2.08,3.353034
volkan,1.0,42,42-31,0.433333,0.908333,0.091667,1.0,0.975,0.0,0.0,0.507647,-0.04,0.177466
volkan,1.0,42,42-32,0.258333,0.958333,0.041667,1.0,1.0,0.0,0.0,0.480433,0.0,0.181062
volkan,1.0,42,42-33,0.033333,0.166667,0.008333,0.175,0.175,0.0,0.333333,0.336234,-0.88,0.709983
volkan,1.0,42,42-34,0.008333,0.0,0.566667,0.566667,0.008333,0.15,0.0,0.788409,1.16,1.344073
volkan,1.0,42,42-35,0.0,0.0,0.0,0.0,0.0,0.791667,0.0,0.896551,1.8,2.265405
volkan,1.0,42,42-36,0.983333,0.525,0.475,1.0,0.983333,0.0,0.0,0.600962,0.56,0.414184
volkan,1.0,42,42-37,0.041667,0.116667,0.008333,0.125,0.125,0.0,0.233333,0.348098,-0.72,0.654526
volkan,1.0,42,42-38,0.025,0.158333,0.016667,0.175,0.175,0.0,0.091667,0.364798,-0.48,0.581409
volkan,1.0,42,42-39,0.0,0.0,0.3,0.3,0.0,0.5,0.0,0.844155,1.96,1.793773
volkan,1.0,42,42-40,0.0,0.0,0.225,0.225,0.0,0.541667,0.0,0.850922,1.76,1.81674
volkan,1.0,42,42-41,0.066667,0.0,0.45,0.45,0.066667,0.333333,0.0,0.805733,1.52,1.484501
volkan,1.0,42,42-42,0.066667,0.433333,0.008333,0.441667,0.441667,0.0,0.166667,0.381564,-0.56,0.517688
volkan,1.0,42,42-43,0.325,0.008333,0.575,0.583333,0.325,0.166667,0.0,0.757457,1.64,1.198284
volkan,1.0,42,42-44,0.458333,0.1,0.825,0.925,0.458333,0.008333,0.0,0.707248,1.08,0.908853
volkan,1.0,42,42-45,0.516667,0.0,0.925,0.925,0.516667,0.0,0.0,0.707572,1.0,0.903794
volkan,1.0,42,42-46,0.0,0.0,0.233333,0.233333,0.0,0.416667,0.0,0.846258,1.64,1.774657
volkan,1.0,42,42-47,0.483333,0.025,0.941667,0.966667,0.483333,0.008333,0.0,0.697134,0.68,0.847475
volkan,1.0,42,42-48,0.0,0.0,0.3,0.3,0.0,0.458333,0.0,0.833081,1.64,1.674743
volkan,1.0,42,42-49,0.516667,0.1,0.708333,0.808333,0.516667,0.008333,0.0,0.706598,1.36,0.911582
volkan,1.0,42,42-50,0.441667,0.0,0.966667,0.966667,0.441667,0.008333,0.0,0.711032,0.8,0.914966
volkan,1.0,42,42-51,0.0,0.0,0.533333,0.533333,0.0,0.225,0.0,0.797669,1.32,1.407793
volkan,1.0,42,42-52,0.0,0.008333,0.0,0.008333,0.008333,0.0,0.966667,0.164475,-1.64,1.718347
volkan,1.0,42,42-53,0.85,0.916667,0.083333,1.0,0.991667,0.0,0.0,0.539779,0.4,0.167883
volkan,1.0,42,42-54,0.191667,0.933333,0.066667,1.0,0.983333,0.0,0.0,0.480971,-0.12,0.216856
volkan,1.0,42,42-55,0.116667,0.716667,0.016667,0.733333,0.733333,0.0,0.0,0.43331,-0.24,0.301525
volkan,1.0,42,42-56,0.416667,0.958333,0.041667,1.0,0.991667,0.0,0.0,0.502111,-0.12,0.134924
volkan,1.0,42,42-57,0.0,0.0,0.0,0.0,0.0,1.0,0.0,0.920297,1.68,2.542266
volkan,1.0,42,42-58,0.016667,0.283333,0.016667,0.3,0.3,0.0,0.0,0.389147,-0.24,0.471385
volkan,1.0,42,42-59,0.0,0.0,0.125,0.125,0.0,0.583333,0.0,0.869075,1.76,1.975869
volkan,1.0,42,42-60,0.0,0.0,0.0,0.0,0.0,0.0,1.0,0.117288,-1.96,2.137315
volkan,1.0,42,42-61,0.15,0.825,0.016667,0.841667,0.841667,0.0,0.0,0.446942,-0.64,0.264525
volkan,1.0,42,42-62,0.483333,0.033333,0.908333,0.941667,0.483333,0.0,0.0,0.700993,1.04,0.873467
volkan,1.0,42,42-63,0.025,0.0,0.441667,0.441667,0.025,0.333333,0.0,0.807582,1.48,1.482904
volkan,1.0,42,42-64,0.0,0.0,0.358333,0.358333,0.0,0.483333,0.0,0.842782,1.8,1.771091
volkan,1.0,42,42-65,0.0,0.0,0.233333,0.233333,0.0,0.533333,0.0,0.850785,1.68,1.817065
volkan,1.0,42,42-66,0.658333,0.941667,0.058333,1.0,0.983333,0.0,0.0,0.524434,0.28,0.129838
volkan,1.0,42,42-67,0.183333,0.941667,0.033333,0.975,0.975,0.0,0.0,0.467085,-0.2,0.219001
volkan,1.0,42,42-68,0.0,0.0,0.208333,0.208333,0.0,0.45,0.0,0.84461,1.44,1.751476
volkan,1.0,42,42-69,0.891667,0.441667,0.558333,1.0,0.9,0.0,0.0,0.616368,0.76,0.484871
volkan,1.0,42,42-70,0.0,0.008333,0.0,0.008333,0.008333,0.0,0.933333,0.19546,-1.4,1.473337
volkan,1.0,42,42-71,0.0,0.025,0.0,0.025,0.025,0.0,0.833333,0.251445,-0.96,1.114505
volkan,1.0,42,42-72,0.025,0.041667,0.0,0.041667,0.041667,0.0,0.475,0.300317,-0.96,0.871874
volkan,1.0,42,42-73,0.075,0.0,0.408333,0.408333,0.075,0.383333,0.0,0.813054,1.64,1.534246
volkan,1.0,42,42-74,0.491667,0.025,0.916667,0.941667,0.491667,0.016667,0.0,0.701591,1.04,0.878991
volkan,1.0,42,42-75,0.0,0.0,0.308333,0.308333,0.0,0.416667,0.0,0.831041,1.56,1.649262
volkan,1.0,42,42-76,0.866667,0.891667,0.108333,1.0,0.975,0.0,0.0,0.548655,0.32,0.216179
volkan,1.0,42,42-77,0.3,0.0,0.758333,0.758333,0.3,0.066667,0.0,0.744011,1.36,1.107736
volkan,1.0,42,42-78,0.0,0.0,0.366667,0.366667,0.0,0.358333,0.0,0.818876,1.44,1.557002
volkan,1.0,42,42-79,0.808333,0.941667,0.058333,1.0,0.991667,0.0,0.0,0.532703,0.2,0.144443
volkan,1.0,42,42-80,0.133333,0.0,0.758333,0.758333,0.133333,0.033333,0.0,0.760271,1.12,1.179324
volkan,1.0,42,42-81,0.116667,0.908333,0.016667,0.925,0.925,0.0,0.0,0.44747,0.0,0.248524
volkan,1.0,42,42-82,0.4,0.9,0.058333,0.958333,0.941667,0.0,0.0,0.503212,-0.32,0.167076
volkan,1.0,42,42-83,0.375,0.925,0.075,1.0,0.975,0.0,0.0,0.510263,0.04,0.136905
volkan,1.0,42,42-84,0.0,0.041667,0.0,0.041667,0.041667,0.0,0.908333,0.213164,-1.52,1.374314
volkan,1.0,42,42-85,0.075,0.0,0.4,0.4,0.075,0.291667,0.0,0.808655,1.68,1.500922
volkan,1.0,42,42-86,0.3,0.95,0.05,1.0,0.991667,0.0,0.0,0.48907,0.0,0.148805
volkan,1.0,42,42-87,0.983333,0.9,0.1,1.0,0.991667,0.0,0.0,0.547863,-0.24,0.194444
volkan,1.0,42,42-88,0.075,0.0,0.566667,0.566667,0.075,0.158333,0.0,0.786524,1.24,1.340297
volkan,1.0,42,42-89,0.066667,0.0,0.525,0.525,0.066667,0.258333,0.0,0.790724,1.48,1.381517
volkan,1.0,42,42-90,0.0,0.0,0.491667,0.491667,0.0,0.308333,0.0,0.801726,1.24,1.442193
volkan,1.0,42,42-91,0.916667,0.208333,0.783333,0.991667,0.916667,0.0,0.0,0.637072,0.52,0.569975
volkan,1.0,42,42-92,0.683333,0.891667,0.108333,1.0,1.0,0.0,0.0,0.540124,0.6,0.226376
volkan,1.0,42,42-93,0.7,0.283333,0.691667,0.975,0.7,0.008333,0.0,0.652027,0.96,0.645512
volkan,1.0,42,42-94,0.0,0.008333,0.0,0.008333,0.008333,0.0,0.991667,0.140877,-1.56,1.888773
volkan,1.0,42,42-95,0.0,0.025,0.0,0.025,0.025,0.0,0.941667,0.187086,-1.52,1.540584
volkan,1.0,42,42-96,0.0,0.0,0.0,0.0,0.0,0.0,0.966667,0.188476,-1.28,1.512389
volkan,1.0,42,42-97,0.016667,0.075,0.0,0.075,0.075,0.0,0.516667,0.296563,-0.8,0.889042
volkan,1.0,42,42-98,0.2,0.0,0.708333,0.708333,0.2,0.058333,0.0,0.758897,1.16,1.176237
volkan,1.0,42,42-99,0.0,0.05,0.0,0.05,0.05,0.0,0.691667,0.235421,-1.88,1.262411
volkan,1.0,42,42-100,0.275,0.991667,0.008333,1.0,0.991667,0.0,0.0,0.484224,-0.08,0.14399
volkan,1.0,42,42-101,0.0,0.0,0.0,0.0,0.0,0.883333,0.0,0.916863,2.16,2.554767
volkan,1.0,42,42-102,0.266667,0.85,0.016667,0.866667,0.866667,0.0,0.0,0.466613,-0.48,0.227789
volkan,1.0,42,42-103,0.0,0.0,0.3,0.3,0.0,0.375,0.0,0.829659,1.52,1.632381
volkan,1.0,42,42-104,0.025,0.091667,0.0,0.091667,0.091667,0.0,0.6,0.273004,-1.44,1.030972
volkan,1.0,42,42-105,0.966667,0.841667,0.158333,1.0,0.966667,0.0,0.0,0.562113,0.16,0.254987
volkan,1.0,42,42-106,0.016667,0.1,0.0,0.1,0.1,0.0,0.508333,0.301252,-0.92,0.871659
volkan,1.0,42,42-107,0.775,0.816667,0.183333,1.0,0.975,0.0,0.0,0.555644,0.48,0.246388
volkan,1.0,42,42-108,0.0,0.0,0.291667,0.291667,0.0,0.516667,0.0,0.841262,1.48,1.720964
volkan,1.0,42,42-109,0.0,0.0,0.0,0.0,0.0,0.0,0.991667,0.112908,-2.08,2.228633
volkan,1.0,42,42-110,0.191667,0.0,0.541667,0.541667,0.191667,0.225,0.0,0.784618,1.64,1.349123
volkan,1.0,42,42-111,0.425,0.0,0.883333,0.883333,0.425,0.0,0.0,0.7181,1.04,0.953529
volkan,1.0,42,42-112,0.125,0.683333,0.033333,0.716667,0.716667,0.0,0.0,0.435702,-0.44,0.334782
volkan,1.0,42,42-113,0.0,0.0,0.0,0.0,0.0,0.0,0.975,0.170889,-1.44,1.644364
volkan,1.0,42,42-114,0.475,0.025,0.8,0.825,0.475,0.008333,0.0,0.718745,1.32,0.966696
volkan,1.0,42,42-115,0.075,0.7,0.0,0.7,0.7,0.0,0.0,0.426807,-0.24,0.317808
volkan,1.0,42,42-116,0.275,0.0,0.65,0.65,0.275,0.041667,0.0,0.750398,1.28,1.14061
volkan,1.0,42,42-117,0.35,0.108333,0.616667,0.725,0.35,0.058333,0.0,0.728583,1.48,1.036142
volkan,1.0,42,42-118,0.0,0.0,0.0,0.0,0.0,1.0,0.0,0.938452,2.2,2.88909
volkan,1.0,42,42-119,0.933333,0.45,0.541667,0.991667,0.933333,0.0,0.0,0.606912,0.8,0.443394
volkan,1.0,42,42-120,0.016667,0.108333,0.0,0.108333,0.108333,0.0,0.383333,0.318397,-0.76,0.780958
volkan,1.0,42,42-121,0.383333,0.008333,0.833333,0.841667,0.383333,0.016667,0.0,0.725412,1.24,0.99888
volkan,1.0,42,42-122,0.425,0.016667,0.933333,0.95,0.425,0.016667,0.0,0.718347,0.96,0.959398
volkan,1.0,42,42-123,0.0,0.0,0.0,0.0,0.0,0.916667,0.0,0.912823,2.0,2.473377
volkan,1.0,42,42-124,0.0,0.0,0.266667,0.266667,0.0,0.55,0.0,0.853704,1.68,1.854159
volkan,1.0,42,42-125,0.266667,0.0,0.658333,0.658333,0.266667,0.133333,0.0,0.760055,1.36,1.197345
volkan,1.0,42,42-126,0.0,0.0,0.0,0.0,0.0,0.975,0.0,0.925831,2.04,2.677673
volkan,1.0,42,42-127,0.008333,0.033333,0.0,0.033333,0.033333,0.0,0.833333,0.251706,-1.0,1.12024
volkan,1.0,42,42-128,0.066667,0.325,0.025,0.35,0.35,0.0,0.0,0.401492,-0.44,0.441665
volkan,1.0,42,42-129,0.0,0.033333,0.0,0.033333,0.033333,0.0,0.541667,0.275801,-1.2,1.001869
volkan,1.0,42,42-130,0.325,0.941667,0.058333,1.0,0.991667,0.0,0.0,0.491115,-0.16,0.156161
volkan,1.0,42,42-131,0.0,0.008333,0.0,0.008333,0.008333,0.0,0.958333,0.169386,-1.64,1.673538
volkan,1.0,42,42-132,0.0,0.0,0.366667,0.366667,0.0,0.425,0.0,0.827725,1.72,1.650734
volkan,1.0,42,42-133,0.85,0.908333,0.083333,0.991667,0.983333,0.0,0.0,0.538968,0.16,0.171421
volkan,1.0,42,42-134,0.0,0.0,0.0,0.0,0.0,0.0,0.975,0.156814,-1.56,1.776097
volkan,1.0,42,42-135,0.008333,0.025,0.0,0.025,0.025,0.0,0.758333,0.25571,-1.12,1.102599
volkan,1.0,42,42-136,0.25,0.0,0.716667,0.716667,0.25,0.091667,0.0,0.756745,1.32,1.16795
volkan,1.0,42,42-137,0.0,0.0,0.233333,0.233333,0.0,0.591667,0.0,0.850431,1.56,1.812617
volkan,1.0,42,42-138,0.0,0.0,0.0,0.0,0.0,1.0,0.0,0.957168,2.28,3.298621
volkan,1.0,42,42-139,0.0,0.0,0.0,0.0,0.0,1.0,0.0,0.982376,2.28,4.223396
volkan,1.0,42,42-140,0.158333,0.0,0.558333,0.558333,0.158333,0.191667,0.0,0.783596,1.52,1.336703
volkan,1.0,42,42-141,0.0,0.016667,0.0,0.016667,0.016667,0.0,0.725,0.25397,-1.32,1.113944
volkan,1.0,42,42-142,0.0,0.0,0.0,0.0,0.0,0.0,1.0,0.080542,-2.04,2.599256
volkan,1.0,42,42-143,0.558333,0.0,0.991667,0.991667,0.558333,0.0,0.0,0.691501,0.68,0.817697
volkan,1.0,42,42-144,0.016667,0.116667,0.0,0.116667,0.116667,0.0,0.566667,0.286643,-1.36,0.95886
volkan,1.0,42,42-145,0.766667,0.916667,0.083333,1.0,0.991667,0.0,0.0,0.532044,0.2,0.162155
volkan,1.0,42,42-146,0.083333,0.633333,0.025,0.658333,0.658333,0.0,0.0,0.427809,-0.16,0.347356
volkan,1.0,42,42-147,0.933333,0.391667,0.591667,0.983333,0.933333,0.0,0.0,0.617548,0.52,0.488309
volkan,1.0,42,42-148,0.0,0.0,0.033333,0.033333,0.0,0.758333,0.0,0.890784,1.84,2.20889
volkan,1.0,42,42-149,0.591667,0.008333,0.983333,0.991667,0.591667,0.0,0.0,0.689833,0.72,0.810214
volkan,1.0,42,42-150,0.841667,0.816667,0.183333,1.0,0.966667,0.0,0.0,0.556938,-0.12,0.241576
volkan,1.0,42,42-151,0.008333,0.033333,0.0,0.033333,0.033333,0.0,0.758333,0.242731,-1.4,1.192146
volkan,1.0,42,42-152,0.0,0.0,0.0,0.0,0.0,0.0,0.975,0.133356,-1.72,1.98249
volkan,1.0,42,42-153,0.2,0.975,0.025,1.0,1.0,0.0,0.0,0.476492,0.0,0.172218
volkan,1.0,42,42-154,0.908333,0.333333,0.658333,0.991667,0.908333,0.0,0.0,0.627393,0.72,0.530405
volkan,1.0,42,42-155,0.0,0.0,0.0,0.0,0.0,1.0,0.0,0.942533,2.04,2.93516
volkan,1.0,42,42-156,0.583333,0.175,0.8,0.975,0.583333,0.008333,0.0,0.676124,1.0,0.753896
volkan,1.0,42,42-157,0.0,0.0,0.075,0.075,0.0,0.7,0.0,0.882128,1.84,2.118325
volkan,1.0,42,42-158,0.158333,0.833333,0.025,0.858333,0.85,0.0,0.0,0.450481,-0.16,0.271889
volkan,1.0,42,42-159,0.0,0.0,0.0,0.0,0.0,0.0,0.783333,0.242335,-1.08,1.176862
volkan,1.0,42,42-160,0.016667,0.075,0.0,0.075,0.075,0.0,0.641667,0.261123,-1.4,1.105524
volkan,1.0,42,42-161,0.033333,0.2,0.008333,0.208333,0.208333,0.0,0.15,0.365157,-0.68,0.576758
volkan,1.0,42,42-162,0.0,0.0,0.0,0.0,0.0,1.0,0.0,0.961962,2.24,3.42305
volkan,1.0,42,42-163,0.025,0.116667,0.0,0.116667,0.116667,0.0,0.241667,0.345642,-0.72,0.660587
volkan,1.0,42,42-164,0.0,0.0,0.191667,0.191667,0.0,0.583333,0.0,0.862945,1.76,1.935465
volkan,1.0,42,42-165,0.016667,0.083333,0.0,0.083333,0.083333,0.0,0.641667,0.2826,-1.24,0.976746
volkan,1.0,42,42-166,0.0,0.0,0.116667,0.116667,0.0,0.6,0.0,0.866123,1.52,1.93688
volkan,1.0,42,42-167,0.291667,0.0,0.691667,0.691667,0.291667,0.091667,0.0,0.755925,1.32,1.17277
volkan,1.0,42,42-168,1.0,0.766667,0.233333,1.0,1.0,0.0,0.0,0.577126,0.16,0.313556
volkan,1.0,42,42-169,0.966667,0.533333,0.466667,1.0,0.966667,0.0,0.0,0.595365,0.48,0.390821
volkan,1.0,42,42-170,0.033333,0.391667,0.0,0.391667,0.391667,0.0,0.175,0.373179,-0.76,0.540177
volkan,1.0,42,42-171,0.141667,0.0,0.45,0.45,0.141667,0.383333,0.0,0.806699,1.72,1.508697
volkan,1.0,42,42-172,0.116667,0.475,0.041667,0.516667,0.516667,0.0,0.0,0.420319,-0.48,0.39135
volkan,1.0,42,42-173,0.0,0.033333,0.0,0.033333,0.033333,0.0,0.9,0.22431,-1.24,1.285687
volkan,1.0,42,42-174,0.0,0.025,0.0,0.025,0.025,0.0,0.908333,0.190726,-1.44,1.531933
volkan,1.0,42,42-175,0.775,0.083333,0.908333,0.991667,0.775,0.0,0.0,0.662905,0.56,0.68594
volkan,1.0,42,42-176,0.0,0.0,0.0,0.0,0.0,1.0,0.0,0.931428,2.0,2.757043
volkan,1.0,42,42-177,0.533333,0.025,0.958333,0.983333,0.533333,0.0,0.0,0.686865,0.84,0.79868
volkan,1.0,42,42-178,0.966667,0.725,0.266667,0.991667,0.966667,0.0,0.0,0.588211,0.24,0.361875
volkan,1.0,42,42-179,0.175,0.0,0.608333,0.608333,0.175,0.116667,0.0,0.769628,1.44,1.251942
volkan,1.0,42,42-180,0.0,0.0,0.0,0.0,0.0,0.875,0.0,0.90967,2.0,2.431845
volkan,1.0,42,42-181,0.883333,0.275,0.725,1.0,0.883333,0.0,0.0,0.633875,0.56,0.554858
volkan,1.0,42,42-182,0.266667,0.958333,0.041667,1.0,0.966667,0.0,0.0,0.499511,0.04,0.138718
volkan,1.0,42,42-183,0.0,0.0,0.025,0.025,0.0,0.75,0.0,0.887834,1.8,2.166999
volkan,1.0,42,42-184,0.258333,0.0,0.641667,0.641667,0.258333,0.141667,0.0,0.763139,1.32,1.2108
volkan,1.0,42,42-185,0.0,0.0,0.0,0.0,0.0,1.0,0.0,0.933559,2.2,2.805845
volkan,1.0,42,42-186,0.4,0.0,0.916667,0.916667,0.4,0.0,0.0,0.713915,1.2,0.933395
volkan,1.0,42,42-187,0.0,0.008333,0.0,0.008333,0.008333,0.0,0.95,0.206452,-1.4,1.398096
volkan,1.0,42,42-188,0.0,0.033333,0.0,0.033333,0.033333,0.0,0.95,0.178849,-1.56,1.61185
volkan,1.0,42,42-189,0.0,0.0,0.0,0.0,0.0,1.0,0.0,0.939597,2.08,2.909659
volkan,1.0,42,42-190,0.0,0.0,0.0,0.0,0.0,1.0,0.0,0.944104,2.28,3.014703
volkan,1.0,42,42-191,0.791667,0.816667,0.183333,1.0,0.983333,0.0,0.0,0.546126,-0.08,0.212956
volkan,1.0,42,42-192,0.691667,0.908333,0.091667,1.0,1.0,0.0,0.0,0.532642,0.52,0.190762
volkan,1.0,42,42-193,0.0,0.0,0.0,0.0,0.0,1.0,0.0,0.927683,2.2,2.714901
volkan,1.0,42,42-194,0.0,0.016667,0.0,0.016667,0.016667,0.0,0.9,0.20503,-1.52,1.410058
volkan,1.0,42,42-195,0.016667,0.066667,0.0,0.066667,0.066667,0.0,0.666667,0.250427,-1.68,1.175642
volkan,1.0,42,42-196,0.0,0.0,0.3,0.3,0.0,0.466667,0.0,0.835667,1.84,1.716627
volkan,1.0,42,42-197,0.366667,0.941667,0.058333,1.0,0.991667,0.0,0.0,0.498016,-0.16,0.158983
volkan,1.0,42,42-198,0.75,0.308333,0.683333,0.991667,0.75,0.0,0.0,0.642485,0.84,0.598794
volkan,1.0,42,42-199,0.9,0.85,0.15,1.0,0.933333,0.0,0.0,0.564659,0.2,0.26774
volkan,1.0,137,137-0,0.025,0.1,0.008333,0.108333,0.108333,0.0,0.3,0.335523,-0.72,0.703425
volkan,1.0,137,137-1,0.016667,0.166667,0.0,0.166667,0.166667,0.0,0.1,0.354753,-0.56,0.612068
volkan,1.0,137,137-2,0.066667,0.375,0.016667,0.391667,0.391667,0.0,0.166667,0.381954,-0.68,0.536461
volkan,1.0,137,137-3,0.666667,0.175,0.808333,0.983333,0.666667,0.0,0.0,0.667594,0.8,0.710027
volkan,1.0,137,137-4,0.083333,0.708333,0.016667,0.725,0.725,0.0,0.0,0.429615,-0.4,0.327379
volkan,1.0,137,137-5,0.008333,0.033333,0.0,0.033333,0.033333,0.0,0.733333,0.229448,-1.68,1.30327
volkan,1.0,137,137-6,0.475,0.016667,0.933333,0.95,0.475,0.0,0.0,0.705738,0.88,0.895573
volkan,1.0,137,137-7,0.058333,0.541667,0.025,0.566667,0.566667,0.0,0.0,0.417982,-0.28,0.372507
volkan,1.0,137,137-8,0.0,0.0,0.0,0.0,0.0,0.0,1.0,0.094723,-1.88,2.376459
volkan,1.0,137,137-9,0.0,0.0,0.0,0.0,0.0,1.0,0.0,0.951573,2.16,3.153344
volkan,1.0,137,137-10,0.0,0.0,0.0,0.0,0.0,1.0,0.0,0.93255,1.92,2.74642
volkan,1.0,137,137-11,0.016667,0.075,0.0,0.075,0.075,0.0,0.566667,0.300817,-0.6,0.864922
volkan,1.0,137,137-12,0.783333,0.666667,0.333333,1.0,0.975,0.0,0.0,0.568823,0.68,0.307509
volkan,1.0,137,137-13,0.883333,0.733333,0.266667,1.0,0.933333,0.0,0.0,0.575514,0.16,0.314324
volkan,1.0,137,137-14,0.0,0.0,0.108333,0.108333,0.0,0.666667,0.0,0.879571,1.92,2.105515
volkan,1.0,137,137-15,0.0,0.0,0.0,0.0,0.0,0.0,1.0,0.052468,-2.0,3.071555
volkan,1.0,137,137-16,0.025,0.241667,0.0,0.241667,0.241667,0.0,0.033333,0.378892,-0.4,0.510512
volkan,1.0,137,137-17,0.383333,0.0,0.791667,0.791667,0.383333,0.008333,0.0,0.723127,1.24,0.988761
volkan,1.0,137,137-18,0.0,0.0,0.0,0.0,0.0,0.0,0.983333,0.107453,-1.92,2.28645
volkan,1.0,137,137-19,0.233333,0.933333,0.041667,0.975,0.966667,0.0,0.0,0.471939,0.2,0.240957
volkan,1.0,137,137-20,0.733333,0.925,0.075,1.0,0.991667,0.0,0.0,0.533416,0.36,0.156904
volkan,1.0,137,137-21,0.241667,0.958333,0.041667,1.0,1.0,0.0,0.0,0.481299,-0.2,0.172858
volkan,1.0,137,137-22,0.008333,0.025,0.0,0.025,0.025,0.0,0.708333,0.259924,-1.12,1.084219
volkan,1.0,137,137-23,0.0,0.0,0.075,0.075,0.0,0.708333,0.0,0.884052,1.92,2.136244
volkan,1.0,137,137-24,0.041667,0.575,0.008333,0.583333,0.583333,0.0,0.0,0.416854,-0.2,0.355363
volkan,1.0,137,137-25,0.0,0.0,0.391667,0.391667,0.0,0.291667,0.0,0.820906,1.28,1.554942
volkan,1.0,137,137-26,0.841667,0.891667,0.108333,1.0,0.983333,0.0,0.0,0.554851,0.52,0.240918
volkan,1.0,137,137-27,0.458333,0.0,0.791667,0.791667,0.458333,0.016667,0.0,0.724459,1.2,1.00027
volkan,1.0,137,137-28,0.125,0.566667,0.025,0.591667,0.591667,0.0,0.008333,0.422394,-0.68,0.374168
volkan,1.0,137,137-29,0.0,0.0,0.075,0.075,0.0,0.733333,0.0,0.880441,1.6,2.069062
volkan,1.0,137,137-30,0.183333,0.0,0.525,0.525,0.183333,0.225,0.0,0.782994,1.72,1.344087
volkan,1.0,137,137-31,0.0,0.083333,0.0,0.083333,0.083333,0.0,0.558333,0.290871,-0.96,0.916251
volkan,1.0,137,137-32,0.0,0.0,0.291667,0.291667,0.0,0.525,0.0,0.845752,1.96,1.81591
volkan,1.0,137,137-33,0.0,0.0,0.0,0.0,0.0,1.0,0.0,0.977783,2.28,3.973624
volkan,1.0,137,137-34,0.0,0.0,0.0,0.0,0.0,0.0,1.0,0.124086,-1.72,2.049183
volkan,1.0,137,137-35,0.916667,0.283333,0.708333,0.991667,0.916667,0.0,0.0,0.637923,0.8,0.574124
volkan,1.0,137,137-36,0.441667,0.158333,0.766667,0.925,0.441667,0.025,0.0,0.703431,1.2,0.896679
volkan,1.0,137,137-37,0.55,0.933333,0.066667,1.0,0.991667,0.0,0.0,0.518982,-0.16,0.158062
volkan,1.0,137,137-38,0.0,0.0,0.175,0.175,0.0,0.625,0.0,0.872686,1.88,2.040588
volkan,1.0,137,137-39,0.791667,0.9,0.1,1.0,0.983333,0.0,0.0,0.536237,-0.0,0.177965
volkan,1.0,137,137-40,0.0,0.0,0.433333,0.433333,0.0,0.275,0.0,0.816336,1.2,1.527382
volkan,1.0,137,137-41,0.0,0.0,0.341667,0.341667,0.0,0.483333,0.0,0.834503,1.72,1.692757
volkan,1.0,137,137-42,0.05,0.091667,0.0,0.091667,0.091667,0.0,0.658333,0.280206,-1.08,0.994608
volkan,1.0,137,137-43,0.008333,0.041667,0.0,0.041667,0.041667,0.0,0.675,0.261593,-1.08,1.077001
volkan,1.0,137,137-44,0.0,0.0,0.0,0.0,0.0,1.0,0.0,0.947614,2.12,3.069977
volkan,1.0,137,137-45,0.941667,0.708333,0.291667,1.0,0.958333,0.0,0.0,0.586367,0.52,0.354528
volkan,1.0,137,137-46,0.525,0.041667,0.875,0.916667,0.525,0.008333,0.0,0.703238,1.0,0.887186
volkan,1.0,137,137-47,0.0,0.0,0.0,0.0,0.0,1.0,0.0,0.934586,2.2,2.826371
volkan,1.0,137,137-48,0.0,0.0,0.275,0.275,0.0,0.533333,0.0,0.847658,2.0,1.82089
volkan,1.0,137,137-49,0.05,0.891667,0.008333,0.9,0.9,0.0,0.0,0.434854,-0.04,0.286895
volkan,1.0,137,137-50,0.291667,0.958333,0.041667,1.0,0.975,0.0,0.0,0.494397,-0.08,0.17444
volkan,1.0,137,137-51,0.0,0.0,0.05,0.05,0.0,0.683333,0.0,0.887978,1.8,2.186164
volkan,1.0,137,137-52,0.0,0.0,0.0,0.0,0.0,0.908333,0.0,0.916116,2.04,2.530615
volkan,1.0,137,137-53,0.916667,0.558333,0.441667,1.0,0.958333,0.0,0.0,0.592386,0.6,0.382485
volkan,1.0,137,137-54,0.0,0.0,0.0,0.0,0.0,0.908333,0.0,0.910884,1.88,2.425912
volkan,1.0,137,137-55,0.175,0.991667,0.0,0.991667,0.991667,0.0,0.0,0.464798,0.08,0.177595
volkan,1.0,137,137-56,0.408333,0.0,0.741667,0.741667,0.408333,0.108333,0.0,0.73588,1.52,1.071639
volkan,1.0,137,137-57,0.0,0.0,0.0,0.0,0.0,0.0,0.925,0.211041,-1.44,1.377823
volkan,1.0,137,137-58,0.925,0.758333,0.241667,1.0,0.95,0.0,0.0,0.577354,0.4,0.317655
volkan,1.0,137,137-59,0.133333,0.0,0.475,0.475,0.133333,0.333333,0.0,0.797347,1.48,1.431023
volkan,1.0,137,137-60,0.133333,0.0,0.608333,0.608333,0.133333,0.158333,0.0,0.775072,1.32,1.27526
volkan,1.0,137,137-61,0.0,0.0,0.35,0.35,0.0,0.433333,0.0,0.827324,1.52,1.62723
volkan,1.0,137,137-62,0.041667,0.325,0.033333,0.358333,0.358333,0.0,0.0,0.403066,-0.04,0.43838
volkan,1.0,137,137-63,0.808333,0.858333,0.141667,1.0,0.958333,0.0,0.0,0.556934,0.2,0.250447
volkan,1.0,137,137-64,0.941667,0.575,0.425,1.0,0.941667,0.0,0.0,0.601824,0.36,0.419651
volkan,1.0,137,137-65,0.0,0.0,0.0,0.0,0.0,1.0,0.0,0.942781,2.12,2.954943
volkan,1.0,137,137-66,0.0,0.025,0.0,0.025,0.025,0.0,0.916667,0.217634,-1.08,1.31454
volkan,1.0,137,137-67,0.391667,0.883333,0.116667,1.0,1.0,0.0,0.0,0.510837,-0.16,0.164794
volkan,1.0,137,137-68,0.991667,0.65,0.35,1.0,0.991667,0.0,0.0,0.589507,0.36,0.36497
volkan,1.0,137,137-69,0.0,0.0,0.0,0.0,0.0,1.0,0.0,0.986067,2.36,4.475537
volkan,1.0,137,137-70,0.0,0.0,0.291667,0.291667,0.0,0.55,0.0,0.843675,2.0,1.796153
volkan,1.0,137,137-71,0.975,0.741667,0.258333,1.0,0.975,0.0,0.0,0.579606,0.28,0.324975
volkan,1.0,137,137-72,0.716667,0.041667,0.958333,1.0,0.716667,0.0,0.0,0.67063,0.8,0.722152
volkan,1.0,137,137-73,0.0,0.008333,0.0,0.008333,0.008333,0.0,0.983333,0.140333,-1.6,1.906506
volkan,1.0,137,137-74,0.675,0.141667,0.85,0.991667,0.675,0.0,0.0,0.667842,0.52,0.709708
volkan,1.0,137,137-75,0.0,0.0,0.0,0.0,0.0,0.85,0.0,0.914859,2.12,2.525275
volkan,1.0,137,137-76,0.766667,0.908333,0.091667,1.0,0.983333,0.0,0.0,0.53903,-0.04,0.176796
volkan,1.0,137,137-77,0.216667,0.966667,0.033333,1.0,1.0,0.0,0.0,0.472504,-0.08,0.209237
volkan,1.0,137,137-78,0.733333,0.958333,0.041667,1.0,0.991667,0.0,0.0,0.524104,0.12,0.127867
volkan,1.0,137,137-79,0.0,0.0,0.183333,0.183333,0.0,0.633333,0.0,0.868537,1.92,1.997549
volkan,1.0,137,137-80,0.016667,0.0,0.366667,0.366667,0.016667,0.4,0.0,0.822914,1.68,1.607225
volkan,1.0,137,137-81,0.0,0.0,0.025,0.025,0.0,0.8,0.0,0.902166,2.04,2.349643
volkan,1.0,137,137-82,0.475,0.008333,0.966667,0.975,0.475,0.008333,0.0,0.698056,0.8,0.850856
volkan,1.0,137,137-83,0.0,0.0,0.258333,0.258333,0.0,0.558333,0.0,0.853822,1.92,1.860628
volkan,1.0,137,137-84,0.033333,0.066667,0.008333,0.075,0.075,0.0,0.441667,0.315426,-0.88,0.807382
volkan,1.0,137,137-85,0.45,0.1,0.691667,0.791667,0.45,0.025,0.0,0.716027,1.16,0.96185
volkan,1.0,137,137-86,0.016667,0.075,0.0,0.075,0.075,0.0,0.616667,0.278021,-0.92,0.990853
volkan,1.0,137,137-87,0.033333,0.258333,0.0,0.258333,0.258333,0.0,0.1,0.362952,-0.56,0.586532
volkan,1.0,137,137-88,0.025,0.183333,0.0,0.183333,0.183333,0.0,0.125,0.362655,-0.32,0.577487
volkan,1.0,137,137-89,0.958333,0.825,0.175,1.0,0.958333,0.0,0.0,0.578705,0.32,0.322968
volkan,1.0,137,137-90,0.0,0.0,0.041667,0.041667,0.0,0.725,0.0,0.885009,1.76,2.132205
volkan,1.0,137,137-91,0.158333,0.0,0.65,0.65,0.158333,0.1,0.0,0.768595,1.32,1.231355
volkan,1.0,137,137-92,0.016667,0.033333,0.0,0.033333,0.033333,0.0,0.775,0.255991,-0.96,1.102937
volkan,1.0,137,137-93,0.033333,0.0,0.366667,0.366667,0.033333,0.425,0.0,0.825757,1.76,1.640923
volkan,1.0,137,137-94,0.0,0.0,0.0,0.0,0.0,1.0,0.0,0.963612,2.2,3.453773
volkan,1.0,137,137-95,0.0,0.0,0.0,0.0,0.0,0.866667,0.0,0.906785,1.8,2.372723
volkan,1.0,137,137-96,0.0,0.0,0.283333,0.283333,0.0,0.458333,0.0,0.838555,1.68,1.714876
volkan,1.0,137,137-97,0.0,0.0,0.008333,0.008333,0.0,0.841667,0.0,0.90242,1.92,2.337222
volkan,1.0,137,137-98,0.0,0.0,0.0,0.0,0.0,0.841667,0.0,0.901486,1.8,2.30795
volkan,1.0,137,137-99,0.175,0.0,0.95,0.95,0.175,0.016667,0.0,0.733901,0.64,1.027057
volkan,1.0,137,137-100,0.775,0.783333,0.216667,1.0,0.958333,0.0,0.0,0.563975,0.4,0.278842
volkan,1.0,137,137-101,0.0,0.0,0.0,0.0,0.0,1.0,0.0,0.958345,2.16,3.303764
volkan,1.0,137,137-102,0.275,0.0,0.658333,0.658333,0.275,0.116667,0.0,0.756199,1.36,1.174494
volkan,1.0,137,137-103,0.0,0.0,0.0,0.0,0.0,0.841667,0.0,0.908034,1.88,2.401921
volkan,1.0,137,137-104,0.9,0.291667,0.7,0.991667,0.9,0.008333,0.0,0.637763,0.44,0.574923
volkan,1.0,137,137-105,0.0,0.0,0.0,0.0,0.0,1.0,0.0,0.962268,2.2,3.406283
volkan,1.0,137,137-106,0.0,0.0,0.0,0.0,0.0,0.0,1.0,0.034831,-2.36,3.601166
volkan,1.0,137,137-107,0.883333,0.891667,0.108333,1.0,0.941667,0.0,0.0,0.553913,0.24,0.225687
volkan,1.0,137,137-108,0.0,0.0,0.0,0.0,0.0,0.0,1.0,0.032924,-2.32,3.591049
volkan,1.0,137,137-109,0.0,0.0,0.0,0.0,0.0,1.0,0.0,0.943683,2.16,2.976599
volkan,1.0,137,137-110,0.266667,0.966667,0.016667,0.983333,0.983333,0.0,0.0,0.469876,0.36,0.191093
volkan,1.0,137,137-111,0.0,0.0,0.0,0.0,0.0,0.858333,0.0,0.908514,2.04,2.427514
volkan,1.0,137,137-112,0.2,0.9,0.041667,0.941667,0.941667,0.0,0.0,0.465307,-0.32,0.220621
volkan,1.0,137,137-113,0.033333,0.366667,0.0,0.366667,0.366667,0.0,0.075,0.383118,-0.6,0.491539
volkan,1.0,137,137-114,0.2,0.975,0.016667,0.991667,0.983333,0.0,0.0,0.472441,-0.32,0.180711
volkan,1.0,137,137-115,0.783333,0.941667,0.058333,1.0,0.991667,0.0,0.0,0.529607,0.04,0.147417
volkan,1.0,137,137-116,0.0,0.0,0.0,0.0,0.0,0.866667,0.0,0.905822,1.92,2.370557
volkan,1.0,137,137-117,0.066667,0.458333,0.008333,0.466667,0.466667,0.0,0.033333,0.396914,-0.52,0.449223
volkan,1.0,137,137-118,0.0,0.0,0.0,0.0,0.0,0.0,0.983333,0.108556,-2.08,2.284474
volkan,1.0,137,137-119,0.75,0.925,0.075,1.0,0.983333,0.0,0.0,0.534093,0.2,0.158459
volkan,1.0,137,137-120,0.0,0.0,0.0,0.0,0.0,1.0,0.0,0.954157,2.24,3.212703
volkan,1.0,137,137-121,0.0,0.0,0.0,0.0,0.0,1.0,0.0,0.965188,2.24,3.503707
volkan,1.0,137,137-122,0.808333,0.108333,0.875,0.983333,0.808333,0.0,0.0,0.659092,0.52,0.667643
volkan,1.0,137,137-123,0.008333,0.008333,0.0,0.008333,0.008333,0.0,0.916667,0.19051,-1.6,1.535327
volkan,1.0,137,137-124,0.0,0.008333,0.0,0.008333,0.008333,0.0,0.983333,0.144646,-1.84,1.873522
volkan,1.0,137,137-125,0.941667,0.3,0.7,1.0,0.941667,0.0,0.0,0.62777,0.48,0.526446
volkan,1.0,137,137-126,0.408333,0.0,0.975,0.975,0.408333,0.0,0.0,0.713851,0.88,0.928576
volkan,1.0,137,137-127,0.016667,0.058333,0.008333,0.066667,0.066667,0.0,0.45,0.31335,-0.96,0.819552
volkan,1.0,137,137-128,0.983333,0.75,0.25,1.0,0.983333,0.0,0.0,0.575605,0.56,0.30759
volkan,1.0,137,137-129,0.0,0.0,0.083333,0.083333,0.0,0.758333,0.0,0.888001,2.04,2.192873
volkan,1.0,137,137-130,0.825,0.783333,0.216667,1.0,0.933333,0.0,0.0,0.566175,0.12,0.282435
volkan,1.0,137,137-131,0.733333,0.916667,0.083333,1.0,0.991667,0.0,0.0,0.527739,-0.04,0.137075
volkan,1.0,137,137-132,0.083333,0.0,0.691667,0.691667,0.083333,0.083333,0.0,0.770483,1.0,1.240974
volkan,1.0,137,137-133,0.0,0.033333,0.0,0.033333,0.033333,0.0,0.883333,0.210736,-1.48,1.388272
volkan,1.0,137,137-134,0.308333,0.025,0.666667,0.691667,0.308333,0.075,0.0,0.743678,1.32,1.115425
volkan,1.0,137,137-135,0.216667,0.0,0.758333,0.758333,0.216667,0.025,0.0,0.753074,1.12,1.139797
volkan,1.0,137,137-136,0.841667,0.308333,0.675,0.983333,0.841667,0.0,0.0,0.643366,0.64,0.599172
volkan,1.0,137,137-137,0.25,0.808333,0.066667,0.875,0.866667,0.0,0.0,0.468467,-0.64,0.262143
volkan,1.0,137,137-138,0.858333,0.366667,0.616667,0.983333,0.858333,0.0,0.0,0.639036,0.6,0.583075
volkan,1.0,137,137-139,0.0,0.0,0.041667,0.041667,0.0,0.741667,0.0,0.882557,1.68,2.099405
volkan,1.0,137,137-140,0.0,0.0,0.0,0.0,0.0,0.0,1.0,0.063748,-2.04,2.857061
volkan,1.0,137,137-141,0.0,0.0,0.15,0.15,0.0,0.7,0.0,0.881198,2.04,2.13573
volkan,1.0,137,137-142,0.925,0.383333,0.616667,1.0,0.925,0.0,0.0,0.616974,0.28,0.48437
volkan,1.0,137,137-143,0.05,0.383333,0.016667,0.4,0.4,0.0,0.033333,0.38979,-0.6,0.482464
volkan,1.0,137,137-144,0.408333,0.0,0.841667,0.841667,0.408333,0.0,0.0,0.725505,1.32,0.999576
volkan,1.0,137,137-145,0.016667,0.0,0.55,0.55,0.016667,0.183333,0.0,0.786696,1.16,1.33836
volkan,1.0,137,137-146,0.0,0.0,0.175,0.175,0.0,0.633333,0.0,0.871567,1.88,2.036519
volkan,1.0,137,137-147,0.116667,0.975,0.008333,0.983333,0.983333,0.0,0.0,0.453641,-0.2,0.22302
volkan,1.0,137,137-148,0.058333,0.175,0.008333,0.183333,0.183333,0.0,0.133333,0.358252,-0.6,0.62413
volkan,1.0,137,137-149,0.666667,0.133333,0.816667,0.95,0.666667,0.008333,0.0,0.676905,1.12,0.760848
volkan,1.0,137,137-150,0.016667,0.033333,0.0,0.033333,0.033333,0.0,0.816667,0.235101,-1.48,1.235443
volkan,1.0,137,137-151,0.0,0.0,0.0,0.0,0.0,1.0,0.0,0.93578,2.0,2.815484
volkan,1.0,137,137-152,0.0,0.0,0.0,0.0,0.0,1.0,0.0,0.992297,2.32,5.071341
volkan,1.0,137,137-153,0.016667,0.058333,0.0,0.058333,0.058333,0.0,0.475,0.299702,-1.12,0.884185
volkan,1.0,137,137-154,0.0,0.0,0.0,0.0,0.0,1.0,0.0,0.936143,1.84,2.785706
volkan,1.0,137,137-155,0.0,0.0,0.375,0.375,0.0,0.358333,0.0,0.822448,1.48,1.587067
volkan,1.0,137,137-156,0.883333,0.283333,0.7,0.983333,0.883333,0.0,0.0,0.634686,0.64,0.561801
volkan,1.0,137,137-157,0.0,0.0,0.116667,0.116667,0.0,0.691667,0.0,0.874285,1.8,2.021616
volkan,1.0,137,137-158,0.0,0.0,0.108333,0.108333,0.0,0.633333,0.0,0.870268,1.8,2.002458
volkan,1.0,137,137-159,0.3,0.0,0.858333,0.858333,0.3,0.016667,0.0,0.732676,0.96,1.028616
volkan,1.0,137,137-160,0.35,0.958333,0.033333,0.991667,0.991667,0.0,0.0,0.483561,0.48,0.18557
volkan,1.0,137,137-161,0.391667,0.0,0.883333,0.883333,0.391667,0.0,0.0,0.717332,1.16,0.953543
volkan,1.0,137,137-162,0.025,0.041667,0.0,0.041667,0.041667,0.0,0.741667,0.254147,-1.16,1.118893
volkan,1.0,137,137-163,0.0,0.0,0.4,0.4,0.0,0.375,0.0,0.825383,1.8,1.63634
volkan,1.0,137,137-164,0.775,0.841667,0.158333,1.0,0.958333,0.0,0.0,0.545921,0.04,0.208725
volkan,1.0,137,137-165,0.0,0.0,0.058333,0.058333,0.0,0.783333,0.0,0.886685,1.64,2.138985
volkan,1.0,137,137-166,0.525,0.05,0.933333,0.983333,0.525,0.0,0.0,0.692638,1.0,0.828376
volkan,1.0,137,137-167,0.925,0.925,0.075,1.0,0.975,0.0,0.0,0.543051,-0.04,0.178113
volkan,1.0,137,137-168,0.033333,0.233333,0.008333,0.241667,0.241667,0.0,0.233333,0.361438,-0.48,0.597386
volkan,1.0,137,137-169,0.008333,0.0,0.475,0.475,0.008333,0.341667,0.0,0.81057,1.68,1.523119
volkan,1.0,137,137-170,0.316667,0.0,0.591667,0.591667,0.316667,0.191667,0.0,0.764043,1.52,1.228178
volkan,1.0,137,137-171,0.891667,0.891667,0.108333,1.0,0.991667,0.0,0.0,0.55065,0.24,0.211822
volkan,1.0,137,137-172,0.591667,0.158333,0.825,0.983333,0.591667,0.008333,0.0,0.679842,1.04,0.771413
volkan,1.0,137,137-173,0.0,0.0,0.15,0.15,0.0,0.708333,0.0,0.87676,1.84,2.063243
volkan,1.0,137,137-174,0.875,0.866667,0.133333,1.0,0.991667,0.0,0.0,0.545642,0.2,0.191711
volkan,1.0,137,137-175,0.033333,0.075,0.0,0.075,0.075,0.0,0.625,0.284435,-1.12,0.964112
volkan,1.0,137,137-176,0.0,0.0,0.341667,0.341667,0.0,0.475,0.0,0.838006,1.76,1.725033
volkan,1.0,137,137-177,0.525,0.0,0.975,0.975,0.525,0.0,0.0,0.702198,0.8,0.870683
volkan,1.0,137,137-178,0.0,0.008333,0.0,0.008333,0.008333,0.0,0.941667,0.202261,-1.32,1.41552
volkan,1.0,137,137-179,0.0,0.0,0.0,0.0,0.0,1.0,0.0,0.981558,2.28,4.175149
volkan,1.0,137,137-180,0.716667,0.825,0.175,1.0,0.983333,0.0,0.0,0.536886,0.76,0.215032
volkan,1.0,137,137-181,0.95,0.808333,0.191667,1.0,0.958333,0.0,0.0,0.56746,0.12,0.277373
volkan,1.0,137,137-182,0.0,0.008333,0.0,0.008333,0.008333,0.0,0.975,0.150869,-1.68,1.841854
volkan,1.0,137,137-183,0.95,0.566667,0.425,0.991667,0.95,0.0,0.0,0.600368,0.4,0.414329
volkan,1.0,137,137-184,0.05,0.283333,0.0,0.283333,0.283333,0.0,0.208333,0.361424,-0.76,0.601921
volkan,1.0,137,137-185,0.141667,0.65,0.041667,0.691667,0.691667,0.0,0.0,0.437348,-0.36,0.326326
volkan,1.0,137,137-186,0.008333,0.033333,0.0,0.033333,0.033333,0.0,0.866667,0.213687,-1.48,1.366894
volkan,1.0,137,137-187,0.716667,0.85,0.15,1.0,0.983333,0.0,0.0,0.539822,0.28,0.203714
volkan,1.0,137,137-188,0.158333,0.975,0.025,1.0,1.0,0.0,0.0,0.464868,-0.08,0.204407
volkan,1.0,137,137-189,0.016667,0.175,0.0,0.175,0.175,0.0,0.275,0.339207,-0.88,0.686358
volkan,1.0,137,137-190,0.058333,0.316667,0.008333,0.325,0.325,0.0,0.283333,0.357165,-1.12,0.645099
volkan,1.0,137,137-191,0.0,0.008333,0.0,0.008333,0.008333,0.0,0.966667,0.184331,-1.56,1.560099
volkan,1.0,137,137-192,0.0,0.0,0.0,0.0,0.0,0.0,1.0,0.091505,-2.16,2.477829
volkan,1.0,137,137-193,0.075,0.883333,0.008333,0.891667,0.891667,0.0,0.0,0.43906,-0.16,0.267144
volkan,1.0,137,137-194,0.0,0.0,0.0,0.0,0.0,1.0,0.0,0.951689,2.36,3.17958
volkan,1.0,137,137-195,0.158333,0.0,0.633333,0.633333,0.158333,0.166667,0.0,0.770183,1.24,1.248078
volkan,1.0,137,137-196,0.133333,0.941667,0.016667,0.958333,0.95,0.0,0.0,0.454059,-0.24,0.241413
volkan,1.0,137,137-197,0.0,0.041667,0.0,0.041667,0.041667,0.0,0.816667,0.253871,-1.0,1.108947
volkan,1.0,137,137-198,0.791667,0.85,0.15,1.0,0.966667,0.0,0.0,0.550661,-0.2,0.231226
volkan,1.0,137,137-199,0.816667,0.208333,0.791667,1.0,0.816667,0.0,0.0,0.648995,0.76,0.623439
volkan,1.0,369,369-0,0.3,0.0,0.666667,0.666667,0.3,0.125,0.0,0.757088,1.52,1.182906
volkan,1.0,369,369-1,0.591667,0.15,0.808333,0.958333,0.591667,0.008333,0.0,0.683397,1.24,0.79053
volkan,1.0,369,369-2,0.0,0.0,0.0,0.0,0.0,0.875,0.0,0.908594,2.04,2.42749
volkan,1.0,369,369-3,0.016667,0.225,0.0,0.225,0.225,0.0,0.2,0.35205,-0.88,0.631614
volkan,1.0,369,369-4,0.308333,0.0,0.675,0.675,0.308333,0.083333,0.0,0.7527,1.4,1.155459
volkan,1.0,369,369-5,0.525,0.0,0.966667,0.966667,0.525,0.016667,0.0,0.704711,0.88,0.891888
volkan,1.0,369,369-6,0.05,0.158333,0.033333,0.191667,0.191667,0.0,0.233333,0.352096,-0.88,0.664867
volkan,1.0,369,369-7,0.283333,0.0,0.608333,0.608333,0.283333,0.116667,0.0,0.757732,1.44,1.1896
volkan,1.0,369,369-8,0.775,0.316667,0.666667,0.983333,0.775,0.008333,0.0,0.647526,0.56,0.623499
volkan,1.0,369,369-9,0.0,0.0,0.0,0.0,0.0,1.0,0.0,0.953237,2.16,3.178125
volkan,1.0,369,369-10,0.0,0.0,0.3,0.3,0.0,0.458333,0.0,0.84315,1.68,1.751287
volkan,1.0,369,369-11,0.0,0.0,0.0,0.0,0.0,0.0,1.0,0.025788,-2.36,3.89483
volkan,1.0,369,369-12,0.158333,0.975,0.016667,0.991667,0.991667,0.0,0.0,0.463532,0.04,0.208751
volkan,1.0,369,369-13,0.508333,0.05,0.916667,0.966667,0.508333,0.0,0.0,0.699941,1.08,0.864398
volkan,1.0,369,369-14,0.0,0.0,0.0,0.0,0.0,0.0,1.0,0.040486,-1.92,3.328504
volkan,1.0,369,369-15,0.0,0.0,0.0,0.0,0.0,0.0,1.0,0.050751,-2.32,3.1302
volkan,1.0,369,369-16,0.525,0.0,0.891667,0.891667,0.525,0.0,0.0,0.704028,1.08,0.888113
volkan,1.0,369,369-17,0.0,0.0,0.0,0.0,0.0,0.0,0.983333,0.128634,-1.76,2.029188
volkan,1.0,369,369-18,0.0,0.0,0.0,0.0,0.0,0.966667,0.0,0.929352,2.28,2.756769
volkan,1.0,369,369-19,0.025,0.166667,0.008333,0.175,0.175,0.0,0.325,0.340914,-1.04,0.685115
volkan,1.0,369,369-20,0.95,0.491667,0.5,0.991667,0.95,0.0,0.0,0.61021,0.68,0.455807
volkan,1.0,369,369-21,0.0,0.0,0.05,0.05,0.0,0.65,0.0,0.8799,1.84,2.092717
volkan,1.0,369,369-22,0.191667,0.858333,0.025,0.883333,0.875,0.0,0.0,0.460848,-0.32,0.246898
volkan,1.0,369,369-23,0.0,0.0,0.025,0.025,0.0,0.733333,0.0,0.884854,1.72,2.126152
volkan,1.0,369,369-24,0.216667,0.891667,0.041667,0.933333,0.925,0.0,0.0,0.466236,-0.4,0.232911
volkan,1.0,369,369-25,0.166667,0.958333,0.041667,1.0,0.991667,0.0,0.0,0.46607,-0.12,0.224431
volkan,1.0,369,369-26,0.0,0.0,0.025,0.025,0.0,0.616667,0.0,0.878565,1.68,2.075075
volkan,1.0,369,369-27,0.183333,0.816667,0.033333,0.85,0.85,0.0,0.0,0.462154,-0.24,0.221993
volkan,1.0,369,369-28,0.016667,0.066667,0.0,0.066667,0.066667,0.0,0.466667,0.300945,-0.84,0.866173
volkan,1.0,369,369-29,0.416667,0.0,0.808333,0.808333,0.416667,0.0,0.0,0.721865,1.28,0.985279
volkan,1.0,369,369-30,0.075,0.0,0.491667,0.491667,0.075,0.216667,0.0,0.798992,1.36,1.418815
volkan,1.0,369,369-31,0.95,0.575,0.416667,0.991667,0.95,0.0,0.0,0.604675,0.52,0.431467
volkan,1.0,369,369-32,0.241667,0.966667,0.033333,1.0,1.0,0.0,0.0,0.471866,-0.04,0.198512
volkan,1.0,369,369-33,0.0,0.0,0.0,0.0,0.0,0.0,0.975,0.103161,-1.72,2.293141
volkan,1.0,369,369-34,0.083333,0.658333,0.016667,0.675,0.675,0.0,0.0,0.422534,-0.48,0.366262
volkan,1.0,369,369-35,0.783333,0.258333,0.733333,0.991667,0.783333,0.008333,0.0,0.646137,0.92,0.614358
volkan,1.0,369,369-36,0.175,0.75,0.033333,0.783333,0.775,0.0,0.0,0.453777,-0.24,0.288284
volkan,1.0,369,369-37,0.0,0.0,0.341667,0.341667,0.0,0.483333,0.0,0.831868,1.72,1.678741
volkan,1.0,369,369-38,0.575,0.15,0.8,0.95,0.575,0.008333,0.0,0.68433,1.04,0.79931
volkan,1.0,369,369-39,0.141667,0.0,0.458333,0.458333,0.141667,0.333333,0.0,0.798157,1.68,1.448337
volkan,1.0,369,369-40,0.133333,0.0,0.8,0.8,0.133333,0.008333,0.0,0.755499,0.72,1.142745
volkan,1.0,369,369-41,0.05,0.408333,0.016667,0.425,0.425,0.0,0.0,0.407715,-0.24,0.409055
volkan,1.0,369,369-42,0.066667,0.425,0.008333,0.433333,0.433333,0.0,0.116667,0.386862,-0.8,0.492808
volkan,1.0,369,369-43,0.008333,0.058333,0.0,0.058333,0.058333,0.0,0.766667,0.235113,-1.48,1.251613
volkan,1.0,369,369-44,0.033333,0.225,0.0,0.225,0.225,0.0,0.35,0.34662,-0.88,0.662037
volkan,1.0,369,369-45,0.958333,0.566667,0.408333,0.975,0.958333,0.0,0.0,0.596251,0.28,0.397999
volkan,1.0,369,369-46,0.316667,0.0,0.708333,0.708333,0.316667,0.033333,0.0,0.748766,1.04,1.123301
volkan,1.0,369,369-47,0.016667,0.083333,0.008333,0.091667,0.091667,0.0,0.525,0.297798,-1.12,0.905594
volkan,1.0,369,369-48,0.658333,0.083333,0.908333,0.991667,0.658333,0.008333,0.0,0.673772,0.6,0.735592
volkan,1.0,369,369-49,0.0,0.016667,0.0,0.016667,0.016667,0.0,0.95,0.174017,-1.52,1.627692
volkan,1.0,369,369-50,0.0,0.033333,0.0,0.033333,0.033333,0.0,0.858333,0.206554,-1.64,1.429653
volkan,1.0,369,369-51,0.216667,0.0,0.558333,0.558333,0.216667,0.183333,0.0,0.774354,1.64,1.289526
volkan,1.0,369,369-52,0.0,0.0,0.0,0.0,0.0,1.0,0.0,0.926099,2.2,2.687705
volkan,1.0,369,369-53,0.016667,0.0,0.675,0.675,0.016667,0.133333,0.0,0.780058,1.04,1.292721
volkan,1.0,369,369-54,0.016667,0.291667,0.0,0.291667,0.291667,0.0,0.016667,0.385498,-0.48,0.478772
volkan,1.0,369,369-55,0.0,0.0,0.175,0.175,0.0,0.525,0.0,0.855788,1.64,1.855609
volkan,1.0,369,369-56,0.433333,0.025,0.9,0.925,0.433333,0.008333,0.0,0.706864,0.88,0.902496
volkan,1.0,369,369-57,0.058333,0.433333,0.025,0.458333,0.458333,0.0,0.041667,0.403675,-0.64,0.437694
volkan,1.0,369,369-58,0.016667,0.033333,0.0,0.033333,0.033333,0.0,0.816667,0.209515,-1.84,1.429777
volkan,1.0,369,369-59,0.458333,0.025,0.9,0.925,0.458333,0.025,0.0,0.707833,1.04,0.909818
volkan,1.0,369,369-60,0.791667,0.9,0.1,1.0,0.966667,0.0,0.0,0.541567,0.4,0.19405
volkan,1.0,369,369-61,0.0,0.0,0.0,0.0,0.0,0.0,0.983333,0.132636,-1.6,1.98627
volkan,1.0,369,369-62,0.766667,0.008333,0.958333,0.966667,0.766667,0.016667,0.0,0.668267,0.6,0.713211
volkan,1.0,369,369-63,0.0,0.008333,0.0,0.008333,0.008333,0.0,0.983333,0.125032,-1.96,2.079555
volkan,1.0,369,369-64,0.208333,0.833333,0.033333,0.866667,0.866667,0.0,0.0,0.456652,-0.12,0.266611
volkan,1.0,369,369-65,0.0,0.0,0.208333,0.208333,0.0,0.483333,0.0,0.848818,1.64,1.792284
volkan,1.0,369,369-66,0.016667,0.083333,0.0,0.083333,0.083333,0.0,0.65,0.265528,-1.24,1.073121
volkan,1.0,369,369-67,0.0,0.0,0.1,0.1,0.0,0.741667,0.0,0.88738,1.96,2.187894
volkan,1.0,369,369-68,0.0,0.0,0.575,0.575,0.0,0.216667,0.0,0.794466,1.12,1.384915
volkan,1.0,369,369-69,0.016667,0.033333,0.0,0.033333,0.033333,0.0,0.875,0.209532,-1.28,1.399477
volkan,1.0,369,369-70,0.0,0.0,0.0,0.0,0.0,0.775,0.0,0.892716,1.76,2.215994
volkan,1.0,369,369-71,0.258333,0.983333,0.016667,1.0,0.991667,0.0,0.0,0.481333,0.04,0.150941
volkan,1.0,369,369-72,0.016667,0.15,0.0,0.15,0.15,0.0,0.391667,0.323703,-1.08,0.764347
volkan,1.0,369,369-73,0.166667,0.0,0.6,0.6,0.166667,0.125,0.0,0.770451,1.24,1.2512
volkan,1.0,369,369-74,0.0,0.0,0.0,0.0,0.0,1.0,0.0,0.927078,1.88,2.655773
volkan,1.0,369,369-75,0.05,0.0,0.458333,0.458333,0.05,0.408333,0.0,0.820743,1.76,1.605241
volkan,1.0,369,369-76,0.525,0.108333,0.85,0.958333,0.525,0.0,0.0,0.692801,1.12,0.834948
volkan,1.0,369,369-77,0.05,0.0,0.533333,0.533333,0.05,0.208333,0.0,0.793583,1.4,1.385016
volkan,1.0,369,369-78,0.0,0.0,0.258333,0.258333,0.0,0.55,0.0,0.850425,1.68,1.8228
volkan,1.0,369,369-79,0.0,0.0,0.0,0.0,0.0,1.0,0.0,0.965517,2.28,3.515781
volkan,1.0,369,369-80,0.041667,0.0,0.525,0.525,0.041667,0.275,0.0,0.80159,1.52,1.45284
volkan,1.0,369,369-81,0.925,0.208333,0.783333,0.991667,0.925,0.0,0.0,0.641099,0.48,0.586039
volkan,1.0,369,369-82,0.0,0.0,0.0,0.0,0.0,0.75,0.0,0.893061,1.76,2.212617
volkan,1.0,369,369-83,0.033333,0.183333,0.008333,0.191667,0.191667,0.0,0.383333,0.335862,-0.92,0.723649
volkan,1.0,369,369-84,0.0,0.0,0.0,0.0,0.0,0.775,0.0,0.898708,1.96,2.299402
volkan,1.0,369,369-85,0.0,0.0,0.0,0.0,0.0,1.0,0.0,0.963332,2.4,3.481478
volkan,1.0,369,369-86,0.016667,0.125,0.0,0.125,0.125,0.0,0.283333,0.335391,-0.8,0.702589
volkan,1.0,369,369-87,0.0,0.0,0.191667,0.191667,0.0,0.591667,0.0,0.860036,1.96,1.9243
volkan,1.0,369,369-88,0.0,0.0,0.166667,0.166667,0.0,0.591667,0.0,0.866269,1.96,1.973585
volkan,1.0,369,369-89,0.0,0.008333,0.0,0.008333,0.008333,0.0,0.858333,0.233587,-1.28,1.228161
volkan,1.0,369,369-90,0.0,0.0,0.0,0.0,0.0,0.0,1.0,0.08315,-2.12,2.579139
volkan,1.0,369,369-91,0.0,0.0,0.0,0.0,0.0,1.0,0.0,0.981831,2.32,4.191007
volkan,1.0,369,369-92,0.0,0.0,0.0,0.0,0.0,0.0,1.0,0.082045,-1.96,2.555322
volkan,1.0,369,369-93,0.0,0.0,0.0,0.0,0.0,1.0,0.0,0.920159,2.0,2.567022
volkan,1.0,369,369-94,0.0,0.0,0.0,0.0,0.0,1.0,0.0,0.943374,2.04,2.951976
volkan,1.0,369,369-95,0.008333,0.025,0.0,0.025,0.025,0.0,0.825,0.227127,-1.48,1.290839
volkan,1.0,369,369-96,0.425,0.891667,0.108333,1.0,0.966667,0.0,0.0,0.508664,0.4,0.229742
volkan,1.0,369,369-97,0.0,0.0,0.0,0.0,0.0,0.0,1.0,0.104894,-2.04,2.266973
volkan,1.0,369,369-98,0.083333,0.516667,0.016667,0.533333,0.525,0.0,0.083333,0.402812,-0.52,0.455767
volkan,1.0,369,369-99,0.0,0.0,0.0,0.0,0.0,0.0,1.0,0.045716,-2.24,3.185701
volkan,1.0,369,369-100,0.0,0.0,0.0,0.0,0.0,1.0,0.0,0.973199,2.36,3.802657
volkan,1.0,369,369-101,0.016667,0.075,0.0,0.075,0.075,0.0,0.525,0.30282,-1.04,0.864601
volkan,1.0,369,369-102,0.125,0.475,0.041667,0.516667,0.516667,0.0,0.0,0.42217,-0.6,0.391282
volkan,1.0,369,369-103,0.0,0.0,0.0,0.0,0.0,0.0,0.991667,0.087757,-2.08,2.520442
volkan,1.0,369,369-104,0.0,0.0,0.108333,0.108333,0.0,0.583333,0.0,0.867956,1.84,1.973577
volkan,1.0,369,369-105,0.508333,0.0,0.875,0.875,0.508333,0.0,0.0,0.708417,1.08,0.911255
volkan,1.0,369,369-106,0.0,0.0,0.1,0.1,0.0,0.616667,0.0,0.870461,1.68,1.99214
volkan,1.0,369,369-107,0.841667,0.075,0.891667,0.966667,0.841667,0.008333,0.0,0.658808,0.44,0.669488
volkan,1.0,369,369-108,0.458333,0.933333,0.066667,1.0,0.975,0.0,0.0,0.514762,-0.08,0.138139
volkan,1.0,369,369-109,0.958333,0.458333,0.541667,1.0,0.958333,0.0,0.0,0.611151,0.76,0.459358
volkan,1.0,369,369-110,0.0,0.0,0.0,0.0,0.0,1.0,0.0,0.945337,1.96,2.985824
volkan,1.0,369,369-111,0.075,0.0,0.7,0.7,0.075,0.033333,0.0,0.766124,1.04,1.209286
volkan,1.0,369,369-112,0.0,0.025,0.0,0.025,0.025,0.0,0.733333,0.269646,-1.08,1.020546
volkan,1.0,369,369-113,0.408333,0.0,0.808333,0.808333,0.408333,0.05,0.0,0.733438,1.08,1.046294
volkan,1.0,369,369-114,0.6,0.008333,0.975,0.983333,0.6,0.008333,0.0,0.68598,0.84,0.796083
volkan,1.0,369,369-115,0.033333,0.308333,0.008333,0.316667,0.316667,0.0,0.016667,0.387378,-0.44,0.485575
volkan,1.0,369,369-116,0.675,0.208333,0.758333,0.966667,0.675,0.0,0.0,0.668434,1.08,0.721299
volkan,1.0,369,369-117,0.008333,0.075,0.0,0.075,0.075,0.0,0.708333,0.259613,-1.48,1.10639
volkan,1.0,369,369-118,0.0,0.0,0.175,0.175,0.0,0.658333,0.0,0.87437,1.88,2.053554
volkan,1.0,369,369-119,0.0,0.0,0.216667,0.216667,0.0,0.6,0.0,0.860052,1.76,1.917221
volkan,1.0,369,369-120,0.0,0.008333,0.0,0.008333,0.008333,0.0,0.975,0.158358,-1.6,1.74855
volkan,1.0,369,369-121,0.0,0.008333,0.0,0.008333,0.008333,0.0,0.941667,0.179265,-1.64,1.609383
volkan,1.0,369,369-122,0.0,0.0,0.125,0.125,0.0,0.6,0.0,0.871086,1.76,2.015801
volkan,1.0,369,369-123,0.0,0.0,0.0,0.0,0.0,0.9,0.0,0.914561,1.92,2.475534
volkan,1.0,369,369-124,0.0,0.0,0.0,0.0,0.0,0.0,1.0,0.090301,-1.88,2.481848
volkan,1.0,369,369-125,0.0,0.0,0.075,0.075,0.0,0.666667,0.0,0.884141,1.96,2.153829
volkan,1.0,369,369-126,0.0,0.0,0.25,0.25,0.0,0.516667,0.0,0.850011,1.96,1.836894
volkan,1.0,369,369-127,0.0,0.0,0.0,0.0,0.0,0.891667,0.0,0.90795,1.88,2.402458
volkan,1.0,369,369-128,0.291667,0.0,0.783333,0.783333,0.291667,0.016667,0.0,0.745647,1.08,1.098192
volkan,1.0,369,369-129,0.0,0.0,0.0,0.0,0.0,1.0,0.0,0.956361,2.2,3.257688
volkan,1.0,369,369-130,0.0,0.0,0.341667,0.341667,0.0,0.416667,0.0,0.829106,1.48,1.636923
volkan,1.0,369,369-131,0.075,0.0,0.45,0.45,0.075,0.308333,0.0,0.808948,1.52,1.499304
volkan,1.0,369,369-132,0.116667,0.0,0.583333,0.583333,0.116667,0.225,0.0,0.787861,1.48,1.363267
volkan,1.0,369,369-133,0.0,0.0,0.0,0.0,0.0,0.0,0.975,0.148952,-1.64,1.841236
volkan,1.0,369,369-134,0.3,0.0,0.6,0.6,0.3,0.2,0.0,0.761017,1.64,1.225019
volkan,1.0,369,369-135,0.0,0.0,0.0,0.0,0.0,1.0,0.0,0.965818,2.24,3.528776
volkan,1.0,369,369-136,0.0,0.0,0.0,0.0,0.0,0.991667,0.0,0.925528,2.04,2.650942
volkan,1.0,369,369-137,0.033333,0.225,0.0,0.225,0.225,0.0,0.141667,0.363339,-0.56,0.579313
volkan,1.0,369,369-138,0.0,0.0,0.066667,0.066667,0.0,0.766667,0.0,0.888034,1.92,2.177213
volkan,1.0,369,369-139,0.108333,0.0,0.566667,0.566667,0.108333,0.225,0.0,0.784755,1.4,1.34102
volkan,1.0,369,369-140,0.0,0.0,0.0,0.0,0.0,0.0,0.983333,0.137905,-1.76,1.929487
volkan,1.0,369,369-141,0.158333,0.9,0.008333,0.908333,0.908333,0.0,0.0,0.452054,-0.16,0.242376
volkan,1.0,369,369-142,0.0,0.0,0.0,0.0,0.0,0.0,0.975,0.109876,-2.08,2.258261
volkan,1.0,369,369-143,0.0,0.0,0.133333,0.133333,0.0,0.6,0.0,0.869342,1.76,1.993541
volkan,1.0,369,369-144,0.858333,0.65,0.35,1.0,0.966667,0.0,0.0,0.578125,0.68,0.327055
volkan,1.0,369,369-145,0.008333,0.025,0.0,0.025,0.025,0.0,0.833333,0.212534,-1.56,1.391436
volkan,1.0,369,369-146,0.15,0.0,0.575,0.575,0.15,0.25,0.0,0.789176,1.6,1.377762
volkan,1.0,369,369-147,0.608333,0.075,0.866667,0.941667,0.608333,0.008333,0.0,0.68588,0.64,0.797376
volkan,1.0,369,369-148,0.033333,0.091667,0.025,0.116667,0.116667,0.0,0.491667,0.322689,-0.96,0.784877
volkan,1.0,369,369-149,0.0,0.0,0.075,0.075,0.0,0.7,0.0,0.876685,1.72,2.039408
volkan,1.0,369,369-150,0.016667,0.0,0.541667,0.541667,0.016667,0.166667,0.0,0.792527,1.24,1.372579
volkan,1.0,369,369-151,0.858333,0.875,0.125,1.0,0.975,0.0,0.0,0.552064,0.32,0.227412
volkan,1.0,369,369-152,0.475,0.0,0.908333,0.908333,0.475,0.0,0.0,0.710154,1.2,0.916563
volkan,1.0,369,369-153,0.0,0.0,0.008333,0.008333,0.0,0.816667,0.0,0.900154,1.92,2.314084
volkan,1.0,369,369-154,0.0,0.0,0.0,0.0,0.0,0.0,1.0,0.074913,-2.0,2.650094
volkan,1.0,369,369-155,0.0,0.0,0.0,0.0,0.0,0.916667,0.0,0.917106,2.12,2.5417
volkan,1.0,369,369-156,0.0,0.033333,0.0,0.033333,0.033333,0.0,0.658333,0.255763,-1.4,1.117058
volkan,1.0,369,369-157,0.133333,0.716667,0.0,0.716667,0.716667,0.0,0.008333,0.427808,-0.72,0.319428
volkan,1.0,369,369-158,0.0,0.0,0.208333,0.208333,0.0,0.55,0.0,0.855455,1.6,1.855321
volkan,1.0,369,369-159,0.791667,0.833333,0.166667,1.0,0.983333,0.0,0.0,0.547107,0.28,0.212347
volkan,1.0,369,369-160,0.0,0.0,0.0,0.0,0.0,1.0,0.0,0.927881,2.12,2.714143
volkan,1.0,369,369-161,0.033333,0.141667,0.016667,0.158333,0.158333,0.0,0.25,0.344753,-0.72,0.67704
volkan,1.0,369,369-162,0.85,0.916667,0.083333,1.0,1.0,0.0,0.0,0.536026,0.12,0.15841
volkan,1.0,369,369-163,0.0,0.0,0.0,0.0,0.0,0.0,1.0,0.044236,-2.2,3.268369
volkan,1.0,369,369-164,0.0,0.0,0.0,0.0,0.0,0.816667,0.0,0.904868,2.0,2.386731
volkan,1.0,369,369-165,0.0,0.016667,0.0,0.016667,0.016667,0.0,0.908333,0.212497,-1.48,1.372447
volkan,1.0,369,369-166,0.0,0.0,0.0,0.0,0.0,1.0,0.0,0.93797,2.12,2.858717
volkan,1.0,369,369-167,0.0,0.0,0.283333,0.283333,0.0,0.483333,0.0,0.844312,1.72,1.75764
volkan,1.0,369,369-168,0.0,0.0,0.0,0.0,0.0,0.883333,0.0,0.912186,1.88,2.461631
volkan,1.0,369,369-169,0.216667,0.966667,0.008333,0.975,0.975,0.0,0.0,0.470419,-0.12,0.189521
volkan,1.0,369,369-170,0.066667,0.0,0.625,0.625,0.066667,0.05,0.0,0.774929,0.96,1.262934
volkan,1.0,369,369-171,0.25,0.908333,0.091667,1.0,0.975,0.0,0.0,0.496809,-0.04,0.180094
volkan,1.0,369,369-172,0.816667,0.233333,0.758333,0.991667,0.816667,0.0,0.0,0.645812,0.64,0.61188
volkan,1.0,369,369-173,0.933333,0.55,0.45,1.0,0.933333,0.0,0.0,0.608707,0.04,0.449085
volkan,1.0,369,369-174,0.25,0.0,0.591667,0.591667,0.25,0.15,0.0,0.764049,1.52,1.227284
volkan,1.0,369,369-175,0.216667,0.966667,0.033333,1.0,1.0,0.0,0.0,0.470367,0.04,0.191983
volkan,1.0,369,369-176,0.25,0.0,0.625,0.625,0.25,0.091667,0.0,0.762752,1.28,1.203328
volkan,1.0,369,369-177,0.0,0.0,0.016667,0.016667,0.0,0.783333,0.0,0.89507,2.08,2.275819
volkan,1.0,369,369-178,0.1,0.45,0.025,0.475,0.475,0.0,0.0,0.405713,-0.44,0.439647
volkan,1.0,369,369-179,0.0,0.0,0.0,0.0,0.0,0.0,0.958333,0.189897,-1.2,1.493233
volkan,1.0,369,369-180,0.383333,0.0,0.95,0.95,0.383333,0.0,0.0,0.717548,0.96,0.945452
volkan,1.0,369,369-181,0.425,0.0,0.908333,0.908333,0.425,0.008333,0.0,0.727063,1.04,1.001013
volkan,1.0,369,369-182,0.016667,0.0,0.425,0.425,0.016667,0.341667,0.0,0.80969,1.68,1.510765
volkan,1.0,369,369-183,0.75,0.091667,0.908333,1.0,0.75,0.0,0.0,0.668178,0.68,0.706904
volkan,1.0,369,369-184,0.941667,0.583333,0.408333,0.991667,0.941667,0.008333,0.0,0.604029,0.52,0.431387
volkan,1.0,369,369-185,0.0,0.0,0.0,0.0,0.0,0.0,0.966667,0.152667,-1.88,1.827421
volkan,1.0,369,369-186,0.075,0.591667,0.016667,0.608333,0.608333,0.0,0.0,0.422818,-0.36,0.353864
volkan,1.0,369,369-187,0.658333,0.883333,0.116667,1.0,0.941667,0.0,0.0,0.537174,-0.04,0.184369
volkan,1.0,369,369-188,0.025,0.191667,0.0,0.191667,0.191667,0.0,0.308333,0.340894,-0.72,0.685731
volkan,1.0,369,369-189,0.641667,0.175,0.8,0.975,0.641667,0.0,0.0,0.673933,0.92,0.743833
volkan,1.0,369,369-190,0.191667,0.0,0.45,0.45,0.191667,0.266667,0.0,0.790059,1.64,1.390535
volkan,1.0,369,369-191,0.575,0.033333,0.933333,0.966667,0.575,0.008333,0.0,0.693987,0.96,0.837642
volkan,1.0,369,369-192,0.2,0.95,0.05,1.0,0.991667,0.0,0.0,0.483186,-0.24,0.182158
volkan,1.0,369,369-193,0.958333,0.291667,0.683333,0.975,0.958333,0.0,0.0,0.632107,0.48,0.548079
volkan,1.0,369,369-194,0.15,0.0,0.566667,0.566667,0.15,0.191667,0.0,0.777609,1.36,1.301809
volkan,1.0,369,369-195,0.0,0.0,0.0,0.0,0.0,0.0,1.0,0.035776,-2.32,3.47825
volkan,1.0,369,369-196,0.358333,0.975,0.025,1.0,1.0,0.0,0.0,0.494177,0.24,0.125639
volkan,1.0,369,369-197,0.0,0.0,0.0,0.0,0.0,0.0,1.0,0.10531,-2.2,2.296949
volkan,1.0,369,369-198,0.15,0.0,0.658333,0.658333,0.15,0.075,0.0,0.766981,1.16,1.222779
volkan,1.0,369,369-199,0.0,0.0,0.0,0.0,0.0,0.0,1.0,0.092927,-1.72,2.38409
volkan,1.0,1024,1024-0,0.258333,0.966667,0.033333,1.0,1.0,0.0,0.0,0.48242,-0.08,0.175032
volkan,1.0,1024,1024-1,0.983333,0.583333,0.408333,0.991667,0.983333,0.0,0.0,0.595485,0.48,0.390822
volkan,1.0,1024,1024-2,0.0,0.0,0.0,0.0,0.0,1.0,0.0,0.97191,2.32,3.741451
volkan,1.0,1024,1024-3,0.658333,0.125,0.858333,0.983333,0.658333,0.008333,0.0,0.677058,1.08,0.756984
volkan,1.0,1024,1024-4,0.0,0.0,0.0,0.0,0.0,0.983333,0.0,0.925391,2.0,2.646919
volkan,1.0,1024,1024-5,0.233333,0.0,0.666667,0.666667,0.233333,0.083333,0.0,0.762817,1.04,1.207462
volkan,1.0,1024,1024-6,0.95,0.8,0.2,1.0,0.966667,0.0,0.0,0.57143,0.28,0.29223
volkan,1.0,1024,1024-7,0.033333,0.258333,0.008333,0.266667,0.266667,0.0,0.091667,0.367527,-0.76,0.567947
volkan,1.0,1024,1024-8,0.691667,0.941667,0.058333,1.0,1.0,0.0,0.0,0.518918,0.12,0.108076
volkan,1.0,1024,1024-9,0.108333,0.0,0.508333,0.508333,0.108333,0.2,0.0,0.790014,1.36,1.366827
volkan,1.0,1024,1024-10,0.0,0.008333,0.0,0.008333,0.008333,0.0,0.925,0.184389,-1.44,1.558769
volkan,1.0,1024,1024-11,0.75,0.925,0.075,1.0,0.983333,0.0,0.0,0.535431,0.32,0.165414
volkan,1.0,1024,1024-12,0.0,0.0,0.0,0.0,0.0,1.0,0.0,0.937506,2.2,2.869174
volkan,1.0,1024,1024-13,0.0,0.0,0.3,0.3,0.0,0.5,0.0,0.841248,1.64,1.736118
volkan,1.0,1024,1024-14,0.375,0.0,0.858333,0.858333,0.375,0.008333,0.0,0.725668,1.08,0.996785
volkan,1.0,1024,1024-15,0.441667,0.958333,0.041667,1.0,0.975,0.0,0.0,0.507528,0.2,0.137214
volkan,1.0,1024,1024-16,0.008333,0.091667,0.008333,0.1,0.1,0.0,0.491667,0.305596,-0.88,0.852447
volkan,1.0,1024,1024-17,0.0,0.0,0.0,0.0,0.0,1.0,0.0,0.958206,2.08,3.280358
volkan,1.0,1024,1024-18,0.008333,0.0,0.516667,0.516667,0.008333,0.241667,0.0,0.800742,1.4,1.439532
volkan,1.0,1024,1024-19,0.016667,0.041667,0.0,0.041667,0.041667,0.0,0.691667,0.262037,-1.28,1.083044
volkan,1.0,1024,1024-20,0.033333,0.125,0.0,0.125,0.125,0.0,0.225,0.339067,-0.6,0.681344
volkan,1.0,1024,1024-21,0.108333,0.475,0.016667,0.491667,0.491667,0.0,0.091667,0.403579,-0.72,0.435041
volkan,1.0,1024,1024-22,0.675,0.866667,0.133333,1.0,0.966667,0.0,0.0,0.538384,0.48,0.228869
volkan,1.0,1024,1024-23,0.0,0.0,0.5,0.5,0.0,0.25,0.0,0.801356,1.4,1.438664
volkan,1.0,1024,1024-24,0.0,0.0,0.008333,0.008333,0.0,0.816667,0.0,0.903049,2.0,2.363289
volkan,1.0,1024,1024-25,0.925,0.766667,0.233333,1.0,0.95,0.0,0.0,0.571387,0.36,0.294082
volkan,1.0,1024,1024-26,0.0,0.0,0.016667,0.016667,0.0,0.758333,0.0,0.890941,1.92,2.213878
volkan,1.0,1024,1024-27,0.0,0.033333,0.0,0.033333,0.033333,0.0,0.858333,0.196011,-1.64,1.493954
volkan,1.0,1024,1024-28,0.091667,0.0,0.433333,0.433333,0.091667,0.366667,0.0,0.807662,1.72,1.515928
volkan,1.0,1024,1024-29,0.0,0.0,0.308333,0.308333,0.0,0.458333,0.0,0.83352,1.72,1.684978
volkan,1.0,1024,1024-30,0.0,0.0,0.0,0.0,0.0,0.841667,0.0,0.908732,2.08,2.436559
volkan,1.0,1024,1024-31,0.0,0.0,0.066667,0.066667,0.0,0.658333,0.0,0.875178,1.72,2.038561
volkan,1.0,1024,1024-32,0.0,0.0,0.125,0.125,0.0,0.708333,0.0,0.884055,2.0,2.142
volkan,1.0,1024,1024-33,0.0,0.0,0.0,0.0,0.0,0.0,1.0,0.094006,-2.08,2.394856
volkan,1.0,1024,1024-34,0.308333,0.933333,0.066667,1.0,0.983333,0.0,0.0,0.493608,0.32,0.180397
volkan,1.0,1024,1024-35,0.0,0.008333,0.0,0.008333,0.008333,0.0,0.975,0.133414,-1.88,1.989643
volkan,1.0,1024,1024-36,0.958333,0.866667,0.133333,1.0,0.991667,0.0,0.0,0.547162,0.24,0.192805
volkan,1.0,1024,1024-37,0.0,0.0,0.0,0.0,0.0,0.0,1.0,0.091209,-2.16,2.470809
volkan,1.0,1024,1024-38,0.0,0.0,0.15,0.15,0.0,0.591667,0.0,0.862923,1.68,1.913845
volkan,1.0,1024,1024-39,0.291667,0.95,0.05,1.0,0.975,0.0,0.0,0.486234,-0.12,0.18879
volkan,1.0,1024,1024-40,0.0,0.0,0.108333,0.108333,0.0,0.675,0.0,0.880128,1.96,2.111133
volkan,1.0,1024,1024-41,0.141667,0.675,0.025,0.7,0.7,0.0,0.0,0.435899,-0.16,0.325907
volkan,1.0,1024,1024-42,0.933333,0.433333,0.558333,0.991667,0.933333,0.0,0.0,0.615995,0.52,0.480886
volkan,1.0,1024,1024-43,0.0,0.0,0.233333,0.233333,0.0,0.491667,0.0,0.849842,1.76,1.814308
volkan,1.0,1024,1024-44,0.008333,0.058333,0.0,0.058333,0.058333,0.0,0.708333,0.244055,-1.56,1.197703
volkan,1.0,1024,1024-45,0.0,0.0,0.0,0.0,0.0,0.0,0.991667,0.113608,-1.68,2.167038
volkan,1.0,1024,1024-46,0.0,0.0,0.0,0.0,0.0,1.0,0.0,0.972282,2.28,3.754948
volkan,1.0,1024,1024-47,0.0,0.0,0.0,0.0,0.0,0.0,0.966667,0.141617,-1.76,1.912901
volkan,1.0,1024,1024-48,0.25,0.0,0.866667,0.866667,0.25,0.033333,0.0,0.738974,0.88,1.060461
volkan,1.0,1024,1024-49,0.0,0.0,0.133333,0.133333,0.0,0.641667,0.0,0.873187,1.84,2.029273
volkan,1.0,1024,1024-50,0.041667,0.0,0.541667,0.541667,0.041667,0.2,0.0,0.783772,1.32,1.327044
volkan,1.0,1024,1024-51,0.0,0.0,0.0,0.0,0.0,0.0,0.991667,0.112621,-1.96,2.203164
volkan,1.0,1024,1024-52,0.0,0.0,0.4,0.4,0.0,0.4,0.0,0.826717,1.52,1.630262
volkan,1.0,1024,1024-53,0.216667,0.0,0.7,0.7,0.216667,0.041667,0.0,0.75443,1.04,1.148405
volkan,1.0,1024,1024-54,0.0,0.0,0.316667,0.316667,0.0,0.441667,0.0,0.832547,1.48,1.662272
volkan,1.0,1024,1024-55,0.0,0.0,0.0,0.0,0.0,0.0,1.0,0.076865,-2.16,2.707976
volkan,1.0,1024,1024-56,0.8,0.333333,0.65,0.983333,0.8,0.0,0.0,0.641608,0.68,0.595814
volkan,1.0,1024,1024-57,0.008333,0.191667,0.0,0.191667,0.191667,0.0,0.3,0.338169,-0.88,0.688468
volkan,1.0,1024,1024-58,0.0,0.016667,0.0,0.016667,0.016667,0.0,0.95,0.180883,-1.56,1.58681
volkan,1.0,1024,1024-59,0.933333,0.541667,0.441667,0.983333,0.933333,0.0,0.0,0.600246,0.4,0.414604
volkan,1.0,1024,1024-60,0.0,0.0,0.0,0.0,0.0,0.0,0.941667,0.147256,-1.96,1.905844
volkan,1.0,1024,1024-61,0.733333,0.858333,0.141667,1.0,0.975,0.0,0.0,0.547581,-0.2,0.217335
volkan,1.0,1024,1024-62,0.033333,0.066667,0.0,0.066667,0.066667,0.0,0.558333,0.29032,-1.16,0.935386
volkan,1.0,1024,1024-63,0.266667,0.925,0.075,1.0,0.991667,0.0,0.0,0.485209,-0.32,0.194101
volkan,1.0,1024,1024-64,0.875,0.816667,0.183333,1.0,0.95,0.0,0.0,0.564344,0.44,0.272551
volkan,1.0,1024,1024-65,0.0,0.0,0.0,0.0,0.0,0.0,1.0,0.086833,-2.16,2.4893
volkan,1.0,1024,1024-66,0.975,0.566667,0.433333,1.0,0.975,0.0,0.0,0.596013,0.44,0.394007
volkan,1.0,1024,1024-67,0.066667,0.0,0.416667,0.416667,0.066667,0.4,0.0,0.816388,1.8,1.577212
volkan,1.0,1024,1024-68,0.016667,0.241667,0.0,0.241667,0.241667,0.0,0.083333,0.367281,-0.6,0.556569
volkan,1.0,1024,1024-69,0.991667,0.625,0.375,1.0,0.991667,0.0,0.0,0.591902,0.4,0.374311
volkan,1.0,1024,1024-70,0.683333,0.058333,0.933333,0.991667,0.683333,0.0,0.0,0.671085,0.6,0.723983
volkan,1.0,1024,1024-71,0.316667,0.0,0.633333,0.633333,0.316667,0.175,0.0,0.759605,1.56,1.202589
volkan,1.0,1024,1024-72,0.066667,0.308333,0.025,0.333333,0.333333,0.0,0.175,0.373028,-0.68,0.567008
volkan,1.0,1024,1024-73,0.966667,0.591667,0.408333,1.0,0.966667,0.0,0.0,0.595132,0.36,0.389912
volkan,1.0,1024,1024-74,0.2,0.958333,0.041667,1.0,1.0,0.0,0.0,0.472225,-0.08,0.195946
volkan,1.0,1024,1024-75,0.433333,0.0,0.841667,0.841667,0.433333,0.008333,0.0,0.722332,1.24,0.984648
volkan,1.0,1024,1024-76,0.0,0.0,0.0,0.0,0.0,1.0,0.0,0.962072,2.2,3.410739
volkan,1.0,1024,1024-77,0.0,0.0,0.033333,0.033333,0.0,0.766667,0.0,0.887828,1.8,2.170243
volkan,1.0,1024,1024-78,0.083333,0.0,0.566667,0.566667,0.083333,0.175,0.0,0.784931,1.36,1.334275
volkan,1.0,1024,1024-79,0.166667,0.0,0.55,0.55,0.166667,0.216667,0.0,0.783345,1.48,1.334462
volkan,1.0,1024,1024-80,0.833333,0.341667,0.65,0.991667,0.833333,0.008333,0.0,0.640827,0.64,0.592124
volkan,1.0,1024,1024-81,0.3,0.0,0.941667,0.941667,0.3,0.008333,0.0,0.730536,0.88,1.017252
volkan,1.0,1024,1024-82,0.066667,0.0,0.491667,0.491667,0.066667,0.3,0.0,0.79837,1.52,1.434246
volkan,1.0,1024,1024-83,0.291667,0.0,0.633333,0.633333,0.291667,0.075,0.0,0.754815,1.36,1.163537
volkan,1.0,1024,1024-84,0.0,0.0,0.0,0.0,0.0,1.0,0.0,0.961325,2.28,3.413228
volkan,1.0,1024,1024-85,0.083333,0.716667,0.016667,0.733333,0.733333,0.0,0.0,0.421376,-0.48,0.357427
volkan,1.0,1024,1024-86,0.0,0.0,0.35,0.35,0.0,0.408333,0.0,0.832436,1.72,1.670896
volkan,1.0,1024,1024-87,0.183333,0.966667,0.033333,1.0,1.0,0.0,0.0,0.463138,0.28,0.218369
volkan,1.0,1024,1024-88,0.0,0.0,0.233333,0.233333,0.0,0.491667,0.0,0.852786,1.72,1.836579
volkan,1.0,1024,1024-89,0.675,0.916667,0.083333,1.0,0.975,0.0,0.0,0.530967,0.2,0.169241
volkan,1.0,1024,1024-90,0.0,0.016667,0.0,0.016667,0.016667,0.0,0.958333,0.154578,-2.0,1.824902
volkan,1.0,1024,1024-91,0.066667,0.0,0.366667,0.366667,0.066667,0.383333,0.0,0.816701,1.68,1.563247
volkan,1.0,1024,1024-92,0.75,0.241667,0.75,0.991667,0.75,0.008333,0.0,0.653923,0.8,0.649496
volkan,1.0,1024,1024-93,0.0,0.0,0.0,0.0,0.0,0.0,0.991667,0.119727,-1.8,2.119477
volkan,1.0,1024,1024-94,0.783333,0.283333,0.708333,0.991667,0.783333,0.0,0.0,0.648357,0.76,0.62301
volkan,1.0,1024,1024-95,0.375,0.0,0.991667,0.991667,0.375,0.0,0.0,0.713113,0.76,0.920876
volkan,1.0,1024,1024-96,0.183333,0.0,0.558333,0.558333,0.183333,0.266667,0.0,0.780906,1.6,1.330746
volkan,1.0,1024,1024-97,0.35,0.0,0.716667,0.716667,0.35,0.058333,0.0,0.742431,1.4,1.097983
volkan,1.0,1024,1024-98,0.0,0.0,0.0,0.0,0.0,0.0,0.975,0.175233,-1.64,1.622582
volkan,1.0,1024,1024-99,0.0,0.0,0.133333,0.133333,0.0,0.65,0.0,0.876226,1.96,2.074639
volkan,1.0,1024,1024-100,0.683333,0.166667,0.825,0.991667,0.683333,0.0,0.0,0.671887,1.04,0.73317
volkan,1.0,1024,1024-101,0.075,0.55,0.008333,0.558333,0.558333,0.0,0.0,0.421001,-0.32,0.348852
volkan,1.0,1024,1024-102,0.633333,0.908333,0.091667,1.0,0.975,0.0,0.0,0.527611,0.32,0.17338
volkan,1.0,1024,1024-103,0.933333,0.15,0.841667,0.991667,0.933333,0.0,0.0,0.640129,0.4,0.5825
volkan,1.0,1024,1024-104,0.533333,0.966667,0.033333,1.0,1.0,0.0,0.0,0.508011,0.04,0.116408
volkan,1.0,1024,1024-105,0.0,0.0,0.0,0.0,0.0,0.758333,0.0,0.896231,2.0,2.278739
volkan,1.0,1024,1024-106,0.325,0.0,0.883333,0.883333,0.325,0.008333,0.0,0.725248,1.08,0.989426
volkan,1.0,1024,1024-107,0.008333,0.141667,0.0,0.141667,0.141667,0.0,0.2,0.340709,-0.6,0.669081
volkan,1.0,1024,1024-108,0.433333,0.0,0.958333,0.958333,0.433333,0.0,0.0,0.714107,0.8,0.929847
volkan,1.0,1024,1024-109,0.008333,0.1,0.0,0.1,0.1,0.0,0.45,0.318696,-0.68,0.775322
volkan,1.0,1024,1024-110,0.933333,0.841667,0.158333,1.0,0.983333,0.0,0.0,0.5511,-0.12,0.214754
volkan,1.0,1024,1024-111,0.941667,0.475,0.525,1.0,0.941667,0.0,0.0,0.609713,0.64,0.454868
volkan,1.0,1024,1024-112,0.2,0.958333,0.025,0.983333,0.983333,0.0,0.0,0.469438,-0.28,0.195058
volkan,1.0,1024,1024-113,0.241667,0.0,0.716667,0.716667,0.241667,0.008333,0.0,0.755448,1.24,1.15526
volkan,1.0,1024,1024-114,0.041667,0.0,0.558333,0.558333,0.041667,0.15,0.0,0.789127,1.16,1.350471
volkan,1.0,1024,1024-115,0.308333,0.0,0.883333,0.883333,0.308333,0.025,0.0,0.731566,1.0,1.024795
volkan,1.0,1024,1024-116,0.0,0.0,0.0,0.0,0.0,0.85,0.0,0.908666,2.08,2.431949
volkan,1.0,1024,1024-117,0.0,0.0,0.0,0.0,0.0,1.0,0.0,0.92869,2.04,2.706865
volkan,1.0,1024,1024-118,0.0,0.0,0.383333,0.383333,0.0,0.4,0.0,0.826357,1.52,1.618481
volkan,1.0,1024,1024-119,0.0,0.016667,0.0,0.016667,0.016667,0.0,0.941667,0.174871,-1.48,1.626531
volkan,1.0,1024,1024-120,0.325,0.0,0.766667,0.766667,0.325,0.041667,0.0,0.739295,1.32,1.075851
volkan,1.0,1024,1024-121,0.0,0.0,0.0,0.0,0.0,0.0,1.0,0.073142,-1.96,2.703617
volkan,1.0,1024,1024-122,0.841667,0.141667,0.85,0.991667,0.841667,0.0,0.0,0.651815,0.56,0.634739
volkan,1.0,1024,1024-123,0.016667,0.0,0.425,0.425,0.016667,0.383333,0.0,0.817076,1.6,1.565468
volkan,1.0,1024,1024-124,0.025,0.066667,0.0,0.066667,0.066667,0.0,0.625,0.278794,-1.2,1.002207
volkan,1.0,1024,1024-125,0.0,0.0,0.0,0.0,0.0,0.0,0.983333,0.14776,-1.68,1.854426
volkan,1.0,1024,1024-126,0.008333,0.05,0.008333,0.058333,0.058333,0.0,0.591667,0.267862,-1.68,1.063845
volkan,1.0,1024,1024-127,0.608333,0.925,0.075,1.0,0.941667,0.0,0.0,0.527814,-0.04,0.158854
volkan,1.0,1024,1024-128,0.0,0.0,0.0,0.0,0.0,0.866667,0.0,0.914412,2.24,2.523689
volkan,1.0,1024,1024-129,0.0,0.125,0.0,0.125,0.125,0.0,0.508333,0.298656,-1.28,0.88372
volkan,1.0,1024,1024-130,0.0,0.0,0.0,0.0,0.0,0.825,0.0,0.903516,1.96,2.37241
volkan,1.0,1024,1024-131,0.45,0.083333,0.716667,0.8,0.45,0.008333,0.0,0.716425,1.48,0.965666
volkan,1.0,1024,1024-132,0.125,0.0,0.575,0.575,0.125,0.191667,0.0,0.782545,1.4,1.321378
volkan,1.0,1024,1024-133,0.0,0.0,0.0,0.0,0.0,1.0,0.0,0.951474,2.16,3.137949
volkan,1.0,1024,1024-134,0.216667,0.966667,0.016667,0.983333,0.975,0.0,0.0,0.474609,-0.08,0.176009
volkan,1.0,1024,1024-135,0.283333,0.916667,0.083333,1.0,0.983333,0.0,0.0,0.499081,-0.12,0.156473
volkan,1.0,1024,1024-136,0.0,0.0,0.0,0.0,0.0,0.958333,0.0,0.919819,1.96,2.563821
volkan,1.0,1024,1024-137,0.016667,0.083333,0.0,0.083333,0.083333,0.0,0.566667,0.284445,-1.36,0.970399
volkan,1.0,1024,1024-138,0.0,0.0,0.0,0.0,0.0,1.0,0.0,0.962875,2.2,3.43607
volkan,1.0,1024,1024-139,0.0,0.0,0.5,0.5,0.0,0.308333,0.0,0.805515,1.48,1.473179
volkan,1.0,1024,1024-140,0.091667,0.0,0.45,0.45,0.091667,0.208333,0.0,0.798572,1.48,1.421475
volkan,1.0,1024,1024-141,0.008333,0.0,0.341667,0.341667,0.008333,0.358333,0.0,0.818058,1.48,1.550967
volkan,1.0,1024,1024-142,0.0,0.0,0.2,0.2,0.0,0.525,0.0,0.847348,1.52,1.776929
volkan,1.0,1024,1024-143,0.008333,0.016667,0.0,0.016667,0.016667,0.0,0.741667,0.255027,-1.12,1.106893
volkan,1.0,1024,1024-144,0.0,0.0,0.0,0.0,0.0,0.0,1.0,0.155049,-1.84,1.812141
volkan,1.0,1024,1024-145,0.266667,0.958333,0.041667,1.0,0.983333,0.0,0.0,0.490759,-0.16,0.163543
volkan,1.0,1024,1024-146,0.0,0.0,0.125,0.125,0.0,0.675,0.0,0.874206,1.68,2.023776
volkan,1.0,1024,1024-147,0.391667,0.916667,0.083333,1.0,0.975,0.0,0.0,0.505623,-0.12,0.184309
volkan,1.0,1024,1024-148,0.85,0.908333,0.091667,1.0,0.983333,0.0,0.0,0.53378,0.2,0.15573
volkan,1.0,1024,1024-149,0.0,0.008333,0.0,0.008333,0.008333,0.0,0.966667,0.139573,-1.76,1.939446
volkan,1.0,1024,1024-150,0.316667,0.041667,0.666667,0.708333,0.316667,0.016667,0.0,0.739987,1.4,1.085625
volkan,1.0,1024,1024-151,0.008333,0.05,0.0,0.05,0.05,0.0,0.658333,0.280031,-0.92,0.973335
volkan,1.0,1024,1024-152,0.216667,0.0,0.75,0.75,0.216667,0.033333,0.0,0.752425,1.08,1.139076
volkan,1.0,1024,1024-153,0.0,0.0,0.0,0.0,0.0,0.0,0.991667,0.109294,-1.92,2.235656
volkan,1.0,1024,1024-154,0.0,0.0,0.183333,0.183333,0.0,0.45,0.0,0.838743,1.2,1.681812
volkan,1.0,1024,1024-155,0.0,0.0,0.383333,0.383333,0.0,0.4,0.0,0.823073,1.6,1.599014
volkan,1.0,1024,1024-156,0.008333,0.033333,0.0,0.033333,0.033333,0.0,0.783333,0.226941,-1.68,1.297578
volkan,1.0,1024,1024-157,0.0,0.0,0.0,0.0,0.0,0.0,0.891667,0.211795,-1.52,1.369349
volkan,1.0,1024,1024-158,0.925,0.583333,0.416667,1.0,0.966667,0.0,0.0,0.590444,0.56,0.37316
volkan,1.0,1024,1024-159,0.0,0.0,0.0,0.0,0.0,0.0,0.991667,0.115653,-2.08,2.182044
volkan,1.0,1024,1024-160,0.041667,0.091667,0.008333,0.1,0.1,0.0,0.366667,0.331113,-0.92,0.747455
volkan,1.0,1024,1024-161,0.0,0.0,0.0,0.0,0.0,0.0,1.0,0.087454,-2.0,2.543864
volkan,1.0,1024,1024-162,0.041667,0.366667,0.016667,0.383333,0.383333,0.0,0.0,0.401237,-0.52,0.431371
volkan,1.0,1024,1024-163,0.05,0.0,0.416667,0.416667,0.05,0.35,0.0,0.812248,1.72,1.539212
volkan,1.0,1024,1024-164,0.0,0.0,0.0,0.0,0.0,0.0,1.0,0.116031,-1.84,2.154298
volkan,1.0,1024,1024-165,0.191667,0.0,0.658333,0.658333,0.191667,0.133333,0.0,0.770013,1.44,1.247266
volkan,1.0,1024,1024-166,0.891667,0.883333,0.116667,1.0,0.991667,0.0,0.0,0.545203,0.44,0.19496
volkan,1.0,1024,1024-167,0.241667,0.933333,0.066667,1.0,0.975,0.0,0.0,0.486099,0.0,0.211573
volkan,1.0,1024,1024-168,0.333333,0.016667,0.783333,0.8,0.333333,0.008333,0.0,0.732432,1.12,1.03595
volkan,1.0,1024,1024-169,0.0,0.0,0.375,0.375,0.0,0.366667,0.0,0.826696,1.52,1.61707
volkan,1.0,1024,1024-170,0.0,0.0,0.0,0.0,0.0,0.0,0.991667,0.083187,-2.0,2.533527
volkan,1.0,1024,1024-171,0.0,0.0,0.0,0.0,0.0,0.0,1.0,0.062237,-2.2,2.910894
volkan,1.0,1024,1024-172,0.216667,0.758333,0.033333,0.791667,0.791667,0.0,0.0,0.45263,-0.68,0.274475
volkan,1.0,1024,1024-173,0.025,0.416667,0.016667,0.433333,0.433333,0.0,0.05,0.38973,-0.64,0.474237
volkan,1.0,1024,1024-174,0.0,0.0,0.0,0.0,0.0,0.0,0.991667,0.136848,-1.84,1.938032
volkan,1.0,1024,1024-175,0.158333,0.758333,0.041667,0.8,0.8,0.0,0.0,0.44675,-0.24,0.298811
volkan,1.0,1024,1024-176,0.333333,0.05,0.65,0.7,0.333333,0.025,0.0,0.740686,1.28,1.087412
volkan,1.0,1024,1024-177,0.875,0.258333,0.708333,0.966667,0.875,0.0,0.0,0.6375,0.8,0.577649
volkan,1.0,1024,1024-178,0.783333,0.0,0.975,0.975,0.783333,0.008333,0.0,0.672889,0.56,0.730686
volkan,1.0,1024,1024-179,0.716667,0.95,0.05,1.0,0.991667,0.0,0.0,0.52849,0.24,0.154095
volkan,1.0,1024,1024-180,0.025,0.158333,0.0,0.158333,0.158333,0.0,0.291667,0.342935,-0.88,0.682889
volkan,1.0,1024,1024-181,0.0,0.0,0.0,0.0,0.0,0.0,0.908333,0.239964,-0.96,1.171552
volkan,1.0,1024,1024-182,0.058333,0.275,0.025,0.3,0.3,0.0,0.133333,0.373263,-0.72,0.566631
volkan,1.0,1024,1024-183,0.883333,0.408333,0.566667,0.975,0.883333,0.0,0.0,0.628567,0.52,0.537941
volkan,1.0,1024,1024-184,0.491667,0.041667,0.916667,0.958333,0.491667,0.016667,0.0,0.702682,0.96,0.880656
volkan,1.0,1024,1024-185,0.366667,0.95,0.05,1.0,0.991667,0.0,0.0,0.488254,-0.28,0.200628
volkan,1.0,1024,1024-186,0.025,0.075,0.008333,0.083333,0.083333,0.0,0.733333,0.2416,-1.4,1.229972
volkan,1.0,1024,1024-187,0.0,0.0,0.0,0.0,0.0,1.0,0.0,0.930117,2.0,2.724267
volkan,1.0,1024,1024-188,0.958333,0.875,0.116667,0.991667,0.975,0.0,0.0,0.561635,0.36,0.252513
volkan,1.0,1024,1024-189,0.025,0.041667,0.0,0.041667,0.041667,0.0,0.775,0.244537,-1.52,1.191405
volkan,1.0,1024,1024-190,0.0,0.0,0.425,0.425,0.0,0.275,0.0,0.814108,1.24,1.512898
volkan,1.0,1024,1024-191,0.008333,0.108333,0.0,0.108333,0.108333,0.0,0.316667,0.330436,-0.64,0.717365
volkan,1.0,1024,1024-192,0.025,0.283333,0.0,0.283333,0.283333,0.0,0.225,0.358805,-0.64,0.597695
volkan,1.0,1024,1024-193,0.0,0.0,0.0,0.0,0.0,0.883333,0.0,0.918685,2.24,2.580387
volkan,1.0,1024,1024-194,0.025,0.075,0.0,0.075,0.075,0.0,0.391667,0.305676,-0.92,0.844074
volkan,1.0,1024,1024-195,0.016667,0.066667,0.0,0.066667,0.066667,0.0,0.608333,0.283756,-0.92,0.965478
volkan,1.0,1024,1024-196,0.0,0.0,0.266667,0.266667,0.0,0.516667,0.0,0.849124,1.8,1.823771
volkan,1.0,1024,1024-197,0.008333,0.041667,0.0,0.041667,0.041667,0.0,0.7,0.249942,-1.12,1.145817
volkan,1.0,1024,1024-198,0.625,0.941667,0.058333,1.0,1.0,0.0,0.0,0.520906,0.16,0.134363
volkan,1.0,1024,1024-199,0.941667,0.633333,0.366667,1.0,0.941667,0.0,0.0,0.604542,0.28,0.432866
volkan,1.0,2026,2026-0,0.033333,0.141667,0.008333,0.15,0.15,0.0,0.05,0.362603,-0.48,0.591179
volkan,1.0,2026,2026-1,0.708333,0.0,0.991667,0.991667,0.708333,0.008333,0.0,0.682782,0.68,0.776471
volkan,1.0,2026,2026-2,0.0,0.0,0.0,0.0,0.0,0.0,1.0,0.115401,-1.84,2.153082
volkan,1.0,2026,2026-3,0.0,0.0,0.0,0.0,0.0,0.933333,0.0,0.924998,2.12,2.652474
volkan,1.0,2026,2026-4,0.016667,0.0,0.291667,0.291667,0.016667,0.508333,0.0,0.838265,1.88,1.740041
volkan,1.0,2026,2026-5,0.383333,0.916667,0.083333,1.0,0.975,0.0,0.0,0.501857,-0.04,0.173425
volkan,1.0,2026,2026-6,0.7,0.85,0.141667,0.991667,0.958333,0.0,0.0,0.546805,0.48,0.224342
volkan,1.0,2026,2026-7,0.241667,0.0,0.75,0.75,0.241667,0.0,0.0,0.747207,1.08,1.111543
volkan,1.0,2026,2026-8,0.775,0.383333,0.591667,0.975,0.775,0.0,0.0,0.630869,0.96,0.554242
volkan,1.0,2026,2026-9,0.875,0.416667,0.566667,0.983333,0.883333,0.0,0.0,0.612915,0.64,0.469965
volkan,1.0,2026,2026-10,0.0,0.0,0.375,0.375,0.0,0.366667,0.0,0.826733,1.6,1.628173
volkan,1.0,2026,2026-11,0.091667,0.0,0.525,0.525,0.091667,0.225,0.0,0.788799,1.32,1.365198
volkan,1.0,2026,2026-12,0.933333,0.233333,0.75,0.983333,0.933333,0.0,0.0,0.637524,0.64,0.572125
volkan,1.0,2026,2026-13,0.958333,0.575,0.425,1.0,0.958333,0.0,0.0,0.592407,0.52,0.380453
volkan,1.0,2026,2026-14,0.366667,0.016667,0.825,0.841667,0.366667,0.0,0.0,0.725357,1.2,0.996133
volkan,1.0,2026,2026-15,0.108333,0.808333,0.033333,0.841667,0.841667,0.0,0.0,0.443235,0.16,0.297166
volkan,1.0,2026,2026-16,0.2,0.783333,0.041667,0.825,0.816667,0.0,0.0,0.458516,-0.28,0.275036
volkan,1.0,2026,2026-17,0.1,0.0,0.566667,0.566667,0.1,0.283333,0.0,0.786249,1.48,1.359986
volkan,1.0,2026,2026-18,0.933333,0.408333,0.591667,1.0,0.933333,0.0,0.0,0.612349,0.4,0.463704
volkan,1.0,2026,2026-19,0.0,0.008333,0.0,0.008333,0.008333,0.0,0.966667,0.188722,-1.12,1.501395
volkan,1.0,2026,2026-20,0.133333,0.941667,0.05,0.991667,0.975,0.0,0.0,0.461924,0.0,0.256191
volkan,1.0,2026,2026-21,0.0,0.0,0.316667,0.316667,0.0,0.375,0.0,0.823731,1.52,1.60085
volkan,1.0,2026,2026-22,0.95,0.516667,0.483333,1.0,0.95,0.0,0.0,0.60192,0.64,0.419528
volkan,1.0,2026,2026-23,0.775,0.283333,0.708333,0.991667,0.775,0.008333,0.0,0.646214,1.12,0.618345
volkan,1.0,2026,2026-24,0.008333,0.0,0.458333,0.458333,0.008333,0.283333,0.0,0.806295,1.32,1.468114
volkan,1.0,2026,2026-25,0.0,0.0,0.0,0.0,0.0,1.0,0.0,0.951513,2.24,3.153318
volkan,1.0,2026,2026-26,0.016667,0.166667,0.0,0.166667,0.166667,0.0,0.291667,0.34139,-1.0,0.678224
volkan,1.0,2026,2026-27,0.0,0.0,0.0,0.0,0.0,0.933333,0.0,0.914399,2.0,2.498642
volkan,1.0,2026,2026-28,0.008333,0.025,0.0,0.025,0.025,0.0,0.841667,0.217427,-1.44,1.340555
volkan,1.0,2026,2026-29,0.466667,0.0,0.858333,0.858333,0.466667,0.016667,0.0,0.715445,1.16,0.949799
volkan,1.0,2026,2026-30,0.0,0.008333,0.0,0.008333,0.008333,0.0,0.833333,0.225299,-1.48,1.292151
volkan,1.0,2026,2026-31,0.0,0.0,0.0,0.0,0.0,0.958333,0.0,0.906768,1.64,2.359037
volkan,1.0,2026,2026-32,0.0,0.0,0.208333,0.208333,0.0,0.583333,0.0,0.859216,1.72,1.893176
volkan,1.0,2026,2026-33,0.0,0.0,0.016667,0.016667,0.0,0.75,0.0,0.890713,1.88,2.206592
volkan,1.0,2026,2026-34,0.016667,0.083333,0.0,0.083333,0.083333,0.0,0.666667,0.269175,-1.32,1.053932
volkan,1.0,2026,2026-35,0.0,0.0,0.291667,0.291667,0.0,0.475,0.0,0.841019,1.8,1.753449
volkan,1.0,2026,2026-36,0.083333,0.575,0.033333,0.608333,0.608333,0.0,0.0,0.42229,-0.4,0.359339
volkan,1.0,2026,2026-37,0.125,0.808333,0.05,0.858333,0.85,0.0,0.0,0.449102,-0.16,0.283479
volkan,1.0,2026,2026-38,0.125,0.0,0.441667,0.441667,0.125,0.325,0.0,0.80257,1.68,1.477467
volkan,1.0,2026,2026-39,0.0,0.0,0.216667,0.216667,0.0,0.5,0.0,0.855895,1.72,1.863646
volkan,1.0,2026,2026-40,0.475,0.016667,0.933333,0.95,0.475,0.008333,0.0,0.701998,0.8,0.87154
volkan,1.0,2026,2026-41,0.05,0.275,0.008333,0.283333,0.283333,0.0,0.025,0.379556,-0.6,0.524232
volkan,1.0,2026,2026-42,0.075,0.308333,0.008333,0.316667,0.316667,0.0,0.0,0.39344,-0.32,0.467592
volkan,1.0,2026,2026-43,0.0,0.0,0.0,0.0,0.0,0.966667,0.0,0.92529,2.16,2.671619
volkan,1.0,2026,2026-44,0.041667,0.0,0.358333,0.358333,0.041667,0.408333,0.0,0.819563,1.64,1.576481
volkan,1.0,2026,2026-45,0.0,0.0,0.35,0.35,0.0,0.4,0.0,0.829433,1.68,1.654596
volkan,1.0,2026,2026-46,0.0,0.0,0.0,0.0,0.0,1.0,0.0,0.960902,2.12,3.37844
volkan,1.0,2026,2026-47,0.025,0.116667,0.008333,0.125,0.125,0.0,0.333333,0.323105,-0.92,0.774775
volkan,1.0,2026,2026-48,0.0,0.0,0.0,0.0,0.0,1.0,0.0,0.974452,2.28,3.837858
volkan,1.0,2026,2026-49,0.0,0.0,0.0,0.0,0.0,1.0,0.0,0.986561,2.36,4.510769
volkan,1.0,2026,2026-50,0.0,0.0,0.0,0.0,0.0,1.0,0.0,0.939373,2.28,2.922221
volkan,1.0,2026,2026-51,0.0,0.0,0.191667,0.191667,0.0,0.558333,0.0,0.854773,1.72,1.845932
volkan,1.0,2026,2026-52,0.025,0.241667,0.016667,0.258333,0.258333,0.0,0.0,0.374725,-0.36,0.537855
volkan,1.0,2026,2026-53,0.0,0.0,0.1,0.1,0.0,0.7,0.0,0.883768,2.04,2.155667
volkan,1.0,2026,2026-54,0.291667,0.916667,0.075,0.991667,0.983333,0.0,0.0,0.488964,0.12,0.198246
volkan,1.0,2026,2026-55,0.858333,0.216667,0.75,0.966667,0.858333,0.008333,0.0,0.647424,0.56,0.619157
volkan,1.0,2026,2026-56,0.883333,0.875,0.125,1.0,0.966667,0.0,0.0,0.548815,0.32,0.204869
volkan,1.0,2026,2026-57,0.258333,0.0,0.616667,0.616667,0.258333,0.175,0.0,0.766487,1.52,1.237477
volkan,1.0,2026,2026-58,0.0,0.0,0.0,0.0,0.0,0.858333,0.0,0.908809,1.88,2.434464
volkan,1.0,2026,2026-59,0.075,0.408333,0.016667,0.425,0.425,0.0,0.0,0.398921,-0.6,0.453368
volkan,1.0,2026,2026-60,0.033333,0.108333,0.0,0.108333,0.108333,0.0,0.283333,0.334064,-0.64,0.716981
volkan,1.0,2026,2026-61,0.016667,0.041667,0.0,0.041667,0.041667,0.0,0.591667,0.266184,-1.16,1.062147
volkan,1.0,2026,2026-62,0.016667,0.025,0.008333,0.033333,0.033333,0.0,0.625,0.249388,-1.44,1.184078
volkan,1.0,2026,2026-63,0.0,0.0,0.0,0.0,0.0,0.0,0.958333,0.171656,-1.8,1.656143
volkan,1.0,2026,2026-64,0.05,0.158333,0.0,0.158333,0.158333,0.0,0.241667,0.350465,-0.44,0.651611
volkan,1.0,2026,2026-65,0.0,0.0,0.0,0.0,0.0,0.883333,0.0,0.903484,1.84,2.333897
volkan,1.0,2026,2026-66,0.183333,0.825,0.041667,0.866667,0.866667,0.0,0.0,0.456457,0.12,0.276404
volkan,1.0,2026,2026-67,0.408333,0.0,0.883333,0.883333,0.408333,0.008333,0.0,0.722603,1.04,0.977851
volkan,1.0,2026,2026-68,0.0,0.05,0.0,0.05,0.05,0.0,0.891667,0.236964,-1.04,1.208579
volkan,1.0,2026,2026-69,0.258333,0.008333,0.6,0.608333,0.258333,0.141667,0.0,0.755378,1.52,1.182815
volkan,1.0,2026,2026-70,0.0,0.0,0.0,0.0,0.0,0.0,0.991667,0.124421,-1.8,2.042727
volkan,1.0,2026,2026-71,0.041667,0.3,0.0,0.3,0.3,0.0,0.0,0.390856,-0.28,0.465941
volkan,1.0,2026,2026-72,0.0,0.0,0.0,0.0,0.0,1.0,0.0,0.9674,2.2,3.567247
volkan,1.0,2026,2026-73,0.091667,0.366667,0.008333,0.375,0.375,0.0,0.05,0.393784,-0.56,0.479504
volkan,1.0,2026,2026-74,0.0,0.0,0.041667,0.041667,0.0,0.783333,0.0,0.888308,1.8,2.16031
volkan,1.0,2026,2026-75,0.133333,0.0,0.575,0.575,0.133333,0.241667,0.0,0.785159,1.6,1.348104
volkan,1.0,2026,2026-76,0.758333,0.933333,0.066667,1.0,1.0,0.0,0.0,0.532196,0.16,0.157269
volkan,1.0,2026,2026-77,0.066667,0.425,0.025,0.45,0.45,0.0,0.0,0.408789,-0.32,0.407889
volkan,1.0,2026,2026-78,0.0,0.0,0.0,0.0,0.0,0.891667,0.0,0.90793,1.84,2.401424
volkan,1.0,2026,2026-79,0.908333,0.4,0.6,1.0,0.908333,0.0,0.0,0.620139,0.72,0.497924
volkan,1.0,2026,2026-80,0.0,0.0,0.0,0.0,0.0,1.0,0.0,0.932394,2.2,2.783859
volkan,1.0,2026,2026-81,0.016667,0.166667,0.0,0.166667,0.166667,0.0,0.241667,0.343219,-0.84,0.664402
volkan,1.0,2026,2026-82,0.925,0.466667,0.525,0.991667,0.925,0.0,0.0,0.616546,0.24,0.481598
volkan,1.0,2026,2026-83,0.308333,0.0,0.766667,0.766667,0.308333,0.058333,0.0,0.751054,1.12,1.134655
volkan,1.0,2026,2026-84,0.325,0.0,0.758333,0.758333,0.325,0.025,0.0,0.741392,1.2,1.084247
volkan,1.0,2026,2026-85,0.0,0.008333,0.0,0.008333,0.008333,0.0,0.916667,0.209601,-1.32,1.379507
volkan,1.0,2026,2026-86,0.041667,0.2,0.008333,0.208333,0.208333,0.0,0.425,0.3301,-1.28,0.756888
volkan,1.0,2026,2026-87,0.8,0.8,0.2,1.0,0.941667,0.0,0.0,0.554059,0.04,0.238286
volkan,1.0,2026,2026-88,0.016667,0.091667,0.008333,0.1,0.1,0.0,0.316667,0.326118,-0.84,0.750942
volkan,1.0,2026,2026-89,0.0,0.0,0.408333,0.408333,0.0,0.416667,0.0,0.82411,1.64,1.621487
volkan,1.0,2026,2026-90,0.025,0.0,0.458333,0.458333,0.025,0.358333,0.0,0.811868,1.6,1.54259
volkan,1.0,2026,2026-91,0.0,0.0,0.0,0.0,0.0,0.0,0.991667,0.098088,-2.04,2.354831
volkan,1.0,2026,2026-92,0.0,0.0,0.0,0.0,0.0,0.0,0.975,0.135139,-1.64,1.955774
volkan,1.0,2026,2026-93,0.0,0.041667,0.0,0.041667,0.041667,0.0,0.916667,0.208618,-1.48,1.403719
volkan,1.0,2026,2026-94,0.516667,0.025,0.933333,0.958333,0.516667,0.008333,0.0,0.700688,0.96,0.868556
volkan,1.0,2026,2026-95,0.0,0.0,0.0,0.0,0.0,1.0,0.0,0.958612,2.2,3.317569
volkan,1.0,2026,2026-96,0.25,0.975,0.016667,0.991667,0.975,0.0,0.0,0.484782,-0.24,0.158429
volkan,1.0,2026,2026-97,0.408333,0.0,0.916667,0.916667,0.408333,0.008333,0.0,0.720405,1.08,0.966739
volkan,1.0,2026,2026-98,0.016667,0.05,0.0,0.05,0.05,0.0,0.616667,0.277561,-0.88,0.985674
volkan,1.0,2026,2026-99,0.0,0.016667,0.0,0.016667,0.016667,0.0,0.808333,0.237113,-1.36,1.220668
volkan,1.0,2026,2026-100,0.0,0.0,0.0,0.0,0.0,0.0,1.0,0.091874,-2.16,2.464126
volkan,1.0,2026,2026-101,0.758333,0.183333,0.791667,0.975,0.758333,0.016667,0.0,0.657884,0.8,0.670581
volkan,1.0,2026,2026-102,0.0,0.0,0.183333,0.183333,0.0,0.641667,0.0,0.869448,1.8,1.988314
volkan,1.0,2026,2026-103,0.658333,0.9,0.1,1.0,0.958333,0.0,0.0,0.53602,0.4,0.177874
volkan,1.0,2026,2026-104,0.0,0.0,0.0,0.0,0.0,0.95,0.0,0.917836,1.8,2.515184
volkan,1.0,2026,2026-105,0.533333,0.008333,0.95,0.958333,0.533333,0.008333,0.0,0.700917,0.96,0.870164
volkan,1.0,2026,2026-106,0.866667,0.225,0.775,1.0,0.866667,0.0,0.0,0.638255,0.72,0.573668
volkan,1.0,2026,2026-107,0.058333,0.0,0.566667,0.566667,0.058333,0.166667,0.0,0.787639,1.16,1.342415
volkan,1.0,2026,2026-108,0.1,0.0,0.633333,0.633333,0.1,0.1,0.0,0.773684,1.24,1.257783
volkan,1.0,2026,2026-109,0.0,0.0,0.016667,0.016667,0.0,0.75,0.0,0.888586,1.84,2.182945
volkan,1.0,2026,2026-110,0.025,0.175,0.016667,0.191667,0.191667,0.0,0.35,0.337115,-0.72,0.711171
volkan,1.0,2026,2026-111,0.0,0.0,0.0,0.0,0.0,0.0,1.0,0.070813,-2.08,2.740845
volkan,1.0,2026,2026-112,0.55,0.05,0.9,0.95,0.55,0.0,0.0,0.694959,0.96,0.842001
volkan,1.0,2026,2026-113,0.041667,0.175,0.008333,0.183333,0.183333,0.0,0.383333,0.333037,-1.04,0.735623
volkan,1.0,2026,2026-114,0.833333,0.283333,0.7,0.983333,0.833333,0.008333,0.0,0.642299,0.88,0.597059
volkan,1.0,2026,2026-115,0.0,0.0,0.0,0.0,0.0,1.0,0.0,0.935001,2.08,2.81581
volkan,1.0,2026,2026-116,0.0,0.016667,0.0,0.016667,0.016667,0.0,0.775,0.225795,-1.64,1.306857
volkan,1.0,2026,2026-117,0.0,0.0,0.266667,0.266667,0.0,0.5,0.0,0.855018,2.0,1.891402
volkan,1.0,2026,2026-118,0.0,0.0,0.108333,0.108333,0.0,0.683333,0.0,0.877365,1.88,2.070943
volkan,1.0,2026,2026-119,0.233333,0.0,0.633333,0.633333,0.233333,0.191667,0.0,0.768638,1.4,1.254886
volkan,1.0,2026,2026-120,0.0,0.0,0.033333,0.033333,0.0,0.691667,0.0,0.876163,1.48,2.026468
volkan,1.0,2026,2026-121,0.091667,0.875,0.008333,0.883333,0.883333,0.0,0.0,0.442002,-0.32,0.273144
volkan,1.0,2026,2026-122,0.1,0.7,0.008333,0.708333,0.708333,0.0,0.0,0.433296,0.28,0.298924
volkan,1.0,2026,2026-123,0.0,0.0,0.05,0.05,0.0,0.741667,0.0,0.892351,1.96,2.233235
volkan,1.0,2026,2026-124,0.0,0.0,0.266667,0.266667,0.0,0.533333,0.0,0.845387,1.6,1.767964
volkan,1.0,2026,2026-125,0.0,0.0,0.0,0.0,0.0,0.941667,0.0,0.922148,2.12,2.610123
volkan,1.0,2026,2026-126,0.391667,0.008333,0.816667,0.825,0.391667,0.0,0.0,0.724263,1.08,0.992381
volkan,1.0,2026,2026-127,0.0,0.0,0.0,0.0,0.0,1.0,0.0,0.936778,2.12,2.844544
volkan,1.0,2026,2026-128,0.916667,0.925,0.075,1.0,0.983333,0.0,0.0,0.55341,0.36,0.22265
volkan,1.0,2026,2026-129,0.0,0.025,0.0,0.025,0.025,0.0,0.8,0.236535,-1.28,1.207374
volkan,1.0,2026,2026-130,0.0,0.0,0.0,0.0,0.0,0.0,0.983333,0.08581,-1.96,2.551047
volkan,1.0,2026,2026-131,0.008333,0.025,0.0,0.025,0.025,0.0,0.708333,0.254403,-1.2,1.115866
volkan,1.0,2026,2026-132,0.0,0.0,0.258333,0.258333,0.0,0.55,0.0,0.85115,1.6,1.826539
volkan,1.0,2026,2026-133,0.0,0.008333,0.0,0.008333,0.008333,0.0,0.941667,0.160372,-1.68,1.760298
volkan,1.0,2026,2026-134,0.116667,0.458333,0.033333,0.491667,0.491667,0.0,0.075,0.404062,-0.76,0.453946
volkan,1.0,2026,2026-135,0.0,0.0,0.0,0.0,0.0,1.0,0.0,0.961247,2.24,3.392397
volkan,1.0,2026,2026-136,0.0,0.0,0.241667,0.241667,0.0,0.391667,0.0,0.835588,1.28,1.66262
volkan,1.0,2026,2026-137,0.0,0.0,0.0,0.0,0.0,1.0,0.0,0.947856,2.12,3.067182
volkan,1.0,2026,2026-138,0.025,0.075,0.0,0.075,0.075,0.0,0.625,0.284187,-1.0,0.965039
volkan,1.0,2026,2026-139,0.0,0.0,0.0,0.0,0.0,0.0,1.0,0.056256,-2.04,2.987097
volkan,1.0,2026,2026-140,0.0,0.0,0.0,0.0,0.0,1.0,0.0,0.930519,2.08,2.732725
volkan,1.0,2026,2026-141,0.0,0.016667,0.0,0.016667,0.016667,0.0,0.95,0.180768,-1.48,1.590203
volkan,1.0,2026,2026-142,0.641667,0.191667,0.783333,0.975,0.641667,0.008333,0.0,0.674818,1.04,0.751773
volkan,1.0,2026,2026-143,0.316667,0.0,0.8,0.8,0.316667,0.033333,0.0,0.738249,1.16,1.069905
volkan,1.0,2026,2026-144,0.0,0.041667,0.0,0.041667,0.041667,0.0,0.6,0.259978,-1.48,1.094533
volkan,1.0,2026,2026-145,0.0,0.0,0.0,0.0,0.0,1.0,0.0,0.930447,2.0,2.732182
volkan,1.0,2026,2026-146,0.0,0.0,0.0,0.0,0.0,0.991667,0.0,0.935187,2.16,2.842871
volkan,1.0,2026,2026-147,0.05,0.0,0.466667,0.466667,0.05,0.325,0.0,0.802622,1.48,1.458945
volkan,1.0,2026,2026-148,0.816667,0.35,0.65,1.0,0.816667,0.0,0.0,0.63162,0.84,0.548966
volkan,1.0,2026,2026-149,0.558333,0.0,0.966667,0.966667,0.558333,0.0,0.0,0.697287,1.0,0.849118
volkan,1.0,2026,2026-150,0.0,0.025,0.0,0.025,0.025,0.0,0.7,0.259186,-1.08,1.080627
volkan,1.0,2026,2026-151,0.875,0.9,0.1,1.0,0.966667,0.0,0.0,0.549046,0.36,0.204864
volkan,1.0,2026,2026-152,0.933333,0.683333,0.316667,1.0,0.933333,0.0,0.0,0.595467,0.12,0.394324
volkan,1.0,2026,2026-153,0.008333,0.066667,0.0,0.066667,0.066667,0.0,0.541667,0.288799,-1.16,0.931976
volkan,1.0,2026,2026-154,0.0,0.0,0.175,0.175,0.0,0.575,0.0,0.857535,1.76,1.872444
volkan,1.0,2026,2026-155,0.0,0.016667,0.0,0.016667,0.016667,0.0,0.966667,0.202947,-1.16,1.414138
volkan,1.0,2026,2026-156,0.133333,0.583333,0.025,0.608333,0.6,0.0,0.041667,0.424494,-0.72,0.370285
volkan,1.0,2026,2026-157,0.0,0.0,0.0,0.0,0.0,0.0,1.0,0.067922,-2.12,2.79866
volkan,1.0,2026,2026-158,0.183333,0.0,0.7,0.7,0.183333,0.141667,0.0,0.768406,1.28,1.235744
volkan,1.0,2026,2026-159,0.0,0.0,0.45,0.45,0.0,0.25,0.0,0.80676,1.12,1.466282
volkan,1.0,2026,2026-160,0.0,0.0,0.35,0.35,0.0,0.366667,0.0,0.822312,1.56,1.592905
volkan,1.0,2026,2026-161,0.0,0.0,0.0,0.0,0.0,1.0,0.0,0.983012,2.28,4.256738
volkan,1.0,2026,2026-162,0.0,0.0,0.125,0.125,0.0,0.608333,0.0,0.864698,1.64,1.926982
volkan,1.0,2026,2026-163,0.008333,0.108333,0.0,0.108333,0.108333,0.0,0.3,0.334124,-0.48,0.699863
volkan,1.0,2026,2026-164,0.0,0.0,0.0,0.0,0.0,1.0,0.0,0.977047,2.28,3.949158
volkan,1.0,2026,2026-165,0.033333,0.075,0.0,0.075,0.075,0.0,0.491667,0.298483,-1.12,0.900089
volkan,1.0,2026,2026-166,0.0,0.0,0.208333,0.208333,0.0,0.575,0.0,0.851482,1.68,1.813637
volkan,1.0,2026,2026-167,0.0,0.0,0.208333,0.208333,0.0,0.633333,0.0,0.859827,2.0,1.921018
volkan,1.0,2026,2026-168,0.016667,0.075,0.0,0.075,0.075,0.0,0.475,0.306713,-0.88,0.844097
volkan,1.0,2026,2026-169,0.0,0.0,0.0,0.0,0.0,0.933333,0.0,0.922789,2.04,2.617511
volkan,1.0,2026,2026-170,0.158333,0.0,0.575,0.575,0.158333,0.05,0.0,0.772835,1.2,1.257676
volkan,1.0,2026,2026-171,0.008333,0.0,0.475,0.475,0.008333,0.35,0.0,0.814086,1.56,1.539439
volkan,1.0,2026,2026-172,0.033333,0.333333,0.025,0.358333,0.358333,0.0,0.0,0.391701,-0.28,0.471306
volkan,1.0,2026,2026-173,0.0,0.0,0.0,0.0,0.0,0.866667,0.0,0.916394,2.2,2.550292
volkan,1.0,2026,2026-174,0.025,0.233333,0.0,0.233333,0.233333,0.0,0.016667,0.379535,-0.16,0.505232
volkan,1.0,2026,2026-175,0.0,0.0,0.0,0.0,0.0,0.0,0.983333,0.106462,-2.24,2.330161
volkan,1.0,2026,2026-176,0.0,0.0,0.0,0.0,0.0,0.958333,0.0,0.925455,2.16,2.672978
volkan,1.0,2026,2026-177,0.35,0.941667,0.058333,1.0,0.983333,0.0,0.0,0.504753,0.08,0.146064
volkan,1.0,2026,2026-178,0.783333,0.166667,0.825,0.991667,0.783333,0.0,0.0,0.653106,0.76,0.642059
volkan,1.0,2026,2026-179,0.0,0.0,0.0,0.0,0.0,1.0,0.0,0.951024,2.04,3.105884
volkan,1.0,2026,2026-180,0.0,0.0,0.008333,0.008333,0.0,0.775,0.0,0.897659,2.04,2.296615
volkan,1.0,2026,2026-181,0.0,0.0,0.466667,0.466667,0.0,0.308333,0.0,0.808376,1.52,1.495759
volkan,1.0,2026,2026-182,0.0,0.0,0.05,0.05,0.0,0.616667,0.0,0.879468,1.8,2.089276
volkan,1.0,2026,2026-183,0.025,0.1,0.008333,0.108333,0.108333,0.0,0.283333,0.33383,-0.68,0.715161
volkan,1.0,2026,2026-184,0.0,0.0,0.275,0.275,0.0,0.533333,0.0,0.847811,1.88,1.819155
volkan,1.0,2026,2026-185,0.0,0.0,0.033333,0.033333,0.0,0.725,0.0,0.886781,1.88,2.160868
volkan,1.0,2026,2026-186,0.0,0.0,0.25,0.25,0.0,0.516667,0.0,0.849197,1.72,1.81798
volkan,1.0,2026,2026-187,0.891667,0.858333,0.141667,1.0,0.975,0.0,0.0,0.547397,0.04,0.19654
volkan,1.0,2026,2026-188,0.0,0.0,0.0,0.0,0.0,0.0,1.0,0.018661,-2.32,4.190046
volkan,1.0,2026,2026-189,0.008333,0.0,0.416667,0.416667,0.008333,0.325,0.0,0.809422,1.6,1.504822
volkan,1.0,2026,2026-190,0.441667,0.075,0.9,0.975,0.441667,0.0,0.0,0.697446,0.92,0.852104
volkan,1.0,2026,2026-191,0.266667,0.75,0.041667,0.791667,0.783333,0.0,0.0,0.463529,-0.6,0.276865
volkan,1.0,2026,2026-192,0.0,0.0,0.258333,0.258333,0.0,0.483333,0.0,0.842282,1.52,1.742359
volkan,1.0,2026,2026-193,0.325,0.0,0.633333,0.633333,0.325,0.225,0.0,0.756585,1.64,1.200939
volkan,1.0,2026,2026-194,0.266667,0.0,0.783333,0.783333,0.266667,0.008333,0.0,0.741057,1.28,1.07656
volkan,1.0,2026,2026-195,0.0,0.008333,0.0,0.008333,0.008333,0.0,0.983333,0.159914,-1.8,1.771259
volkan,1.0,2026,2026-196,0.0,0.008333,0.0,0.008333,0.008333,0.0,0.966667,0.160159,-1.56,1.738652
volkan,1.0,2026,2026-197,0.308333,0.0,0.933333,0.933333,0.308333,0.0,0.0,0.730723,0.76,1.012217
volkan,1.0,2026,2026-198,0.858333,0.258333,0.741667,1.0,0.858333,0.0,0.0,0.637436,0.6,0.571289
volkan,1.0,2026,2026-199,0.966667,0.441667,0.558333,1.0,0.966667,0.0,0.0,0.611009,0.2,0.456093
volkan,1.5,42,42-0,0.158333,0.0,0.641667,0.641667,0.158333,0.233333,0.0,0.774697,1.52,1.283799
volkan,1.5,42,42-1,0.033333,0.15,0.0,0.15,0.15,0.0,0.383333,0.331852,-0.92,0.733243
volkan,1.5,42,42-2,0.0,0.0,0.158333,0.158333,0.0,0.616667,0.0,0.865309,1.84,1.960662
volkan,1.5,42,42-3,0.0,0.0,0.016667,0.016667,0.0,0.783333,0.0,0.893518,1.88,2.240457
volkan,1.5,42,42-4,0.0,0.008333,0.0,0.008333,0.008333,0.0,0.991667,0.131482,-1.52,1.990209
volkan,1.5,42,42-5,0.016667,0.1,0.008333,0.108333,0.108333,0.0,0.683333,0.281764,-0.96,0.977624
volkan,1.5,42,42-6,0.408333,0.0,0.925,0.925,0.408333,0.033333,0.0,0.718732,0.72,0.962737
volkan,1.5,42,42-7,0.55,0.891667,0.083333,0.975,0.975,0.0,0.0,0.531388,-0.24,0.191632
volkan,1.5,42,42-8,0.85,0.108333,0.866667,0.975,0.85,0.008333,0.0,0.650665,0.4,0.632744
volkan,1.5,42,42-9,0.083333,0.341667,0.058333,0.4,0.383333,0.0,0.0,0.40895,-0.28,0.483742
volkan,1.5,42,42-10,0.0,0.0,0.075,0.075,0.0,0.766667,0.0,0.890479,2.04,2.222224
volkan,1.5,42,42-11,0.0,0.0,0.15,0.15,0.0,0.708333,0.0,0.882125,2.08,2.155057
volkan,1.5,42,42-12,0.275,0.0,0.775,0.775,0.275,0.05,0.0,0.743918,1.24,1.100242
volkan,1.5,42,42-13,0.0,0.0,0.0,0.0,0.0,0.866667,0.0,0.914344,2.16,2.517877
volkan,1.5,42,42-14,0.025,0.0,0.383333,0.383333,0.025,0.458333,0.0,0.83044,1.84,1.683795
volkan,1.5,42,42-15,0.05,0.208333,0.025,0.233333,0.233333,0.0,0.258333,0.358178,-1.0,0.634474
volkan,1.5,42,42-16,0.05,0.0,0.541667,0.541667,0.05,0.183333,0.0,0.79219,1.24,1.380653
volkan,1.5,42,42-17,0.033333,0.116667,0.016667,0.133333,0.133333,0.0,0.308333,0.337127,-0.76,0.721623
volkan,1.5,42,42-18,0.0,0.0,0.108333,0.108333,0.0,0.7,0.0,0.881721,1.88,2.105247
volkan,1.5,42,42-19,0.825,0.083333,0.891667,0.975,0.825,0.008333,0.0,0.668988,0.48,0.717501
volkan,1.5,42,42-20,0.933333,0.4,0.591667,0.991667,0.933333,0.0,0.0,0.61584,0.48,0.479416
volkan,1.5,42,42-21,0.233333,0.875,0.108333,0.983333,0.941667,0.0,0.0,0.482085,0.04,0.287926
volkan,1.5,42,42-22,0.0,0.0,0.0,0.0,0.0,0.916667,0.0,0.916831,2.0,2.529634
volkan,1.5,42,42-23,0.533333,0.091667,0.866667,0.958333,0.533333,0.008333,0.0,0.692888,0.96,0.834793
volkan,1.5,42,42-24,0.358333,0.908333,0.075,0.983333,0.983333,0.0,0.0,0.487663,-0.4,0.228222
volkan,1.5,42,42-25,0.758333,0.808333,0.15,0.958333,0.933333,0.0,0.0,0.559419,0.08,0.270241
volkan,1.5,42,42-26,0.008333,0.0,0.366667,0.366667,0.008333,0.483333,0.0,0.834628,1.76,1.710426
volkan,1.5,42,42-27,0.033333,0.0,0.458333,0.458333,0.033333,0.308333,0.0,0.801638,1.4,1.44557
volkan,1.5,42,42-28,0.041667,0.0,0.391667,0.391667,0.041667,0.408333,0.0,0.821425,1.6,1.599592
volkan,1.5,42,42-29,0.033333,0.0,0.383333,0.383333,0.033333,0.366667,0.0,0.817308,1.56,1.560507
volkan,1.5,42,42-30,0.0,0.0,0.0,0.0,0.0,1.0,0.0,0.966403,2.12,3.528954
volkan,1.5,42,42-31,0.808333,0.775,0.208333,0.983333,0.908333,0.0,0.0,0.567988,0.36,0.292345
volkan,1.5,42,42-32,0.808333,0.858333,0.125,0.983333,0.958333,0.0,0.0,0.550455,0.36,0.230006
volkan,1.5,42,42-33,0.141667,0.425,0.025,0.45,0.45,0.0,0.058333,0.407659,-0.64,0.446974
volkan,1.5,42,42-34,0.0,0.0,0.375,0.375,0.0,0.366667,0.0,0.822899,1.36,1.576517
volkan,1.5,42,42-35,0.0,0.0,0.0,0.0,0.0,0.833333,0.0,0.908845,1.84,2.407942
volkan,1.5,42,42-36,0.741667,0.25,0.741667,0.991667,0.741667,0.008333,0.0,0.651963,0.72,0.6402
volkan,1.5,42,42-37,0.083333,0.341667,0.041667,0.383333,0.375,0.0,0.05,0.402239,-0.52,0.478191
volkan,1.5,42,42-38,0.075,0.575,0.033333,0.608333,0.583333,0.0,0.0,0.434247,-0.24,0.354388
volkan,1.5,42,42-39,0.0,0.0,0.2,0.2,0.0,0.608333,0.0,0.8644,2.0,1.968154
volkan,1.5,42,42-40,0.0,0.0,0.15,0.15,0.0,0.666667,0.0,0.871795,1.88,2.011485
volkan,1.5,42,42-41,0.0,0.0,0.375,0.375,0.0,0.441667,0.0,0.82949,1.6,1.653299
volkan,1.5,42,42-42,0.191667,0.758333,0.033333,0.791667,0.766667,0.0,0.0,0.462859,-0.16,0.303889
volkan,1.5,42,42-43,0.233333,0.0,0.483333,0.483333,0.233333,0.325,0.0,0.784389,1.68,1.362886
volkan,1.5,42,42-44,0.325,0.008333,0.791667,0.8,0.325,0.058333,0.0,0.736882,1.16,1.064872
volkan,1.5,42,42-45,0.35,0.0,0.775,0.775,0.35,0.05,0.0,0.743716,1.12,1.096543
volkan,1.5,42,42-46,0.0,0.0,0.083333,0.083333,0.0,0.583333,0.0,0.868067,1.72,1.966906
volkan,1.5,42,42-47,0.191667,0.0,0.775,0.775,0.191667,0.033333,0.0,0.752085,0.96,1.132477
volkan,1.5,42,42-48,0.0,0.0,0.216667,0.216667,0.0,0.558333,0.0,0.851717,1.64,1.822118
volkan,1.5,42,42-49,0.325,0.0,0.691667,0.691667,0.325,0.133333,0.0,0.748436,1.6,1.138819
volkan,1.5,42,42-50,0.216667,0.0,0.758333,0.758333,0.216667,0.025,0.0,0.758595,1.08,1.170422
volkan,1.5,42,42-51,0.0,0.0,0.366667,0.366667,0.0,0.391667,0.0,0.826767,1.4,1.609497
volkan,1.5,42,42-52,0.016667,0.05,0.0,0.05,0.05,0.0,0.825,0.227941,-1.24,1.288992
volkan,1.5,42,42-53,0.958333,0.666667,0.316667,0.983333,0.966667,0.008333,0.0,0.587104,0.44,0.36045
volkan,1.5,42,42-54,0.916667,0.841667,0.133333,0.975,0.958333,0.0,0.0,0.557725,0.24,0.244578
volkan,1.5,42,42-55,0.433333,0.925,0.075,1.0,1.0,0.0,0.0,0.507801,0.08,0.181445
volkan,1.5,42,42-56,0.95,0.758333,0.225,0.983333,0.958333,0.0,0.0,0.574965,0.16,0.31044
volkan,1.5,42,42-57,0.0,0.0,0.0,0.0,0.0,1.0,0.0,0.93358,1.8,2.761299
volkan,1.5,42,42-58,0.108333,0.825,0.025,0.85,0.833333,0.0,0.0,0.444837,0.04,0.308682
volkan,1.5,42,42-59,0.0,0.0,0.025,0.025,0.0,0.766667,0.0,0.889642,1.88,2.191029
volkan,1.5,42,42-60,0.0,0.0,0.0,0.0,0.0,0.0,0.958333,0.151707,-1.72,1.815119
volkan,1.5,42,42-61,0.691667,0.916667,0.075,0.991667,0.991667,0.0,0.0,0.529399,-0.12,0.14836
volkan,1.5,42,42-62,0.283333,0.0,0.741667,0.741667,0.283333,0.066667,0.0,0.748358,1.28,1.126595
volkan,1.5,42,42-63,0.0,0.0,0.333333,0.333333,0.0,0.475,0.0,0.832622,1.6,1.66969
volkan,1.5,42,42-64,0.0,0.0,0.191667,0.191667,0.0,0.6,0.0,0.863765,1.88,1.952469
volkan,1.5,42,42-65,0.0,0.0,0.15,0.15,0.0,0.65,0.0,0.868168,1.68,1.96844
volkan,1.5,42,42-66,0.95,0.708333,0.275,0.983333,0.95,0.008333,0.0,0.587847,0.48,0.364675
volkan,1.5,42,42-67,0.883333,0.866667,0.125,0.991667,0.975,0.0,0.0,0.54498,0.12,0.193169
volkan,1.5,42,42-68,0.0,0.0,0.116667,0.116667,0.0,0.7,0.0,0.872589,1.64,2.003047
volkan,1.5,42,42-69,0.641667,0.225,0.725,0.95,0.641667,0.008333,0.0,0.677695,1.16,0.772189
volkan,1.5,42,42-70,0.016667,0.05,0.008333,0.058333,0.058333,0.0,0.775,0.251159,-1.2,1.152097
volkan,1.5,42,42-71,0.033333,0.108333,0.008333,0.116667,0.116667,0.0,0.491667,0.314939,-0.76,0.824107
volkan,1.5,42,42-72,0.05,0.241667,0.016667,0.258333,0.25,0.0,0.208333,0.367812,-0.8,0.595571
volkan,1.5,42,42-73,0.0,0.0,0.316667,0.316667,0.0,0.45,0.0,0.835673,1.68,1.702629
volkan,1.5,42,42-74,0.283333,0.0,0.733333,0.733333,0.283333,0.066667,0.0,0.751118,1.32,1.148655
volkan,1.5,42,42-75,0.0,0.0,0.175,0.175,0.0,0.5,0.0,0.850845,1.56,1.802338
volkan,1.5,42,42-76,0.891667,0.491667,0.491667,0.983333,0.908333,0.008333,0.0,0.609568,0.64,0.460152
volkan,1.5,42,42-77,0.225,0.0,0.575,0.575,0.225,0.191667,0.0,0.773245,1.48,1.279306
volkan,1.5,42,42-78,0.0,0.0,0.25,0.25,0.0,0.541667,0.0,0.844202,1.52,1.751708
volkan,1.5,42,42-79,0.941667,0.75,0.25,1.0,0.941667,0.0,0.0,0.5862,0.28,0.353805
volkan,1.5,42,42-80,0.041667,0.0,0.6,0.6,0.041667,0.141667,0.0,0.791095,1.2,1.373139
volkan,1.5,42,42-81,0.425,0.916667,0.083333,1.0,0.966667,0.0,0.0,0.513706,0.36,0.167276
volkan,1.5,42,42-82,0.95,0.791667,0.175,0.966667,0.958333,0.0,0.0,0.565866,0.04,0.27844
volkan,1.5,42,42-83,0.933333,0.766667,0.225,0.991667,0.95,0.0,0.0,0.575392,0.32,0.312804
volkan,1.5,42,42-84,0.025,0.075,0.008333,0.083333,0.083333,0.0,0.708333,0.274152,-1.16,1.024642
volkan,1.5,42,42-85,0.016667,0.0,0.291667,0.291667,0.016667,0.475,0.0,0.835015,1.76,1.694154
volkan,1.5,42,42-86,0.85,0.733333,0.25,0.983333,0.95,0.0,0.0,0.575885,0.48,0.325752
volkan,1.5,42,42-87,0.9,0.325,0.641667,0.966667,0.9,0.016667,0.0,0.627759,0.12,0.536373
volkan,1.5,42,42-88,0.0,0.0,0.4,0.4,0.0,0.25,0.0,0.812855,1.28,1.521414
volkan,1.5,42,42-89,0.016667,0.0,0.425,0.425,0.016667,0.383333,0.0,0.821241,1.56,1.594604
volkan,1.5,42,42-90,0.0,0.0,0.283333,0.283333,0.0,0.441667,0.0,0.83739,1.4,1.700758
volkan,1.5,42,42-91,0.616667,0.066667,0.875,0.941667,0.616667,0.016667,0.0,0.687695,0.72,0.809237
volkan,1.5,42,42-92,0.908333,0.516667,0.483333,1.0,0.966667,0.0,0.0,0.587954,0.68,0.365735
volkan,1.5,42,42-93,0.541667,0.091667,0.875,0.966667,0.541667,0.025,0.0,0.696203,1.08,0.86206
volkan,1.5,42,42-94,0.008333,0.016667,0.0,0.016667,0.016667,0.0,0.933333,0.180558,-1.4,1.591851
volkan,1.5,42,42-95,0.025,0.058333,0.016667,0.075,0.075,0.0,0.783333,0.249087,-1.12,1.183009
volkan,1.5,42,42-96,0.008333,0.025,0.0,0.025,0.025,0.0,0.841667,0.236536,-0.92,1.206197
volkan,1.5,42,42-97,0.05,0.15,0.033333,0.183333,0.166667,0.0,0.233333,0.356395,-0.6,0.666248
volkan,1.5,42,42-98,0.041667,0.0,0.55,0.55,0.041667,0.2,0.0,0.790716,1.2,1.372534
volkan,1.5,42,42-99,0.066667,0.158333,0.025,0.183333,0.183333,0.0,0.525,0.302798,-1.64,0.937388
volkan,1.5,42,42-100,0.8,0.866667,0.116667,0.983333,0.983333,0.0,0.0,0.54478,0.04,0.199717
volkan,1.5,42,42-101,0.0,0.0,0.0,0.0,0.0,0.975,0.0,0.928253,2.24,2.733889
volkan,1.5,42,42-102,0.958333,0.775,0.225,1.0,0.958333,0.0,0.0,0.57252,0.24,0.297746
volkan,1.5,42,42-103,0.0,0.0,0.166667,0.166667,0.0,0.533333,0.0,0.856409,1.64,1.853211
volkan,1.5,42,42-104,0.083333,0.15,0.033333,0.183333,0.183333,0.0,0.383333,0.337304,-1.24,0.765069
volkan,1.5,42,42-105,0.933333,0.591667,0.383333,0.975,0.933333,0.016667,0.0,0.606046,0.24,0.443925
volkan,1.5,42,42-106,0.1,0.233333,0.033333,0.266667,0.266667,0.0,0.233333,0.370048,-0.68,0.590722
volkan,1.5,42,42-107,0.666667,0.333333,0.633333,0.966667,0.666667,0.008333,0.0,0.646668,1.12,0.627431
volkan,1.5,42,42-108,0.0,0.0,0.141667,0.141667,0.0,0.633333,0.0,0.868042,1.6,1.952714
volkan,1.5,42,42-109,0.008333,0.008333,0.0,0.008333,0.008333,0.0,0.966667,0.141527,-2.04,1.975395
volkan,1.5,42,42-110,0.041667,0.0,0.408333,0.408333,0.041667,0.325,0.0,0.810729,1.68,1.5189
volkan,1.5,42,42-111,0.25,0.0,0.783333,0.783333,0.25,0.041667,0.0,0.749161,1.04,1.118855
volkan,1.5,42,42-112,0.516667,0.883333,0.1,0.983333,0.975,0.0,0.0,0.522615,0.32,0.172926
volkan,1.5,42,42-113,0.0,0.05,0.0,0.05,0.05,0.0,0.891667,0.210847,-1.24,1.377168
volkan,1.5,42,42-114,0.225,0.0,0.666667,0.666667,0.225,0.1,0.0,0.757142,1.44,1.18051
volkan,1.5,42,42-115,0.333333,0.916667,0.083333,1.0,0.983333,0.0,0.0,0.501126,0.08,0.169152
volkan,1.5,42,42-116,0.15,0.0,0.566667,0.566667,0.15,0.233333,0.0,0.780515,1.36,1.322251
volkan,1.5,42,42-117,0.275,0.025,0.608333,0.633333,0.275,0.183333,0.0,0.756877,1.52,1.195963
volkan,1.5,42,42-118,0.0,0.0,0.0,0.0,0.0,1.0,0.0,0.947297,2.24,3.06084
volkan,1.5,42,42-119,0.7,0.291667,0.65,0.941667,0.7,0.008333,0.0,0.659599,1.0,0.685283
volkan,1.5,42,42-120,0.083333,0.233333,0.033333,0.266667,0.266667,0.0,0.166667,0.374363,-0.68,0.584526
volkan,1.5,42,42-121,0.2,0.0,0.7,0.7,0.2,0.091667,0.0,0.760018,1.32,1.186017
volkan,1.5,42,42-122,0.216667,0.0,0.616667,0.616667,0.216667,0.066667,0.0,0.765474,1.16,1.229888
volkan,1.5,42,42-123,0.0,0.0,0.0,0.0,0.0,0.991667,0.0,0.926295,2.08,2.66768
volkan,1.5,42,42-124,0.0,0.0,0.108333,0.108333,0.0,0.641667,0.0,0.875908,1.8,2.056195
volkan,1.5,42,42-125,0.083333,0.0,0.541667,0.541667,0.083333,0.25,0.0,0.791422,1.48,1.386298
volkan,1.5,42,42-126,0.0,0.0,0.0,0.0,0.0,1.0,0.0,0.935213,2.12,2.836638
volkan,1.5,42,42-127,0.058333,0.116667,0.033333,0.15,0.15,0.0,0.475,0.322247,-0.64,0.819146
volkan,1.5,42,42-128,0.333333,0.908333,0.075,0.983333,0.975,0.0,0.0,0.4923,0.04,0.218735
volkan,1.5,42,42-129,0.033333,0.15,0.008333,0.158333,0.158333,0.0,0.325,0.328187,-1.08,0.757888
volkan,1.5,42,42-130,0.758333,0.858333,0.141667,1.0,0.958333,0.0,0.0,0.543696,-0.04,0.198335
volkan,1.5,42,42-131,0.008333,0.041667,0.008333,0.05,0.05,0.0,0.866667,0.221774,-1.44,1.333419
volkan,1.5,42,42-132,0.0,0.0,0.275,0.275,0.0,0.525,0.0,0.848053,1.76,1.810399
volkan,1.5,42,42-133,0.883333,0.45,0.5,0.95,0.883333,0.033333,0.0,0.623993,0.48,0.534043
volkan,1.5,42,42-134,0.008333,0.033333,0.0,0.033333,0.033333,0.0,0.858333,0.208075,-1.36,1.421728
volkan,1.5,42,42-135,0.033333,0.191667,0.041667,0.233333,0.225,0.0,0.25,0.357619,-0.48,0.650171
volkan,1.5,42,42-136,0.091667,0.0,0.55,0.55,0.091667,0.233333,0.0,0.790888,1.48,1.38005
volkan,1.5,42,42-137,0.0,0.0,0.158333,0.158333,0.0,0.675,0.0,0.872817,1.6,2.009228
volkan,1.5,42,42-138,0.0,0.0,0.0,0.0,0.0,1.0,0.0,0.962187,2.28,3.431724
volkan,1.5,42,42-139,0.0,0.0,0.0,0.0,0.0,1.0,0.0,0.984553,2.28,4.357883
volkan,1.5,42,42-140,0.016667,0.0,0.408333,0.408333,0.016667,0.391667,0.0,0.816915,1.68,1.563065
volkan,1.5,42,42-141,0.016667,0.125,0.0,0.125,0.125,0.0,0.466667,0.308162,-1.12,0.836775
volkan,1.5,42,42-142,0.0,0.0,0.0,0.0,0.0,0.0,0.975,0.104777,-2.0,2.327666
volkan,1.5,42,42-143,0.316667,0.0,0.858333,0.858333,0.316667,0.008333,0.0,0.73655,0.88,1.048382
volkan,1.5,42,42-144,0.091667,0.258333,0.025,0.283333,0.283333,0.0,0.3,0.364351,-0.68,0.633676
volkan,1.5,42,42-145,0.891667,0.725,0.258333,0.983333,0.925,0.008333,0.0,0.581231,0.48,0.339356
volkan,1.5,42,42-146,0.333333,0.908333,0.083333,0.991667,0.958333,0.0,0.0,0.510786,0.16,0.196336
volkan,1.5,42,42-147,0.641667,0.15,0.8,0.95,0.641667,0.041667,0.0,0.679769,0.84,0.784215
volkan,1.5,42,42-148,0.0,0.0,0.0,0.0,0.0,0.816667,0.0,0.905342,1.96,2.388019
volkan,1.5,42,42-149,0.3,0.0,0.825,0.825,0.3,0.025,0.0,0.737929,0.88,1.058507
volkan,1.5,42,42-150,0.875,0.208333,0.783333,0.991667,0.875,0.008333,0.0,0.641903,0.6,0.593887
volkan,1.5,42,42-151,0.041667,0.125,0.025,0.15,0.15,0.0,0.491667,0.314446,-1.08,0.860452
volkan,1.5,42,42-152,0.025,0.041667,0.0,0.041667,0.041667,0.0,0.908333,0.174787,-1.56,1.686278
volkan,1.5,42,42-153,0.858333,0.825,0.15,0.975,0.975,0.0,0.0,0.558048,0.4,0.252156
volkan,1.5,42,42-154,0.483333,0.133333,0.833333,0.966667,0.483333,0.016667,0.0,0.694095,1.12,0.844827
volkan,1.5,42,42-155,0.0,0.0,0.0,0.0,0.0,1.0,0.0,0.949712,2.08,3.084702
volkan,1.5,42,42-156,0.416667,0.0,0.85,0.85,0.416667,0.016667,0.0,0.720496,1.2,0.978644
volkan,1.5,42,42-157,0.0,0.0,0.008333,0.008333,0.0,0.791667,0.0,0.897919,2.0,2.301991
volkan,1.5,42,42-158,0.483333,0.858333,0.133333,0.991667,0.983333,0.0,0.0,0.523995,0.16,0.177068
volkan,1.5,42,42-159,0.05,0.091667,0.025,0.116667,0.116667,0.0,0.475,0.31072,-0.72,0.860419
volkan,1.5,42,42-160,0.058333,0.191667,0.033333,0.225,0.216667,0.0,0.391667,0.338981,-0.96,0.752658
volkan,1.5,42,42-161,0.183333,0.841667,0.05,0.891667,0.875,0.0,0.0,0.456418,-0.16,0.294384
volkan,1.5,42,42-162,0.0,0.0,0.0,0.0,0.0,1.0,0.0,0.966513,2.24,3.556892
volkan,1.5,42,42-163,0.1,0.466667,0.016667,0.483333,0.483333,0.0,0.0,0.405455,-0.44,0.434528
volkan,1.5,42,42-164,0.0,0.0,0.116667,0.116667,0.0,0.675,0.0,0.878551,1.76,2.079318
volkan,1.5,42,42-165,0.091667,0.208333,0.05,0.258333,0.241667,0.0,0.225,0.367916,-0.76,0.643988
volkan,1.5,42,42-166,0.0,0.0,0.025,0.025,0.0,0.708333,0.0,0.882374,1.56,2.095453
volkan,1.5,42,42-167,0.083333,0.0,0.566667,0.566667,0.083333,0.241667,0.0,0.789798,1.44,1.37379
volkan,1.5,42,42-168,0.783333,0.175,0.766667,0.941667,0.783333,0.016667,0.0,0.660178,0.64,0.685648
volkan,1.5,42,42-169,0.725,0.25,0.716667,0.966667,0.725,0.016667,0.0,0.663271,0.88,0.696025
volkan,1.5,42,42-170,0.125,0.675,0.025,0.7,0.691667,0.0,0.058333,0.426433,-0.68,0.37034
volkan,1.5,42,42-171,0.033333,0.0,0.375,0.375,0.033333,0.491667,0.0,0.829318,1.88,1.679296
volkan,1.5,42,42-172,0.416667,0.883333,0.116667,1.0,0.966667,0.0,0.0,0.514701,0.12,0.189289
volkan,1.5,42,42-173,0.033333,0.058333,0.0,0.058333,0.058333,0.0,0.708333,0.265747,-1.12,1.064504
volkan,1.5,42,42-174,0.016667,0.041667,0.016667,0.058333,0.058333,0.0,0.708333,0.26052,-1.0,1.112358
volkan,1.5,42,42-175,0.408333,0.0,0.925,0.925,0.408333,0.025,0.0,0.714949,0.8,0.939669
volkan,1.5,42,42-176,0.0,0.0,0.0,0.0,0.0,1.0,0.0,0.939649,2.0,2.895928
volkan,1.5,42,42-177,0.375,0.0,0.75,0.75,0.375,0.016667,0.0,0.740208,1.24,1.082962
volkan,1.5,42,42-178,0.85,0.141667,0.833333,0.975,0.85,0.008333,0.0,0.651873,0.52,0.639862
volkan,1.5,42,42-179,0.108333,0.0,0.483333,0.483333,0.108333,0.308333,0.0,0.800654,1.64,1.452975
volkan,1.5,42,42-180,0.0,0.0,0.0,0.0,0.0,0.958333,0.0,0.920467,2.0,2.570818
volkan,1.5,42,42-181,0.633333,0.025,0.958333,0.983333,0.633333,0.0,0.0,0.681717,0.68,0.773344
volkan,1.5,42,42-182,0.941667,0.875,0.116667,0.991667,0.983333,0.0,0.0,0.547724,0.24,0.198226
volkan,1.5,42,42-183,0.0,0.0,0.0,0.0,0.0,0.858333,0.0,0.901246,1.8,2.313824
volkan,1.5,42,42-184,0.058333,0.0,0.566667,0.566667,0.058333,0.233333,0.0,0.789071,1.4,1.369128
volkan,1.5,42,42-185,0.0,0.0,0.0,0.0,0.0,1.0,0.0,0.941411,2.2,2.942072
volkan,1.5,42,42-186,0.25,0.0,0.65,0.65,0.25,0.05,0.0,0.757477,1.36,1.169869
volkan,1.5,42,42-187,0.033333,0.058333,0.0,0.058333,0.058333,0.0,0.7,0.266977,-1.16,1.057154
volkan,1.5,42,42-188,0.025,0.041667,0.008333,0.05,0.05,0.0,0.85,0.236863,-1.12,1.243411
volkan,1.5,42,42-189,0.0,0.0,0.0,0.0,0.0,1.0,0.0,0.946903,2.08,3.050587
volkan,1.5,42,42-190,0.0,0.0,0.0,0.0,0.0,1.0,0.0,0.950676,2.28,3.148964
volkan,1.5,42,42-191,0.858333,0.35,0.641667,0.991667,0.858333,0.0,0.0,0.635956,0.64,0.568489
volkan,1.5,42,42-192,0.875,0.483333,0.491667,0.975,0.883333,0.0,0.0,0.608657,0.96,0.455374
volkan,1.5,42,42-193,0.0,0.0,0.0,0.0,0.0,1.0,0.0,0.940146,2.36,2.945114
volkan,1.5,42,42-194,0.05,0.108333,0.008333,0.116667,0.116667,0.0,0.65,0.287491,-1.0,0.958084
volkan,1.5,42,42-195,0.041667,0.183333,0.016667,0.2,0.2,0.0,0.491667,0.312231,-1.4,0.870113
volkan,1.5,42,42-196,0.0,0.0,0.233333,0.233333,0.0,0.591667,0.0,0.860256,2.0,1.926983
volkan,1.5,42,42-197,0.858333,0.791667,0.2,0.991667,0.95,0.0,0.0,0.559711,0.04,0.252623
volkan,1.5,42,42-198,0.541667,0.141667,0.8,0.941667,0.541667,0.0,0.0,0.690832,1.12,0.829875
volkan,1.5,42,42-199,0.725,0.241667,0.733333,0.975,0.725,0.016667,0.0,0.657157,0.88,0.669206
volkan,1.5,137,137-0,0.091667,0.325,0.025,0.35,0.341667,0.0,0.066667,0.395106,-0.6,0.503632
volkan,1.5,137,137-1,0.075,0.466667,0.025,0.491667,0.475,0.0,0.0,0.419083,-0.36,0.391895
volkan,1.5,137,137-2,0.2,0.566667,0.075,0.641667,0.616667,0.0,0.0,0.451183,-0.44,0.348628
volkan,1.5,137,137-3,0.4,0.016667,0.908333,0.925,0.4,0.016667,0.0,0.717301,1.0,0.957007
volkan,1.5,137,137-4,0.625,0.858333,0.133333,0.991667,0.975,0.0,0.0,0.52833,0.2,0.183197
volkan,1.5,137,137-5,0.016667,0.133333,0.008333,0.141667,0.133333,0.0,0.558333,0.286107,-1.52,0.998215
volkan,1.5,137,137-6,0.325,0.0,0.741667,0.741667,0.325,0.033333,0.0,0.746045,1.0,1.108055
volkan,1.5,137,137-7,0.25,0.933333,0.033333,0.966667,0.95,0.0,0.0,0.478823,-0.12,0.228496
volkan,1.5,137,137-8,0.0,0.0,0.0,0.0,0.0,0.0,0.991667,0.134118,-1.48,1.94759
volkan,1.5,137,137-9,0.0,0.0,0.0,0.0,0.0,1.0,0.0,0.959946,2.24,3.362338
volkan,1.5,137,137-10,0.0,0.0,0.0,0.0,0.0,1.0,0.0,0.942086,1.96,2.91691
volkan,1.5,137,137-11,0.05,0.158333,0.025,0.183333,0.166667,0.0,0.166667,0.364373,-0.36,0.620686
volkan,1.5,137,137-12,0.85,0.4,0.583333,0.983333,0.858333,0.016667,0.0,0.624497,0.96,0.525383
volkan,1.5,137,137-13,0.725,0.25,0.691667,0.941667,0.725,0.025,0.0,0.656118,0.52,0.668184
volkan,1.5,137,137-14,0.0,0.0,0.0,0.0,0.0,0.758333,0.0,0.896462,1.96,2.284099
volkan,1.5,137,137-15,0.0,0.0,0.0,0.0,0.0,0.0,0.983333,0.070902,-1.8,2.749327
volkan,1.5,137,137-16,0.108333,0.633333,0.033333,0.666667,0.641667,0.0,0.0,0.435207,-0.24,0.349316
volkan,1.5,137,137-17,0.183333,0.0,0.65,0.65,0.183333,0.158333,0.0,0.766432,1.44,1.229159
volkan,1.5,137,137-18,0.0,0.033333,0.0,0.033333,0.033333,0.0,0.966667,0.146306,-1.56,1.889255
volkan,1.5,137,137-19,0.65,0.8,0.175,0.975,0.933333,0.0,0.0,0.550724,0.72,0.282249
volkan,1.5,137,137-20,0.941667,0.508333,0.491667,1.0,0.95,0.0,0.0,0.606215,0.6,0.438076
volkan,1.5,137,137-21,0.758333,0.858333,0.133333,0.991667,0.958333,0.0,0.0,0.543476,0.08,0.205433
volkan,1.5,137,137-22,0.041667,0.108333,0.016667,0.125,0.125,0.0,0.325,0.333688,-0.68,0.747754
volkan,1.5,137,137-23,0.0,0.0,0.0,0.0,0.0,0.825,0.0,0.897798,1.96,2.285847
volkan,1.5,137,137-24,0.491667,0.916667,0.083333,1.0,0.991667,0.0,0.0,0.506573,0.36,0.192955
volkan,1.5,137,137-25,0.0,0.0,0.166667,0.166667,0.0,0.416667,0.0,0.844249,1.36,1.734509
volkan,1.5,137,137-26,0.9,0.416667,0.558333,0.975,0.908333,0.025,0.0,0.615714,0.76,0.489527
volkan,1.5,137,137-27,0.25,0.0,0.591667,0.591667,0.25,0.183333,0.0,0.768502,1.4,1.254952
volkan,1.5,137,137-28,0.425,0.891667,0.083333,0.975,0.933333,0.0,0.0,0.517063,-0.32,0.226384
volkan,1.5,137,137-29,0.0,0.0,0.008333,0.008333,0.0,0.833333,0.0,0.902128,1.88,2.330575
volkan,1.5,137,137-30,0.108333,0.0,0.4,0.4,0.108333,0.4,0.0,0.811513,1.8,1.535237
volkan,1.5,137,137-31,0.091667,0.241667,0.025,0.266667,0.266667,0.0,0.266667,0.35886,-0.68,0.654068
volkan,1.5,137,137-32,0.0,0.0,0.241667,0.241667,0.0,0.566667,0.0,0.863812,2.04,1.976521
volkan,1.5,137,137-33,0.0,0.0,0.0,0.0,0.0,1.0,0.0,0.980722,2.32,4.129548
volkan,1.5,137,137-34,0.008333,0.025,0.0,0.025,0.025,0.0,0.908333,0.18007,-1.44,1.601146
volkan,1.5,137,137-35,0.516667,0.041667,0.916667,0.958333,0.516667,0.008333,0.0,0.694083,1.12,0.840076
volkan,1.5,137,137-36,0.333333,0.0,0.725,0.725,0.333333,0.041667,0.0,0.736791,1.24,1.077684
volkan,1.5,137,137-37,0.908333,0.491667,0.491667,0.983333,0.908333,0.0,0.0,0.614861,0.28,0.47808
volkan,1.5,137,137-38,0.0,0.0,0.05,0.05,0.0,0.725,0.0,0.890012,1.92,2.214464
volkan,1.5,137,137-39,0.925,0.558333,0.416667,0.975,0.925,0.016667,0.0,0.610855,0.4,0.462213
volkan,1.5,137,137-40,0.0,0.0,0.183333,0.183333,0.0,0.491667,0.0,0.845666,1.32,1.745535
volkan,1.5,137,137-41,0.0,0.0,0.191667,0.191667,0.0,0.583333,0.0,0.856505,1.8,1.870524
volkan,1.5,137,137-42,0.058333,0.125,0.033333,0.158333,0.141667,0.0,0.325,0.34467,-0.84,0.733806
volkan,1.5,137,137-43,0.066667,0.191667,0.008333,0.2,0.2,0.0,0.5,0.315965,-1.04,0.830173
volkan,1.5,137,137-44,0.0,0.0,0.0,0.0,0.0,1.0,0.0,0.953837,2.12,3.208328
volkan,1.5,137,137-45,0.716667,0.241667,0.691667,0.933333,0.716667,0.025,0.0,0.668032,0.92,0.72669
volkan,1.5,137,137-46,0.283333,0.0,0.75,0.75,0.283333,0.05,0.0,0.74723,1.2,1.124361
volkan,1.5,137,137-47,0.0,0.0,0.0,0.0,0.0,1.0,0.0,0.942101,2.2,2.960291
volkan,1.5,137,137-48,0.0,0.0,0.183333,0.183333,0.0,0.666667,0.0,0.870787,2.12,2.039804
volkan,1.5,137,137-49,0.65,0.941667,0.058333,1.0,1.0,0.0,0.0,0.527526,0.56,0.174179
volkan,1.5,137,137-50,0.808333,0.808333,0.166667,0.975,0.958333,0.0,0.0,0.55675,0.12,0.245792
volkan,1.5,137,137-51,0.0,0.0,0.008333,0.008333,0.0,0.841667,0.0,0.900909,1.8,2.332768
volkan,1.5,137,137-52,0.0,0.0,0.0,0.0,0.0,0.975,0.0,0.926072,2.04,2.672864
volkan,1.5,137,137-53,0.916667,0.333333,0.633333,0.966667,0.916667,0.016667,0.0,0.633055,0.6,0.559911
volkan,1.5,137,137-54,0.0,0.0,0.0,0.0,0.0,0.975,0.0,0.922662,1.92,2.589218
volkan,1.5,137,137-55,0.633333,0.908333,0.091667,1.0,0.991667,0.0,0.0,0.528132,0.32,0.167827
volkan,1.5,137,137-56,0.233333,0.0,0.55,0.55,0.233333,0.316667,0.0,0.786065,1.96,1.388938
volkan,1.5,137,137-57,0.016667,0.1,0.0,0.1,0.1,0.0,0.716667,0.268644,-1.28,1.048031
volkan,1.5,137,137-58,0.9,0.316667,0.641667,0.958333,0.9,0.016667,0.0,0.627794,0.52,0.539135
volkan,1.5,137,137-59,0.0,0.0,0.383333,0.383333,0.0,0.391667,0.0,0.818559,1.48,1.573098
volkan,1.5,137,137-60,0.025,0.0,0.475,0.475,0.025,0.266667,0.0,0.800199,1.36,1.436119
volkan,1.5,137,137-61,0.0,0.0,0.241667,0.241667,0.0,0.533333,0.0,0.85126,1.6,1.816545
volkan,1.5,137,137-62,0.15,0.841667,0.041667,0.883333,0.866667,0.0,0.0,0.470505,0.24,0.282164
volkan,1.5,137,137-63,0.9,0.416667,0.566667,0.983333,0.908333,0.008333,0.0,0.617649,0.52,0.494207
volkan,1.5,137,137-64,0.666667,0.1,0.841667,0.941667,0.666667,0.041667,0.0,0.675312,0.8,0.759288
volkan,1.5,137,137-65,0.0,0.0,0.0,0.0,0.0,1.0,0.0,0.950343,2.2,3.121596
volkan,1.5,137,137-66,0.0,0.058333,0.0,0.058333,0.058333,0.0,0.775,0.264369,-0.96,1.051738
volkan,1.5,137,137-67,0.883333,0.758333,0.233333,0.991667,0.916667,0.0,0.0,0.569822,-0.04,0.292154
volkan,1.5,137,137-68,0.816667,0.191667,0.8,0.991667,0.816667,0.0,0.0,0.650698,0.56,0.632282
volkan,1.5,137,137-69,0.0,0.0,0.0,0.0,0.0,1.0,0.0,0.987818,2.36,4.612334
volkan,1.5,137,137-70,0.0,0.0,0.275,0.275,0.0,0.633333,0.0,0.865085,2.24,2.009194
volkan,1.5,137,137-71,0.766667,0.15,0.825,0.975,0.766667,0.008333,0.0,0.661185,0.84,0.683736
volkan,1.5,137,137-72,0.458333,0.0,0.925,0.925,0.458333,0.0,0.0,0.713759,0.92,0.932335
volkan,1.5,137,137-73,0.016667,0.008333,0.008333,0.016667,0.016667,0.0,0.941667,0.169369,-1.52,1.700892
volkan,1.5,137,137-74,0.408333,0.016667,0.841667,0.858333,0.408333,0.008333,0.0,0.721011,0.88,0.980325
volkan,1.5,137,137-75,0.0,0.0,0.0,0.0,0.0,0.975,0.0,0.926386,2.16,2.695098
volkan,1.5,137,137-76,0.908333,0.416667,0.575,0.991667,0.908333,0.0,0.0,0.622671,0.44,0.509824
volkan,1.5,137,137-77,0.6,0.841667,0.133333,0.975,0.941667,0.0,0.0,0.540994,0.2,0.243242
volkan,1.5,137,137-78,0.95,0.766667,0.216667,0.983333,0.975,0.0,0.0,0.571252,0.24,0.295694
volkan,1.5,137,137-79,0.0,0.0,0.1,0.1,0.0,0.725,0.0,0.883425,2.0,2.142598
volkan,1.5,137,137-80,0.0,0.0,0.233333,0.233333,0.0,0.508333,0.0,0.849956,1.8,1.819956
volkan,1.5,137,137-81,0.0,0.0,0.0,0.0,0.0,0.891667,0.0,0.914956,2.16,2.523972
volkan,1.5,137,137-82,0.258333,0.0,0.841667,0.841667,0.258333,0.033333,0.0,0.744423,0.96,1.097109
volkan,1.5,137,137-83,0.0,0.0,0.133333,0.133333,0.0,0.675,0.0,0.877612,2.08,2.096598
volkan,1.5,137,137-84,0.1,0.341667,0.041667,0.383333,0.383333,0.0,0.091667,0.400054,-0.56,0.488001
volkan,1.5,137,137-85,0.291667,0.016667,0.658333,0.675,0.291667,0.15,0.0,0.754421,1.36,1.181582
volkan,1.5,137,137-86,0.091667,0.191667,0.025,0.216667,0.208333,0.0,0.358333,0.346114,-0.64,0.715567
volkan,1.5,137,137-87,0.208333,0.891667,0.066667,0.958333,0.916667,0.0,0.0,0.478852,0.04,0.248809
volkan,1.5,137,137-88,0.108333,0.575,0.033333,0.608333,0.6,0.0,0.0,0.429033,-0.08,0.363607
volkan,1.5,137,137-89,0.791667,0.225,0.766667,0.991667,0.791667,0.008333,0.0,0.649705,0.72,0.630426
volkan,1.5,137,137-90,0.0,0.0,0.008333,0.008333,0.0,0.858333,0.0,0.903355,1.84,2.341229
volkan,1.5,137,137-91,0.008333,0.0,0.425,0.425,0.008333,0.316667,0.0,0.809529,1.52,1.496539
volkan,1.5,137,137-92,0.033333,0.075,0.016667,0.091667,0.091667,0.0,0.325,0.324293,-0.52,0.776089
volkan,1.5,137,137-93,0.0,0.0,0.258333,0.258333,0.0,0.533333,0.0,0.84564,1.8,1.795005
volkan,1.5,137,137-94,0.0,0.0,0.0,0.0,0.0,1.0,0.0,0.968914,2.24,3.626251
volkan,1.5,137,137-95,0.0,0.0,0.0,0.0,0.0,0.991667,0.0,0.92333,1.92,2.604894
volkan,1.5,137,137-96,0.0,0.0,0.183333,0.183333,0.0,0.616667,0.0,0.862601,1.76,1.917271
volkan,1.5,137,137-97,0.0,0.0,0.0,0.0,0.0,0.883333,0.0,0.913988,1.92,2.484004
volkan,1.5,137,137-98,0.0,0.0,0.0,0.0,0.0,0.908333,0.0,0.913423,1.84,2.45797
volkan,1.5,137,137-99,0.108333,0.0,0.716667,0.716667,0.108333,0.025,0.0,0.772,0.84,1.242877
volkan,1.5,137,137-100,0.9,0.5,0.475,0.975,0.9,0.016667,0.0,0.608863,0.52,0.459227
volkan,1.5,137,137-101,0.0,0.0,0.0,0.0,0.0,1.0,0.0,0.963503,2.16,3.441613
volkan,1.5,137,137-102,0.133333,0.0,0.541667,0.541667,0.133333,0.258333,0.0,0.788282,1.44,1.368493
volkan,1.5,137,137-103,0.0,0.0,0.0,0.0,0.0,0.941667,0.0,0.919406,1.92,2.553902
volkan,1.5,137,137-104,0.591667,0.025,0.908333,0.933333,0.591667,0.008333,0.0,0.693069,0.84,0.834145
volkan,1.5,137,137-105,0.0,0.0,0.0,0.0,0.0,1.0,0.0,0.967255,2.24,3.563165
volkan,1.5,137,137-106,0.0,0.0,0.0,0.0,0.0,0.0,1.0,0.041837,-2.32,3.434279
volkan,1.5,137,137-107,0.941667,0.366667,0.6,0.966667,0.941667,0.025,0.0,0.625105,0.52,0.525583
volkan,1.5,137,137-108,0.0,0.0,0.0,0.0,0.0,0.0,1.0,0.041618,-2.32,3.363979
volkan,1.5,137,137-109,0.0,0.0,0.0,0.0,0.0,1.0,0.0,0.95055,2.16,3.11539
volkan,1.5,137,137-110,0.633333,0.825,0.15,0.975,0.958333,0.008333,0.0,0.546309,0.72,0.251765
volkan,1.5,137,137-111,0.0,0.0,0.0,0.0,0.0,0.941667,0.0,0.921641,2.12,2.61638
volkan,1.5,137,137-112,0.625,0.841667,0.133333,0.975,0.95,0.0,0.0,0.54374,0.0,0.226602
volkan,1.5,137,137-113,0.166667,0.75,0.033333,0.783333,0.775,0.0,0.0,0.447999,-0.36,0.308191
volkan,1.5,137,137-114,0.908333,0.841667,0.15,0.991667,0.966667,0.008333,0.0,0.561729,0.24,0.263202
volkan,1.5,137,137-115,0.933333,0.633333,0.358333,0.991667,0.95,0.008333,0.0,0.585513,0.32,0.354953
volkan,1.5,137,137-116,0.0,0.0,0.0,0.0,0.0,0.933333,0.0,0.921934,2.08,2.600276
volkan,1.5,137,137-117,0.166667,0.816667,0.05,0.866667,0.858333,0.0,0.0,0.456544,-0.2,0.275214
volkan,1.5,137,137-118,0.008333,0.033333,0.0,0.033333,0.033333,0.0,0.95,0.140103,-1.88,1.973905
volkan,1.5,137,137-119,0.941667,0.666667,0.308333,0.975,0.941667,0.016667,0.0,0.594517,0.4,0.397225
volkan,1.5,137,137-120,0.0,0.0,0.0,0.0,0.0,1.0,0.0,0.959575,2.24,3.346382
volkan,1.5,137,137-121,0.0,0.0,0.0,0.0,0.0,1.0,0.0,0.970383,2.28,3.677682
volkan,1.5,137,137-122,0.4,0.0,0.941667,0.941667,0.4,0.033333,0.0,0.717594,0.8,0.957292
volkan,1.5,137,137-123,0.016667,0.058333,0.008333,0.066667,0.066667,0.0,0.758333,0.244052,-1.36,1.21208
volkan,1.5,137,137-124,0.008333,0.025,0.008333,0.033333,0.033333,0.0,0.925,0.194477,-1.4,1.497126
volkan,1.5,137,137-125,0.658333,0.008333,0.983333,0.991667,0.658333,0.0,0.0,0.683484,0.76,0.779822
volkan,1.5,137,137-126,0.208333,0.0,0.6,0.6,0.208333,0.033333,0.0,0.763639,1.16,1.207623
volkan,1.5,137,137-127,0.058333,0.316667,0.033333,0.35,0.333333,0.0,0.075,0.396175,-0.56,0.507104
volkan,1.5,137,137-128,0.941667,0.375,0.616667,0.991667,0.941667,0.0,0.0,0.625714,0.68,0.519606
volkan,1.5,137,137-129,0.0,0.0,0.008333,0.008333,0.0,0.825,0.0,0.902025,2.08,2.354931
volkan,1.5,137,137-130,0.883333,0.558333,0.391667,0.95,0.883333,0.025,0.0,0.611892,0.24,0.474104
volkan,1.5,137,137-131,0.941667,0.716667,0.275,0.991667,0.941667,0.008333,0.0,0.595405,0.28,0.394542
volkan,1.5,137,137-132,0.0,0.0,0.541667,0.541667,0.0,0.208333,0.0,0.797271,1.0,1.406747
volkan,1.5,137,137-133,0.041667,0.125,0.016667,0.141667,0.141667,0.0,0.525,0.31167,-0.8,0.848794
volkan,1.5,137,137-134,0.208333,0.0,0.608333,0.608333,0.208333,0.175,0.0,0.770711,1.52,1.268043
volkan,1.5,137,137-135,0.108333,0.0,0.575,0.575,0.108333,0.141667,0.0,0.784669,1.2,1.331061
volkan,1.5,137,137-136,0.466667,0.016667,0.9,0.916667,0.466667,0.008333,0.0,0.704445,1.0,0.890939
volkan,1.5,137,137-137,0.641667,0.808333,0.158333,0.966667,0.95,0.0,0.0,0.551157,-0.4,0.265631
volkan,1.5,137,137-138,0.525,0.025,0.916667,0.941667,0.525,0.033333,0.0,0.695704,0.92,0.855665
volkan,1.5,137,137-139,0.0,0.0,0.0,0.0,0.0,0.85,0.0,0.898376,1.72,2.274542
volkan,1.5,137,137-140,0.0,0.0,0.0,0.0,0.0,0.0,1.0,0.082944,-1.92,2.574041
volkan,1.5,137,137-141,0.0,0.0,0.016667,0.016667,0.0,0.775,0.0,0.895107,2.04,2.282627
volkan,1.5,137,137-142,0.675,0.108333,0.841667,0.95,0.675,0.016667,0.0,0.678932,0.52,0.768856
volkan,1.5,137,137-143,0.141667,0.641667,0.05,0.691667,0.675,0.0,0.0,0.439601,-0.6,0.350574
volkan,1.5,137,137-144,0.208333,0.0,0.583333,0.583333,0.208333,0.158333,0.0,0.769518,1.52,1.253531
volkan,1.5,137,137-145,0.0,0.0,0.366667,0.366667,0.0,0.383333,0.0,0.824071,1.36,1.593121
volkan,1.5,137,137-146,0.0,0.0,0.066667,0.066667,0.0,0.7,0.0,0.888363,1.92,2.207514
volkan,1.5,137,137-147,0.425,0.941667,0.058333,1.0,0.991667,0.0,0.0,0.511161,-0.04,0.150733
volkan,1.5,137,137-148,0.075,0.466667,0.058333,0.525,0.475,0.0,0.0,0.429568,-0.44,0.417011
volkan,1.5,137,137-149,0.475,0.0,0.766667,0.766667,0.475,0.075,0.0,0.730222,1.4,1.042456
volkan,1.5,137,137-150,0.008333,0.1,0.016667,0.116667,0.108333,0.0,0.55,0.299368,-1.24,0.912623
volkan,1.5,137,137-151,0.0,0.0,0.0,0.0,0.0,1.0,0.0,0.946691,2.12,3.037449
volkan,1.5,137,137-152,0.0,0.0,0.0,0.0,0.0,1.0,0.0,0.993285,2.32,5.208491
volkan,1.5,137,137-153,0.05,0.3,0.016667,0.316667,0.3,0.0,0.083333,0.392313,-0.44,0.508301
volkan,1.5,137,137-154,0.0,0.0,0.0,0.0,0.0,1.0,0.0,0.946029,1.92,2.978348
volkan,1.5,137,137-155,0.0,0.0,0.225,0.225,0.0,0.55,0.0,0.855573,1.76,1.872806
volkan,1.5,137,137-156,0.6,0.066667,0.883333,0.95,0.6,0.016667,0.0,0.68592,0.88,0.800577
volkan,1.5,137,137-157,0.0,0.0,0.025,0.025,0.0,0.783333,0.0,0.891082,1.88,2.200198
volkan,1.5,137,137-158,0.0,0.0,0.041667,0.041667,0.0,0.691667,0.0,0.887746,1.84,2.174807
volkan,1.5,137,137-159,0.108333,0.0,0.608333,0.608333,0.108333,0.15,0.0,0.780863,1.24,1.317194
volkan,1.5,137,137-160,0.608333,0.85,0.125,0.975,0.958333,0.0,0.0,0.541452,0.72,0.267653
volkan,1.5,137,137-161,0.25,0.0,0.708333,0.708333,0.25,0.066667,0.0,0.754128,1.28,1.156494
volkan,1.5,137,137-162,0.05,0.108333,0.033333,0.141667,0.141667,0.0,0.4,0.321335,-0.88,0.822911
volkan,1.5,137,137-163,0.0,0.0,0.283333,0.283333,0.0,0.533333,0.0,0.849475,1.88,1.829634
volkan,1.5,137,137-164,0.7,0.266667,0.708333,0.975,0.7,0.016667,0.0,0.657847,1.0,0.67377
volkan,1.5,137,137-165,0.0,0.0,0.008333,0.008333,0.0,0.841667,0.0,0.901924,1.76,2.315333
volkan,1.5,137,137-166,0.291667,0.0,0.691667,0.691667,0.291667,0.033333,0.0,0.749028,1.36,1.127656
volkan,1.5,137,137-167,0.925,0.55,0.425,0.975,0.925,0.025,0.0,0.61244,0.28,0.470221
volkan,1.5,137,137-168,0.116667,0.8,0.075,0.875,0.833333,0.0,0.0,0.458316,0.12,0.338625
volkan,1.5,137,137-169,0.0,0.0,0.316667,0.316667,0.0,0.458333,0.0,0.838198,1.8,1.733505
volkan,1.5,137,137-170,0.166667,0.0,0.533333,0.533333,0.166667,0.283333,0.0,0.789031,1.52,1.379307
volkan,1.5,137,137-171,0.941667,0.5,0.491667,0.991667,0.941667,0.008333,0.0,0.603051,0.48,0.426313
volkan,1.5,137,137-172,0.358333,0.025,0.733333,0.758333,0.358333,0.033333,0.0,0.734754,1.32,1.058782
volkan,1.5,137,137-173,0.0,0.0,0.025,0.025,0.0,0.766667,0.0,0.895,1.92,2.258383
volkan,1.5,137,137-174,0.916667,0.433333,0.55,0.983333,0.916667,0.0,0.0,0.616758,0.64,0.488798
volkan,1.5,137,137-175,0.066667,0.166667,0.058333,0.225,0.208333,0.0,0.408333,0.346143,-0.96,0.756383
volkan,1.5,137,137-176,0.0,0.0,0.216667,0.216667,0.0,0.566667,0.0,0.860104,1.96,1.925212
volkan,1.5,137,137-177,0.2,0.0,0.716667,0.716667,0.2,0.041667,0.0,0.755207,1.24,1.155882
volkan,1.5,137,137-178,0.025,0.075,0.016667,0.091667,0.091667,0.0,0.758333,0.258345,-1.12,1.125261
volkan,1.5,137,137-179,0.0,0.0,0.0,0.0,0.0,1.0,0.0,0.98389,2.28,4.316217
volkan,1.5,137,137-180,0.825,0.658333,0.333333,0.991667,0.933333,0.0,0.0,0.583547,0.84,0.36473
volkan,1.5,137,137-181,0.883333,0.416667,0.566667,0.983333,0.883333,0.016667,0.0,0.625658,0.32,0.526499
volkan,1.5,137,137-182,0.008333,0.008333,0.008333,0.016667,0.016667,0.0,0.916667,0.193165,-1.44,1.524321
volkan,1.5,137,137-183,0.775,0.166667,0.808333,0.975,0.775,0.025,0.0,0.662463,0.76,0.692763
volkan,1.5,137,137-184,0.125,0.441667,0.083333,0.525,0.483333,0.0,0.0,0.429598,-0.6,0.449878
volkan,1.5,137,137-185,0.35,0.883333,0.116667,1.0,0.958333,0.0,0.0,0.512158,-0.12,0.218706
volkan,1.5,137,137-186,0.033333,0.033333,0.025,0.058333,0.058333,0.0,0.716667,0.256278,-1.28,1.150769
volkan,1.5,137,137-187,0.883333,0.55,0.441667,0.991667,0.916667,0.0,0.0,0.595965,0.48,0.400687
volkan,1.5,137,137-188,0.691667,0.875,0.108333,0.983333,0.966667,0.0,0.0,0.548229,0.44,0.246089
volkan,1.5,137,137-189,0.15,0.791667,0.025,0.816667,0.8,0.0,0.0,0.450425,-0.2,0.285919
volkan,1.5,137,137-190,0.125,0.475,0.075,0.55,0.516667,0.0,0.083333,0.423342,-0.92,0.456726
volkan,1.5,137,137-191,0.0,0.033333,0.0,0.033333,0.033333,0.0,0.825,0.221294,-1.48,1.317206
volkan,1.5,137,137-192,0.0,0.008333,0.0,0.008333,0.008333,0.0,0.966667,0.120881,-2.04,2.169246
volkan,1.5,137,137-193,0.333333,0.95,0.033333,0.983333,0.983333,0.0,0.0,0.491926,-0.12,0.194212
volkan,1.5,137,137-194,0.0,0.0,0.0,0.0,0.0,1.0,0.0,0.95733,2.36,3.311991
volkan,1.5,137,137-195,0.0,0.0,0.516667,0.516667,0.0,0.3,0.0,0.802719,1.4,1.456339
volkan,1.5,137,137-196,0.483333,0.9,0.091667,0.991667,0.958333,0.0,0.0,0.524527,-0.04,0.176625
volkan,1.5,137,137-197,0.016667,0.108333,0.008333,0.116667,0.116667,0.0,0.408333,0.315395,-0.76,0.807178
volkan,1.5,137,137-198,0.875,0.25,0.733333,0.983333,0.875,0.016667,0.0,0.63536,0.28,0.568219
volkan,1.5,137,137-199,0.433333,0.0,0.833333,0.833333,0.433333,0.008333,0.0,0.717802,1.28,0.967294
volkan,1.5,369,369-0,0.183333,0.0,0.516667,0.516667,0.183333,0.25,0.0,0.783205,1.52,1.338182
volkan,1.5,369,369-1,0.391667,0.008333,0.75,0.758333,0.391667,0.05,0.0,0.730659,1.48,1.035886
volkan,1.5,369,369-2,0.0,0.0,0.0,0.0,0.0,0.933333,0.0,0.921436,2.12,2.609638
volkan,1.5,369,369-3,0.125,0.483333,0.058333,0.541667,0.516667,0.0,0.0,0.429669,-0.44,0.397046
volkan,1.5,369,369-4,0.15,0.0,0.575,0.575,0.15,0.233333,0.0,0.779671,1.4,1.314971
volkan,1.5,369,369-5,0.241667,0.0,0.741667,0.741667,0.241667,0.033333,0.0,0.756363,1.12,1.167919
volkan,1.5,369,369-6,0.108333,0.633333,0.058333,0.691667,0.666667,0.0,0.0,0.432894,-0.48,0.398685
volkan,1.5,369,369-7,0.2,0.0,0.5,0.5,0.2,0.233333,0.0,0.783126,1.44,1.342368
volkan,1.5,369,369-8,0.508333,0.008333,0.775,0.783333,0.508333,0.058333,0.0,0.718992,1.16,0.986863
volkan,1.5,369,369-9,0.0,0.0,0.0,0.0,0.0,1.0,0.0,0.960287,2.24,3.359336
volkan,1.5,369,369-10,0.0,0.0,0.116667,0.116667,0.0,0.591667,0.0,0.86859,1.8,1.973331
volkan,1.5,369,369-11,0.0,0.0,0.0,0.0,0.0,0.0,1.0,0.033435,-2.32,3.661034
volkan,1.5,369,369-12,0.541667,0.925,0.066667,0.991667,0.975,0.0,0.0,0.52258,0.4,0.162038
volkan,1.5,369,369-13,0.25,0.0,0.741667,0.741667,0.25,0.075,0.0,0.753543,1.4,1.152911
volkan,1.5,369,369-14,0.0,0.0,0.0,0.0,0.0,0.0,1.0,0.056435,-1.76,2.990471
volkan,1.5,369,369-15,0.0,0.0,0.0,0.0,0.0,0.0,0.991667,0.062247,-2.16,2.954485
volkan,1.5,369,369-16,0.325,0.0,0.75,0.75,0.325,0.016667,0.0,0.741528,1.16,1.082923
volkan,1.5,369,369-17,0.016667,0.025,0.0,0.025,0.025,0.0,0.9,0.195825,-1.28,1.496796
volkan,1.5,369,369-18,0.0,0.0,0.0,0.0,0.0,1.0,0.0,0.940569,2.36,2.959203
volkan,1.5,369,369-19,0.141667,0.566667,0.033333,0.6,0.591667,0.0,0.033333,0.418868,-0.72,0.39582
volkan,1.5,369,369-20,0.758333,0.25,0.716667,0.966667,0.758333,0.016667,0.0,0.65207,0.8,0.642923
volkan,1.5,369,369-21,0.0,0.0,0.0,0.0,0.0,0.783333,0.0,0.894705,1.88,2.247858
volkan,1.5,369,369-22,0.883333,0.716667,0.258333,0.975,0.941667,0.008333,0.0,0.575876,0.52,0.321357
volkan,1.5,369,369-23,0.0,0.0,0.0,0.0,0.0,0.816667,0.0,0.901431,1.84,2.321889
volkan,1.5,369,369-24,0.658333,0.841667,0.141667,0.983333,0.95,0.0,0.0,0.541227,-0.12,0.219659
volkan,1.5,369,369-25,0.608333,0.875,0.1,0.975,0.966667,0.008333,0.0,0.538019,0.4,0.2176
volkan,1.5,369,369-26,0.0,0.0,0.0,0.0,0.0,0.766667,0.0,0.895477,1.76,2.255482
volkan,1.5,369,369-27,0.7,0.883333,0.1,0.983333,0.966667,0.0,0.0,0.537993,0.2,0.197824
volkan,1.5,369,369-28,0.066667,0.283333,0.025,0.308333,0.291667,0.0,0.183333,0.369145,-0.56,0.614053
volkan,1.5,369,369-29,0.258333,0.0,0.616667,0.616667,0.258333,0.166667,0.0,0.767483,1.52,1.24388
volkan,1.5,369,369-30,0.0,0.0,0.316667,0.316667,0.0,0.4,0.0,0.828942,1.52,1.637255
volkan,1.5,369,369-31,0.75,0.15,0.816667,0.966667,0.75,0.025,0.0,0.665483,0.68,0.705236
volkan,1.5,369,369-32,0.608333,0.858333,0.141667,1.0,0.983333,0.0,0.0,0.533923,0.12,0.19249
volkan,1.5,369,369-33,0.008333,0.041667,0.0,0.041667,0.041667,0.0,0.95,0.142638,-1.44,1.919674
volkan,1.5,369,369-34,0.35,0.866667,0.116667,0.983333,0.966667,0.0,0.0,0.511617,0.16,0.206126
volkan,1.5,369,369-35,0.466667,0.116667,0.816667,0.933333,0.466667,0.0,0.0,0.697339,1.2,0.857341
volkan,1.5,369,369-36,0.375,0.858333,0.125,0.983333,0.958333,0.0,0.0,0.522775,0.16,0.218972
volkan,1.5,369,369-37,0.0,0.0,0.25,0.25,0.0,0.516667,0.0,0.850841,1.76,1.831178
volkan,1.5,369,369-38,0.358333,0.008333,0.716667,0.725,0.358333,0.058333,0.0,0.739024,1.36,1.090597
volkan,1.5,369,369-39,0.05,0.0,0.35,0.35,0.05,0.466667,0.0,0.827915,1.84,1.663148
volkan,1.5,369,369-40,0.0,0.0,0.633333,0.633333,0.0,0.083333,0.0,0.784479,0.72,1.314417
volkan,1.5,369,369-41,0.325,0.883333,0.108333,0.991667,0.941667,0.0,0.0,0.506057,0.36,0.239565
volkan,1.5,369,369-42,0.216667,0.716667,0.058333,0.775,0.75,0.0,0.0,0.465593,-0.36,0.288689
volkan,1.5,369,369-43,0.05,0.141667,0.016667,0.158333,0.158333,0.0,0.616667,0.292885,-1.24,0.956741
volkan,1.5,369,369-44,0.116667,0.516667,0.058333,0.575,0.558333,0.0,0.05,0.417563,-0.56,0.452379
volkan,1.5,369,369-45,0.7,0.183333,0.8,0.983333,0.7,0.008333,0.0,0.663006,0.68,0.693009
volkan,1.5,369,369-46,0.041667,0.0,0.6,0.6,0.041667,0.2,0.0,0.781631,1.28,1.320143
volkan,1.5,369,369-47,0.058333,0.366667,0.016667,0.383333,0.375,0.0,0.183333,0.376219,-0.72,0.564049
volkan,1.5,369,369-48,0.35,0.0,0.916667,0.916667,0.35,0.025,0.0,0.725617,0.88,0.998001
volkan,1.5,369,369-49,0.025,0.05,0.0,0.05,0.05,0.0,0.891667,0.221022,-1.32,1.338134
volkan,1.5,369,369-50,0.033333,0.058333,0.025,0.083333,0.083333,0.0,0.625,0.275211,-1.28,1.043565
volkan,1.5,369,369-51,0.15,0.0,0.441667,0.441667,0.15,0.341667,0.0,0.799338,1.68,1.452626
volkan,1.5,369,369-52,0.0,0.0,0.0,0.0,0.0,1.0,0.0,0.934815,2.2,2.824268
volkan,1.5,369,369-53,0.0,0.0,0.316667,0.316667,0.0,0.375,0.0,0.828943,1.32,1.624644
volkan,1.5,369,369-54,0.2,0.966667,0.033333,1.0,1.0,0.0,0.0,0.471583,-0.12,0.214244
volkan,1.5,369,369-55,0.0,0.0,0.083333,0.083333,0.0,0.65,0.0,0.876351,1.72,2.042011
volkan,1.5,369,369-56,0.258333,0.0,0.6,0.6,0.258333,0.1,0.0,0.764625,1.16,1.22766
volkan,1.5,369,369-57,0.2,0.875,0.066667,0.941667,0.908333,0.0,0.0,0.469415,-0.36,0.287411
volkan,1.5,369,369-58,0.016667,0.05,0.025,0.075,0.066667,0.0,0.658333,0.258427,-1.72,1.167978
volkan,1.5,369,369-59,0.266667,0.0,0.75,0.75,0.266667,0.05,0.0,0.749329,1.2,1.138252
volkan,1.5,369,369-60,0.933333,0.458333,0.508333,0.966667,0.941667,0.016667,0.0,0.610349,0.72,0.46412
volkan,1.5,369,369-61,0.0,0.0,0.0,0.0,0.0,0.0,0.966667,0.164751,-1.48,1.713798
volkan,1.5,369,369-62,0.341667,0.0,0.916667,0.916667,0.341667,0.05,0.0,0.732029,0.84,1.035911
volkan,1.5,369,369-63,0.008333,0.016667,0.0,0.016667,0.016667,0.0,0.958333,0.169099,-1.8,1.716426
volkan,1.5,369,369-64,0.441667,0.866667,0.133333,1.0,0.958333,0.0,0.0,0.521411,0.2,0.219542
volkan,1.5,369,369-65,0.0,0.0,0.083333,0.083333,0.0,0.708333,0.0,0.879293,1.84,2.075967
volkan,1.5,369,369-66,0.083333,0.175,0.033333,0.208333,0.208333,0.0,0.458333,0.324605,-1.08,0.822237
volkan,1.5,369,369-67,0.0,0.0,0.0,0.0,0.0,0.8,0.0,0.901927,2.04,2.355811
volkan,1.5,369,369-68,0.0,0.0,0.391667,0.391667,0.0,0.341667,0.0,0.824361,1.24,1.594629
volkan,1.5,369,369-69,0.05,0.041667,0.033333,0.075,0.075,0.0,0.683333,0.26476,-1.08,1.125742
volkan,1.5,369,369-70,0.0,0.0,0.0,0.0,0.0,0.866667,0.0,0.91068,1.96,2.438375
volkan,1.5,369,369-71,0.733333,0.883333,0.108333,0.991667,0.991667,0.0,0.0,0.540021,0.24,0.191412
volkan,1.5,369,369-72,0.091667,0.383333,0.05,0.433333,0.425,0.0,0.05,0.404215,-0.68,0.469733
volkan,1.5,369,369-73,0.05,0.0,0.483333,0.483333,0.05,0.3,0.0,0.802435,1.36,1.45599
volkan,1.5,369,369-74,0.0,0.0,0.0,0.0,0.0,1.0,0.0,0.937986,1.92,2.842115
volkan,1.5,369,369-75,0.0,0.0,0.283333,0.283333,0.0,0.483333,0.0,0.8418,1.8,1.766934
volkan,1.5,369,369-76,0.366667,0.0,0.858333,0.858333,0.366667,0.016667,0.0,0.726395,1.2,1.005543
volkan,1.5,369,369-77,0.0,0.0,0.35,0.35,0.0,0.391667,0.0,0.824747,1.52,1.60315
volkan,1.5,369,369-78,0.0,0.0,0.158333,0.158333,0.0,0.65,0.0,0.867322,1.72,1.965136
volkan,1.5,369,369-79,0.0,0.0,0.0,0.0,0.0,1.0,0.0,0.969738,2.28,3.650969
volkan,1.5,369,369-80,0.008333,0.0,0.35,0.35,0.008333,0.441667,0.0,0.832706,1.64,1.678309
volkan,1.5,369,369-81,0.5,0.0,0.975,0.975,0.5,0.008333,0.0,0.700914,0.88,0.866443
volkan,1.5,369,369-82,0.0,0.0,0.0,0.0,0.0,0.891667,0.0,0.913632,1.96,2.482563
volkan,1.5,369,369-83,0.091667,0.5,0.05,0.55,0.525,0.0,0.0,0.417254,-0.44,0.436125
volkan,1.5,369,369-84,0.0,0.0,0.0,0.0,0.0,0.891667,0.0,0.913796,2.04,2.493685
volkan,1.5,369,369-85,0.0,0.0,0.0,0.0,0.0,1.0,0.0,0.96773,2.4,3.615848
volkan,1.5,369,369-86,0.058333,0.35,0.05,0.4,0.391667,0.0,0.05,0.397537,-0.44,0.494342
volkan,1.5,369,369-87,0.0,0.0,0.133333,0.133333,0.0,0.658333,0.0,0.876173,2.0,2.073726
volkan,1.5,369,369-88,0.0,0.0,0.1,0.1,0.0,0.725,0.0,0.884621,2.04,2.158889
volkan,1.5,369,369-89,0.041667,0.108333,0.008333,0.116667,0.116667,0.0,0.566667,0.304974,-0.92,0.875025
volkan,1.5,369,369-90,0.0,0.008333,0.0,0.008333,0.008333,0.0,0.983333,0.104743,-2.04,2.324759
volkan,1.5,369,369-91,0.0,0.0,0.0,0.0,0.0,1.0,0.0,0.984061,2.32,4.323884
volkan,1.5,369,369-92,0.0,0.0,0.0,0.0,0.0,0.0,0.991667,0.103821,-1.92,2.301656
volkan,1.5,369,369-93,0.0,0.0,0.0,0.0,0.0,1.0,0.0,0.931423,2.04,2.737263
volkan,1.5,369,369-94,0.0,0.0,0.0,0.0,0.0,1.0,0.0,0.951005,2.08,3.116237
volkan,1.5,369,369-95,0.066667,0.175,0.016667,0.191667,0.191667,0.0,0.408333,0.332752,-0.76,0.756075
volkan,1.5,369,369-96,0.708333,0.616667,0.358333,0.975,0.941667,0.016667,0.0,0.574288,0.72,0.346656
volkan,1.5,369,369-97,0.0,0.0,0.0,0.0,0.0,0.0,0.975,0.137655,-1.88,1.943947
volkan,1.5,369,369-98,0.241667,0.775,0.075,0.85,0.808333,0.0,0.0,0.483156,-0.2,0.311386
volkan,1.5,369,369-99,0.0,0.0,0.0,0.0,0.0,0.0,1.0,0.058479,-2.24,2.931587
volkan,1.5,369,369-100,0.0,0.0,0.0,0.0,0.0,1.0,0.0,0.97635,2.36,3.933802
volkan,1.5,369,369-101,0.058333,0.333333,0.025,0.358333,0.35,0.0,0.116667,0.384061,-0.64,0.535714
volkan,1.5,369,369-102,0.225,0.908333,0.066667,0.975,0.925,0.0,0.0,0.490288,-0.32,0.261132
volkan,1.5,369,369-103,0.0,0.025,0.0,0.025,0.025,0.0,0.966667,0.118112,-1.84,2.162436
volkan,1.5,369,369-104,0.0,0.0,0.066667,0.066667,0.0,0.691667,0.0,0.883029,1.84,2.117251
volkan,1.5,369,369-105,0.241667,0.0,0.708333,0.708333,0.241667,0.108333,0.0,0.759734,1.24,1.187397
volkan,1.5,369,369-106,0.0,0.0,0.025,0.025,0.0,0.75,0.0,0.885247,1.68,2.133705
volkan,1.5,369,369-107,0.425,0.0,0.925,0.925,0.425,0.033333,0.0,0.725709,0.84,1.000677
volkan,1.5,369,369-108,0.833333,0.375,0.591667,0.966667,0.833333,0.016667,0.0,0.631378,0.76,0.556552
volkan,1.5,369,369-109,0.75,0.283333,0.691667,0.975,0.75,0.008333,0.0,0.656416,0.8,0.662088
volkan,1.5,369,369-110,0.0,0.0,0.0,0.0,0.0,1.0,0.0,0.95197,1.96,3.124501
volkan,1.5,369,369-111,0.0,0.0,0.391667,0.391667,0.0,0.366667,0.0,0.819676,1.44,1.574594
volkan,1.5,369,369-112,0.091667,0.291667,0.025,0.316667,0.308333,0.0,0.033333,0.381468,-0.44,0.543545
volkan,1.5,369,369-113,0.116667,0.0,0.608333,0.608333,0.116667,0.166667,0.0,0.774291,1.28,1.281113
volkan,1.5,369,369-114,0.216667,0.0,0.658333,0.658333,0.216667,0.116667,0.0,0.763582,1.28,1.214308
volkan,1.5,369,369-115,0.366667,0.941667,0.041667,0.983333,0.975,0.0,0.0,0.489963,0.28,0.191561
volkan,1.5,369,369-116,0.441667,0.05,0.741667,0.791667,0.441667,0.033333,0.0,0.721343,1.32,0.991521
volkan,1.5,369,369-117,0.075,0.141667,0.025,0.166667,0.166667,0.0,0.458333,0.313133,-1.28,0.8738
volkan,1.5,369,369-118,0.0,0.0,0.075,0.075,0.0,0.725,0.0,0.890303,1.92,2.224117
volkan,1.5,369,369-119,0.0,0.0,0.116667,0.116667,0.0,0.658333,0.0,0.879677,1.8,2.105067
volkan,1.5,369,369-120,0.008333,0.025,0.0,0.025,0.025,0.0,0.925,0.198931,-1.48,1.462628
volkan,1.5,369,369-121,0.025,0.041667,0.008333,0.05,0.05,0.0,0.85,0.220102,-1.56,1.359371
volkan,1.5,369,369-122,0.0,0.0,0.033333,0.033333,0.0,0.716667,0.0,0.893014,1.92,2.258125
volkan,1.5,369,369-123,0.0,0.0,0.0,0.0,0.0,0.991667,0.0,0.926024,1.96,2.64124
volkan,1.5,369,369-124,0.0,0.016667,0.0,0.016667,0.016667,0.0,0.966667,0.118429,-1.72,2.172871
volkan,1.5,369,369-125,0.0,0.0,0.008333,0.008333,0.0,0.866667,0.0,0.90514,2.08,2.393856
volkan,1.5,369,369-126,0.0,0.0,0.183333,0.183333,0.0,0.616667,0.0,0.866209,1.96,1.973734
volkan,1.5,369,369-127,0.0,0.0,0.0,0.0,0.0,0.941667,0.0,0.924555,2.04,2.656232
volkan,1.5,369,369-128,0.025,0.0,0.508333,0.508333,0.025,0.308333,0.0,0.803071,1.56,1.462567
volkan,1.5,369,369-129,0.0,0.0,0.0,0.0,0.0,1.0,0.0,0.96168,2.2,3.394731
volkan,1.5,369,369-130,0.0,0.0,0.191667,0.191667,0.0,0.525,0.0,0.853184,1.52,1.830725
volkan,1.5,369,369-131,0.008333,0.0,0.3,0.3,0.008333,0.475,0.0,0.833092,1.68,1.682881
volkan,1.5,369,369-132,0.0,0.0,0.408333,0.408333,0.0,0.358333,0.0,0.817682,1.6,1.57179
volkan,1.5,369,369-133,0.016667,0.05,0.0,0.05,0.05,0.0,0.85,0.214106,-1.32,1.37777
volkan,1.5,369,369-134,0.191667,0.0,0.433333,0.433333,0.191667,0.358333,0.0,0.797348,1.8,1.455126
volkan,1.5,369,369-135,0.0,0.0,0.0,0.0,0.0,1.0,0.0,0.970075,2.24,3.671171
volkan,1.5,369,369-136,0.0,0.0,0.0,0.0,0.0,1.0,0.0,0.936319,2.08,2.825419
volkan,1.5,369,369-137,0.066667,0.475,0.025,0.5,0.483333,0.0,0.0,0.417142,-0.4,0.390053
volkan,1.5,369,369-138,0.0,0.0,0.008333,0.008333,0.0,0.858333,0.0,0.908097,2.12,2.42903
volkan,1.5,369,369-139,0.008333,0.0,0.45,0.45,0.008333,0.375,0.0,0.814233,1.52,1.538271
volkan,1.5,369,369-140,0.008333,0.016667,0.0,0.016667,0.016667,0.0,0.925,0.179267,-1.48,1.611814
volkan,1.5,369,369-141,0.75,0.858333,0.141667,1.0,0.983333,0.0,0.0,0.549,0.48,0.240225
volkan,1.5,369,369-142,0.008333,0.008333,0.0,0.008333,0.008333,0.0,0.966667,0.135631,-1.96,1.981185
volkan,1.5,369,369-143,0.0,0.0,0.016667,0.016667,0.0,0.675,0.0,0.884718,1.76,2.142921
volkan,1.5,369,369-144,0.8,0.333333,0.65,0.983333,0.8,0.0,0.0,0.636585,0.92,0.574459
volkan,1.5,369,369-145,0.025,0.091667,0.008333,0.1,0.1,0.0,0.683333,0.269879,-1.12,1.062262
volkan,1.5,369,369-146,0.041667,0.0,0.35,0.35,0.041667,0.366667,0.0,0.823016,1.84,1.622318
volkan,1.5,369,369-147,0.333333,0.0,0.883333,0.883333,0.333333,0.05,0.0,0.729741,0.88,1.022705
volkan,1.5,369,369-148,0.091667,0.291667,0.058333,0.35,0.325,0.0,0.1,0.392421,-0.72,0.560592
volkan,1.5,369,369-149,0.0,0.0,0.0,0.0,0.0,0.775,0.0,0.897941,1.92,2.277231
volkan,1.5,369,369-150,0.0,0.0,0.425,0.425,0.0,0.375,0.0,0.820767,1.4,1.572369
volkan,1.5,369,369-151,0.925,0.5,0.475,0.975,0.933333,0.016667,0.0,0.61089,0.48,0.465853
volkan,1.5,369,369-152,0.283333,0.0,0.741667,0.741667,0.283333,0.041667,0.0,0.747643,1.32,1.116733
volkan,1.5,369,369-153,0.0,0.0,0.0,0.0,0.0,0.883333,0.0,0.911592,1.92,2.452719
volkan,1.5,369,369-154,0.0,0.0,0.0,0.0,0.0,0.0,0.991667,0.100756,-1.8,2.288187
volkan,1.5,369,369-155,0.0,0.0,0.0,0.0,0.0,1.0,0.0,0.928695,2.16,2.71319
volkan,1.5,369,369-156,0.066667,0.208333,0.016667,0.225,0.225,0.0,0.375,0.333344,-1.16,0.760064
volkan,1.5,369,369-157,0.65,0.875,0.125,1.0,0.975,0.0,0.0,0.536538,0.0,0.185524
volkan,1.5,369,369-158,0.0,0.0,0.116667,0.116667,0.0,0.666667,0.0,0.875017,1.64,2.032148
volkan,1.5,369,369-159,0.925,0.666667,0.325,0.991667,0.933333,0.008333,0.0,0.593954,0.36,0.394243
volkan,1.5,369,369-160,0.0,0.0,0.0,0.0,0.0,1.0,0.0,0.941432,2.28,2.966774
volkan,1.5,369,369-161,0.108333,0.441667,0.05,0.491667,0.483333,0.0,0.016667,0.412819,-0.32,0.434539
volkan,1.5,369,369-162,0.916667,0.358333,0.616667,0.975,0.916667,0.016667,0.0,0.626383,0.64,0.531194
volkan,1.5,369,369-163,0.0,0.0,0.0,0.0,0.0,0.0,1.0,0.058608,-2.16,2.984765
volkan,1.5,369,369-164,0.0,0.0,0.0,0.0,0.0,0.908333,0.0,0.916769,2.04,2.544902
volkan,1.5,369,369-165,0.033333,0.083333,0.016667,0.1,0.1,0.0,0.658333,0.277532,-1.16,1.020477
volkan,1.5,369,369-166,0.0,0.0,0.0,0.0,0.0,1.0,0.0,0.945345,2.12,2.99542
volkan,1.5,369,369-167,0.0,0.0,0.15,0.15,0.0,0.675,0.0,0.864428,1.76,1.9284
volkan,1.5,369,369-168,0.0,0.0,0.0,0.0,0.0,1.0,0.0,0.924259,2.0,2.639837
volkan,1.5,369,369-169,0.716667,0.8,0.2,1.0,0.983333,0.0,0.0,0.540686,0.16,0.22927
volkan,1.5,369,369-170,0.0,0.0,0.458333,0.458333,0.0,0.275,0.0,0.810066,1.16,1.488522
volkan,1.5,369,369-171,0.716667,0.825,0.15,0.975,0.916667,0.0,0.0,0.557272,0.12,0.260055
volkan,1.5,369,369-172,0.475,0.133333,0.8,0.933333,0.475,0.016667,0.0,0.692685,0.84,0.835024
volkan,1.5,369,369-173,0.541667,0.008333,0.925,0.933333,0.541667,0.05,0.0,0.695506,0.6,0.856375
volkan,1.5,369,369-174,0.158333,0.0,0.45,0.45,0.158333,0.308333,0.0,0.793037,1.56,1.407103
volkan,1.5,369,369-175,0.616667,0.825,0.166667,0.991667,0.975,0.0,0.0,0.538411,0.48,0.234031
volkan,1.5,369,369-176,0.108333,0.0,0.466667,0.466667,0.108333,0.283333,0.0,0.797668,1.48,1.425251
volkan,1.5,369,369-177,0.0,0.0,0.0,0.0,0.0,0.841667,0.0,0.909368,2.16,2.45045
volkan,1.5,369,369-178,0.125,0.775,0.033333,0.808333,0.8,0.0,0.0,0.448951,-0.16,0.28851
volkan,1.5,369,369-179,0.008333,0.033333,0.0,0.033333,0.033333,0.0,0.85,0.229786,-1.08,1.255567
volkan,1.5,369,369-180,0.158333,0.0,0.8,0.8,0.158333,0.025,0.0,0.753874,1.08,1.140948
volkan,1.5,369,369-181,0.158333,0.0,0.533333,0.533333,0.158333,0.225,0.0,0.778887,1.56,1.306951
volkan,1.5,369,369-182,0.0,0.0,0.366667,0.366667,0.0,0.441667,0.0,0.830035,1.68,1.652495
volkan,1.5,369,369-183,0.341667,0.016667,0.933333,0.95,0.341667,0.016667,0.0,0.718343,0.92,0.95485
volkan,1.5,369,369-184,0.758333,0.2,0.758333,0.958333,0.758333,0.016667,0.0,0.656192,0.8,0.668357
volkan,1.5,369,369-185,0.025,0.05,0.0,0.05,0.05,0.0,0.833333,0.212223,-1.6,1.412553
volkan,1.5,369,369-186,0.3,0.933333,0.05,0.983333,0.975,0.0,0.0,0.496067,0.0,0.198022
volkan,1.5,369,369-187,0.908333,0.683333,0.241667,0.925,0.908333,0.016667,0.0,0.597505,0.08,0.417301
volkan,1.5,369,369-188,0.1,0.4,0.041667,0.441667,0.425,0.0,0.058333,0.40752,-0.4,0.474209
volkan,1.5,369,369-189,0.341667,0.0,0.725,0.725,0.341667,0.033333,0.0,0.7403,1.2,1.083347
volkan,1.5,369,369-190,0.1,0.0,0.408333,0.408333,0.1,0.391667,0.0,0.813597,1.68,1.551845
volkan,1.5,369,369-191,0.366667,0.0,0.858333,0.858333,0.366667,0.016667,0.0,0.725654,1.0,0.998842
volkan,1.5,369,369-192,0.866667,0.841667,0.15,0.991667,0.941667,0.0,0.0,0.553403,0.0,0.228287
volkan,1.5,369,369-193,0.583333,0.008333,0.966667,0.975,0.583333,0.025,0.0,0.688595,0.72,0.810453
volkan,1.5,369,369-194,0.041667,0.0,0.483333,0.483333,0.041667,0.283333,0.0,0.801305,1.36,1.451856
volkan,1.5,369,369-195,0.0,0.0,0.0,0.0,0.0,0.0,1.0,0.04605,-2.28,3.235337
volkan,1.5,369,369-196,0.875,0.833333,0.166667,1.0,0.991667,0.0,0.0,0.557625,0.4,0.248697
volkan,1.5,369,369-197,0.008333,0.033333,0.0,0.033333,0.033333,0.0,0.933333,0.152401,-1.96,1.876685
volkan,1.5,369,369-198,0.0,0.0,0.5,0.5,0.0,0.2,0.0,0.798877,1.28,1.419609
volkan,1.5,369,369-199,0.0,0.008333,0.0,0.008333,0.008333,0.0,0.991667,0.116692,-1.68,2.134275
volkan,1.5,1024,1024-0,0.85,0.708333,0.275,0.983333,0.908333,0.0,0.0,0.578641,0.24,0.335639
volkan,1.5,1024,1024-1,0.716667,0.158333,0.825,0.983333,0.716667,0.0,0.0,0.666825,0.8,0.704744
volkan,1.5,1024,1024-2,0.0,0.0,0.0,0.0,0.0,1.0,0.0,0.975294,2.32,3.873632
volkan,1.5,1024,1024-3,0.441667,0.0,0.908333,0.908333,0.441667,0.025,0.0,0.715519,1.12,0.948158
volkan,1.5,1024,1024-4,0.0,0.0,0.0,0.0,0.0,1.0,0.0,0.935363,2.04,2.811012
volkan,1.5,1024,1024-5,0.0,0.0,0.525,0.525,0.0,0.241667,0.0,0.802546,1.16,1.46159
volkan,1.5,1024,1024-6,0.85,0.233333,0.725,0.958333,0.85,0.025,0.0,0.652881,0.64,0.653417
volkan,1.5,1024,1024-7,0.1,0.575,0.033333,0.608333,0.591667,0.0,0.0,0.433349,-0.56,0.353384
volkan,1.5,1024,1024-8,0.966667,0.725,0.275,1.0,0.983333,0.0,0.0,0.577397,0.48,0.31643
volkan,1.5,1024,1024-9,0.0,0.0,0.375,0.375,0.0,0.425,0.0,0.819504,1.48,1.568341
volkan,1.5,1024,1024-10,0.008333,0.05,0.0,0.05,0.05,0.0,0.866667,0.226186,-1.2,1.291704
volkan,1.5,1024,1024-11,0.958333,0.516667,0.466667,0.983333,0.958333,0.008333,0.0,0.602922,0.84,0.427958
volkan,1.5,1024,1024-12,0.0,0.0,0.0,0.0,0.0,1.0,0.0,0.945628,2.24,3.029304
volkan,1.5,1024,1024-13,0.0,0.0,0.166667,0.166667,0.0,0.625,0.0,0.866061,1.72,1.950352
volkan,1.5,1024,1024-14,0.258333,0.0,0.725,0.725,0.258333,0.066667,0.0,0.754073,1.08,1.152609
volkan,1.5,1024,1024-15,0.966667,0.716667,0.258333,0.975,0.966667,0.0,0.0,0.573231,0.6,0.305411
volkan,1.5,1024,1024-16,0.108333,0.333333,0.041667,0.375,0.35,0.0,0.008333,0.401695,-0.24,0.505001
volkan,1.5,1024,1024-17,0.0,0.0,0.0,0.0,0.0,1.0,0.0,0.963988,2.2,3.452585
volkan,1.5,1024,1024-18,0.0,0.0,0.35,0.35,0.0,0.416667,0.0,0.832533,1.52,1.668943
volkan,1.5,1024,1024-19,0.058333,0.108333,0.016667,0.125,0.116667,0.0,0.475,0.31937,-1.12,0.829794
volkan,1.5,1024,1024-20,0.083333,0.583333,0.041667,0.625,0.616667,0.0,0.0,0.432413,-0.04,0.355363
volkan,1.5,1024,1024-21,0.358333,0.916667,0.075,0.991667,0.966667,0.0,0.0,0.508494,0.0,0.218915
volkan,1.5,1024,1024-22,0.791667,0.525,0.458333,0.983333,0.883333,0.0,0.0,0.597214,0.76,0.419477
volkan,1.5,1024,1024-23,0.0,0.0,0.325,0.325,0.0,0.441667,0.0,0.83388,1.6,1.684432
volkan,1.5,1024,1024-24,0.0,0.0,0.0,0.0,0.0,0.866667,0.0,0.914368,2.04,2.506861
volkan,1.5,1024,1024-25,0.875,0.458333,0.491667,0.95,0.875,0.016667,0.0,0.627161,0.6,0.538856
volkan,1.5,1024,1024-26,0.0,0.0,0.0,0.0,0.0,0.85,0.0,0.907704,2.04,2.418882
volkan,1.5,1024,1024-27,0.025,0.066667,0.008333,0.075,0.075,0.0,0.691667,0.270018,-1.04,1.056947
volkan,1.5,1024,1024-28,0.0,0.0,0.391667,0.391667,0.0,0.45,0.0,0.832261,1.84,1.70432
volkan,1.5,1024,1024-29,0.0,0.0,0.2,0.2,0.0,0.616667,0.0,0.862269,1.88,1.933367
volkan,1.5,1024,1024-30,0.0,0.0,0.0,0.0,0.0,0.916667,0.0,0.919061,2.08,2.571051
volkan,1.5,1024,1024-31,0.0,0.0,0.008333,0.008333,0.0,0.766667,0.0,0.892974,1.8,2.221365
volkan,1.5,1024,1024-32,0.0,0.0,0.016667,0.016667,0.0,0.825,0.0,0.904453,2.16,2.388348
volkan,1.5,1024,1024-33,0.0,0.008333,0.0,0.008333,0.008333,0.0,0.966667,0.123072,-1.96,2.118043
volkan,1.5,1024,1024-34,0.725,0.65,0.333333,0.983333,0.916667,0.0,0.0,0.573235,0.84,0.332624
volkan,1.5,1024,1024-35,0.008333,0.008333,0.008333,0.016667,0.016667,0.0,0.925,0.182418,-1.6,1.613511
volkan,1.5,1024,1024-36,0.825,0.325,0.666667,0.991667,0.825,0.0,0.0,0.634809,0.88,0.565231
volkan,1.5,1024,1024-37,0.0,0.0,0.0,0.0,0.0,0.0,0.975,0.12347,-1.96,2.101132
volkan,1.5,1024,1024-38,0.0,0.0,0.066667,0.066667,0.0,0.691667,0.0,0.879172,1.76,2.066483
volkan,1.5,1024,1024-39,0.883333,0.708333,0.258333,0.966667,0.941667,0.008333,0.0,0.575766,0.44,0.322314
volkan,1.5,1024,1024-40,0.0,0.0,0.033333,0.033333,0.0,0.758333,0.0,0.897775,2.04,2.307403
volkan,1.5,1024,1024-41,0.275,0.891667,0.091667,0.983333,0.958333,0.0,0.0,0.492188,0.0,0.248288
volkan,1.5,1024,1024-42,0.775,0.175,0.783333,0.958333,0.775,0.025,0.0,0.662222,0.72,0.69235
volkan,1.5,1024,1024-43,0.0,0.0,0.116667,0.116667,0.0,0.666667,0.0,0.876006,1.96,2.060781
volkan,1.5,1024,1024-44,0.058333,0.125,0.033333,0.158333,0.15,0.0,0.525,0.321838,-1.2,0.843987
volkan,1.5,1024,1024-45,0.0,0.016667,0.0,0.016667,0.016667,0.0,0.958333,0.1494,-1.52,1.846805
volkan,1.5,1024,1024-46,0.0,0.0,0.0,0.0,0.0,1.0,0.0,0.975791,2.36,3.91171
volkan,1.5,1024,1024-47,0.008333,0.025,0.0,0.025,0.025,0.0,0.916667,0.172005,-1.72,1.677255
volkan,1.5,1024,1024-48,0.033333,0.0,0.666667,0.666667,0.033333,0.1,0.0,0.781866,1.08,1.310752
volkan,1.5,1024,1024-49,0.0,0.0,0.033333,0.033333,0.0,0.741667,0.0,0.890165,2.0,2.202353
volkan,1.5,1024,1024-50,0.0,0.0,0.45,0.45,0.0,0.408333,0.0,0.818617,1.48,1.566135
volkan,1.5,1024,1024-51,0.0,0.025,0.0,0.025,0.025,0.0,0.958333,0.149665,-1.8,1.869489
volkan,1.5,1024,1024-52,0.0,0.0,0.233333,0.233333,0.0,0.466667,0.0,0.845788,1.56,1.775658
volkan,1.5,1024,1024-53,0.058333,0.0,0.533333,0.533333,0.058333,0.275,0.0,0.792806,1.28,1.390885
volkan,1.5,1024,1024-54,0.0,0.0,0.2,0.2,0.0,0.558333,0.0,0.852813,1.52,1.825028
volkan,1.5,1024,1024-55,0.0,0.0,0.0,0.0,0.0,0.0,0.991667,0.101707,-1.92,2.331318
volkan,1.5,1024,1024-56,0.491667,0.15,0.775,0.925,0.491667,0.016667,0.0,0.694814,1.0,0.85485
volkan,1.5,1024,1024-57,0.175,0.591667,0.058333,0.65,0.616667,0.0,0.0,0.446352,-0.24,0.370376
volkan,1.5,1024,1024-58,0.016667,0.016667,0.008333,0.025,0.025,0.0,0.825,0.235781,-1.24,1.243134
volkan,1.5,1024,1024-59,0.841667,0.233333,0.733333,0.966667,0.841667,0.016667,0.0,0.653556,0.56,0.654278
volkan,1.5,1024,1024-60,0.016667,0.05,0.0,0.05,0.05,0.0,0.9,0.195085,-1.6,1.539363
volkan,1.5,1024,1024-61,0.908333,0.316667,0.666667,0.983333,0.908333,0.016667,0.0,0.630082,0.32,0.543906
volkan,1.5,1024,1024-62,0.066667,0.2,0.033333,0.233333,0.216667,0.0,0.191667,0.367482,-0.8,0.619026
volkan,1.5,1024,1024-63,0.8,0.766667,0.233333,1.0,0.925,0.0,0.0,0.567031,0.28,0.28967
volkan,1.5,1024,1024-64,0.816667,0.325,0.625,0.95,0.816667,0.033333,0.0,0.637495,0.8,0.586545
volkan,1.5,1024,1024-65,0.0,0.0,0.0,0.0,0.0,0.0,0.983333,0.1106,-2.08,2.231512
volkan,1.5,1024,1024-66,0.758333,0.283333,0.683333,0.966667,0.758333,0.025,0.0,0.653194,0.72,0.654389
volkan,1.5,1024,1024-67,0.0,0.0,0.283333,0.283333,0.0,0.508333,0.0,0.842727,1.88,1.779286
volkan,1.5,1024,1024-68,0.091667,0.641667,0.025,0.666667,0.65,0.0,0.0,0.434968,-0.28,0.32096
volkan,1.5,1024,1024-69,0.916667,0.25,0.75,1.0,0.916667,0.0,0.0,0.630196,0.4,0.538546
volkan,1.5,1024,1024-70,0.416667,0.0,0.875,0.875,0.416667,0.025,0.0,0.719173,1.0,0.967089
volkan,1.5,1024,1024-71,0.133333,0.0,0.483333,0.483333,0.133333,0.333333,0.0,0.800136,1.76,1.467157
volkan,1.5,1024,1024-72,0.225,0.758333,0.091667,0.85,0.833333,0.0,0.0,0.468759,-0.28,0.291809
volkan,1.5,1024,1024-73,0.833333,0.191667,0.775,0.966667,0.833333,0.008333,0.0,0.651451,0.6,0.638397
volkan,1.5,1024,1024-74,0.733333,0.875,0.125,1.0,0.975,0.0,0.0,0.539457,0.24,0.180006
volkan,1.5,1024,1024-75,0.275,0.0,0.708333,0.708333,0.275,0.091667,0.0,0.753224,1.28,1.154643
volkan,1.5,1024,1024-76,0.0,0.0,0.0,0.0,0.0,1.0,0.0,0.966572,2.2,3.543611
volkan,1.5,1024,1024-77,0.0,0.0,0.0,0.0,0.0,0.833333,0.0,0.903306,1.92,2.357901
volkan,1.5,1024,1024-78,0.008333,0.0,0.391667,0.391667,0.008333,0.308333,0.0,0.81365,1.44,1.522934
volkan,1.5,1024,1024-79,0.016667,0.0,0.466667,0.466667,0.016667,0.316667,0.0,0.807832,1.48,1.491577
volkan,1.5,1024,1024-80,0.508333,0.1,0.783333,0.883333,0.508333,0.008333,0.0,0.703244,1.16,0.893478
volkan,1.5,1024,1024-81,0.225,0.0,0.566667,0.566667,0.225,0.058333,0.0,0.772704,1.04,1.261757
volkan,1.5,1024,1024-82,0.0,0.0,0.341667,0.341667,0.0,0.483333,0.0,0.8377,1.84,1.739628
volkan,1.5,1024,1024-83,0.141667,0.0,0.475,0.475,0.141667,0.258333,0.0,0.791118,1.52,1.389181
volkan,1.5,1024,1024-84,0.0,0.0,0.0,0.0,0.0,1.0,0.0,0.965838,2.28,3.545528
volkan,1.5,1024,1024-85,0.366667,0.925,0.075,1.0,0.975,0.0,0.0,0.505054,-0.08,0.202187
volkan,1.5,1024,1024-86,0.0,0.0,0.216667,0.216667,0.0,0.575,0.0,0.855463,1.8,1.861715
volkan,1.5,1024,1024-87,0.616667,0.883333,0.116667,1.0,0.966667,0.0,0.0,0.528473,0.44,0.189076
volkan,1.5,1024,1024-88,0.0,0.0,0.116667,0.116667,0.0,0.616667,0.0,0.870502,1.76,1.994229
volkan,1.5,1024,1024-89,0.916667,0.758333,0.216667,0.975,0.95,0.008333,0.0,0.579604,0.24,0.336162
volkan,1.5,1024,1024-90,0.016667,0.016667,0.008333,0.025,0.025,0.0,0.858333,0.194893,-1.84,1.537345
volkan,1.5,1024,1024-91,0.0,0.0,0.258333,0.258333,0.0,0.491667,0.0,0.840137,1.84,1.747735
volkan,1.5,1024,1024-92,0.575,0.016667,0.933333,0.95,0.575,0.016667,0.0,0.693079,0.96,0.837274
volkan,1.5,1024,1024-93,0.0,0.008333,0.0,0.008333,0.008333,0.0,0.941667,0.161817,-1.64,1.756107
volkan,1.5,1024,1024-94,0.575,0.008333,0.925,0.933333,0.575,0.008333,0.0,0.692953,0.92,0.835469
volkan,1.5,1024,1024-95,0.175,0.0,0.691667,0.691667,0.175,0.058333,0.0,0.76652,1.2,1.217127
volkan,1.5,1024,1024-96,0.091667,0.0,0.508333,0.508333,0.091667,0.366667,0.0,0.807093,1.68,1.506602
volkan,1.5,1024,1024-97,0.2,0.0,0.575,0.575,0.2,0.233333,0.0,0.776484,1.48,1.29924
volkan,1.5,1024,1024-98,0.033333,0.066667,0.008333,0.075,0.075,0.0,0.816667,0.247419,-1.32,1.185378
volkan,1.5,1024,1024-99,0.0,0.0,0.041667,0.041667,0.0,0.758333,0.0,0.894296,2.04,2.270196
volkan,1.5,1024,1024-100,0.458333,0.0,0.825,0.825,0.458333,0.0,0.0,0.717525,1.24,0.959458
volkan,1.5,1024,1024-101,0.266667,0.916667,0.083333,1.0,0.983333,0.0,0.0,0.48364,-0.12,0.232896
volkan,1.5,1024,1024-102,0.925,0.5,0.475,0.975,0.925,0.008333,0.0,0.603287,0.68,0.434035
volkan,1.5,1024,1024-103,0.666667,0.025,0.95,0.975,0.666667,0.025,0.0,0.686652,0.68,0.800963
volkan,1.5,1024,1024-104,0.983333,0.733333,0.266667,1.0,0.983333,0.0,0.0,0.577409,0.4,0.315288
volkan,1.5,1024,1024-105,0.0,0.0,0.0,0.0,0.0,0.858333,0.0,0.908337,2.0,2.418444
volkan,1.5,1024,1024-106,0.175,0.0,0.625,0.625,0.175,0.116667,0.0,0.768435,1.28,1.233711
volkan,1.5,1024,1024-107,0.091667,0.491667,0.016667,0.508333,0.5,0.0,0.0,0.417733,-0.28,0.376356
volkan,1.5,1024,1024-108,0.241667,0.0,0.716667,0.716667,0.241667,0.033333,0.0,0.755645,1.04,1.160916
volkan,1.5,1024,1024-109,0.1,0.316667,0.025,0.341667,0.341667,0.0,0.0,0.402686,-0.32,0.455995
volkan,1.5,1024,1024-110,0.916667,0.5,0.483333,0.983333,0.916667,0.016667,0.0,0.61751,0.32,0.491257
volkan,1.5,1024,1024-111,0.75,0.308333,0.666667,0.975,0.75,0.0,0.0,0.649961,0.68,0.635468
volkan,1.5,1024,1024-112,0.858333,0.6,0.375,0.975,0.941667,0.008333,0.0,0.587782,0.64,0.375926
volkan,1.5,1024,1024-113,0.116667,0.0,0.408333,0.408333,0.116667,0.258333,0.0,0.799661,1.56,1.4349
volkan,1.5,1024,1024-114,0.0,0.0,0.341667,0.341667,0.0,0.4,0.0,0.827648,1.4,1.628917
volkan,1.5,1024,1024-115,0.15,0.0,0.6,0.6,0.15,0.075,0.0,0.774352,1.24,1.265029
volkan,1.5,1024,1024-116,0.0,0.0,0.0,0.0,0.0,0.9,0.0,0.919647,2.08,2.574373
volkan,1.5,1024,1024-117,0.0,0.0,0.0,0.0,0.0,1.0,0.0,0.938662,2.08,2.875198
volkan,1.5,1024,1024-118,0.0,0.0,0.25,0.25,0.0,0.491667,0.0,0.84537,1.52,1.760879
volkan,1.5,1024,1024-119,0.025,0.041667,0.0,0.041667,0.041667,0.0,0.866667,0.210031,-1.36,1.425736
volkan,1.5,1024,1024-120,0.191667,0.0,0.583333,0.583333,0.191667,0.233333,0.0,0.775454,1.48,1.289521
volkan,1.5,1024,1024-121,0.0,0.0,0.0,0.0,0.0,0.0,0.983333,0.094901,-1.92,2.439275
volkan,1.5,1024,1024-122,0.433333,0.0,0.941667,0.941667,0.433333,0.016667,0.0,0.709518,0.76,0.912121
volkan,1.5,1024,1024-123,0.0,0.0,0.275,0.275,0.0,0.516667,0.0,0.844135,1.76,1.779798
volkan,1.5,1024,1024-124,0.083333,0.216667,0.058333,0.275,0.266667,0.0,0.308333,0.357463,-0.88,0.70543
volkan,1.5,1024,1024-125,0.0,0.041667,0.0,0.041667,0.041667,0.0,0.908333,0.179277,-1.68,1.632348
volkan,1.5,1024,1024-126,0.058333,0.258333,0.025,0.283333,0.266667,0.0,0.35,0.349829,-1.08,0.694575
volkan,1.5,1024,1024-127,0.908333,0.566667,0.383333,0.95,0.916667,0.016667,0.0,0.605741,0.4,0.446767
volkan,1.5,1024,1024-128,0.0,0.0,0.0,0.0,0.0,0.941667,0.0,0.92435,2.24,2.660274
volkan,1.5,1024,1024-129,0.066667,0.208333,0.008333,0.216667,0.216667,0.0,0.325,0.349535,-1.0,0.660767
volkan,1.5,1024,1024-130,0.0,0.0,0.0,0.0,0.0,0.908333,0.0,0.917989,2.04,2.571767
volkan,1.5,1024,1024-131,0.325,0.0,0.708333,0.708333,0.325,0.108333,0.0,0.74609,1.48,1.125503
volkan,1.5,1024,1024-132,0.016667,0.0,0.391667,0.391667,0.016667,0.366667,0.0,0.818162,1.6,1.564558
volkan,1.5,1024,1024-133,0.0,0.0,0.0,0.0,0.0,1.0,0.0,0.957384,2.16,3.273948
volkan,1.5,1024,1024-134,0.783333,0.866667,0.133333,1.0,0.975,0.0,0.0,0.550154,0.32,0.22204
volkan,1.5,1024,1024-135,0.816667,0.808333,0.166667,0.975,0.925,0.0,0.0,0.559708,0.12,0.259845
volkan,1.5,1024,1024-136,0.0,0.0,0.0,0.0,0.0,0.991667,0.0,0.929178,1.96,2.700168
volkan,1.5,1024,1024-137,0.075,0.233333,0.025,0.258333,0.241667,0.0,0.291667,0.359371,-1.2,0.661239
volkan,1.5,1024,1024-138,0.0,0.0,0.0,0.0,0.0,1.0,0.0,0.96741,2.2,3.572798
volkan,1.5,1024,1024-139,0.0,0.0,0.366667,0.366667,0.0,0.441667,0.0,0.836173,1.64,1.704681
volkan,1.5,1024,1024-140,0.0,0.0,0.291667,0.291667,0.0,0.441667,0.0,0.831966,1.64,1.663186
volkan,1.5,1024,1024-141,0.0,0.0,0.25,0.25,0.0,0.45,0.0,0.838902,1.48,1.703394
volkan,1.5,1024,1024-142,0.0,0.0,0.133333,0.133333,0.0,0.641667,0.0,0.871005,1.72,1.998081
volkan,1.5,1024,1024-143,0.033333,0.15,0.016667,0.166667,0.158333,0.0,0.325,0.342695,-0.68,0.698602
volkan,1.5,1024,1024-144,0.0,0.016667,0.0,0.016667,0.016667,0.0,0.891667,0.196235,-1.68,1.50344
volkan,1.5,1024,1024-145,0.891667,0.85,0.125,0.975,0.95,0.0,0.0,0.561471,0.16,0.258729
volkan,1.5,1024,1024-146,0.0,0.0,0.016667,0.016667,0.0,0.8,0.0,0.894511,1.8,2.242212
volkan,1.5,1024,1024-147,0.891667,0.758333,0.225,0.983333,0.9,0.0,0.0,0.574165,0.24,0.311468
volkan,1.5,1024,1024-148,0.908333,0.575,0.416667,0.991667,0.925,0.0,0.0,0.59784,0.52,0.405936
volkan,1.5,1024,1024-149,0.016667,0.066667,0.0,0.066667,0.066667,0.0,0.925,0.187748,-1.52,1.567287
volkan,1.5,1024,1024-150,0.216667,0.0,0.583333,0.583333,0.216667,0.141667,0.0,0.767772,1.48,1.244568
volkan,1.5,1024,1024-151,0.058333,0.2,0.0,0.2,0.2,0.0,0.133333,0.358153,-0.44,0.614875
volkan,1.5,1024,1024-152,0.05,0.0,0.45,0.45,0.05,0.333333,0.0,0.805482,1.44,1.472577
volkan,1.5,1024,1024-153,0.016667,0.033333,0.0,0.033333,0.033333,0.0,0.933333,0.14823,-1.72,1.909013
volkan,1.5,1024,1024-154,0.0,0.0,0.1,0.1,0.0,0.616667,0.0,0.863275,1.28,1.886242
volkan,1.5,1024,1024-155,0.0,0.0,0.258333,0.258333,0.0,0.491667,0.0,0.846809,1.64,1.781736
volkan,1.5,1024,1024-156,0.033333,0.091667,0.008333,0.1,0.1,0.0,0.6,0.294383,-1.24,0.925588
volkan,1.5,1024,1024-157,0.008333,0.075,0.0,0.075,0.075,0.0,0.65,0.26417,-1.36,1.073632
volkan,1.5,1024,1024-158,0.658333,0.2,0.766667,0.966667,0.658333,0.008333,0.0,0.675064,1.08,0.751536
volkan,1.5,1024,1024-159,0.0,0.008333,0.0,0.008333,0.008333,0.0,0.966667,0.143409,-2.0,1.930696
volkan,1.5,1024,1024-160,0.066667,0.375,0.033333,0.408333,0.383333,0.0,0.1,0.398746,-0.64,0.496844
volkan,1.5,1024,1024-161,0.0,0.016667,0.0,0.016667,0.016667,0.0,0.966667,0.11399,-1.96,2.243756
volkan,1.5,1024,1024-162,0.175,0.891667,0.05,0.941667,0.916667,0.0,0.0,0.461166,-0.4,0.279094
volkan,1.5,1024,1024-163,0.0,0.0,0.325,0.325,0.0,0.483333,0.0,0.836845,1.76,1.716536
volkan,1.5,1024,1024-164,0.0,0.016667,0.0,0.016667,0.016667,0.0,0.958333,0.160908,-1.56,1.754451
volkan,1.5,1024,1024-165,0.025,0.0,0.541667,0.541667,0.025,0.233333,0.0,0.79608,1.48,1.406089
volkan,1.5,1024,1024-166,0.933333,0.625,0.366667,0.991667,0.933333,0.0,0.0,0.59953,0.56,0.411681
volkan,1.5,1024,1024-167,0.833333,0.741667,0.233333,0.975,0.925,0.016667,0.0,0.572709,0.64,0.315945
volkan,1.5,1024,1024-168,0.191667,0.0,0.541667,0.541667,0.191667,0.191667,0.0,0.77634,1.4,1.296614
volkan,1.5,1024,1024-169,0.0,0.0,0.2,0.2,0.0,0.525,0.0,0.852718,1.6,1.820919
volkan,1.5,1024,1024-170,0.0,0.008333,0.0,0.008333,0.008333,0.0,0.966667,0.110591,-1.96,2.239457
volkan,1.5,1024,1024-171,0.0,0.0,0.0,0.0,0.0,0.0,1.0,0.077775,-2.2,2.686419
volkan,1.5,1024,1024-172,0.891667,0.791667,0.191667,0.983333,0.941667,0.0,0.0,0.561112,0.04,0.25694
volkan,1.5,1024,1024-173,0.283333,0.925,0.075,1.0,0.991667,0.0,0.0,0.490209,-0.12,0.198178
volkan,1.5,1024,1024-174,0.008333,0.025,0.0,0.025,0.025,0.0,0.941667,0.170179,-1.64,1.681336
volkan,1.5,1024,1024-175,0.291667,0.875,0.116667,0.991667,0.966667,0.0,0.0,0.504819,-0.04,0.199471
volkan,1.5,1024,1024-176,0.241667,0.0,0.575,0.575,0.241667,0.183333,0.0,0.77041,1.48,1.264607
volkan,1.5,1024,1024-177,0.666667,0.158333,0.808333,0.966667,0.666667,0.016667,0.0,0.676997,0.88,0.763328
volkan,1.5,1024,1024-178,0.433333,0.0,0.95,0.95,0.433333,0.016667,0.0,0.71908,0.72,0.958136
volkan,1.5,1024,1024-179,0.875,0.375,0.6,0.975,0.883333,0.016667,0.0,0.619317,0.64,0.504848
volkan,1.5,1024,1024-180,0.05,0.5,0.041667,0.541667,0.508333,0.0,0.058333,0.40856,-0.64,0.457836
volkan,1.5,1024,1024-181,0.041667,0.075,0.016667,0.091667,0.091667,0.0,0.533333,0.312998,-0.36,0.820154
volkan,1.5,1024,1024-182,0.191667,0.716667,0.075,0.791667,0.783333,0.0,0.0,0.454018,-0.28,0.314433
volkan,1.5,1024,1024-183,0.683333,0.075,0.858333,0.933333,0.683333,0.033333,0.0,0.673301,0.64,0.750205
volkan,1.5,1024,1024-184,0.291667,0.0,0.691667,0.691667,0.291667,0.025,0.0,0.747446,1.2,1.117509
volkan,1.5,1024,1024-185,0.683333,0.8,0.183333,0.983333,0.966667,0.0,0.0,0.54699,-0.12,0.242942
volkan,1.5,1024,1024-186,0.066667,0.15,0.05,0.2,0.2,0.0,0.466667,0.322143,-0.96,0.869931
volkan,1.5,1024,1024-187,0.0,0.0,0.0,0.0,0.0,1.0,0.0,0.939552,2.04,2.891194
volkan,1.5,1024,1024-188,0.916667,0.45,0.525,0.975,0.916667,0.008333,0.0,0.619642,0.6,0.502811
volkan,1.5,1024,1024-189,0.066667,0.1,0.041667,0.141667,0.133333,0.0,0.483333,0.321719,-1.04,0.843617
volkan,1.5,1024,1024-190,0.0,0.0,0.2,0.2,0.0,0.408333,0.0,0.841207,1.36,1.712779
volkan,1.5,1024,1024-191,0.066667,0.391667,0.016667,0.408333,0.4,0.0,0.0,0.398534,-0.4,0.454359
volkan,1.5,1024,1024-192,0.108333,0.566667,0.05,0.616667,0.591667,0.0,0.0,0.433398,-0.28,0.369423
volkan,1.5,1024,1024-193,0.0,0.0,0.0,0.0,0.0,0.983333,0.0,0.928408,2.24,2.719224
volkan,1.5,1024,1024-194,0.05,0.166667,0.041667,0.208333,0.208333,0.0,0.191667,0.35763,-0.76,0.65876
volkan,1.5,1024,1024-195,0.058333,0.141667,0.05,0.191667,0.175,0.0,0.3,0.352003,-0.68,0.712058
volkan,1.5,1024,1024-196,0.0,0.0,0.158333,0.158333,0.0,0.608333,0.0,0.866544,1.8,1.972189
volkan,1.5,1024,1024-197,0.041667,0.108333,0.025,0.133333,0.133333,0.0,0.525,0.302314,-0.96,0.903487
volkan,1.5,1024,1024-198,0.95,0.666667,0.325,0.991667,0.95,0.008333,0.0,0.587482,0.4,0.362486
volkan,1.5,1024,1024-199,0.816667,0.025,0.941667,0.966667,0.816667,0.025,0.0,0.66557,0.56,0.705887
volkan,1.5,2026,2026-0,0.091667,0.75,0.025,0.775,0.75,0.0,0.0,0.441087,-0.16,0.321029
volkan,1.5,2026,2026-1,0.258333,0.0,0.858333,0.858333,0.258333,0.0,0.0,0.738515,1.08,1.058314
volkan,1.5,2026,2026-2,0.0,0.008333,0.0,0.008333,0.008333,0.0,0.933333,0.141504,-1.8,1.937619
volkan,1.5,2026,2026-3,0.0,0.0,0.0,0.0,0.0,1.0,0.0,0.93401,2.12,2.793222
volkan,1.5,2026,2026-4,0.0,0.0,0.25,0.25,0.0,0.608333,0.0,0.856937,1.92,1.895605
volkan,1.5,2026,2026-5,0.916667,0.775,0.2,0.975,0.941667,0.0,0.0,0.567342,0.16,0.283159
volkan,1.5,2026,2026-6,0.883333,0.533333,0.416667,0.95,0.883333,0.033333,0.0,0.614618,0.76,0.490812
volkan,1.5,2026,2026-7,0.15,0.0,0.533333,0.533333,0.15,0.225,0.0,0.787848,1.36,1.356548
volkan,1.5,2026,2026-8,0.566667,0.225,0.691667,0.916667,0.566667,0.058333,0.0,0.683917,1.2,0.814098
volkan,1.5,2026,2026-9,0.616667,0.225,0.741667,0.966667,0.616667,0.016667,0.0,0.667566,0.92,0.721827
volkan,1.5,2026,2026-10,0.0,0.0,0.2,0.2,0.0,0.541667,0.0,0.856147,1.76,1.863527
volkan,1.5,2026,2026-11,0.0,0.0,0.391667,0.391667,0.0,0.325,0.0,0.814815,1.4,1.545728
volkan,1.5,2026,2026-12,0.766667,0.066667,0.9,0.966667,0.766667,0.025,0.0,0.678008,0.72,0.762478
volkan,1.5,2026,2026-13,0.666667,0.208333,0.766667,0.975,0.666667,0.008333,0.0,0.666826,0.92,0.712662
volkan,1.5,2026,2026-14,0.2,0.0,0.633333,0.633333,0.2,0.108333,0.0,0.764397,1.32,1.217518
volkan,1.5,2026,2026-15,0.375,0.933333,0.041667,0.975,0.95,0.0,0.0,0.504573,0.4,0.215322
volkan,1.5,2026,2026-16,0.575,0.9,0.066667,0.966667,0.966667,0.0,0.0,0.527976,-0.04,0.189962
volkan,1.5,2026,2026-17,0.016667,0.0,0.425,0.425,0.016667,0.416667,0.0,0.824,1.76,1.629715
volkan,1.5,2026,2026-18,0.641667,0.166667,0.8,0.966667,0.641667,0.025,0.0,0.675916,0.84,0.755505
volkan,1.5,2026,2026-19,0.016667,0.033333,0.0,0.033333,0.033333,0.0,0.883333,0.228448,-1.0,1.264838
volkan,1.5,2026,2026-20,0.541667,0.908333,0.066667,0.975,0.933333,0.0,0.0,0.531961,0.28,0.193371
volkan,1.5,2026,2026-21,0.0,0.0,0.233333,0.233333,0.0,0.541667,0.0,0.851709,1.76,1.838422
volkan,1.5,2026,2026-22,0.75,0.25,0.725,0.975,0.75,0.008333,0.0,0.655618,0.88,0.661868
volkan,1.5,2026,2026-23,0.6,0.158333,0.775,0.933333,0.6,0.0,0.0,0.681498,1.28,0.783233
volkan,1.5,2026,2026-24,0.0,0.0,0.291667,0.291667,0.0,0.466667,0.0,0.836926,1.48,1.698038
volkan,1.5,2026,2026-25,0.0,0.0,0.0,0.0,0.0,1.0,0.0,0.957303,2.24,3.289083
volkan,1.5,2026,2026-26,0.1,0.7,0.025,0.725,0.716667,0.0,0.0,0.437197,-0.36,0.30938
volkan,1.5,2026,2026-27,0.0,0.0,0.0,0.0,0.0,0.983333,0.0,0.924685,2.0,2.641561
volkan,1.5,2026,2026-28,0.05,0.075,0.016667,0.091667,0.091667,0.0,0.691667,0.275606,-1.2,1.051413
volkan,1.5,2026,2026-29,0.316667,0.0,0.691667,0.691667,0.316667,0.075,0.0,0.753995,1.32,1.161485
volkan,1.5,2026,2026-30,0.033333,0.133333,0.008333,0.141667,0.141667,0.0,0.575,0.283242,-1.28,0.99189
volkan,1.5,2026,2026-31,0.0,0.0,0.0,0.0,0.0,1.0,0.0,0.918282,1.64,2.507444
volkan,1.5,2026,2026-32,0.0,0.0,0.15,0.15,0.0,0.7,0.0,0.87815,1.84,2.082928
volkan,1.5,2026,2026-33,0.0,0.0,0.0,0.0,0.0,0.858333,0.0,0.908161,2.04,2.42402
volkan,1.5,2026,2026-34,0.083333,0.175,0.025,0.2,0.2,0.0,0.333333,0.3392,-1.04,0.746447
volkan,1.5,2026,2026-35,0.0,0.0,0.183333,0.183333,0.0,0.558333,0.0,0.862586,1.92,1.944134
volkan,1.5,2026,2026-36,0.25,0.783333,0.083333,0.866667,0.825,0.0,0.0,0.473772,-0.32,0.287562
volkan,1.5,2026,2026-37,0.466667,0.916667,0.058333,0.975,0.95,0.0,0.0,0.523704,0.12,0.185261
volkan,1.5,2026,2026-38,0.025,0.0,0.35,0.35,0.025,0.391667,0.0,0.823853,1.72,1.626661
volkan,1.5,2026,2026-39,0.0,0.0,0.075,0.075,0.0,0.641667,0.0,0.875266,1.76,2.037913
volkan,1.5,2026,2026-40,0.266667,0.0,0.808333,0.808333,0.266667,0.016667,0.0,0.742386,1.04,1.08107
volkan,1.5,2026,2026-41,0.208333,0.875,0.075,0.95,0.908333,0.0,0.0,0.476157,-0.24,0.269159
volkan,1.5,2026,2026-42,0.225,0.9,0.091667,0.991667,0.95,0.0,0.0,0.485353,0.16,0.279669
volkan,1.5,2026,2026-43,0.0,0.0,0.0,0.0,0.0,1.0,0.0,0.934713,2.2,2.828493
volkan,1.5,2026,2026-44,0.008333,0.0,0.283333,0.283333,0.008333,0.5,0.0,0.839252,1.64,1.719758
volkan,1.5,2026,2026-45,0.0,0.0,0.225,0.225,0.0,0.55,0.0,0.852194,1.72,1.835679
volkan,1.5,2026,2026-46,0.0,0.0,0.0,0.0,0.0,1.0,0.0,0.966549,2.16,3.5483
volkan,1.5,2026,2026-47,0.05,0.275,0.025,0.3,0.283333,0.0,0.208333,0.374689,-0.76,0.58717
volkan,1.5,2026,2026-48,0.0,0.0,0.0,0.0,0.0,1.0,0.0,0.977568,2.28,3.971135
volkan,1.5,2026,2026-49,0.0,0.0,0.0,0.0,0.0,1.0,0.0,0.988191,2.36,4.642953
volkan,1.5,2026,2026-50,0.0,0.0,0.0,0.0,0.0,1.0,0.0,0.947191,2.32,3.081081
volkan,1.5,2026,2026-51,0.0,0.0,0.125,0.125,0.0,0.7,0.0,0.880644,1.92,2.102371
volkan,1.5,2026,2026-52,0.133333,0.516667,0.033333,0.55,0.516667,0.0,0.0,0.43146,-0.16,0.395622
volkan,1.5,2026,2026-53,0.0,0.0,0.0,0.0,0.0,0.783333,0.0,0.896933,2.04,2.293413
volkan,1.5,2026,2026-54,0.708333,0.758333,0.225,0.983333,0.925,0.0,0.0,0.566111,0.52,0.306585
volkan,1.5,2026,2026-55,0.525,0.025,0.916667,0.941667,0.525,0.016667,0.0,0.698451,0.96,0.865295
volkan,1.5,2026,2026-56,0.925,0.5,0.491667,0.991667,0.925,0.008333,0.0,0.614775,0.72,0.478657
volkan,1.5,2026,2026-57,0.108333,0.0,0.525,0.525,0.108333,0.3,0.0,0.795785,1.6,1.417084
volkan,1.5,2026,2026-58,0.0,0.0,0.0,0.0,0.0,0.941667,0.0,0.920865,1.92,2.604498
volkan,1.5,2026,2026-59,0.275,0.85,0.058333,0.908333,0.883333,0.0,0.0,0.474627,-0.2,0.267106
volkan,1.5,2026,2026-60,0.05,0.35,0.033333,0.383333,0.358333,0.0,0.041667,0.405199,-0.28,0.465241
volkan,1.5,2026,2026-61,0.033333,0.141667,0.008333,0.15,0.141667,0.0,0.358333,0.337478,-0.76,0.719754
volkan,1.5,2026,2026-62,0.025,0.158333,0.033333,0.191667,0.175,0.0,0.416667,0.318555,-1.04,0.84673
volkan,1.5,2026,2026-63,0.0,0.041667,0.0,0.041667,0.041667,0.0,0.9,0.200322,-1.76,1.495317
volkan,1.5,2026,2026-64,0.091667,0.425,0.066667,0.491667,0.458333,0.0,0.0,0.424488,-0.08,0.421881
volkan,1.5,2026,2026-65,0.0,0.0,0.0,0.0,0.0,0.983333,0.0,0.915411,1.84,2.479404
volkan,1.5,2026,2026-66,0.475,0.866667,0.125,0.991667,0.95,0.0,0.0,0.524812,0.4,0.198752
volkan,1.5,2026,2026-67,0.191667,0.0,0.6,0.6,0.191667,0.133333,0.0,0.774672,1.28,1.27329
volkan,1.5,2026,2026-68,0.05,0.05,0.033333,0.083333,0.083333,0.0,0.608333,0.297639,-0.72,0.924767
volkan,1.5,2026,2026-69,0.175,0.0,0.491667,0.491667,0.175,0.308333,0.0,0.790179,1.72,1.400345
volkan,1.5,2026,2026-70,0.008333,0.016667,0.0,0.016667,0.016667,0.0,0.975,0.160313,-1.64,1.737073
volkan,1.5,2026,2026-71,0.175,0.925,0.05,0.975,0.95,0.0,0.0,0.46732,-0.08,0.259566
volkan,1.5,2026,2026-72,0.0,0.0,0.0,0.0,0.0,1.0,0.0,0.971419,2.2,3.707427
volkan,1.5,2026,2026-73,0.191667,0.725,0.058333,0.783333,0.75,0.0,0.0,0.460713,-0.24,0.313413
volkan,1.5,2026,2026-74,0.0,0.0,0.0,0.0,0.0,0.883333,0.0,0.906357,1.88,2.368151
volkan,1.5,2026,2026-75,0.016667,0.0,0.433333,0.433333,0.016667,0.408333,0.0,0.823018,1.8,1.61445
volkan,1.5,2026,2026-76,0.858333,0.391667,0.583333,0.975,0.858333,0.008333,0.0,0.633901,0.64,0.563568
volkan,1.5,2026,2026-77,0.225,0.941667,0.058333,1.0,0.983333,0.0,0.0,0.476917,0.16,0.219239
volkan,1.5,2026,2026-78,0.0,0.0,0.0,0.0,0.0,0.941667,0.0,0.919096,1.88,2.547792
volkan,1.5,2026,2026-79,0.608333,0.175,0.783333,0.958333,0.608333,0.0,0.0,0.676233,1.04,0.7565
volkan,1.5,2026,2026-80,0.0,0.0,0.0,0.0,0.0,1.0,0.0,0.940242,2.2,2.917779
volkan,1.5,2026,2026-81,0.083333,0.483333,0.025,0.508333,0.5,0.0,0.0,0.412332,-0.48,0.39853
volkan,1.5,2026,2026-82,0.691667,0.025,0.916667,0.941667,0.691667,0.05,0.0,0.68591,0.68,0.807056
volkan,1.5,2026,2026-83,0.041667,0.0,0.525,0.525,0.041667,0.225,0.0,0.793905,1.4,1.396498
volkan,1.5,2026,2026-84,0.133333,0.0,0.591667,0.591667,0.133333,0.191667,0.0,0.779508,1.4,1.307257
volkan,1.5,2026,2026-85,0.016667,0.066667,0.0,0.066667,0.066667,0.0,0.725,0.254696,-1.2,1.125959
volkan,1.5,2026,2026-86,0.1,0.341667,0.033333,0.375,0.375,0.0,0.141667,0.386648,-1.0,0.542078
volkan,1.5,2026,2026-87,0.841667,0.45,0.491667,0.941667,0.841667,0.008333,0.0,0.628895,0.36,0.549327
volkan,1.5,2026,2026-88,0.075,0.308333,0.033333,0.341667,0.325,0.0,0.0,0.399345,-0.52,0.472278
volkan,1.5,2026,2026-89,0.0,0.0,0.291667,0.291667,0.0,0.5,0.0,0.84635,1.72,1.796661
volkan,1.5,2026,2026-90,0.0,0.0,0.375,0.375,0.0,0.45,0.0,0.833353,1.6,1.7026
volkan,1.5,2026,2026-91,0.0,0.008333,0.0,0.008333,0.008333,0.0,0.983333,0.130719,-1.92,2.022297
volkan,1.5,2026,2026-92,0.008333,0.033333,0.0,0.033333,0.033333,0.0,0.875,0.188235,-1.4,1.567117
volkan,1.5,2026,2026-93,0.041667,0.041667,0.033333,0.075,0.075,0.0,0.691667,0.263244,-1.4,1.137718
volkan,1.5,2026,2026-94,0.316667,0.0,0.75,0.75,0.316667,0.033333,0.0,0.744147,1.2,1.102301
volkan,1.5,2026,2026-95,0.0,0.0,0.0,0.0,0.0,1.0,0.0,0.965587,2.32,3.533649
volkan,1.5,2026,2026-96,0.933333,0.725,0.266667,0.991667,0.975,0.0,0.0,0.568903,0.24,0.287614
volkan,1.5,2026,2026-97,0.191667,0.0,0.725,0.725,0.191667,0.075,0.0,0.759734,1.28,1.183346
volkan,1.5,2026,2026-98,0.041667,0.141667,0.025,0.166667,0.166667,0.0,0.2,0.348993,-0.56,0.679348
volkan,1.5,2026,2026-99,0.058333,0.133333,0.008333,0.141667,0.141667,0.0,0.5,0.305475,-1.16,0.888041
volkan,1.5,2026,2026-100,0.0,0.0,0.0,0.0,0.0,0.0,0.991667,0.114212,-2.16,2.235257
volkan,1.5,2026,2026-101,0.425,0.058333,0.775,0.833333,0.425,0.05,0.0,0.719075,1.24,0.981494
volkan,1.5,2026,2026-102,0.0,0.0,0.041667,0.041667,0.0,0.75,0.0,0.887372,1.88,2.166236
volkan,1.5,2026,2026-103,0.95,0.575,0.416667,0.991667,0.95,0.008333,0.0,0.595842,0.64,0.396652
volkan,1.5,2026,2026-104,0.0,0.0,0.0,0.0,0.0,1.0,0.0,0.93121,1.92,2.728724
volkan,1.5,2026,2026-105,0.333333,0.0,0.816667,0.816667,0.333333,0.016667,0.0,0.738336,1.08,1.063525
volkan,1.5,2026,2026-106,0.633333,0.041667,0.941667,0.983333,0.633333,0.008333,0.0,0.680356,0.8,0.768075
volkan,1.5,2026,2026-107,0.008333,0.0,0.391667,0.391667,0.008333,0.341667,0.0,0.818284,1.28,1.550936
volkan,1.5,2026,2026-108,0.0,0.0,0.433333,0.433333,0.0,0.283333,0.0,0.808537,1.4,1.483467
volkan,1.5,2026,2026-109,0.0,0.0,0.0,0.0,0.0,0.816667,0.0,0.904075,1.92,2.35992
volkan,1.5,2026,2026-110,0.075,0.383333,0.041667,0.425,0.391667,0.0,0.091667,0.405443,-0.52,0.48849
volkan,1.5,2026,2026-111,0.0,0.0,0.0,0.0,0.0,0.0,0.975,0.101505,-1.96,2.365757
volkan,1.5,2026,2026-112,0.308333,0.008333,0.733333,0.741667,0.308333,0.066667,0.0,0.745719,1.12,1.114812
volkan,1.5,2026,2026-113,0.108333,0.575,0.066667,0.641667,0.608333,0.0,0.0,0.441069,-0.52,0.372297
volkan,1.5,2026,2026-114,0.541667,0.075,0.875,0.95,0.541667,0.008333,0.0,0.692232,1.16,0.835678
volkan,1.5,2026,2026-115,0.0,0.0,0.0,0.0,0.0,1.0,0.0,0.942845,2.08,2.952923
volkan,1.5,2026,2026-116,0.025,0.091667,0.008333,0.1,0.1,0.0,0.625,0.271053,-1.44,1.052676
volkan,1.5,2026,2026-117,0.0,0.0,0.166667,0.166667,0.0,0.641667,0.0,0.871079,2.0,2.03076
volkan,1.5,2026,2026-118,0.0,0.0,0.016667,0.016667,0.0,0.766667,0.0,0.894971,2.0,2.270499
volkan,1.5,2026,2026-119,0.058333,0.0,0.491667,0.491667,0.058333,0.3,0.0,0.802925,1.52,1.470697
volkan,1.5,2026,2026-120,0.0,0.0,0.008333,0.008333,0.0,0.825,0.0,0.891728,1.56,2.190423
volkan,1.5,2026,2026-121,0.616667,0.858333,0.141667,1.0,0.966667,0.0,0.0,0.533271,0.28,0.211369
volkan,1.5,2026,2026-122,0.433333,0.941667,0.05,0.991667,0.991667,0.0,0.0,0.499788,0.6,0.216124
volkan,1.5,2026,2026-123,0.0,0.0,0.0,0.0,0.0,0.841667,0.0,0.906168,2.04,2.39838
volkan,1.5,2026,2026-124,0.0,0.0,0.175,0.175,0.0,0.658333,0.0,0.868634,1.76,1.98144
volkan,1.5,2026,2026-125,0.0,0.0,0.0,0.0,0.0,1.0,0.0,0.932909,2.16,2.779536
volkan,1.5,2026,2026-126,0.191667,0.0,0.6,0.6,0.191667,0.208333,0.0,0.774192,1.4,1.286216
volkan,1.5,2026,2026-127,0.0,0.0,0.0,0.0,0.0,1.0,0.0,0.944372,2.12,2.98148
volkan,1.5,2026,2026-128,0.958333,0.483333,0.508333,0.991667,0.958333,0.0,0.0,0.602332,0.52,0.421052
volkan,1.5,2026,2026-129,0.041667,0.066667,0.008333,0.075,0.075,0.0,0.666667,0.288097,-1.16,0.957302
volkan,1.5,2026,2026-130,0.0,0.016667,0.0,0.016667,0.016667,0.0,0.983333,0.107585,-1.92,2.300309
volkan,1.5,2026,2026-131,0.066667,0.125,0.025,0.15,0.15,0.0,0.333333,0.340047,-0.56,0.714616
volkan,1.5,2026,2026-132,0.0,0.0,0.108333,0.108333,0.0,0.658333,0.0,0.877141,1.72,2.070079
volkan,1.5,2026,2026-133,0.025,0.05,0.0,0.05,0.05,0.0,0.85,0.214907,-1.36,1.371898
volkan,1.5,2026,2026-134,0.4,0.908333,0.083333,0.991667,0.975,0.0,0.0,0.507176,-0.24,0.214755
volkan,1.5,2026,2026-135,0.0,0.0,0.0,0.0,0.0,1.0,0.0,0.966664,2.28,3.557808
volkan,1.5,2026,2026-136,0.0,0.0,0.1,0.1,0.0,0.6,0.0,0.861175,1.36,1.872228
volkan,1.5,2026,2026-137,0.0,0.0,0.0,0.0,0.0,1.0,0.0,0.954129,2.16,3.206463
volkan,1.5,2026,2026-138,0.041667,0.075,0.033333,0.108333,0.091667,0.0,0.416667,0.333245,-0.72,0.773179
volkan,1.5,2026,2026-139,0.0,0.0,0.0,0.0,0.0,0.0,1.0,0.071237,-2.0,2.74063
volkan,1.5,2026,2026-140,0.0,0.0,0.0,0.0,0.0,1.0,0.0,0.93888,2.08,2.87432
volkan,1.5,2026,2026-141,0.025,0.041667,0.016667,0.058333,0.058333,0.0,0.816667,0.239146,-1.2,1.247676
volkan,1.5,2026,2026-142,0.325,0.008333,0.708333,0.716667,0.325,0.108333,0.0,0.743653,1.4,1.116738
volkan,1.5,2026,2026-143,0.2,0.0,0.575,0.575,0.2,0.175,0.0,0.778756,1.28,1.312509
volkan,1.5,2026,2026-144,0.033333,0.2,0.016667,0.216667,0.216667,0.0,0.441667,0.326858,-1.2,0.783769
volkan,1.5,2026,2026-145,0.0,0.0,0.0,0.0,0.0,1.0,0.0,0.939062,2.04,2.880199
volkan,1.5,2026,2026-146,0.0,0.0,0.0,0.0,0.0,1.0,0.0,0.94287,2.2,2.987405
volkan,1.5,2026,2026-147,0.0,0.0,0.383333,0.383333,0.0,0.375,0.0,0.826095,1.56,1.626801
volkan,1.5,2026,2026-148,0.633333,0.133333,0.841667,0.975,0.633333,0.0,0.0,0.679543,1.04,0.77291
volkan,1.5,2026,2026-149,0.275,0.0,0.783333,0.783333,0.275,0.041667,0.0,0.74492,1.16,1.102656
volkan,1.5,2026,2026-150,0.066667,0.141667,0.033333,0.175,0.175,0.0,0.175,0.356762,-0.36,0.656828
volkan,1.5,2026,2026-151,0.95,0.516667,0.466667,0.983333,0.95,0.008333,0.0,0.602125,0.64,0.425094
volkan,1.5,2026,2026-152,0.741667,0.183333,0.783333,0.966667,0.741667,0.008333,0.0,0.663997,0.68,0.698555
volkan,1.5,2026,2026-153,0.041667,0.35,0.033333,0.383333,0.366667,0.0,0.058333,0.38839,-0.68,0.522811
volkan,1.5,2026,2026-154,0.0,0.0,0.091667,0.091667,0.0,0.675,0.0,0.874508,1.8,2.023799
volkan,1.5,2026,2026-155,0.025,0.041667,0.008333,0.05,0.05,0.0,0.816667,0.244259,-1.12,1.189189
volkan,1.5,2026,2026-156,0.408333,0.866667,0.091667,0.958333,0.941667,0.0,0.0,0.505338,-0.28,0.233537
volkan,1.5,2026,2026-157,0.0,0.0,0.0,0.0,0.0,0.0,1.0,0.096354,-1.96,2.437108
volkan,1.5,2026,2026-158,0.0,0.0,0.416667,0.416667,0.0,0.283333,0.0,0.813186,1.52,1.527615
volkan,1.5,2026,2026-159,0.0,0.0,0.2,0.2,0.0,0.583333,0.0,0.859849,1.72,1.900623
volkan,1.5,2026,2026-160,0.0,0.0,0.241667,0.241667,0.0,0.483333,0.0,0.847966,1.76,1.802904
volkan,1.5,2026,2026-161,0.0,0.0,0.0,0.0,0.0,1.0,0.0,0.985252,2.32,4.41077
volkan,1.5,2026,2026-162,0.0,0.0,0.05,0.05,0.0,0.775,0.0,0.890235,1.88,2.196029
volkan,1.5,2026,2026-163,0.066667,0.291667,0.016667,0.308333,0.3,0.0,0.033333,0.390751,-0.32,0.491404
volkan,1.5,2026,2026-164,0.0,0.0,0.0,0.0,0.0,1.0,0.0,0.979874,2.28,4.083421
volkan,1.5,2026,2026-165,0.058333,0.2,0.05,0.25,0.233333,0.0,0.15,0.369937,-0.68,0.630377
volkan,1.5,2026,2026-166,0.0,0.0,0.116667,0.116667,0.0,0.691667,0.0,0.87601,1.84,2.040328
volkan,1.5,2026,2026-167,0.0,0.0,0.158333,0.158333,0.0,0.691667,0.0,0.87536,2.0,2.062762
volkan,1.5,2026,2026-168,0.066667,0.241667,0.041667,0.283333,0.266667,0.0,0.15,0.375929,-0.64,0.589473
volkan,1.5,2026,2026-169,0.0,0.0,0.0,0.0,0.0,1.0,0.0,0.933716,2.12,2.801174
volkan,1.5,2026,2026-170,0.075,0.0,0.425,0.425,0.075,0.333333,0.0,0.808721,1.4,1.502833
volkan,1.5,2026,2026-171,0.0,0.0,0.3,0.3,0.0,0.466667,0.0,0.837966,1.72,1.721157
volkan,1.5,2026,2026-172,0.35,0.925,0.066667,0.991667,0.966667,0.0,0.0,0.50552,0.36,0.194013
volkan,1.5,2026,2026-173,0.0,0.0,0.0,0.0,0.0,0.95,0.0,0.927266,2.24,2.711891
volkan,1.5,2026,2026-174,0.133333,0.816667,0.041667,0.858333,0.833333,0.0,0.0,0.452968,0.12,0.305076
volkan,1.5,2026,2026-175,0.0,0.016667,0.0,0.016667,0.016667,0.0,0.95,0.142771,-2.04,1.978516
volkan,1.5,2026,2026-176,0.0,0.0,0.0,0.0,0.0,1.0,0.0,0.935338,2.2,2.83656
volkan,1.5,2026,2026-177,0.916667,0.775,0.208333,0.983333,0.958333,0.016667,0.0,0.572127,0.56,0.304483
volkan,1.5,2026,2026-178,0.441667,0.0,0.833333,0.833333,0.441667,0.008333,0.0,0.722246,1.16,0.981887
volkan,1.5,2026,2026-179,0.0,0.0,0.0,0.0,0.0,1.0,0.0,0.957926,2.08,3.278203
volkan,1.5,2026,2026-180,0.0,0.0,0.0,0.0,0.0,0.875,0.0,0.9097,2.04,2.43763
volkan,1.5,2026,2026-181,0.0,0.0,0.225,0.225,0.0,0.575,0.0,0.857797,1.96,1.901006
volkan,1.5,2026,2026-182,0.0,0.0,0.0,0.0,0.0,0.766667,0.0,0.895071,1.92,2.260456
volkan,1.5,2026,2026-183,0.058333,0.391667,0.033333,0.425,0.4,0.0,0.0,0.405678,-0.4,0.467006
volkan,1.5,2026,2026-184,0.0,0.0,0.225,0.225,0.0,0.583333,0.0,0.864206,1.88,1.95566
volkan,1.5,2026,2026-185,0.0,0.0,0.0,0.0,0.0,0.866667,0.0,0.907548,2.0,2.40248
volkan,1.5,2026,2026-186,0.0,0.0,0.141667,0.141667,0.0,0.625,0.0,0.868691,1.76,1.989801
volkan,1.5,2026,2026-187,0.908333,0.675,0.3,0.975,0.908333,0.008333,0.0,0.599719,0.12,0.41788
volkan,1.5,2026,2026-188,0.0,0.0,0.0,0.0,0.0,0.0,1.0,0.025881,-2.28,3.980989
volkan,1.5,2026,2026-189,0.0,0.0,0.325,0.325,0.0,0.433333,0.0,0.83145,1.64,1.661383
volkan,1.5,2026,2026-190,0.325,0.0,0.733333,0.733333,0.325,0.016667,0.0,0.745554,1.2,1.110661
volkan,1.5,2026,2026-191,0.641667,0.825,0.158333,0.983333,0.966667,0.0,0.0,0.539113,-0.28,0.241099
volkan,1.5,2026,2026-192,0.0,0.0,0.133333,0.133333,0.0,0.716667,0.0,0.880907,1.96,2.122157
volkan,1.5,2026,2026-193,0.183333,0.0,0.516667,0.516667,0.183333,0.308333,0.0,0.795179,1.84,1.445993
volkan,1.5,2026,2026-194,0.183333,0.0,0.541667,0.541667,0.183333,0.225,0.0,0.787833,1.64,1.369365
volkan,1.5,2026,2026-195,0.0,0.033333,0.0,0.033333,0.033333,0.0,0.858333,0.203122,-1.6,1.457533
volkan,1.5,2026,2026-196,0.016667,0.041667,0.0,0.041667,0.041667,0.0,0.925,0.194727,-1.52,1.508988
volkan,1.5,2026,2026-197,0.083333,0.0,0.616667,0.616667,0.083333,0.166667,0.0,0.78079,1.2,1.306623
volkan,1.5,2026,2026-198,0.608333,0.016667,0.95,0.966667,0.608333,0.008333,0.0,0.689425,0.84,0.813944
volkan,1.5,2026,2026-199,0.566667,0.008333,0.966667,0.975,0.566667,0.0,0.0,0.696084,0.76,0.843568
difficulty,0.0,42,42-0,0.958333,0.216667,0.783333,1.0,0.958333,0.0,0.0,0.636802,0.628632,0.565671
difficulty,0.0,42,42-1,0.0,0.0,0.0,0.0,0.0,0.0,0.316667,0.313743,0.443008,0.786099
difficulty,0.0,42,42-2,0.258333,0.0,1.0,1.0,0.258333,0.0,0.0,0.722173,0.447707,0.95986
difficulty,0.0,42,42-3,0.0,0.0,0.975,0.975,0.0,0.0,0.0,0.757206,0.427559,1.142326
difficulty,0.0,42,42-4,0.0,0.0,0.0,0.0,0.0,0.0,1.0,0.148627,0.408849,1.750172
difficulty,0.0,42,42-5,0.0,0.0,0.0,0.0,0.0,0.0,0.883333,0.262035,0.460336,1.041099
difficulty,0.0,42,42-6,1.0,0.516667,0.483333,1.0,1.0,0.0,0.0,0.592889,0.489493,0.378303
difficulty,0.0,42,42-7,0.375,1.0,0.0,1.0,1.0,0.0,0.0,0.481487,0.506541,0.149425
difficulty,0.0,42,42-8,0.958333,0.858333,0.141667,1.0,1.0,0.0,0.0,0.557589,0.510555,0.233995
difficulty,0.0,42,42-9,0.0,0.225,0.0,0.225,0.225,0.0,0.025,0.362325,0.606406,0.569599
difficulty,0.0,42,42-10,0.041667,0.0,1.0,1.0,0.041667,0.0,0.0,0.748542,0.467695,1.095918
difficulty,0.0,42,42-11,0.208333,0.0,1.0,1.0,0.208333,0.0,0.0,0.728017,0.480616,0.989247
difficulty,0.0,42,42-12,1.0,0.516667,0.483333,1.0,1.0,0.0,0.0,0.589088,0.572037,0.362386
difficulty,0.0,42,42-13,0.0,0.0,0.733333,0.733333,0.0,0.0,0.0,0.785197,0.390424,1.299865
difficulty,0.0,42,42-14,0.675,0.0,1.0,1.0,0.675,0.0,0.0,0.673431,0.571299,0.729014
difficulty,0.0,42,42-15,0.0,0.108333,0.0,0.108333,0.108333,0.0,0.025,0.349967,0.489302,0.622139
difficulty,0.0,42,42-16,0.991667,0.083333,0.916667,1.0,0.991667,0.0,0.0,0.645395,0.504975,0.601794
difficulty,0.0,42,42-17,0.0,0.016667,0.0,0.016667,0.016667,0.0,0.216667,0.338751,0.553245,0.673384
difficulty,0.0,42,42-18,0.008333,0.0,1.0,1.0,0.008333,0.0,0.0,0.746334,0.469318,1.083381
difficulty,0.0,42,42-19,0.9,0.966667,0.033333,1.0,1.0,0.0,0.0,0.552386,0.495962,0.217837
difficulty,0.0,42,42-20,0.683333,0.983333,0.016667,1.0,1.0,0.0,0.0,0.528409,0.625539,0.177554
difficulty,0.0,42,42-21,0.0,0.458333,0.0,0.458333,0.458333,0.0,0.0,0.397444,0.579748,0.418939
difficulty,0.0,42,42-22,0.0,0.0,0.5,0.5,0.0,0.0,0.0,0.798185,0.391897,1.378871
difficulty,0.0,42,42-23,0.758333,0.816667,0.183333,1.0,1.0,0.0,0.0,0.546527,0.67966,0.221878
difficulty,0.0,42,42-24,0.091667,0.933333,0.0,0.933333,0.933333,0.0,0.0,0.450744,0.506745,0.207182
difficulty,0.0,42,42-25,0.283333,1.0,0.0,1.0,1.0,0.0,0.0,0.477848,0.559667,0.132942
difficulty,0.0,42,42-26,0.566667,0.0,1.0,1.0,0.566667,0.0,0.0,0.687521,0.555298,0.793942
difficulty,0.0,42,42-27,0.991667,0.083333,0.916667,1.0,0.991667,0.0,0.0,0.648173,0.473662,0.614356
difficulty,0.0,42,42-28,0.883333,0.041667,0.958333,1.0,0.883333,0.0,0.0,0.660231,0.504565,0.667989
difficulty,0.0,42,42-29,0.841667,0.008333,0.991667,1.0,0.841667,0.0,0.0,0.661886,0.54299,0.675425
difficulty,0.0,42,42-30,0.0,0.0,0.0,0.0,0.0,1.0,0.0,0.899961,0.218001,2.199013
difficulty,0.0,42,42-31,0.308333,0.975,0.0,0.975,0.975,0.0,0.0,0.472349,0.600266,0.151715
difficulty,0.0,42,42-32,0.15,0.825,0.0,0.825,0.825,0.0,0.0,0.451512,0.603777,0.208127
difficulty,0.0,42,42-33,0.0,0.175,0.0,0.175,0.175,0.0,0.0,0.363692,0.484808,0.562208
difficulty,0.0,42,42-34,0.533333,0.0,1.0,1.0,0.533333,0.0,0.0,0.696019,0.505676,0.831952
difficulty,0.0,42,42-35,0.0,0.0,0.691667,0.691667,0.0,0.0,0.0,0.78484,0.387231,1.297915
difficulty,0.0,42,42-36,0.758333,0.866667,0.133333,1.0,1.0,0.0,0.0,0.544223,0.624816,0.209125
difficulty,0.0,42,42-37,0.0,0.3,0.0,0.3,0.3,0.0,0.008333,0.373038,0.602085,0.52326
difficulty,0.0,42,42-38,0.0,0.333333,0.0,0.333333,0.333333,0.0,0.008333,0.375899,0.586883,0.510988
difficulty,0.0,42,42-39,0.441667,0.0,1.0,1.0,0.441667,0.0,0.0,0.710408,0.536898,0.902642
difficulty,0.0,42,42-40,0.216667,0.0,1.0,1.0,0.216667,0.0,0.0,0.72487,0.47567,0.972755
difficulty,0.0,42,42-41,0.525,0.0,1.0,1.0,0.525,0.0,0.0,0.68895,0.541403,0.8006
difficulty,0.0,42,42-42,0.0,0.525,0.0,0.525,0.525,0.0,0.0,0.397903,0.515506,0.416115
difficulty,0.0,42,42-43,0.966667,0.35,0.65,1.0,0.966667,0.0,0.0,0.626803,0.655916,0.52342
difficulty,0.0,42,42-44,1.0,0.5,0.5,1.0,1.0,0.0,0.0,0.598744,0.607873,0.403492
difficulty,0.0,42,42-45,1.0,0.416667,0.583333,1.0,1.0,0.0,0.0,0.614298,0.555116,0.468259
difficulty,0.0,42,42-46,0.041667,0.0,1.0,1.0,0.041667,0.0,0.0,0.74463,0.44639,1.074296
difficulty,0.0,42,42-47,1.0,0.325,0.675,1.0,1.0,0.0,0.0,0.617546,0.541741,0.482132
difficulty,0.0,42,42-48,0.308333,0.0,1.0,1.0,0.308333,0.0,0.0,0.709366,0.476488,0.896633
difficulty,0.0,42,42-49,1.0,0.6,0.4,1.0,1.0,0.0,0.0,0.591523,0.649149,0.373452
difficulty,0.0,42,42-50,1.0,0.275,0.725,1.0,1.0,0.0,0.0,0.628717,0.536517,0.529697
difficulty,0.0,42,42-51,0.55,0.0,1.0,1.0,0.55,0.0,0.0,0.697847,0.496391,0.840922
difficulty,0.0,42,42-52,0.0,0.0,0.0,0.0,0.0,0.0,1.0,0.218314,0.359098,1.278688
difficulty,0.0,42,42-53,0.391667,1.0,0.0,1.0,1.0,0.0,0.0,0.490021,0.613986,0.158648
difficulty,0.0,42,42-54,0.175,0.891667,0.0,0.891667,0.891667,0.0,0.0,0.455858,0.604758,0.197197
difficulty,0.0,42,42-55,0.0,0.625,0.0,0.625,0.625,0.0,0.0,0.412369,0.554819,0.356572
difficulty,0.0,42,42-56,0.483333,1.0,0.0,1.0,1.0,0.0,0.0,0.497297,0.567869,0.136995
difficulty,0.0,42,42-57,0.0,0.0,0.0,0.0,0.0,0.116667,0.0,0.834407,0.298072,1.620039
difficulty,0.0,42,42-58,0.0,0.358333,0.0,0.358333,0.358333,0.0,0.016667,0.374653,0.640766,0.51678
difficulty,0.0,42,42-59,0.0,0.0,0.991667,0.991667,0.0,0.0,0.0,0.756927,0.439757,1.139779
difficulty,0.0,42,42-60,0.0,0.0,0.0,0.0,0.0,0.0,1.0,0.182168,0.405985,1.506713
difficulty,0.0,42,42-61,0.308333,1.0,0.0,1.0,1.0,0.0,0.0,0.479833,0.536931,0.150211
difficulty,0.0,42,42-62,1.0,0.433333,0.566667,1.0,1.0,0.0,0.0,0.610128,0.592118,0.451495
difficulty,0.0,42,42-63,0.541667,0.0,1.0,1.0,0.541667,0.0,0.0,0.68803,0.454122,0.794314
difficulty,0.0,42,42-64,0.35,0.0,1.0,1.0,0.35,0.0,0.0,0.716989,0.516751,0.934214
difficulty,0.0,42,42-65,0.183333,0.0,1.0,1.0,0.183333,0.0,0.0,0.73298,0.504209,1.014485
difficulty,0.0,42,42-66,0.475,1.0,0.0,1.0,1.0,0.0,0.0,0.489503,0.647948,0.154183
difficulty,0.0,42,42-67,0.183333,0.9,0.0,0.9,0.9,0.0,0.0,0.454897,0.57626,0.195587
difficulty,0.0,42,42-68,0.041667,0.0,1.0,1.0,0.041667,0.0,0.0,0.740442,0.436044,1.052543
difficulty,0.0,42,42-69,0.65,0.95,0.05,1.0,1.0,0.0,0.0,0.52783,0.612856,0.18623
difficulty,0.0,42,42-70,0.0,0.0,0.0,0.0,0.0,0.0,0.866667,0.260935,0.525683,1.046136
difficulty,0.0,42,42-71,0.0,0.0,0.0,0.0,0.0,0.0,0.525,0.294225,0.519076,0.880608
difficulty,0.0,42,42-72,0.0,0.025,0.0,0.025,0.025,0.0,0.15,0.341179,0.511728,0.661546
difficulty,0.0,42,42-73,0.725,0.0,1.0,1.0,0.725,0.0,0.0,0.676774,0.510176,0.742545
difficulty,0.0,42,42-74,1.0,0.508333,0.491667,1.0,1.0,0.0,0.0,0.59908,0.562697,0.404494
difficulty,0.0,42,42-75,0.358333,0.0,1.0,1.0,0.358333,0.0,0.0,0.710595,0.478732,0.90193
difficulty,0.0,42,42-76,0.258333,0.95,0.0,0.95,0.95,0.0,0.0,0.466856,0.562445,0.182517
difficulty,0.0,42,42-77,1.0,0.4,0.6,1.0,1.0,0.0,0.0,0.607983,0.578877,0.44186
difficulty,0.0,42,42-78,0.491667,0.0,1.0,1.0,0.491667,0.0,0.0,0.698082,0.48627,0.841736
difficulty,0.0,42,42-79,0.475,1.0,0.0,1.0,1.0,0.0,0.0,0.492787,0.592508,0.134022
difficulty,0.0,42,42-80,0.933333,0.025,0.975,1.0,0.933333,0.0,0.0,0.661596,0.489414,0.673271
difficulty,0.0,42,42-81,0.0,0.608333,0.0,0.608333,0.608333,0.0,0.0,0.419061,0.671394,0.329451
difficulty,0.0,42,42-82,0.283333,1.0,0.0,1.0,1.0,0.0,0.0,0.474308,0.503379,0.140079
difficulty,0.0,42,42-83,0.358333,1.0,0.0,1.0,1.0,0.0,0.0,0.479245,0.592228,0.158899
difficulty,0.0,42,42-84,0.0,0.0,0.0,0.0,0.0,0.0,0.775,0.278301,0.474664,0.957422
difficulty,0.0,42,42-85,0.658333,0.0,1.0,1.0,0.658333,0.0,0.0,0.677707,0.563481,0.747952
difficulty,0.0,42,42-86,0.25,0.908333,0.0,0.908333,0.908333,0.0,0.0,0.464363,0.644003,0.189357
difficulty,0.0,42,42-87,0.933333,0.8,0.2,1.0,1.0,0.0,0.0,0.559625,0.49631,0.243718
difficulty,0.0,42,42-88,0.783333,0.0,1.0,1.0,0.783333,0.0,0.0,0.67199,0.490581,0.720546
difficulty,0.0,42,42-89,0.733333,0.025,0.975,1.0,0.733333,0.0,0.0,0.672162,0.576016,0.722623
difficulty,0.0,42,42-90,0.516667,0.0,1.0,1.0,0.516667,0.0,0.0,0.702946,0.467948,0.865018
difficulty,0.0,42,42-91,0.833333,0.975,0.025,1.0,1.0,0.0,0.0,0.542412,0.538881,0.187949
difficulty,0.0,42,42-92,0.366667,0.966667,0.0,0.966667,0.966667,0.0,0.0,0.47527,0.684543,0.191263
difficulty,0.0,42,42-93,0.85,0.825,0.175,1.0,1.0,0.0,0.0,0.551116,0.606519,0.222055
difficulty,0.0,42,42-94,0.0,0.0,0.0,0.0,0.0,0.0,1.0,0.189953,0.405937,1.455964
difficulty,0.0,42,42-95,0.0,0.0,0.0,0.0,0.0,0.0,0.991667,0.237719,0.491836,1.172527
difficulty,0.0,42,42-96,0.0,0.0,0.0,0.0,0.0,0.0,0.941667,0.256664,0.561557,1.069587
difficulty,0.0,42,42-97,0.0,0.0,0.0,0.0,0.0,0.0,0.283333,0.324042,0.524673,0.738749
difficulty,0.0,42,42-98,0.858333,0.05,0.95,1.0,0.858333,0.0,0.0,0.657245,0.54827,0.654767
difficulty,0.0,42,42-99,0.0,0.0,0.0,0.0,0.0,0.0,0.191667,0.319079,0.298032,0.75958
difficulty,0.0,42,42-100,0.241667,0.991667,0.0,0.991667,0.991667,0.0,0.0,0.463797,0.519323,0.183584
difficulty,0.0,42,42-101,0.0,0.0,0.291667,0.291667,0.0,0.0,0.0,0.811102,0.403421,1.461382
difficulty,0.0,42,42-102,0.266667,1.0,0.0,1.0,1.0,0.0,0.0,0.473927,0.501828,0.146926
difficulty,0.0,42,42-103,0.275,0.0,1.0,1.0,0.275,0.0,0.0,0.719445,0.478719,0.945549
difficulty,0.0,42,42-104,0.0,0.0,0.0,0.0,0.0,0.0,0.158333,0.328042,0.391224,0.719147
difficulty,0.0,42,42-105,0.633333,1.0,0.0,1.0,1.0,0.0,0.0,0.519028,0.557163,0.154168
difficulty,0.0,42,42-106,0.0,0.016667,0.0,0.016667,0.016667,0.0,0.183333,0.334361,0.517229,0.691764
difficulty,0.0,42,42-107,0.358333,1.0,0.0,1.0,1.0,0.0,0.0,0.486107,0.603758,0.161673
difficulty,0.0,42,42-108,0.083333,0.0,1.0,1.0,0.083333,0.0,0.0,0.736788,0.449781,1.03295
difficulty,0.0,42,42-109,0.0,0.0,0.0,0.0,0.0,0.0,1.0,0.169696,0.199308,1.588888
difficulty,0.0,42,42-110,0.741667,0.008333,0.991667,1.0,0.741667,0.0,0.0,0.667594,0.588132,0.701991
difficulty,0.0,42,42-111,0.991667,0.333333,0.666667,1.0,0.991667,0.0,0.0,0.622734,0.581531,0.504449
difficulty,0.0,42,42-112,0.008333,0.691667,0.0,0.691667,0.691667,0.0,0.0,0.425707,0.584082,0.301319
difficulty,0.0,42,42-113,0.0,0.0,0.0,0.0,0.0,0.0,1.0,0.23152,0.47594,1.205176
difficulty,0.0,42,42-114,1.0,0.541667,0.458333,1.0,1.0,0.0,0.0,0.591073,0.637507,0.371065
difficulty,0.0,42,42-115,0.075,0.725,0.0,0.725,0.725,0.0,0.0,0.436984,0.620608,0.261276
difficulty,0.0,42,42-116,0.991667,0.275,0.725,1.0,0.991667,0.0,0.0,0.626943,0.598518,0.523102
difficulty,0.0,42,42-117,0.958333,0.6,0.4,1.0,1.0,0.0,0.0,0.583769,0.627103,0.342667
difficulty,0.0,42,42-118,0.0,0.0,0.0,0.0,0.0,0.408333,0.0,0.846697,0.309095,1.711638
difficulty,0.0,42,42-119,0.566667,0.991667,0.008333,1.0,1.0,0.0,0.0,0.514821,0.659252,0.177819
difficulty,0.0,42,42-120,0.0,0.0,0.0,0.0,0.0,0.0,0.225,0.333495,0.552771,0.697319
difficulty,0.0,42,42-121,1.0,0.366667,0.633333,1.0,1.0,0.0,0.0,0.616089,0.606918,0.476528
difficulty,0.0,42,42-122,1.0,0.341667,0.658333,1.0,1.0,0.0,0.0,0.620876,0.56927,0.496787
difficulty,0.0,42,42-123,0.0,0.0,0.125,0.125,0.0,0.0,0.0,0.816453,0.362688,1.495965
difficulty,0.0,42,42-124,0.108333,0.0,1.0,1.0,0.108333,0.0,0.0,0.737507,0.469592,1.037262
difficulty,0.0,42,42-125,0.866667,0.116667,0.883333,1.0,0.866667,0.0,0.0,0.651261,0.582472,0.629179
difficulty,0.0,42,42-126,0.0,0.0,0.016667,0.016667,0.0,0.108333,0.0,0.83105,0.335771,1.596897
difficulty,0.0,42,42-127,0.0,0.0,0.0,0.0,0.0,0.0,0.683333,0.28323,0.513242,0.93382
difficulty,0.0,42,42-128,0.0,0.525,0.0,0.525,0.525,0.0,0.0,0.410991,0.562561,0.362797
difficulty,0.0,42,42-129,0.0,0.016667,0.0,0.016667,0.016667,0.0,0.166667,0.343179,0.526174,0.652801
difficulty,0.0,42,42-130,0.25,0.983333,0.0,0.983333,0.983333,0.0,0.0,0.469126,0.549631,0.168742
difficulty,0.0,42,42-131,0.0,0.0,0.0,0.0,0.0,0.0,1.0,0.23129,0.323405,1.20486
difficulty,0.0,42,42-132,0.458333,0.0,1.0,1.0,0.458333,0.0,0.0,0.703359,0.519141,0.867762
difficulty,0.0,42,42-133,0.6,1.0,0.0,1.0,1.0,0.0,0.0,0.514621,0.58879,0.140615
difficulty,0.0,42,42-134,0.0,0.0,0.0,0.0,0.0,0.0,1.0,0.221152,0.420667,1.261816
difficulty,0.0,42,42-135,0.0,0.0,0.0,0.0,0.0,0.0,0.333333,0.318353,0.551792,0.7655
difficulty,0.0,42,42-136,0.941667,0.15,0.85,1.0,0.941667,0.0,0.0,0.643191,0.560477,0.593266
difficulty,0.0,42,42-137,0.116667,0.0,1.0,1.0,0.116667,0.0,0.0,0.740893,0.474325,1.055967
difficulty,0.0,42,42-138,0.0,0.0,0.0,0.0,0.0,1.0,0.0,0.887433,0.247912,2.067709
difficulty,0.0,42,42-139,0.0,0.0,0.0,0.0,0.0,1.0,0.0,0.948378,0.115384,2.911583
difficulty,0.0,42,42-140,0.791667,0.008333,0.991667,1.0,0.791667,0.0,0.0,0.665134,0.558671,0.690601
difficulty,0.0,42,42-141,0.0,0.0,0.0,0.0,0.0,0.0,0.35,0.314574,0.410819,0.781892
difficulty,0.0,42,42-142,0.0,0.0,0.0,0.0,0.0,0.0,1.0,0.119031,0.246214,2.004058
difficulty,0.0,42,42-143,1.0,0.333333,0.666667,1.0,1.0,0.0,0.0,0.621056,0.508407,0.496815
difficulty,0.0,42,42-144,0.0,0.166667,0.0,0.166667,0.166667,0.0,0.0,0.355444,0.530743,0.598248
difficulty,0.0,42,42-145,0.35,0.983333,0.0,0.983333,0.983333,0.0,0.0,0.478008,0.637735,0.173116
difficulty,0.0,42,42-146,0.066667,0.708333,0.0,0.708333,0.708333,0.0,0.0,0.432627,0.679095,0.277562
difficulty,0.0,42,42-147,0.741667,0.9,0.1,1.0,1.0,0.0,0.0,0.536542,0.590275,0.185023
difficulty,0.0,42,42-148,0.0,0.0,0.883333,0.883333,0.0,0.0,0.0,0.774609,0.375398,1.238258
difficulty,0.0,42,42-149,1.0,0.425,0.575,1.0,1.0,0.0,0.0,0.604999,0.544257,0.428778
difficulty,0.0,42,42-150,0.733333,1.0,0.0,1.0,1.0,0.0,0.0,0.525663,0.5211,0.153339
difficulty,0.0,42,42-151,0.0,0.0,0.0,0.0,0.0,0.0,0.433333,0.308666,0.492688,0.809639
difficulty,0.0,42,42-152,0.0,0.0,0.0,0.0,0.0,0.0,1.0,0.18652,0.406069,1.476689
difficulty,0.0,42,42-153,0.266667,0.833333,0.0,0.833333,0.833333,0.0,0.0,0.457354,0.638352,0.207914
difficulty,0.0,42,42-154,0.833333,0.766667,0.233333,1.0,1.0,0.0,0.0,0.556381,0.619305,0.243445
difficulty,0.0,42,42-155,0.0,0.0,0.0,0.0,0.0,0.916667,0.0,0.864737,0.267393,1.857919
difficulty,0.0,42,42-156,1.0,0.508333,0.491667,1.0,1.0,0.0,0.0,0.598958,0.623494,0.404464
difficulty,0.0,42,42-157,0.0,0.0,0.883333,0.883333,0.0,0.0,0.0,0.766531,0.448648,1.194524
difficulty,0.0,42,42-158,0.1,0.833333,0.0,0.833333,0.833333,0.0,0.0,0.44882,0.612778,0.217235
difficulty,0.0,42,42-159,0.0,0.0,0.0,0.0,0.0,0.0,0.691667,0.287602,0.553538,0.911059
difficulty,0.0,42,42-160,0.0,0.0,0.0,0.0,0.0,0.0,0.241667,0.327872,0.506903,0.721476
difficulty,0.0,42,42-161,0.0,0.475,0.0,0.475,0.475,0.0,0.0,0.394312,0.581063,0.432592
difficulty,0.0,42,42-162,0.0,0.0,0.0,0.0,0.0,1.0,0.0,0.898127,0.22034,2.178535
difficulty,0.0,42,42-163,0.0,0.291667,0.0,0.291667,0.291667,0.0,0.0,0.375995,0.591213,0.510168
difficulty,0.0,42,42-164,0.108333,0.0,1.0,1.0,0.108333,0.0,0.0,0.74211,0.48689,1.062332
difficulty,0.0,42,42-165,0.0,0.008333,0.0,0.008333,0.008333,0.0,0.166667,0.33626,0.486323,0.683416
difficulty,0.0,42,42-166,0.0,0.0,0.991667,0.991667,0.0,0.0,0.0,0.752195,0.416586,1.114339
difficulty,0.0,42,42-167,0.941667,0.066667,0.933333,1.0,0.941667,0.0,0.0,0.651224,0.531186,0.627762
difficulty,0.0,42,42-168,0.7,0.991667,0.008333,1.0,1.0,0.0,0.0,0.524667,0.519082,0.146582
difficulty,0.0,42,42-169,0.908333,0.758333,0.241667,1.0,1.0,0.0,0.0,0.558314,0.607833,0.240963
difficulty,0.0,42,42-170,0.0,0.558333,0.0,0.558333,0.558333,0.0,0.0,0.40586,0.521849,0.38324
difficulty,0.0,42,42-171,0.65,0.008333,0.991667,1.0,0.65,0.0,0.0,0.671594,0.587238,0.720998
difficulty,0.0,42,42-172,0.116667,0.816667,0.0,0.816667,0.816667,0.0,0.0,0.444448,0.552818,0.229854
difficulty,0.0,42,42-173,0.0,0.0,0.0,0.0,0.0,0.0,0.8,0.271712,0.465574,0.990989
difficulty,0.0,42,42-174,0.0,0.0,0.0,0.0,0.0,0.0,0.983333,0.252881,0.457146,1.086139
difficulty,0.0,42,42-175,1.0,0.441667,0.558333,1.0,1.0,0.0,0.0,0.606133,0.556272,0.433923
difficulty,0.0,42,42-176,0.0,0.0,0.0,0.0,0.0,0.333333,0.0,0.844099,0.320655,1.692676
difficulty,0.0,42,42-177,1.0,0.45,0.55,1.0,1.0,0.0,0.0,0.604895,0.573239,0.428618
difficulty,0.0,42,42-178,0.841667,0.975,0.025,1.0,1.0,0.0,0.0,0.535871,0.553815,0.170314
difficulty,0.0,42,42-179,0.966667,0.2,0.8,1.0,0.966667,0.0,0.0,0.638913,0.567729,0.574529
difficulty,0.0,42,42-180,0.0,0.0,0.325,0.325,0.0,0.0,0.0,0.809576,0.372838,1.450583
difficulty,0.0,42,42-181,1.0,0.533333,0.466667,1.0,1.0,0.0,0.0,0.60599,0.559615,0.432845
difficulty,0.0,42,42-182,0.35,0.983333,0.0,0.983333,0.983333,0.0,0.0,0.478115,0.652982,0.167203
difficulty,0.0,42,42-183,0.0,0.0,0.775,0.775,0.0,0.0,0.0,0.78156,0.407871,1.278431
difficulty,0.0,42,42-184,0.85,0.033333,0.966667,1.0,0.85,0.0,0.0,0.660395,0.538157,0.668831
difficulty,0.0,42,42-185,0.0,0.0,0.0,0.0,0.0,0.258333,0.0,0.839437,0.333137,1.657249
difficulty,0.0,42,42-186,1.0,0.35,0.65,1.0,1.0,0.0,0.0,0.607256,0.546498,0.437998
difficulty,0.0,42,42-187,0.0,0.0,0.0,0.0,0.0,0.0,0.766667,0.271695,0.492319,0.990876
difficulty,0.0,42,42-188,0.0,0.0,0.0,0.0,0.0,0.0,1.0,0.238725,0.409103,1.164073
difficulty,0.0,42,42-189,0.0,0.0,0.0,0.0,0.0,0.541667,0.0,0.853301,0.302142,1.763965
difficulty,0.0,42,42-190,0.0,0.0,0.0,0.0,0.0,0.816667,0.0,0.860533,0.292091,1.822529
difficulty,0.0,42,42-191,0.7,1.0,0.0,1.0,1.0,0.0,0.0,0.52129,0.534056,0.137238
difficulty,0.0,42,42-192,0.383333,0.991667,0.0,0.991667,0.991667,0.0,0.0,0.483955,0.679151,0.175432
difficulty,0.0,42,42-193,0.0,0.0,0.0,0.0,0.0,0.1,0.0,0.830484,0.358958,1.592546
difficulty,0.0,42,42-194,0.0,0.0,0.0,0.0,0.0,0.0,0.625,0.289204,0.45036,0.904372
difficulty,0.0,42,42-195,0.0,0.0,0.0,0.0,0.0,0.0,0.108333,0.329998,0.385846,0.7102
difficulty,0.0,42,42-196,0.45,0.0,1.0,1.0,0.45,0.0,0.0,0.703936,0.475238,0.870171
difficulty,0.0,42,42-197,0.316667,1.0,0.0,1.0,1.0,0.0,0.0,0.474705,0.566332,0.172511
difficulty,0.0,42,42-198,0.925,0.766667,0.233333,1.0,1.0,0.0,0.0,0.566904,0.607022,0.274893
difficulty,0.0,42,42-199,0.691667,1.0,0.0,1.0,1.0,0.0,0.0,0.528169,0.59703,0.168724
difficulty,0.0,137,137-0,0.0,0.283333,0.0,0.283333,0.283333,0.0,0.025,0.372879,0.613706,0.524037
difficulty,0.0,137,137-1,0.0,0.5,0.0,0.5,0.5,0.0,0.0,0.394718,0.602351,0.431298
difficulty,0.0,137,137-2,0.0,0.525,0.0,0.525,0.525,0.0,0.0,0.408671,0.549609,0.37155
difficulty,0.0,137,137-3,0.983333,0.7,0.3,1.0,1.0,0.0,0.0,0.57246,0.554786,0.294432
difficulty,0.0,137,137-4,0.066667,0.725,0.0,0.725,0.725,0.0,0.0,0.433458,0.598173,0.272883
difficulty,0.0,137,137-5,0.0,0.0,0.0,0.0,0.0,0.0,0.466667,0.303633,0.320318,0.83161
difficulty,0.0,137,137-6,1.0,0.366667,0.633333,1.0,1.0,0.0,0.0,0.618586,0.567202,0.48681
difficulty,0.0,137,137-7,0.0,0.575,0.0,0.575,0.575,0.0,0.0,0.410125,0.62422,0.36645
difficulty,0.0,137,137-8,0.0,0.0,0.0,0.0,0.0,0.0,1.0,0.143583,0.359691,1.789717
difficulty,0.0,137,137-9,0.0,0.0,0.0,0.0,0.0,1.0,0.0,0.883877,0.247288,2.031391
difficulty,0.0,137,137-10,0.0,0.0,0.0,0.0,0.0,0.491667,0.0,0.849058,0.289237,1.729588
difficulty,0.0,137,137-11,0.0,0.083333,0.0,0.083333,0.083333,0.0,0.283333,0.330132,0.715185,0.713963
difficulty,0.0,137,137-12,0.425,1.0,0.0,1.0,1.0,0.0,0.0,0.490127,0.6648,0.178858
difficulty,0.0,137,137-13,0.825,0.85,0.15,1.0,1.0,0.0,0.0,0.551032,0.539402,0.216017
difficulty,0.0,137,137-14,0.0,0.0,0.958333,0.958333,0.0,0.0,0.0,0.76247,0.448745,1.171125
difficulty,0.0,137,137-15,0.0,0.0,0.0,0.0,0.0,0.0,1.0,0.079758,0.276218,2.44885
difficulty,0.0,137,137-16,0.0,0.35,0.0,0.35,0.35,0.0,0.025,0.372299,0.61586,0.526435
difficulty,0.0,137,137-17,1.0,0.45,0.55,1.0,1.0,0.0,0.0,0.610733,0.583812,0.45363
difficulty,0.0,137,137-18,0.0,0.0,0.0,0.0,0.0,0.0,1.0,0.15736,0.334779,1.680033
difficulty,0.0,137,137-19,0.075,0.633333,0.0,0.633333,0.633333,0.0,0.0,0.421114,0.656852,0.325928
difficulty,0.0,137,137-20,0.4,1.0,0.0,1.0,1.0,0.0,0.0,0.493549,0.628988,0.15324
difficulty,0.0,137,137-21,0.291667,0.925,0.0,0.925,0.925,0.0,0.0,0.46575,0.577815,0.183715
difficulty,0.0,137,137-22,0.0,0.0,0.0,0.0,0.0,0.0,0.316667,0.310974,0.481133,0.799413
difficulty,0.0,137,137-23,0.0,0.0,0.95,0.95,0.0,0.0,0.0,0.771719,0.418344,1.221798
difficulty,0.0,137,137-24,0.025,0.675,0.0,0.675,0.675,0.0,0.0,0.428604,0.635026,0.293174
difficulty,0.0,137,137-25,0.158333,0.0,1.0,1.0,0.158333,0.0,0.0,0.723609,0.386547,0.964888
difficulty,0.0,137,137-26,0.416667,0.991667,0.0,0.991667,0.991667,0.0,0.0,0.488189,0.646136,0.162612
difficulty,0.0,137,137-27,1.0,0.45,0.55,1.0,1.0,0.0,0.0,0.60569,0.554512,0.432364
difficulty,0.0,137,137-28,0.066667,0.933333,0.0,0.933333,0.933333,0.0,0.0,0.448697,0.502575,0.210542
difficulty,0.0,137,137-29,0.0,0.0,0.958333,0.958333,0.0,0.0,0.0,0.767968,0.383863,1.201078
difficulty,0.0,137,137-30,0.891667,0.166667,0.833333,1.0,0.891667,0.0,0.0,0.646722,0.595488,0.609437
difficulty,0.0,137,137-31,0.0,0.0,0.0,0.0,0.0,0.0,0.191667,0.332201,0.515837,0.702262
difficulty,0.0,137,137-32,0.308333,0.0,1.0,1.0,0.308333,0.0,0.0,0.72168,0.521373,0.958502
difficulty,0.0,137,137-33,0.0,0.0,0.0,0.0,0.0,1.0,0.0,0.93505,0.142685,2.668224
difficulty,0.0,137,137-34,0.0,0.0,0.0,0.0,0.0,0.0,1.0,0.175228,0.362517,1.553749
difficulty,0.0,137,137-35,0.816667,0.941667,0.058333,1.0,1.0,0.0,0.0,0.545505,0.590799,0.201342
difficulty,0.0,137,137-36,0.991667,0.591667,0.408333,1.0,1.0,0.0,0.0,0.583456,0.641525,0.340108
difficulty,0.0,137,137-37,0.633333,1.0,0.0,1.0,1.0,0.0,0.0,0.517471,0.538093,0.129734
difficulty,0.0,137,137-38,0.016667,0.0,0.975,0.975,0.016667,0.0,0.0,0.754058,0.482251,1.126413
difficulty,0.0,137,137-39,0.658333,1.0,0.0,1.0,1.0,0.0,0.0,0.519116,0.581533,0.15047
difficulty,0.0,137,137-40,0.075,0.0,1.0,1.0,0.075,0.0,0.0,0.735219,0.434737,1.024533
difficulty,0.0,137,137-41,0.441667,0.0,1.0,1.0,0.441667,0.0,0.0,0.704573,0.520079,0.873578
difficulty,0.0,137,137-42,0.0,0.0,0.0,0.0,0.0,0.0,0.35,0.321903,0.523884,0.748795
difficulty,0.0,137,137-43,0.0,0.0,0.0,0.0,0.0,0.0,0.575,0.295963,0.488122,0.870545
difficulty,0.0,137,137-44,0.0,0.0,0.0,0.0,0.0,0.933333,0.0,0.867682,0.283325,1.883981
difficulty,0.0,137,137-45,0.633333,0.95,0.05,1.0,1.0,0.0,0.0,0.525563,0.636445,0.18048
difficulty,0.0,137,137-46,1.0,0.533333,0.466667,1.0,1.0,0.0,0.0,0.598716,0.579372,0.403091
difficulty,0.0,137,137-47,0.0,0.0,0.0,0.0,0.0,0.291667,0.0,0.840674,0.326836,1.666346
difficulty,0.0,137,137-48,0.325,0.0,1.0,1.0,0.325,0.0,0.0,0.711494,0.556844,0.907797
difficulty,0.0,137,137-49,0.016667,0.658333,0.0,0.658333,0.658333,0.0,0.0,0.423669,0.641933,0.310662
difficulty,0.0,137,137-50,0.366667,1.0,0.0,1.0,1.0,0.0,0.0,0.482879,0.570997,0.153358
difficulty,0.0,137,137-51,0.0,0.0,0.783333,0.783333,0.0,0.0,0.0,0.778113,0.412597,1.259637
difficulty,0.0,137,137-52,0.0,0.0,0.158333,0.158333,0.0,0.0,0.0,0.817599,0.358359,1.503671
difficulty,0.0,137,137-53,0.541667,1.0,0.0,1.0,1.0,0.0,0.0,0.504376,0.677946,0.161849
difficulty,0.0,137,137-54,0.0,0.0,0.241667,0.241667,0.0,0.0,0.0,0.813133,0.378658,1.473508
difficulty,0.0,137,137-55,0.325,0.991667,0.0,0.991667,0.991667,0.0,0.0,0.475502,0.657683,0.184789
difficulty,0.0,137,137-56,1.0,0.416667,0.583333,1.0,1.0,0.0,0.0,0.615666,0.603037,0.474895
difficulty,0.0,137,137-57,0.0,0.0,0.0,0.0,0.0,0.0,1.0,0.252423,0.330419,1.08776
difficulty,0.0,137,137-58,0.633333,1.0,0.0,1.0,1.0,0.0,0.0,0.517258,0.603566,0.169863
difficulty,0.0,137,137-59,0.683333,0.0,1.0,1.0,0.683333,0.0,0.0,0.676333,0.528839,0.741751
difficulty,0.0,137,137-60,0.933333,0.1,0.9,1.0,0.933333,0.0,0.0,0.651053,0.530846,0.627036
difficulty,0.0,137,137-61,0.275,0.0,1.0,1.0,0.275,0.0,0.0,0.718679,0.440653,0.941535
difficulty,0.0,137,137-62,0.0,0.491667,0.0,0.491667,0.491667,0.0,0.0,0.402144,0.684306,0.400448
difficulty,0.0,137,137-63,0.65,1.0,0.0,1.0,1.0,0.0,0.0,0.523689,0.614297,0.184301
difficulty,0.0,137,137-64,0.841667,0.916667,0.083333,1.0,1.0,0.0,0.0,0.544634,0.588155,0.200356
difficulty,0.0,137,137-65,0.0,0.0,0.0,0.0,0.0,0.791667,0.0,0.85859,0.289725,1.806564
difficulty,0.0,137,137-66,0.0,0.0,0.0,0.0,0.0,0.0,0.583333,0.283871,0.640415,0.933311
difficulty,0.0,137,137-67,0.491667,1.0,0.0,1.0,1.0,0.0,0.0,0.491069,0.52833,0.142505
difficulty,0.0,137,137-68,0.733333,0.941667,0.058333,1.0,1.0,0.0,0.0,0.537287,0.544689,0.177541
difficulty,0.0,137,137-69,0.0,0.0,0.0,0.0,0.0,1.0,0.0,0.956862,0.100922,3.099939
difficulty,0.0,137,137-70,0.391667,0.0,1.0,1.0,0.391667,0.0,0.0,0.703615,0.552869,0.870606
difficulty,0.0,137,137-71,0.9,0.833333,0.166667,1.0,1.0,0.0,0.0,0.553357,0.597028,0.223296
difficulty,0.0,137,137-72,1.0,0.725,0.275,1.0,1.0,0.0,0.0,0.573598,0.54962,0.298912
difficulty,0.0,137,137-73,0.0,0.0,0.0,0.0,0.0,0.0,1.0,0.202154,0.428396,1.377088
difficulty,0.0,137,137-74,1.0,0.566667,0.433333,1.0,1.0,0.0,0.0,0.591269,0.526742,0.372041
difficulty,0.0,137,137-75,0.0,0.0,0.35,0.35,0.0,0.0,0.0,0.809242,0.39678,1.449437
difficulty,0.0,137,137-76,0.675,1.0,0.0,1.0,1.0,0.0,0.0,0.517238,0.536096,0.144787
difficulty,0.0,137,137-77,0.15,0.875,0.0,0.875,0.875,0.0,0.0,0.448139,0.557151,0.221156
difficulty,0.0,137,137-78,0.458333,1.0,0.0,1.0,1.0,0.0,0.0,0.492267,0.588611,0.151164
difficulty,0.0,137,137-79,0.108333,0.0,1.0,1.0,0.108333,0.0,0.0,0.73714,0.459887,1.035741
difficulty,0.0,137,137-80,0.441667,0.0,1.0,1.0,0.441667,0.0,0.0,0.700992,0.532074,0.856957
difficulty,0.0,137,137-81,0.0,0.0,0.691667,0.691667,0.0,0.0,0.0,0.786177,0.420498,1.306304
difficulty,0.0,137,137-82,1.0,0.366667,0.633333,1.0,1.0,0.0,0.0,0.608597,0.511689,0.443653
difficulty,0.0,137,137-83,0.258333,0.0,1.0,1.0,0.258333,0.0,0.0,0.724275,0.511663,0.970507
difficulty,0.0,137,137-84,0.0,0.066667,0.0,0.066667,0.066667,0.0,0.058333,0.346835,0.471663,0.636454
difficulty,0.0,137,137-85,1.0,0.45,0.55,1.0,1.0,0.0,0.0,0.607724,0.627161,0.441919
difficulty,0.0,137,137-86,0.0,0.0,0.0,0.0,0.0,0.0,0.458333,0.305402,0.569898,0.826719
difficulty,0.0,137,137-87,0.0,0.533333,0.0,0.533333,0.533333,0.0,0.0,0.412828,0.615263,0.355182
difficulty,0.0,137,137-88,0.0,0.175,0.0,0.175,0.175,0.0,0.033333,0.361663,0.598938,0.571728
difficulty,0.0,137,137-89,0.8,0.916667,0.083333,1.0,1.0,0.0,0.0,0.541378,0.610467,0.193619
difficulty,0.0,137,137-90,0.0,0.0,0.808333,0.808333,0.0,0.0,0.0,0.777717,0.391163,1.256313
difficulty,0.0,137,137-91,0.883333,0.008333,0.991667,1.0,0.883333,0.0,0.0,0.659365,0.557837,0.663866
difficulty,0.0,137,137-92,0.0,0.0,0.0,0.0,0.0,0.0,0.45,0.303517,0.570749,0.835906
difficulty,0.0,137,137-93,0.458333,0.0,1.0,1.0,0.458333,0.0,0.0,0.699051,0.530877,0.847752
difficulty,0.0,137,137-94,0.0,0.0,0.0,0.0,0.0,1.0,0.0,0.903888,0.207187,2.24292
difficulty,0.0,137,137-95,0.0,0.0,0.241667,0.241667,0.0,0.0,0.0,0.814579,0.359501,1.484212
difficulty,0.0,137,137-96,0.291667,0.0,1.0,1.0,0.291667,0.0,0.0,0.71792,0.509872,0.938175
difficulty,0.0,137,137-97,0.0,0.0,0.516667,0.516667,0.0,0.0,0.0,0.79613,0.408206,1.36627
difficulty,0.0,137,137-98,0.0,0.0,0.433333,0.433333,0.0,0.0,0.0,0.800153,0.380847,1.391257
difficulty,0.0,137,137-99,0.991667,0.141667,0.858333,1.0,0.991667,0.0,0.0,0.64454,0.485481,0.598257
difficulty,0.0,137,137-100,0.466667,1.0,0.0,1.0,1.0,0.0,0.0,0.494062,0.619137,0.171041
difficulty,0.0,137,137-101,0.0,0.0,0.0,0.0,0.0,1.0,0.0,0.895655,0.220746,2.151538
difficulty,0.0,137,137-102,0.908333,0.133333,0.866667,1.0,0.908333,0.0,0.0,0.648745,0.574557,0.617481
difficulty,0.0,137,137-103,0.0,0.0,0.333333,0.333333,0.0,0.0,0.0,0.807602,0.371405,1.437855
difficulty,0.0,137,137-104,0.975,0.725,0.275,1.0,1.0,0.0,0.0,0.571243,0.567048,0.29082
difficulty,0.0,137,137-105,0.0,0.0,0.0,0.0,0.0,1.0,0.0,0.901065,0.211075,2.210895
difficulty,0.0,137,137-106,0.0,0.0,0.0,0.0,0.0,0.0,1.0,0.050398,0.056956,2.936532
difficulty,0.0,137,137-107,0.5,1.0,0.0,1.0,1.0,0.0,0.0,0.503998,0.588205,0.139416
difficulty,0.0,137,137-108,0.0,0.0,0.0,0.0,0.0,0.0,1.0,0.050768,0.075837,2.929222
difficulty,0.0,137,137-109,0.0,0.0,0.0,0.0,0.0,0.708333,0.0,0.856843,0.286712,1.79206
difficulty,0.0,137,137-110,0.141667,0.775,0.0,0.775,0.775,0.0,0.0,0.438934,0.690006,0.266103
difficulty,0.0,137,137-111,0.0,0.0,0.408333,0.408333,0.0,0.0,0.0,0.80448,0.400821,1.418926
difficulty,0.0,137,137-112,0.208333,0.866667,0.0,0.866667,0.866667,0.0,0.0,0.459941,0.586292,0.200063
difficulty,0.0,137,137-113,0.0,0.608333,0.0,0.608333,0.608333,0.0,0.0,0.413511,0.584431,0.351926
difficulty,0.0,137,137-114,0.35,1.0,0.0,1.0,1.0,0.0,0.0,0.477135,0.612634,0.171045
difficulty,0.0,137,137-115,0.516667,1.0,0.0,1.0,1.0,0.0,0.0,0.501898,0.559262,0.145002
difficulty,0.0,137,137-116,0.0,0.0,0.45,0.45,0.0,0.0,0.0,0.803065,0.369105,1.408816
difficulty,0.0,137,137-117,0.0,0.558333,0.0,0.558333,0.558333,0.0,0.0,0.410048,0.623086,0.366791
difficulty,0.0,137,137-118,0.0,0.0,0.0,0.0,0.0,0.0,1.0,0.152852,0.270569,1.714611
difficulty,0.0,137,137-119,0.516667,1.0,0.0,1.0,1.0,0.0,0.0,0.498489,0.61966,0.15717
difficulty,0.0,137,137-120,0.0,0.0,0.0,0.0,0.0,1.0,0.0,0.881572,0.255798,2.009688
difficulty,0.0,137,137-121,0.0,0.0,0.0,0.0,0.0,1.0,0.0,0.906243,0.202652,2.270161
difficulty,0.0,137,137-122,1.0,0.575,0.425,1.0,1.0,0.0,0.0,0.587157,0.504224,0.354133
difficulty,0.0,137,137-123,0.0,0.0,0.0,0.0,0.0,0.0,1.0,0.24974,0.34239,1.102514
difficulty,0.0,137,137-124,0.0,0.0,0.0,0.0,0.0,0.0,1.0,0.200996,0.319556,1.383344
difficulty,0.0,137,137-125,1.0,0.641667,0.358333,1.0,1.0,0.0,0.0,0.584042,0.553482,0.341239
difficulty,0.0,137,137-126,1.0,0.333333,0.666667,1.0,1.0,0.0,0.0,0.620691,0.53861,0.4956
difficulty,0.0,137,137-127,0.0,0.116667,0.0,0.116667,0.116667,0.0,0.108333,0.351375,0.546363,0.617397
difficulty,0.0,137,137-128,0.766667,0.958333,0.041667,1.0,1.0,0.0,0.0,0.533176,0.634328,0.171471
difficulty,0.0,137,137-129,0.0,0.0,0.9,0.9,0.0,0.0,0.0,0.767002,0.45661,1.196645
difficulty,0.0,137,137-130,0.675,0.991667,0.008333,1.0,1.0,0.0,0.0,0.528064,0.561938,0.158619
difficulty,0.0,137,137-131,0.475,1.0,0.0,1.0,1.0,0.0,0.0,0.494101,0.574873,0.140654
difficulty,0.0,137,137-132,0.583333,0.0,1.0,1.0,0.583333,0.0,0.0,0.691838,0.486372,0.812621
difficulty,0.0,137,137-133,0.0,0.0,0.0,0.0,0.0,0.0,0.6,0.287577,0.497429,0.912548
difficulty,0.0,137,137-134,1.0,0.45,0.55,1.0,1.0,0.0,0.0,0.602927,0.53302,0.420292
difficulty,0.0,137,137-135,0.95,0.133333,0.866667,1.0,0.95,0.0,0.0,0.644639,0.564534,0.599196
difficulty,0.0,137,137-136,0.975,0.7,0.3,1.0,1.0,0.0,0.0,0.571423,0.585988,0.290495
difficulty,0.0,137,137-137,0.333333,1.0,0.0,1.0,1.0,0.0,0.0,0.48277,0.441652,0.138296
difficulty,0.0,137,137-138,0.933333,0.716667,0.283333,1.0,1.0,0.0,0.0,0.563252,0.558354,0.258617
difficulty,0.0,137,137-139,0.0,0.0,0.808333,0.808333,0.0,0.0,0.0,0.780395,0.40704,1.272218
difficulty,0.0,137,137-140,0.0,0.0,0.0,0.0,0.0,0.0,1.0,0.092691,0.181845,2.2835
difficulty,0.0,137,137-141,0.0,0.0,0.95,0.95,0.0,0.0,0.0,0.760474,0.426969,1.160091
difficulty,0.0,137,137-142,0.858333,0.825,0.175,1.0,1.0,0.0,0.0,0.55356,0.53607,0.227286
difficulty,0.0,137,137-143,0.0,0.616667,0.0,0.616667,0.616667,0.0,0.0,0.417997,0.495537,0.332966
difficulty,0.0,137,137-144,1.0,0.375,0.625,1.0,1.0,0.0,0.0,0.617094,0.587278,0.480673
difficulty,0.0,137,137-145,0.55,0.0,1.0,1.0,0.55,0.0,0.0,0.693588,0.468721,0.820492
difficulty,0.0,137,137-146,0.0,0.0,0.975,0.975,0.0,0.0,0.0,0.755363,0.462748,1.132681
difficulty,0.0,137,137-147,0.266667,0.975,0.0,0.975,0.975,0.0,0.0,0.469195,0.576059,0.182601
difficulty,0.0,137,137-148,0.0,0.275,0.0,0.275,0.275,0.0,0.0,0.372321,0.527219,0.525493
difficulty,0.0,137,137-149,1.0,0.683333,0.316667,1.0,1.0,0.0,0.0,0.577221,0.578959,0.313503
difficulty,0.0,137,137-150,0.0,0.0,0.0,0.0,0.0,0.0,0.425,0.309175,0.452385,0.807735
difficulty,0.0,137,137-151,0.0,0.0,0.0,0.0,0.0,0.708333,0.0,0.856939,0.279351,1.792612
difficulty,0.0,137,137-152,0.0,0.0,0.0,0.0,0.0,1.0,0.0,0.975389,0.057579,3.680056
difficulty,0.0,137,137-153,0.0,0.041667,0.0,0.041667,0.041667,0.0,0.075,0.348094,0.50658,0.63061
difficulty,0.0,137,137-154,0.0,0.0,0.0,0.0,0.0,0.766667,0.0,0.857276,0.267403,1.794629
difficulty,0.0,137,137-155,0.275,0.0,1.0,1.0,0.275,0.0,0.0,0.716932,0.493449,0.934117
difficulty,0.0,137,137-156,0.933333,0.741667,0.258333,1.0,1.0,0.0,0.0,0.56246,0.602881,0.259226
difficulty,0.0,137,137-157,0.0,0.0,1.0,1.0,0.0,0.0,0.0,0.758558,0.446043,1.149008
difficulty,0.0,137,137-158,0.0,0.0,0.966667,0.966667,0.0,0.0,0.0,0.760755,0.436997,1.161522
difficulty,0.0,137,137-159,0.933333,0.108333,0.891667,1.0,0.933333,0.0,0.0,0.647751,0.525956,0.612752
difficulty,0.0,137,137-160,0.083333,0.633333,0.0,0.633333,0.633333,0.0,0.0,0.430892,0.707068,0.287454
difficulty,0.0,137,137-161,1.0,0.408333,0.591667,1.0,1.0,0.0,0.0,0.612696,0.599159,0.46177
difficulty,0.0,137,137-162,0.0,0.0,0.0,0.0,0.0,0.0,0.55,0.29427,0.438169,0.877904
difficulty,0.0,137,137-163,0.433333,0.0,1.0,1.0,0.433333,0.0,0.0,0.708067,0.509351,0.890922
difficulty,0.0,137,137-164,0.525,1.0,0.0,1.0,1.0,0.0,0.0,0.501439,0.537839,0.151171
difficulty,0.0,137,137-165,0.0,0.0,0.908333,0.908333,0.0,0.0,0.0,0.774251,0.411649,1.236247
difficulty,0.0,137,137-166,1.0,0.475,0.525,1.0,1.0,0.0,0.0,0.600511,0.613922,0.41082
difficulty,0.0,137,137-167,0.758333,0.933333,0.066667,1.0,1.0,0.0,0.0,0.533137,0.530063,0.16608
difficulty,0.0,137,137-168,0.0,0.308333,0.0,0.308333,0.308333,0.0,0.0,0.374816,0.650166,0.515094
difficulty,0.0,137,137-169,0.583333,0.0,1.0,1.0,0.583333,0.0,0.0,0.69312,0.542756,0.819662
difficulty,0.0,137,137-170,0.991667,0.266667,0.733333,1.0,0.991667,0.0,0.0,0.62975,0.57941,0.534894
difficulty,0.0,137,137-171,0.525,1.0,0.0,1.0,1.0,0.0,0.0,0.501235,0.60382,0.150966
difficulty,0.0,137,137-172,0.95,0.675,0.325,1.0,1.0,0.0,0.0,0.570406,0.596166,0.28866
difficulty,0.0,137,137-173,0.0,0.0,0.991667,0.991667,0.0,0.0,0.0,0.762327,0.458274,1.169909
difficulty,0.0,137,137-174,0.591667,1.0,0.0,1.0,1.0,0.0,0.0,0.516959,0.577051,0.149284
difficulty,0.0,137,137-175,0.0,0.0,0.0,0.0,0.0,0.0,0.175,0.335196,0.502873,0.688272
difficulty,0.0,137,137-176,0.4,0.0,1.0,1.0,0.4,0.0,0.0,0.71147,0.488485,0.907195
difficulty,0.0,137,137-177,1.0,0.441667,0.558333,1.0,1.0,0.0,0.0,0.611999,0.507709,0.458134
difficulty,0.0,137,137-178,0.0,0.0,0.0,0.0,0.0,0.0,0.875,0.25774,0.534144,1.064375
difficulty,0.0,137,137-179,0.0,0.0,0.0,0.0,0.0,1.0,0.0,0.945739,0.122412,2.859143
difficulty,0.0,137,137-180,0.308333,0.866667,0.0,0.866667,0.866667,0.0,0.0,0.466942,0.790043,0.216865
difficulty,0.0,137,137-181,0.833333,0.916667,0.083333,1.0,1.0,0.0,0.0,0.542774,0.556068,0.189118
difficulty,0.0,137,137-182,0.0,0.0,0.0,0.0,0.0,0.0,1.0,0.212769,0.348364,1.310984
difficulty,0.0,137,137-183,0.725,0.933333,0.066667,1.0,1.0,0.0,0.0,0.536986,0.588223,0.188119
difficulty,0.0,137,137-184,0.0,0.408333,0.0,0.408333,0.408333,0.0,0.0,0.39544,0.539949,0.427038
difficulty,0.0,137,137-185,0.033333,0.75,0.0,0.75,0.75,0.0,0.0,0.43506,0.560548,0.26501
difficulty,0.0,137,137-186,0.0,0.0,0.0,0.0,0.0,0.0,0.775,0.276666,0.429553,0.965029
difficulty,0.0,137,137-187,0.383333,0.966667,0.0,0.966667,0.966667,0.0,0.0,0.480139,0.645106,0.181237
difficulty,0.0,137,137-188,0.125,0.758333,0.0,0.758333,0.758333,0.0,0.0,0.442571,0.616361,0.245823
difficulty,0.0,137,137-189,0.0,0.466667,0.0,0.466667,0.466667,0.0,0.0,0.401798,0.56631,0.400577
difficulty,0.0,137,137-190,0.0,0.516667,0.0,0.516667,0.516667,0.0,0.0,0.403865,0.46328,0.391334
difficulty,0.0,137,137-191,0.0,0.0,0.0,0.0,0.0,0.0,1.0,0.251481,0.40242,1.093897
difficulty,0.0,137,137-192,0.0,0.0,0.0,0.0,0.0,0.0,1.0,0.138891,0.22285,1.826252
difficulty,0.0,137,137-193,0.008333,0.65,0.0,0.65,0.65,0.0,0.0,0.424442,0.611257,0.307856
difficulty,0.0,137,137-194,0.0,0.0,0.0,0.0,0.0,0.983333,0.0,0.871259,0.273367,1.915008
difficulty,0.0,137,137-195,0.65,0.0,1.0,1.0,0.65,0.0,0.0,0.676275,0.523818,0.740906
difficulty,0.0,137,137-196,0.191667,0.816667,0.0,0.816667,0.816667,0.0,0.0,0.45486,0.608619,0.209001
difficulty,0.0,137,137-197,0.0,0.0,0.0,0.0,0.0,0.0,0.625,0.286014,0.532054,0.920197
difficulty,0.0,137,137-198,0.7,1.0,0.0,1.0,1.0,0.0,0.0,0.527079,0.529618,0.150615
difficulty,0.0,137,137-199,1.0,0.7,0.3,1.0,1.0,0.0,0.0,0.574011,0.558981,0.300091
difficulty,0.0,369,369-0,0.983333,0.3,0.7,1.0,0.983333,0.0,0.0,0.6277,0.614453,0.526441
difficulty,0.0,369,369-1,1.0,0.616667,0.383333,1.0,1.0,0.0,0.0,0.5821,0.661612,0.334093
difficulty,0.0,369,369-2,0.0,0.0,0.533333,0.533333,0.0,0.0,0.0,0.797586,0.38435,1.375434
difficulty,0.0,369,369-3,0.0,0.475,0.0,0.475,0.475,0.0,0.0,0.403342,0.558396,0.394478
difficulty,0.0,369,369-4,1.0,0.325,0.675,1.0,1.0,0.0,0.0,0.624936,0.557303,0.514181
difficulty,0.0,369,369-5,0.991667,0.283333,0.716667,1.0,0.991667,0.0,0.0,0.62425,0.565518,0.510968
difficulty,0.0,369,369-6,0.0,0.358333,0.0,0.358333,0.358333,0.0,0.0,0.380756,0.480123,0.48865
difficulty,0.0,369,369-7,1.0,0.316667,0.683333,1.0,1.0,0.0,0.0,0.618371,0.557716,0.485427
difficulty,0.0,369,369-8,0.975,0.666667,0.333333,1.0,1.0,0.0,0.0,0.573975,0.552277,0.300956
difficulty,0.0,369,369-9,0.0,0.0,0.0,0.0,0.0,1.0,0.0,0.881039,0.256654,2.004523
difficulty,0.0,369,369-10,0.075,0.0,1.0,1.0,0.075,0.0,0.0,0.737884,0.476092,1.03876
difficulty,0.0,369,369-11,0.0,0.0,0.0,0.0,0.0,0.0,1.0,0.042278,0.076505,3.121455
difficulty,0.0,369,369-12,0.166667,0.891667,0.0,0.891667,0.891667,0.0,0.0,0.451663,0.660848,0.21261
difficulty,0.0,369,369-13,1.0,0.5,0.5,1.0,1.0,0.0,0.0,0.596667,0.59397,0.394109
difficulty,0.0,369,369-14,0.0,0.0,0.0,0.0,0.0,0.0,1.0,0.05869,0.207152,2.777876
difficulty,0.0,369,369-15,0.0,0.0,0.0,0.0,0.0,0.0,1.0,0.073523,0.074262,2.534208
difficulty,0.0,369,369-16,1.0,0.416667,0.583333,1.0,1.0,0.0,0.0,0.609466,0.588256,0.447799
difficulty,0.0,369,369-17,0.0,0.0,0.0,0.0,0.0,0.0,1.0,0.181006,0.326079,1.512604
difficulty,0.0,369,369-18,0.0,0.0,0.008333,0.008333,0.0,0.066667,0.0,0.828134,0.346082,1.576346
difficulty,0.0,369,369-19,0.0,0.491667,0.0,0.491667,0.491667,0.0,0.0,0.399652,0.494559,0.409263
difficulty,0.0,369,369-20,0.783333,0.941667,0.058333,1.0,1.0,0.0,0.0,0.53722,0.632366,0.192797
difficulty,0.0,369,369-21,0.0,0.0,0.891667,0.891667,0.0,0.0,0.0,0.774781,0.420217,1.239127
difficulty,0.0,369,369-22,0.375,1.0,0.0,1.0,1.0,0.0,0.0,0.479168,0.580324,0.159702
difficulty,0.0,369,369-23,0.0,0.0,0.808333,0.808333,0.0,0.0,0.0,0.780738,0.413659,1.27341
difficulty,0.0,369,369-24,0.083333,0.8,0.0,0.8,0.8,0.0,0.0,0.444799,0.524264,0.228645
difficulty,0.0,369,369-25,0.166667,0.883333,0.0,0.883333,0.883333,0.0,0.0,0.452513,0.59748,0.222291
difficulty,0.0,369,369-26,0.0,0.0,0.741667,0.741667,0.0,0.0,0.0,0.782863,0.405065,1.286199
difficulty,0.0,369,369-27,0.2,0.925,0.0,0.925,0.925,0.0,0.0,0.461666,0.598082,0.189623
difficulty,0.0,369,369-28,0.0,0.0,0.0,0.0,0.0,0.0,0.291667,0.324014,0.529791,0.739216
difficulty,0.0,369,369-29,0.991667,0.325,0.675,1.0,0.991667,0.0,0.0,0.621318,0.600474,0.499209
difficulty,0.0,369,369-30,0.708333,0.0,1.0,1.0,0.708333,0.0,0.0,0.679757,0.540221,0.757265
difficulty,0.0,369,369-31,0.8,0.933333,0.066667,1.0,1.0,0.0,0.0,0.543686,0.554787,0.195802
difficulty,0.0,369,369-32,0.25,0.941667,0.0,0.941667,0.941667,0.0,0.0,0.461021,0.583497,0.198849
difficulty,0.0,369,369-33,0.0,0.0,0.0,0.0,0.0,0.0,1.0,0.146222,0.441839,1.771482
difficulty,0.0,369,369-34,0.016667,0.708333,0.0,0.708333,0.708333,0.0,0.0,0.430397,0.599659,0.282466
difficulty,0.0,369,369-35,0.791667,0.875,0.125,1.0,1.0,0.0,0.0,0.544599,0.654569,0.2102
difficulty,0.0,369,369-36,0.0,0.75,0.0,0.75,0.75,0.0,0.0,0.4296,0.565834,0.284918
difficulty,0.0,369,369-37,0.5,0.0,1.0,1.0,0.5,0.0,0.0,0.704241,0.524536,0.87278
difficulty,0.0,369,369-38,0.966667,0.716667,0.283333,1.0,1.0,0.0,0.0,0.565869,0.600471,0.267879
difficulty,0.0,369,369-39,0.758333,0.1,0.9,1.0,0.758333,0.0,0.0,0.660247,0.613448,0.669686
difficulty,0.0,369,369-40,0.75,0.0,1.0,1.0,0.75,0.0,0.0,0.674476,0.453704,0.731608
difficulty,0.0,369,369-41,0.05,0.591667,0.0,0.591667,0.591667,0.0,0.0,0.417041,0.616657,0.340023
difficulty,0.0,369,369-42,0.008333,0.741667,0.0,0.741667,0.741667,0.0,0.0,0.427197,0.513033,0.294785
difficulty,0.0,369,369-43,0.0,0.0,0.0,0.0,0.0,0.0,0.675,0.288731,0.441592,0.90461
difficulty,0.0,369,369-44,0.0,0.458333,0.0,0.458333,0.458333,0.0,0.0,0.399224,0.553193,0.410834
difficulty,0.0,369,369-45,0.725,0.95,0.05,1.0,1.0,0.0,0.0,0.538692,0.553558,0.1909
difficulty,0.0,369,369-46,0.8,0.0,1.0,1.0,0.8,0.0,0.0,0.66205,0.477695,0.675972
difficulty,0.0,369,369-47,0.0,0.025,0.0,0.025,0.025,0.0,0.066667,0.345755,0.480435,0.640725
difficulty,0.0,369,369-48,0.991667,0.608333,0.391667,1.0,1.0,0.0,0.0,0.580059,0.581538,0.325377
difficulty,0.0,369,369-49,0.0,0.0,0.0,0.0,0.0,0.0,1.0,0.221323,0.423788,1.262772
difficulty,0.0,369,369-50,0.0,0.0,0.0,0.0,0.0,0.0,0.891667,0.270107,0.36235,0.996588
difficulty,0.0,369,369-51,1.0,0.308333,0.691667,1.0,1.0,0.0,0.0,0.625245,0.611,0.515698
difficulty,0.0,369,369-52,0.0,0.0,0.008333,0.008333,0.0,0.083333,0.0,0.828516,0.35777,1.578534
difficulty,0.0,369,369-53,0.358333,0.0,1.0,1.0,0.358333,0.0,0.0,0.712402,0.448731,0.910604
difficulty,0.0,369,369-54,0.0,0.508333,0.0,0.508333,0.508333,0.0,0.0,0.407441,0.543671,0.377287
difficulty,0.0,369,369-55,0.016667,0.0,1.0,1.0,0.016667,0.0,0.0,0.743527,0.460916,1.068483
difficulty,0.0,369,369-56,1.0,0.441667,0.558333,1.0,1.0,0.0,0.0,0.604164,0.509055,0.425523
difficulty,0.0,369,369-57,0.0,0.65,0.0,0.65,0.65,0.0,0.0,0.419537,0.547108,0.327118
difficulty,0.0,369,369-58,0.0,0.0,0.0,0.0,0.0,0.0,0.575,0.296754,0.30818,0.864567
difficulty,0.0,369,369-59,1.0,0.516667,0.483333,1.0,1.0,0.0,0.0,0.592229,0.569723,0.375858
difficulty,0.0,369,369-60,0.391667,0.983333,0.0,0.983333,0.983333,0.0,0.0,0.482285,0.660711,0.164847
difficulty,0.0,369,369-61,0.0,0.0,0.0,0.0,0.0,0.0,1.0,0.169666,0.367107,1.591733
difficulty,0.0,369,369-62,1.0,0.516667,0.483333,1.0,1.0,0.0,0.0,0.60005,0.49848,0.407646
difficulty,0.0,369,369-63,0.0,0.0,0.0,0.0,0.0,0.0,1.0,0.187162,0.307524,1.471033
difficulty,0.0,369,369-64,0.1,0.833333,0.0,0.833333,0.833333,0.0,0.0,0.442142,0.620675,0.243358
difficulty,0.0,369,369-65,0.041667,0.0,1.0,1.0,0.041667,0.0,0.0,0.738603,0.451155,1.04245
difficulty,0.0,369,369-66,0.0,0.0,0.0,0.0,0.0,0.0,0.158333,0.326847,0.438625,0.724829
difficulty,0.0,369,369-67,0.0,0.0,0.95,0.95,0.0,0.0,0.0,0.77013,0.410988,1.213029
difficulty,0.0,369,369-68,0.533333,0.0,1.0,1.0,0.533333,0.0,0.0,0.699578,0.437986,0.848342
difficulty,0.0,369,369-69,0.0,0.0,0.0,0.0,0.0,0.0,0.783333,0.269531,0.591384,1.00191
difficulty,0.0,369,369-70,0.0,0.0,0.7,0.7,0.0,0.0,0.0,0.788717,0.406765,1.321223
difficulty,0.0,369,369-71,0.25,0.808333,0.0,0.808333,0.808333,0.0,0.0,0.457932,0.632298,0.213379
difficulty,0.0,369,369-72,0.0,0.483333,0.0,0.483333,0.483333,0.0,0.0,0.397364,0.513852,0.418985
difficulty,0.0,369,369-73,0.816667,0.016667,0.983333,1.0,0.816667,0.0,0.0,0.662168,0.529643,0.676955
difficulty,0.0,369,369-74,0.0,0.0,0.0,0.0,0.0,0.191667,0.0,0.838421,0.312361,1.649098
difficulty,0.0,369,369-75,0.516667,0.0,1.0,1.0,0.516667,0.0,0.0,0.696779,0.546321,0.837348
difficulty,0.0,369,369-76,1.0,0.558333,0.441667,1.0,1.0,0.0,0.0,0.586815,0.587165,0.353584
difficulty,0.0,369,369-77,0.741667,0.0,1.0,1.0,0.741667,0.0,0.0,0.676707,0.512294,0.742263
difficulty,0.0,369,369-78,0.2,0.0,1.0,1.0,0.2,0.0,0.0,0.729735,0.486063,0.997948
difficulty,0.0,369,369-79,0.0,0.0,0.0,0.0,0.0,1.0,0.0,0.905369,0.209693,2.259693
difficulty,0.0,369,369-80,0.55,0.0,1.0,1.0,0.55,0.0,0.0,0.693799,0.501807,0.822265
difficulty,0.0,369,369-81,1.0,0.575,0.425,1.0,1.0,0.0,0.0,0.587715,0.552739,0.35686
difficulty,0.0,369,369-82,0.0,0.0,0.633333,0.633333,0.0,0.0,0.0,0.791316,0.367801,1.335866
difficulty,0.0,369,369-83,0.0,0.458333,0.0,0.458333,0.458333,0.0,0.0,0.399453,0.600589,0.410516
difficulty,0.0,369,369-84,0.0,0.0,0.608333,0.608333,0.0,0.0,0.0,0.795028,0.427317,1.359707
difficulty,0.0,369,369-85,0.0,0.0,0.0,0.0,0.0,1.0,0.0,0.895505,0.235669,2.150268
difficulty,0.0,369,369-86,0.0,0.166667,0.0,0.166667,0.166667,0.0,0.016667,0.362481,0.550367,0.567673
difficulty,0.0,369,369-87,0.15,0.0,1.0,1.0,0.15,0.0,0.0,0.734007,0.51604,1.019673
difficulty,0.0,369,369-88,0.066667,0.0,1.0,1.0,0.066667,0.0,0.0,0.741608,0.487727,1.059098
difficulty,0.0,369,369-89,0.0,0.0,0.0,0.0,0.0,0.0,0.633333,0.284432,0.474395,0.928094
difficulty,0.0,369,369-90,0.0,0.0,0.0,0.0,0.0,0.0,1.0,0.125929,0.279605,1.940508
difficulty,0.0,369,369-91,0.0,0.0,0.0,0.0,0.0,1.0,0.0,0.946139,0.125983,2.866659
difficulty,0.0,369,369-92,0.0,0.0,0.0,0.0,0.0,0.0,1.0,0.127939,0.312232,1.923785
difficulty,0.0,369,369-93,0.0,0.0,0.0,0.0,0.0,0.025,0.0,0.828707,0.340266,1.579048
difficulty,0.0,369,369-94,0.0,0.0,0.0,0.0,0.0,0.983333,0.0,0.867689,0.273841,1.883208
difficulty,0.0,369,369-95,0.0,0.0,0.0,0.0,0.0,0.0,0.641667,0.293171,0.459954,0.883223
difficulty,0.0,369,369-96,0.341667,0.95,0.0,0.95,0.95,0.0,0.0,0.473199,0.696316,0.213284
difficulty,0.0,369,369-97,0.0,0.0,0.0,0.0,0.0,0.0,1.0,0.153261,0.254183,1.711342
difficulty,0.0,369,369-98,0.0,0.608333,0.0,0.608333,0.608333,0.0,0.0,0.414394,0.519878,0.347414
difficulty,0.0,369,369-99,0.0,0.0,0.0,0.0,0.0,0.0,1.0,0.072825,0.129666,2.545381
difficulty,0.0,369,369-100,0.0,0.0,0.0,0.0,0.0,1.0,0.0,0.921961,0.182461,2.4709
difficulty,0.0,369,369-101,0.0,0.283333,0.0,0.283333,0.283333,0.0,0.0,0.370994,0.52299,0.53114
difficulty,0.0,369,369-102,0.166667,0.975,0.0,0.975,0.975,0.0,0.0,0.453657,0.507291,0.203092
difficulty,0.0,369,369-103,0.0,0.0,0.0,0.0,0.0,0.0,1.0,0.125915,0.243423,1.939382
difficulty,0.0,369,369-104,0.025,0.0,1.0,1.0,0.025,0.0,0.0,0.742557,0.470638,1.063291
difficulty,0.0,369,369-105,0.958333,0.191667,0.808333,1.0,0.958333,0.0,0.0,0.638383,0.567987,0.572173
difficulty,0.0,369,369-106,0.0,0.0,0.966667,0.966667,0.0,0.0,0.0,0.767912,0.393382,1.200344
difficulty,0.0,369,369-107,1.0,0.541667,0.458333,1.0,1.0,0.0,0.0,0.602036,0.521218,0.416231
difficulty,0.0,369,369-108,0.516667,1.0,0.0,1.0,1.0,0.0,0.0,0.505363,0.564831,0.132203
difficulty,0.0,369,369-109,0.766667,0.883333,0.116667,1.0,1.0,0.0,0.0,0.542802,0.643113,0.205997
difficulty,0.0,369,369-110,0.0,0.0,0.0,0.0,0.0,0.991667,0.0,0.868392,0.262588,1.889144
difficulty,0.0,369,369-111,0.775,0.0,1.0,1.0,0.775,0.0,0.0,0.672096,0.487043,0.720888
difficulty,0.0,369,369-112,0.0,0.0,0.0,0.0,0.0,0.0,0.325,0.324447,0.5529,0.739364
difficulty,0.0,369,369-113,0.9,0.1,0.9,1.0,0.9,0.0,0.0,0.64854,0.541856,0.616609
difficulty,0.0,369,369-114,1.0,0.35,0.65,1.0,1.0,0.0,0.0,0.622043,0.542095,0.501039
difficulty,0.0,369,369-115,0.0,0.533333,0.0,0.533333,0.533333,0.0,0.0,0.407472,0.61371,0.377481
difficulty,0.0,369,369-116,0.858333,0.758333,0.241667,1.0,1.0,0.0,0.0,0.560367,0.663665,0.254898
difficulty,0.0,369,369-117,0.0,0.0,0.0,0.0,0.0,0.0,0.275,0.317596,0.3973,0.767873
difficulty,0.0,369,369-118,0.0,0.0,1.0,1.0,0.0,0.0,0.0,0.754619,0.439795,1.128261
difficulty,0.0,369,369-119,0.191667,0.0,1.0,1.0,0.191667,0.0,0.0,0.729874,0.468164,0.998825
difficulty,0.0,369,369-120,0.0,0.0,0.0,0.0,0.0,0.0,1.0,0.214728,0.409506,1.30215
difficulty,0.0,369,369-121,0.0,0.0,0.0,0.0,0.0,0.0,1.0,0.230046,0.370756,1.21111
difficulty,0.0,369,369-122,0.0,0.0,0.966667,0.966667,0.0,0.0,0.0,0.762306,0.450371,1.17033
difficulty,0.0,369,369-123,0.0,0.0,0.183333,0.183333,0.0,0.0,0.0,0.814625,0.351282,1.483339
difficulty,0.0,369,369-124,0.0,0.0,0.0,0.0,0.0,0.0,1.0,0.125686,0.315759,1.942115
difficulty,0.0,369,369-125,0.0,0.0,0.766667,0.766667,0.0,0.0,0.0,0.777343,0.429422,1.254883
difficulty,0.0,369,369-126,0.316667,0.0,1.0,1.0,0.316667,0.0,0.0,0.715933,0.50495,0.928947
difficulty,0.0,369,369-127,0.0,0.0,0.425,0.425,0.0,0.0,0.0,0.806268,0.366155,1.430463
difficulty,0.0,369,369-128,0.941667,0.025,0.975,1.0,0.941667,0.0,0.0,0.655568,0.515319,0.646463
difficulty,0.0,369,369-129,0.0,0.0,0.0,0.0,0.0,1.0,0.0,0.884128,0.259418,2.034489
difficulty,0.0,369,369-130,0.316667,0.0,1.0,1.0,0.316667,0.0,0.0,0.716401,0.499708,0.931264
difficulty,0.0,369,369-131,0.675,0.0,1.0,1.0,0.675,0.0,0.0,0.680368,0.542177,0.760128
difficulty,0.0,369,369-132,0.683333,0.0,1.0,1.0,0.683333,0.0,0.0,0.673586,0.538899,0.728823
difficulty,0.0,369,369-133,0.0,0.0,0.0,0.0,0.0,0.0,1.0,0.207932,0.396384,1.341555
difficulty,0.0,369,369-134,0.966667,0.3,0.7,1.0,0.966667,0.0,0.0,0.634841,0.657204,0.558467
difficulty,0.0,369,369-135,0.0,0.0,0.0,0.0,0.0,1.0,0.0,0.904477,0.210153,2.249741
difficulty,0.0,369,369-136,0.0,0.0,0.0,0.0,0.0,0.091667,0.0,0.832258,0.337854,1.604722
difficulty,0.0,369,369-137,0.0,0.45,0.0,0.45,0.45,0.0,0.0,0.391604,0.635449,0.443657
difficulty,0.0,369,369-138,0.0,0.0,0.833333,0.833333,0.0,0.0,0.0,0.775538,0.438688,1.243947
difficulty,0.0,369,369-139,0.691667,0.0,1.0,1.0,0.691667,0.0,0.0,0.676792,0.535956,0.743645
difficulty,0.0,369,369-140,0.0,0.0,0.0,0.0,0.0,0.0,1.0,0.208591,0.393771,1.337823
difficulty,0.0,369,369-141,0.025,0.716667,0.0,0.716667,0.716667,0.0,0.0,0.434881,0.597388,0.26504
difficulty,0.0,369,369-142,0.0,0.0,0.0,0.0,0.0,0.0,1.0,0.155992,0.202433,1.690349
difficulty,0.0,369,369-143,0.0,0.0,0.941667,0.941667,0.0,0.0,0.0,0.76405,0.431147,1.179195
difficulty,0.0,369,369-144,0.55,1.0,0.0,1.0,1.0,0.0,0.0,0.509342,0.702091,0.185231
difficulty,0.0,369,369-145,0.0,0.0,0.0,0.0,0.0,0.0,0.883333,0.27089,0.420157,0.992994
difficulty,0.0,369,369-146,0.9,0.1,0.9,1.0,0.9,0.0,0.0,0.649999,0.577921,0.622843
difficulty,0.0,369,369-147,1.0,0.616667,0.383333,1.0,1.0,0.0,0.0,0.582715,0.519111,0.335823
difficulty,0.0,369,369-148,0.0,0.341667,0.0,0.341667,0.341667,0.0,0.0,0.378783,0.50505,0.497954
difficulty,0.0,369,369-149,0.0,0.0,0.95,0.95,0.0,0.0,0.0,0.770711,0.391925,1.215349
difficulty,0.0,369,369-150,0.616667,0.0,1.0,1.0,0.616667,0.0,0.0,0.686188,0.492029,0.785748
difficulty,0.0,369,369-151,0.466667,1.0,0.0,1.0,1.0,0.0,0.0,0.494335,0.58665,0.157209
difficulty,0.0,369,369-152,1.0,0.491667,0.508333,1.0,1.0,0.0,0.0,0.60581,0.608129,0.432673
difficulty,0.0,369,369-153,0.0,0.0,0.533333,0.533333,0.0,0.0,0.0,0.792366,0.401096,1.344198
difficulty,0.0,369,369-154,0.0,0.0,0.0,0.0,0.0,0.0,1.0,0.108703,0.251003,2.107309
difficulty,0.0,369,369-155,0.0,0.0,0.216667,0.216667,0.0,0.0,0.0,0.814035,0.369659,1.479565
difficulty,0.0,369,369-156,0.0,0.0,0.0,0.0,0.0,0.0,0.275,0.322977,0.404808,0.74309
difficulty,0.0,369,369-157,0.241667,1.0,0.0,1.0,1.0,0.0,0.0,0.465304,0.572097,0.165278
difficulty,0.0,369,369-158,0.025,0.0,1.0,1.0,0.025,0.0,0.0,0.740543,0.424837,1.05227
difficulty,0.0,369,369-159,0.366667,1.0,0.0,1.0,1.0,0.0,0.0,0.484477,0.583548,0.163774
difficulty,0.0,369,369-160,0.0,0.0,0.0,0.0,0.0,0.183333,0.0,0.834838,0.341507,1.623721
difficulty,0.0,369,369-161,0.0,0.191667,0.0,0.191667,0.191667,0.0,0.0,0.369492,0.575874,0.537213
difficulty,0.0,369,369-162,0.566667,1.0,0.0,1.0,1.0,0.0,0.0,0.511758,0.582485,0.158948
difficulty,0.0,369,369-163,0.0,0.0,0.0,0.0,0.0,0.0,1.0,0.065626,0.149494,2.656829
difficulty,0.0,369,369-164,0.0,0.0,0.533333,0.533333,0.0,0.0,0.0,0.794703,0.392724,1.357711
difficulty,0.0,369,369-165,0.0,0.0,0.0,0.0,0.0,0.0,0.85,0.26889,0.368069,1.003781
difficulty,0.0,369,369-166,0.0,0.0,0.0,0.0,0.0,0.608333,0.0,0.85216,0.316816,1.754943
difficulty,0.0,369,369-167,0.258333,0.0,1.0,1.0,0.258333,0.0,0.0,0.715546,0.44985,0.925495
difficulty,0.0,369,369-168,0.0,0.0,0.058333,0.058333,0.0,0.008333,0.0,0.822875,0.349176,1.539768
difficulty,0.0,369,369-169,0.233333,0.8,0.0,0.8,0.8,0.0,0.0,0.452584,0.615167,0.212226
difficulty,0.0,369,369-170,0.625,0.0,1.0,1.0,0.625,0.0,0.0,0.679906,0.480428,0.75712
difficulty,0.0,369,369-171,0.175,0.9,0.0,0.9,0.9,0.0,0.0,0.458075,0.564141,0.195233
difficulty,0.0,369,369-172,0.816667,0.833333,0.166667,1.0,1.0,0.0,0.0,0.551446,0.603642,0.231226
difficulty,0.0,369,369-173,1.0,0.833333,0.166667,1.0,1.0,0.0,0.0,0.562286,0.438735,0.251594
difficulty,0.0,369,369-174,1.0,0.375,0.625,1.0,1.0,0.0,0.0,0.618531,0.570911,0.486989
difficulty,0.0,369,369-175,0.241667,0.783333,0.0,0.783333,0.783333,0.0,0.0,0.45149,0.68939,0.236623
difficulty,0.0,369,369-176,0.975,0.125,0.875,1.0,0.975,0.0,0.0,0.648092,0.528416,0.614392
difficulty,0.0,369,369-177,0.0,0.0,0.808333,0.808333,0.0,0.0,0.0,0.775306,0.41649,1.24343
difficulty,0.0,369,369-178,0.008333,0.708333,0.0,0.708333,0.708333,0.0,0.0,0.423023,0.614465,0.313034
difficulty,0.0,369,369-179,0.0,0.0,0.0,0.0,0.0,0.0,0.941667,0.245929,0.541555,1.127833
difficulty,0.0,369,369-180,1.0,0.25,0.75,1.0,1.0,0.0,0.0,0.626181,0.570031,0.518424
difficulty,0.0,369,369-181,1.0,0.316667,0.683333,1.0,1.0,0.0,0.0,0.621969,0.585854,0.501347
difficulty,0.0,369,369-182,0.683333,0.0,1.0,1.0,0.683333,0.0,0.0,0.67885,0.48674,0.751863
difficulty,0.0,369,369-183,0.975,0.666667,0.333333,1.0,1.0,0.0,0.0,0.579193,0.591913,0.322423
difficulty,0.0,369,369-184,0.733333,0.95,0.05,1.0,1.0,0.0,0.0,0.53088,0.547169,0.160372
difficulty,0.0,369,369-185,0.0,0.0,0.0,0.0,0.0,0.0,1.0,0.215728,0.345851,1.29355
difficulty,0.0,369,369-186,0.033333,0.733333,0.0,0.733333,0.733333,0.0,0.0,0.429883,0.572354,0.28467
difficulty,0.0,369,369-187,0.608333,1.0,0.0,1.0,1.0,0.0,0.0,0.510462,0.55956,0.13868
difficulty,0.0,369,369-188,0.0,0.158333,0.0,0.158333,0.158333,0.0,0.033333,0.358426,0.571479,0.585601
difficulty,0.0,369,369-189,1.0,0.558333,0.441667,1.0,1.0,0.0,0.0,0.595954,0.576927,0.391742
difficulty,0.0,369,369-190,0.866667,0.125,0.875,1.0,0.866667,0.0,0.0,0.658557,0.583685,0.661557
difficulty,0.0,369,369-191,1.0,0.508333,0.491667,1.0,1.0,0.0,0.0,0.601396,0.607206,0.414459
difficulty,0.0,369,369-192,0.283333,0.966667,0.0,0.966667,0.966667,0.0,0.0,0.469919,0.559321,0.173789
difficulty,0.0,369,369-193,0.991667,0.75,0.25,1.0,1.0,0.0,0.0,0.565368,0.5517,0.264616
difficulty,0.0,369,369-194,0.75,0.05,0.95,1.0,0.75,0.0,0.0,0.666163,0.552913,0.69566
difficulty,0.0,369,369-195,0.0,0.0,0.0,0.0,0.0,0.0,1.0,0.058093,0.113059,2.787303
difficulty,0.0,369,369-196,0.366667,0.983333,0.0,0.983333,0.983333,0.0,0.0,0.477279,0.659069,0.181704
difficulty,0.0,369,369-197,0.0,0.0,0.0,0.0,0.0,0.0,1.0,0.158037,0.117386,1.673723
difficulty,0.0,369,369-198,0.741667,0.0,1.0,1.0,0.741667,0.0,0.0,0.673656,0.52066,0.728681
difficulty,0.0,369,369-199,0.0,0.0,0.0,0.0,0.0,0.0,1.0,0.125268,0.333868,1.94678
difficulty,0.0,1024,1024-0,0.241667,0.908333,0.0,0.908333,0.908333,0.0,0.0,0.464764,0.591173,0.173405
difficulty,0.0,1024,1024-1,0.75,0.983333,0.016667,1.0,1.0,0.0,0.0,0.535412,0.591418,0.178841
difficulty,0.0,1024,1024-2,0.0,0.0,0.0,0.0,0.0,1.0,0.0,0.919778,0.18436,2.440686
difficulty,0.0,1024,1024-3,1.0,0.55,0.45,1.0,1.0,0.0,0.0,0.585602,0.596147,0.347984
difficulty,0.0,1024,1024-4,0.0,0.0,0.0,0.0,0.0,0.1,0.0,0.832772,0.313838,1.608166
difficulty,0.0,1024,1024-5,0.841667,0.008333,0.991667,1.0,0.841667,0.0,0.0,0.663811,0.450176,0.683679
difficulty,0.0,1024,1024-6,0.633333,0.991667,0.008333,1.0,1.0,0.0,0.0,0.519566,0.59485,0.152928
difficulty,0.0,1024,1024-7,0.0,0.55,0.0,0.55,0.55,0.0,0.0,0.406062,0.564877,0.382833
difficulty,0.0,1024,1024-8,0.433333,1.0,0.0,1.0,1.0,0.0,0.0,0.485711,0.613952,0.157263
difficulty,0.0,1024,1024-9,0.841667,0.0,1.0,1.0,0.841667,0.0,0.0,0.665825,0.467688,0.692609
difficulty,0.0,1024,1024-10,0.0,0.0,0.0,0.0,0.0,0.0,1.0,0.229156,0.434254,1.217337
difficulty,0.0,1024,1024-11,0.375,1.0,0.0,1.0,1.0,0.0,0.0,0.485268,0.63715,0.162647
difficulty,0.0,1024,1024-12,0.0,0.0,0.0,0.0,0.0,0.358333,0.0,0.843327,0.313895,1.686175
difficulty,0.0,1024,1024-13,0.25,0.0,1.0,1.0,0.25,0.0,0.0,0.722115,0.43831,0.958297
difficulty,0.0,1024,1024-14,1.0,0.366667,0.633333,1.0,1.0,0.0,0.0,0.617939,0.537967,0.483819
difficulty,0.0,1024,1024-15,0.391667,1.0,0.0,1.0,1.0,0.0,0.0,0.487316,0.645396,0.166178
difficulty,0.0,1024,1024-16,0.0,0.166667,0.0,0.166667,0.166667,0.0,0.058333,0.355121,0.648906,0.600746
difficulty,0.0,1024,1024-17,0.0,0.0,0.0,0.0,0.0,1.0,0.0,0.891613,0.229661,2.109273
difficulty,0.0,1024,1024-18,0.533333,0.0,1.0,1.0,0.533333,0.0,0.0,0.693888,0.52172,0.822823
difficulty,0.0,1024,1024-19,0.0,0.0,0.0,0.0,0.0,0.0,0.45,0.312359,0.453199,0.792809
difficulty,0.0,1024,1024-20,0.0,0.25,0.0,0.25,0.25,0.0,0.008333,0.364554,0.626326,0.560009
difficulty,0.0,1024,1024-21,0.041667,0.8,0.0,0.8,0.8,0.0,0.0,0.433673,0.539176,0.268851
difficulty,0.0,1024,1024-22,0.258333,0.858333,0.0,0.858333,0.858333,0.0,0.0,0.460888,0.572799,0.184539
difficulty,0.0,1024,1024-23,0.55,0.0,1.0,1.0,0.55,0.0,0.0,0.694025,0.521393,0.823254
difficulty,0.0,1024,1024-24,0.0,0.0,0.566667,0.566667,0.0,0.0,0.0,0.793065,0.412603,1.349138
difficulty,0.0,1024,1024-25,0.791667,0.9,0.1,1.0,1.0,0.0,0.0,0.541675,0.57663,0.186215
difficulty,0.0,1024,1024-26,0.0,0.0,0.75,0.75,0.0,0.0,0.0,0.781716,0.42228,1.280137
difficulty,0.0,1024,1024-27,0.0,0.0,0.0,0.0,0.0,0.0,0.858333,0.267636,0.479014,1.011323
difficulty,0.0,1024,1024-28,0.633333,0.0,1.0,1.0,0.633333,0.0,0.0,0.685607,0.581069,0.785204
difficulty,0.0,1024,1024-29,0.4,0.0,1.0,1.0,0.4,0.0,0.0,0.709798,0.541564,0.899327
difficulty,0.0,1024,1024-30,0.0,0.0,0.583333,0.583333,0.0,0.0,0.0,0.793465,0.431018,1.350566
difficulty,0.0,1024,1024-31,0.0,0.0,0.975,0.975,0.0,0.0,0.0,0.764885,0.435637,1.183403
difficulty,0.0,1024,1024-32,0.0,0.0,0.975,0.975,0.0,0.0,0.0,0.759158,0.488718,1.152724
difficulty,0.0,1024,1024-33,0.0,0.0,0.0,0.0,0.0,0.0,1.0,0.132115,0.190464,1.883959
difficulty,0.0,1024,1024-34,0.208333,0.775,0.0,0.775,0.775,0.0,0.0,0.446345,0.64228,0.238258
difficulty,0.0,1024,1024-35,0.0,0.0,0.0,0.0,0.0,0.0,1.0,0.184867,0.259711,1.486567
difficulty,0.0,1024,1024-36,0.525,1.0,0.0,1.0,1.0,0.0,0.0,0.503727,0.568689,0.134969
difficulty,0.0,1024,1024-37,0.0,0.0,0.0,0.0,0.0,0.0,1.0,0.137386,0.155061,1.838627
difficulty,0.0,1024,1024-38,0.033333,0.0,1.0,1.0,0.033333,0.0,0.0,0.745752,0.467344,1.080321
difficulty,0.0,1024,1024-39,0.3,0.991667,0.0,0.991667,0.991667,0.0,0.0,0.471829,0.564486,0.175203
difficulty,0.0,1024,1024-40,0.0,0.0,1.0,1.0,0.0,0.0,0.0,0.757479,0.422925,1.142738
difficulty,0.0,1024,1024-41,0.0,0.616667,0.0,0.616667,0.616667,0.0,0.0,0.411901,0.64834,0.358927
difficulty,0.0,1024,1024-42,0.8,0.908333,0.091667,1.0,1.0,0.0,0.0,0.544325,0.601835,0.203897
difficulty,0.0,1024,1024-43,0.15,0.0,1.0,1.0,0.15,0.0,0.0,0.731181,0.451437,1.004553
difficulty,0.0,1024,1024-44,0.0,0.0,0.0,0.0,0.0,0.0,0.208333,0.31996,0.326149,0.755842
difficulty,0.0,1024,1024-45,0.0,0.0,0.0,0.0,0.0,0.0,1.0,0.148142,0.324572,1.752947
difficulty,0.0,1024,1024-46,0.0,0.0,0.0,0.0,0.0,1.0,0.0,0.920487,0.177994,2.450586
difficulty,0.0,1024,1024-47,0.0,0.0,0.0,0.0,0.0,0.0,1.0,0.186695,0.324849,1.47543
difficulty,0.0,1024,1024-48,0.966667,0.058333,0.941667,1.0,0.966667,0.0,0.0,0.647548,0.505168,0.611253
difficulty,0.0,1024,1024-49,0.0,0.0,1.0,1.0,0.0,0.0,0.0,0.750604,0.427442,1.106095
difficulty,0.0,1024,1024-50,0.608333,0.0,1.0,1.0,0.608333,0.0,0.0,0.684611,0.52783,0.779474
difficulty,0.0,1024,1024-51,0.0,0.0,0.0,0.0,0.0,0.0,1.0,0.164013,0.299172,1.630604
difficulty,0.0,1024,1024-52,0.483333,0.0,1.0,1.0,0.483333,0.0,0.0,0.703723,0.472341,0.868854
difficulty,0.0,1024,1024-53,0.983333,0.116667,0.883333,1.0,0.983333,0.0,0.0,0.642839,0.513462,0.590856
difficulty,0.0,1024,1024-54,0.308333,0.0,1.0,1.0,0.308333,0.0,0.0,0.71636,0.476151,0.930475
difficulty,0.0,1024,1024-55,0.0,0.0,0.0,0.0,0.0,0.0,1.0,0.11194,0.177773,2.07354
difficulty,0.0,1024,1024-56,0.8,0.791667,0.208333,1.0,1.0,0.0,0.0,0.554516,0.602129,0.24117
difficulty,0.0,1024,1024-57,0.0,0.441667,0.0,0.441667,0.441667,0.0,0.0,0.391995,0.538734,0.441885
difficulty,0.0,1024,1024-58,0.0,0.0,0.0,0.0,0.0,0.0,1.0,0.238918,0.380627,1.162409
difficulty,0.0,1024,1024-59,0.783333,0.966667,0.033333,1.0,1.0,0.0,0.0,0.540628,0.57527,0.192937
difficulty,0.0,1024,1024-60,0.0,0.0,0.0,0.0,0.0,0.0,1.0,0.206145,0.316056,1.350641
difficulty,0.0,1024,1024-61,0.891667,0.983333,0.016667,1.0,1.0,0.0,0.0,0.544947,0.51313,0.192559
difficulty,0.0,1024,1024-62,0.0,0.016667,0.0,0.016667,0.016667,0.0,0.108333,0.343217,0.461312,0.652543
difficulty,0.0,1024,1024-63,0.375,1.0,0.0,1.0,1.0,0.0,0.0,0.481221,0.564648,0.168164
difficulty,0.0,1024,1024-64,0.575,1.0,0.0,1.0,1.0,0.0,0.0,0.516881,0.645033,0.159464
difficulty,0.0,1024,1024-65,0.0,0.0,0.0,0.0,0.0,0.0,1.0,0.130392,0.191265,1.899705
difficulty,0.0,1024,1024-66,0.808333,0.841667,0.158333,1.0,1.0,0.0,0.0,0.547255,0.574332,0.205472
difficulty,0.0,1024,1024-67,0.691667,0.0,1.0,1.0,0.691667,0.0,0.0,0.677045,0.521632,0.744282
difficulty,0.0,1024,1024-68,0.0,0.475,0.0,0.475,0.475,0.0,0.0,0.403125,0.583097,0.395763
difficulty,0.0,1024,1024-69,0.883333,0.75,0.25,1.0,1.0,0.0,0.0,0.560758,0.598692,0.252296
difficulty,0.0,1024,1024-70,1.0,0.383333,0.616667,1.0,1.0,0.0,0.0,0.613803,0.540508,0.466329
difficulty,0.0,1024,1024-71,0.925,0.325,0.675,1.0,0.925,0.0,0.0,0.632193,0.604364,0.546014
difficulty,0.0,1024,1024-72,0.0,0.533333,0.0,0.533333,0.533333,0.0,0.0,0.402667,0.52396,0.396512
difficulty,0.0,1024,1024-73,0.866667,0.875,0.125,1.0,1.0,0.0,0.0,0.547581,0.566552,0.20927
difficulty,0.0,1024,1024-74,0.225,0.908333,0.0,0.908333,0.908333,0.0,0.0,0.458713,0.630313,0.204147
difficulty,0.0,1024,1024-75,1.0,0.425,0.575,1.0,1.0,0.0,0.0,0.61198,0.564496,0.45873
difficulty,0.0,1024,1024-76,0.0,0.0,0.0,0.0,0.0,1.0,0.0,0.90157,0.219857,2.216857
difficulty,0.0,1024,1024-77,0.0,0.0,0.791667,0.791667,0.0,0.0,0.0,0.777295,0.42517,1.254546
difficulty,0.0,1024,1024-78,0.741667,0.0,1.0,1.0,0.741667,0.0,0.0,0.676577,0.512761,0.741747
difficulty,0.0,1024,1024-79,0.733333,0.0,1.0,1.0,0.733333,0.0,0.0,0.669321,0.53805,0.709293
difficulty,0.0,1024,1024-80,0.825,0.858333,0.141667,1.0,1.0,0.0,0.0,0.54787,0.60889,0.22074
difficulty,0.0,1024,1024-81,1.0,0.283333,0.716667,1.0,1.0,0.0,0.0,0.625257,0.512557,0.514943
difficulty,0.0,1024,1024-82,0.65,0.0,1.0,1.0,0.65,0.0,0.0,0.680314,0.534781,0.759364
difficulty,0.0,1024,1024-83,0.991667,0.225,0.775,1.0,0.991667,0.0,0.0,0.637599,0.563216,0.569285
difficulty,0.0,1024,1024-84,0.0,0.0,0.0,0.0,0.0,1.0,0.0,0.897584,0.229305,2.173468
difficulty,0.0,1024,1024-85,0.041667,0.841667,0.0,0.841667,0.841667,0.0,0.0,0.446021,0.570137,0.219903
difficulty,0.0,1024,1024-86,0.416667,0.0,1.0,1.0,0.416667,0.0,0.0,0.708171,0.528835,0.891323
difficulty,0.0,1024,1024-87,0.033333,0.633333,0.0,0.633333,0.633333,0.0,0.0,0.421419,0.663728,0.32176
difficulty,0.0,1024,1024-88,0.05,0.0,1.0,1.0,0.05,0.0,0.0,0.735746,0.449545,1.027716
difficulty,0.0,1024,1024-89,0.483333,1.0,0.0,1.0,1.0,0.0,0.0,0.501642,0.598662,0.151528
difficulty,0.0,1024,1024-90,0.0,0.0,0.0,0.0,0.0,0.0,1.0,0.244544,0.37626,1.131906
difficulty,0.0,1024,1024-91,0.641667,0.0,1.0,1.0,0.641667,0.0,0.0,0.683435,0.540439,0.774094
difficulty,0.0,1024,1024-92,0.891667,0.808333,0.191667,1.0,1.0,0.0,0.0,0.558388,0.569667,0.240975
difficulty,0.0,1024,1024-93,0.0,0.0,0.0,0.0,0.0,0.0,1.0,0.159511,0.3529,1.665171
difficulty,0.0,1024,1024-94,1.0,0.525,0.475,1.0,1.0,0.0,0.0,0.595759,0.592621,0.390624
difficulty,0.0,1024,1024-95,1.0,0.2,0.8,1.0,1.0,0.0,0.0,0.631653,0.547118,0.5427
difficulty,0.0,1024,1024-96,0.916667,0.1,0.9,1.0,0.916667,0.0,0.0,0.652758,0.592771,0.635468
difficulty,0.0,1024,1024-97,1.0,0.425,0.575,1.0,1.0,0.0,0.0,0.610584,0.595888,0.453363
difficulty,0.0,1024,1024-98,0.0,0.0,0.0,0.0,0.0,0.0,1.0,0.23275,0.352147,1.196592
difficulty,0.0,1024,1024-99,0.0,0.0,1.0,1.0,0.0,0.0,0.0,0.75589,0.43513,1.135274
difficulty,0.0,1024,1024-100,1.0,0.683333,0.316667,1.0,1.0,0.0,0.0,0.577292,0.575778,0.313829
difficulty,0.0,1024,1024-101,0.141667,0.916667,0.0,0.916667,0.916667,0.0,0.0,0.451015,0.591854,0.222276
difficulty,0.0,1024,1024-102,0.441667,1.0,0.0,1.0,1.0,0.0,0.0,0.495497,0.656422,0.167833
difficulty,0.0,1024,1024-103,1.0,0.675,0.325,1.0,1.0,0.0,0.0,0.577765,0.47054,0.315123
difficulty,0.0,1024,1024-104,0.466667,1.0,0.0,1.0,1.0,0.0,0.0,0.496788,0.570008,0.130461
difficulty,0.0,1024,1024-105,0.0,0.0,0.666667,0.666667,0.0,0.0,0.0,0.790978,0.416716,1.335107
difficulty,0.0,1024,1024-106,1.0,0.316667,0.683333,1.0,1.0,0.0,0.0,0.621984,0.553734,0.500739
difficulty,0.0,1024,1024-107,0.0,0.308333,0.0,0.308333,0.308333,0.0,0.008333,0.367579,0.581155,0.54667
difficulty,0.0,1024,1024-108,1.0,0.308333,0.691667,1.0,1.0,0.0,0.0,0.622702,0.556421,0.504188
difficulty,0.0,1024,1024-109,0.0,0.266667,0.0,0.266667,0.266667,0.0,0.0,0.369036,0.562282,0.540056
difficulty,0.0,1024,1024-110,0.616667,1.0,0.0,1.0,1.0,0.0,0.0,0.519376,0.527535,0.148137
difficulty,0.0,1024,1024-111,0.708333,0.908333,0.091667,1.0,1.0,0.0,0.0,0.53168,0.645989,0.194195
difficulty,0.0,1024,1024-112,0.241667,0.941667,0.0,0.941667,0.941667,0.0,0.0,0.467703,0.573988,0.179202
difficulty,0.0,1024,1024-113,1.0,0.241667,0.758333,1.0,1.0,0.0,0.0,0.636158,0.575142,0.562213
difficulty,0.0,1024,1024-114,0.666667,0.0,1.0,1.0,0.666667,0.0,0.0,0.683137,0.499342,0.772096
difficulty,0.0,1024,1024-115,1.0,0.233333,0.766667,1.0,1.0,0.0,0.0,0.628822,0.503917,0.529403
difficulty,0.0,1024,1024-116,0.0,0.0,0.616667,0.616667,0.0,0.0,0.0,0.793566,0.412554,1.35017
difficulty,0.0,1024,1024-117,0.0,0.0,0.0,0.0,0.0,0.283333,0.0,0.84137,0.319203,1.671432
difficulty,0.0,1024,1024-118,0.366667,0.0,1.0,1.0,0.366667,0.0,0.0,0.712772,0.490904,0.912978
difficulty,0.0,1024,1024-119,0.0,0.0,0.0,0.0,0.0,0.0,1.0,0.227014,0.448716,1.229011
difficulty,0.0,1024,1024-120,0.966667,0.233333,0.766667,1.0,0.966667,0.0,0.0,0.632995,0.596247,0.549379
difficulty,0.0,1024,1024-121,0.0,0.0,0.0,0.0,0.0,0.0,1.0,0.104983,0.286309,2.147395
difficulty,0.0,1024,1024-122,1.0,0.658333,0.341667,1.0,1.0,0.0,0.0,0.577355,0.54165,0.31394
difficulty,0.0,1024,1024-123,0.583333,0.0,1.0,1.0,0.583333,0.0,0.0,0.687606,0.527635,0.79273
difficulty,0.0,1024,1024-124,0.0,0.0,0.0,0.0,0.0,0.0,0.2,0.329558,0.441236,0.713286
difficulty,0.0,1024,1024-125,0.0,0.0,0.0,0.0,0.0,0.0,1.0,0.192757,0.27464,1.434952
difficulty,0.0,1024,1024-126,0.0,0.05,0.0,0.05,0.05,0.0,0.025,0.348221,0.476751,0.629655
difficulty,0.0,1024,1024-127,0.483333,1.0,0.0,1.0,1.0,0.0,0.0,0.495183,0.551357,0.145635
difficulty,0.0,1024,1024-128,0.0,0.0,0.491667,0.491667,0.0,0.0,0.0,0.797919,0.411651,1.377121
difficulty,0.0,1024,1024-129,0.0,0.391667,0.0,0.391667,0.391667,0.0,0.0,0.397529,0.517686,0.417909
difficulty,0.0,1024,1024-130,0.0,0.0,0.591667,0.591667,0.0,0.0,0.0,0.79471,0.391379,1.358298
difficulty,0.0,1024,1024-131,1.0,0.583333,0.416667,1.0,1.0,0.0,0.0,0.590714,0.652304,0.370284
difficulty,0.0,1024,1024-132,0.816667,0.025,0.975,1.0,0.816667,0.0,0.0,0.66743,0.527209,0.700428
difficulty,0.0,1024,1024-133,0.0,0.0,0.0,0.0,0.0,1.0,0.0,0.881308,0.246075,2.006589
difficulty,0.0,1024,1024-134,0.341667,0.941667,0.0,0.941667,0.941667,0.0,0.0,0.467704,0.637364,0.185174
difficulty,0.0,1024,1024-135,0.3,0.983333,0.0,0.983333,0.983333,0.0,0.0,0.470956,0.548832,0.165529
difficulty,0.0,1024,1024-136,0.0,0.0,0.041667,0.041667,0.0,0.025,0.0,0.824122,0.34453,1.548077
difficulty,0.0,1024,1024-137,0.0,0.0,0.0,0.0,0.0,0.0,0.066667,0.336993,0.450926,0.679097
difficulty,0.0,1024,1024-138,0.0,0.0,0.0,0.0,0.0,1.0,0.0,0.89797,0.216893,2.17711
difficulty,0.0,1024,1024-139,0.583333,0.0,1.0,1.0,0.583333,0.0,0.0,0.692143,0.490343,0.814252
difficulty,0.0,1024,1024-140,0.666667,0.0,1.0,1.0,0.666667,0.0,0.0,0.680092,0.536868,0.758305
difficulty,0.0,1024,1024-141,0.458333,0.0,1.0,1.0,0.458333,0.0,0.0,0.702956,0.50465,0.865963
difficulty,0.0,1024,1024-142,0.191667,0.0,1.0,1.0,0.191667,0.0,0.0,0.731379,0.469214,1.006338
difficulty,0.0,1024,1024-143,0.0,0.0,0.0,0.0,0.0,0.0,0.425,0.311784,0.475494,0.796441
difficulty,0.0,1024,1024-144,0.0,0.0,0.0,0.0,0.0,0.0,1.0,0.214086,0.283586,1.302413
difficulty,0.0,1024,1024-145,0.416667,1.0,0.0,1.0,1.0,0.0,0.0,0.487159,0.561866,0.140933
difficulty,0.0,1024,1024-146,0.0,0.0,0.975,0.975,0.0,0.0,0.0,0.764075,0.431248,1.179525
difficulty,0.0,1024,1024-147,0.391667,1.0,0.0,1.0,1.0,0.0,0.0,0.490515,0.522559,0.13691
difficulty,0.0,1024,1024-148,0.375,0.991667,0.0,0.991667,0.991667,0.0,0.0,0.483973,0.595996,0.155644
difficulty,0.0,1024,1024-149,0.0,0.0,0.0,0.0,0.0,0.0,1.0,0.18527,0.293107,1.483982
difficulty,0.0,1024,1024-150,1.0,0.491667,0.508333,1.0,1.0,0.0,0.0,0.6015,0.598584,0.415067
difficulty,0.0,1024,1024-151,0.0,0.016667,0.0,0.016667,0.016667,0.0,0.366667,0.32326,0.605998,0.744528
difficulty,0.0,1024,1024-152,0.933333,0.083333,0.916667,1.0,0.933333,0.0,0.0,0.650516,0.545526,0.62503
difficulty,0.0,1024,1024-153,0.0,0.0,0.0,0.0,0.0,0.0,1.0,0.157179,0.286786,1.682233
difficulty,0.0,1024,1024-154,0.0,0.0,1.0,1.0,0.0,0.0,0.0,0.744924,0.396045,1.07455
difficulty,0.0,1024,1024-155,0.541667,0.0,1.0,1.0,0.541667,0.0,0.0,0.697756,0.505418,0.840441
difficulty,0.0,1024,1024-156,0.0,0.0,0.0,0.0,0.0,0.0,0.7,0.29035,0.354038,0.896143
difficulty,0.0,1024,1024-157,0.0,0.0,0.0,0.0,0.0,0.0,0.75,0.278168,0.434293,0.957852
difficulty,0.0,1024,1024-158,0.733333,0.9,0.1,1.0,1.0,0.0,0.0,0.535324,0.64138,0.201303
difficulty,0.0,1024,1024-159,0.0,0.0,0.0,0.0,0.0,0.0,1.0,0.170651,0.248225,1.582771
difficulty,0.0,1024,1024-160,0.0,0.108333,0.0,0.108333,0.108333,0.0,0.0,0.362809,0.468345,0.565419
difficulty,0.0,1024,1024-161,0.0,0.0,0.0,0.0,0.0,0.0,1.0,0.117231,0.229897,2.020373
difficulty,0.0,1024,1024-162,0.0,0.675,0.0,0.675,0.675,0.0,0.0,0.424266,0.578651,0.30796
difficulty,0.0,1024,1024-163,0.6,0.0,1.0,1.0,0.6,0.0,0.0,0.683155,0.557806,0.773191
difficulty,0.0,1024,1024-164,0.0,0.0,0.0,0.0,0.0,0.0,1.0,0.169194,0.299497,1.595141
difficulty,0.0,1024,1024-165,0.858333,0.05,0.95,1.0,0.858333,0.0,0.0,0.653755,0.545057,0.639728
difficulty,0.0,1024,1024-166,0.4,1.0,0.0,1.0,1.0,0.0,0.0,0.485385,0.633151,0.142668
difficulty,0.0,1024,1024-167,0.241667,0.933333,0.0,0.933333,0.933333,0.0,0.0,0.464174,0.608653,0.176262
difficulty,0.0,1024,1024-168,1.0,0.358333,0.641667,1.0,1.0,0.0,0.0,0.612373,0.601152,0.460788
difficulty,0.0,1024,1024-169,0.291667,0.0,1.0,1.0,0.291667,0.0,0.0,0.718295,0.490734,0.939542
difficulty,0.0,1024,1024-170,0.0,0.0,0.0,0.0,0.0,0.0,1.0,0.123019,0.192457,1.966505
difficulty,0.0,1024,1024-171,0.0,0.0,0.0,0.0,0.0,0.0,1.0,0.100378,0.180184,2.195002
difficulty,0.0,1024,1024-172,0.308333,1.0,0.0,1.0,1.0,0.0,0.0,0.48097,0.495068,0.14389
difficulty,0.0,1024,1024-173,0.0,0.566667,0.0,0.566667,0.566667,0.0,0.0,0.407731,0.510755,0.375579
difficulty,0.0,1024,1024-174,0.0,0.0,0.0,0.0,0.0,0.0,1.0,0.187679,0.278178,1.468263
difficulty,0.0,1024,1024-175,0.15,0.816667,0.0,0.816667,0.816667,0.0,0.0,0.449092,0.598604,0.22732
difficulty,0.0,1024,1024-176,1.0,0.441667,0.558333,1.0,1.0,0.0,0.0,0.601806,0.585488,0.416061
difficulty,0.0,1024,1024-177,0.725,0.941667,0.058333,1.0,1.0,0.0,0.0,0.533066,0.637242,0.197072
difficulty,0.0,1024,1024-178,1.0,0.5,0.5,1.0,1.0,0.0,0.0,0.601768,0.520398,0.414918
difficulty,0.0,1024,1024-179,0.391667,0.983333,0.0,0.983333,0.983333,0.0,0.0,0.482519,0.583153,0.157932
difficulty,0.0,1024,1024-180,0.0,0.3,0.0,0.3,0.3,0.0,0.008333,0.378138,0.539242,0.500545
difficulty,0.0,1024,1024-181,0.0,0.0,0.0,0.0,0.0,0.0,0.666667,0.28545,0.623665,0.924578
difficulty,0.0,1024,1024-182,0.0,0.466667,0.0,0.466667,0.466667,0.0,0.0,0.393285,0.544708,0.43615
difficulty,0.0,1024,1024-183,0.925,0.733333,0.266667,1.0,1.0,0.0,0.0,0.561954,0.562265,0.256948
difficulty,0.0,1024,1024-184,1.0,0.45,0.55,1.0,1.0,0.0,0.0,0.605822,0.502268,0.432361
difficulty,0.0,1024,1024-185,0.416667,1.0,0.0,1.0,1.0,0.0,0.0,0.494594,0.511688,0.139252
difficulty,0.0,1024,1024-186,0.0,0.0,0.0,0.0,0.0,0.0,0.7,0.287688,0.521343,0.910237
difficulty,0.0,1024,1024-187,0.0,0.0,0.0,0.0,0.0,0.15,0.0,0.836232,0.317707,1.633462
difficulty,0.0,1024,1024-188,0.625,1.0,0.0,1.0,1.0,0.0,0.0,0.518839,0.584294,0.154921
difficulty,0.0,1024,1024-189,0.0,0.0,0.0,0.0,0.0,0.0,0.425,0.308377,0.455082,0.811324
difficulty,0.0,1024,1024-190,0.391667,0.0,1.0,1.0,0.391667,0.0,0.0,0.711225,0.474688,0.905291
difficulty,0.0,1024,1024-191,0.0,0.175,0.0,0.175,0.175,0.0,0.091667,0.35446,0.556745,0.603516
difficulty,0.0,1024,1024-192,0.016667,0.641667,0.0,0.641667,0.641667,0.0,0.0,0.418464,0.581013,0.331286
difficulty,0.0,1024,1024-193,0.0,0.0,0.266667,0.266667,0.0,0.0,0.0,0.810392,0.377788,1.455501
difficulty,0.0,1024,1024-194,0.0,0.058333,0.0,0.058333,0.058333,0.0,0.125,0.350356,0.560856,0.622025
difficulty,0.0,1024,1024-195,0.0,0.0,0.0,0.0,0.0,0.0,0.425,0.314581,0.517597,0.782892
difficulty,0.0,1024,1024-196,0.15,0.0,1.0,1.0,0.15,0.0,0.0,0.730924,0.475249,1.003777
difficulty,0.0,1024,1024-197,0.0,0.0,0.0,0.0,0.0,0.0,0.541667,0.300684,0.430023,0.847126
difficulty,0.0,1024,1024-198,0.358333,1.0,0.0,1.0,1.0,0.0,0.0,0.484388,0.595797,0.157656
difficulty,0.0,1024,1024-199,0.983333,0.841667,0.158333,1.0,1.0,0.0,0.0,0.561581,0.537892,0.24948
difficulty,0.0,2026,2026-0,0.0,0.358333,0.0,0.358333,0.358333,0.0,0.008333,0.380666,0.605844,0.490668
difficulty,0.0,2026,2026-1,1.0,0.283333,0.716667,1.0,1.0,0.0,0.0,0.619918,0.551746,0.491814
difficulty,0.0,2026,2026-2,0.0,0.0,0.0,0.0,0.0,0.0,1.0,0.160825,0.420423,1.65665
difficulty,0.0,2026,2026-3,0.0,0.0,0.075,0.075,0.0,0.008333,0.0,0.82324,0.354217,1.542136
difficulty,0.0,2026,2026-4,0.358333,0.0,1.0,1.0,0.358333,0.0,0.0,0.705501,0.529305,0.878226
difficulty,0.0,2026,2026-5,0.458333,1.0,0.0,1.0,1.0,0.0,0.0,0.493277,0.588297,0.140354
difficulty,0.0,2026,2026-6,0.475,1.0,0.0,1.0,1.0,0.0,0.0,0.50113,0.662592,0.164522
difficulty,0.0,2026,2026-7,0.991667,0.2,0.8,1.0,0.991667,0.0,0.0,0.636396,0.536224,0.563176
difficulty,0.0,2026,2026-8,0.583333,0.966667,0.033333,1.0,1.0,0.0,0.0,0.516205,0.692437,0.174305
difficulty,0.0,2026,2026-9,0.625,0.991667,0.008333,1.0,1.0,0.0,0.0,0.522617,0.639585,0.186633
difficulty,0.0,2026,2026-10,0.316667,0.0,1.0,1.0,0.316667,0.0,0.0,0.714181,0.482128,0.91944
difficulty,0.0,2026,2026-11,0.75,0.0,1.0,1.0,0.75,0.0,0.0,0.677092,0.488329,0.744165
difficulty,0.0,2026,2026-12,0.883333,0.841667,0.158333,1.0,1.0,0.0,0.0,0.55566,0.609179,0.234008
difficulty,0.0,2026,2026-13,0.808333,0.858333,0.141667,1.0,1.0,0.0,0.0,0.544839,0.584448,0.201494
difficulty,0.0,2026,2026-14,1.0,0.433333,0.566667,1.0,1.0,0.0,0.0,0.608466,0.552066,0.443986
difficulty,0.0,2026,2026-15,0.041667,0.625,0.0,0.625,0.625,0.0,0.0,0.425947,0.690331,0.303472
difficulty,0.0,2026,2026-16,0.258333,0.991667,0.0,0.991667,0.991667,0.0,0.0,0.467016,0.581876,0.172073
difficulty,0.0,2026,2026-17,0.641667,0.0,1.0,1.0,0.641667,0.0,0.0,0.681476,0.522172,0.764923
difficulty,0.0,2026,2026-18,0.766667,0.958333,0.041667,1.0,1.0,0.0,0.0,0.542023,0.562729,0.197361
difficulty,0.0,2026,2026-19,0.0,0.0,0.0,0.0,0.0,0.0,1.0,0.241017,0.512026,1.152894
difficulty,0.0,2026,2026-20,0.241667,0.9,0.0,0.9,0.9,0.0,0.0,0.454792,0.663957,0.216388
difficulty,0.0,2026,2026-21,0.391667,0.0,1.0,1.0,0.391667,0.0,0.0,0.706795,0.493928,0.884396
difficulty,0.0,2026,2026-22,0.675,0.983333,0.016667,1.0,1.0,0.0,0.0,0.519334,0.612863,0.157347
difficulty,0.0,2026,2026-23,0.775,0.85,0.15,1.0,1.0,0.0,0.0,0.544131,0.676984,0.219302
difficulty,0.0,2026,2026-24,0.458333,0.0,1.0,1.0,0.458333,0.0,0.0,0.701242,0.480227,0.857117
difficulty,0.0,2026,2026-25,0.0,0.0,0.0,0.0,0.0,1.0,0.0,0.871776,0.269944,1.919445
difficulty,0.0,2026,2026-26,0.0,0.358333,0.0,0.358333,0.358333,0.0,0.0,0.382755,0.458206,0.480248
difficulty,0.0,2026,2026-27,0.0,0.0,0.183333,0.183333,0.0,0.0,0.0,0.815607,0.359549,1.490314
difficulty,0.0,2026,2026-28,0.0,0.0,0.0,0.0,0.0,0.0,0.866667,0.269164,0.451456,1.002884
difficulty,0.0,2026,2026-29,1.0,0.466667,0.533333,1.0,1.0,0.0,0.0,0.608709,0.575468,0.444917
difficulty,0.0,2026,2026-30,0.0,0.0,0.0,0.0,0.0,0.0,0.625,0.283265,0.430641,0.932108
difficulty,0.0,2026,2026-31,0.0,0.0,0.158333,0.158333,0.0,0.0,0.0,0.816219,0.344474,1.49407
difficulty,0.0,2026,2026-32,0.133333,0.0,1.0,1.0,0.133333,0.0,0.0,0.738813,0.471175,1.044642
difficulty,0.0,2026,2026-33,0.0,0.0,0.733333,0.733333,0.0,0.0,0.0,0.785087,0.376528,1.299379
difficulty,0.0,2026,2026-34,0.0,0.0,0.0,0.0,0.0,0.0,0.116667,0.332597,0.409005,0.698686
difficulty,0.0,2026,2026-35,0.366667,0.0,1.0,1.0,0.366667,0.0,0.0,0.711806,0.502894,0.908806
difficulty,0.0,2026,2026-36,0.066667,0.7,0.0,0.7,0.7,0.0,0.0,0.43304,0.548053,0.273793
difficulty,0.0,2026,2026-37,0.166667,0.941667,0.0,0.941667,0.941667,0.0,0.0,0.453658,0.584214,0.205973
difficulty,0.0,2026,2026-38,0.65,0.0,1.0,1.0,0.65,0.0,0.0,0.680113,0.556836,0.759666
difficulty,0.0,2026,2026-39,0.008333,0.0,1.0,1.0,0.008333,0.0,0.0,0.743654,0.458288,1.068958
difficulty,0.0,2026,2026-40,1.0,0.366667,0.633333,1.0,1.0,0.0,0.0,0.616293,0.579056,0.476889
difficulty,0.0,2026,2026-41,0.0,0.533333,0.0,0.533333,0.533333,0.0,0.0,0.411895,0.558497,0.358674
difficulty,0.0,2026,2026-42,0.0,0.133333,0.0,0.133333,0.133333,0.0,0.0,0.362851,0.498404,0.565767
difficulty,0.0,2026,2026-43,0.0,0.0,0.008333,0.008333,0.0,0.075,0.0,0.828113,0.326552,1.57604
difficulty,0.0,2026,2026-44,0.533333,0.0,1.0,1.0,0.533333,0.0,0.0,0.695371,0.527937,0.829986
difficulty,0.0,2026,2026-45,0.341667,0.0,1.0,1.0,0.341667,0.0,0.0,0.713945,0.472615,0.918288
difficulty,0.0,2026,2026-46,0.0,0.0,0.0,0.0,0.0,1.0,0.0,0.903089,0.201168,2.233892
difficulty,0.0,2026,2026-47,0.0,0.225,0.0,0.225,0.225,0.0,0.0,0.368421,0.578472,0.542403
difficulty,0.0,2026,2026-48,0.0,0.0,0.0,0.0,0.0,1.0,0.0,0.928864,0.164861,2.570454
difficulty,0.0,2026,2026-49,0.0,0.0,0.0,0.0,0.0,1.0,0.0,0.958357,0.095773,3.136981
difficulty,0.0,2026,2026-50,0.0,0.0,0.0,0.0,0.0,0.483333,0.0,0.849118,0.314079,1.731219
difficulty,0.0,2026,2026-51,0.091667,0.0,1.0,1.0,0.091667,0.0,0.0,0.736167,0.447178,1.029801
difficulty,0.0,2026,2026-52,0.0,0.475,0.0,0.475,0.475,0.0,0.0,0.398916,0.611596,0.412904
difficulty,0.0,2026,2026-53,0.0,0.0,0.916667,0.916667,0.0,0.0,0.0,0.766451,0.448968,1.19338
difficulty,0.0,2026,2026-54,0.3,0.925,0.0,0.925,0.925,0.0,0.0,0.461329,0.627297,0.215076
difficulty,0.0,2026,2026-55,0.933333,0.725,0.275,1.0,1.0,0.0,0.0,0.569321,0.581718,0.28499
difficulty,0.0,2026,2026-56,0.508333,1.0,0.0,1.0,1.0,0.0,0.0,0.505153,0.649909,0.158378
difficulty,0.0,2026,2026-57,1.0,0.208333,0.791667,1.0,1.0,0.0,0.0,0.637861,0.586445,0.57005
difficulty,0.0,2026,2026-58,0.0,0.0,0.366667,0.366667,0.0,0.0,0.0,0.807194,0.369556,1.43597
difficulty,0.0,2026,2026-59,0.033333,0.691667,0.0,0.691667,0.691667,0.0,0.0,0.422054,0.526011,0.316943
difficulty,0.0,2026,2026-60,0.0,0.225,0.0,0.225,0.225,0.0,0.166667,0.352345,0.690135,0.614562
difficulty,0.0,2026,2026-61,0.0,0.0,0.0,0.0,0.0,0.0,0.241667,0.326826,0.526985,0.726415
difficulty,0.0,2026,2026-62,0.0,0.0,0.0,0.0,0.0,0.0,0.275,0.315111,0.421402,0.779089
difficulty,0.0,2026,2026-63,0.0,0.0,0.0,0.0,0.0,0.0,1.0,0.228454,0.341092,1.219867
difficulty,0.0,2026,2026-64,0.0,0.125,0.0,0.125,0.125,0.0,0.1,0.349264,0.604363,0.626643
difficulty,0.0,2026,2026-65,0.0,0.0,0.358333,0.358333,0.0,0.0,0.0,0.807596,0.366586,1.437311
difficulty,0.0,2026,2026-66,0.083333,0.758333,0.0,0.758333,0.758333,0.0,0.0,0.435537,0.694687,0.271565
difficulty,0.0,2026,2026-67,0.991667,0.266667,0.733333,1.0,0.991667,0.0,0.0,0.629146,0.571751,0.532337
difficulty,0.0,2026,2026-68,0.0,0.0,0.0,0.0,0.0,0.0,0.633333,0.283852,0.585116,0.930785
difficulty,0.0,2026,2026-69,1.0,0.325,0.675,1.0,1.0,0.0,0.0,0.619142,0.642916,0.490317
difficulty,0.0,2026,2026-70,0.0,0.0,0.0,0.0,0.0,0.0,1.0,0.176662,0.345344,1.542722
difficulty,0.0,2026,2026-71,0.0,0.466667,0.0,0.466667,0.466667,0.0,0.0,0.396008,0.575161,0.425056
difficulty,0.0,2026,2026-72,0.0,0.0,0.0,0.0,0.0,1.0,0.0,0.909207,0.183821,2.305512
difficulty,0.0,2026,2026-73,0.0,0.633333,0.0,0.633333,0.633333,0.0,0.0,0.418636,0.550643,0.330528
difficulty,0.0,2026,2026-74,0.0,0.0,0.841667,0.841667,0.0,0.0,0.0,0.781836,0.378973,1.279527
difficulty,0.0,2026,2026-75,0.816667,0.008333,0.991667,1.0,0.816667,0.0,0.0,0.666314,0.524929,0.695215
difficulty,0.0,2026,2026-76,0.616667,0.991667,0.008333,1.0,1.0,0.0,0.0,0.522592,0.569819,0.149995
difficulty,0.0,2026,2026-77,0.008333,0.558333,0.0,0.558333,0.558333,0.0,0.0,0.418063,0.648768,0.333843
difficulty,0.0,2026,2026-78,0.0,0.0,0.333333,0.333333,0.0,0.0,0.0,0.806002,0.346508,1.426991
difficulty,0.0,2026,2026-79,0.733333,0.941667,0.058333,1.0,1.0,0.0,0.0,0.535753,0.647975,0.199477
difficulty,0.0,2026,2026-80,0.0,0.0,0.0,0.0,0.0,0.208333,0.0,0.837755,0.343304,1.644833
difficulty,0.0,2026,2026-81,0.0,0.433333,0.0,0.433333,0.433333,0.0,0.0,0.393649,0.570293,0.435432
difficulty,0.0,2026,2026-82,1.0,0.691667,0.308333,1.0,1.0,0.0,0.0,0.575752,0.529361,0.307025
difficulty,0.0,2026,2026-83,0.808333,0.0,1.0,1.0,0.808333,0.0,0.0,0.665296,0.526713,0.690789
difficulty,0.0,2026,2026-84,0.891667,0.116667,0.883333,1.0,0.891667,0.0,0.0,0.648596,0.555466,0.617077
difficulty,0.0,2026,2026-85,0.0,0.0,0.0,0.0,0.0,0.0,0.733333,0.276194,0.558965,0.96961
difficulty,0.0,2026,2026-86,0.0,0.375,0.0,0.375,0.375,0.0,0.0,0.389978,0.46946,0.449279
difficulty,0.0,2026,2026-87,0.633333,0.991667,0.008333,1.0,1.0,0.0,0.0,0.521459,0.577135,0.162601
difficulty,0.0,2026,2026-88,0.0,0.208333,0.0,0.208333,0.208333,0.0,0.041667,0.36236,0.561743,0.56959
difficulty,0.0,2026,2026-89,0.391667,0.0,1.0,1.0,0.391667,0.0,0.0,0.709722,0.517341,0.899005
difficulty,0.0,2026,2026-90,0.591667,0.0,1.0,1.0,0.591667,0.0,0.0,0.691006,0.514799,0.808964
difficulty,0.0,2026,2026-91,0.0,0.0,0.0,0.0,0.0,0.0,1.0,0.137375,0.206865,1.839586
difficulty,0.0,2026,2026-92,0.0,0.0,0.0,0.0,0.0,0.0,1.0,0.169484,0.382535,1.593689
difficulty,0.0,2026,2026-93,0.0,0.0,0.0,0.0,0.0,0.0,0.991667,0.255237,0.387989,1.074602
difficulty,0.0,2026,2026-94,1.0,0.575,0.425,1.0,1.0,0.0,0.0,0.592208,0.501627,0.375031
difficulty,0.0,2026,2026-95,0.0,0.0,0.0,0.0,0.0,1.0,0.0,0.890946,0.235904,2.102777
difficulty,0.0,2026,2026-96,0.291667,0.966667,0.0,0.966667,0.966667,0.0,0.0,0.471227,0.556497,0.16367
difficulty,0.0,2026,2026-97,1.0,0.3,0.7,1.0,1.0,0.0,0.0,0.623563,0.560661,0.50776
difficulty,0.0,2026,2026-98,0.0,0.0,0.0,0.0,0.0,0.0,0.325,0.318621,0.548782,0.764696
difficulty,0.0,2026,2026-99,0.0,0.0,0.0,0.0,0.0,0.0,0.508333,0.303156,0.481505,0.83592
difficulty,0.0,2026,2026-100,0.0,0.0,0.0,0.0,0.0,0.0,1.0,0.134767,0.18962,1.86042
difficulty,0.0,2026,2026-101,0.933333,0.691667,0.308333,1.0,1.0,0.0,0.0,0.569291,0.606251,0.287176
difficulty,0.0,2026,2026-102,0.0,0.0,1.0,1.0,0.0,0.0,0.0,0.756019,0.436901,1.135027
difficulty,0.0,2026,2026-103,0.341667,1.0,0.0,1.0,1.0,0.0,0.0,0.480136,0.622705,0.161623
difficulty,0.0,2026,2026-104,0.0,0.0,0.125,0.125,0.0,0.0,0.0,0.822034,0.345496,1.53342
difficulty,0.0,2026,2026-105,1.0,0.433333,0.566667,1.0,1.0,0.0,0.0,0.61136,0.569762,0.455886
difficulty,0.0,2026,2026-106,0.908333,0.791667,0.208333,1.0,1.0,0.0,0.0,0.558978,0.577421,0.245879
difficulty,0.0,2026,2026-107,0.725,0.0,1.0,1.0,0.725,0.0,0.0,0.678409,0.498929,0.75012
difficulty,0.0,2026,2026-108,0.841667,0.0,1.0,1.0,0.841667,0.0,0.0,0.667371,0.47578,0.699144
difficulty,0.0,2026,2026-109,0.0,0.0,0.658333,0.658333,0.0,0.0,0.0,0.786489,0.419955,1.308109
difficulty,0.0,2026,2026-110,0.0,0.233333,0.0,0.233333,0.233333,0.0,0.008333,0.371804,0.572044,0.527801
difficulty,0.0,2026,2026-111,0.0,0.0,0.0,0.0,0.0,0.0,1.0,0.10255,0.161683,2.170226
difficulty,0.0,2026,2026-112,1.0,0.491667,0.508333,1.0,1.0,0.0,0.0,0.598017,0.603759,0.399984
difficulty,0.0,2026,2026-113,0.0,0.525,0.0,0.525,0.525,0.0,0.0,0.406882,0.516031,0.379081
difficulty,0.0,2026,2026-114,0.9,0.741667,0.258333,1.0,1.0,0.0,0.0,0.562747,0.622521,0.2599
difficulty,0.0,2026,2026-115,0.0,0.0,0.0,0.0,0.0,0.558333,0.0,0.853876,0.2983,1.768211
difficulty,0.0,2026,2026-116,0.0,0.0,0.0,0.0,0.0,0.0,0.716667,0.286025,0.370754,0.91725
difficulty,0.0,2026,2026-117,0.216667,0.0,1.0,1.0,0.216667,0.0,0.0,0.728546,0.520729,0.992753
difficulty,0.0,2026,2026-118,0.0,0.0,0.991667,0.991667,0.0,0.0,0.0,0.755208,0.421849,1.129962
difficulty,0.0,2026,2026-119,0.758333,0.008333,0.991667,1.0,0.758333,0.0,0.0,0.667823,0.562045,0.703597
difficulty,0.0,2026,2026-120,0.0,0.0,0.808333,0.808333,0.0,0.0,0.0,0.780234,0.381031,1.270805
difficulty,0.0,2026,2026-121,0.2,0.875,0.0,0.875,0.875,0.0,0.0,0.454433,0.589929,0.221045
difficulty,0.0,2026,2026-122,0.108333,0.6,0.0,0.6,0.6,0.0,0.0,0.422484,0.79621,0.326028
difficulty,0.0,2026,2026-123,0.0,0.0,0.866667,0.866667,0.0,0.0,0.0,0.773684,0.436095,1.234008
difficulty,0.0,2026,2026-124,0.275,0.0,1.0,1.0,0.275,0.0,0.0,0.7226,0.482093,0.962437
difficulty,0.0,2026,2026-125,0.0,0.0,0.1,0.1,0.0,0.0,0.0,0.82061,0.341364,1.52358
difficulty,0.0,2026,2026-126,0.991667,0.35,0.65,1.0,0.991667,0.0,0.0,0.620045,0.578775,0.493565
difficulty,0.0,2026,2026-127,0.0,0.0,0.0,0.0,0.0,0.541667,0.0,0.849484,0.307111,1.733514
difficulty,0.0,2026,2026-128,0.483333,1.0,0.0,1.0,1.0,0.0,0.0,0.496139,0.581448,0.140113
difficulty,0.0,2026,2026-129,0.0,0.0,0.0,0.0,0.0,0.0,0.45,0.30366,0.485279,0.834328
difficulty,0.0,2026,2026-130,0.0,0.0,0.0,0.0,0.0,0.0,1.0,0.124525,0.226673,1.951888
difficulty,0.0,2026,2026-131,0.0,0.0,0.0,0.0,0.0,0.0,0.441667,0.307599,0.568632,0.81701
difficulty,0.0,2026,2026-132,0.133333,0.0,1.0,1.0,0.133333,0.0,0.0,0.733215,0.425294,1.015242
difficulty,0.0,2026,2026-133,0.0,0.0,0.0,0.0,0.0,0.0,1.0,0.213221,0.313244,1.308667
difficulty,0.0,2026,2026-134,0.025,0.916667,0.0,0.916667,0.916667,0.0,0.0,0.444369,0.484096,0.225419
difficulty,0.0,2026,2026-135,0.0,0.0,0.0,0.0,0.0,1.0,0.0,0.896941,0.219994,2.165657
difficulty,0.0,2026,2026-136,0.041667,0.0,1.0,1.0,0.041667,0.0,0.0,0.738064,0.43372,1.039276
difficulty,0.0,2026,2026-137,0.0,0.0,0.0,0.0,0.0,0.958333,0.0,0.867816,0.26737,1.884841
difficulty,0.0,2026,2026-138,0.0,0.066667,0.0,0.066667,0.066667,0.0,0.283333,0.332294,0.595981,0.70317
difficulty,0.0,2026,2026-139,0.0,0.0,0.0,0.0,0.0,0.0,1.0,0.089637,0.273231,2.321141
difficulty,0.0,2026,2026-140,0.0,0.0,0.0,0.0,0.0,0.175,0.0,0.836587,0.321084,1.636027
difficulty,0.0,2026,2026-141,0.0,0.0,0.0,0.0,0.0,0.0,1.0,0.230586,0.459665,1.209017
difficulty,0.0,2026,2026-142,1.0,0.566667,0.433333,1.0,1.0,0.0,0.0,0.59159,0.59322,0.373715
difficulty,0.0,2026,2026-143,1.0,0.35,0.65,1.0,1.0,0.0,0.0,0.622074,0.564027,0.501666
difficulty,0.0,2026,2026-144,0.0,0.0,0.0,0.0,0.0,0.0,0.225,0.320814,0.342093,0.752189
difficulty,0.0,2026,2026-145,0.0,0.0,0.0,0.0,0.0,0.291667,0.0,0.84103,0.295531,1.668873
difficulty,0.0,2026,2026-146,0.0,0.0,0.0,0.0,0.0,0.308333,0.0,0.841079,0.340317,1.670051
difficulty,0.0,2026,2026-147,0.625,0.0,1.0,1.0,0.625,0.0,0.0,0.688253,0.563614,0.796896
difficulty,0.0,2026,2026-148,0.916667,0.758333,0.241667,1.0,1.0,0.0,0.0,0.562372,0.583393,0.256536
difficulty,0.0,2026,2026-149,1.0,0.433333,0.566667,1.0,1.0,0.0,0.0,0.609206,0.571586,0.446533
difficulty,0.0,2026,2026-150,0.0,0.0,0.0,0.0,0.0,0.0,0.4,0.315206,0.628742,0.781872
difficulty,0.0,2026,2026-151,0.591667,1.0,0.0,1.0,1.0,0.0,0.0,0.514171,0.642249,0.168149
difficulty,0.0,2026,2026-152,0.825,0.941667,0.058333,1.0,1.0,0.0,0.0,0.543548,0.546039,0.196111
difficulty,0.0,2026,2026-153,0.0,0.158333,0.0,0.158333,0.158333,0.0,0.016667,0.356121,0.511736,0.596243
difficulty,0.0,2026,2026-154,0.075,0.0,1.0,1.0,0.075,0.0,0.0,0.741637,0.469441,1.058774
difficulty,0.0,2026,2026-155,0.0,0.0,0.0,0.0,0.0,0.0,1.0,0.244225,0.473232,1.13413
difficulty,0.0,2026,2026-156,0.066667,0.891667,0.0,0.891667,0.891667,0.0,0.0,0.448181,0.514749,0.213093
difficulty,0.0,2026,2026-157,0.0,0.0,0.0,0.0,0.0,0.0,1.0,0.104786,0.196725,2.14636
difficulty,0.0,2026,2026-158,0.783333,0.0,1.0,1.0,0.783333,0.0,0.0,0.671986,0.505023,0.720891
difficulty,0.0,2026,2026-159,0.266667,0.0,1.0,1.0,0.266667,0.0,0.0,0.718705,0.43584,0.941922
difficulty,0.0,2026,2026-160,0.458333,0.0,1.0,1.0,0.458333,0.0,0.0,0.702567,0.518184,0.864222
difficulty,0.0,2026,2026-161,0.0,0.0,0.0,0.0,0.0,1.0,0.0,0.948678,0.116103,2.917773
difficulty,0.0,2026,2026-162,0.0,0.0,1.0,1.0,0.0,0.0,0.0,0.754923,0.443391,1.128922
difficulty,0.0,2026,2026-163,0.0,0.033333,0.0,0.033333,0.033333,0.0,0.125,0.341632,0.554453,0.659529
difficulty,0.0,2026,2026-164,0.0,0.0,0.0,0.0,0.0,1.0,0.0,0.935353,0.149845,2.672952
difficulty,0.0,2026,2026-165,0.0,0.091667,0.0,0.091667,0.091667,0.0,0.166667,0.345711,0.538832,0.642401
difficulty,0.0,2026,2026-166,0.166667,0.0,1.0,1.0,0.166667,0.0,0.0,0.726734,0.457488,0.981125
difficulty,0.0,2026,2026-167,0.258333,0.0,1.0,1.0,0.258333,0.0,0.0,0.72295,0.49823,0.963989
difficulty,0.0,2026,2026-168,0.0,0.166667,0.0,0.166667,0.166667,0.0,0.05,0.352673,0.554115,0.6117
difficulty,0.0,2026,2026-169,0.0,0.0,0.091667,0.091667,0.0,0.016667,0.0,0.823043,0.337403,1.541328
difficulty,0.0,2026,2026-170,0.916667,0.133333,0.866667,1.0,0.916667,0.0,0.0,0.652139,0.536513,0.632295
difficulty,0.0,2026,2026-171,0.566667,0.0,1.0,1.0,0.566667,0.0,0.0,0.690243,0.489687,0.805487
difficulty,0.0,2026,2026-172,0.0,0.475,0.0,0.475,0.475,0.0,0.0,0.40123,0.592398,0.403199
difficulty,0.0,2026,2026-173,0.0,0.0,0.341667,0.341667,0.0,0.0,0.0,0.808549,0.387342,1.444115
difficulty,0.0,2026,2026-174,0.0,0.408333,0.0,0.408333,0.408333,0.0,0.033333,0.379992,0.6871,0.494665
difficulty,0.0,2026,2026-175,0.0,0.0,0.0,0.0,0.0,0.0,1.0,0.158083,0.201496,1.674149
difficulty,0.0,2026,2026-176,0.0,0.0,0.025,0.025,0.0,0.016667,0.0,0.825718,0.347599,1.558789
difficulty,0.0,2026,2026-177,0.375,0.941667,0.0,0.941667,0.941667,0.0,0.0,0.476538,0.648968,0.168059
difficulty,0.0,2026,2026-178,1.0,0.658333,0.341667,1.0,1.0,0.0,0.0,0.582214,0.612435,0.334294
difficulty,0.0,2026,2026-179,0.0,0.0,0.0,0.0,0.0,1.0,0.0,0.880845,0.245635,2.002556
difficulty,0.0,2026,2026-180,0.0,0.0,0.766667,0.766667,0.0,0.0,0.0,0.785446,0.400504,1.301221
difficulty,0.0,2026,2026-181,0.466667,0.0,1.0,1.0,0.466667,0.0,0.0,0.701645,0.53578,0.859951
difficulty,0.0,2026,2026-182,0.0,0.0,0.816667,0.816667,0.0,0.0,0.0,0.776097,0.414289,1.247143
difficulty,0.0,2026,2026-183,0.0,0.391667,0.0,0.391667,0.391667,0.0,0.0,0.390881,0.622385,0.447287
difficulty,0.0,2026,2026-184,0.25,0.0,1.0,1.0,0.25,0.0,0.0,0.722789,0.490635,0.96276
difficulty,0.0,2026,2026-185,0.0,0.0,0.783333,0.783333,0.0,0.0,0.0,0.780322,0.400439,1.271273
difficulty,0.0,2026,2026-186,0.208333,0.0,1.0,1.0,0.208333,0.0,0.0,0.726777,0.500741,0.983016
difficulty,0.0,2026,2026-187,0.616667,0.991667,0.008333,1.0,1.0,0.0,0.0,0.515828,0.555076,0.154303
difficulty,0.0,2026,2026-188,0.0,0.0,0.0,0.0,0.0,0.0,1.0,0.02441,0.058547,3.688656
difficulty,0.0,2026,2026-189,0.625,0.0,1.0,1.0,0.625,0.0,0.0,0.685371,0.487168,0.781916
difficulty,0.0,2026,2026-190,1.0,0.425,0.575,1.0,1.0,0.0,0.0,0.596698,0.580991,0.394186
difficulty,0.0,2026,2026-191,0.25,1.0,0.0,1.0,1.0,0.0,0.0,0.473274,0.495027,0.138388
difficulty,0.0,2026,2026-192,0.166667,0.0,1.0,1.0,0.166667,0.0,0.0,0.728343,0.464455,0.990495
difficulty,0.0,2026,2026-193,1.0,0.3,0.7,1.0,1.0,0.0,0.0,0.630487,0.606822,0.538468
difficulty,0.0,2026,2026-194,1.0,0.366667,0.633333,1.0,1.0,0.0,0.0,0.617096,0.540571,0.480381
difficulty,0.0,2026,2026-195,0.0,0.0,0.0,0.0,0.0,0.0,1.0,0.212471,0.36051,1.312719
difficulty,0.0,2026,2026-196,0.0,0.0,0.0,0.0,0.0,0.0,1.0,0.224119,0.374175,1.246149
difficulty,0.0,2026,2026-197,0.991667,0.091667,0.908333,1.0,0.991667,0.0,0.0,0.64406,0.484709,0.595911
difficulty,0.0,2026,2026-198,1.0,0.691667,0.308333,1.0,1.0,0.0,0.0,0.57975,0.575787,0.323839
difficulty,0.0,2026,2026-199,1.0,0.608333,0.391667,1.0,1.0,0.0,0.0,0.590228,0.51396,0.366812
difficulty,0.5,42,42-0,0.716667,0.025,0.975,1.0,0.716667,0.0,0.0,0.667051,0.583144,0.699887
difficulty,0.5,42,42-1,0.016667,0.208333,0.0,0.208333,0.208333,0.0,0.091667,0.367359,0.499097,0.551814
difficulty,0.5,42,42-2,0.033333,0.0,0.941667,0.941667,0.033333,0.0,0.0,0.750943,0.421808,1.11085
difficulty,0.5,42,42-3,0.0,0.0,0.758333,0.758333,0.0,0.016667,0.0,0.782054,0.395286,1.285863
difficulty,0.5,42,42-4,0.0,0.0,0.0,0.0,0.0,0.0,1.0,0.178624,0.408815,1.535335
difficulty,0.5,42,42-5,0.0,0.05,0.0,0.05,0.05,0.0,0.408333,0.314966,0.520034,0.785888
difficulty,0.5,42,42-6,0.941667,0.275,0.725,1.0,0.941667,0.0,0.0,0.63487,0.468075,0.558833
difficulty,0.5,42,42-7,0.716667,0.933333,0.066667,1.0,1.0,0.0,0.0,0.531141,0.514789,0.186635
difficulty,0.5,42,42-8,0.983333,0.525,0.475,1.0,0.983333,0.0,0.0,0.599895,0.51311,0.408102
difficulty,0.5,42,42-9,0.058333,0.533333,0.0,0.533333,0.533333,0.0,0.0,0.412821,0.617427,0.371715
difficulty,0.5,42,42-10,0.0,0.0,0.825,0.825,0.0,0.025,0.0,0.775429,0.430019,1.247514
difficulty,0.5,42,42-11,0.008333,0.0,1.0,1.0,0.008333,0.0,0.0,0.753605,0.450811,1.1229
difficulty,0.5,42,42-12,0.966667,0.3,0.7,1.0,0.966667,0.0,0.0,0.626538,0.542195,0.521514
difficulty,0.5,42,42-13,0.0,0.0,0.366667,0.366667,0.0,0.033333,0.0,0.808286,0.363761,1.444289
difficulty,0.5,42,42-14,0.491667,0.0,1.0,1.0,0.491667,0.0,0.0,0.702039,0.544722,0.86299
difficulty,0.5,42,42-15,0.016667,0.441667,0.0,0.441667,0.441667,0.0,0.0,0.3961,0.521581,0.429247
difficulty,0.5,42,42-16,0.675,0.0,1.0,1.0,0.675,0.0,0.0,0.680193,0.470219,0.759008
difficulty,0.5,42,42-17,0.008333,0.4,0.0,0.4,0.4,0.0,0.0,0.386094,0.557538,0.471535
difficulty,0.5,42,42-18,0.0,0.0,0.925,0.925,0.0,0.008333,0.0,0.770187,0.441501,1.214192
difficulty,0.5,42,42-19,1.0,0.5,0.5,1.0,1.0,0.0,0.0,0.594859,0.486805,0.386378
difficulty,0.5,42,42-20,0.925,0.7,0.3,1.0,1.0,0.0,0.0,0.5686,0.606297,0.284388
difficulty,0.5,42,42-21,0.15,0.766667,0.008333,0.775,0.775,0.0,0.0,0.450388,0.577462,0.242404
difficulty,0.5,42,42-22,0.0,0.0,0.2,0.2,0.0,0.008333,0.0,0.817727,0.357827,1.505246
difficulty,0.5,42,42-23,0.941667,0.6,0.4,1.0,0.991667,0.0,0.0,0.586824,0.643678,0.357408
difficulty,0.5,42,42-24,0.5,0.991667,0.008333,1.0,1.0,0.0,0.0,0.503108,0.511158,0.153143
difficulty,0.5,42,42-25,0.725,0.916667,0.083333,1.0,1.0,0.0,0.0,0.529144,0.549082,0.178336
difficulty,0.5,42,42-26,0.341667,0.0,0.991667,0.991667,0.341667,0.0,0.0,0.715321,0.527681,0.927976
difficulty,0.5,42,42-27,0.65,0.0,0.991667,0.991667,0.65,0.0,0.0,0.686276,0.447184,0.789032
difficulty,0.5,42,42-28,0.55,0.0,1.0,1.0,0.55,0.0,0.0,0.693207,0.478518,0.820754
difficulty,0.5,42,42-29,0.566667,0.0,1.0,1.0,0.566667,0.0,0.0,0.69441,0.528649,0.82585
difficulty,0.5,42,42-30,0.0,0.0,0.0,0.0,0.0,1.0,0.0,0.910867,0.194243,2.326715
difficulty,0.5,42,42-31,0.658333,0.941667,0.058333,1.0,1.0,0.0,0.0,0.523002,0.607616,0.187131
difficulty,0.5,42,42-32,0.516667,0.966667,0.025,0.991667,0.991667,0.0,0.0,0.500318,0.623065,0.176387
difficulty,0.5,42,42-33,0.025,0.633333,0.0,0.633333,0.633333,0.0,0.0,0.414428,0.54243,0.352415
difficulty,0.5,42,42-34,0.233333,0.0,1.0,1.0,0.233333,0.0,0.0,0.723607,0.460174,0.966329
difficulty,0.5,42,42-35,0.0,0.0,0.341667,0.341667,0.0,0.025,0.0,0.807956,0.361077,1.444032
difficulty,0.5,42,42-36,0.991667,0.633333,0.366667,1.0,0.991667,0.0,0.0,0.580167,0.600021,0.326278
difficulty,0.5,42,42-37,0.083333,0.625,0.0,0.625,0.625,0.0,0.0,0.423969,0.675313,0.325186
difficulty,0.5,42,42-38,0.075,0.641667,0.008333,0.65,0.65,0.0,0.0,0.428292,0.668964,0.313384
difficulty,0.5,42,42-39,0.108333,0.0,0.966667,0.966667,0.108333,0.008333,0.0,0.739156,0.499688,1.049512
difficulty,0.5,42,42-40,0.025,0.0,0.975,0.975,0.025,0.0,0.0,0.751315,0.443474,1.111352
difficulty,0.5,42,42-41,0.375,0.0,0.983333,0.983333,0.375,0.0,0.0,0.717266,0.507149,0.937841
difficulty,0.5,42,42-42,0.141667,0.816667,0.0,0.816667,0.816667,0.0,0.0,0.451619,0.555301,0.221832
difficulty,0.5,42,42-43,0.833333,0.125,0.875,1.0,0.833333,0.0,0.0,0.658015,0.601255,0.660816
difficulty,0.5,42,42-44,0.933333,0.291667,0.708333,1.0,0.933333,0.0,0.0,0.635484,0.582188,0.56146
difficulty,0.5,42,42-45,0.9,0.108333,0.891667,1.0,0.9,0.0,0.0,0.651122,0.547879,0.628121
difficulty,0.5,42,42-46,0.0,0.0,0.891667,0.891667,0.0,0.0,0.0,0.76984,0.419581,1.212168
difficulty,0.5,42,42-47,0.9,0.108333,0.891667,1.0,0.9,0.0,0.0,0.653061,0.512468,0.636867
difficulty,0.5,42,42-48,0.133333,0.0,0.958333,0.958333,0.133333,0.0,0.0,0.738645,0.444998,1.045176
difficulty,0.5,42,42-49,0.975,0.3,0.7,1.0,0.975,0.0,0.0,0.627354,0.642476,0.525779
difficulty,0.5,42,42-50,0.841667,0.033333,0.966667,1.0,0.841667,0.0,0.0,0.663395,0.515113,0.683092
difficulty,0.5,42,42-51,0.208333,0.0,1.0,1.0,0.208333,0.0,0.0,0.725709,0.455654,0.977452
difficulty,0.5,42,42-52,0.0,0.033333,0.0,0.033333,0.033333,0.0,0.658333,0.279419,0.488624,0.95776
difficulty,0.5,42,42-53,0.783333,0.925,0.075,1.0,1.0,0.0,0.0,0.536602,0.623711,0.192326
difficulty,0.5,42,42-54,0.608333,0.975,0.025,1.0,1.0,0.0,0.0,0.507482,0.604852,0.147765
difficulty,0.5,42,42-55,0.325,0.883333,0.0,0.883333,0.883333,0.0,0.0,0.47177,0.625158,0.193382
difficulty,0.5,42,42-56,0.825,0.916667,0.083333,1.0,1.0,0.0,0.0,0.543089,0.5506,0.201393
difficulty,0.5,42,42-57,0.0,0.0,0.0,0.0,0.0,0.6,0.0,0.853961,0.266519,1.771041
difficulty,0.5,42,42-58,0.083333,0.633333,0.0,0.633333,0.633333,0.0,0.0,0.42609,0.687457,0.315719
difficulty,0.5,42,42-59,0.0,0.0,0.783333,0.783333,0.0,0.0,0.0,0.780643,0.406062,1.274452
difficulty,0.5,42,42-60,0.0,0.0,0.0,0.0,0.0,0.0,0.991667,0.21948,0.49566,1.2776
difficulty,0.5,42,42-61,0.683333,0.916667,0.083333,1.0,1.0,0.0,0.0,0.527631,0.557081,0.178017
difficulty,0.5,42,42-62,0.916667,0.166667,0.833333,1.0,0.916667,0.0,0.0,0.644646,0.561099,0.600821
difficulty,0.5,42,42-63,0.266667,0.0,0.991667,0.991667,0.266667,0.0,0.0,0.72076,0.43915,0.954102
difficulty,0.5,42,42-64,0.058333,0.0,0.983333,0.983333,0.058333,0.0,0.0,0.742261,0.470546,1.062959
difficulty,0.5,42,42-65,0.0,0.0,0.983333,0.983333,0.0,0.008333,0.0,0.757336,0.462578,1.143436
difficulty,0.5,42,42-66,0.716667,0.941667,0.058333,1.0,0.991667,0.0,0.0,0.533388,0.621414,0.192729
difficulty,0.5,42,42-67,0.491667,0.983333,0.016667,1.0,1.0,0.0,0.0,0.498088,0.548008,0.15382
difficulty,0.5,42,42-68,0.0,0.0,0.925,0.925,0.0,0.0,0.0,0.765541,0.402703,1.1879
difficulty,0.5,42,42-69,0.933333,0.633333,0.366667,1.0,0.991667,0.0,0.0,0.573279,0.605721,0.301372
difficulty,0.5,42,42-70,0.0,0.016667,0.0,0.016667,0.016667,0.0,0.483333,0.305275,0.535184,0.828162
difficulty,0.5,42,42-71,0.008333,0.108333,0.0,0.108333,0.108333,0.0,0.225,0.346583,0.552247,0.643252
difficulty,0.5,42,42-72,0.025,0.45,0.0,0.45,0.45,0.0,0.0,0.392863,0.519454,0.44634
difficulty,0.5,42,42-73,0.375,0.0,0.983333,0.983333,0.375,0.0,0.0,0.709931,0.500592,0.901248
difficulty,0.5,42,42-74,0.916667,0.183333,0.816667,1.0,0.916667,0.0,0.0,0.639815,0.554885,0.579668
difficulty,0.5,42,42-75,0.091667,0.0,0.991667,0.991667,0.091667,0.0,0.0,0.739526,0.451605,1.048402
difficulty,0.5,42,42-76,0.691667,0.95,0.05,1.0,0.991667,0.0,0.0,0.525855,0.634106,0.192816
difficulty,0.5,42,42-77,0.9,0.216667,0.783333,1.0,0.9,0.0,0.0,0.645372,0.559334,0.603811
difficulty,0.5,42,42-78,0.191667,0.0,0.991667,0.991667,0.191667,0.0,0.0,0.72868,0.463004,0.993279
difficulty,0.5,42,42-79,0.758333,0.941667,0.058333,1.0,1.0,0.0,0.0,0.534905,0.555743,0.1917
difficulty,0.5,42,42-80,0.566667,0.0,0.991667,0.991667,0.566667,0.0,0.0,0.695178,0.461016,0.828783
difficulty,0.5,42,42-81,0.241667,0.908333,0.0,0.908333,0.908333,0.0,0.0,0.462617,0.670514,0.195703
difficulty,0.5,42,42-82,0.683333,0.966667,0.033333,1.0,1.0,0.0,0.0,0.524615,0.501649,0.165408
difficulty,0.5,42,42-83,0.7,0.95,0.05,1.0,1.0,0.0,0.0,0.525592,0.606214,0.18029
difficulty,0.5,42,42-84,0.0,0.075,0.0,0.075,0.075,0.0,0.258333,0.331638,0.532214,0.708295
difficulty,0.5,42,42-85,0.416667,0.0,1.0,1.0,0.416667,0.0,0.0,0.703867,0.529606,0.870946
difficulty,0.5,42,42-86,0.575,0.958333,0.041667,1.0,1.0,0.0,0.0,0.510655,0.63693,0.179576
difficulty,0.5,42,42-87,0.975,0.533333,0.466667,1.0,0.975,0.0,0.0,0.600721,0.470747,0.412133
difficulty,0.5,42,42-88,0.416667,0.0,0.991667,0.991667,0.416667,0.0,0.0,0.706757,0.454227,0.88617
difficulty,0.5,42,42-89,0.458333,0.0,0.983333,0.983333,0.458333,0.0,0.0,0.702701,0.538139,0.866771
difficulty,0.5,42,42-90,0.125,0.0,0.975,0.975,0.125,0.0,0.0,0.736147,0.452653,1.031466
difficulty,0.5,42,42-91,1.0,0.591667,0.408333,1.0,1.0,0.0,0.0,0.588931,0.542359,0.362033
difficulty,0.5,42,42-92,0.6,0.966667,0.033333,1.0,1.0,0.0,0.0,0.521244,0.701369,0.192054
difficulty,0.5,42,42-93,0.966667,0.566667,0.433333,1.0,0.966667,0.0,0.0,0.596258,0.624251,0.395232
difficulty,0.5,42,42-94,0.0,0.0,0.0,0.0,0.0,0.0,0.966667,0.23308,0.487946,1.200908
difficulty,0.5,42,42-95,0.0,0.025,0.0,0.025,0.025,0.0,0.708333,0.282475,0.559768,0.943313
difficulty,0.5,42,42-96,0.0,0.0,0.0,0.0,0.0,0.0,0.525,0.298605,0.614118,0.860575
difficulty,0.5,42,42-97,0.008333,0.258333,0.0,0.258333,0.258333,0.0,0.008333,0.372804,0.522099,0.525003
difficulty,0.5,42,42-98,0.608333,0.0,1.0,1.0,0.608333,0.0,0.0,0.691623,0.500979,0.813895
difficulty,0.5,42,42-99,0.008333,0.225,0.0,0.225,0.225,0.0,0.0,0.376924,0.346509,0.507297
difficulty,0.5,42,42-100,0.641667,0.933333,0.066667,1.0,0.991667,0.0,0.0,0.520254,0.543452,0.170036
difficulty,0.5,42,42-101,0.0,0.0,0.016667,0.016667,0.0,0.075,0.0,0.829337,0.371425,1.584957
difficulty,0.5,42,42-102,0.7,0.983333,0.016667,1.0,1.0,0.0,0.0,0.523058,0.510452,0.141714
difficulty,0.5,42,42-103,0.016667,0.0,0.991667,0.991667,0.016667,0.0,0.0,0.746377,0.432788,1.083971
difficulty,0.5,42,42-104,0.016667,0.266667,0.0,0.266667,0.266667,0.0,0.0,0.381943,0.440747,0.48574
difficulty,0.5,42,42-105,0.866667,0.775,0.225,1.0,0.983333,0.0,0.0,0.565023,0.537787,0.275956
difficulty,0.5,42,42-106,0.016667,0.308333,0.0,0.308333,0.308333,0.0,0.0,0.38699,0.55697,0.468036
difficulty,0.5,42,42-107,0.733333,0.875,0.125,1.0,1.0,0.0,0.0,0.539608,0.633126,0.210942
difficulty,0.5,42,42-108,0.0,0.0,0.941667,0.941667,0.0,0.0,0.0,0.764105,0.413208,1.180226
difficulty,0.5,42,42-109,0.0,0.0,0.0,0.0,0.0,0.0,0.975,0.211111,0.266643,1.324817
difficulty,0.5,42,42-110,0.533333,0.0,1.0,1.0,0.533333,0.0,0.0,0.695148,0.54582,0.829388
difficulty,0.5,42,42-111,0.891667,0.058333,0.941667,1.0,0.891667,0.0,0.0,0.656953,0.541733,0.653885
difficulty,0.5,42,42-112,0.333333,0.933333,0.0,0.933333,0.933333,0.0,0.0,0.475385,0.607274,0.165456
difficulty,0.5,42,42-113,0.0,0.016667,0.0,0.016667,0.016667,0.0,0.741667,0.274893,0.508756,0.97863
difficulty,0.5,42,42-114,0.975,0.241667,0.758333,1.0,0.975,0.0,0.0,0.632624,0.653354,0.547863
difficulty,0.5,42,42-115,0.466667,0.991667,0.0,0.991667,0.991667,0.0,0.0,0.48839,0.657194,0.173178
difficulty,0.5,42,42-116,0.85,0.125,0.875,1.0,0.85,0.0,0.0,0.659107,0.558789,0.665403
difficulty,0.5,42,42-117,0.941667,0.3,0.7,1.0,0.941667,0.0,0.0,0.623042,0.620132,0.508562
difficulty,0.5,42,42-118,0.0,0.0,0.0,0.0,0.0,0.858333,0.0,0.863039,0.282074,1.844781
difficulty,0.5,42,42-119,0.825,0.8,0.2,1.0,1.0,0.0,0.0,0.55807,0.617848,0.26012
difficulty,0.5,42,42-120,0.008333,0.391667,0.0,0.391667,0.391667,0.0,0.041667,0.381236,0.546623,0.491932
difficulty,0.5,42,42-121,0.925,0.158333,0.841667,1.0,0.925,0.0,0.0,0.649893,0.58847,0.624503
difficulty,0.5,42,42-122,0.875,0.1,0.9,1.0,0.875,0.0,0.0,0.655099,0.523866,0.647989
difficulty,0.5,42,42-123,0.0,0.0,0.0,0.0,0.0,0.175,0.0,0.83463,0.333059,1.62259
difficulty,0.5,42,42-124,0.0,0.0,0.95,0.95,0.0,0.025,0.0,0.76447,0.427527,1.184822
difficulty,0.5,42,42-125,0.65,0.0,1.0,1.0,0.65,0.0,0.0,0.682121,0.550094,0.76999
difficulty,0.5,42,42-126,0.0,0.0,0.0,0.0,0.0,0.433333,0.0,0.848773,0.30543,1.730082
difficulty,0.5,42,42-127,0.008333,0.141667,0.0,0.141667,0.141667,0.0,0.233333,0.339496,0.580379,0.674473
difficulty,0.5,42,42-128,0.258333,0.841667,0.008333,0.85,0.85,0.0,0.0,0.461042,0.571715,0.233075
difficulty,0.5,42,42-129,0.025,0.425,0.0,0.425,0.425,0.0,0.0,0.391413,0.539529,0.454781
difficulty,0.5,42,42-130,0.65,0.966667,0.033333,1.0,1.0,0.0,0.0,0.521389,0.570288,0.173356
difficulty,0.5,42,42-131,0.0,0.033333,0.0,0.033333,0.033333,0.0,0.675,0.284486,0.373389,0.930903
difficulty,0.5,42,42-132,0.191667,0.0,0.991667,0.991667,0.191667,0.0,0.0,0.732154,0.490899,1.011632
difficulty,0.5,42,42-133,0.875,0.85,0.15,1.0,0.983333,0.0,0.0,0.559289,0.562615,0.253724
difficulty,0.5,42,42-134,0.0,0.0,0.0,0.0,0.0,0.0,0.925,0.258239,0.432844,1.060861
difficulty,0.5,42,42-135,0.016667,0.208333,0.0,0.208333,0.208333,0.0,0.058333,0.370987,0.580092,0.536547
difficulty,0.5,42,42-136,0.7,0.0,1.0,1.0,0.7,0.0,0.0,0.67478,0.532631,0.735422
difficulty,0.5,42,42-137,0.0,0.0,0.891667,0.891667,0.0,0.0,0.0,0.765819,0.429188,1.19192
difficulty,0.5,42,42-138,0.0,0.0,0.0,0.0,0.0,1.0,0.0,0.899015,0.226119,2.189249
difficulty,0.5,42,42-139,0.0,0.0,0.0,0.0,0.0,1.0,0.0,0.95442,0.101825,3.042751
difficulty,0.5,42,42-140,0.541667,0.0,0.991667,0.991667,0.541667,0.0,0.0,0.694202,0.524254,0.825619
difficulty,0.5,42,42-141,0.0,0.141667,0.0,0.141667,0.141667,0.0,0.033333,0.360107,0.434503,0.578406
difficulty,0.5,42,42-142,0.0,0.0,0.0,0.0,0.0,0.0,1.0,0.148369,0.289348,1.755697
difficulty,0.5,42,42-143,0.85,0.05,0.95,1.0,0.85,0.0,0.0,0.659247,0.484972,0.66419
difficulty,0.5,42,42-144,0.025,0.516667,0.0,0.516667,0.516667,0.0,0.0,0.409621,0.565869,0.371811
difficulty,0.5,42,42-145,0.641667,0.908333,0.091667,1.0,1.0,0.0,0.0,0.521973,0.623753,0.196714
difficulty,0.5,42,42-146,0.366667,0.9,0.033333,0.933333,0.933333,0.0,0.0,0.475433,0.634168,0.190848
difficulty,0.5,42,42-147,0.966667,0.65,0.35,1.0,0.975,0.0,0.0,0.583108,0.592157,0.339686
difficulty,0.5,42,42-148,0.0,0.0,0.475,0.475,0.0,0.008333,0.0,0.799464,0.363747,1.388574
difficulty,0.5,42,42-149,0.908333,0.158333,0.841667,1.0,0.908333,0.0,0.0,0.644822,0.524315,0.600476
difficulty,0.5,42,42-150,0.95,0.708333,0.291667,1.0,0.991667,0.0,0.0,0.572384,0.530641,0.297881
difficulty,0.5,42,42-151,0.0,0.15,0.0,0.15,0.15,0.0,0.075,0.358066,0.493159,0.587554
difficulty,0.5,42,42-152,0.0,0.0,0.0,0.0,0.0,0.0,0.966667,0.22423,0.432789,1.249167
difficulty,0.5,42,42-153,0.45,1.0,0.0,1.0,1.0,0.0,0.0,0.498901,0.625144,0.162368
difficulty,0.5,42,42-154,0.991667,0.475,0.525,1.0,0.991667,0.0,0.0,0.595263,0.606083,0.389832
difficulty,0.5,42,42-155,0.0,0.0,0.0,0.0,0.0,1.0,0.0,0.879075,0.243897,1.987041
difficulty,0.5,42,42-156,0.958333,0.3,0.7,1.0,0.958333,0.0,0.0,0.632632,0.592411,0.548398
difficulty,0.5,42,42-157,0.0,0.0,0.641667,0.641667,0.0,0.008333,0.0,0.789446,0.415679,1.329283
difficulty,0.5,42,42-158,0.45,1.0,0.0,1.0,1.0,0.0,0.0,0.494484,0.578429,0.138085
difficulty,0.5,42,42-159,0.008333,0.083333,0.0,0.083333,0.083333,0.0,0.191667,0.340362,0.602801,0.669753
difficulty,0.5,42,42-160,0.008333,0.35,0.0,0.35,0.35,0.0,0.016667,0.382502,0.526046,0.486415
difficulty,0.5,42,42-161,0.15,0.75,0.0,0.75,0.75,0.0,0.0,0.441408,0.582944,0.265292
difficulty,0.5,42,42-162,0.0,0.0,0.0,0.0,0.0,1.0,0.0,0.908897,0.202866,2.30264
difficulty,0.5,42,42-163,0.075,0.625,0.0,0.625,0.625,0.0,0.0,0.423582,0.623211,0.328114
difficulty,0.5,42,42-164,0.0,0.0,0.916667,0.916667,0.0,0.008333,0.0,0.76585,0.441398,1.191546
difficulty,0.5,42,42-165,0.008333,0.408333,0.0,0.408333,0.408333,0.0,0.0,0.390826,0.512616,0.447325
difficulty,0.5,42,42-166,0.0,0.0,0.841667,0.841667,0.0,0.0,0.0,0.776893,0.392113,1.252607
difficulty,0.5,42,42-167,0.641667,0.0,0.983333,0.983333,0.641667,0.0,0.0,0.686102,0.507335,0.788795
difficulty,0.5,42,42-168,0.95,0.641667,0.358333,1.0,0.991667,0.0,0.0,0.577116,0.545449,0.317308
difficulty,0.5,42,42-169,1.0,0.516667,0.483333,1.0,1.0,0.0,0.0,0.597211,0.575851,0.396835
difficulty,0.5,42,42-170,0.175,0.875,0.0,0.875,0.875,0.0,0.0,0.457099,0.570413,0.199644
difficulty,0.5,42,42-171,0.475,0.0,1.0,1.0,0.475,0.0,0.0,0.699272,0.5551,0.851013
difficulty,0.5,42,42-172,0.45,0.95,0.05,1.0,1.0,0.0,0.0,0.498703,0.582157,0.179035
difficulty,0.5,42,42-173,0.0,0.058333,0.0,0.058333,0.058333,0.0,0.3,0.322756,0.549102,0.74781
difficulty,0.5,42,42-174,0.0,0.025,0.0,0.025,0.025,0.0,0.458333,0.309193,0.561319,0.809676
difficulty,0.5,42,42-175,0.925,0.175,0.825,1.0,0.925,0.0,0.0,0.640621,0.521582,0.582532
difficulty,0.5,42,42-176,0.0,0.0,0.0,0.0,0.0,0.75,0.0,0.860078,0.290655,1.82033
difficulty,0.5,42,42-177,0.983333,0.216667,0.783333,1.0,0.983333,0.0,0.0,0.639065,0.545879,0.574994
difficulty,0.5,42,42-178,0.991667,0.675,0.325,1.0,0.991667,0.0,0.0,0.582708,0.536812,0.336643
difficulty,0.5,42,42-179,0.766667,0.041667,0.941667,0.983333,0.766667,0.0,0.0,0.672174,0.521319,0.725384
difficulty,0.5,42,42-180,0.0,0.0,0.025,0.025,0.0,0.075,0.0,0.828516,0.339704,1.578934
difficulty,0.5,42,42-181,0.966667,0.066667,0.933333,1.0,0.966667,0.0,0.0,0.641733,0.526464,0.585472
difficulty,0.5,42,42-182,0.65,0.966667,0.033333,1.0,1.0,0.0,0.0,0.518868,0.606245,0.172948
difficulty,0.5,42,42-183,0.0,0.0,0.425,0.425,0.0,0.008333,0.0,0.80333,0.374572,1.411613
difficulty,0.5,42,42-184,0.541667,0.0,1.0,1.0,0.541667,0.0,0.0,0.691785,0.509089,0.813358
difficulty,0.5,42,42-185,0.0,0.0,0.0,0.0,0.0,0.666667,0.0,0.855385,0.311625,1.780465
difficulty,0.5,42,42-186,0.975,0.158333,0.841667,1.0,0.975,0.0,0.0,0.643517,0.536043,0.593812
difficulty,0.5,42,42-187,0.0,0.033333,0.0,0.033333,0.033333,0.0,0.408333,0.316941,0.524525,0.774034
difficulty,0.5,42,42-188,0.0,0.016667,0.0,0.016667,0.016667,0.0,0.675,0.289153,0.47253,0.906948
difficulty,0.5,42,42-189,0.0,0.0,0.0,0.0,0.0,0.966667,0.0,0.868661,0.273469,1.892825
difficulty,0.5,42,42-190,0.0,0.0,0.0,0.0,0.0,1.0,0.0,0.875146,0.269385,1.950676
difficulty,0.5,42,42-191,0.933333,0.791667,0.208333,1.0,1.0,0.0,0.0,0.567113,0.499778,0.276219
difficulty,0.5,42,42-192,0.666667,0.933333,0.066667,1.0,1.0,0.0,0.0,0.526339,0.691913,0.193302
difficulty,0.5,42,42-193,0.0,0.0,0.0,0.0,0.0,0.408333,0.0,0.846475,0.333698,1.710455
difficulty,0.5,42,42-194,0.016667,0.108333,0.0,0.108333,0.108333,0.0,0.25,0.338885,0.464918,0.677582
difficulty,0.5,42,42-195,0.008333,0.25,0.0,0.25,0.25,0.0,0.0,0.377579,0.403788,0.502641
difficulty,0.5,42,42-196,0.183333,0.0,1.0,1.0,0.183333,0.0,0.0,0.731983,0.471969,1.009561
difficulty,0.5,42,42-197,0.65,0.966667,0.033333,1.0,1.0,0.0,0.0,0.521041,0.551311,0.172008
difficulty,0.5,42,42-198,1.0,0.441667,0.558333,1.0,1.0,0.0,0.0,0.604529,0.587113,0.427749
difficulty,0.5,42,42-199,0.958333,0.7,0.3,1.0,1.0,0.0,0.0,0.570694,0.562879,0.288875
difficulty,0.5,137,137-0,0.041667,0.633333,0.0,0.633333,0.633333,0.0,0.0,0.414863,0.577958,0.35618
difficulty,0.5,137,137-1,0.125,0.733333,0.008333,0.741667,0.741667,0.0,0.0,0.439146,0.58674,0.274025
difficulty,0.5,137,137-2,0.216667,0.916667,0.0,0.916667,0.916667,0.0,0.0,0.465101,0.572443,0.19042
difficulty,0.5,137,137-3,0.983333,0.325,0.675,1.0,0.983333,0.0,0.0,0.616477,0.570805,0.478527
difficulty,0.5,137,137-4,0.408333,0.916667,0.008333,0.925,0.925,0.0,0.0,0.481017,0.571875,0.178426
difficulty,0.5,137,137-5,0.0,0.125,0.0,0.125,0.125,0.0,0.025,0.358156,0.378184,0.586274
difficulty,0.5,137,137-6,0.9,0.091667,0.908333,1.0,0.9,0.0,0.0,0.652711,0.531097,0.635508
difficulty,0.5,137,137-7,0.175,0.816667,0.016667,0.833333,0.833333,0.0,0.0,0.458942,0.61934,0.218494
difficulty,0.5,137,137-8,0.0,0.0,0.0,0.0,0.0,0.0,1.0,0.176907,0.442576,1.545366
difficulty,0.5,137,137-9,0.0,0.0,0.0,0.0,0.0,1.0,0.0,0.896284,0.225143,2.158216
difficulty,0.5,137,137-10,0.0,0.0,0.0,0.0,0.0,0.916667,0.0,0.866219,0.261216,1.872113
difficulty,0.5,137,137-11,0.008333,0.308333,0.0,0.308333,0.308333,0.0,0.058333,0.372766,0.705768,0.526887
difficulty,0.5,137,137-12,0.708333,0.875,0.125,1.0,1.0,0.0,0.0,0.536378,0.640084,0.207495
difficulty,0.5,137,137-13,1.0,0.566667,0.433333,1.0,1.0,0.0,0.0,0.592663,0.501269,0.37869
difficulty,0.5,137,137-14,0.0,0.0,0.725,0.725,0.0,0.0,0.0,0.78503,0.418716,1.301284
difficulty,0.5,137,137-15,0.0,0.0,0.0,0.0,0.0,0.0,1.0,0.100262,0.324754,2.207514
difficulty,0.5,137,137-16,0.066667,0.6,0.0,0.6,0.6,0.0,0.0,0.422463,0.659591,0.338132
difficulty,0.5,137,137-17,0.883333,0.125,0.875,1.0,0.883333,0.0,0.0,0.649298,0.59403,0.62112
difficulty,0.5,137,137-18,0.0,0.0,0.0,0.0,0.0,0.0,0.991667,0.192317,0.365513,1.440937
difficulty,0.5,137,137-19,0.358333,0.875,0.016667,0.891667,0.891667,0.0,0.0,0.479452,0.714653,0.218951
difficulty,0.5,137,137-20,0.791667,0.875,0.125,1.0,1.0,0.0,0.0,0.541245,0.654882,0.208784
difficulty,0.5,137,137-21,0.583333,0.95,0.05,1.0,1.0,0.0,0.0,0.510044,0.552458,0.176848
difficulty,0.5,137,137-22,0.0,0.208333,0.0,0.208333,0.208333,0.0,0.075,0.366061,0.532518,0.554293
difficulty,0.5,137,137-23,0.0,0.0,0.558333,0.558333,0.0,0.025,0.0,0.794231,0.380486,1.356139
difficulty,0.5,137,137-24,0.4,0.916667,0.008333,0.925,0.925,0.0,0.0,0.476094,0.681381,0.209078
difficulty,0.5,137,137-25,0.0,0.0,0.966667,0.966667,0.0,0.0,0.0,0.752992,0.372805,1.119384
difficulty,0.5,137,137-26,0.683333,0.933333,0.066667,1.0,1.0,0.0,0.0,0.53041,0.655859,0.206073
difficulty,0.5,137,137-27,0.891667,0.208333,0.791667,1.0,0.891667,0.0,0.0,0.64321,0.546602,0.595039
difficulty,0.5,137,137-28,0.458333,0.975,0.025,1.0,1.0,0.0,0.0,0.498838,0.49313,0.141134
difficulty,0.5,137,137-29,0.0,0.0,0.566667,0.566667,0.0,0.016667,0.0,0.792539,0.355393,1.346964
difficulty,0.5,137,137-30,0.683333,0.033333,0.958333,0.991667,0.683333,0.0,0.0,0.677882,0.559854,0.751846
difficulty,0.5,137,137-31,0.033333,0.3,0.0,0.3,0.3,0.0,0.0,0.387401,0.527138,0.470671
difficulty,0.5,137,137-32,0.075,0.0,0.966667,0.966667,0.075,0.0,0.0,0.747432,0.488248,1.092083
difficulty,0.5,137,137-33,0.0,0.0,0.0,0.0,0.0,1.0,0.0,0.942309,0.129068,2.794845
difficulty,0.5,137,137-34,0.0,0.0,0.0,0.0,0.0,0.0,0.991667,0.216397,0.418228,1.29593
difficulty,0.5,137,137-35,0.991667,0.5,0.5,1.0,0.991667,0.0,0.0,0.59366,0.579642,0.382315
difficulty,0.5,137,137-36,0.95,0.308333,0.691667,1.0,0.95,0.0,0.0,0.621201,0.612636,0.499993
difficulty,0.5,137,137-37,0.933333,0.808333,0.191667,1.0,1.0,0.0,0.0,0.559729,0.533402,0.249815
difficulty,0.5,137,137-38,0.0,0.0,0.791667,0.791667,0.0,0.0,0.0,0.775452,0.439831,1.245491
difficulty,0.5,137,137-39,0.916667,0.841667,0.158333,1.0,1.0,0.0,0.0,0.560679,0.554317,0.251425
difficulty,0.5,137,137-40,0.0,0.0,0.975,0.975,0.0,0.0,0.0,0.761962,0.401496,1.167167
difficulty,0.5,137,137-41,0.166667,0.0,0.983333,0.983333,0.166667,0.0,0.0,0.732799,0.490734,1.014849
difficulty,0.5,137,137-42,0.0,0.308333,0.0,0.308333,0.308333,0.0,0.008333,0.374559,0.545224,0.51695
difficulty,0.5,137,137-43,0.008333,0.066667,0.0,0.066667,0.066667,0.0,0.1,0.348579,0.539723,0.630141
difficulty,0.5,137,137-44,0.0,0.0,0.0,0.0,0.0,1.0,0.0,0.881354,0.256109,2.009263
difficulty,0.5,137,137-45,0.9,0.708333,0.291667,1.0,1.0,0.0,0.0,0.569175,0.615816,0.287322
difficulty,0.5,137,137-46,0.891667,0.191667,0.808333,1.0,0.891667,0.0,0.0,0.638217,0.551923,0.573759
difficulty,0.5,137,137-47,0.0,0.0,0.0,0.0,0.0,0.708333,0.0,0.856961,0.302666,1.794372
difficulty,0.5,137,137-48,0.133333,0.0,0.975,0.975,0.133333,0.0,0.0,0.738459,0.522556,1.044527
difficulty,0.5,137,137-49,0.325,0.908333,0.008333,0.916667,0.916667,0.0,0.0,0.47255,0.663921,0.195261
difficulty,0.5,137,137-50,0.75,0.916667,0.083333,1.0,1.0,0.0,0.0,0.532641,0.562776,0.177484
difficulty,0.5,137,137-51,0.0,0.0,0.525,0.525,0.0,0.025,0.0,0.799947,0.375766,1.393019
difficulty,0.5,137,137-52,0.0,0.0,0.008333,0.008333,0.0,0.166667,0.0,0.836652,0.326439,1.63834
difficulty,0.5,137,137-53,0.775,0.891667,0.108333,1.0,1.0,0.0,0.0,0.545665,0.627371,0.228417
difficulty,0.5,137,137-54,0.0,0.0,0.008333,0.008333,0.0,0.058333,0.0,0.831572,0.348296,1.599853
difficulty,0.5,137,137-55,0.6,0.941667,0.058333,1.0,1.0,0.0,0.0,0.515783,0.637038,0.168521
difficulty,0.5,137,137-56,0.858333,0.133333,0.85,0.983333,0.858333,0.0,0.0,0.651928,0.600495,0.63437
difficulty,0.5,137,137-57,0.0,0.025,0.0,0.025,0.025,0.0,0.491667,0.305354,0.377378,0.827281
difficulty,0.5,137,137-58,0.866667,0.758333,0.241667,1.0,1.0,0.0,0.0,0.559993,0.575295,0.260568
difficulty,0.5,137,137-59,0.441667,0.0,1.0,1.0,0.441667,0.0,0.0,0.706216,0.519892,0.88352
difficulty,0.5,137,137-60,0.725,0.0,1.0,1.0,0.725,0.0,0.0,0.682138,0.495815,0.768348
difficulty,0.5,137,137-61,0.025,0.0,0.991667,0.991667,0.025,0.0,0.0,0.748228,0.428654,1.094131
difficulty,0.5,137,137-62,0.225,0.733333,0.025,0.758333,0.758333,0.0,0.0,0.454037,0.707994,0.267181
difficulty,0.5,137,137-63,0.85,0.716667,0.283333,1.0,0.983333,0.0,0.0,0.56558,0.564219,0.28006
difficulty,0.5,137,137-64,0.991667,0.591667,0.408333,1.0,0.991667,0.0,0.0,0.590477,0.555336,0.369665
difficulty,0.5,137,137-65,0.0,0.0,0.0,0.0,0.0,0.975,0.0,0.873319,0.261963,1.93443
difficulty,0.5,137,137-66,0.008333,0.058333,0.0,0.058333,0.058333,0.0,0.408333,0.322911,0.631865,0.74874
difficulty,0.5,137,137-67,0.766667,0.858333,0.141667,1.0,1.0,0.0,0.0,0.541984,0.53182,0.20517
difficulty,0.5,137,137-68,0.991667,0.65,0.35,1.0,1.0,0.0,0.0,0.581769,0.557948,0.333144
difficulty,0.5,137,137-69,0.0,0.0,0.0,0.0,0.0,1.0,0.0,0.961923,0.08983,3.230058
difficulty,0.5,137,137-70,0.266667,0.0,0.991667,0.991667,0.266667,0.0,0.0,0.730292,0.519966,1.003467
difficulty,0.5,137,137-71,0.991667,0.558333,0.441667,1.0,0.991667,0.0,0.0,0.592136,0.551547,0.375947
difficulty,0.5,137,137-72,0.975,0.433333,0.566667,1.0,0.975,0.0,0.0,0.61597,0.52741,0.476564
difficulty,0.5,137,137-73,0.0,0.0,0.0,0.0,0.0,0.0,0.916667,0.239869,0.479599,1.162499
difficulty,0.5,137,137-74,0.958333,0.283333,0.716667,1.0,0.958333,0.0,0.0,0.628749,0.500751,0.531658
difficulty,0.5,137,137-75,0.0,0.0,0.05,0.05,0.0,0.05,0.0,0.827584,0.361601,1.573491
difficulty,0.5,137,137-76,0.916667,0.825,0.175,1.0,1.0,0.0,0.0,0.561278,0.543581,0.254569
difficulty,0.5,137,137-77,0.516667,0.975,0.025,1.0,1.0,0.0,0.0,0.504373,0.5866,0.162676
difficulty,0.5,137,137-78,0.741667,0.916667,0.083333,1.0,1.0,0.0,0.0,0.536068,0.599156,0.196803
difficulty,0.5,137,137-79,0.0,0.0,0.891667,0.891667,0.0,0.008333,0.0,0.763853,0.426607,1.181393
difficulty,0.5,137,137-80,0.216667,0.0,0.983333,0.983333,0.216667,0.0,0.0,0.729358,0.487101,0.997201
difficulty,0.5,137,137-81,0.0,0.0,0.333333,0.333333,0.0,0.008333,0.0,0.806135,0.388923,1.429657
difficulty,0.5,137,137-82,0.95,0.175,0.825,1.0,0.95,0.0,0.0,0.646949,0.483213,0.609346
difficulty,0.5,137,137-83,0.025,0.0,0.991667,0.991667,0.025,0.0,0.0,0.749826,0.483446,1.103187
difficulty,0.5,137,137-84,0.025,0.466667,0.0,0.466667,0.466667,0.0,0.0,0.400309,0.513351,0.417654
difficulty,0.5,137,137-85,0.883333,0.166667,0.833333,1.0,0.883333,0.0,0.0,0.642813,0.583097,0.594459
difficulty,0.5,137,137-86,0.016667,0.183333,0.0,0.183333,0.183333,0.0,0.133333,0.354539,0.579368,0.606415
difficulty,0.5,137,137-87,0.216667,0.866667,0.008333,0.875,0.875,0.0,0.0,0.461566,0.637424,0.212519
difficulty,0.5,137,137-88,0.041667,0.633333,0.0,0.633333,0.633333,0.0,0.0,0.417049,0.650131,0.349205
difficulty,0.5,137,137-89,0.975,0.666667,0.333333,1.0,0.983333,0.0,0.0,0.57995,0.582476,0.326085
difficulty,0.5,137,137-90,0.0,0.0,0.491667,0.491667,0.0,0.025,0.0,0.800559,0.366472,1.39552
difficulty,0.5,137,137-91,0.608333,0.0,1.0,1.0,0.608333,0.0,0.0,0.691126,0.51836,0.808958
difficulty,0.5,137,137-92,0.0,0.133333,0.0,0.133333,0.133333,0.0,0.158333,0.353641,0.628925,0.609343
difficulty,0.5,137,137-93,0.241667,0.0,1.0,1.0,0.241667,0.0,0.0,0.725512,0.511058,0.977229
difficulty,0.5,137,137-94,0.0,0.0,0.0,0.0,0.0,1.0,0.0,0.914754,0.187316,2.375303
difficulty,0.5,137,137-95,0.0,0.0,0.008333,0.008333,0.0,0.166667,0.0,0.833836,0.329614,1.618929
difficulty,0.5,137,137-96,0.041667,0.0,0.991667,0.991667,0.041667,0.0,0.0,0.744316,0.478869,1.072938
difficulty,0.5,137,137-97,0.0,0.0,0.25,0.25,0.0,0.025,0.0,0.81607,0.370755,1.49453
difficulty,0.5,137,137-98,0.0,0.0,0.158333,0.158333,0.0,0.058333,0.0,0.820593,0.340963,1.526302
difficulty,0.5,137,137-99,0.683333,0.0,0.991667,0.991667,0.683333,0.0,0.0,0.68005,0.442094,0.759375
difficulty,0.5,137,137-100,0.741667,0.833333,0.166667,1.0,1.0,0.0,0.0,0.542356,0.617053,0.21256
difficulty,0.5,137,137-101,0.0,0.0,0.0,0.0,0.0,1.0,0.0,0.90703,0.198417,2.279789
difficulty,0.5,137,137-102,0.65,0.0,1.0,1.0,0.65,0.0,0.0,0.68195,0.544349,0.768557
difficulty,0.5,137,137-103,0.0,0.0,0.058333,0.058333,0.0,0.0,0.0,0.826311,0.34185,1.562865
difficulty,0.5,137,137-104,0.958333,0.458333,0.541667,1.0,0.958333,0.0,0.0,0.608559,0.543567,0.446109
difficulty,0.5,137,137-105,0.0,0.0,0.0,0.0,0.0,1.0,0.0,0.911855,0.19169,2.339
difficulty,0.5,137,137-106,0.0,0.0,0.0,0.0,0.0,0.0,1.0,0.065328,0.074993,2.667209
difficulty,0.5,137,137-107,0.9,0.908333,0.091667,1.0,1.0,0.0,0.0,0.553266,0.574758,0.231292
difficulty,0.5,137,137-108,0.0,0.0,0.0,0.0,0.0,0.0,1.0,0.065269,0.093559,2.668331
difficulty,0.5,137,137-109,0.0,0.0,0.0,0.0,0.0,1.0,0.0,0.872163,0.255461,1.923598
difficulty,0.5,137,137-110,0.333333,0.941667,0.016667,0.958333,0.958333,0.0,0.0,0.48146,0.708599,0.189774
difficulty,0.5,137,137-111,0.0,0.0,0.091667,0.091667,0.0,0.066667,0.0,0.823649,0.365191,1.546589
difficulty,0.5,137,137-112,0.541667,0.958333,0.041667,1.0,1.0,0.0,0.0,0.510288,0.576121,0.190914
difficulty,0.5,137,137-113,0.233333,0.841667,0.008333,0.85,0.85,0.0,0.0,0.459226,0.568381,0.210266
difficulty,0.5,137,137-114,0.625,0.933333,0.066667,1.0,1.0,0.0,0.0,0.520992,0.585814,0.178371
difficulty,0.5,137,137-115,0.8,0.866667,0.133333,1.0,0.991667,0.0,0.0,0.54833,0.565971,0.216229
difficulty,0.5,137,137-116,0.0,0.0,0.075,0.075,0.0,0.025,0.0,0.822998,0.349714,1.540603
difficulty,0.5,137,137-117,0.258333,0.833333,0.0,0.833333,0.833333,0.0,0.0,0.459299,0.632207,0.220055
difficulty,0.5,137,137-118,0.0,0.0,0.0,0.0,0.0,0.0,1.0,0.190532,0.291752,1.454484
difficulty,0.5,137,137-119,0.775,0.875,0.125,1.0,1.0,0.0,0.0,0.542195,0.600161,0.222201
difficulty,0.5,137,137-120,0.0,0.0,0.0,0.0,0.0,1.0,0.0,0.893744,0.231702,2.131834
difficulty,0.5,137,137-121,0.0,0.0,0.0,0.0,0.0,1.0,0.0,0.916695,0.185066,2.401467
difficulty,0.5,137,137-122,0.975,0.275,0.725,1.0,0.975,0.0,0.0,0.631749,0.511807,0.543644
difficulty,0.5,137,137-123,0.0,0.016667,0.0,0.016667,0.016667,0.0,0.583333,0.302357,0.397777,0.841965
difficulty,0.5,137,137-124,0.0,0.0,0.0,0.0,0.0,0.0,0.95,0.243818,0.390482,1.139845
difficulty,0.5,137,137-125,0.991667,0.225,0.775,1.0,0.991667,0.0,0.0,0.623147,0.524045,0.505398
difficulty,0.5,137,137-126,0.908333,0.083333,0.916667,1.0,0.908333,0.0,0.0,0.655127,0.506327,0.645788
difficulty,0.5,137,137-127,0.033333,0.491667,0.0,0.491667,0.491667,0.0,0.0,0.402362,0.596589,0.407674
difficulty,0.5,137,137-128,0.975,0.75,0.25,1.0,1.0,0.0,0.0,0.571208,0.604602,0.290706
difficulty,0.5,137,137-129,0.0,0.0,0.641667,0.641667,0.0,0.008333,0.0,0.788794,0.413364,1.324496
difficulty,0.5,137,137-130,0.966667,0.716667,0.283333,1.0,0.975,0.0,0.0,0.575549,0.530137,0.309177
difficulty,0.5,137,137-131,0.75,0.858333,0.141667,1.0,1.0,0.0,0.0,0.542624,0.573671,0.212114
difficulty,0.5,137,137-132,0.283333,0.0,0.983333,0.983333,0.283333,0.0,0.0,0.722326,0.450283,0.961495
difficulty,0.5,137,137-133,0.008333,0.041667,0.0,0.041667,0.041667,0.0,0.216667,0.335638,0.519356,0.688675
difficulty,0.5,137,137-134,0.875,0.216667,0.783333,1.0,0.875,0.0,0.0,0.643701,0.541289,0.598828
difficulty,0.5,137,137-135,0.658333,0.0,1.0,1.0,0.658333,0.0,0.0,0.677945,0.535392,0.749381
difficulty,0.5,137,137-136,0.983333,0.408333,0.591667,1.0,0.983333,0.0,0.0,0.611655,0.575672,0.458333
difficulty,0.5,137,137-137,0.766667,0.9,0.1,1.0,0.991667,0.0,0.0,0.537856,0.436314,0.184075
difficulty,0.5,137,137-138,0.958333,0.458333,0.541667,1.0,0.958333,0.0,0.0,0.606392,0.536105,0.437753
difficulty,0.5,137,137-139,0.0,0.0,0.483333,0.483333,0.0,0.041667,0.0,0.803161,0.368939,1.412451
difficulty,0.5,137,137-140,0.0,0.0,0.0,0.0,0.0,0.0,1.0,0.120222,0.229377,2.002245
difficulty,0.5,137,137-141,0.0,0.0,0.741667,0.741667,0.0,0.008333,0.0,0.783897,0.398111,1.294573
difficulty,0.5,137,137-142,0.966667,0.508333,0.491667,1.0,0.975,0.0,0.0,0.59896,0.532994,0.405784
difficulty,0.5,137,137-143,0.291667,0.933333,0.0,0.933333,0.933333,0.0,0.0,0.467303,0.505511,0.188023
difficulty,0.5,137,137-144,0.908333,0.133333,0.866667,1.0,0.908333,0.0,0.0,0.651918,0.554025,0.632197
difficulty,0.5,137,137-145,0.266667,0.0,0.991667,0.991667,0.266667,0.0,0.0,0.722731,0.444845,0.9626
difficulty,0.5,137,137-146,0.0,0.0,0.775,0.775,0.0,0.008333,0.0,0.778586,0.436039,1.26377
difficulty,0.5,137,137-147,0.541667,0.975,0.025,1.0,1.0,0.0,0.0,0.511737,0.557322,0.167872
difficulty,0.5,137,137-148,0.1,0.691667,0.0,0.691667,0.691667,0.0,0.0,0.428789,0.580943,0.301415
difficulty,0.5,137,137-149,0.958333,0.333333,0.666667,1.0,0.958333,0.0,0.0,0.622776,0.592239,0.505171
difficulty,0.5,137,137-150,0.008333,0.133333,0.0,0.133333,0.133333,0.0,0.075,0.357456,0.480022,0.591032
difficulty,0.5,137,137-151,0.0,0.0,0.0,0.0,0.0,1.0,0.0,0.873125,0.250424,1.9329
difficulty,0.5,137,137-152,0.0,0.0,0.0,0.0,0.0,1.0,0.0,0.978397,0.050539,3.813732
difficulty,0.5,137,137-153,0.041667,0.516667,0.0,0.516667,0.516667,0.0,0.0,0.399997,0.541083,0.413804
difficulty,0.5,137,137-154,0.0,0.0,0.0,0.0,0.0,1.0,0.0,0.872855,0.24288,1.928644
difficulty,0.5,137,137-155,0.1,0.0,0.958333,0.958333,0.1,0.0,0.0,0.743285,0.450584,1.068958
difficulty,0.5,137,137-156,0.983333,0.508333,0.491667,1.0,0.983333,0.0,0.0,0.600902,0.574516,0.41333
difficulty,0.5,137,137-157,0.0,0.0,0.758333,0.758333,0.0,0.008333,0.0,0.782366,0.411337,1.285539
difficulty,0.5,137,137-158,0.0,0.0,0.683333,0.683333,0.0,0.0,0.0,0.784481,0.412779,1.297487
difficulty,0.5,137,137-159,0.75,0.0,1.0,1.0,0.75,0.0,0.0,0.679371,0.498815,0.755389
difficulty,0.5,137,137-160,0.433333,0.908333,0.025,0.933333,0.933333,0.0,0.0,0.485365,0.74314,0.195425
difficulty,0.5,137,137-161,0.933333,0.158333,0.841667,1.0,0.933333,0.0,0.0,0.647804,0.571581,0.613943
difficulty,0.5,137,137-162,0.0,0.116667,0.0,0.116667,0.116667,0.0,0.125,0.348181,0.488446,0.632195
difficulty,0.5,137,137-163,0.133333,0.0,0.991667,0.991667,0.133333,0.0,0.0,0.735738,0.487914,1.029384
difficulty,0.5,137,137-164,0.775,0.816667,0.183333,1.0,0.991667,0.0,0.0,0.549503,0.537359,0.229191
difficulty,0.5,137,137-165,0.0,0.0,0.558333,0.558333,0.0,0.016667,0.0,0.79634,0.375567,1.369095
difficulty,0.5,137,137-166,0.966667,0.266667,0.733333,1.0,0.966667,0.0,0.0,0.635111,0.575291,0.559297
difficulty,0.5,137,137-167,0.983333,0.733333,0.266667,1.0,0.991667,0.0,0.0,0.576181,0.514971,0.310308
difficulty,0.5,137,137-168,0.05,0.608333,0.0,0.608333,0.608333,0.0,0.0,0.419572,0.661038,0.339484
difficulty,0.5,137,137-169,0.266667,0.0,1.0,1.0,0.266667,0.0,0.0,0.721654,0.508869,0.958156
difficulty,0.5,137,137-170,0.791667,0.025,0.975,1.0,0.791667,0.0,0.0,0.66252,0.548278,0.679431
difficulty,0.5,137,137-171,0.825,0.841667,0.158333,1.0,1.0,0.0,0.0,0.546339,0.604882,0.22365
difficulty,0.5,137,137-172,0.966667,0.425,0.575,1.0,0.966667,0.0,0.0,0.610607,0.588732,0.45412
difficulty,0.5,137,137-173,0.0,0.0,0.716667,0.716667,0.0,0.0,0.0,0.784651,0.424356,1.297769
difficulty,0.5,137,137-174,0.941667,0.741667,0.258333,1.0,1.0,0.0,0.0,0.565649,0.590242,0.269947
difficulty,0.5,137,137-175,0.0,0.325,0.0,0.325,0.325,0.0,0.0,0.383476,0.489554,0.478571
difficulty,0.5,137,137-176,0.108333,0.0,0.975,0.975,0.108333,0.0,0.0,0.737817,0.458156,1.040591
difficulty,0.5,137,137-177,0.891667,0.058333,0.941667,1.0,0.891667,0.0,0.0,0.649741,0.468145,0.622413
difficulty,0.5,137,137-178,0.0,0.041667,0.0,0.041667,0.041667,0.0,0.55,0.303041,0.523805,0.84265
difficulty,0.5,137,137-179,0.0,0.0,0.0,0.0,0.0,1.0,0.0,0.952207,0.108719,2.993617
difficulty,0.5,137,137-180,0.525,0.933333,0.033333,0.966667,0.966667,0.0,0.0,0.506317,0.772649,0.191851
difficulty,0.5,137,137-181,0.991667,0.591667,0.408333,1.0,0.991667,0.0,0.0,0.588111,0.522427,0.358712
difficulty,0.5,137,137-182,0.0,0.0,0.0,0.0,0.0,0.0,0.916667,0.257179,0.416556,1.066801
difficulty,0.5,137,137-183,0.958333,0.633333,0.366667,1.0,0.983333,0.0,0.0,0.581704,0.571872,0.33434
difficulty,0.5,137,137-184,0.1,0.8,0.008333,0.808333,0.808333,0.0,0.0,0.446162,0.553416,0.253815
difficulty,0.5,137,137-185,0.425,0.966667,0.008333,0.975,0.975,0.0,0.0,0.489125,0.560064,0.150169
difficulty,0.5,137,137-186,0.0,0.05,0.0,0.05,0.05,0.0,0.266667,0.331924,0.50215,0.705171
difficulty,0.5,137,137-187,0.666667,0.933333,0.066667,1.0,1.0,0.0,0.0,0.526531,0.629844,0.198789
difficulty,0.5,137,137-188,0.433333,0.975,0.016667,0.991667,0.991667,0.0,0.0,0.489607,0.640879,0.180665
difficulty,0.5,137,137-189,0.166667,0.825,0.0,0.825,0.825,0.0,0.0,0.449457,0.577921,0.22934
difficulty,0.5,137,137-190,0.2,0.841667,0.008333,0.85,0.85,0.0,0.0,0.458785,0.525731,0.225698
difficulty,0.5,137,137-191,0.0,0.016667,0.0,0.016667,0.016667,0.0,0.541667,0.299415,0.473563,0.856809
difficulty,0.5,137,137-192,0.0,0.0,0.0,0.0,0.0,0.0,1.0,0.176177,0.325849,1.552021
difficulty,0.5,137,137-193,0.325,0.883333,0.008333,0.891667,0.891667,0.0,0.0,0.471447,0.591167,0.201428
difficulty,0.5,137,137-194,0.0,0.0,0.0,0.0,0.0,1.0,0.0,0.88453,0.247174,2.039689
difficulty,0.5,137,137-195,0.483333,0.0,1.0,1.0,0.483333,0.0,0.0,0.706071,0.488519,0.881328
difficulty,0.5,137,137-196,0.541667,0.983333,0.016667,1.0,1.0,0.0,0.0,0.499406,0.580609,0.170204
difficulty,0.5,137,137-197,0.008333,0.058333,0.0,0.058333,0.058333,0.0,0.275,0.329169,0.507989,0.720366
difficulty,0.5,137,137-198,0.966667,0.758333,0.241667,1.0,0.991667,0.0,0.0,0.571365,0.500302,0.290914
difficulty,0.5,137,137-199,0.975,0.383333,0.616667,1.0,0.975,0.0,0.0,0.612912,0.548154,0.463323
difficulty,0.5,369,369-0,0.808333,0.1,0.9,1.0,0.808333,0.0,0.0,0.661655,0.570429,0.676939
difficulty,0.5,369,369-1,0.975,0.366667,0.633333,1.0,0.975,0.0,0.0,0.616917,0.623111,0.480313
difficulty,0.5,369,369-2,0.0,0.0,0.241667,0.241667,0.0,0.016667,0.0,0.817444,0.357763,1.504268
difficulty,0.5,369,369-3,0.108333,0.825,0.016667,0.841667,0.841667,0.0,0.0,0.447679,0.535248,0.239574
difficulty,0.5,369,369-4,0.808333,0.083333,0.916667,1.0,0.808333,0.0,0.0,0.662087,0.542688,0.678053
difficulty,0.5,369,369-5,0.841667,0.075,0.925,1.0,0.841667,0.0,0.0,0.657875,0.526121,0.658471
difficulty,0.5,369,369-6,0.108333,0.725,0.0,0.725,0.725,0.0,0.0,0.437675,0.532407,0.27446
difficulty,0.5,369,369-7,0.883333,0.075,0.925,1.0,0.883333,0.0,0.0,0.658224,0.557027,0.660411
difficulty,0.5,369,369-8,0.983333,0.466667,0.533333,1.0,0.983333,0.0,0.0,0.613122,0.543908,0.465928
difficulty,0.5,369,369-9,0.0,0.0,0.0,0.0,0.0,1.0,0.0,0.893337,0.238895,2.127622
difficulty,0.5,369,369-10,0.0,0.0,0.975,0.975,0.0,0.0,0.0,0.763035,0.431702,1.173061
difficulty,0.5,369,369-11,0.0,0.0,0.0,0.0,0.0,0.0,1.0,0.0535,0.112539,2.883802
difficulty,0.5,369,369-12,0.491667,0.975,0.025,1.0,1.0,0.0,0.0,0.499535,0.708231,0.152609
difficulty,0.5,369,369-13,0.991667,0.258333,0.741667,1.0,0.991667,0.0,0.0,0.629166,0.568955,0.531951
difficulty,0.5,369,369-14,0.0,0.0,0.0,0.0,0.0,0.0,1.0,0.077763,0.295759,2.486762
difficulty,0.5,369,369-15,0.0,0.0,0.0,0.0,0.0,0.0,1.0,0.092688,0.108994,2.286343
difficulty,0.5,369,369-16,0.941667,0.141667,0.858333,1.0,0.941667,0.0,0.0,0.644403,0.568398,0.598522
difficulty,0.5,369,369-17,0.0,0.0,0.0,0.0,0.0,0.0,0.958333,0.226172,0.445113,1.238655
difficulty,0.5,369,369-18,0.0,0.0,0.0,0.0,0.0,0.433333,0.0,0.845689,0.326465,1.705376
difficulty,0.5,369,369-19,0.125,0.783333,0.0,0.783333,0.783333,0.0,0.0,0.443845,0.478851,0.251775
difficulty,0.5,369,369-20,0.95,0.658333,0.341667,1.0,0.991667,0.0,0.0,0.578129,0.597845,0.322275
difficulty,0.5,369,369-21,0.0,0.0,0.591667,0.591667,0.0,0.008333,0.0,0.79741,0.391705,1.374591
difficulty,0.5,369,369-22,0.633333,0.916667,0.083333,1.0,1.0,0.0,0.0,0.529917,0.599089,0.19662
difficulty,0.5,369,369-23,0.0,0.0,0.425,0.425,0.0,0.008333,0.0,0.801837,0.377755,1.401723
difficulty,0.5,369,369-24,0.525,0.983333,0.016667,1.0,1.0,0.0,0.0,0.500433,0.56205,0.171481
difficulty,0.5,369,369-25,0.458333,0.925,0.066667,0.991667,0.991667,0.0,0.0,0.502772,0.637532,0.168452
difficulty,0.5,369,369-26,0.0,0.0,0.408333,0.408333,0.0,0.016667,0.0,0.805373,0.370383,1.42481
difficulty,0.5,369,369-27,0.55,0.95,0.05,1.0,0.991667,0.0,0.0,0.508602,0.612326,0.164386
difficulty,0.5,369,369-28,0.008333,0.325,0.0,0.325,0.325,0.0,0.025,0.377112,0.595675,0.507062
difficulty,0.5,369,369-29,0.85,0.091667,0.908333,1.0,0.85,0.0,0.0,0.654232,0.580576,0.642779
difficulty,0.5,369,369-30,0.366667,0.0,1.0,1.0,0.366667,0.0,0.0,0.708451,0.495425,0.893265
difficulty,0.5,369,369-31,0.975,0.641667,0.358333,1.0,0.975,0.0,0.0,0.586576,0.580172,0.353172
difficulty,0.5,369,369-32,0.525,0.966667,0.033333,1.0,1.0,0.0,0.0,0.50905,0.587282,0.148011
difficulty,0.5,369,369-33,0.0,0.0,0.0,0.0,0.0,0.0,1.0,0.179901,0.473555,1.528806
difficulty,0.5,369,369-34,0.366667,0.95,0.008333,0.958333,0.958333,0.0,0.0,0.479865,0.623205,0.179765
difficulty,0.5,369,369-35,0.966667,0.558333,0.441667,1.0,0.983333,0.0,0.0,0.587117,0.655466,0.356378
difficulty,0.5,369,369-36,0.383333,0.966667,0.025,0.991667,0.991667,0.0,0.0,0.484168,0.582807,0.165625
difficulty,0.5,369,369-37,0.225,0.0,0.975,0.975,0.225,0.0,0.0,0.73096,0.497065,1.006898
difficulty,0.5,369,369-38,0.966667,0.433333,0.566667,1.0,0.966667,0.0,0.0,0.611617,0.601338,0.458889
difficulty,0.5,369,369-39,0.558333,0.0,0.975,0.975,0.558333,0.0,0.0,0.693003,0.559495,0.823042
difficulty,0.5,369,369-40,0.416667,0.0,1.0,1.0,0.416667,0.0,0.0,0.706463,0.417033,0.882431
difficulty,0.5,369,369-41,0.341667,0.841667,0.041667,0.883333,0.883333,0.0,0.0,0.473895,0.652875,0.229739
difficulty,0.5,369,369-42,0.25,0.983333,0.0,0.983333,0.983333,0.0,0.0,0.473616,0.499088,0.170093
difficulty,0.5,369,369-43,0.0,0.1,0.0,0.1,0.1,0.0,0.158333,0.342371,0.48375,0.657749
difficulty,0.5,369,369-44,0.116667,0.883333,0.0,0.883333,0.883333,0.0,0.0,0.450128,0.57936,0.218278
difficulty,0.5,369,369-45,0.958333,0.633333,0.366667,1.0,0.975,0.0,0.0,0.583761,0.555433,0.342686
difficulty,0.5,369,369-46,0.6,0.0,0.991667,0.991667,0.6,0.0,0.0,0.695691,0.45986,0.832803
difficulty,0.5,369,369-47,0.008333,0.45,0.0,0.45,0.45,0.0,0.0,0.395813,0.467164,0.427273
difficulty,0.5,369,369-48,0.983333,0.35,0.65,1.0,0.983333,0.0,0.0,0.61891,0.549658,0.488963
difficulty,0.5,369,369-49,0.0,0.0,0.0,0.0,0.0,0.0,0.791667,0.269705,0.481167,1.005552
difficulty,0.5,369,369-50,0.008333,0.075,0.0,0.075,0.075,0.0,0.166667,0.331685,0.435144,0.706278
difficulty,0.5,369,369-51,0.766667,0.15,0.85,1.0,0.766667,0.0,0.0,0.663268,0.619318,0.686041
difficulty,0.5,369,369-52,0.0,0.0,0.0,0.0,0.0,0.383333,0.0,0.845812,0.325621,1.705709
difficulty,0.5,369,369-53,0.05,0.0,0.983333,0.983333,0.05,0.0,0.0,0.740556,0.416179,1.052819
difficulty,0.5,369,369-54,0.283333,0.8,0.0,0.8,0.8,0.0,0.0,0.461168,0.614435,0.215756
difficulty,0.5,369,369-55,0.0,0.0,0.9,0.9,0.0,0.016667,0.0,0.769267,0.423793,1.210407
difficulty,0.5,369,369-56,0.841667,0.183333,0.816667,1.0,0.841667,0.0,0.0,0.647081,0.497481,0.612217
difficulty,0.5,369,369-57,0.275,0.891667,0.008333,0.9,0.9,0.0,0.0,0.468402,0.561332,0.198393
difficulty,0.5,369,369-58,0.0,0.066667,0.0,0.066667,0.066667,0.0,0.05,0.345769,0.312351,0.641223
difficulty,0.5,369,369-59,0.95,0.325,0.675,1.0,0.95,0.0,0.0,0.629606,0.525659,0.535919
difficulty,0.5,369,369-60,0.691667,0.958333,0.041667,1.0,1.0,0.0,0.0,0.527175,0.640845,0.190586
difficulty,0.5,369,369-61,0.0,0.0,0.0,0.0,0.0,0.0,0.991667,0.213087,0.427339,1.316739
difficulty,0.5,369,369-62,0.933333,0.166667,0.833333,1.0,0.933333,0.0,0.0,0.640855,0.502487,0.583147
difficulty,0.5,369,369-63,0.0,0.0,0.0,0.0,0.0,0.0,0.95,0.234879,0.408427,1.189201
difficulty,0.5,369,369-64,0.4,0.933333,0.041667,0.975,0.975,0.0,0.0,0.493491,0.647405,0.180124
difficulty,0.5,369,369-65,0.0,0.0,0.95,0.95,0.0,0.0,0.0,0.765841,0.432636,1.18987
difficulty,0.5,369,369-66,0.008333,0.325,0.0,0.325,0.325,0.0,0.0,0.384386,0.508951,0.474428
difficulty,0.5,369,369-67,0.0,0.0,0.608333,0.608333,0.0,0.025,0.0,0.793889,0.392961,1.355139
difficulty,0.5,369,369-68,0.108333,0.0,0.975,0.975,0.108333,0.0,0.0,0.733646,0.439391,1.019125
difficulty,0.5,369,369-69,0.0,0.016667,0.0,0.016667,0.016667,0.0,0.4,0.312603,0.597948,0.793209
difficulty,0.5,369,369-70,0.0,0.0,0.275,0.275,0.0,0.025,0.0,0.810215,0.37727,1.45574
difficulty,0.5,369,369-71,0.483333,0.991667,0.008333,1.0,1.0,0.0,0.0,0.501058,0.612768,0.17119
difficulty,0.5,369,369-72,0.183333,0.791667,0.008333,0.8,0.8,0.0,0.0,0.450803,0.552214,0.246971
difficulty,0.5,369,369-73,0.533333,0.0,1.0,1.0,0.533333,0.0,0.0,0.695653,0.487933,0.833437
difficulty,0.5,369,369-74,0.0,0.0,0.0,0.0,0.0,0.683333,0.0,0.856182,0.283227,1.787899
difficulty,0.5,369,369-75,0.275,0.0,1.0,1.0,0.275,0.0,0.0,0.723396,0.521595,0.967427
difficulty,0.5,369,369-76,0.966667,0.316667,0.683333,1.0,0.966667,0.0,0.0,0.62223,0.565428,0.503572
difficulty,0.5,369,369-77,0.383333,0.0,1.0,1.0,0.383333,0.0,0.0,0.707502,0.488545,0.887959
difficulty,0.5,369,369-78,0.0,0.0,0.95,0.95,0.0,0.008333,0.0,0.755902,0.447577,1.137143
difficulty,0.5,369,369-79,0.0,0.0,0.0,0.0,0.0,1.0,0.0,0.915645,0.188682,2.38603
difficulty,0.5,369,369-80,0.233333,0.0,0.983333,0.983333,0.233333,0.0,0.0,0.72521,0.467222,0.976896
difficulty,0.5,369,369-81,0.966667,0.283333,0.716667,1.0,0.966667,0.0,0.0,0.626538,0.516242,0.521417
difficulty,0.5,369,369-82,0.0,0.0,0.25,0.25,0.0,0.025,0.0,0.812953,0.332623,1.473017
difficulty,0.5,369,369-83,0.141667,0.85,0.008333,0.858333,0.858333,0.0,0.0,0.445573,0.5745,0.242533
difficulty,0.5,369,369-84,0.0,0.0,0.233333,0.233333,0.0,0.016667,0.0,0.814732,0.390359,1.485286
difficulty,0.5,369,369-85,0.0,0.0,0.0,0.0,0.0,1.0,0.0,0.906426,0.214821,2.27269
difficulty,0.5,369,369-86,0.05,0.608333,0.0,0.608333,0.608333,0.0,0.0,0.414441,0.634061,0.359141
difficulty,0.5,369,369-87,0.016667,0.0,0.975,0.975,0.016667,0.0,0.0,0.758393,0.473279,1.148992
difficulty,0.5,369,369-88,0.0,0.0,0.925,0.925,0.0,0.0,0.0,0.765644,0.451556,1.189215
difficulty,0.5,369,369-89,0.008333,0.075,0.0,0.075,0.075,0.0,0.2,0.337112,0.552599,0.683475
difficulty,0.5,369,369-90,0.0,0.0,0.0,0.0,0.0,0.0,1.0,0.160831,0.350766,1.664475
difficulty,0.5,369,369-91,0.0,0.0,0.0,0.0,0.0,1.0,0.0,0.9522,0.111822,2.992623
difficulty,0.5,369,369-92,0.0,0.0,0.0,0.0,0.0,0.0,1.0,0.158559,0.333525,1.68044
difficulty,0.5,369,369-93,0.0,0.0,0.0,0.0,0.0,0.366667,0.0,0.846001,0.312276,1.705912
difficulty,0.5,369,369-94,0.0,0.0,0.0,0.0,0.0,1.0,0.0,0.881529,0.247037,2.009631
difficulty,0.5,369,369-95,0.0,0.091667,0.0,0.091667,0.091667,0.0,0.091667,0.347244,0.486522,0.635675
difficulty,0.5,369,369-96,0.558333,0.933333,0.066667,1.0,0.991667,0.0,0.0,0.518687,0.694046,0.201801
difficulty,0.5,369,369-97,0.0,0.0,0.0,0.0,0.0,0.0,1.0,0.188467,0.323498,1.465574
difficulty,0.5,369,369-98,0.216667,0.95,0.008333,0.958333,0.958333,0.0,0.0,0.471608,0.521417,0.178211
difficulty,0.5,369,369-99,0.0,0.0,0.0,0.0,0.0,0.0,1.0,0.090856,0.145493,2.31341
difficulty,0.5,369,369-100,0.0,0.0,0.0,0.0,0.0,1.0,0.0,0.930284,0.164452,2.593049
difficulty,0.5,369,369-101,0.075,0.633333,0.0,0.633333,0.633333,0.0,0.0,0.422051,0.512341,0.334916
difficulty,0.5,369,369-102,0.483333,0.975,0.025,1.0,1.0,0.0,0.0,0.505744,0.50452,0.161426
difficulty,0.5,369,369-103,0.0,0.0,0.0,0.0,0.0,0.0,1.0,0.158547,0.315581,1.675482
difficulty,0.5,369,369-104,0.0,0.0,0.908333,0.908333,0.0,0.0,0.0,0.767175,0.449085,1.197032
difficulty,0.5,369,369-105,0.758333,0.0,1.0,1.0,0.758333,0.0,0.0,0.672976,0.535197,0.727142
difficulty,0.5,369,369-106,0.0,0.0,0.6,0.6,0.0,0.0,0.0,0.790869,0.362888,1.334627
difficulty,0.5,369,369-107,0.941667,0.15,0.85,1.0,0.941667,0.0,0.0,0.643343,0.490419,0.595005
difficulty,0.5,369,369-108,0.85,0.85,0.15,1.0,0.991667,0.0,0.0,0.554648,0.576825,0.241535
difficulty,0.5,369,369-109,0.975,0.591667,0.408333,1.0,1.0,0.0,0.0,0.581225,0.61267,0.331317
difficulty,0.5,369,369-110,0.0,0.0,0.0,0.0,0.0,1.0,0.0,0.882574,0.238877,2.020214
difficulty,0.5,369,369-111,0.408333,0.0,0.991667,0.991667,0.408333,0.0,0.0,0.705869,0.456874,0.879856
difficulty,0.5,369,369-112,0.008333,0.375,0.0,0.375,0.375,0.0,0.075,0.378536,0.569321,0.504172
difficulty,0.5,369,369-113,0.641667,0.008333,0.991667,1.0,0.641667,0.0,0.0,0.681626,0.504639,0.767161
difficulty,0.5,369,369-114,0.891667,0.025,0.975,1.0,0.891667,0.0,0.0,0.658315,0.510585,0.659567
difficulty,0.5,369,369-115,0.233333,0.85,0.008333,0.858333,0.858333,0.0,0.0,0.455294,0.655075,0.231241
difficulty,0.5,369,369-116,0.966667,0.55,0.45,1.0,0.966667,0.0,0.0,0.599431,0.64355,0.407889
difficulty,0.5,369,369-117,0.016667,0.291667,0.0,0.291667,0.291667,0.0,0.05,0.374533,0.438869,0.518526
difficulty,0.5,369,369-118,0.0,0.0,0.8,0.8,0.0,0.016667,0.0,0.779261,0.400986,1.268447
difficulty,0.5,369,369-119,0.008333,0.0,0.908333,0.908333,0.008333,0.008333,0.0,0.757585,0.433785,1.147
difficulty,0.5,369,369-120,0.0,0.025,0.0,0.025,0.025,0.0,0.841667,0.26038,0.461937,1.055024
difficulty,0.5,369,369-121,0.0,0.0,0.0,0.0,0.0,0.0,0.741667,0.280102,0.447381,0.95039
difficulty,0.5,369,369-122,0.0,0.0,0.733333,0.733333,0.0,0.0,0.0,0.784187,0.421393,1.295944
difficulty,0.5,369,369-123,0.0,0.0,0.0,0.0,0.0,0.1,0.0,0.833697,0.321747,1.615837
difficulty,0.5,369,369-124,0.0,0.0,0.0,0.0,0.0,0.0,1.0,0.152081,0.323172,1.722523
difficulty,0.5,369,369-125,0.0,0.0,0.525,0.525,0.0,0.0,0.0,0.798682,0.388514,1.382906
difficulty,0.5,369,369-126,0.075,0.0,0.991667,0.991667,0.075,0.0,0.0,0.741508,0.475219,1.059191
difficulty,0.5,369,369-127,0.0,0.0,0.091667,0.091667,0.0,0.108333,0.0,0.826497,0.339499,1.568171
difficulty,0.5,369,369-128,0.583333,0.0,1.0,1.0,0.583333,0.0,0.0,0.689445,0.49619,0.801186
difficulty,0.5,369,369-129,0.0,0.0,0.0,0.0,0.0,1.0,0.0,0.896366,0.231851,2.160413
difficulty,0.5,369,369-130,0.058333,0.0,0.991667,0.991667,0.058333,0.0,0.0,0.742649,0.451762,1.065041
difficulty,0.5,369,369-131,0.366667,0.0,0.991667,0.991667,0.366667,0.0,0.0,0.711447,0.510667,0.909594
difficulty,0.5,369,369-132,0.516667,0.0,0.983333,0.983333,0.516667,0.0,0.0,0.703226,0.493017,0.86917
difficulty,0.5,369,369-133,0.0,0.0,0.0,0.0,0.0,0.0,0.9,0.254806,0.42793,1.081659
difficulty,0.5,369,369-134,0.741667,0.075,0.925,1.0,0.741667,0.0,0.0,0.664058,0.622314,0.68814
difficulty,0.5,369,369-135,0.0,0.0,0.0,0.0,0.0,1.0,0.0,0.915257,0.188061,2.383028
difficulty,0.5,369,369-136,0.0,0.0,0.0,0.0,0.0,0.5,0.0,0.849396,0.314566,1.733133
difficulty,0.5,369,369-137,0.066667,0.741667,0.0,0.741667,0.741667,0.0,0.0,0.435737,0.677449,0.268865
difficulty,0.5,369,369-138,0.0,0.0,0.55,0.55,0.0,0.0,0.0,0.796105,0.414017,1.366379
difficulty,0.5,369,369-139,0.441667,0.0,1.0,1.0,0.441667,0.0,0.0,0.708528,0.517744,0.893854
difficulty,0.5,369,369-140,0.0,0.0,0.0,0.0,0.0,0.0,0.891667,0.250148,0.411687,1.106677
difficulty,0.5,369,369-141,0.425,0.933333,0.016667,0.95,0.95,0.0,0.0,0.482213,0.620722,0.180634
difficulty,0.5,369,369-142,0.0,0.0,0.0,0.0,0.0,0.0,1.0,0.198782,0.239571,1.403716
difficulty,0.5,369,369-143,0.0,0.0,0.691667,0.691667,0.0,0.033333,0.0,0.788262,0.394877,1.321101
difficulty,0.5,369,369-144,0.766667,0.766667,0.233333,1.0,1.0,0.0,0.0,0.550795,0.671183,0.242098
difficulty,0.5,369,369-145,0.0,0.033333,0.0,0.033333,0.033333,0.0,0.233333,0.320885,0.457066,0.754086
difficulty,0.5,369,369-146,0.641667,0.0,1.0,1.0,0.641667,0.0,0.0,0.684725,0.559038,0.782077
difficulty,0.5,369,369-147,0.9,0.258333,0.741667,1.0,0.9,0.0,0.0,0.632692,0.53465,0.55081
difficulty,0.5,369,369-148,0.116667,0.65,0.0,0.65,0.65,0.0,0.0,0.429027,0.501889,0.310331
difficulty,0.5,369,369-149,0.0,0.0,0.566667,0.566667,0.0,0.0,0.0,0.793881,0.372106,1.351852
difficulty,0.5,369,369-150,0.35,0.0,1.0,1.0,0.35,0.0,0.0,0.71494,0.446951,0.923498
difficulty,0.5,369,369-151,0.75,0.883333,0.116667,1.0,0.991667,0.0,0.0,0.540515,0.599453,0.208784
difficulty,0.5,369,369-152,0.95,0.15,0.85,1.0,0.95,0.0,0.0,0.639251,0.576175,0.575997
difficulty,0.5,369,369-153,0.0,0.0,0.325,0.325,0.0,0.066667,0.0,0.813181,0.365118,1.478155
difficulty,0.5,369,369-154,0.0,0.0,0.0,0.0,0.0,0.0,1.0,0.13381,0.262264,1.877932
difficulty,0.5,369,369-155,0.0,0.0,0.0,0.0,0.0,0.141667,0.0,0.833888,0.334056,1.618206
difficulty,0.5,369,369-156,0.033333,0.308333,0.0,0.308333,0.308333,0.0,0.025,0.381502,0.436273,0.493139
difficulty,0.5,369,369-157,0.583333,0.983333,0.016667,1.0,1.0,0.0,0.0,0.509237,0.552661,0.140962
difficulty,0.5,369,369-158,0.0,0.0,0.933333,0.933333,0.0,0.008333,0.0,0.767972,0.399811,1.202572
difficulty,0.5,369,369-159,0.708333,0.866667,0.133333,1.0,1.0,0.0,0.0,0.535547,0.604246,0.211407
difficulty,0.5,369,369-160,0.0,0.0,0.0,0.0,0.0,0.466667,0.0,0.851513,0.321958,1.749892
difficulty,0.5,369,369-161,0.033333,0.666667,0.0,0.666667,0.666667,0.0,0.0,0.415064,0.567696,0.348579
difficulty,0.5,369,369-162,0.866667,0.816667,0.183333,1.0,1.0,0.0,0.0,0.554156,0.606947,0.233599
difficulty,0.5,369,369-163,0.0,0.0,0.0,0.0,0.0,0.0,1.0,0.084636,0.164605,2.387943
difficulty,0.5,369,369-164,0.0,0.0,0.25,0.25,0.0,0.008333,0.0,0.814869,0.365569,1.486532
difficulty,0.5,369,369-165,0.0,0.05,0.0,0.05,0.05,0.0,0.283333,0.326337,0.504703,0.731815
difficulty,0.5,369,369-166,0.0,0.0,0.0,0.0,0.0,0.891667,0.0,0.867451,0.284108,1.883187
difficulty,0.5,369,369-167,0.058333,0.0,0.95,0.95,0.058333,0.0,0.0,0.74629,0.428491,1.085265
difficulty,0.5,369,369-168,0.0,0.0,0.0,0.0,0.0,0.266667,0.0,0.840679,0.320033,1.66698
difficulty,0.5,369,369-169,0.508333,0.958333,0.025,0.983333,0.983333,0.0,0.0,0.496217,0.59076,0.180964
difficulty,0.5,369,369-170,0.441667,0.0,0.983333,0.983333,0.441667,0.0,0.0,0.711014,0.45176,0.906066
difficulty,0.5,369,369-171,0.591667,0.975,0.025,1.0,1.0,0.0,0.0,0.512268,0.586624,0.168535
difficulty,0.5,369,369-172,0.983333,0.491667,0.508333,1.0,0.983333,0.0,0.0,0.591809,0.580736,0.375255
difficulty,0.5,369,369-173,0.966667,0.35,0.65,1.0,0.966667,0.0,0.0,0.614992,0.454202,0.472066
difficulty,0.5,369,369-174,0.825,0.158333,0.841667,1.0,0.825,0.0,0.0,0.653601,0.567187,0.641193
difficulty,0.5,369,369-175,0.483333,0.941667,0.033333,0.975,0.975,0.0,0.0,0.49468,0.683236,0.19474
difficulty,0.5,369,369-176,0.6,0.0,1.0,1.0,0.6,0.0,0.0,0.682073,0.500928,0.768892
difficulty,0.5,369,369-177,0.0,0.0,0.541667,0.541667,0.0,0.016667,0.0,0.798775,0.388671,1.385731
difficulty,0.5,369,369-178,0.266667,0.908333,0.0,0.908333,0.908333,0.0,0.0,0.469274,0.604131,0.176303
difficulty,0.5,369,369-179,0.0,0.008333,0.0,0.008333,0.008333,0.0,0.633333,0.288396,0.565978,0.911355
difficulty,0.5,369,369-180,0.9,0.041667,0.958333,1.0,0.9,0.0,0.0,0.662602,0.541202,0.679256
difficulty,0.5,369,369-181,0.875,0.075,0.925,1.0,0.875,0.0,0.0,0.656267,0.540419,0.65104
difficulty,0.5,369,369-182,0.358333,0.0,0.991667,0.991667,0.358333,0.0,0.0,0.710132,0.469084,0.901544
difficulty,0.5,369,369-183,0.983333,0.333333,0.666667,1.0,0.983333,0.0,0.0,0.615571,0.564706,0.474612
difficulty,0.5,369,369-184,0.966667,0.65,0.35,1.0,0.983333,0.0,0.0,0.58281,0.571993,0.338903
difficulty,0.5,369,369-185,0.0,0.0,0.0,0.0,0.0,0.0,0.883333,0.260671,0.387129,1.048921
difficulty,0.5,369,369-186,0.316667,0.933333,0.033333,0.966667,0.966667,0.0,0.0,0.478052,0.598071,0.188682
difficulty,0.5,369,369-187,0.808333,0.833333,0.166667,1.0,0.975,0.0,0.0,0.557223,0.537209,0.253281
difficulty,0.5,369,369-188,0.05,0.65,0.0,0.65,0.65,0.0,0.0,0.417887,0.620927,0.34606
difficulty,0.5,369,369-189,0.95,0.233333,0.766667,1.0,0.95,0.0,0.0,0.633594,0.551811,0.552995
difficulty,0.5,369,369-190,0.541667,0.0,0.991667,0.991667,0.541667,0.0,0.0,0.687812,0.54422,0.796537
difficulty,0.5,369,369-191,0.941667,0.191667,0.808333,1.0,0.941667,0.0,0.0,0.636393,0.582609,0.564397
difficulty,0.5,369,369-192,0.616667,0.95,0.05,1.0,1.0,0.0,0.0,0.519329,0.550214,0.17839
difficulty,0.5,369,369-193,0.983333,0.45,0.55,1.0,0.983333,0.0,0.0,0.607388,0.528704,0.439859
difficulty,0.5,369,369-194,0.55,0.0,0.983333,0.983333,0.55,0.0,0.0,0.697297,0.526376,0.842794
difficulty,0.5,369,369-195,0.0,0.0,0.0,0.0,0.0,0.0,1.0,0.073121,0.110844,2.548223
difficulty,0.5,369,369-196,0.633333,0.95,0.05,1.0,1.0,0.0,0.0,0.518817,0.634121,0.174422
difficulty,0.5,369,369-197,0.0,0.0,0.0,0.0,0.0,0.0,0.991667,0.211909,0.266114,1.321523
difficulty,0.5,369,369-198,0.458333,0.0,0.983333,0.983333,0.458333,0.0,0.0,0.706955,0.478568,0.886385
difficulty,0.5,369,369-199,0.0,0.0,0.0,0.0,0.0,0.0,1.0,0.156167,0.373432,1.695964
difficulty,0.5,1024,1024-0,0.583333,0.966667,0.033333,1.0,1.0,0.0,0.0,0.508963,0.577244,0.168164
difficulty,0.5,1024,1024-1,0.983333,0.716667,0.283333,1.0,1.0,0.0,0.0,0.574805,0.573736,0.303959
difficulty,0.5,1024,1024-2,0.0,0.0,0.0,0.0,0.0,1.0,0.0,0.928418,0.164485,2.564029
difficulty,0.5,1024,1024-3,0.975,0.35,0.65,1.0,0.975,0.0,0.0,0.623317,0.590681,0.507526
difficulty,0.5,1024,1024-4,0.0,0.0,0.0,0.0,0.0,0.491667,0.0,0.850661,0.286495,1.743382
difficulty,0.5,1024,1024-5,0.55,0.0,0.983333,0.983333,0.55,0.0,0.0,0.701374,0.432228,0.861249
difficulty,0.5,1024,1024-6,0.875,0.808333,0.191667,1.0,0.991667,0.0,0.0,0.565227,0.567171,0.278451
difficulty,0.5,1024,1024-7,0.133333,0.841667,0.008333,0.85,0.85,0.0,0.0,0.451847,0.590355,0.22212
difficulty,0.5,1024,1024-8,0.666667,0.966667,0.033333,1.0,1.0,0.0,0.0,0.529057,0.613981,0.186487
difficulty,0.5,1024,1024-9,0.416667,0.0,0.991667,0.991667,0.416667,0.0,0.0,0.702984,0.46002,0.866942
difficulty,0.5,1024,1024-10,0.0,0.008333,0.0,0.008333,0.008333,0.0,0.791667,0.274691,0.454729,0.978388
difficulty,0.5,1024,1024-11,0.691667,0.966667,0.033333,1.0,1.0,0.0,0.0,0.528108,0.619866,0.175188
difficulty,0.5,1024,1024-12,0.0,0.0,0.0,0.0,0.0,0.775,0.0,0.860391,0.282156,1.824035
difficulty,0.5,1024,1024-13,0.0,0.0,0.983333,0.983333,0.0,0.0,0.0,0.751289,0.412588,1.111335
difficulty,0.5,1024,1024-14,0.875,0.075,0.925,1.0,0.875,0.0,0.0,0.653476,0.5219,0.63946
difficulty,0.5,1024,1024-15,0.658333,0.958333,0.041667,1.0,1.0,0.0,0.0,0.527519,0.632946,0.175539
difficulty,0.5,1024,1024-16,0.041667,0.458333,0.0,0.458333,0.458333,0.0,0.0,0.402969,0.656848,0.403917
difficulty,0.5,1024,1024-17,0.0,0.0,0.0,0.0,0.0,1.0,0.0,0.903418,0.204587,2.237706
difficulty,0.5,1024,1024-18,0.258333,0.0,0.983333,0.983333,0.258333,0.0,0.0,0.724327,0.47459,0.972321
difficulty,0.5,1024,1024-19,0.008333,0.225,0.0,0.225,0.225,0.0,0.075,0.365225,0.470174,0.560652
difficulty,0.5,1024,1024-20,0.025,0.516667,0.0,0.516667,0.516667,0.0,0.0,0.40727,0.64013,0.381907
difficulty,0.5,1024,1024-21,0.4,0.975,0.008333,0.983333,0.983333,0.0,0.0,0.486767,0.557068,0.151691
difficulty,0.5,1024,1024-22,0.566667,0.958333,0.041667,1.0,1.0,0.0,0.0,0.510529,0.619231,0.182596
difficulty,0.5,1024,1024-23,0.25,0.0,0.991667,0.991667,0.25,0.0,0.0,0.722593,0.491027,0.962359
difficulty,0.5,1024,1024-24,0.0,0.0,0.3,0.3,0.0,0.083333,0.0,0.813817,0.375294,1.482613
difficulty,0.5,1024,1024-25,0.966667,0.65,0.35,1.0,0.966667,0.0,0.0,0.585311,0.552264,0.348364
difficulty,0.5,1024,1024-26,0.0,0.0,0.416667,0.416667,0.0,0.016667,0.0,0.803982,0.378737,1.416778
difficulty,0.5,1024,1024-27,0.0,0.025,0.0,0.025,0.025,0.0,0.391667,0.31557,0.536875,0.780258
difficulty,0.5,1024,1024-28,0.358333,0.0,1.0,1.0,0.358333,0.0,0.0,0.712987,0.550797,0.916106
difficulty,0.5,1024,1024-29,0.141667,0.0,1.0,1.0,0.141667,0.0,0.0,0.736287,0.508005,1.032141
difficulty,0.5,1024,1024-30,0.0,0.0,0.316667,0.316667,0.0,0.008333,0.0,0.812438,0.395458,1.470765
difficulty,0.5,1024,1024-31,0.0,0.0,0.683333,0.683333,0.0,0.008333,0.0,0.788412,0.39708,1.319958
difficulty,0.5,1024,1024-32,0.0,0.0,0.766667,0.766667,0.0,0.0,0.0,0.781525,0.443021,1.279535
difficulty,0.5,1024,1024-33,0.0,0.0,0.0,0.0,0.0,0.0,1.0,0.168288,0.313315,1.603985
difficulty,0.5,1024,1024-34,0.491667,0.95,0.041667,0.991667,0.991667,0.0,0.0,0.501812,0.704537,0.180281
difficulty,0.5,1024,1024-35,0.0,0.0,0.0,0.0,0.0,0.0,0.933333,0.23669,0.348816,1.18036
difficulty,0.5,1024,1024-36,0.825,0.85,0.15,1.0,1.0,0.0,0.0,0.553251,0.588499,0.242109
difficulty,0.5,1024,1024-37,0.0,0.0,0.0,0.0,0.0,0.0,1.0,0.174661,0.243241,1.560545
difficulty,0.5,1024,1024-38,0.0,0.0,0.916667,0.916667,0.0,0.0,0.0,0.769255,0.433657,1.208581
difficulty,0.5,1024,1024-39,0.608333,0.916667,0.083333,1.0,1.0,0.0,0.0,0.521624,0.565694,0.180267
difficulty,0.5,1024,1024-40,0.0,0.0,0.725,0.725,0.0,0.025,0.0,0.782546,0.406043,1.287353
difficulty,0.5,1024,1024-41,0.191667,0.866667,0.0,0.866667,0.866667,0.0,0.0,0.457536,0.618873,0.208887
difficulty,0.5,1024,1024-42,0.991667,0.6,0.4,1.0,0.991667,0.0,0.0,0.586585,0.578094,0.353364
difficulty,0.5,1024,1024-43,0.0,0.0,0.958333,0.958333,0.0,0.0,0.0,0.758142,0.441765,1.147609
difficulty,0.5,1024,1024-44,0.0,0.158333,0.0,0.158333,0.158333,0.0,0.0,0.366842,0.351951,0.548187
difficulty,0.5,1024,1024-45,0.0,0.0,0.0,0.0,0.0,0.0,0.991667,0.189675,0.391601,1.464752
difficulty,0.5,1024,1024-46,0.0,0.0,0.0,0.0,0.0,1.0,0.0,0.929179,0.158439,2.576218
difficulty,0.5,1024,1024-47,0.0,0.0,0.0,0.0,0.0,0.0,0.933333,0.231218,0.395596,1.211632
difficulty,0.5,1024,1024-48,0.716667,0.0,0.991667,0.991667,0.716667,0.0,0.0,0.683288,0.470252,0.774488
difficulty,0.5,1024,1024-49,0.0,0.0,0.85,0.85,0.0,0.008333,0.0,0.775288,0.408063,1.244516
difficulty,0.5,1024,1024-50,0.416667,0.0,0.991667,0.991667,0.416667,0.0,0.0,0.712211,0.491254,0.911506
difficulty,0.5,1024,1024-51,0.0,0.0,0.0,0.0,0.0,0.0,1.0,0.202266,0.31715,1.377925
difficulty,0.5,1024,1024-52,0.133333,0.0,0.991667,0.991667,0.133333,0.0,0.0,0.732216,0.459826,1.010503
difficulty,0.5,1024,1024-53,0.683333,0.0,1.0,1.0,0.683333,0.0,0.0,0.682638,0.493807,0.771199
difficulty,0.5,1024,1024-54,0.058333,0.0,0.975,0.975,0.058333,0.0,0.0,0.744506,0.436969,1.075217
difficulty,0.5,1024,1024-55,0.0,0.0,0.0,0.0,0.0,0.0,1.0,0.147177,0.272446,1.76749
difficulty,0.5,1024,1024-56,0.983333,0.441667,0.558333,1.0,0.983333,0.0,0.0,0.596757,0.587587,0.396361
difficulty,0.5,1024,1024-57,0.175,0.708333,0.008333,0.716667,0.716667,0.0,0.0,0.44645,0.553906,0.266548
difficulty,0.5,1024,1024-58,0.0,0.008333,0.0,0.008333,0.008333,0.0,0.716667,0.282724,0.41403,0.938098
difficulty,0.5,1024,1024-59,0.95,0.616667,0.383333,1.0,0.966667,0.0,0.0,0.585789,0.57342,0.351127
difficulty,0.5,1024,1024-60,0.0,0.008333,0.0,0.008333,0.008333,0.0,0.866667,0.258405,0.454005,1.062257
difficulty,0.5,1024,1024-61,1.0,0.6,0.4,1.0,1.0,0.0,0.0,0.588248,0.504822,0.358817
difficulty,0.5,1024,1024-62,0.025,0.408333,0.0,0.408333,0.408333,0.0,0.008333,0.396172,0.471778,0.433747
difficulty,0.5,1024,1024-63,0.675,0.925,0.075,1.0,1.0,0.0,0.0,0.530687,0.577122,0.172536
difficulty,0.5,1024,1024-64,0.891667,0.783333,0.216667,1.0,0.991667,0.0,0.0,0.561421,0.610492,0.259028
difficulty,0.5,1024,1024-65,0.0,0.0,0.0,0.0,0.0,0.0,1.0,0.16453,0.233382,1.631665
difficulty,0.5,1024,1024-66,0.991667,0.583333,0.416667,1.0,0.991667,0.0,0.0,0.589121,0.580935,0.363804
difficulty,0.5,1024,1024-67,0.366667,0.0,1.0,1.0,0.366667,0.0,0.0,0.709064,0.495483,0.895994
difficulty,0.5,1024,1024-68,0.141667,0.8,0.008333,0.808333,0.808333,0.0,0.0,0.447859,0.612056,0.251072
difficulty,0.5,1024,1024-69,1.0,0.491667,0.508333,1.0,1.0,0.0,0.0,0.594915,0.555764,0.386836
difficulty,0.5,1024,1024-70,0.908333,0.108333,0.891667,1.0,0.908333,0.0,0.0,0.649049,0.509605,0.619188
difficulty,0.5,1024,1024-71,0.808333,0.033333,0.966667,1.0,0.808333,0.0,0.0,0.664248,0.578197,0.687553
difficulty,0.5,1024,1024-72,0.133333,0.858333,0.0,0.858333,0.858333,0.0,0.0,0.454187,0.541079,0.213734
difficulty,0.5,1024,1024-73,0.991667,0.625,0.375,1.0,0.991667,0.0,0.0,0.58969,0.549778,0.366101
difficulty,0.5,1024,1024-74,0.516667,0.983333,0.016667,1.0,1.0,0.0,0.0,0.503716,0.614185,0.150436
difficulty,0.5,1024,1024-75,0.883333,0.15,0.85,1.0,0.883333,0.0,0.0,0.648101,0.553922,0.615962
difficulty,0.5,1024,1024-76,0.0,0.0,0.0,0.0,0.0,1.0,0.0,0.911912,0.196714,2.339314
difficulty,0.5,1024,1024-77,0.0,0.0,0.516667,0.516667,0.0,0.008333,0.0,0.799417,0.390342,1.387847
difficulty,0.5,1024,1024-78,0.4,0.0,1.0,1.0,0.4,0.0,0.0,0.707381,0.506728,0.887312
difficulty,0.5,1024,1024-79,0.5,0.0,1.0,1.0,0.5,0.0,0.0,0.701219,0.511579,0.858495
difficulty,0.5,1024,1024-80,0.975,0.591667,0.408333,1.0,0.991667,0.0,0.0,0.586337,0.5873,0.353241
difficulty,0.5,1024,1024-81,0.816667,0.066667,0.933333,1.0,0.816667,0.0,0.0,0.665308,0.502916,0.693701
difficulty,0.5,1024,1024-82,0.375,0.0,1.0,1.0,0.375,0.0,0.0,0.711729,0.517081,0.908751
difficulty,0.5,1024,1024-83,0.716667,0.008333,0.983333,0.991667,0.716667,0.0,0.0,0.67149,0.541293,0.722367
difficulty,0.5,1024,1024-84,0.0,0.0,0.0,0.0,0.0,1.0,0.0,0.908329,0.205199,2.296666
difficulty,0.5,1024,1024-85,0.483333,0.983333,0.016667,1.0,1.0,0.0,0.0,0.491382,0.580237,0.149471
difficulty,0.5,1024,1024-86,0.15,0.0,0.983333,0.983333,0.15,0.0,0.0,0.736135,0.499915,1.032153
difficulty,0.5,1024,1024-87,0.325,0.891667,0.008333,0.9,0.9,0.0,0.0,0.471988,0.682169,0.202528
difficulty,0.5,1024,1024-88,0.0,0.0,0.925,0.925,0.0,0.008333,0.0,0.763559,0.421677,1.178365
difficulty,0.5,1024,1024-89,0.858333,0.85,0.15,1.0,1.0,0.0,0.0,0.549279,0.5968,0.220929
difficulty,0.5,1024,1024-90,0.0,0.016667,0.0,0.016667,0.016667,0.0,0.65,0.287644,0.397668,0.913287
difficulty,0.5,1024,1024-91,0.366667,0.0,0.991667,0.991667,0.366667,0.0,0.0,0.710191,0.501278,0.901547
difficulty,0.5,1024,1024-92,0.983333,0.466667,0.533333,1.0,0.983333,0.0,0.0,0.601559,0.582734,0.416098
difficulty,0.5,1024,1024-93,0.0,0.0,0.0,0.0,0.0,0.0,0.991667,0.196146,0.431478,1.420015
difficulty,0.5,1024,1024-94,0.975,0.291667,0.708333,1.0,0.975,0.0,0.0,0.628929,0.562723,0.531334
difficulty,0.5,1024,1024-95,0.833333,0.1,0.9,1.0,0.833333,0.0,0.0,0.662208,0.521156,0.677637
difficulty,0.5,1024,1024-96,0.583333,0.0,0.991667,0.991667,0.583333,0.0,0.0,0.685014,0.550375,0.78345
difficulty,0.5,1024,1024-97,0.908333,0.175,0.825,1.0,0.908333,0.0,0.0,0.646927,0.586223,0.610625
difficulty,0.5,1024,1024-98,0.0,0.0,0.0,0.0,0.0,0.0,0.725,0.280727,0.396581,0.949006
difficulty,0.5,1024,1024-99,0.0,0.0,0.775,0.775,0.0,0.0,0.0,0.780027,0.418403,1.272858
difficulty,0.5,1024,1024-100,0.975,0.366667,0.633333,1.0,0.975,0.0,0.0,0.618547,0.588335,0.487932
difficulty,0.5,1024,1024-101,0.416667,0.966667,0.033333,1.0,1.0,0.0,0.0,0.496032,0.584886,0.144747
difficulty,0.5,1024,1024-102,0.716667,0.908333,0.091667,1.0,0.991667,0.0,0.0,0.538299,0.63155,0.206583
difficulty,0.5,1024,1024-103,0.975,0.316667,0.683333,1.0,0.975,0.0,0.0,0.622172,0.514316,0.502772
difficulty,0.5,1024,1024-104,0.833333,0.916667,0.083333,1.0,1.0,0.0,0.0,0.541694,0.603406,0.202924
difficulty,0.5,1024,1024-105,0.0,0.0,0.316667,0.316667,0.0,0.0,0.0,0.810429,0.392019,1.456844
difficulty,0.5,1024,1024-106,0.883333,0.066667,0.933333,1.0,0.883333,0.0,0.0,0.659532,0.535424,0.665474
difficulty,0.5,1024,1024-107,0.041667,0.558333,0.0,0.558333,0.558333,0.0,0.0,0.417568,0.625637,0.338895
difficulty,0.5,1024,1024-108,0.9,0.075,0.925,1.0,0.9,0.0,0.0,0.65541,0.507177,0.646826
difficulty,0.5,1024,1024-109,0.1,0.591667,0.0,0.591667,0.591667,0.0,0.0,0.423531,0.613255,0.338681
difficulty,0.5,1024,1024-110,0.85,0.8,0.2,1.0,0.983333,0.0,0.0,0.563858,0.536851,0.269016
difficulty,0.5,1024,1024-111,0.883333,0.666667,0.333333,1.0,0.991667,0.0,0.0,0.574572,0.63506,0.314378
difficulty,0.5,1024,1024-112,0.6,0.966667,0.033333,1.0,1.0,0.0,0.0,0.514688,0.587375,0.180662
difficulty,0.5,1024,1024-113,0.733333,0.025,0.975,1.0,0.733333,0.0,0.0,0.669529,0.559711,0.710735
difficulty,0.5,1024,1024-114,0.358333,0.0,1.0,1.0,0.358333,0.0,0.0,0.712257,0.457428,0.910829
difficulty,0.5,1024,1024-115,0.9,0.025,0.975,1.0,0.9,0.0,0.0,0.666529,0.481126,0.696727
difficulty,0.5,1024,1024-116,0.0,0.0,0.191667,0.191667,0.0,0.016667,0.0,0.814462,0.382166,1.483352
difficulty,0.5,1024,1024-117,0.0,0.0,0.0,0.0,0.0,0.741667,0.0,0.857116,0.290708,1.794548
difficulty,0.5,1024,1024-118,0.075,0.0,0.991667,0.991667,0.075,0.0,0.0,0.739259,0.456676,1.047193
difficulty,0.5,1024,1024-119,0.0,0.008333,0.0,0.008333,0.008333,0.0,0.808333,0.269501,0.492033,1.005251
difficulty,0.5,1024,1024-120,0.8,0.066667,0.933333,1.0,0.8,0.0,0.0,0.662923,0.570249,0.681764
difficulty,0.5,1024,1024-121,0.0,0.0,0.0,0.0,0.0,0.0,1.0,0.135796,0.362436,1.864729
difficulty,0.5,1024,1024-122,0.983333,0.341667,0.658333,1.0,0.983333,0.0,0.0,0.614945,0.528382,0.471657
difficulty,0.5,1024,1024-123,0.3,0.0,0.991667,0.991667,0.3,0.0,0.0,0.716027,0.495579,0.929325
difficulty,0.5,1024,1024-124,0.016667,0.341667,0.0,0.341667,0.341667,0.0,0.0,0.386354,0.495316,0.470201
difficulty,0.5,1024,1024-125,0.0,0.0,0.0,0.0,0.0,0.0,0.958333,0.232145,0.320336,1.203504
difficulty,0.5,1024,1024-126,0.0,0.433333,0.0,0.433333,0.433333,0.0,0.0,0.396479,0.470434,0.422629
difficulty,0.5,1024,1024-127,0.783333,0.85,0.15,1.0,1.0,0.0,0.0,0.548667,0.573188,0.229063
difficulty,0.5,1024,1024-128,0.0,0.0,0.208333,0.208333,0.0,0.025,0.0,0.817595,0.382743,1.504065
difficulty,0.5,1024,1024-129,0.066667,0.808333,0.008333,0.816667,0.816667,0.0,0.0,0.439437,0.482972,0.261774
difficulty,0.5,1024,1024-130,0.0,0.0,0.233333,0.233333,0.0,0.066667,0.0,0.816139,0.365195,1.497989
difficulty,0.5,1024,1024-131,0.958333,0.333333,0.666667,1.0,0.958333,0.0,0.0,0.626143,0.62253,0.521044
difficulty,0.5,1024,1024-132,0.541667,0.0,1.0,1.0,0.541667,0.0,0.0,0.698225,0.49433,0.843154
difficulty,0.5,1024,1024-133,0.0,0.0,0.0,0.0,0.0,1.0,0.0,0.894067,0.221848,2.135014
difficulty,0.5,1024,1024-134,0.575,0.941667,0.058333,1.0,1.0,0.0,0.0,0.511774,0.63424,0.178996
difficulty,0.5,1024,1024-135,0.65,0.925,0.075,1.0,1.0,0.0,0.0,0.521072,0.556347,0.179081
difficulty,0.5,1024,1024-136,0.0,0.0,0.0,0.0,0.0,0.291667,0.0,0.841338,0.3174,1.671839
difficulty,0.5,1024,1024-137,0.041667,0.383333,0.0,0.383333,0.383333,0.0,0.008333,0.392661,0.410358,0.4465
difficulty,0.5,1024,1024-138,0.0,0.0,0.0,0.0,0.0,1.0,0.0,0.90908,0.196626,2.305625
difficulty,0.5,1024,1024-139,0.283333,0.0,0.983333,0.983333,0.283333,0.0,0.0,0.722569,0.480276,0.963489
difficulty,0.5,1024,1024-140,0.383333,0.0,1.0,1.0,0.383333,0.0,0.0,0.709759,0.504576,0.899862
difficulty,0.5,1024,1024-141,0.166667,0.0,0.991667,0.991667,0.166667,0.0,0.0,0.730615,0.476083,1.003189
difficulty,0.5,1024,1024-142,0.008333,0.0,0.933333,0.933333,0.008333,0.008333,0.0,0.758112,0.426792,1.149779
difficulty,0.5,1024,1024-143,0.008333,0.266667,0.0,0.266667,0.266667,0.0,0.05,0.370035,0.542734,0.538348
difficulty,0.5,1024,1024-144,0.0,0.0,0.0,0.0,0.0,0.0,0.925,0.258554,0.368995,1.059115
difficulty,0.5,1024,1024-145,0.716667,0.933333,0.066667,1.0,1.0,0.0,0.0,0.533183,0.569714,0.182732
difficulty,0.5,1024,1024-146,0.0,0.0,0.675,0.675,0.0,0.008333,0.0,0.787378,0.39689,1.31457
difficulty,0.5,1024,1024-147,0.808333,0.841667,0.158333,1.0,0.991667,0.0,0.0,0.543106,0.549199,0.202828
difficulty,0.5,1024,1024-148,0.716667,0.925,0.075,1.0,1.0,0.0,0.0,0.532101,0.597533,0.198236
difficulty,0.5,1024,1024-149,0.0,0.0,0.0,0.0,0.0,0.0,0.95,0.233318,0.365775,1.199785
difficulty,0.5,1024,1024-150,0.958333,0.266667,0.733333,1.0,0.958333,0.0,0.0,0.636272,0.57348,0.564042
difficulty,0.5,1024,1024-151,0.008333,0.3,0.0,0.3,0.3,0.0,0.066667,0.368909,0.604742,0.545061
difficulty,0.5,1024,1024-152,0.65,0.0,1.0,1.0,0.65,0.0,0.0,0.683077,0.524305,0.773105
difficulty,0.5,1024,1024-153,0.0,0.0,0.0,0.0,0.0,0.0,1.0,0.196601,0.384428,1.416195
difficulty,0.5,1024,1024-154,0.0,0.0,0.925,0.925,0.0,0.0,0.0,0.772223,0.367778,1.224729
difficulty,0.5,1024,1024-155,0.191667,0.0,0.975,0.975,0.191667,0.0,0.0,0.729386,0.484828,0.997645
difficulty,0.5,1024,1024-156,0.0,0.141667,0.0,0.141667,0.141667,0.0,0.108333,0.349619,0.47453,0.625495
difficulty,0.5,1024,1024-157,0.0,0.091667,0.0,0.091667,0.091667,0.0,0.3,0.330513,0.457284,0.712935
difficulty,0.5,1024,1024-158,0.883333,0.7,0.3,1.0,0.991667,0.0,0.0,0.57449,0.604768,0.308222
difficulty,0.5,1024,1024-159,0.0,0.0,0.0,0.0,0.0,0.0,0.975,0.210521,0.282534,1.327754
difficulty,0.5,1024,1024-160,0.025,0.616667,0.0,0.616667,0.616667,0.0,0.0,0.414414,0.537042,0.354266
difficulty,0.5,1024,1024-161,0.0,0.0,0.0,0.0,0.0,0.0,1.0,0.149639,0.290434,1.744303
difficulty,0.5,1024,1024-162,0.275,0.875,0.0,0.875,0.875,0.0,0.0,0.466469,0.532981,0.203461
difficulty,0.5,1024,1024-163,0.4,0.0,0.991667,0.991667,0.4,0.0,0.0,0.710066,0.52048,0.901864
difficulty,0.5,1024,1024-164,0.0,0.0,0.0,0.0,0.0,0.0,1.0,0.212831,0.454099,1.318146
difficulty,0.5,1024,1024-165,0.6,0.0,1.0,1.0,0.6,0.0,0.0,0.685869,0.531993,0.786156
difficulty,0.5,1024,1024-166,0.716667,0.958333,0.041667,1.0,1.0,0.0,0.0,0.532303,0.629578,0.181092
difficulty,0.5,1024,1024-167,0.583333,0.925,0.075,1.0,1.0,0.0,0.0,0.511964,0.613031,0.179849
difficulty,0.5,1024,1024-168,0.933333,0.191667,0.808333,1.0,0.933333,0.0,0.0,0.647577,0.564318,0.614476
difficulty,0.5,1024,1024-169,0.008333,0.0,1.0,1.0,0.008333,0.0,0.0,0.745324,0.455531,1.077262
difficulty,0.5,1024,1024-170,0.0,0.0,0.0,0.0,0.0,0.0,1.0,0.157833,0.267617,1.685298
difficulty,0.5,1024,1024-171,0.0,0.0,0.0,0.0,0.0,0.0,1.0,0.125325,0.26102,1.951
difficulty,0.5,1024,1024-172,0.741667,0.925,0.075,1.0,1.0,0.0,0.0,0.531586,0.523563,0.168872
difficulty,0.5,1024,1024-173,0.25,0.85,0.008333,0.858333,0.858333,0.0,0.0,0.461296,0.548297,0.217452
difficulty,0.5,1024,1024-174,0.0,0.0,0.0,0.0,0.0,0.0,0.983333,0.224611,0.325044,1.245989
difficulty,0.5,1024,1024-175,0.45,0.958333,0.041667,1.0,1.0,0.0,0.0,0.49513,0.593304,0.165897
difficulty,0.5,1024,1024-176,0.908333,0.25,0.75,1.0,0.908333,0.0,0.0,0.63928,0.571897,0.577786
difficulty,0.5,1024,1024-177,0.883333,0.691667,0.308333,1.0,0.975,0.0,0.0,0.574469,0.598231,0.314754
difficulty,0.5,1024,1024-178,0.933333,0.1,0.9,1.0,0.933333,0.0,0.0,0.643632,0.501241,0.595033
difficulty,0.5,1024,1024-179,0.683333,0.933333,0.066667,1.0,1.0,0.0,0.0,0.530289,0.584899,0.196681
difficulty,0.5,1024,1024-180,0.083333,0.641667,0.0,0.641667,0.641667,0.0,0.0,0.423891,0.529582,0.329872
difficulty,0.5,1024,1024-181,0.0,0.083333,0.0,0.083333,0.083333,0.0,0.291667,0.331672,0.71071,0.708767
difficulty,0.5,1024,1024-182,0.133333,0.791667,0.008333,0.8,0.8,0.0,0.0,0.447724,0.565891,0.238943
difficulty,0.5,1024,1024-183,0.95,0.525,0.475,1.0,0.95,0.0,0.0,0.604921,0.54934,0.431105
difficulty,0.5,1024,1024-184,0.9,0.133333,0.866667,1.0,0.9,0.0,0.0,0.646624,0.522675,0.610181
difficulty,0.5,1024,1024-185,0.866667,0.908333,0.091667,1.0,0.991667,0.0,0.0,0.541427,0.513131,0.184498
difficulty,0.5,1024,1024-186,0.008333,0.091667,0.0,0.091667,0.091667,0.0,0.1,0.344112,0.538666,0.64968
difficulty,0.5,1024,1024-187,0.0,0.0,0.0,0.0,0.0,0.641667,0.0,0.853651,0.289069,1.768289
difficulty,0.5,1024,1024-188,0.883333,0.783333,0.216667,1.0,0.991667,0.0,0.0,0.560391,0.598738,0.258112
difficulty,0.5,1024,1024-189,0.0,0.183333,0.0,0.183333,0.183333,0.0,0.05,0.361675,0.501495,0.572996
difficulty,0.5,1024,1024-190,0.058333,0.0,1.0,1.0,0.058333,0.0,0.0,0.739618,0.435068,1.048266
difficulty,0.5,1024,1024-191,0.05,0.541667,0.0,0.541667,0.541667,0.0,0.0,0.407485,0.582629,0.387822
difficulty,0.5,1024,1024-192,0.183333,0.9,0.025,0.925,0.925,0.0,0.0,0.463232,0.545954,0.207452
difficulty,0.5,1024,1024-193,0.0,0.0,0.0,0.0,0.0,0.05,0.0,0.829175,0.350714,1.583041
difficulty,0.5,1024,1024-194,0.016667,0.466667,0.0,0.466667,0.466667,0.0,0.0,0.393271,0.59444,0.438508
difficulty,0.5,1024,1024-195,0.0,0.283333,0.0,0.283333,0.283333,0.0,0.091667,0.372176,0.561108,0.528309
difficulty,0.5,1024,1024-196,0.0,0.0,0.95,0.95,0.0,0.0,0.0,0.757532,0.434014,1.1449
difficulty,0.5,1024,1024-197,0.0,0.15,0.0,0.15,0.15,0.0,0.083333,0.359331,0.509604,0.582634
difficulty,0.5,1024,1024-198,0.758333,0.908333,0.091667,1.0,1.0,0.0,0.0,0.534125,0.614786,0.192258
difficulty,0.5,1024,1024-199,0.983333,0.466667,0.533333,1.0,0.983333,0.0,0.0,0.605274,0.545975,0.430622
difficulty,0.5,2026,2026-0,0.091667,0.658333,0.008333,0.666667,0.666667,0.0,0.0,0.430215,0.646338,0.305746
difficulty,0.5,2026,2026-1,0.908333,0.1,0.9,1.0,0.908333,0.0,0.0,0.654433,0.522724,0.642506
difficulty,0.5,2026,2026-2,0.0,0.0,0.0,0.0,0.0,0.0,0.991667,0.194769,0.416561,1.429708
difficulty,0.5,2026,2026-3,0.0,0.0,0.0,0.0,0.0,0.333333,0.0,0.841653,0.332901,1.674996
difficulty,0.5,2026,2026-4,0.2,0.0,1.0,1.0,0.2,0.0,0.0,0.732746,0.50143,1.014141
difficulty,0.5,2026,2026-5,0.741667,0.958333,0.041667,1.0,1.0,0.0,0.0,0.538207,0.55322,0.193713
difficulty,0.5,2026,2026-6,0.783333,0.858333,0.141667,1.0,0.991667,0.0,0.0,0.544598,0.65864,0.229474
difficulty,0.5,2026,2026-7,0.741667,0.016667,0.983333,1.0,0.741667,0.0,0.0,0.670229,0.500263,0.714218
difficulty,0.5,2026,2026-8,0.841667,0.775,0.225,1.0,0.991667,0.0,0.0,0.558126,0.658811,0.256454
difficulty,0.5,2026,2026-9,0.9,0.633333,0.366667,1.0,1.0,0.0,0.0,0.568972,0.629866,0.295188
difficulty,0.5,2026,2026-10,0.05,0.0,0.991667,0.991667,0.05,0.0,0.0,0.742589,0.452216,1.063804
difficulty,0.5,2026,2026-11,0.416667,0.0,1.0,1.0,0.416667,0.0,0.0,0.709431,0.476301,0.898348
difficulty,0.5,2026,2026-12,0.991667,0.483333,0.516667,1.0,0.991667,0.0,0.0,0.596628,0.58837,0.395006
difficulty,0.5,2026,2026-13,0.991667,0.616667,0.383333,1.0,0.991667,0.0,0.0,0.586232,0.575083,0.351826
difficulty,0.5,2026,2026-14,0.883333,0.175,0.816667,0.991667,0.883333,0.0,0.0,0.647574,0.538065,0.615013
difficulty,0.5,2026,2026-15,0.366667,0.891667,0.016667,0.908333,0.908333,0.0,0.0,0.471575,0.689989,0.204115
difficulty,0.5,2026,2026-16,0.608333,0.983333,0.016667,1.0,1.0,0.0,0.0,0.512447,0.557304,0.146295
difficulty,0.5,2026,2026-17,0.408333,0.0,0.991667,0.991667,0.408333,0.0,0.0,0.711127,0.502745,0.906907
difficulty,0.5,2026,2026-18,0.991667,0.583333,0.416667,1.0,1.0,0.0,0.0,0.584279,0.549905,0.343821
difficulty,0.5,2026,2026-19,0.0,0.025,0.0,0.025,0.025,0.0,0.658333,0.287451,0.575464,0.916368
difficulty,0.5,2026,2026-20,0.441667,0.983333,0.016667,1.0,1.0,0.0,0.0,0.499376,0.637356,0.157324
difficulty,0.5,2026,2026-21,0.2,0.0,0.991667,0.991667,0.2,0.0,0.0,0.734906,0.461969,1.025993
difficulty,0.5,2026,2026-22,0.9,0.758333,0.241667,1.0,1.0,0.0,0.0,0.566145,0.626976,0.28219
difficulty,0.5,2026,2026-23,0.941667,0.625,0.375,1.0,0.991667,0.0,0.0,0.578829,0.665555,0.323524
difficulty,0.5,2026,2026-24,0.166667,0.0,0.991667,0.991667,0.166667,0.0,0.0,0.728427,0.449982,0.991144
difficulty,0.5,2026,2026-25,0.0,0.0,0.0,0.0,0.0,1.0,0.0,0.885399,0.243449,2.048036
difficulty,0.5,2026,2026-26,0.083333,0.741667,0.0,0.741667,0.741667,0.0,0.0,0.438939,0.563929,0.265558
difficulty,0.5,2026,2026-27,0.0,0.0,0.008333,0.008333,0.0,0.141667,0.0,0.834475,0.328524,1.621856
difficulty,0.5,2026,2026-28,0.0,0.05,0.0,0.05,0.05,0.0,0.366667,0.32296,0.53653,0.74701
difficulty,0.5,2026,2026-29,0.925,0.183333,0.816667,1.0,0.925,0.0,0.0,0.644728,0.571976,0.601005
difficulty,0.5,2026,2026-30,0.0,0.116667,0.0,0.116667,0.116667,0.0,0.2,0.337361,0.472916,0.681962
difficulty,0.5,2026,2026-31,0.0,0.0,0.0,0.0,0.0,0.166667,0.0,0.835204,0.315148,1.626744
difficulty,0.5,2026,2026-32,0.0,0.0,0.916667,0.916667,0.0,0.0,0.0,0.765831,0.448844,1.191646
difficulty,0.5,2026,2026-33,0.0,0.0,0.383333,0.383333,0.0,0.033333,0.0,0.808364,0.338447,1.445479
difficulty,0.5,2026,2026-34,0.016667,0.408333,0.0,0.408333,0.408333,0.0,0.0,0.392975,0.485979,0.441563
difficulty,0.5,2026,2026-35,0.116667,0.0,1.0,1.0,0.116667,0.0,0.0,0.737654,0.490657,1.039523
difficulty,0.5,2026,2026-36,0.4,0.975,0.016667,0.991667,0.991667,0.0,0.0,0.483622,0.592994,0.174216
difficulty,0.5,2026,2026-37,0.508333,0.991667,0.008333,1.0,1.0,0.0,0.0,0.500348,0.592873,0.13901
difficulty,0.5,2026,2026-38,0.391667,0.0,0.991667,0.991667,0.391667,0.0,0.0,0.709654,0.530252,0.901104
difficulty,0.5,2026,2026-39,0.0,0.0,0.941667,0.941667,0.0,0.0,0.0,0.768142,0.422933,1.202245
difficulty,0.5,2026,2026-40,0.908333,0.1,0.9,1.0,0.908333,0.0,0.0,0.653778,0.542787,0.640855
difficulty,0.5,2026,2026-41,0.258333,0.925,0.0,0.925,0.925,0.0,0.0,0.463522,0.527595,0.21157
difficulty,0.5,2026,2026-42,0.141667,0.666667,0.025,0.691667,0.691667,0.0,0.0,0.43116,0.595256,0.316254
difficulty,0.5,2026,2026-43,0.0,0.0,0.0,0.0,0.0,0.358333,0.0,0.846105,0.29473,1.709272
difficulty,0.5,2026,2026-44,0.308333,0.0,1.0,1.0,0.308333,0.0,0.0,0.723101,0.508385,0.965162
difficulty,0.5,2026,2026-45,0.033333,0.0,0.983333,0.983333,0.033333,0.0,0.0,0.744474,0.452938,1.074264
difficulty,0.5,2026,2026-46,0.0,0.0,0.0,0.0,0.0,1.0,0.0,0.913857,0.180482,2.364528
difficulty,0.5,2026,2026-47,0.05,0.616667,0.0,0.616667,0.616667,0.0,0.0,0.419148,0.60779,0.338752
difficulty,0.5,2026,2026-48,0.0,0.0,0.0,0.0,0.0,1.0,0.0,0.936641,0.146873,2.694884
difficulty,0.5,2026,2026-49,0.0,0.0,0.0,0.0,0.0,1.0,0.0,0.963179,0.085458,3.265623
difficulty,0.5,2026,2026-50,0.0,0.0,0.0,0.0,0.0,0.875,0.0,0.864103,0.285175,1.853103
difficulty,0.5,2026,2026-51,0.0,0.0,0.933333,0.933333,0.0,0.0,0.0,0.762357,0.415082,1.17061
difficulty,0.5,2026,2026-52,0.141667,0.85,0.008333,0.858333,0.858333,0.0,0.0,0.451634,0.599488,0.242546
difficulty,0.5,2026,2026-53,0.0,0.0,0.658333,0.658333,0.0,0.0,0.0,0.788042,0.419653,1.318546
difficulty,0.5,2026,2026-54,0.575,0.933333,0.066667,1.0,1.0,0.0,0.0,0.511584,0.631938,0.176741
difficulty,0.5,2026,2026-55,0.983333,0.441667,0.558333,1.0,0.983333,0.0,0.0,0.606748,0.568577,0.438116
difficulty,0.5,2026,2026-56,0.783333,0.866667,0.133333,1.0,1.0,0.0,0.0,0.545635,0.6132,0.220889
difficulty,0.5,2026,2026-57,0.725,0.008333,0.991667,1.0,0.725,0.0,0.0,0.669629,0.568786,0.71113
difficulty,0.5,2026,2026-58,0.0,0.0,0.075,0.075,0.0,0.075,0.0,0.826588,0.339053,1.566878
difficulty,0.5,2026,2026-59,0.316667,0.975,0.008333,0.983333,0.983333,0.0,0.0,0.476982,0.564582,0.176679
difficulty,0.5,2026,2026-60,0.05,0.433333,0.0,0.433333,0.433333,0.0,0.016667,0.398548,0.682791,0.428578
difficulty,0.5,2026,2026-61,0.0,0.266667,0.0,0.266667,0.266667,0.0,0.025,0.369464,0.559021,0.538368
difficulty,0.5,2026,2026-62,0.016667,0.275,0.0,0.275,0.275,0.0,0.0,0.376699,0.541566,0.507657
difficulty,0.5,2026,2026-63,0.0,0.008333,0.0,0.008333,0.008333,0.0,0.841667,0.272067,0.391657,0.990125
difficulty,0.5,2026,2026-64,0.066667,0.55,0.0,0.55,0.55,0.0,0.0,0.408904,0.628142,0.388927
difficulty,0.5,2026,2026-65,0.0,0.0,0.008333,0.008333,0.0,0.025,0.0,0.827374,0.335413,1.56988
difficulty,0.5,2026,2026-66,0.333333,0.925,0.008333,0.933333,0.933333,0.0,0.0,0.480559,0.689532,0.16663
difficulty,0.5,2026,2026-67,0.841667,0.058333,0.933333,0.991667,0.841667,0.0,0.0,0.661394,0.539644,0.675313
difficulty,0.5,2026,2026-68,0.0,0.05,0.0,0.05,0.05,0.0,0.275,0.328775,0.574078,0.720098
difficulty,0.5,2026,2026-69,0.833333,0.175,0.825,1.0,0.833333,0.0,0.0,0.653426,0.634717,0.641981
difficulty,0.5,2026,2026-70,0.0,0.0,0.0,0.0,0.0,0.0,0.983333,0.21916,0.447171,1.280458
difficulty,0.5,2026,2026-71,0.141667,0.8,0.0,0.8,0.8,0.0,0.0,0.443091,0.622758,0.256973
difficulty,0.5,2026,2026-72,0.0,0.0,0.0,0.0,0.0,1.0,0.0,0.919472,0.167908,2.437663
difficulty,0.5,2026,2026-73,0.308333,0.916667,0.016667,0.933333,0.933333,0.0,0.0,0.471639,0.564516,0.179968
difficulty,0.5,2026,2026-74,0.0,0.0,0.358333,0.358333,0.0,0.008333,0.0,0.803988,0.343556,1.415626
difficulty,0.5,2026,2026-75,0.533333,0.0,1.0,1.0,0.533333,0.0,0.0,0.696741,0.489111,0.836403
difficulty,0.5,2026,2026-76,0.966667,0.716667,0.283333,1.0,1.0,0.0,0.0,0.56991,0.568442,0.285249
difficulty,0.5,2026,2026-77,0.308333,0.816667,0.016667,0.833333,0.833333,0.0,0.0,0.465637,0.682279,0.222075
difficulty,0.5,2026,2026-78,0.0,0.0,0.058333,0.058333,0.0,0.066667,0.0,0.826993,0.319359,1.568822
difficulty,0.5,2026,2026-79,0.916667,0.691667,0.308333,1.0,1.0,0.0,0.0,0.57399,0.619281,0.306095
difficulty,0.5,2026,2026-80,0.0,0.0,0.0,0.0,0.0,0.65,0.0,0.853779,0.312301,1.76833
difficulty,0.5,2026,2026-81,0.116667,0.766667,0.008333,0.775,0.775,0.0,0.0,0.438439,0.542143,0.279841
difficulty,0.5,2026,2026-82,0.958333,0.4,0.6,1.0,0.958333,0.0,0.0,0.616511,0.515934,0.478589
difficulty,0.5,2026,2026-83,0.5,0.0,0.991667,0.991667,0.5,0.0,0.0,0.697862,0.503989,0.841855
difficulty,0.5,2026,2026-84,0.633333,0.008333,0.991667,1.0,0.633333,0.0,0.0,0.682318,0.529067,0.76975
difficulty,0.5,2026,2026-85,0.0,0.058333,0.0,0.058333,0.058333,0.0,0.366667,0.319934,0.574958,0.761444
difficulty,0.5,2026,2026-86,0.075,0.866667,0.0,0.866667,0.866667,0.0,0.0,0.442516,0.527249,0.247486
difficulty,0.5,2026,2026-87,0.933333,0.725,0.275,1.0,0.991667,0.0,0.0,0.569901,0.545088,0.28844
difficulty,0.5,2026,2026-88,0.058333,0.583333,0.0,0.583333,0.583333,0.0,0.0,0.412248,0.575465,0.372443
difficulty,0.5,2026,2026-89,0.141667,0.0,0.991667,0.991667,0.141667,0.0,0.0,0.736245,0.481036,1.032451
difficulty,0.5,2026,2026-90,0.233333,0.0,0.983333,0.983333,0.233333,0.0,0.0,0.722926,0.48925,0.965295
difficulty,0.5,2026,2026-91,0.0,0.0,0.0,0.0,0.0,0.0,1.0,0.174605,0.296755,1.560073
difficulty,0.5,2026,2026-92,0.0,0.0,0.0,0.0,0.0,0.0,0.95,0.215855,0.457473,1.301854
difficulty,0.5,2026,2026-93,0.0,0.033333,0.0,0.033333,0.033333,0.0,0.425,0.3116,0.490786,0.800308
difficulty,0.5,2026,2026-94,0.933333,0.233333,0.766667,1.0,0.933333,0.0,0.0,0.635374,0.495331,0.559704
difficulty,0.5,2026,2026-95,0.0,0.0,0.0,0.0,0.0,1.0,0.0,0.902591,0.214404,2.229264
difficulty,0.5,2026,2026-96,0.675,0.966667,0.033333,1.0,1.0,0.0,0.0,0.521549,0.560193,0.175548
difficulty,0.5,2026,2026-97,0.85,0.083333,0.916667,1.0,0.85,0.0,0.0,0.656574,0.533932,0.652677
difficulty,0.5,2026,2026-98,0.0,0.241667,0.0,0.241667,0.241667,0.0,0.091667,0.365889,0.569893,0.555168
difficulty,0.5,2026,2026-99,0.008333,0.175,0.0,0.175,0.175,0.0,0.108333,0.358154,0.534886,0.588721
difficulty,0.5,2026,2026-100,0.0,0.0,0.0,0.0,0.0,0.0,1.0,0.17251,0.278169,1.573553
difficulty,0.5,2026,2026-101,0.958333,0.458333,0.541667,1.0,0.958333,0.0,0.0,0.60797,0.586862,0.444515
difficulty,0.5,2026,2026-102,0.0,0.0,0.8,0.8,0.0,0.0,0.0,0.780114,0.420747,1.270697
difficulty,0.5,2026,2026-103,0.75,0.966667,0.033333,1.0,1.0,0.0,0.0,0.529881,0.627312,0.17312
difficulty,0.5,2026,2026-104,0.0,0.0,0.0,0.0,0.0,0.275,0.0,0.840936,0.312481,1.669764
difficulty,0.5,2026,2026-105,0.933333,0.116667,0.883333,1.0,0.933333,0.0,0.0,0.648554,0.546153,0.616874
difficulty,0.5,2026,2026-106,1.0,0.475,0.525,1.0,1.0,0.0,0.0,0.599774,0.593785,0.407219
difficulty,0.5,2026,2026-107,0.383333,0.0,1.0,1.0,0.383333,0.0,0.0,0.713322,0.469181,0.9174
difficulty,0.5,2026,2026-108,0.5,0.0,1.0,1.0,0.5,0.0,0.0,0.700209,0.464218,0.852623
difficulty,0.5,2026,2026-109,0.0,0.0,0.4,0.4,0.0,0.008333,0.0,0.806559,0.385284,1.432172
difficulty,0.5,2026,2026-110,0.083333,0.65,0.0,0.65,0.65,0.0,0.0,0.42183,0.545418,0.330703
difficulty,0.5,2026,2026-111,0.0,0.0,0.0,0.0,0.0,0.0,1.0,0.12971,0.188922,1.912166
difficulty,0.5,2026,2026-112,0.95,0.233333,0.766667,1.0,0.95,0.0,0.0,0.634753,0.576163,0.557074
difficulty,0.5,2026,2026-113,0.133333,0.858333,0.008333,0.866667,0.866667,0.0,0.0,0.453106,0.499893,0.225403
difficulty,0.5,2026,2026-114,0.983333,0.475,0.525,1.0,0.983333,0.0,0.0,0.60332,0.628278,0.423611
difficulty,0.5,2026,2026-115,0.0,0.0,0.0,0.0,0.0,0.991667,0.0,0.869079,0.267548,1.896074
difficulty,0.5,2026,2026-116,0.0,0.058333,0.0,0.058333,0.058333,0.0,0.158333,0.339212,0.408346,0.67101
difficulty,0.5,2026,2026-117,0.0,0.0,0.983333,0.983333,0.0,0.0,0.0,0.752282,0.480507,1.116365
difficulty,0.5,2026,2026-118,0.0,0.0,0.808333,0.808333,0.0,0.016667,0.0,0.782212,0.388681,1.283798
difficulty,0.5,2026,2026-119,0.5,0.0,0.991667,0.991667,0.5,0.0,0.0,0.697742,0.518124,0.84277
difficulty,0.5,2026,2026-120,0.0,0.0,0.516667,0.516667,0.0,0.025,0.0,0.803323,0.350459,1.413076
difficulty,0.5,2026,2026-121,0.533333,0.925,0.075,1.0,1.0,0.0,0.0,0.50694,0.624477,0.187779
difficulty,0.5,2026,2026-122,0.266667,0.816667,0.008333,0.825,0.825,0.0,0.0,0.461862,0.761449,0.231893
difficulty,0.5,2026,2026-123,0.0,0.0,0.566667,0.566667,0.0,0.016667,0.0,0.79562,0.405416,1.365206
difficulty,0.5,2026,2026-124,0.025,0.0,0.958333,0.958333,0.025,0.0,0.0,0.749675,0.448294,1.103563
difficulty,0.5,2026,2026-125,0.0,0.0,0.0,0.0,0.0,0.275,0.0,0.838928,0.313201,1.654009
difficulty,0.5,2026,2026-126,0.866667,0.158333,0.841667,1.0,0.866667,0.0,0.0,0.65308,0.534841,0.638459
difficulty,0.5,2026,2026-127,0.0,0.0,0.0,0.0,0.0,0.908333,0.0,0.864719,0.278307,1.858116
difficulty,0.5,2026,2026-128,0.8,0.916667,0.083333,1.0,1.0,0.0,0.0,0.541973,0.595243,0.207456
difficulty,0.5,2026,2026-129,0.016667,0.141667,0.0,0.141667,0.141667,0.0,0.166667,0.35348,0.521567,0.612776
difficulty,0.5,2026,2026-130,0.0,0.0,0.0,0.0,0.0,0.0,1.0,0.153805,0.268712,1.713014
difficulty,0.5,2026,2026-131,0.008333,0.15,0.0,0.15,0.15,0.0,0.158333,0.355675,0.613797,0.600847
difficulty,0.5,2026,2026-132,0.0,0.0,0.933333,0.933333,0.0,0.0,0.0,0.76125,0.391684,1.166632
difficulty,0.5,2026,2026-133,0.0,0.0,0.0,0.0,0.0,0.0,0.9,0.261349,0.336583,1.044591
difficulty,0.5,2026,2026-134,0.408333,1.0,0.0,1.0,1.0,0.0,0.0,0.491939,0.47265,0.131789
difficulty,0.5,2026,2026-135,0.0,0.0,0.0,0.0,0.0,1.0,0.0,0.908165,0.19979,2.29387
difficulty,0.5,2026,2026-136,0.0,0.0,0.941667,0.941667,0.0,0.0,0.0,0.764207,0.404398,1.180259
difficulty,0.5,2026,2026-137,0.0,0.0,0.0,0.0,0.0,1.0,0.0,0.882762,0.24235,2.024655
difficulty,0.5,2026,2026-138,0.025,0.375,0.0,0.375,0.375,0.0,0.041667,0.382128,0.595035,0.492689
difficulty,0.5,2026,2026-139,0.0,0.0,0.0,0.0,0.0,0.0,1.0,0.112242,0.353824,2.079392
difficulty,0.5,2026,2026-140,0.0,0.0,0.0,0.0,0.0,0.591667,0.0,0.854209,0.298834,1.773612
difficulty,0.5,2026,2026-141,0.0,0.0,0.0,0.0,0.0,0.0,0.7,0.27853,0.545855,0.957794
difficulty,0.5,2026,2026-142,0.941667,0.316667,0.683333,1.0,0.941667,0.0,0.0,0.626055,0.57213,0.520541
difficulty,0.5,2026,2026-143,0.875,0.1,0.9,1.0,0.875,0.0,0.0,0.657635,0.54614,0.658315
difficulty,0.5,2026,2026-144,0.008333,0.166667,0.0,0.166667,0.166667,0.0,0.008333,0.370858,0.387795,0.532731
difficulty,0.5,2026,2026-145,0.0,0.0,0.0,0.0,0.0,0.708333,0.0,0.858599,0.261981,1.80853
difficulty,0.5,2026,2026-146,0.0,0.0,0.0,0.0,0.0,0.725,0.0,0.856694,0.312094,1.79276
difficulty,0.5,2026,2026-147,0.375,0.0,1.0,1.0,0.375,0.0,0.0,0.715519,0.523463,0.928107
difficulty,0.5,2026,2026-148,0.983333,0.475,0.525,1.0,0.983333,0.0,0.0,0.601554,0.56025,0.41509
difficulty,0.5,2026,2026-149,0.941667,0.108333,0.891667,1.0,0.941667,0.0,0.0,0.646686,0.550755,0.608471
difficulty,0.5,2026,2026-150,0.016667,0.233333,0.0,0.233333,0.233333,0.0,0.108333,0.362806,0.641453,0.574426
difficulty,0.5,2026,2026-151,0.8,0.825,0.175,1.0,1.0,0.0,0.0,0.552217,0.605853,0.233538
difficulty,0.5,2026,2026-152,0.966667,0.533333,0.466667,1.0,0.983333,0.0,0.0,0.589782,0.543068,0.367473
difficulty,0.5,2026,2026-153,0.033333,0.558333,0.0,0.558333,0.558333,0.0,0.0,0.408636,0.513538,0.382938
difficulty,0.5,2026,2026-154,0.0,0.0,0.941667,0.941667,0.0,0.0,0.0,0.766259,0.42909,1.192451
difficulty,0.5,2026,2026-155,0.0,0.033333,0.0,0.033333,0.033333,0.0,0.675,0.288207,0.512801,0.912233
difficulty,0.5,2026,2026-156,0.408333,0.975,0.025,1.0,1.0,0.0,0.0,0.494305,0.509078,0.148215
difficulty,0.5,2026,2026-157,0.0,0.0,0.0,0.0,0.0,0.0,1.0,0.133809,0.205737,1.879196
difficulty,0.5,2026,2026-158,0.425,0.0,1.0,1.0,0.425,0.0,0.0,0.70304,0.484598,0.866338
difficulty,0.5,2026,2026-159,0.041667,0.0,0.991667,0.991667,0.041667,0.0,0.0,0.74741,0.405491,1.090496
difficulty,0.5,2026,2026-160,0.175,0.0,0.983333,0.983333,0.175,0.0,0.0,0.730851,0.474072,1.004985
difficulty,0.5,2026,2026-161,0.0,0.0,0.0,0.0,0.0,1.0,0.0,0.954675,0.103427,3.048871
difficulty,0.5,2026,2026-162,0.0,0.0,0.791667,0.791667,0.0,0.0,0.0,0.778984,0.408961,1.264049
difficulty,0.5,2026,2026-163,0.016667,0.45,0.0,0.45,0.45,0.0,0.0,0.395043,0.6553,0.4312
difficulty,0.5,2026,2026-164,0.0,0.0,0.0,0.0,0.0,1.0,0.0,0.942564,0.133157,2.798988
difficulty,0.5,2026,2026-165,0.016667,0.458333,0.0,0.458333,0.458333,0.0,0.0,0.396634,0.591128,0.426087
difficulty,0.5,2026,2026-166,0.0,0.0,0.991667,0.991667,0.0,0.0,0.0,0.752775,0.430068,1.117003
difficulty,0.5,2026,2026-167,0.083333,0.0,0.966667,0.966667,0.083333,0.0,0.0,0.750635,0.470083,1.108287
difficulty,0.5,2026,2026-168,0.025,0.475,0.0,0.475,0.475,0.0,0.0,0.402037,0.567529,0.403788
difficulty,0.5,2026,2026-169,0.0,0.0,0.0,0.0,0.0,0.341667,0.0,0.84121,0.311566,1.672982
difficulty,0.5,2026,2026-170,0.6,0.0,0.991667,0.991667,0.6,0.0,0.0,0.683701,0.513314,0.777046
difficulty,0.5,2026,2026-171,0.291667,0.0,0.991667,0.991667,0.291667,0.0,0.0,0.718669,0.454631,0.943787
difficulty,0.5,2026,2026-172,0.133333,0.841667,0.008333,0.85,0.85,0.0,0.0,0.450679,0.631961,0.239082
difficulty,0.5,2026,2026-173,0.0,0.0,0.025,0.025,0.0,0.05,0.0,0.827555,0.370004,1.572065
difficulty,0.5,2026,2026-174,0.083333,0.641667,0.0,0.641667,0.641667,0.0,0.0,0.420853,0.675687,0.331509
difficulty,0.5,2026,2026-175,0.0,0.0,0.0,0.0,0.0,0.0,1.0,0.199748,0.317829,1.393879
difficulty,0.5,2026,2026-176,0.0,0.0,0.0,0.0,0.0,0.325,0.0,0.843363,0.317806,1.687225
difficulty,0.5,2026,2026-177,0.625,0.95,0.05,1.0,1.0,0.0,0.0,0.518974,0.60871,0.186498
difficulty,0.5,2026,2026-178,0.983333,0.341667,0.658333,1.0,0.983333,0.0,0.0,0.618128,0.589149,0.485613
difficulty,0.5,2026,2026-179,0.0,0.0,0.0,0.0,0.0,1.0,0.0,0.894229,0.220067,2.139032
difficulty,0.5,2026,2026-180,0.0,0.0,0.375,0.375,0.0,0.016667,0.0,0.807235,0.374858,1.436348
difficulty,0.5,2026,2026-181,0.233333,0.0,1.0,1.0,0.233333,0.0,0.0,0.728643,0.499698,0.993153
difficulty,0.5,2026,2026-182,0.0,0.0,0.558333,0.558333,0.0,0.008333,0.0,0.797917,0.388401,1.378238
difficulty,0.5,2026,2026-183,0.091667,0.75,0.0,0.75,0.75,0.0,0.0,0.437324,0.605305,0.277579
difficulty,0.5,2026,2026-184,0.0,0.0,0.991667,0.991667,0.0,0.0,0.0,0.74748,0.457096,1.090053
difficulty,0.5,2026,2026-185,0.0,0.0,0.491667,0.491667,0.0,0.008333,0.0,0.802421,0.376425,1.406057
difficulty,0.5,2026,2026-186,0.016667,0.0,0.966667,0.966667,0.016667,0.0,0.0,0.752735,0.46276,1.118645
difficulty,0.5,2026,2026-187,0.908333,0.733333,0.266667,1.0,0.991667,0.0,0.0,0.566706,0.539654,0.280743
difficulty,0.5,2026,2026-188,0.0,0.0,0.0,0.0,0.0,0.0,1.0,0.03258,0.077297,3.405483
difficulty,0.5,2026,2026-189,0.3,0.0,0.975,0.975,0.3,0.0,0.0,0.717229,0.469086,0.936775
difficulty,0.5,2026,2026-190,0.966667,0.241667,0.758333,1.0,0.966667,0.0,0.0,0.635204,0.573356,0.559323
difficulty,0.5,2026,2026-191,0.658333,0.966667,0.033333,1.0,1.0,0.0,0.0,0.52097,0.47857,0.153585
difficulty,0.5,2026,2026-192,0.008333,0.0,0.975,0.975,0.008333,0.0,0.0,0.756582,0.455865,1.139317
difficulty,0.5,2026,2026-193,0.758333,0.05,0.941667,0.991667,0.758333,0.0,0.0,0.66184,0.579602,0.677165
difficulty,0.5,2026,2026-194,0.858333,0.108333,0.891667,1.0,0.858333,0.0,0.0,0.655357,0.541708,0.648033
difficulty,0.5,2026,2026-195,0.0,0.0,0.0,0.0,0.0,0.0,0.875,0.257939,0.426999,1.064198
difficulty,0.5,2026,2026-196,0.0,0.0,0.0,0.0,0.0,0.0,0.816667,0.26463,0.369669,1.028478
difficulty,0.5,2026,2026-197,0.683333,0.0,1.0,1.0,0.683333,0.0,0.0,0.680696,0.471181,0.761023
difficulty,0.5,2026,2026-198,0.983333,0.333333,0.666667,1.0,0.983333,0.0,0.0,0.618535,0.544614,0.486378
difficulty,0.5,2026,2026-199,0.966667,0.183333,0.816667,1.0,0.966667,0.0,0.0,0.631505,0.49012,0.54203
difficulty,1.0,42,42-0,0.566667,0.0,0.991667,0.991667,0.566667,0.0,0.0,0.694883,0.547415,0.829748
difficulty,1.0,42,42-1,0.108333,0.5,0.041667,0.541667,0.541667,0.0,0.0,0.41775,0.529102,0.414462
difficulty,1.0,42,42-2,0.0,0.0,0.816667,0.816667,0.0,0.025,0.0,0.776048,0.398745,1.253908
difficulty,1.0,42,42-3,0.0,0.0,0.475,0.475,0.0,0.066667,0.0,0.803466,0.363585,1.422084
difficulty,1.0,42,42-4,0.0,0.033333,0.0,0.033333,0.033333,0.0,0.941667,0.223844,0.491569,1.263842
difficulty,1.0,42,42-5,0.05,0.216667,0.008333,0.225,0.225,0.0,0.2,0.361358,0.527974,0.608003
difficulty,1.0,42,42-6,0.766667,0.066667,0.908333,0.975,0.766667,0.008333,0.0,0.670364,0.449182,0.722994
difficulty,1.0,42,42-7,0.866667,0.725,0.258333,0.983333,0.966667,0.0,0.0,0.572149,0.510367,0.307778
difficulty,1.0,42,42-8,0.933333,0.233333,0.758333,0.991667,0.933333,0.0,0.0,0.635606,0.501628,0.562677
difficulty,1.0,42,42-9,0.158333,0.783333,0.05,0.833333,0.825,0.0,0.0,0.459586,0.599616,0.264134
difficulty,1.0,42,42-10,0.0,0.0,0.508333,0.508333,0.0,0.05,0.0,0.798276,0.393729,1.391445
difficulty,1.0,42,42-11,0.0,0.0,0.825,0.825,0.0,0.0,0.0,0.776909,0.426886,1.253576
difficulty,1.0,42,42-12,0.85,0.125,0.875,1.0,0.85,0.0,0.0,0.659969,0.530412,0.670446
difficulty,1.0,42,42-13,0.0,0.0,0.066667,0.066667,0.0,0.116667,0.0,0.828333,0.333052,1.583398
difficulty,1.0,42,42-14,0.275,0.0,0.975,0.975,0.275,0.0,0.0,0.727658,0.497641,0.989743
difficulty,1.0,42,42-15,0.141667,0.766667,0.016667,0.783333,0.775,0.0,0.0,0.444152,0.531596,0.289218
difficulty,1.0,42,42-16,0.441667,0.0,0.966667,0.966667,0.441667,0.008333,0.0,0.711239,0.427584,0.909919
difficulty,1.0,42,42-17,0.125,0.65,0.016667,0.666667,0.666667,0.0,0.0,0.43132,0.586879,0.327843
difficulty,1.0,42,42-18,0.0,0.0,0.641667,0.641667,0.0,0.033333,0.0,0.792191,0.402512,1.345645
difficulty,1.0,42,42-19,0.916667,0.291667,0.7,0.991667,0.916667,0.0,0.0,0.633387,0.490644,0.553696
difficulty,1.0,42,42-20,0.966667,0.458333,0.541667,1.0,0.966667,0.0,0.0,0.603035,0.563624,0.422744
difficulty,1.0,42,42-21,0.458333,0.9,0.083333,0.983333,0.95,0.0,0.0,0.506603,0.585689,0.227522
difficulty,1.0,42,42-22,0.0,0.0,0.016667,0.016667,0.0,0.191667,0.0,0.835926,0.325838,1.63334
difficulty,1.0,42,42-23,0.916667,0.341667,0.641667,0.983333,0.916667,0.0,0.0,0.621008,0.594348,0.502167
difficulty,1.0,42,42-24,0.775,0.833333,0.166667,1.0,1.0,0.0,0.0,0.548598,0.512918,0.237095
difficulty,1.0,42,42-25,0.833333,0.791667,0.2,0.991667,0.933333,0.0,0.0,0.571311,0.520801,0.304758
difficulty,1.0,42,42-26,0.141667,0.0,0.958333,0.958333,0.141667,0.0,0.0,0.739437,0.497309,1.050734
difficulty,1.0,42,42-27,0.358333,0.0,0.966667,0.966667,0.358333,0.008333,0.0,0.717248,0.445503,0.941807
difficulty,1.0,42,42-28,0.291667,0.0,0.958333,0.958333,0.291667,0.0,0.0,0.723658,0.461093,0.972625
difficulty,1.0,42,42-29,0.275,0.0,0.983333,0.983333,0.275,0.0,0.0,0.721254,0.487704,0.957414
difficulty,1.0,42,42-30,0.0,0.0,0.0,0.0,0.0,1.0,0.0,0.92067,0.174486,2.454456
difficulty,1.0,42,42-31,0.791667,0.816667,0.183333,1.0,0.958333,0.0,0.0,0.563615,0.578353,0.289553
difficulty,1.0,42,42-32,0.708333,0.916667,0.083333,1.0,0.975,0.0,0.0,0.537201,0.587638,0.217779
difficulty,1.0,42,42-33,0.25,0.858333,0.025,0.883333,0.875,0.0,0.0,0.467101,0.557842,0.234984
difficulty,1.0,42,42-34,0.008333,0.0,0.983333,0.983333,0.008333,0.0,0.0,0.748392,0.428387,1.094542
difficulty,1.0,42,42-35,0.0,0.0,0.083333,0.083333,0.0,0.116667,0.0,0.828144,0.322441,1.586822
difficulty,1.0,42,42-36,0.975,0.358333,0.641667,1.0,0.975,0.0,0.0,0.616313,0.571325,0.478922
difficulty,1.0,42,42-37,0.291667,0.791667,0.041667,0.833333,0.833333,0.0,0.0,0.466401,0.643119,0.237763
difficulty,1.0,42,42-38,0.283333,0.841667,0.05,0.891667,0.875,0.0,0.0,0.472739,0.626149,0.237035
difficulty,1.0,42,42-39,0.016667,0.0,0.891667,0.891667,0.016667,0.016667,0.0,0.762445,0.463723,1.175184
difficulty,1.0,42,42-40,0.0,0.0,0.883333,0.883333,0.0,0.025,0.0,0.775686,0.412405,1.253094
difficulty,1.0,42,42-41,0.058333,0.0,0.95,0.95,0.058333,0.016667,0.0,0.744773,0.462559,1.080736
difficulty,1.0,42,42-42,0.458333,0.933333,0.05,0.983333,0.958333,0.0,0.0,0.498316,0.560055,0.192202
difficulty,1.0,42,42-43,0.508333,0.008333,0.975,0.983333,0.508333,0.0,0.0,0.688516,0.587364,0.801634
difficulty,1.0,42,42-44,0.75,0.1,0.891667,0.991667,0.75,0.0,0.0,0.666794,0.550931,0.704315
difficulty,1.0,42,42-45,0.658333,0.0,0.983333,0.983333,0.658333,0.0,0.0,0.683663,0.514048,0.778248
difficulty,1.0,42,42-46,0.0,0.0,0.633333,0.633333,0.0,0.008333,0.0,0.79184,0.38754,1.341164
difficulty,1.0,42,42-47,0.633333,0.0,0.983333,0.983333,0.633333,0.0,0.0,0.68474,0.465401,0.783828
difficulty,1.0,42,42-48,0.016667,0.0,0.908333,0.908333,0.016667,0.016667,0.0,0.763804,0.414914,1.18437
difficulty,1.0,42,42-49,0.8,0.1,0.875,0.975,0.8,0.0,0.0,0.658134,0.603496,0.663966
difficulty,1.0,42,42-50,0.608333,0.0,0.975,0.975,0.608333,0.008333,0.0,0.692602,0.48321,0.820805
difficulty,1.0,42,42-51,0.008333,0.0,0.933333,0.933333,0.008333,0.008333,0.0,0.752454,0.431136,1.120035
difficulty,1.0,42,42-52,0.041667,0.133333,0.008333,0.141667,0.141667,0.0,0.383333,0.334881,0.502796,0.722864
difficulty,1.0,42,42-53,0.916667,0.666667,0.333333,1.0,0.975,0.0,0.0,0.575496,0.593946,0.315546
difficulty,1.0,42,42-54,0.783333,0.85,0.15,1.0,0.966667,0.0,0.0,0.550998,0.571212,0.246207
difficulty,1.0,42,42-55,0.6,0.916667,0.083333,1.0,1.0,0.0,0.0,0.51383,0.619959,0.204577
difficulty,1.0,42,42-56,0.941667,0.65,0.35,1.0,0.958333,0.0,0.0,0.586644,0.528462,0.357399
difficulty,1.0,42,42-57,0.0,0.0,0.0,0.0,0.0,0.908333,0.0,0.869798,0.242651,1.908162
difficulty,1.0,42,42-58,0.241667,0.8,0.05,0.85,0.85,0.0,0.0,0.465985,0.654445,0.245534
difficulty,1.0,42,42-59,0.0,0.0,0.491667,0.491667,0.0,0.041667,0.0,0.801838,0.382759,1.405497
difficulty,1.0,42,42-60,0.0,0.016667,0.0,0.016667,0.016667,0.0,0.875,0.256155,0.489687,1.078833
difficulty,1.0,42,42-61,0.883333,0.741667,0.258333,1.0,0.991667,0.0,0.0,0.56793,0.537299,0.28216
difficulty,1.0,42,42-62,0.75,0.008333,0.983333,0.991667,0.75,0.0,0.0,0.675035,0.529886,0.737932
difficulty,1.0,42,42-63,0.075,0.0,0.941667,0.941667,0.075,0.016667,0.0,0.749578,0.424521,1.107465
difficulty,1.0,42,42-64,0.0,0.0,0.908333,0.908333,0.0,0.016667,0.0,0.767581,0.449227,1.203899
difficulty,1.0,42,42-65,0.0,0.0,0.808333,0.808333,0.0,0.025,0.0,0.780037,0.431176,1.273983
difficulty,1.0,42,42-66,0.858333,0.741667,0.25,0.991667,0.983333,0.0,0.0,0.571273,0.611317,0.302947
difficulty,1.0,42,42-67,0.716667,0.841667,0.158333,1.0,0.983333,0.0,0.0,0.544738,0.563511,0.228549
difficulty,1.0,42,42-68,0.0,0.0,0.7,0.7,0.0,0.008333,0.0,0.788054,0.376336,1.318883
difficulty,1.0,42,42-69,0.925,0.441667,0.55,0.991667,0.925,0.0,0.0,0.610834,0.593493,0.458714
difficulty,1.0,42,42-70,0.016667,0.125,0.0,0.125,0.125,0.0,0.166667,0.348825,0.539678,0.637808
difficulty,1.0,42,42-71,0.091667,0.375,0.033333,0.408333,0.408333,0.0,0.008333,0.39427,0.524522,0.485876
difficulty,1.0,42,42-72,0.141667,0.675,0.033333,0.708333,0.708333,0.0,0.0,0.440187,0.505291,0.316917
difficulty,1.0,42,42-73,0.183333,0.0,0.958333,0.958333,0.183333,0.016667,0.0,0.738157,0.470611,1.047594
difficulty,1.0,42,42-74,0.708333,0.025,0.958333,0.983333,0.708333,0.0,0.0,0.676035,0.52313,0.746185
difficulty,1.0,42,42-75,0.0,0.0,0.883333,0.883333,0.0,0.016667,0.0,0.765914,0.42336,1.193805
difficulty,1.0,42,42-76,0.841667,0.775,0.216667,0.991667,0.983333,0.0,0.0,0.565564,0.609262,0.294883
difficulty,1.0,42,42-77,0.65,0.008333,0.983333,0.991667,0.65,0.0,0.0,0.679976,0.552296,0.762976
difficulty,1.0,42,42-78,0.0,0.0,0.966667,0.966667,0.0,0.008333,0.0,0.753754,0.437398,1.125615
difficulty,1.0,42,42-79,0.916667,0.641667,0.358333,1.0,0.966667,0.0,0.0,0.577507,0.554938,0.323142
difficulty,1.0,42,42-80,0.191667,0.0,0.983333,0.983333,0.191667,0.008333,0.0,0.724228,0.440983,0.971903
difficulty,1.0,42,42-81,0.55,0.925,0.066667,0.991667,0.983333,0.0,0.0,0.506624,0.674483,0.191603
difficulty,1.0,42,42-82,0.858333,0.733333,0.258333,0.991667,0.966667,0.0,0.0,0.570952,0.561967,0.305857
difficulty,1.0,42,42-83,0.858333,0.758333,0.241667,1.0,0.983333,0.0,0.0,0.565085,0.589201,0.282929
difficulty,1.0,42,42-84,0.091667,0.333333,0.016667,0.35,0.35,0.0,0.133333,0.382519,0.572178,0.524144
difficulty,1.0,42,42-85,0.208333,0.0,0.983333,0.983333,0.208333,0.0,0.0,0.728588,0.496398,0.993563
difficulty,1.0,42,42-86,0.716667,0.791667,0.208333,1.0,0.975,0.0,0.0,0.550662,0.619631,0.258099
difficulty,1.0,42,42-87,0.916667,0.233333,0.75,0.983333,0.916667,0.0,0.0,0.636739,0.487604,0.568866
difficulty,1.0,42,42-88,0.15,0.0,0.916667,0.916667,0.15,0.033333,0.0,0.738606,0.433466,1.054318
difficulty,1.0,42,42-89,0.25,0.0,0.958333,0.958333,0.25,0.025,0.0,0.730555,0.487089,1.009671
difficulty,1.0,42,42-90,0.0,0.0,0.941667,0.941667,0.0,0.033333,0.0,0.761995,0.42067,1.173065
difficulty,1.0,42,42-91,0.933333,0.316667,0.683333,1.0,0.933333,0.0,0.0,0.626269,0.523358,0.522137
difficulty,1.0,42,42-92,0.825,0.791667,0.208333,1.0,1.0,0.0,0.0,0.55747,0.654786,0.253345
difficulty,1.0,42,42-93,0.941667,0.325,0.65,0.975,0.941667,0.008333,0.0,0.630349,0.600633,0.543839
difficulty,1.0,42,42-94,0.008333,0.041667,0.0,0.041667,0.041667,0.0,0.716667,0.275548,0.51284,0.983425
difficulty,1.0,42,42-95,0.05,0.166667,0.008333,0.175,0.175,0.0,0.325,0.340683,0.654463,0.689086
difficulty,1.0,42,42-96,0.016667,0.108333,0.008333,0.116667,0.116667,0.0,0.283333,0.340014,0.655662,0.67923
difficulty,1.0,42,42-97,0.1,0.625,0.016667,0.641667,0.641667,0.0,0.0,0.42257,0.643794,0.351605
difficulty,1.0,42,42-98,0.341667,0.0,0.933333,0.933333,0.341667,0.016667,0.0,0.722424,0.46887,0.968718
difficulty,1.0,42,42-99,0.1,0.616667,0.041667,0.658333,0.658333,0.0,0.0,0.429679,0.395468,0.352815
difficulty,1.0,42,42-100,0.833333,0.766667,0.233333,1.0,0.991667,0.0,0.0,0.563516,0.544296,0.279936
difficulty,1.0,42,42-101,0.0,0.0,0.0,0.0,0.0,0.433333,0.0,0.846149,0.341638,1.709007
difficulty,1.0,42,42-102,0.916667,0.75,0.25,1.0,0.991667,0.0,0.0,0.56958,0.545348,0.28932
difficulty,1.0,42,42-103,0.0,0.0,0.9,0.9,0.0,0.008333,0.0,0.771057,0.402334,1.221108
difficulty,1.0,42,42-104,0.166667,0.716667,0.025,0.741667,0.741667,0.0,0.0,0.443868,0.52728,0.302532
difficulty,1.0,42,42-105,0.941667,0.508333,0.475,0.983333,0.941667,0.0,0.0,0.601645,0.509953,0.4203
difficulty,1.0,42,42-106,0.133333,0.716667,0.041667,0.758333,0.758333,0.0,0.0,0.438674,0.564114,0.332601
difficulty,1.0,42,42-107,0.883333,0.7,0.3,1.0,0.966667,0.0,0.0,0.578635,0.612348,0.328108
difficulty,1.0,42,42-108,0.0,0.0,0.7,0.7,0.0,0.025,0.0,0.78824,0.375372,1.322812
difficulty,1.0,42,42-109,0.0,0.041667,0.0,0.041667,0.041667,0.0,0.9,0.250967,0.263454,1.106617
difficulty,1.0,42,42-110,0.308333,0.0,0.983333,0.983333,0.308333,0.0,0.0,0.720759,0.505065,0.954151
difficulty,1.0,42,42-111,0.583333,0.0,0.991667,0.991667,0.583333,0.0,0.0,0.688197,0.505019,0.798298
difficulty,1.0,42,42-112,0.6,0.916667,0.083333,1.0,0.983333,0.0,0.0,0.519343,0.613432,0.194068
difficulty,1.0,42,42-113,0.016667,0.116667,0.008333,0.125,0.125,0.0,0.491667,0.320081,0.532258,0.781817
difficulty,1.0,42,42-114,0.825,0.1,0.891667,0.991667,0.825,0.0,0.0,0.663053,0.603096,0.683992
difficulty,1.0,42,42-115,0.666667,0.933333,0.066667,1.0,1.0,0.0,0.0,0.527595,0.62312,0.192851
difficulty,1.0,42,42-116,0.575,0.0,0.966667,0.966667,0.575,0.008333,0.0,0.690215,0.52121,0.811361
difficulty,1.0,42,42-117,0.841667,0.158333,0.825,0.983333,0.841667,0.0,0.0,0.653659,0.595979,0.645578
difficulty,1.0,42,42-118,0.0,0.0,0.0,0.0,0.0,0.991667,0.0,0.877155,0.268958,1.971566
difficulty,1.0,42,42-119,0.933333,0.425,0.566667,0.991667,0.933333,0.0,0.0,0.604557,0.613845,0.432533
difficulty,1.0,42,42-120,0.141667,0.616667,0.008333,0.625,0.625,0.0,0.0,0.430343,0.542395,0.337217
difficulty,1.0,42,42-121,0.7,0.008333,0.975,0.983333,0.7,0.0,0.0,0.677955,0.558036,0.752082
difficulty,1.0,42,42-122,0.625,0.016667,0.958333,0.975,0.625,0.008333,0.0,0.684507,0.488664,0.784705
difficulty,1.0,42,42-123,0.0,0.0,0.0,0.0,0.0,0.483333,0.0,0.851405,0.302349,1.750908
difficulty,1.0,42,42-124,0.0,0.0,0.658333,0.658333,0.0,0.025,0.0,0.78747,0.408931,1.323535
difficulty,1.0,42,42-125,0.4,0.0,0.983333,0.983333,0.4,0.008333,0.0,0.710187,0.513159,0.90576
difficulty,1.0,42,42-126,0.0,0.0,0.0,0.0,0.0,0.85,0.0,0.864195,0.278746,1.85746
difficulty,1.0,42,42-127,0.083333,0.366667,0.008333,0.375,0.375,0.0,0.066667,0.388176,0.574401,0.496504
difficulty,1.0,42,42-128,0.458333,0.883333,0.108333,0.991667,0.975,0.0,0.0,0.50837,0.611269,0.216773
difficulty,1.0,42,42-129,0.15,0.683333,0.05,0.733333,0.716667,0.0,0.0,0.444258,0.549094,0.335314
difficulty,1.0,42,42-130,0.808333,0.758333,0.241667,1.0,0.975,0.0,0.0,0.561901,0.519186,0.272791
difficulty,1.0,42,42-131,0.033333,0.133333,0.0,0.133333,0.133333,0.0,0.325,0.334546,0.441058,0.712779
difficulty,1.0,42,42-132,0.0,0.0,0.925,0.925,0.0,0.008333,0.0,0.756941,0.460186,1.144698
difficulty,1.0,42,42-133,0.941667,0.566667,0.416667,0.983333,0.941667,0.008333,0.0,0.602877,0.545777,0.431162
difficulty,1.0,42,42-134,0.008333,0.041667,0.0,0.041667,0.041667,0.0,0.4,0.313727,0.510087,0.795298
difficulty,1.0,42,42-135,0.083333,0.616667,0.008333,0.625,0.625,0.0,0.0,0.417622,0.610644,0.363323
difficulty,1.0,42,42-136,0.516667,0.0,0.975,0.975,0.516667,0.008333,0.0,0.704352,0.500604,0.877465
difficulty,1.0,42,42-137,0.0,0.0,0.683333,0.683333,0.0,0.025,0.0,0.78761,0.397694,1.319278
difficulty,1.0,42,42-138,0.0,0.0,0.0,0.0,0.0,1.0,0.0,0.909611,0.202284,2.31201
difficulty,1.0,42,42-139,0.0,0.0,0.0,0.0,0.0,1.0,0.0,0.959732,0.090824,3.173034
difficulty,1.0,42,42-140,0.333333,0.0,0.975,0.975,0.333333,0.008333,0.0,0.721033,0.487667,0.957965
difficulty,1.0,42,42-141,0.058333,0.5,0.008333,0.508333,0.508333,0.0,0.0,0.413522,0.439944,0.382128
difficulty,1.0,42,42-142,0.0,0.0,0.0,0.0,0.0,0.0,0.958333,0.184604,0.327776,1.506581
difficulty,1.0,42,42-143,0.616667,0.008333,0.975,0.983333,0.616667,0.0,0.0,0.69334,0.448053,0.823762
difficulty,1.0,42,42-144,0.183333,0.85,0.033333,0.883333,0.883333,0.0,0.0,0.456138,0.552527,0.251864
difficulty,1.0,42,42-145,0.775,0.741667,0.258333,1.0,0.958333,0.0,0.0,0.562476,0.614223,0.292018
difficulty,1.0,42,42-146,0.558333,0.916667,0.083333,1.0,0.958333,0.0,0.0,0.521108,0.607156,0.217598
difficulty,1.0,42,42-147,0.916667,0.366667,0.616667,0.983333,0.916667,0.0,0.0,0.621033,0.554046,0.503962
difficulty,1.0,42,42-148,0.0,0.0,0.25,0.25,0.0,0.083333,0.0,0.819676,0.330439,1.522426
difficulty,1.0,42,42-149,0.708333,0.016667,0.983333,1.0,0.708333,0.0,0.0,0.679929,0.491782,0.761469
difficulty,1.0,42,42-150,0.983333,0.416667,0.566667,0.983333,0.983333,0.0,0.0,0.608557,0.509235,0.447563
difficulty,1.0,42,42-151,0.091667,0.5,0.025,0.525,0.525,0.0,0.0,0.414271,0.526474,0.397864
difficulty,1.0,42,42-152,0.008333,0.05,0.0,0.05,0.05,0.0,0.858333,0.264971,0.498842,1.038548
difficulty,1.0,42,42-153,0.725,0.891667,0.108333,1.0,0.975,0.0,0.0,0.540333,0.607254,0.216755
difficulty,1.0,42,42-154,0.916667,0.325,0.666667,0.991667,0.916667,0.0,0.0,0.631817,0.575713,0.548638
difficulty,1.0,42,42-155,0.0,0.0,0.0,0.0,0.0,1.0,0.0,0.892064,0.222089,2.116698
difficulty,1.0,42,42-156,0.816667,0.025,0.958333,0.983333,0.816667,0.0,0.0,0.663574,0.549283,0.687093
difficulty,1.0,42,42-157,0.0,0.0,0.383333,0.383333,0.0,0.058333,0.0,0.809505,0.382577,1.456717
difficulty,1.0,42,42-158,0.733333,0.908333,0.091667,1.0,0.991667,0.0,0.0,0.537408,0.588652,0.211521
difficulty,1.0,42,42-159,0.075,0.35,0.041667,0.391667,0.391667,0.0,0.083333,0.389771,0.594512,0.507485
difficulty,1.0,42,42-160,0.1,0.666667,0.033333,0.7,0.691667,0.0,0.0,0.433972,0.563837,0.328986
difficulty,1.0,42,42-161,0.383333,0.841667,0.066667,0.908333,0.908333,0.0,0.0,0.487943,0.580993,0.232128
difficulty,1.0,42,42-162,0.0,0.0,0.0,0.0,0.0,1.0,0.0,0.918571,0.182627,2.42601
difficulty,1.0,42,42-163,0.266667,0.791667,0.041667,0.833333,0.833333,0.0,0.0,0.463536,0.631608,0.244147
difficulty,1.0,42,42-164,0.0,0.0,0.641667,0.641667,0.0,0.016667,0.0,0.788085,0.403367,1.322741
difficulty,1.0,42,42-165,0.158333,0.716667,0.041667,0.758333,0.758333,0.0,0.0,0.448332,0.537865,0.287283
difficulty,1.0,42,42-166,0.0,0.0,0.491667,0.491667,0.0,0.041667,0.0,0.799228,0.365623,1.389075
difficulty,1.0,42,42-167,0.35,0.0,0.975,0.975,0.35,0.008333,0.0,0.715145,0.496634,0.930817
difficulty,1.0,42,42-168,0.908333,0.441667,0.55,0.991667,0.908333,0.0,0.0,0.615486,0.513872,0.478706
difficulty,1.0,42,42-169,0.933333,0.275,0.716667,0.991667,0.933333,0.0,0.0,0.634241,0.558585,0.557131
difficulty,1.0,42,42-170,0.491667,0.966667,0.033333,1.0,0.991667,0.0,0.0,0.498403,0.569346,0.167931
difficulty,1.0,42,42-171,0.325,0.0,0.975,0.975,0.325,0.0,0.0,0.723687,0.525114,0.972056
difficulty,1.0,42,42-172,0.708333,0.85,0.15,1.0,0.983333,0.0,0.0,0.543857,0.58986,0.225833
difficulty,1.0,42,42-173,0.025,0.225,0.008333,0.233333,0.233333,0.0,0.125,0.365679,0.538103,0.569731
difficulty,1.0,42,42-174,0.05,0.1,0.0,0.1,0.1,0.0,0.133333,0.356764,0.573977,0.6136
difficulty,1.0,42,42-175,0.816667,0.016667,0.975,0.991667,0.816667,0.0,0.0,0.672771,0.488842,0.728567
difficulty,1.0,42,42-176,0.0,0.0,0.0,0.0,0.0,1.0,0.0,0.874539,0.263322,1.947728
difficulty,1.0,42,42-177,0.733333,0.0,1.0,1.0,0.733333,0.0,0.0,0.671729,0.526544,0.722631
difficulty,1.0,42,42-178,0.925,0.358333,0.625,0.983333,0.925,0.0,0.0,0.621715,0.514774,0.504959
difficulty,1.0,42,42-179,0.5,0.0,0.941667,0.941667,0.5,0.016667,0.0,0.70463,0.498599,0.885382
difficulty,1.0,42,42-180,0.0,0.0,0.0,0.0,0.0,0.325,0.0,0.845664,0.308876,1.706283
difficulty,1.0,42,42-181,0.775,0.0,1.0,1.0,0.775,0.0,0.0,0.674375,0.500343,0.732097
difficulty,1.0,42,42-182,0.8,0.85,0.15,1.0,0.991667,0.0,0.0,0.555395,0.582388,0.247291
difficulty,1.0,42,42-183,0.0,0.0,0.125,0.125,0.0,0.058333,0.0,0.822827,0.340508,1.541944
difficulty,1.0,42,42-184,0.333333,0.0,0.966667,0.966667,0.333333,0.008333,0.0,0.720128,0.480107,0.953195
difficulty,1.0,42,42-185,0.0,0.0,0.0,0.0,0.0,0.975,0.0,0.869808,0.286203,1.902226
difficulty,1.0,42,42-186,0.766667,0.0,0.991667,0.991667,0.766667,0.0,0.0,0.677,0.538679,0.745311
difficulty,1.0,42,42-187,0.025,0.183333,0.008333,0.191667,0.191667,0.0,0.133333,0.360982,0.562724,0.595086
difficulty,1.0,42,42-188,0.033333,0.133333,0.0,0.133333,0.133333,0.0,0.325,0.333981,0.503045,0.706752
difficulty,1.0,42,42-189,0.0,0.0,0.0,0.0,0.0,1.0,0.0,0.88257,0.246838,2.021432
difficulty,1.0,42,42-190,0.0,0.0,0.0,0.0,0.0,1.0,0.0,0.888061,0.243847,2.075539
difficulty,1.0,42,42-191,0.95,0.45,0.541667,0.991667,0.95,0.0,0.0,0.609643,0.53126,0.452479
difficulty,1.0,42,42-192,0.825,0.775,0.225,1.0,0.991667,0.0,0.0,0.56054,0.673627,0.267169
difficulty,1.0,42,42-193,0.0,0.0,0.0,0.0,0.0,0.8,0.0,0.861382,0.303647,1.830174
difficulty,1.0,42,42-194,0.075,0.416667,0.025,0.441667,0.441667,0.0,0.016667,0.397805,0.496714,0.472163
difficulty,1.0,42,42-195,0.1,0.733333,0.008333,0.741667,0.741667,0.0,0.0,0.43136,0.493009,0.315055
difficulty,1.0,42,42-196,0.0,0.0,0.95,0.95,0.0,0.008333,0.0,0.757322,0.459713,1.145112
difficulty,1.0,42,42-197,0.858333,0.783333,0.216667,1.0,0.991667,0.0,0.0,0.565094,0.547834,0.281493
difficulty,1.0,42,42-198,0.941667,0.241667,0.758333,1.0,0.941667,0.0,0.0,0.637074,0.568103,0.567663
difficulty,1.0,42,42-199,0.941667,0.391667,0.6,0.991667,0.941667,0.0,0.0,0.61398,0.58266,0.47213
difficulty,1.0,137,137-0,0.208333,0.783333,0.033333,0.816667,0.816667,0.0,0.0,0.460471,0.575591,0.252296
difficulty,1.0,137,137-1,0.333333,0.875,0.041667,0.916667,0.908333,0.0,0.0,0.480671,0.575646,0.212546
difficulty,1.0,137,137-2,0.541667,0.908333,0.091667,1.0,0.983333,0.0,0.0,0.511208,0.569287,0.189272
difficulty,1.0,137,137-3,0.841667,0.158333,0.825,0.983333,0.841667,0.0,0.0,0.65395,0.524569,0.645489
difficulty,1.0,137,137-4,0.6,0.908333,0.083333,0.991667,0.983333,0.0,0.0,0.525334,0.601155,0.220298
difficulty,1.0,137,137-5,0.058333,0.55,0.016667,0.566667,0.566667,0.0,0.0,0.411183,0.444368,0.384388
difficulty,1.0,137,137-6,0.633333,0.008333,0.991667,1.0,0.633333,0.0,0.0,0.684401,0.51598,0.781126
difficulty,1.0,137,137-7,0.491667,0.916667,0.066667,0.983333,0.966667,0.0,0.0,0.501668,0.619548,0.193031
difficulty,1.0,137,137-8,0.0,0.0,0.0,0.0,0.0,0.0,0.975,0.213666,0.532259,1.318239
difficulty,1.0,137,137-9,0.0,0.0,0.0,0.0,0.0,1.0,0.0,0.907587,0.200733,2.28621
difficulty,1.0,137,137-10,0.0,0.0,0.0,0.0,0.0,1.0,0.0,0.881324,0.235942,2.014715
difficulty,1.0,137,137-11,0.066667,0.558333,0.0,0.558333,0.558333,0.0,0.0,0.417581,0.724598,0.360503
difficulty,1.0,137,137-12,0.875,0.65,0.35,1.0,0.975,0.0,0.0,0.577386,0.645245,0.32786
difficulty,1.0,137,137-13,0.883333,0.258333,0.741667,1.0,0.883333,0.0,0.0,0.635169,0.500544,0.563885
difficulty,1.0,137,137-14,0.0,0.0,0.466667,0.466667,0.0,0.05,0.0,0.805527,0.391279,1.429339
difficulty,1.0,137,137-15,0.0,0.0,0.0,0.0,0.0,0.0,1.0,0.123208,0.405477,1.992356
difficulty,1.0,137,137-16,0.233333,0.791667,0.05,0.841667,0.841667,0.0,0.0,0.467144,0.636191,0.244529
difficulty,1.0,137,137-17,0.658333,0.0,0.983333,0.983333,0.658333,0.0,0.0,0.680813,0.54655,0.766584
difficulty,1.0,137,137-18,0.0,0.025,0.0,0.025,0.025,0.0,0.916667,0.232782,0.402966,1.208387
difficulty,1.0,137,137-19,0.558333,0.866667,0.125,0.991667,0.966667,0.0,0.0,0.520619,0.688039,0.243461
difficulty,1.0,137,137-20,0.925,0.691667,0.308333,1.0,0.983333,0.0,0.0,0.575795,0.6053,0.312988
difficulty,1.0,137,137-21,0.733333,0.825,0.175,1.0,0.983333,0.0,0.0,0.550529,0.573812,0.255372
difficulty,1.0,137,137-22,0.083333,0.541667,0.025,0.566667,0.566667,0.0,0.0,0.412007,0.551339,0.401713
difficulty,1.0,137,137-23,0.0,0.0,0.275,0.275,0.0,0.025,0.0,0.814326,0.349178,1.486916
difficulty,1.0,137,137-24,0.55,0.916667,0.083333,1.0,0.991667,0.0,0.0,0.514944,0.64759,0.212176
difficulty,1.0,137,137-25,0.0,0.0,0.875,0.875,0.0,0.016667,0.0,0.77668,0.352645,1.252767
difficulty,1.0,137,137-26,0.85,0.708333,0.291667,1.0,0.983333,0.0,0.0,0.56838,0.627588,0.298371
difficulty,1.0,137,137-27,0.691667,0.033333,0.958333,0.991667,0.691667,0.008333,0.0,0.674643,0.529005,0.739618
difficulty,1.0,137,137-28,0.791667,0.866667,0.133333,1.0,0.975,0.0,0.0,0.54771,0.505835,0.23072
difficulty,1.0,137,137-29,0.0,0.0,0.308333,0.308333,0.0,0.091667,0.0,0.81493,0.327653,1.495127
difficulty,1.0,137,137-30,0.433333,0.0,0.966667,0.966667,0.433333,0.016667,0.0,0.706941,0.520994,0.894235
difficulty,1.0,137,137-31,0.125,0.716667,0.058333,0.775,0.766667,0.0,0.0,0.444463,0.54081,0.309783
difficulty,1.0,137,137-32,0.0,0.0,0.858333,0.858333,0.0,0.025,0.0,0.770291,0.457146,1.219126
difficulty,1.0,137,137-33,0.0,0.0,0.0,0.0,0.0,1.0,0.0,0.948849,0.114385,2.922603
difficulty,1.0,137,137-34,0.0,0.041667,0.0,0.041667,0.041667,0.0,0.791667,0.264404,0.452703,1.041012
difficulty,1.0,137,137-35,0.933333,0.283333,0.7,0.983333,0.933333,0.0,0.0,0.630267,0.577544,0.541825
difficulty,1.0,137,137-36,0.858333,0.2,0.783333,0.983333,0.858333,0.008333,0.0,0.654929,0.586054,0.652917
difficulty,1.0,137,137-37,0.95,0.516667,0.483333,1.0,0.95,0.0,0.0,0.601711,0.511174,0.419037
difficulty,1.0,137,137-38,0.0,0.0,0.533333,0.533333,0.0,0.008333,0.0,0.79563,0.412289,1.365605
difficulty,1.0,137,137-39,0.975,0.525,0.475,1.0,0.975,0.0,0.0,0.600027,0.523725,0.410716
difficulty,1.0,137,137-40,0.0,0.0,0.783333,0.783333,0.0,0.008333,0.0,0.7865,0.365462,1.309723
difficulty,1.0,137,137-41,0.025,0.0,0.933333,0.933333,0.025,0.008333,0.0,0.756686,0.46387,1.142891
difficulty,1.0,137,137-42,0.116667,0.575,0.05,0.625,0.625,0.0,0.0,0.429095,0.615943,0.361868
difficulty,1.0,137,137-43,0.058333,0.416667,0.008333,0.425,0.425,0.0,0.0,0.401167,0.550129,0.430691
difficulty,1.0,137,137-44,0.0,0.0,0.0,0.0,0.0,1.0,0.0,0.893849,0.235655,2.136136
difficulty,1.0,137,137-45,0.941667,0.45,0.55,1.0,0.941667,0.0,0.0,0.60571,0.571103,0.435908
difficulty,1.0,137,137-46,0.725,0.05,0.916667,0.966667,0.725,0.008333,0.0,0.674389,0.521386,0.742314
difficulty,1.0,137,137-47,0.0,0.0,0.0,0.0,0.0,0.933333,0.0,0.871477,0.271875,1.919837
difficulty,1.0,137,137-48,0.0,0.0,0.9,0.9,0.0,0.033333,0.0,0.762334,0.485891,1.175739
difficulty,1.0,137,137-49,0.55,0.975,0.025,1.0,0.991667,0.0,0.0,0.509396,0.677433,0.18302
difficulty,1.0,137,137-50,0.908333,0.7,0.3,1.0,0.958333,0.0,0.0,0.576264,0.548156,0.318018
difficulty,1.0,137,137-51,0.0,0.0,0.166667,0.166667,0.0,0.091667,0.0,0.820318,0.349559,1.529745
difficulty,1.0,137,137-52,0.0,0.0,0.0,0.0,0.0,0.575,0.0,0.854148,0.29814,1.776078
difficulty,1.0,137,137-53,0.891667,0.583333,0.416667,1.0,0.966667,0.0,0.0,0.585308,0.623025,0.356151
difficulty,1.0,137,137-54,0.0,0.0,0.0,0.0,0.0,0.458333,0.0,0.848305,0.313656,1.725207
difficulty,1.0,137,137-55,0.8,0.858333,0.141667,1.0,1.0,0.0,0.0,0.551405,0.600543,0.233024
difficulty,1.0,137,137-56,0.666667,0.0,0.991667,0.991667,0.666667,0.008333,0.0,0.680291,0.582433,0.76408
difficulty,1.0,137,137-57,0.025,0.175,0.008333,0.183333,0.183333,0.0,0.133333,0.360447,0.397812,0.601558
difficulty,1.0,137,137-58,0.916667,0.541667,0.458333,1.0,0.916667,0.0,0.0,0.600361,0.569884,0.41451
difficulty,1.0,137,137-59,0.225,0.0,0.975,0.975,0.225,0.0,0.0,0.731219,0.486567,1.008288
difficulty,1.0,137,137-60,0.408333,0.0,0.991667,0.991667,0.408333,0.0,0.0,0.709987,0.475525,0.901575
difficulty,1.0,137,137-61,0.0,0.0,0.866667,0.866667,0.0,0.008333,0.0,0.771875,0.415243,1.225272
difficulty,1.0,137,137-62,0.4,0.866667,0.083333,0.95,0.908333,0.0,0.0,0.495471,0.650448,0.235561
difficulty,1.0,137,137-63,0.958333,0.475,0.516667,0.991667,0.966667,0.0,0.0,0.603894,0.565835,0.430216
difficulty,1.0,137,137-64,0.9,0.325,0.658333,0.983333,0.9,0.0,0.0,0.631354,0.534218,0.549032
difficulty,1.0,137,137-65,0.0,0.0,0.0,0.0,0.0,1.0,0.0,0.886809,0.238931,2.064574
difficulty,1.0,137,137-66,0.033333,0.316667,0.008333,0.325,0.325,0.0,0.158333,0.372789,0.694225,0.548794
difficulty,1.0,137,137-67,0.933333,0.641667,0.358333,1.0,0.958333,0.0,0.0,0.58405,0.511204,0.347748
difficulty,1.0,137,137-68,0.966667,0.366667,0.633333,1.0,0.966667,0.0,0.0,0.618213,0.537152,0.486791
difficulty,1.0,137,137-69,0.0,0.0,0.0,0.0,0.0,1.0,0.0,0.966462,0.079126,3.361907
difficulty,1.0,137,137-70,0.041667,0.0,0.916667,0.916667,0.041667,0.008333,0.0,0.754091,0.489059,1.130023
difficulty,1.0,137,137-71,0.925,0.275,0.708333,0.983333,0.925,0.0,0.0,0.628092,0.523645,0.531609
difficulty,1.0,137,137-72,0.833333,0.091667,0.9,0.991667,0.833333,0.0,0.0,0.655644,0.52507,0.651917
difficulty,1.0,137,137-73,0.008333,0.041667,0.0,0.041667,0.041667,0.0,0.758333,0.278076,0.497292,0.968546
difficulty,1.0,137,137-74,0.766667,0.116667,0.875,0.991667,0.766667,0.0,0.0,0.66274,0.480957,0.683638
difficulty,1.0,137,137-75,0.0,0.0,0.0,0.0,0.0,0.333333,0.0,0.844382,0.329009,1.698556
difficulty,1.0,137,137-76,0.958333,0.508333,0.491667,1.0,0.958333,0.0,0.0,0.60278,0.527621,0.422062
difficulty,1.0,137,137-77,0.783333,0.825,0.175,1.0,0.966667,0.0,0.0,0.551481,0.560907,0.252339
difficulty,1.0,137,137-78,0.941667,0.691667,0.308333,1.0,0.975,0.0,0.0,0.575762,0.584316,0.313625
difficulty,1.0,137,137-79,0.0,0.0,0.716667,0.716667,0.0,0.041667,0.0,0.78593,0.402267,1.311178
difficulty,1.0,137,137-80,0.025,0.0,0.925,0.925,0.025,0.008333,0.0,0.755939,0.44186,1.139178
difficulty,1.0,137,137-81,0.0,0.0,0.125,0.125,0.0,0.05,0.0,0.824146,0.366802,1.549707
difficulty,1.0,137,137-82,0.666667,0.008333,0.975,0.983333,0.666667,0.008333,0.0,0.681834,0.481178,0.770315
difficulty,1.0,137,137-83,0.0,0.0,0.866667,0.866667,0.0,0.008333,0.0,0.772122,0.458263,1.226963
difficulty,1.0,137,137-84,0.108333,0.75,0.033333,0.783333,0.775,0.0,0.0,0.448933,0.602169,0.279749
difficulty,1.0,137,137-85,0.7,0.041667,0.933333,0.975,0.7,0.016667,0.0,0.67576,0.546685,0.747505
difficulty,1.0,137,137-86,0.108333,0.45,0.016667,0.466667,0.466667,0.0,0.033333,0.40386,0.580465,0.43817
difficulty,1.0,137,137-87,0.508333,0.916667,0.075,0.991667,0.983333,0.0,0.0,0.50764,0.663057,0.196273
difficulty,1.0,137,137-88,0.191667,0.808333,0.025,0.833333,0.816667,0.0,0.0,0.459618,0.629415,0.255608
difficulty,1.0,137,137-89,0.958333,0.433333,0.566667,1.0,0.958333,0.0,0.0,0.614799,0.574603,0.472959
difficulty,1.0,137,137-90,0.0,0.0,0.158333,0.158333,0.0,0.041667,0.0,0.820926,0.338381,1.533506
difficulty,1.0,137,137-91,0.25,0.0,0.975,0.975,0.25,0.008333,0.0,0.721879,0.489917,0.960934
difficulty,1.0,137,137-92,0.091667,0.416667,0.016667,0.433333,0.433333,0.0,0.008333,0.400115,0.625497,0.447859
difficulty,1.0,137,137-93,0.05,0.0,0.983333,0.983333,0.05,0.0,0.0,0.749482,0.476921,1.101901
difficulty,1.0,137,137-94,0.0,0.0,0.0,0.0,0.0,1.0,0.0,0.924406,0.167676,2.507034
difficulty,1.0,137,137-95,0.0,0.0,0.0,0.0,0.0,0.466667,0.0,0.85129,0.295732,1.754323
difficulty,1.0,137,137-96,0.0,0.0,0.925,0.925,0.0,0.0,0.0,0.767656,0.435251,1.20036
difficulty,1.0,137,137-97,0.0,0.0,0.025,0.025,0.0,0.141667,0.0,0.834685,0.34441,1.627317
difficulty,1.0,137,137-98,0.0,0.0,0.0,0.0,0.0,0.216667,0.0,0.839105,0.311603,1.662806
difficulty,1.0,137,137-99,0.383333,0.0,0.983333,0.983333,0.383333,0.008333,0.0,0.711287,0.436395,0.912146
difficulty,1.0,137,137-100,0.875,0.708333,0.291667,1.0,0.925,0.0,0.0,0.582628,0.583623,0.347539
difficulty,1.0,137,137-101,0.0,0.0,0.0,0.0,0.0,1.0,0.0,0.917049,0.180199,2.405418
difficulty,1.0,137,137-102,0.408333,0.0,0.975,0.975,0.408333,0.0,0.0,0.710321,0.520935,0.905319
difficulty,1.0,137,137-103,0.0,0.0,0.0,0.0,0.0,0.341667,0.0,0.843619,0.310789,1.689189
difficulty,1.0,137,137-104,0.908333,0.225,0.766667,0.991667,0.908333,0.008333,0.0,0.643618,0.511992,0.600157
difficulty,1.0,137,137-105,0.0,0.0,0.0,0.0,0.0,1.0,0.0,0.921527,0.172267,2.46711
difficulty,1.0,137,137-106,0.0,0.0,0.0,0.0,0.0,0.0,1.0,0.084047,0.146227,2.414345
difficulty,1.0,137,137-107,0.925,0.5,0.491667,0.991667,0.95,0.0,0.0,0.596558,0.554191,0.399492
difficulty,1.0,137,137-108,0.0,0.0,0.0,0.0,0.0,0.0,1.0,0.082491,0.127605,2.4297
difficulty,1.0,137,137-109,0.0,0.0,0.0,0.0,0.0,1.0,0.0,0.886011,0.231928,2.05569
difficulty,1.0,137,137-110,0.566667,0.925,0.075,1.0,0.983333,0.0,0.0,0.522678,0.712699,0.204129
difficulty,1.0,137,137-111,0.0,0.0,0.025,0.025,0.0,0.316667,0.0,0.840351,0.339634,1.667645
difficulty,1.0,137,137-112,0.691667,0.783333,0.216667,1.0,0.966667,0.0,0.0,0.55267,0.543652,0.267427
difficulty,1.0,137,137-113,0.491667,0.933333,0.058333,0.991667,0.991667,0.0,0.0,0.501329,0.58901,0.196097
difficulty,1.0,137,137-114,0.833333,0.816667,0.166667,0.983333,0.975,0.0,0.0,0.558325,0.576487,0.258502
difficulty,1.0,137,137-115,0.958333,0.6,0.391667,0.991667,0.975,0.0,0.0,0.587963,0.572857,0.361527
difficulty,1.0,137,137-116,0.0,0.0,0.0,0.0,0.0,0.258333,0.0,0.841034,0.320641,1.671187
difficulty,1.0,137,137-117,0.466667,0.833333,0.108333,0.941667,0.933333,0.0,0.0,0.504367,0.629842,0.227968
difficulty,1.0,137,137-118,0.0,0.008333,0.0,0.008333,0.008333,0.0,0.891667,0.232682,0.391654,1.211731
difficulty,1.0,137,137-119,0.866667,0.658333,0.333333,0.991667,0.958333,0.0,0.0,0.580819,0.579408,0.341539
difficulty,1.0,137,137-120,0.0,0.0,0.0,0.0,0.0,1.0,0.0,0.904836,0.209512,2.254544
difficulty,1.0,137,137-121,0.0,0.0,0.0,0.0,0.0,1.0,0.0,0.925949,0.165996,2.533083
difficulty,1.0,137,137-122,0.766667,0.041667,0.941667,0.983333,0.766667,0.0,0.0,0.66618,0.480433,0.699273
difficulty,1.0,137,137-123,0.041667,0.141667,0.016667,0.158333,0.158333,0.0,0.158333,0.354803,0.418398,0.62613
difficulty,1.0,137,137-124,0.008333,0.05,0.0,0.05,0.05,0.0,0.608333,0.296785,0.452563,0.879959
difficulty,1.0,137,137-125,0.9,0.066667,0.933333,1.0,0.9,0.0,0.0,0.657161,0.494236,0.655012
difficulty,1.0,137,137-126,0.6,0.008333,0.991667,1.0,0.6,0.0,0.0,0.686447,0.493902,0.79005
difficulty,1.0,137,137-127,0.158333,0.758333,0.041667,0.8,0.791667,0.0,0.0,0.449766,0.61965,0.289472
difficulty,1.0,137,137-128,0.983333,0.425,0.575,1.0,0.983333,0.0,0.0,0.606371,0.580769,0.435424
difficulty,1.0,137,137-129,0.0,0.0,0.383333,0.383333,0.0,0.041667,0.0,0.808754,0.38171,1.451574
difficulty,1.0,137,137-130,0.908333,0.466667,0.508333,0.975,0.908333,0.0,0.0,0.61414,0.512151,0.475525
difficulty,1.0,137,137-131,0.941667,0.658333,0.341667,1.0,0.966667,0.0,0.0,0.581866,0.529517,0.34022
difficulty,1.0,137,137-132,0.025,0.0,0.933333,0.933333,0.025,0.016667,0.0,0.749849,0.405989,1.106531
difficulty,1.0,137,137-133,0.05,0.366667,0.025,0.391667,0.391667,0.0,0.016667,0.39229,0.595196,0.476989
difficulty,1.0,137,137-134,0.675,0.033333,0.925,0.958333,0.675,0.025,0.0,0.680277,0.543343,0.771304
difficulty,1.0,137,137-135,0.433333,0.0,0.975,0.975,0.433333,0.008333,0.0,0.706625,0.4966,0.887946
difficulty,1.0,137,137-136,0.883333,0.166667,0.816667,0.983333,0.883333,0.0,0.0,0.644612,0.53097,0.602539
difficulty,1.0,137,137-137,0.958333,0.675,0.308333,0.983333,0.958333,0.0,0.0,0.585931,0.402824,0.355138
difficulty,1.0,137,137-138,0.883333,0.308333,0.675,0.983333,0.883333,0.0,0.0,0.639678,0.537327,0.584112
difficulty,1.0,137,137-139,0.0,0.0,0.108333,0.108333,0.0,0.1,0.0,0.824061,0.330338,1.55561
difficulty,1.0,137,137-140,0.0,0.0,0.0,0.0,0.0,0.0,0.991667,0.157994,0.304066,1.703891
difficulty,1.0,137,137-141,0.0,0.0,0.45,0.45,0.0,0.033333,0.0,0.805667,0.374148,1.431077
difficulty,1.0,137,137-142,0.875,0.283333,0.716667,1.0,0.875,0.0,0.0,0.634438,0.505106,0.559708
difficulty,1.0,137,137-143,0.591667,0.908333,0.091667,1.0,0.991667,0.0,0.0,0.516901,0.537666,0.191064
difficulty,1.0,137,137-144,0.675,0.0,0.991667,0.991667,0.675,0.0,0.0,0.680879,0.54066,0.764104
difficulty,1.0,137,137-145,0.008333,0.0,0.95,0.95,0.008333,0.0,0.0,0.748478,0.414434,1.09655
difficulty,1.0,137,137-146,0.0,0.0,0.516667,0.516667,0.0,0.025,0.0,0.799426,0.39957,1.390991
difficulty,1.0,137,137-147,0.783333,0.783333,0.216667,1.0,0.991667,0.0,0.0,0.552957,0.535356,0.251774
difficulty,1.0,137,137-148,0.266667,0.85,0.041667,0.891667,0.891667,0.0,0.0,0.473265,0.563837,0.227422
difficulty,1.0,137,137-149,0.85,0.083333,0.908333,0.991667,0.85,0.0,0.0,0.656421,0.577348,0.654685
difficulty,1.0,137,137-150,0.066667,0.491667,0.008333,0.5,0.5,0.0,0.0,0.404555,0.497828,0.424246
difficulty,1.0,137,137-151,0.0,0.0,0.0,0.0,0.0,1.0,0.0,0.887299,0.224121,2.071051
difficulty,1.0,137,137-152,0.0,0.0,0.0,0.0,0.0,1.0,0.0,0.981051,0.044331,3.947843
difficulty,1.0,137,137-153,0.166667,0.75,0.033333,0.783333,0.783333,0.0,0.0,0.448784,0.570521,0.27784
difficulty,1.0,137,137-154,0.0,0.0,0.0,0.0,0.0,1.0,0.0,0.886777,0.215761,2.061535
difficulty,1.0,137,137-155,0.0,0.0,0.908333,0.908333,0.0,0.025,0.0,0.768004,0.41984,1.208179
difficulty,1.0,137,137-156,0.891667,0.258333,0.725,0.983333,0.891667,0.0,0.0,0.636203,0.541197,0.568983
difficulty,1.0,137,137-157,0.0,0.0,0.441667,0.441667,0.0,0.033333,0.0,0.803119,0.380441,1.414136
difficulty,1.0,137,137-158,0.0,0.0,0.466667,0.466667,0.0,0.033333,0.0,0.804288,0.382507,1.419665
difficulty,1.0,137,137-159,0.4,0.0,0.991667,0.991667,0.4,0.0,0.0,0.709888,0.47039,0.901696
difficulty,1.0,137,137-160,0.625,0.891667,0.1,0.991667,0.966667,0.0,0.0,0.524862,0.717709,0.218874
difficulty,1.0,137,137-161,0.7,0.0,1.0,1.0,0.7,0.0,0.0,0.6779,0.535795,0.750389
difficulty,1.0,137,137-162,0.083333,0.366667,0.033333,0.4,0.4,0.0,0.0,0.40005,0.480123,0.456531
difficulty,1.0,137,137-163,0.008333,0.0,0.925,0.925,0.008333,0.016667,0.0,0.759647,0.451195,1.158174
difficulty,1.0,137,137-164,0.9,0.541667,0.458333,1.0,0.925,0.0,0.0,0.598085,0.554896,0.406978
difficulty,1.0,137,137-165,0.0,0.0,0.2,0.2,0.0,0.041667,0.0,0.815578,0.346614,1.493176
difficulty,1.0,137,137-166,0.783333,0.041667,0.95,0.991667,0.783333,0.0,0.0,0.665123,0.544127,0.693387
difficulty,1.0,137,137-167,0.916667,0.408333,0.575,0.983333,0.916667,0.0,0.0,0.614644,0.519556,0.475448
difficulty,1.0,137,137-168,0.241667,0.783333,0.041667,0.825,0.808333,0.0,0.0,0.468626,0.692496,0.243889
difficulty,1.0,137,137-169,0.016667,0.0,0.933333,0.933333,0.016667,0.008333,0.0,0.747878,0.466064,1.096072
difficulty,1.0,137,137-170,0.575,0.0,0.991667,0.991667,0.575,0.0,0.0,0.691811,0.528402,0.816208
difficulty,1.0,137,137-171,0.941667,0.658333,0.333333,0.991667,0.983333,0.0,0.0,0.583505,0.579451,0.347053
difficulty,1.0,137,137-172,0.916667,0.208333,0.783333,0.991667,0.916667,0.008333,0.0,0.643253,0.584691,0.597908
difficulty,1.0,137,137-173,0.0,0.0,0.425,0.425,0.0,0.025,0.0,0.805141,0.392797,1.424678
difficulty,1.0,137,137-174,0.933333,0.458333,0.541667,1.0,0.933333,0.0,0.0,0.604914,0.596373,0.432448
difficulty,1.0,137,137-175,0.108333,0.625,0.058333,0.683333,0.683333,0.0,0.0,0.434645,0.497117,0.345504
difficulty,1.0,137,137-176,0.0,0.0,0.883333,0.883333,0.0,0.0,0.0,0.761222,0.443377,1.165776
difficulty,1.0,137,137-177,0.7,0.0,0.983333,0.983333,0.7,0.0,0.0,0.686584,0.472496,0.792256
difficulty,1.0,137,137-178,0.058333,0.191667,0.008333,0.2,0.2,0.0,0.225,0.353912,0.586497,0.632116
difficulty,1.0,137,137-179,0.0,0.0,0.0,0.0,0.0,1.0,0.0,0.957932,0.096632,3.129169
difficulty,1.0,137,137-180,0.725,0.816667,0.183333,1.0,0.983333,0.0,0.0,0.541729,0.740174,0.247429
difficulty,1.0,137,137-181,0.916667,0.283333,0.7,0.983333,0.916667,0.0,0.0,0.628236,0.475356,0.534082
difficulty,1.0,137,137-182,0.0,0.05,0.0,0.05,0.05,0.0,0.541667,0.303815,0.438046,0.840458
difficulty,1.0,137,137-183,0.933333,0.416667,0.566667,0.983333,0.933333,0.0,0.0,0.618368,0.543132,0.492157
difficulty,1.0,137,137-184,0.383333,0.916667,0.075,0.991667,0.975,0.0,0.0,0.49609,0.53522,0.213089
difficulty,1.0,137,137-185,0.691667,0.833333,0.166667,1.0,0.983333,0.0,0.0,0.537383,0.541817,0.230432
difficulty,1.0,137,137-186,0.05,0.275,0.0,0.275,0.275,0.0,0.025,0.375548,0.539317,0.52522
difficulty,1.0,137,137-187,0.808333,0.741667,0.258333,1.0,0.975,0.0,0.0,0.565636,0.599615,0.293133
difficulty,1.0,137,137-188,0.608333,0.883333,0.116667,1.0,0.975,0.0,0.0,0.531064,0.611084,0.218542
difficulty,1.0,137,137-189,0.466667,0.95,0.041667,0.991667,0.991667,0.0,0.0,0.495809,0.568256,0.181396
difficulty,1.0,137,137-190,0.483333,0.883333,0.116667,1.0,0.975,0.0,0.0,0.508807,0.518982,0.222679
difficulty,1.0,137,137-191,0.016667,0.141667,0.0,0.141667,0.141667,0.0,0.183333,0.348686,0.569547,0.635408
difficulty,1.0,137,137-192,0.0,0.008333,0.0,0.008333,0.008333,0.0,0.916667,0.212837,0.39863,1.330062
difficulty,1.0,137,137-193,0.591667,0.866667,0.116667,0.983333,0.975,0.0,0.0,0.515784,0.60879,0.227804
difficulty,1.0,137,137-194,0.0,0.0,0.0,0.0,0.0,1.0,0.0,0.89652,0.225725,2.164343
difficulty,1.0,137,137-195,0.158333,0.0,0.983333,0.983333,0.158333,0.008333,0.0,0.732861,0.461337,1.016176
difficulty,1.0,137,137-196,0.716667,0.858333,0.141667,1.0,0.975,0.0,0.0,0.543342,0.604489,0.240337
difficulty,1.0,137,137-197,0.058333,0.325,0.008333,0.333333,0.325,0.0,0.083333,0.38782,0.62915,0.508267
difficulty,1.0,137,137-198,0.941667,0.45,0.541667,0.991667,0.941667,0.0,0.0,0.610924,0.509055,0.457702
difficulty,1.0,137,137-199,0.916667,0.175,0.816667,0.991667,0.916667,0.008333,0.0,0.64912,0.53431,0.623234
difficulty,1.0,369,369-0,0.575,0.0,0.958333,0.958333,0.575,0.0,0.0,0.6932,0.52369,0.826931
difficulty,1.0,369,369-1,0.891667,0.133333,0.858333,0.991667,0.891667,0.0,0.0,0.649923,0.60222,0.624918
difficulty,1.0,369,369-2,0.0,0.0,0.008333,0.008333,0.0,0.25,0.0,0.835582,0.332711,1.633465
difficulty,1.0,369,369-3,0.408333,0.95,0.033333,0.983333,0.966667,0.0,0.0,0.495762,0.53276,0.181971
difficulty,1.0,369,369-4,0.608333,0.0,0.991667,0.991667,0.608333,0.0,0.0,0.692589,0.517408,0.82131
difficulty,1.0,369,369-5,0.625,0.0,0.975,0.975,0.625,0.008333,0.0,0.690577,0.49939,0.812519
difficulty,1.0,369,369-6,0.333333,0.9,0.066667,0.966667,0.958333,0.0,0.0,0.486224,0.527071,0.216776
difficulty,1.0,369,369-7,0.608333,0.0,0.958333,0.958333,0.608333,0.0,0.0,0.689235,0.520992,0.807026
difficulty,1.0,369,369-8,0.85,0.166667,0.816667,0.983333,0.85,0.008333,0.0,0.650985,0.508229,0.63472
difficulty,1.0,369,369-9,0.0,0.0,0.0,0.0,0.0,1.0,0.0,0.904527,0.213847,2.250992
difficulty,1.0,369,369-10,0.0,0.0,0.783333,0.783333,0.0,0.008333,0.0,0.785928,0.400199,1.306026
difficulty,1.0,369,369-11,0.0,0.0,0.0,0.0,0.0,0.0,1.0,0.069191,0.127847,2.635484
difficulty,1.0,369,369-12,0.791667,0.925,0.075,1.0,1.0,0.0,0.0,0.537126,0.66482,0.198528
difficulty,1.0,369,369-13,0.816667,0.075,0.925,1.0,0.816667,0.0,0.0,0.662356,0.562837,0.678928
difficulty,1.0,369,369-14,0.0,0.0,0.0,0.0,0.0,0.0,1.0,0.095899,0.324708,2.271866
difficulty,1.0,369,369-15,0.0,0.0,0.0,0.0,0.0,0.0,1.0,0.11684,0.174098,2.040509
difficulty,1.0,369,369-16,0.716667,0.0,0.991667,0.991667,0.716667,0.0,0.0,0.674756,0.536833,0.736559
difficulty,1.0,369,369-17,0.0,0.041667,0.0,0.041667,0.041667,0.0,0.733333,0.279649,0.524165,0.959903
difficulty,1.0,369,369-18,0.0,0.0,0.0,0.0,0.0,0.8,0.0,0.86154,0.298843,1.833121
difficulty,1.0,369,369-19,0.4,0.941667,0.05,0.991667,0.983333,0.0,0.0,0.493121,0.50294,0.188019
difficulty,1.0,369,369-20,0.941667,0.408333,0.583333,0.991667,0.941667,0.0,0.0,0.614947,0.577756,0.475914
difficulty,1.0,369,369-21,0.0,0.0,0.166667,0.166667,0.0,0.033333,0.0,0.816981,0.369244,1.50132
difficulty,1.0,369,369-22,0.816667,0.708333,0.283333,0.991667,0.95,0.0,0.0,0.569425,0.578807,0.295014
difficulty,1.0,369,369-23,0.0,0.0,0.108333,0.108333,0.0,0.041667,0.0,0.821203,0.351626,1.529924
difficulty,1.0,369,369-24,0.7,0.833333,0.166667,1.0,0.975,0.0,0.0,0.544658,0.549418,0.252486
difficulty,1.0,369,369-25,0.7,0.891667,0.108333,1.0,0.983333,0.0,0.0,0.54098,0.620511,0.217036
difficulty,1.0,369,369-26,0.0,0.0,0.066667,0.066667,0.0,0.083333,0.0,0.825085,0.339708,1.558025
difficulty,1.0,369,369-27,0.733333,0.875,0.108333,0.983333,0.958333,0.0,0.0,0.548494,0.579861,0.244635
difficulty,1.0,369,369-28,0.108333,0.65,0.008333,0.658333,0.658333,0.0,0.0,0.422286,0.597526,0.353453
difficulty,1.0,369,369-29,0.65,0.0,0.991667,0.991667,0.65,0.0,0.0,0.6831,0.542239,0.774682
difficulty,1.0,369,369-30,0.175,0.0,0.966667,0.966667,0.175,0.0,0.0,0.73652,0.468006,1.036061
difficulty,1.0,369,369-31,0.925,0.341667,0.65,0.991667,0.925,0.0,0.0,0.622219,0.551156,0.506431
difficulty,1.0,369,369-32,0.841667,0.8,0.2,1.0,1.0,0.0,0.0,0.556282,0.565219,0.258477
difficulty,1.0,369,369-33,0.0,0.041667,0.0,0.041667,0.041667,0.0,0.891667,0.230745,0.584664,1.230902
difficulty,1.0,369,369-34,0.625,0.875,0.125,1.0,0.983333,0.0,0.0,0.526859,0.626726,0.213657
difficulty,1.0,369,369-35,0.941667,0.383333,0.608333,0.991667,0.941667,0.0,0.0,0.620626,0.617154,0.499532
difficulty,1.0,369,369-36,0.666667,0.858333,0.141667,1.0,0.958333,0.0,0.0,0.535639,0.589431,0.229068
difficulty,1.0,369,369-37,0.0,0.0,0.925,0.925,0.0,0.025,0.0,0.755236,0.45706,1.137852
difficulty,1.0,369,369-38,0.875,0.2,0.783333,0.983333,0.875,0.008333,0.0,0.648588,0.58857,0.624196
difficulty,1.0,369,369-39,0.333333,0.0,0.941667,0.941667,0.333333,0.008333,0.0,0.719729,0.519277,0.95468
difficulty,1.0,369,369-40,0.166667,0.0,0.941667,0.941667,0.166667,0.008333,0.0,0.736851,0.392075,1.038553
difficulty,1.0,369,369-41,0.5,0.9,0.1,1.0,0.975,0.0,0.0,0.515008,0.643197,0.234825
difficulty,1.0,369,369-42,0.575,0.9,0.1,1.0,0.975,0.0,0.0,0.524056,0.504169,0.195324
difficulty,1.0,369,369-43,0.116667,0.358333,0.033333,0.391667,0.391667,0.0,0.016667,0.400776,0.496907,0.479138
difficulty,1.0,369,369-44,0.458333,0.941667,0.05,0.991667,0.966667,0.0,0.0,0.498547,0.575165,0.196774
difficulty,1.0,369,369-45,0.916667,0.383333,0.6,0.983333,0.916667,0.0,0.0,0.621276,0.519082,0.504461
difficulty,1.0,369,369-46,0.3,0.0,0.975,0.975,0.3,0.008333,0.0,0.722082,0.458445,0.962729
difficulty,1.0,369,369-47,0.15,0.75,0.033333,0.783333,0.783333,0.0,0.0,0.455087,0.534302,0.250095
difficulty,1.0,369,369-48,0.858333,0.141667,0.85,0.991667,0.858333,0.0,0.0,0.652495,0.504835,0.637759
difficulty,1.0,369,369-49,0.016667,0.091667,0.0,0.091667,0.091667,0.0,0.45,0.317257,0.536175,0.789606
difficulty,1.0,369,369-50,0.066667,0.266667,0.008333,0.275,0.275,0.0,0.05,0.383923,0.525609,0.503309
difficulty,1.0,369,369-51,0.533333,0.008333,0.966667,0.975,0.533333,0.0,0.0,0.690789,0.590897,0.814371
difficulty,1.0,369,369-52,0.0,0.0,0.0,0.0,0.0,0.808333,0.0,0.861026,0.301548,1.828591
difficulty,1.0,369,369-53,0.0,0.0,0.925,0.925,0.0,0.008333,0.0,0.766365,0.390777,1.193799
difficulty,1.0,369,369-54,0.516667,0.933333,0.066667,1.0,1.0,0.0,0.0,0.502952,0.603987,0.205218
difficulty,1.0,369,369-55,0.0,0.0,0.683333,0.683333,0.0,0.041667,0.0,0.792313,0.388179,1.348298
difficulty,1.0,369,369-56,0.666667,0.008333,0.966667,0.975,0.666667,0.008333,0.0,0.682291,0.483148,0.776433
difficulty,1.0,369,369-57,0.566667,0.908333,0.091667,1.0,0.983333,0.0,0.0,0.511788,0.54426,0.214195
difficulty,1.0,369,369-58,0.083333,0.325,0.041667,0.366667,0.366667,0.0,0.0,0.404616,0.34119,0.451235
difficulty,1.0,369,369-59,0.791667,0.083333,0.891667,0.975,0.791667,0.0,0.0,0.665615,0.540934,0.698544
difficulty,1.0,369,369-60,0.808333,0.725,0.275,1.0,0.958333,0.0,0.0,0.568851,0.617794,0.302836
difficulty,1.0,369,369-61,0.0,0.033333,0.0,0.033333,0.033333,0.0,0.85,0.256307,0.472786,1.084843
difficulty,1.0,369,369-62,0.783333,0.0,0.975,0.975,0.783333,0.008333,0.0,0.674966,0.467113,0.740323
difficulty,1.0,369,369-63,0.0,0.05,0.0,0.05,0.05,0.0,0.7,0.283375,0.40946,0.940284
difficulty,1.0,369,369-64,0.65,0.866667,0.133333,1.0,0.966667,0.0,0.0,0.537074,0.616588,0.233701
difficulty,1.0,369,369-65,0.0,0.0,0.725,0.725,0.0,0.025,0.0,0.788756,0.390079,1.325905
difficulty,1.0,369,369-66,0.125,0.625,0.033333,0.658333,0.658333,0.0,0.0,0.433314,0.506955,0.336529
difficulty,1.0,369,369-67,0.0,0.0,0.291667,0.291667,0.0,0.083333,0.0,0.813949,0.367975,1.48437
difficulty,1.0,369,369-68,0.008333,0.0,0.916667,0.916667,0.008333,0.025,0.0,0.760545,0.40278,1.165514
difficulty,1.0,369,369-69,0.041667,0.183333,0.0,0.183333,0.183333,0.0,0.091667,0.363144,0.638141,0.584555
difficulty,1.0,369,369-70,0.0,0.0,0.033333,0.033333,0.0,0.116667,0.0,0.829533,0.338975,1.587715
difficulty,1.0,369,369-71,0.741667,0.875,0.125,1.0,0.991667,0.0,0.0,0.54338,0.608756,0.228344
difficulty,1.0,369,369-72,0.425,0.9,0.083333,0.983333,0.966667,0.0,0.0,0.497772,0.53434,0.217044
difficulty,1.0,369,369-73,0.291667,0.0,0.941667,0.941667,0.291667,0.008333,0.0,0.724278,0.469657,0.976767
difficulty,1.0,369,369-74,0.0,0.0,0.0,0.0,0.0,0.983333,0.0,0.8719,0.257179,1.926267
difficulty,1.0,369,369-75,0.05,0.0,0.975,0.975,0.05,0.0,0.0,0.747013,0.487599,1.08957
difficulty,1.0,369,369-76,0.875,0.125,0.85,0.975,0.875,0.0,0.0,0.653679,0.544363,0.643924
difficulty,1.0,369,369-77,0.133333,0.0,0.966667,0.966667,0.133333,0.008333,0.0,0.734487,0.455386,1.025527
difficulty,1.0,369,369-78,0.0,0.0,0.783333,0.783333,0.0,0.033333,0.0,0.779521,0.416067,1.274458
difficulty,1.0,369,369-79,0.0,0.0,0.0,0.0,0.0,1.0,0.0,0.924842,0.171287,2.511982
difficulty,1.0,369,369-80,0.066667,0.0,0.933333,0.933333,0.066667,0.016667,0.0,0.751545,0.438033,1.116743
difficulty,1.0,369,369-81,0.825,0.041667,0.95,0.991667,0.825,0.0,0.0,0.662759,0.493235,0.682908
difficulty,1.0,369,369-82,0.0,0.0,0.0,0.0,0.0,0.1,0.0,0.832459,0.315291,1.609138
difficulty,1.0,369,369-83,0.383333,0.933333,0.05,0.983333,0.975,0.0,0.0,0.491037,0.580947,0.183737
difficulty,1.0,369,369-84,0.0,0.0,0.0,0.0,0.0,0.116667,0.0,0.832645,0.352589,1.609684
difficulty,1.0,369,369-85,0.0,0.0,0.0,0.0,0.0,1.0,0.0,0.916383,0.193598,2.396219
difficulty,1.0,369,369-86,0.175,0.766667,0.033333,0.8,0.8,0.0,0.0,0.456412,0.606568,0.25419
difficulty,1.0,369,369-87,0.0,0.0,0.75,0.75,0.0,0.033333,0.0,0.78172,0.450482,1.28413
difficulty,1.0,369,369-88,0.0,0.0,0.658333,0.658333,0.0,0.008333,0.0,0.786856,0.432143,1.312362
difficulty,1.0,369,369-89,0.05,0.325,0.025,0.35,0.35,0.0,0.025,0.387368,0.544632,0.504611
difficulty,1.0,369,369-90,0.0,0.0,0.0,0.0,0.0,0.0,0.95,0.195038,0.365954,1.440643
difficulty,1.0,369,369-91,0.0,0.0,0.0,0.0,0.0,1.0,0.0,0.957634,0.099126,3.119371
difficulty,1.0,369,369-92,0.0,0.0,0.0,0.0,0.0,0.0,0.975,0.194312,0.456092,1.442119
difficulty,1.0,369,369-93,0.0,0.0,0.0,0.0,0.0,0.841667,0.0,0.861324,0.295108,1.828868
difficulty,1.0,369,369-94,0.0,0.0,0.0,0.0,0.0,1.0,0.0,0.894304,0.224673,2.139522
difficulty,1.0,369,369-95,0.058333,0.475,0.016667,0.491667,0.491667,0.0,0.008333,0.403097,0.610286,0.432044
difficulty,1.0,369,369-96,0.75,0.716667,0.275,0.991667,0.975,0.0,0.0,0.556851,0.66647,0.274259
difficulty,1.0,369,369-97,0.0,0.0,0.0,0.0,0.0,0.0,0.95,0.228497,0.380888,1.228447
difficulty,1.0,369,369-98,0.566667,0.9,0.1,1.0,0.958333,0.0,0.0,0.522629,0.531824,0.207838
difficulty,1.0,369,369-99,0.0,0.0,0.0,0.0,0.0,0.0,1.0,0.122681,0.229503,2.000613
difficulty,1.0,369,369-100,0.0,0.0,0.0,0.0,0.0,1.0,0.0,0.937678,0.148221,2.713195
difficulty,1.0,369,369-101,0.275,0.825,0.058333,0.883333,0.858333,0.0,0.0,0.479587,0.551783,0.234485
difficulty,1.0,369,369-102,0.725,0.816667,0.183333,1.0,0.958333,0.0,0.0,0.549356,0.499515,0.23506
difficulty,1.0,369,369-103,0.0,0.0,0.0,0.0,0.0,0.0,0.95,0.203364,0.381059,1.38486
difficulty,1.0,369,369-104,0.0,0.0,0.658333,0.658333,0.0,0.016667,0.0,0.788606,0.411514,1.322944
difficulty,1.0,369,369-105,0.458333,0.0,0.975,0.975,0.458333,0.0,0.0,0.70413,0.510799,0.875749
difficulty,1.0,369,369-106,0.0,0.0,0.283333,0.283333,0.0,0.025,0.0,0.811481,0.331424,1.46562
difficulty,1.0,369,369-107,0.7,0.0,0.966667,0.966667,0.7,0.016667,0.0,0.680013,0.461213,0.766678
difficulty,1.0,369,369-108,0.933333,0.558333,0.433333,0.991667,0.95,0.0,0.0,0.596779,0.602921,0.400707
difficulty,1.0,369,369-109,0.941667,0.375,0.625,1.0,0.941667,0.0,0.0,0.618545,0.586811,0.489576
difficulty,1.0,369,369-110,0.0,0.0,0.0,0.0,0.0,1.0,0.0,0.895229,0.215203,2.149923
difficulty,1.0,369,369-111,0.133333,0.0,0.941667,0.941667,0.133333,0.008333,0.0,0.737195,0.431774,1.040651
difficulty,1.0,369,369-112,0.158333,0.55,0.025,0.575,0.566667,0.0,0.0,0.430813,0.608485,0.371716
difficulty,1.0,369,369-113,0.416667,0.0,0.958333,0.958333,0.416667,0.008333,0.0,0.712169,0.470298,0.91599
difficulty,1.0,369,369-114,0.633333,0.0,0.991667,0.991667,0.633333,0.0,0.0,0.690402,0.487847,0.807999
difficulty,1.0,369,369-115,0.483333,0.908333,0.05,0.958333,0.941667,0.0,0.0,0.502001,0.657925,0.204589
difficulty,1.0,369,369-116,0.933333,0.283333,0.7,0.983333,0.933333,0.0,0.0,0.633053,0.597007,0.554672
difficulty,1.0,369,369-117,0.116667,0.525,0.033333,0.558333,0.558333,0.0,0.0,0.419691,0.442331,0.396557
difficulty,1.0,369,369-118,0.0,0.0,0.45,0.45,0.0,0.05,0.0,0.802128,0.381807,1.413701
difficulty,1.0,369,369-119,0.0,0.0,0.766667,0.766667,0.0,0.033333,0.0,0.78157,0.414281,1.288283
difficulty,1.0,369,369-120,0.025,0.075,0.0,0.075,0.075,0.0,0.566667,0.303627,0.489839,0.855121
difficulty,1.0,369,369-121,0.033333,0.141667,0.0,0.141667,0.141667,0.0,0.325,0.33487,0.530675,0.700947
difficulty,1.0,369,369-122,0.0,0.0,0.433333,0.433333,0.0,0.025,0.0,0.804052,0.390381,1.418863
difficulty,1.0,369,369-123,0.0,0.0,0.0,0.0,0.0,0.516667,0.0,0.850606,0.297563,1.744535
difficulty,1.0,369,369-124,0.0,0.0,0.0,0.0,0.0,0.0,0.983333,0.187592,0.40413,1.476859
difficulty,1.0,369,369-125,0.0,0.0,0.166667,0.166667,0.0,0.058333,0.0,0.818264,0.365984,1.510001
difficulty,1.0,369,369-126,0.0,0.0,0.916667,0.916667,0.0,0.008333,0.0,0.765531,0.446237,1.189999
difficulty,1.0,369,369-127,0.0,0.0,0.0,0.0,0.0,0.316667,0.0,0.844614,0.30896,1.705366
difficulty,1.0,369,369-128,0.3,0.0,0.975,0.975,0.3,0.008333,0.0,0.719055,0.462741,0.946082
difficulty,1.0,369,369-129,0.0,0.0,0.0,0.0,0.0,1.0,0.0,0.907503,0.206789,2.287673
difficulty,1.0,369,369-130,0.0,0.0,0.875,0.875,0.0,0.025,0.0,0.76714,0.407398,1.201349
difficulty,1.0,369,369-131,0.191667,0.0,0.941667,0.941667,0.191667,0.025,0.0,0.738657,0.481301,1.053025
difficulty,1.0,369,369-132,0.2,0.0,0.933333,0.933333,0.2,0.025,0.0,0.732728,0.47161,1.021241
difficulty,1.0,369,369-133,0.008333,0.091667,0.0,0.091667,0.091667,0.0,0.533333,0.306575,0.489658,0.832872
difficulty,1.0,369,369-134,0.516667,0.0,0.983333,0.983333,0.516667,0.0,0.0,0.692297,0.589863,0.819615
difficulty,1.0,369,369-135,0.0,0.0,0.0,0.0,0.0,1.0,0.0,0.924767,0.168453,2.515536
difficulty,1.0,369,369-136,0.0,0.0,0.0,0.0,0.0,0.941667,0.0,0.865086,0.284729,1.863181
difficulty,1.0,369,369-137,0.358333,0.925,0.016667,0.941667,0.941667,0.0,0.0,0.480525,0.666423,0.179165
difficulty,1.0,369,369-138,0.0,0.0,0.233333,0.233333,0.0,0.025,0.0,0.814841,0.375778,1.486306
difficulty,1.0,369,369-139,0.141667,0.0,0.958333,0.958333,0.141667,0.008333,0.0,0.735187,0.486102,1.029542
difficulty,1.0,369,369-140,0.016667,0.05,0.0,0.05,0.05,0.0,0.616667,0.293125,0.423412,0.895777
difficulty,1.0,369,369-141,0.641667,0.9,0.1,1.0,0.991667,0.0,0.0,0.526712,0.620779,0.218921
difficulty,1.0,369,369-142,0.0,0.041667,0.0,0.041667,0.041667,0.0,0.858333,0.245801,0.279047,1.143858
difficulty,1.0,369,369-143,0.0,0.0,0.375,0.375,0.0,0.066667,0.0,0.810681,0.367597,1.469
difficulty,1.0,369,369-144,0.933333,0.625,0.375,1.0,0.966667,0.0,0.0,0.584848,0.638959,0.350774
difficulty,1.0,369,369-145,0.058333,0.183333,0.0,0.183333,0.183333,0.0,0.075,0.371695,0.446217,0.555597
difficulty,1.0,369,369-146,0.383333,0.0,0.975,0.975,0.383333,0.016667,0.0,0.712254,0.521037,0.917569
difficulty,1.0,369,369-147,0.791667,0.1,0.85,0.95,0.791667,0.0,0.0,0.665677,0.491801,0.70231
difficulty,1.0,369,369-148,0.308333,0.858333,0.058333,0.916667,0.908333,0.0,0.0,0.474976,0.537843,0.23495
difficulty,1.0,369,369-149,0.0,0.0,0.191667,0.191667,0.0,0.025,0.0,0.814604,0.344967,1.487141
difficulty,1.0,369,369-150,0.041667,0.0,0.958333,0.958333,0.041667,0.0,0.0,0.741611,0.420185,1.06018
difficulty,1.0,369,369-151,0.916667,0.658333,0.325,0.983333,0.966667,0.0,0.0,0.579723,0.588242,0.334064
difficulty,1.0,369,369-152,0.7,0.025,0.975,1.0,0.7,0.0,0.0,0.671108,0.565722,0.719071
difficulty,1.0,369,369-153,0.0,0.0,0.066667,0.066667,0.0,0.108333,0.0,0.830783,0.33948,1.600371
difficulty,1.0,369,369-154,0.0,0.0,0.0,0.0,0.0,0.0,0.983333,0.171022,0.378785,1.604398
difficulty,1.0,369,369-155,0.0,0.0,0.0,0.0,0.0,0.475,0.0,0.851285,0.301699,1.753338
difficulty,1.0,369,369-156,0.158333,0.666667,0.033333,0.7,0.7,0.0,0.0,0.437786,0.453986,0.333633
difficulty,1.0,369,369-157,0.816667,0.858333,0.141667,1.0,1.0,0.0,0.0,0.550363,0.521406,0.227979
difficulty,1.0,369,369-158,0.0,0.0,0.716667,0.716667,0.0,0.041667,0.0,0.791555,0.372168,1.346296
difficulty,1.0,369,369-159,0.841667,0.65,0.341667,0.991667,0.95,0.0,0.0,0.580366,0.580318,0.342537
difficulty,1.0,369,369-160,0.0,0.0,0.0,0.0,0.0,0.95,0.0,0.866457,0.292526,1.873433
difficulty,1.0,369,369-161,0.216667,0.825,0.016667,0.841667,0.841667,0.0,0.0,0.46253,0.589938,0.211587
difficulty,1.0,369,369-162,0.958333,0.6,0.391667,0.991667,0.975,0.0,0.0,0.59303,0.571348,0.383906
difficulty,1.0,369,369-163,0.0,0.0,0.0,0.0,0.0,0.0,1.0,0.107715,0.248067,2.133368
difficulty,1.0,369,369-164,0.0,0.0,0.008333,0.008333,0.0,0.158333,0.0,0.833102,0.333195,1.612978
difficulty,1.0,369,369-165,0.075,0.283333,0.0,0.283333,0.283333,0.0,0.1,0.376709,0.504096,0.543465
difficulty,1.0,369,369-166,0.0,0.0,0.0,0.0,0.0,1.0,0.0,0.881202,0.257132,2.010811
difficulty,1.0,369,369-167,0.0,0.0,0.9,0.9,0.0,0.025,0.0,0.771008,0.414378,1.22506
difficulty,1.0,369,369-168,0.0,0.0,0.0,0.0,0.0,0.666667,0.0,0.856747,0.300022,1.792534
difficulty,1.0,369,369-169,0.691667,0.875,0.125,1.0,0.991667,0.0,0.0,0.538439,0.577027,0.235294
difficulty,1.0,369,369-170,0.075,0.0,0.933333,0.933333,0.075,0.025,0.0,0.739939,0.409665,1.057301
difficulty,1.0,369,369-171,0.733333,0.791667,0.208333,1.0,0.958333,0.0,0.0,0.557075,0.571312,0.273344
difficulty,1.0,369,369-172,0.875,0.333333,0.658333,0.991667,0.875,0.0,0.0,0.631735,0.553721,0.549057
difficulty,1.0,369,369-173,0.858333,0.108333,0.833333,0.941667,0.858333,0.008333,0.0,0.66135,0.442256,0.682717
difficulty,1.0,369,369-174,0.575,0.016667,0.966667,0.983333,0.575,0.008333,0.0,0.686389,0.559294,0.795391
difficulty,1.0,369,369-175,0.65,0.85,0.15,1.0,0.991667,0.0,0.0,0.531409,0.648254,0.216895
difficulty,1.0,369,369-176,0.4,0.0,0.95,0.95,0.4,0.0,0.0,0.713347,0.47725,0.922581
difficulty,1.0,369,369-177,0.0,0.0,0.25,0.25,0.0,0.091667,0.0,0.819039,0.364914,1.521455
difficulty,1.0,369,369-178,0.583333,0.941667,0.05,0.991667,0.983333,0.0,0.0,0.50961,0.595319,0.181794
difficulty,1.0,369,369-179,0.016667,0.141667,0.008333,0.15,0.15,0.0,0.3,0.340039,0.634556,0.69023
difficulty,1.0,369,369-180,0.55,0.0,0.958333,0.958333,0.55,0.0,0.0,0.694315,0.496106,0.828417
difficulty,1.0,369,369-181,0.616667,0.0,1.0,1.0,0.616667,0.0,0.0,0.687667,0.516644,0.795005
difficulty,1.0,369,369-182,0.166667,0.0,0.975,0.975,0.166667,0.0,0.0,0.737817,0.475648,1.041069
difficulty,1.0,369,369-183,0.875,0.158333,0.833333,0.991667,0.875,0.008333,0.0,0.649683,0.523162,0.625504
difficulty,1.0,369,369-184,0.941667,0.383333,0.591667,0.975,0.941667,0.008333,0.0,0.620235,0.578035,0.500495
difficulty,1.0,369,369-185,0.008333,0.058333,0.0,0.058333,0.058333,0.0,0.508333,0.307839,0.419207,0.824184
difficulty,1.0,369,369-186,0.55,0.941667,0.058333,1.0,0.975,0.0,0.0,0.517796,0.643437,0.18434
difficulty,1.0,369,369-187,0.925,0.583333,0.391667,0.975,0.925,0.0,0.0,0.598896,0.498515,0.413047
difficulty,1.0,369,369-188,0.225,0.816667,0.025,0.841667,0.841667,0.0,0.0,0.465202,0.640704,0.223988
difficulty,1.0,369,369-189,0.8,0.041667,0.941667,0.983333,0.8,0.0,0.0,0.667744,0.519788,0.706559
difficulty,1.0,369,369-190,0.366667,0.0,0.958333,0.958333,0.366667,0.008333,0.0,0.715321,0.511272,0.931022
difficulty,1.0,369,369-191,0.783333,0.066667,0.916667,0.983333,0.783333,0.0,0.0,0.667713,0.53919,0.705727
difficulty,1.0,369,369-192,0.783333,0.733333,0.266667,1.0,0.95,0.0,0.0,0.563875,0.528907,0.288395
difficulty,1.0,369,369-193,0.9,0.166667,0.808333,0.975,0.9,0.0,0.0,0.644875,0.505918,0.605137
difficulty,1.0,369,369-194,0.275,0.0,0.95,0.95,0.275,0.008333,0.0,0.723096,0.485471,0.971375
difficulty,1.0,369,369-195,0.0,0.0,0.0,0.0,0.0,0.0,1.0,0.092236,0.125785,2.312567
difficulty,1.0,369,369-196,0.883333,0.741667,0.258333,1.0,0.991667,0.0,0.0,0.559703,0.620666,0.259945
difficulty,1.0,369,369-197,0.0,0.041667,0.0,0.041667,0.041667,0.0,0.858333,0.254616,0.315926,1.090568
difficulty,1.0,369,369-198,0.133333,0.0,0.958333,0.958333,0.133333,0.008333,0.0,0.73429,0.448235,1.026242
difficulty,1.0,369,369-199,0.0,0.0,0.0,0.0,0.0,0.0,0.983333,0.188111,0.423431,1.478616
difficulty,1.0,1024,1024-0,0.758333,0.8,0.2,1.0,0.966667,0.0,0.0,0.552927,0.541,0.268239
difficulty,1.0,1024,1024-1,0.966667,0.416667,0.575,0.991667,0.966667,0.0,0.0,0.612254,0.563788,0.462249
difficulty,1.0,1024,1024-2,0.0,0.0,0.0,0.0,0.0,1.0,0.0,0.93624,0.146493,2.68841
difficulty,1.0,1024,1024-3,0.9,0.108333,0.875,0.983333,0.9,0.0,0.0,0.655598,0.56005,0.651798
difficulty,1.0,1024,1024-4,0.0,0.0,0.0,0.0,0.0,0.916667,0.0,0.866448,0.263097,1.874947
difficulty,1.0,1024,1024-5,0.266667,0.0,0.916667,0.916667,0.266667,0.025,0.0,0.732437,0.403937,1.023553
difficulty,1.0,1024,1024-6,0.933333,0.45,0.541667,0.991667,0.933333,0.0,0.0,0.60541,0.543447,0.435341
difficulty,1.0,1024,1024-7,0.45,0.941667,0.05,0.991667,0.983333,0.0,0.0,0.496306,0.589795,0.185612
difficulty,1.0,1024,1024-8,0.891667,0.758333,0.241667,1.0,0.991667,0.0,0.0,0.564452,0.595344,0.274942
difficulty,1.0,1024,1024-9,0.225,0.0,0.975,0.975,0.225,0.008333,0.0,0.731451,0.459519,1.011044
difficulty,1.0,1024,1024-10,0.025,0.083333,0.0,0.083333,0.083333,0.0,0.4,0.320551,0.50427,0.765568
difficulty,1.0,1024,1024-11,0.883333,0.691667,0.308333,1.0,0.975,0.0,0.0,0.570339,0.642947,0.299096
difficulty,1.0,1024,1024-12,0.0,0.0,0.0,0.0,0.0,0.975,0.0,0.874594,0.265316,1.952864
difficulty,1.0,1024,1024-13,0.0,0.0,0.8,0.8,0.0,0.041667,0.0,0.779145,0.384821,1.275292
difficulty,1.0,1024,1024-14,0.658333,0.016667,0.941667,0.958333,0.658333,0.0,0.0,0.68922,0.515875,0.807858
difficulty,1.0,1024,1024-15,0.841667,0.716667,0.283333,1.0,0.975,0.0,0.0,0.569469,0.622107,0.294027
difficulty,1.0,1024,1024-16,0.175,0.708333,0.058333,0.766667,0.766667,0.0,0.0,0.447733,0.62546,0.287007
difficulty,1.0,1024,1024-17,0.0,0.0,0.0,0.0,0.0,1.0,0.0,0.913992,0.183899,2.365738
difficulty,1.0,1024,1024-18,0.016667,0.0,0.933333,0.933333,0.016667,0.016667,0.0,0.751379,0.448207,1.11632
difficulty,1.0,1024,1024-19,0.075,0.533333,0.008333,0.541667,0.533333,0.0,0.0,0.412909,0.499332,0.396287
difficulty,1.0,1024,1024-20,0.241667,0.825,0.016667,0.841667,0.841667,0.0,0.0,0.458193,0.698879,0.23003
difficulty,1.0,1024,1024-21,0.708333,0.891667,0.108333,1.0,0.975,0.0,0.0,0.533602,0.586668,0.202175
difficulty,1.0,1024,1024-22,0.725,0.775,0.225,1.0,0.975,0.0,0.0,0.557186,0.639895,0.280694
difficulty,1.0,1024,1024-23,0.033333,0.0,0.975,0.975,0.033333,0.008333,0.0,0.74815,0.457487,1.096115
difficulty,1.0,1024,1024-24,0.0,0.0,0.058333,0.058333,0.0,0.166667,0.0,0.831852,0.343659,1.608101
difficulty,1.0,1024,1024-25,0.925,0.383333,0.6,0.983333,0.925,0.0,0.0,0.622462,0.544442,0.508709
difficulty,1.0,1024,1024-26,0.0,0.0,0.125,0.125,0.0,0.075,0.0,0.823506,0.351513,1.548905
difficulty,1.0,1024,1024-27,0.033333,0.208333,0.0,0.208333,0.208333,0.0,0.158333,0.362034,0.549839,0.582074
difficulty,1.0,1024,1024-28,0.158333,0.0,0.958333,0.958333,0.158333,0.008333,0.0,0.737947,0.507471,1.043043
difficulty,1.0,1024,1024-29,0.016667,0.0,0.925,0.925,0.016667,0.0,0.0,0.760611,0.465953,1.163028
difficulty,1.0,1024,1024-30,0.0,0.0,0.008333,0.008333,0.0,0.091667,0.0,0.82992,0.358527,1.59027
difficulty,1.0,1024,1024-31,0.0,0.0,0.291667,0.291667,0.0,0.05,0.0,0.809811,0.361932,1.455147
difficulty,1.0,1024,1024-32,0.0,0.0,0.45,0.45,0.0,0.033333,0.0,0.801986,0.410302,1.404162
difficulty,1.0,1024,1024-33,0.0,0.008333,0.0,0.008333,0.008333,0.0,0.975,0.205209,0.371912,1.369239
difficulty,1.0,1024,1024-34,0.641667,0.841667,0.158333,1.0,0.933333,0.0,0.0,0.54456,0.674073,0.254126
difficulty,1.0,1024,1024-35,0.016667,0.075,0.0,0.075,0.075,0.0,0.683333,0.289614,0.409188,0.91391
difficulty,1.0,1024,1024-36,0.95,0.583333,0.408333,0.991667,0.95,0.0,0.0,0.590776,0.580004,0.374799
difficulty,1.0,1024,1024-37,0.0,0.008333,0.0,0.008333,0.008333,0.0,0.95,0.211183,0.274435,1.3325
difficulty,1.0,1024,1024-38,0.0,0.0,0.633333,0.633333,0.0,0.0,0.0,0.790524,0.397893,1.333153
difficulty,1.0,1024,1024-39,0.816667,0.783333,0.208333,0.991667,0.966667,0.0,0.0,0.561548,0.570958,0.274561
difficulty,1.0,1024,1024-40,0.0,0.0,0.491667,0.491667,0.0,0.025,0.0,0.803012,0.382119,1.416118
difficulty,1.0,1024,1024-41,0.466667,0.883333,0.066667,0.95,0.933333,0.0,0.0,0.504654,0.62328,0.203566
difficulty,1.0,1024,1024-42,0.925,0.375,0.616667,0.991667,0.925,0.0,0.0,0.623615,0.561777,0.514588
difficulty,1.0,1024,1024-43,0.0,0.0,0.783333,0.783333,0.0,0.008333,0.0,0.77909,0.419678,1.26581
difficulty,1.0,1024,1024-44,0.091667,0.616667,0.008333,0.625,0.625,0.0,0.0,0.425258,0.418848,0.3439
difficulty,1.0,1024,1024-45,0.0,0.05,0.0,0.05,0.05,0.0,0.891667,0.235889,0.413889,1.201808
difficulty,1.0,1024,1024-46,0.0,0.0,0.0,0.0,0.0,1.0,0.0,0.936872,0.143693,2.700287
difficulty,1.0,1024,1024-47,0.025,0.066667,0.0,0.066667,0.066667,0.0,0.75,0.283333,0.433631,0.953744
difficulty,1.0,1024,1024-48,0.391667,0.0,0.95,0.95,0.391667,0.008333,0.0,0.713382,0.442285,0.921986
difficulty,1.0,1024,1024-49,0.0,0.0,0.583333,0.583333,0.0,0.025,0.0,0.796625,0.381958,1.373777
difficulty,1.0,1024,1024-50,0.116667,0.0,0.966667,0.966667,0.116667,0.008333,0.0,0.73805,0.457501,1.04328
difficulty,1.0,1024,1024-51,0.0,0.025,0.0,0.025,0.025,0.0,0.908333,0.247857,0.365099,1.123001
difficulty,1.0,1024,1024-52,0.008333,0.0,0.975,0.975,0.008333,0.008333,0.0,0.757142,0.432422,1.143057
difficulty,1.0,1024,1024-53,0.4,0.0,0.975,0.975,0.4,0.016667,0.0,0.713592,0.468783,0.923467
difficulty,1.0,1024,1024-54,0.0,0.0,0.866667,0.866667,0.0,0.025,0.0,0.769922,0.410917,1.217984
difficulty,1.0,1024,1024-55,0.0,0.0,0.0,0.0,0.0,0.0,0.95,0.183212,0.321233,1.524878
difficulty,1.0,1024,1024-56,0.866667,0.333333,0.658333,0.991667,0.866667,0.0,0.0,0.634209,0.569256,0.56053
difficulty,1.0,1024,1024-57,0.433333,0.85,0.083333,0.933333,0.916667,0.0,0.0,0.494313,0.554414,0.225835
difficulty,1.0,1024,1024-58,0.041667,0.125,0.008333,0.133333,0.133333,0.0,0.3,0.340252,0.502131,0.687089
difficulty,1.0,1024,1024-59,0.891667,0.35,0.625,0.975,0.891667,0.0,0.0,0.623598,0.535844,0.516316
difficulty,1.0,1024,1024-60,0.016667,0.083333,0.0,0.083333,0.083333,0.0,0.525,0.312359,0.516688,0.813418
difficulty,1.0,1024,1024-61,0.933333,0.283333,0.708333,0.991667,0.933333,0.0,0.0,0.624964,0.508223,0.516473
difficulty,1.0,1024,1024-62,0.208333,0.675,0.033333,0.708333,0.708333,0.0,0.0,0.443922,0.512546,0.314596
difficulty,1.0,1024,1024-63,0.908333,0.683333,0.316667,1.0,0.966667,0.0,0.0,0.572915,0.578641,0.302986
difficulty,1.0,1024,1024-64,0.933333,0.533333,0.458333,0.991667,0.933333,0.0,0.0,0.603049,0.612542,0.427866
difficulty,1.0,1024,1024-65,0.0,0.008333,0.0,0.008333,0.008333,0.0,0.966667,0.199984,0.312348,1.402775
difficulty,1.0,1024,1024-66,0.95,0.35,0.641667,0.991667,0.95,0.0,0.0,0.624255,0.549097,0.514197
difficulty,1.0,1024,1024-67,0.175,0.0,0.958333,0.958333,0.175,0.0,0.0,0.736306,0.480848,1.034032
difficulty,1.0,1024,1024-68,0.391667,0.95,0.041667,0.991667,0.983333,0.0,0.0,0.48978,0.603602,0.18258
difficulty,1.0,1024,1024-69,0.975,0.266667,0.733333,1.0,0.975,0.0,0.0,0.627858,0.514186,0.527276
difficulty,1.0,1024,1024-70,0.683333,0.0,0.991667,0.991667,0.683333,0.008333,0.0,0.679973,0.484289,0.760981
difficulty,1.0,1024,1024-71,0.575,0.0,0.983333,0.983333,0.575,0.008333,0.0,0.695104,0.54355,0.832706
difficulty,1.0,1024,1024-72,0.441667,0.925,0.058333,0.983333,0.983333,0.0,0.0,0.497129,0.558034,0.180768
difficulty,1.0,1024,1024-73,0.925,0.366667,0.633333,1.0,0.925,0.0,0.0,0.62376,0.524789,0.511919
difficulty,1.0,1024,1024-74,0.783333,0.858333,0.133333,0.991667,0.991667,0.0,0.0,0.544832,0.578945,0.22606
difficulty,1.0,1024,1024-75,0.675,0.0,0.975,0.975,0.675,0.0,0.0,0.679223,0.537437,0.759149
difficulty,1.0,1024,1024-76,0.0,0.0,0.0,0.0,0.0,1.0,0.0,0.92133,0.175638,2.462889
difficulty,1.0,1024,1024-77,0.0,0.0,0.166667,0.166667,0.0,0.05,0.0,0.818902,0.361662,1.5153
difficulty,1.0,1024,1024-78,0.125,0.0,0.983333,0.983333,0.125,0.008333,0.0,0.734755,0.466045,1.025792
difficulty,1.0,1024,1024-79,0.241667,0.0,0.958333,0.958333,0.241667,0.008333,0.0,0.729547,0.485228,1.000882
difficulty,1.0,1024,1024-80,0.933333,0.4,0.591667,0.991667,0.933333,0.0,0.0,0.621944,0.561352,0.505767
difficulty,1.0,1024,1024-81,0.516667,0.008333,0.966667,0.975,0.516667,0.008333,0.0,0.695174,0.481435,0.834575
difficulty,1.0,1024,1024-82,0.125,0.0,0.983333,0.983333,0.125,0.008333,0.0,0.738158,0.479433,1.042976
difficulty,1.0,1024,1024-83,0.5,0.0,0.966667,0.966667,0.5,0.008333,0.0,0.700555,0.504352,0.861881
difficulty,1.0,1024,1024-84,0.0,0.0,0.0,0.0,0.0,1.0,0.0,0.91811,0.183261,2.421011
difficulty,1.0,1024,1024-85,0.675,0.908333,0.091667,1.0,0.975,0.0,0.0,0.533537,0.571005,0.20894
difficulty,1.0,1024,1024-86,0.0,0.0,0.925,0.925,0.0,0.0,0.0,0.759541,0.464648,1.158192
difficulty,1.0,1024,1024-87,0.6,0.908333,0.091667,1.0,1.0,0.0,0.0,0.513075,0.668915,0.206363
difficulty,1.0,1024,1024-88,0.0,0.0,0.708333,0.708333,0.0,0.025,0.0,0.787176,0.397318,1.318309
difficulty,1.0,1024,1024-89,0.941667,0.616667,0.383333,1.0,0.958333,0.0,0.0,0.588822,0.558932,0.36618
difficulty,1.0,1024,1024-90,0.041667,0.108333,0.008333,0.116667,0.116667,0.0,0.3,0.336261,0.420682,0.70813
difficulty,1.0,1024,1024-91,0.166667,0.0,0.983333,0.983333,0.166667,0.0,0.0,0.736357,0.472077,1.033639
difficulty,1.0,1024,1024-92,0.916667,0.25,0.741667,0.991667,0.916667,0.008333,0.0,0.637416,0.561855,0.572862
difficulty,1.0,1024,1024-93,0.008333,0.025,0.0,0.025,0.025,0.0,0.891667,0.245714,0.505138,1.140904
difficulty,1.0,1024,1024-94,0.85,0.033333,0.958333,0.991667,0.85,0.0,0.0,0.662478,0.530753,0.680481
difficulty,1.0,1024,1024-95,0.525,0.0,0.991667,0.991667,0.525,0.0,0.0,0.691255,0.488161,0.812543
difficulty,1.0,1024,1024-96,0.45,0.0,0.975,0.975,0.45,0.016667,0.0,0.71366,0.531379,0.924599
difficulty,1.0,1024,1024-97,0.65,0.0,0.983333,0.983333,0.65,0.008333,0.0,0.680538,0.559382,0.766059
difficulty,1.0,1024,1024-98,0.066667,0.175,0.0,0.175,0.175,0.0,0.3,0.343092,0.490433,0.676113
difficulty,1.0,1024,1024-99,0.0,0.0,0.483333,0.483333,0.0,0.025,0.0,0.800641,0.400362,1.398957
difficulty,1.0,1024,1024-100,0.9,0.15,0.85,1.0,0.9,0.0,0.0,0.648963,0.59093,0.619492
difficulty,1.0,1024,1024-101,0.7,0.916667,0.075,0.991667,0.966667,0.0,0.0,0.540878,0.580797,0.21051
difficulty,1.0,1024,1024-102,0.9,0.683333,0.308333,0.991667,0.966667,0.0,0.0,0.575282,0.611966,0.314375
difficulty,1.0,1024,1024-103,0.858333,0.108333,0.875,0.983333,0.858333,0.0,0.0,0.656569,0.505173,0.656037
difficulty,1.0,1024,1024-104,0.925,0.675,0.325,1.0,0.991667,0.0,0.0,0.57797,0.585356,0.32124
difficulty,1.0,1024,1024-105,0.0,0.0,0.016667,0.016667,0.0,0.083333,0.0,0.828428,0.354627,1.578774
difficulty,1.0,1024,1024-106,0.641667,0.0,0.991667,0.991667,0.641667,0.0,0.0,0.689696,0.499788,0.806417
difficulty,1.0,1024,1024-107,0.241667,0.841667,0.008333,0.85,0.85,0.0,0.0,0.461392,0.605046,0.231868
difficulty,1.0,1024,1024-108,0.6,0.0,1.0,1.0,0.6,0.0,0.0,0.687179,0.47806,0.792824
difficulty,1.0,1024,1024-109,0.291667,0.741667,0.058333,0.8,0.8,0.0,0.0,0.467849,0.642386,0.258183
difficulty,1.0,1024,1024-110,0.95,0.516667,0.483333,1.0,0.958333,0.0,0.0,0.60234,0.516771,0.42102
difficulty,1.0,1024,1024-111,0.933333,0.475,0.525,1.0,0.933333,0.0,0.0,0.610236,0.579114,0.457065
difficulty,1.0,1024,1024-112,0.8,0.758333,0.241667,1.0,0.975,0.0,0.0,0.557521,0.594923,0.270912
difficulty,1.0,1024,1024-113,0.491667,0.0,0.991667,0.991667,0.491667,0.0,0.0,0.697646,0.511066,0.842111
difficulty,1.0,1024,1024-114,0.083333,0.0,0.958333,0.958333,0.083333,0.0,0.0,0.738974,0.428606,1.046656
difficulty,1.0,1024,1024-115,0.516667,0.0,0.975,0.975,0.516667,0.016667,0.0,0.69953,0.480001,0.855079
difficulty,1.0,1024,1024-116,0.0,0.0,0.0,0.0,0.0,0.125,0.0,0.83264,0.351237,1.609722
difficulty,1.0,1024,1024-117,0.0,0.0,0.0,0.0,0.0,0.975,0.0,0.87146,0.264076,1.917206
difficulty,1.0,1024,1024-118,0.008333,0.0,0.941667,0.941667,0.008333,0.016667,0.0,0.763075,0.418179,1.177169
difficulty,1.0,1024,1024-119,0.033333,0.066667,0.0,0.066667,0.066667,0.0,0.483333,0.311153,0.474798,0.816051
difficulty,1.0,1024,1024-120,0.566667,0.0,0.983333,0.983333,0.566667,0.008333,0.0,0.691343,0.537049,0.814819
difficulty,1.0,1024,1024-121,0.0,0.0,0.0,0.0,0.0,0.0,0.966667,0.172416,0.426517,1.601058
difficulty,1.0,1024,1024-122,0.841667,0.191667,0.8,0.991667,0.841667,0.0,0.0,0.651406,0.507231,0.6334
difficulty,1.0,1024,1024-123,0.066667,0.0,0.975,0.975,0.066667,0.0,0.0,0.741581,0.478374,1.059465
difficulty,1.0,1024,1024-124,0.116667,0.691667,0.033333,0.725,0.716667,0.0,0.0,0.438109,0.491189,0.323642
difficulty,1.0,1024,1024-125,0.008333,0.033333,0.0,0.033333,0.033333,0.0,0.7,0.282782,0.401056,0.942858
difficulty,1.0,1024,1024-126,0.15,0.783333,0.025,0.808333,0.808333,0.0,0.0,0.44975,0.490591,0.270315
difficulty,1.0,1024,1024-127,0.891667,0.691667,0.291667,0.983333,0.933333,0.0,0.0,0.586446,0.53298,0.360982
difficulty,1.0,1024,1024-128,0.0,0.0,0.0,0.0,0.0,0.166667,0.0,0.835223,0.356109,1.627472
difficulty,1.0,1024,1024-129,0.416667,0.975,0.025,1.0,0.991667,0.0,0.0,0.489752,0.523637,0.159267
difficulty,1.0,1024,1024-130,0.0,0.0,0.033333,0.033333,0.0,0.183333,0.0,0.83462,0.33465,1.630647
difficulty,1.0,1024,1024-131,0.808333,0.141667,0.85,0.991667,0.808333,0.0,0.0,0.659034,0.580062,0.669416
difficulty,1.0,1024,1024-132,0.2,0.0,0.983333,0.983333,0.2,0.0,0.0,0.727035,0.483979,0.98571
difficulty,1.0,1024,1024-133,0.0,0.0,0.0,0.0,0.0,1.0,0.0,0.90542,0.203897,2.261797
difficulty,1.0,1024,1024-134,0.783333,0.866667,0.133333,1.0,0.991667,0.0,0.0,0.549335,0.594016,0.247042
difficulty,1.0,1024,1024-135,0.816667,0.766667,0.233333,1.0,0.966667,0.0,0.0,0.563188,0.590446,0.282357
difficulty,1.0,1024,1024-136,0.0,0.0,0.0,0.0,0.0,0.666667,0.0,0.856467,0.295371,1.78967
difficulty,1.0,1024,1024-137,0.183333,0.7,0.041667,0.741667,0.733333,0.0,0.0,0.44607,0.407838,0.320365
difficulty,1.0,1024,1024-138,0.0,0.0,0.0,0.0,0.0,1.0,0.0,0.919133,0.176455,2.436033
difficulty,1.0,1024,1024-139,0.016667,0.0,0.958333,0.958333,0.016667,0.0,0.0,0.748532,0.456531,1.096962
difficulty,1.0,1024,1024-140,0.133333,0.0,0.958333,0.958333,0.133333,0.008333,0.0,0.736012,0.463748,1.033857
difficulty,1.0,1024,1024-141,0.016667,0.0,0.916667,0.916667,0.016667,0.008333,0.0,0.755679,0.445668,1.136959
difficulty,1.0,1024,1024-142,0.0,0.0,0.741667,0.741667,0.0,0.041667,0.0,0.782695,0.393045,1.295871
difficulty,1.0,1024,1024-143,0.091667,0.6,0.025,0.625,0.625,0.0,0.0,0.420256,0.582356,0.381308
difficulty,1.0,1024,1024-144,0.0,0.066667,0.0,0.066667,0.066667,0.0,0.5,0.307597,0.442072,0.821505
difficulty,1.0,1024,1024-145,0.925,0.741667,0.258333,1.0,0.975,0.0,0.0,0.570937,0.580407,0.294836
difficulty,1.0,1024,1024-146,0.0,0.0,0.4,0.4,0.0,0.041667,0.0,0.808663,0.362972,1.449358
difficulty,1.0,1024,1024-147,0.891667,0.666667,0.325,0.991667,0.916667,0.0,0.0,0.587783,0.550238,0.365162
difficulty,1.0,1024,1024-148,0.841667,0.708333,0.283333,0.991667,0.95,0.0,0.0,0.572149,0.582176,0.314327
difficulty,1.0,1024,1024-149,0.008333,0.075,0.0,0.075,0.075,0.0,0.666667,0.286479,0.392134,0.932104
difficulty,1.0,1024,1024-150,0.725,0.066667,0.933333,1.0,0.725,0.0,0.0,0.669647,0.551282,0.71436
difficulty,1.0,1024,1024-151,0.083333,0.591667,0.016667,0.608333,0.6,0.0,0.0,0.421224,0.649824,0.368162
difficulty,1.0,1024,1024-152,0.375,0.0,0.975,0.975,0.375,0.008333,0.0,0.712083,0.476156,0.91387
difficulty,1.0,1024,1024-153,0.0,0.0,0.0,0.0,0.0,0.0,0.9,0.243112,0.428719,1.152674
difficulty,1.0,1024,1024-154,0.0,0.0,0.616667,0.616667,0.0,0.016667,0.0,0.7953,0.338696,1.363449
difficulty,1.0,1024,1024-155,0.008333,0.0,0.9,0.9,0.008333,0.033333,0.0,0.756459,0.444739,1.146618
difficulty,1.0,1024,1024-156,0.066667,0.4,0.016667,0.416667,0.416667,0.0,0.0,0.402113,0.485634,0.429227
difficulty,1.0,1024,1024-157,0.075,0.316667,0.025,0.341667,0.341667,0.0,0.075,0.387299,0.521705,0.507168
difficulty,1.0,1024,1024-158,0.941667,0.375,0.625,1.0,0.941667,0.0,0.0,0.612266,0.591124,0.463452
difficulty,1.0,1024,1024-159,0.008333,0.058333,0.0,0.058333,0.058333,0.0,0.866667,0.257111,0.366539,1.078565
difficulty,1.0,1024,1024-160,0.225,0.8,0.041667,0.841667,0.833333,0.0,0.0,0.465959,0.572012,0.234389
difficulty,1.0,1024,1024-161,0.0,0.0,0.0,0.0,0.0,0.0,0.975,0.186536,0.36936,1.488766
difficulty,1.0,1024,1024-162,0.525,0.916667,0.083333,1.0,0.983333,0.0,0.0,0.508206,0.555468,0.193887
difficulty,1.0,1024,1024-163,0.183333,0.0,0.991667,0.991667,0.183333,0.0,0.0,0.735567,0.50762,1.029614
difficulty,1.0,1024,1024-164,0.0,0.05,0.0,0.05,0.05,0.0,0.883333,0.256828,0.458332,1.079268
difficulty,1.0,1024,1024-165,0.358333,0.0,0.991667,0.991667,0.358333,0.0,0.0,0.714981,0.493335,0.926104
difficulty,1.0,1024,1024-166,0.908333,0.75,0.25,1.0,0.966667,0.0,0.0,0.574033,0.60523,0.310288
difficulty,1.0,1024,1024-167,0.758333,0.808333,0.191667,1.0,0.966667,0.0,0.0,0.556834,0.651384,0.281515
difficulty,1.0,1024,1024-168,0.658333,0.041667,0.941667,0.983333,0.658333,0.016667,0.0,0.680308,0.517526,0.767124
difficulty,1.0,1024,1024-169,0.0,0.0,0.933333,0.933333,0.0,0.0,0.0,0.769809,0.435271,1.212153
difficulty,1.0,1024,1024-170,0.0,0.0,0.0,0.0,0.0,0.0,0.958333,0.192458,0.317075,1.458192
difficulty,1.0,1024,1024-171,0.0,0.0,0.0,0.0,0.0,0.0,0.991667,0.153974,0.264593,1.72283
difficulty,1.0,1024,1024-172,0.941667,0.725,0.275,1.0,0.983333,0.0,0.0,0.572135,0.509444,0.29725
difficulty,1.0,1024,1024-173,0.508333,0.908333,0.091667,1.0,0.991667,0.0,0.0,0.50693,0.549266,0.211897
difficulty,1.0,1024,1024-174,0.0,0.016667,0.0,0.016667,0.016667,0.0,0.825,0.264448,0.336459,1.033639
difficulty,1.0,1024,1024-175,0.683333,0.841667,0.158333,1.0,0.983333,0.0,0.0,0.536011,0.570661,0.213241
difficulty,1.0,1024,1024-176,0.741667,0.075,0.908333,0.983333,0.741667,0.008333,0.0,0.671801,0.534038,0.726785
difficulty,1.0,1024,1024-177,0.908333,0.383333,0.608333,0.991667,0.916667,0.0,0.0,0.612927,0.58543,0.469846
difficulty,1.0,1024,1024-178,0.791667,0.0,0.975,0.975,0.791667,0.008333,0.0,0.677849,0.471142,0.75309
difficulty,1.0,1024,1024-179,0.841667,0.7,0.283333,0.983333,0.975,0.0,0.0,0.572328,0.579999,0.312715
difficulty,1.0,1024,1024-180,0.225,0.833333,0.05,0.883333,0.858333,0.0,0.0,0.468787,0.548843,0.245562
difficulty,1.0,1024,1024-181,0.033333,0.333333,0.008333,0.341667,0.341667,0.0,0.116667,0.38023,0.779608,0.512642
difficulty,1.0,1024,1024-182,0.466667,0.875,0.083333,0.958333,0.95,0.0,0.0,0.497046,0.557293,0.221086
difficulty,1.0,1024,1024-183,0.85,0.25,0.716667,0.966667,0.85,0.0,0.0,0.642802,0.511393,0.600515
difficulty,1.0,1024,1024-184,0.683333,0.033333,0.933333,0.966667,0.683333,0.008333,0.0,0.679929,0.495096,0.764108
difficulty,1.0,1024,1024-185,0.966667,0.7,0.291667,0.991667,0.966667,0.0,0.0,0.583824,0.495279,0.345163
difficulty,1.0,1024,1024-186,0.1,0.366667,0.008333,0.375,0.375,0.0,0.0,0.399317,0.530184,0.462896
difficulty,1.0,1024,1024-187,0.0,0.0,0.0,0.0,0.0,0.941667,0.0,0.869102,0.260837,1.900619
difficulty,1.0,1024,1024-188,0.933333,0.541667,0.45,0.991667,0.95,0.0,0.0,0.598285,0.584182,0.406222
difficulty,1.0,1024,1024-189,0.108333,0.508333,0.016667,0.525,0.525,0.0,0.0,0.413985,0.525583,0.403762
difficulty,1.0,1024,1024-190,0.0,0.0,0.908333,0.908333,0.0,0.0,0.0,0.766355,0.408237,1.194047
difficulty,1.0,1024,1024-191,0.175,0.741667,0.041667,0.783333,0.766667,0.0,0.0,0.454267,0.598583,0.290367
difficulty,1.0,1024,1024-192,0.466667,0.933333,0.066667,1.0,0.966667,0.0,0.0,0.506179,0.535966,0.176018
difficulty,1.0,1024,1024-193,0.0,0.0,0.0,0.0,0.0,0.358333,0.0,0.845999,0.322667,1.708978
difficulty,1.0,1024,1024-194,0.15,0.641667,0.041667,0.683333,0.675,0.0,0.0,0.440796,0.635241,0.326198
difficulty,1.0,1024,1024-195,0.15,0.608333,0.016667,0.625,0.625,0.0,0.008333,0.420682,0.587735,0.374399
difficulty,1.0,1024,1024-196,0.0,0.0,0.825,0.825,0.0,0.041667,0.0,0.781442,0.412467,1.283167
difficulty,1.0,1024,1024-197,0.083333,0.533333,0.016667,0.55,0.55,0.0,0.0,0.410216,0.511057,0.403447
difficulty,1.0,1024,1024-198,0.891667,0.666667,0.333333,1.0,0.983333,0.0,0.0,0.573222,0.579622,0.310877
difficulty,1.0,1024,1024-199,0.9,0.183333,0.8,0.983333,0.9,0.0,0.0,0.642159,0.513015,0.592186
difficulty,1.0,2026,2026-0,0.25,0.825,0.041667,0.866667,0.866667,0.0,0.0,0.470072,0.612491,0.235785
difficulty,1.0,2026,2026-1,0.691667,0.0,0.991667,0.991667,0.691667,0.008333,0.0,0.686277,0.479647,0.790806
difficulty,1.0,2026,2026-2,0.0,0.033333,0.0,0.033333,0.033333,0.0,0.9,0.23379,0.407691,1.208097
difficulty,1.0,2026,2026-3,0.0,0.0,0.0,0.0,0.0,0.725,0.0,0.857818,0.301826,1.802911
difficulty,1.0,2026,2026-4,0.025,0.0,0.95,0.95,0.025,0.008333,0.0,0.757326,0.459374,1.146434
difficulty,1.0,2026,2026-5,0.908333,0.675,0.325,1.0,0.958333,0.0,0.0,0.582658,0.531089,0.343669
difficulty,1.0,2026,2026-6,0.858333,0.641667,0.35,0.991667,0.941667,0.0,0.0,0.586147,0.632197,0.363068
difficulty,1.0,2026,2026-7,0.5,0.0,0.975,0.975,0.5,0.0,0.0,0.700531,0.477313,0.857381
difficulty,1.0,2026,2026-8,0.925,0.483333,0.508333,0.991667,0.933333,0.0,0.0,0.601635,0.629384,0.422255
difficulty,1.0,2026,2026-9,0.9,0.458333,0.525,0.983333,0.9,0.0,0.0,0.609291,0.592412,0.45369
difficulty,1.0,2026,2026-10,0.0,0.0,0.908333,0.908333,0.0,0.0,0.0,0.766738,0.433615,1.194848
difficulty,1.0,2026,2026-11,0.166667,0.0,0.933333,0.933333,0.166667,0.016667,0.0,0.737426,0.454888,1.044624
difficulty,1.0,2026,2026-12,0.941667,0.325,0.666667,0.991667,0.941667,0.0,0.0,0.630611,0.552499,0.542649
difficulty,1.0,2026,2026-13,0.941667,0.4,0.591667,0.991667,0.941667,0.0,0.0,0.619755,0.552409,0.494877
difficulty,1.0,2026,2026-14,0.691667,0.033333,0.95,0.983333,0.691667,0.008333,0.0,0.679497,0.527021,0.762373
difficulty,1.0,2026,2026-15,0.525,0.95,0.05,1.0,0.983333,0.0,0.0,0.515535,0.665677,0.222707
difficulty,1.0,2026,2026-16,0.808333,0.833333,0.166667,1.0,0.966667,0.0,0.0,0.555025,0.533519,0.248025
difficulty,1.0,2026,2026-17,0.125,0.0,0.966667,0.966667,0.125,0.016667,0.0,0.736983,0.462362,1.039662
difficulty,1.0,2026,2026-18,0.908333,0.383333,0.608333,0.991667,0.908333,0.0,0.0,0.623012,0.539122,0.512246
difficulty,1.0,2026,2026-19,0.041667,0.083333,0.0,0.083333,0.083333,0.0,0.291667,0.335938,0.608504,0.712156
difficulty,1.0,2026,2026-20,0.7,0.9,0.1,1.0,0.958333,0.0,0.0,0.54157,0.599771,0.212732
difficulty,1.0,2026,2026-21,0.025,0.0,0.908333,0.908333,0.025,0.025,0.0,0.758957,0.437377,1.156946
difficulty,1.0,2026,2026-22,0.933333,0.491667,0.508333,1.0,0.941667,0.0,0.0,0.604742,0.611395,0.431648
difficulty,1.0,2026,2026-23,0.966667,0.441667,0.55,0.991667,0.966667,0.0,0.0,0.612686,0.647902,0.466011
difficulty,1.0,2026,2026-24,0.008333,0.0,0.966667,0.966667,0.008333,0.016667,0.0,0.75465,0.434733,1.131368
difficulty,1.0,2026,2026-25,0.0,0.0,0.0,0.0,0.0,1.0,0.0,0.897276,0.222166,2.171007
difficulty,1.0,2026,2026-26,0.325,0.933333,0.025,0.958333,0.958333,0.0,0.0,0.478593,0.542486,0.192411
difficulty,1.0,2026,2026-27,0.0,0.0,0.0,0.0,0.0,0.508333,0.0,0.851393,0.303735,1.751546
difficulty,1.0,2026,2026-28,0.058333,0.208333,0.025,0.233333,0.233333,0.0,0.066667,0.371125,0.544769,0.569906
difficulty,1.0,2026,2026-29,0.7,0.008333,0.983333,0.991667,0.7,0.0,0.0,0.676416,0.53499,0.746261
difficulty,1.0,2026,2026-30,0.091667,0.291667,0.008333,0.3,0.3,0.0,0.05,0.386108,0.518084,0.507979
difficulty,1.0,2026,2026-31,0.0,0.0,0.0,0.0,0.0,0.533333,0.0,0.852456,0.281936,1.759961
difficulty,1.0,2026,2026-32,0.0,0.0,0.641667,0.641667,0.0,0.008333,0.0,0.787961,0.41394,1.320245
difficulty,1.0,2026,2026-33,0.0,0.0,0.083333,0.083333,0.0,0.116667,0.0,0.82789,0.325142,1.580465
difficulty,1.0,2026,2026-34,0.141667,0.708333,0.041667,0.75,0.75,0.0,0.0,0.448005,0.538051,0.291764
difficulty,1.0,2026,2026-35,0.008333,0.0,0.891667,0.891667,0.008333,0.008333,0.0,0.761421,0.456781,1.169037
difficulty,1.0,2026,2026-36,0.625,0.883333,0.116667,1.0,0.975,0.0,0.0,0.528833,0.603541,0.207887
difficulty,1.0,2026,2026-37,0.75,0.891667,0.108333,1.0,0.966667,0.0,0.0,0.544099,0.561985,0.215135
difficulty,1.0,2026,2026-38,0.208333,0.0,0.95,0.95,0.208333,0.008333,0.0,0.735461,0.499843,1.033948
difficulty,1.0,2026,2026-39,0.0,0.0,0.675,0.675,0.0,0.025,0.0,0.790344,0.385536,1.333359
difficulty,1.0,2026,2026-40,0.641667,0.016667,0.95,0.966667,0.641667,0.0,0.0,0.685276,0.498806,0.788194
difficulty,1.0,2026,2026-41,0.508333,0.916667,0.083333,1.0,0.991667,0.0,0.0,0.513867,0.532263,0.184513
difficulty,1.0,2026,2026-42,0.325,0.808333,0.075,0.883333,0.85,0.0,0.0,0.484657,0.636678,0.27229
difficulty,1.0,2026,2026-43,0.0,0.0,0.0,0.0,0.0,0.75,0.0,0.862491,0.281165,1.844069
difficulty,1.0,2026,2026-44,0.05,0.0,0.991667,0.991667,0.05,0.0,0.0,0.747442,0.480619,1.09086
difficulty,1.0,2026,2026-45,0.0,0.0,0.9,0.9,0.0,0.008333,0.0,0.770001,0.4173,1.216544
difficulty,1.0,2026,2026-46,0.0,0.0,0.0,0.0,0.0,1.0,0.0,0.923542,0.161845,2.496581
difficulty,1.0,2026,2026-47,0.233333,0.791667,0.041667,0.833333,0.825,0.0,0.0,0.465521,0.605954,0.241635
difficulty,1.0,2026,2026-48,0.0,0.0,0.0,0.0,0.0,1.0,0.0,0.943649,0.13066,2.820304
difficulty,1.0,2026,2026-49,0.0,0.0,0.0,0.0,0.0,1.0,0.0,0.967488,0.075447,3.39535
difficulty,1.0,2026,2026-50,0.0,0.0,0.0,0.0,0.0,1.0,0.0,0.878029,0.264024,1.977595
difficulty,1.0,2026,2026-51,0.0,0.0,0.758333,0.758333,0.0,0.041667,0.0,0.785664,0.400896,1.308194
difficulty,1.0,2026,2026-52,0.441667,0.883333,0.083333,0.966667,0.958333,0.0,0.0,0.496028,0.61096,0.204476
difficulty,1.0,2026,2026-53,0.0,0.0,0.35,0.35,0.0,0.025,0.0,0.807628,0.384097,1.440524
difficulty,1.0,2026,2026-54,0.758333,0.808333,0.191667,1.0,0.966667,0.0,0.0,0.552002,0.618303,0.258889
difficulty,1.0,2026,2026-55,0.9,0.2,0.775,0.975,0.9,0.0,0.0,0.643672,0.526277,0.601738
difficulty,1.0,2026,2026-56,0.916667,0.6,0.4,1.0,0.975,0.0,0.0,0.582413,0.592618,0.341336
difficulty,1.0,2026,2026-57,0.508333,0.0,1.0,1.0,0.508333,0.0,0.0,0.698076,0.545254,0.844053
difficulty,1.0,2026,2026-58,0.0,0.0,0.0,0.0,0.0,0.333333,0.0,0.844002,0.310296,1.697187
difficulty,1.0,2026,2026-59,0.541667,0.908333,0.091667,1.0,0.983333,0.0,0.0,0.51995,0.543716,0.193218
difficulty,1.0,2026,2026-60,0.191667,0.683333,0.05,0.733333,0.725,0.0,0.0,0.446242,0.654475,0.332535
difficulty,1.0,2026,2026-61,0.05,0.591667,0.008333,0.6,0.6,0.0,0.0,0.415965,0.572834,0.362296
difficulty,1.0,2026,2026-62,0.083333,0.625,0.033333,0.658333,0.658333,0.0,0.0,0.429723,0.593086,0.340706
difficulty,1.0,2026,2026-63,0.025,0.066667,0.0,0.066667,0.066667,0.0,0.391667,0.32256,0.403293,0.758358
difficulty,1.0,2026,2026-64,0.233333,0.7,0.066667,0.766667,0.766667,0.0,0.0,0.460001,0.610532,0.295523
difficulty,1.0,2026,2026-65,0.0,0.0,0.0,0.0,0.0,0.325,0.0,0.844903,0.317127,1.698562
difficulty,1.0,2026,2026-66,0.641667,0.933333,0.05,0.983333,0.983333,0.0,0.0,0.519182,0.68545,0.184442
difficulty,1.0,2026,2026-67,0.566667,0.0,0.991667,0.991667,0.566667,0.008333,0.0,0.690769,0.509851,0.811433
difficulty,1.0,2026,2026-68,0.058333,0.3,0.016667,0.316667,0.316667,0.0,0.116667,0.376797,0.571949,0.547538
difficulty,1.0,2026,2026-69,0.633333,0.033333,0.958333,0.991667,0.633333,0.0,0.0,0.679223,0.601062,0.758738
difficulty,1.0,2026,2026-70,0.0,0.025,0.0,0.025,0.025,0.0,0.808333,0.260511,0.460389,1.059587
difficulty,1.0,2026,2026-71,0.416667,0.925,0.041667,0.966667,0.958333,0.0,0.0,0.493801,0.622165,0.20155
difficulty,1.0,2026,2026-72,0.0,0.0,0.0,0.0,0.0,1.0,0.0,0.928683,0.148717,2.57085
difficulty,1.0,2026,2026-73,0.608333,0.933333,0.066667,1.0,0.975,0.0,0.0,0.52114,0.547622,0.206102
difficulty,1.0,2026,2026-74,0.0,0.0,0.075,0.075,0.0,0.1,0.0,0.824254,0.321725,1.550788
difficulty,1.0,2026,2026-75,0.25,0.0,0.958333,0.958333,0.25,0.008333,0.0,0.726714,0.500715,0.986576
difficulty,1.0,2026,2026-76,0.95,0.458333,0.533333,0.991667,0.95,0.0,0.0,0.609538,0.560368,0.452181
difficulty,1.0,2026,2026-77,0.5,0.925,0.066667,0.991667,0.983333,0.0,0.0,0.504053,0.640943,0.205923
difficulty,1.0,2026,2026-78,0.0,0.0,0.0,0.0,0.0,0.308333,0.0,0.845256,0.291928,1.705419
difficulty,1.0,2026,2026-79,0.916667,0.4,0.6,1.0,0.916667,0.0,0.0,0.613564,0.600469,0.468872
difficulty,1.0,2026,2026-80,0.0,0.0,0.0,0.0,0.0,0.95,0.0,0.868126,0.290178,1.888448
difficulty,1.0,2026,2026-81,0.333333,0.916667,0.041667,0.958333,0.933333,0.0,0.0,0.483241,0.538415,0.204397
difficulty,1.0,2026,2026-82,0.908333,0.141667,0.825,0.966667,0.908333,0.0,0.0,0.65247,0.500812,0.639707
difficulty,1.0,2026,2026-83,0.25,0.0,0.983333,0.983333,0.25,0.008333,0.0,0.725898,0.474337,0.981363
difficulty,1.0,2026,2026-84,0.441667,0.0,0.966667,0.966667,0.441667,0.0,0.0,0.710746,0.48738,0.907162
difficulty,1.0,2026,2026-85,0.05,0.2,0.008333,0.208333,0.208333,0.0,0.141667,0.365758,0.600401,0.589924
difficulty,1.0,2026,2026-86,0.341667,0.95,0.033333,0.983333,0.983333,0.0,0.0,0.483342,0.506785,0.168493
difficulty,1.0,2026,2026-87,0.858333,0.483333,0.508333,0.991667,0.858333,0.0,0.0,0.61561,0.514777,0.481622
difficulty,1.0,2026,2026-88,0.225,0.75,0.066667,0.816667,0.8,0.0,0.0,0.469118,0.612527,0.285379
difficulty,1.0,2026,2026-89,0.0,0.0,0.958333,0.958333,0.0,0.008333,0.0,0.758993,0.454295,1.15356
difficulty,1.0,2026,2026-90,0.058333,0.0,0.933333,0.933333,0.058333,0.016667,0.0,0.749733,0.449094,1.107045
difficulty,1.0,2026,2026-91,0.0,0.008333,0.0,0.008333,0.008333,0.0,0.916667,0.215784,0.389397,1.310193
difficulty,1.0,2026,2026-92,0.008333,0.066667,0.0,0.066667,0.066667,0.0,0.825,0.2629,0.524338,1.051988
difficulty,1.0,2026,2026-93,0.066667,0.141667,0.025,0.166667,0.166667,0.0,0.175,0.360517,0.485141,0.616888
difficulty,1.0,2026,2026-94,0.75,0.041667,0.941667,0.983333,0.75,0.008333,0.0,0.671605,0.511116,0.72517
difficulty,1.0,2026,2026-95,0.0,0.0,0.0,0.0,0.0,1.0,0.0,0.913022,0.193287,2.354832
difficulty,1.0,2026,2026-96,0.808333,0.733333,0.266667,1.0,0.975,0.0,0.0,0.566404,0.596521,0.295352
difficulty,1.0,2026,2026-97,0.633333,0.0,0.975,0.975,0.633333,0.016667,0.0,0.688689,0.515825,0.804967
difficulty,1.0,2026,2026-98,0.066667,0.541667,0.016667,0.558333,0.558333,0.0,0.0,0.411153,0.582572,0.390681
difficulty,1.0,2026,2026-99,0.058333,0.475,0.008333,0.483333,0.483333,0.0,0.0,0.405935,0.534741,0.418515
difficulty,1.0,2026,2026-100,0.0,0.008333,0.0,0.008333,0.008333,0.0,0.941667,0.21625,0.396803,1.305472
difficulty,1.0,2026,2026-101,0.85,0.25,0.725,0.975,0.85,0.008333,0.0,0.642139,0.541523,0.597958
difficulty,1.0,2026,2026-102,0.0,0.0,0.416667,0.416667,0.0,0.0,0.0,0.800967,0.380435,1.397222
difficulty,1.0,2026,2026-103,0.9,0.7,0.3,1.0,0.983333,0.0,0.0,0.571149,0.617116,0.29864
difficulty,1.0,2026,2026-104,0.0,0.0,0.0,0.0,0.0,0.641667,0.0,0.857892,0.279263,1.805404
difficulty,1.0,2026,2026-105,0.708333,0.008333,0.975,0.983333,0.708333,0.0,0.0,0.680631,0.53235,0.76435
difficulty,1.0,2026,2026-106,0.925,0.225,0.775,1.0,0.925,0.0,0.0,0.634812,0.561493,0.558065
difficulty,1.0,2026,2026-107,0.133333,0.0,0.941667,0.941667,0.133333,0.033333,0.0,0.743333,0.431761,1.074951
difficulty,1.0,2026,2026-108,0.166667,0.0,0.975,0.975,0.166667,0.0,0.0,0.728785,0.448096,0.994292
difficulty,1.0,2026,2026-109,0.0,0.0,0.066667,0.066667,0.0,0.033333,0.0,0.824884,0.352602,1.554707
difficulty,1.0,2026,2026-110,0.25,0.833333,0.066667,0.9,0.9,0.0,0.0,0.473443,0.583284,0.230637
difficulty,1.0,2026,2026-111,0.0,0.0,0.0,0.0,0.0,0.0,0.966667,0.166314,0.227592,1.640925
difficulty,1.0,2026,2026-112,0.775,0.041667,0.941667,0.983333,0.775,0.0,0.0,0.667252,0.54278,0.704221
difficulty,1.0,2026,2026-113,0.458333,0.933333,0.066667,1.0,0.991667,0.0,0.0,0.503803,0.54929,0.190997
difficulty,1.0,2026,2026-114,0.925,0.291667,0.691667,0.983333,0.925,0.0,0.0,0.635867,0.579613,0.565939
difficulty,1.0,2026,2026-115,0.0,0.0,0.0,0.0,0.0,1.0,0.0,0.882769,0.244387,2.02319
difficulty,1.0,2026,2026-116,0.025,0.3,0.0,0.3,0.3,0.0,0.0,0.3819,0.422317,0.494404
difficulty,1.0,2026,2026-117,0.0,0.0,0.85,0.85,0.0,0.0,0.0,0.77394,0.442992,1.236608
difficulty,1.0,2026,2026-118,0.0,0.0,0.475,0.475,0.0,0.083333,0.0,0.805337,0.369629,1.430406
difficulty,1.0,2026,2026-119,0.241667,0.0,0.983333,0.983333,0.241667,0.008333,0.0,0.725114,0.47744,0.978973
difficulty,1.0,2026,2026-120,0.0,0.0,0.108333,0.108333,0.0,0.066667,0.0,0.823331,0.322301,1.549639
difficulty,1.0,2026,2026-121,0.675,0.825,0.175,1.0,0.975,0.0,0.0,0.546668,0.629044,0.242766
difficulty,1.0,2026,2026-122,0.516667,0.933333,0.041667,0.975,0.966667,0.0,0.0,0.501918,0.752446,0.202903
difficulty,1.0,2026,2026-123,0.0,0.0,0.341667,0.341667,0.0,0.075,0.0,0.815538,0.377166,1.494989
difficulty,1.0,2026,2026-124,0.0,0.0,0.841667,0.841667,0.0,0.008333,0.0,0.77349,0.417686,1.236859
difficulty,1.0,2026,2026-125,0.0,0.0,0.0,0.0,0.0,0.616667,0.0,0.855563,0.29003,1.784146
difficulty,1.0,2026,2026-126,0.65,0.0,0.991667,0.991667,0.65,0.0,0.0,0.683242,0.516195,0.776612
difficulty,1.0,2026,2026-127,0.0,0.0,0.0,0.0,0.0,1.0,0.0,0.8784,0.257197,1.980772
difficulty,1.0,2026,2026-128,0.933333,0.633333,0.366667,1.0,0.983333,0.0,0.0,0.579255,0.603993,0.327529
difficulty,1.0,2026,2026-129,0.108333,0.408333,0.033333,0.441667,0.433333,0.0,0.0,0.405054,0.575488,0.457224
difficulty,1.0,2026,2026-130,0.0,0.008333,0.0,0.008333,0.008333,0.0,0.958333,0.198211,0.360037,1.419475
difficulty,1.0,2026,2026-131,0.066667,0.466667,0.0,0.466667,0.466667,0.0,0.0,0.400824,0.62903,0.430113
difficulty,1.0,2026,2026-132,0.0,0.0,0.741667,0.741667,0.0,0.05,0.0,0.785796,0.38187,1.314106
difficulty,1.0,2026,2026-133,0.008333,0.05,0.0,0.05,0.05,0.0,0.433333,0.312675,0.447349,0.801234
difficulty,1.0,2026,2026-134,0.708333,0.883333,0.116667,1.0,0.975,0.0,0.0,0.541476,0.538986,0.215565
difficulty,1.0,2026,2026-135,0.0,0.0,0.0,0.0,0.0,1.0,0.0,0.918183,0.18156,2.421771
difficulty,1.0,2026,2026-136,0.0,0.0,0.741667,0.741667,0.0,0.033333,0.0,0.787933,0.367303,1.31926
difficulty,1.0,2026,2026-137,0.0,0.0,0.0,0.0,0.0,1.0,0.0,0.895098,0.220474,2.153231
difficulty,1.0,2026,2026-138,0.125,0.616667,0.041667,0.658333,0.65,0.0,0.0,0.436709,0.656789,0.340668
difficulty,1.0,2026,2026-139,0.0,0.0,0.0,0.0,0.0,0.0,0.991667,0.139445,0.360581,1.847851
difficulty,1.0,2026,2026-140,0.0,0.0,0.0,0.0,0.0,0.95,0.0,0.86978,0.276514,1.91187
difficulty,1.0,2026,2026-141,0.016667,0.108333,0.0,0.108333,0.108333,0.0,0.325,0.33001,0.59906,0.720207
difficulty,1.0,2026,2026-142,0.825,0.125,0.866667,0.991667,0.825,0.0,0.0,0.658172,0.558551,0.663061
difficulty,1.0,2026,2026-143,0.658333,0.0,0.95,0.95,0.658333,0.0,0.0,0.690521,0.521919,0.815783
difficulty,1.0,2026,2026-144,0.05,0.583333,0.041667,0.625,0.625,0.0,0.0,0.42433,0.407615,0.362975
difficulty,1.0,2026,2026-145,0.0,0.0,0.0,0.0,0.0,0.991667,0.0,0.874238,0.235274,1.948213
difficulty,1.0,2026,2026-146,0.0,0.0,0.0,0.0,0.0,0.95,0.0,0.871029,0.283512,1.91755
difficulty,1.0,2026,2026-147,0.108333,0.0,0.95,0.95,0.108333,0.008333,0.0,0.740598,0.49189,1.05808
difficulty,1.0,2026,2026-148,0.925,0.233333,0.766667,1.0,0.925,0.0,0.0,0.6353,0.571371,0.559703
difficulty,1.0,2026,2026-149,0.7,0.0,0.983333,0.983333,0.7,0.0,0.0,0.67986,0.512138,0.761136
difficulty,1.0,2026,2026-150,0.1,0.475,0.025,0.5,0.5,0.0,0.0,0.410571,0.659828,0.416593
difficulty,1.0,2026,2026-151,0.958333,0.591667,0.408333,1.0,0.975,0.0,0.0,0.588472,0.607367,0.363068
difficulty,1.0,2026,2026-152,0.9,0.358333,0.616667,0.975,0.9,0.0,0.0,0.627644,0.503201,0.532959
difficulty,1.0,2026,2026-153,0.25,0.75,0.041667,0.791667,0.783333,0.0,0.0,0.463921,0.517365,0.264865
difficulty,1.0,2026,2026-154,0.0,0.0,0.7,0.7,0.0,0.016667,0.0,0.788578,0.406206,1.324095
difficulty,1.0,2026,2026-155,0.041667,0.083333,0.0,0.083333,0.083333,0.0,0.316667,0.33112,0.534792,0.735206
difficulty,1.0,2026,2026-156,0.733333,0.841667,0.158333,1.0,0.966667,0.0,0.0,0.54615,0.518583,0.221305
difficulty,1.0,2026,2026-157,0.0,0.0,0.0,0.0,0.0,0.0,0.95,0.16793,0.290368,1.631682
difficulty,1.0,2026,2026-158,0.216667,0.0,0.983333,0.983333,0.216667,0.008333,0.0,0.730663,0.471898,1.005119
difficulty,1.0,2026,2026-159,0.0,0.0,0.85,0.85,0.0,0.025,0.0,0.773397,0.369891,1.2384
difficulty,1.0,2026,2026-160,0.0,0.0,0.933333,0.933333,0.0,0.008333,0.0,0.75656,0.445377,1.143046
difficulty,1.0,2026,2026-161,0.0,0.0,0.0,0.0,0.0,1.0,0.0,0.959924,0.093083,3.178554
difficulty,1.0,2026,2026-162,0.0,0.0,0.533333,0.533333,0.0,0.008333,0.0,0.800641,0.371916,1.396075
difficulty,1.0,2026,2026-163,0.108333,0.716667,0.025,0.741667,0.741667,0.0,0.0,0.439585,0.650489,0.288464
difficulty,1.0,2026,2026-164,0.0,0.0,0.0,0.0,0.0,1.0,0.0,0.948968,0.119317,2.924191
difficulty,1.0,2026,2026-165,0.158333,0.725,0.025,0.75,0.75,0.0,0.0,0.442923,0.558087,0.311763
difficulty,1.0,2026,2026-166,0.0,0.0,0.858333,0.858333,0.0,0.008333,0.0,0.776383,0.422392,1.249796
difficulty,1.0,2026,2026-167,0.0,0.0,0.833333,0.833333,0.0,0.016667,0.0,0.773913,0.445527,1.239784
difficulty,1.0,2026,2026-168,0.191667,0.725,0.033333,0.758333,0.758333,0.0,0.0,0.448625,0.54671,0.286735
difficulty,1.0,2026,2026-169,0.0,0.0,0.0,0.0,0.0,0.65,0.0,0.857323,0.288122,1.801137
difficulty,1.0,2026,2026-170,0.416667,0.0,0.991667,0.991667,0.416667,0.008333,0.0,0.712418,0.491363,0.917061
difficulty,1.0,2026,2026-171,0.091667,0.0,0.941667,0.941667,0.091667,0.0,0.0,0.745173,0.439552,1.080189
difficulty,1.0,2026,2026-172,0.458333,0.908333,0.066667,0.975,0.95,0.0,0.0,0.500679,0.644463,0.183451
difficulty,1.0,2026,2026-173,0.0,0.0,0.0,0.0,0.0,0.35,0.0,0.843716,0.338714,1.689872
difficulty,1.0,2026,2026-174,0.283333,0.775,0.025,0.8,0.8,0.0,0.0,0.464357,0.678344,0.241072
difficulty,1.0,2026,2026-175,0.0,0.0,0.0,0.0,0.0,0.0,0.875,0.243462,0.359275,1.146813
difficulty,1.0,2026,2026-176,0.0,0.0,0.0,0.0,0.0,0.758333,0.0,0.859532,0.290778,1.816645
difficulty,1.0,2026,2026-177,0.8,0.758333,0.233333,0.991667,0.966667,0.0,0.0,0.560222,0.615899,0.278364
difficulty,1.0,2026,2026-178,0.891667,0.158333,0.833333,0.991667,0.891667,0.0,0.0,0.649436,0.552465,0.622811
difficulty,1.0,2026,2026-179,0.0,0.0,0.0,0.0,0.0,1.0,0.0,0.906056,0.197293,2.275448
difficulty,1.0,2026,2026-180,0.0,0.0,0.041667,0.041667,0.0,0.033333,0.0,0.825655,0.360114,1.559044
difficulty,1.0,2026,2026-181,0.016667,0.0,0.958333,0.958333,0.016667,0.008333,0.0,0.752615,0.471246,1.119422
difficulty,1.0,2026,2026-182,0.0,0.0,0.158333,0.158333,0.0,0.041667,0.0,0.818106,0.353123,1.510894
difficulty,1.0,2026,2026-183,0.358333,0.891667,0.05,0.941667,0.933333,0.0,0.0,0.481037,0.604202,0.207848
difficulty,1.0,2026,2026-184,0.0,0.0,0.858333,0.858333,0.0,0.0,0.0,0.770135,0.447674,1.21448
difficulty,1.0,2026,2026-185,0.0,0.0,0.083333,0.083333,0.0,0.05,0.0,0.822081,0.346637,1.536905
difficulty,1.0,2026,2026-186,0.0,0.0,0.85,0.85,0.0,0.0,0.0,0.776281,0.418026,1.251303
difficulty,1.0,2026,2026-187,0.925,0.508333,0.483333,0.991667,0.925,0.0,0.0,0.60673,0.492287,0.443111
difficulty,1.0,2026,2026-188,0.0,0.0,0.0,0.0,0.0,0.0,1.0,0.04516,0.0953,3.10473
difficulty,1.0,2026,2026-189,0.066667,0.0,0.966667,0.966667,0.066667,0.016667,0.0,0.745058,0.450338,1.082906
difficulty,1.0,2026,2026-190,0.783333,0.075,0.916667,0.991667,0.783333,0.0,0.0,0.664759,0.551683,0.69119
difficulty,1.0,2026,2026-191,0.866667,0.758333,0.241667,1.0,0.975,0.0,0.0,0.5681,0.470129,0.290565
difficulty,1.0,2026,2026-192,0.0,0.0,0.808333,0.808333,0.0,0.008333,0.0,0.77957,0.4169,1.269907
difficulty,1.0,2026,2026-193,0.591667,0.0,0.991667,0.991667,0.591667,0.008333,0.0,0.691357,0.554171,0.815152
difficulty,1.0,2026,2026-194,0.591667,0.0,0.958333,0.958333,0.591667,0.008333,0.0,0.690493,0.516971,0.814617
difficulty,1.0,2026,2026-195,0.033333,0.075,0.0,0.075,0.075,0.0,0.483333,0.311319,0.473813,0.818583
difficulty,1.0,2026,2026-196,0.016667,0.1,0.0,0.1,0.1,0.0,0.458333,0.314293,0.415173,0.795353
difficulty,1.0,2026,2026-197,0.391667,0.0,0.975,0.975,0.391667,0.0,0.0,0.710221,0.436228,0.903594
difficulty,1.0,2026,2026-198,0.883333,0.066667,0.925,0.991667,0.883333,0.0,0.0,0.653882,0.52282,0.641971
difficulty,1.0,2026,2026-199,0.783333,0.016667,0.983333,1.0,0.783333,0.0,0.0,0.665208,0.493927,0.691258
difficulty,1.5,42,42-0,0.316667,0.0,0.983333,0.983333,0.316667,0.0,0.0,0.719472,0.526274,0.948695
difficulty,1.5,42,42-1,0.208333,0.733333,0.066667,0.8,0.783333,0.0,0.0,0.457665,0.519366,0.312936
difficulty,1.5,42,42-2,0.0,0.0,0.583333,0.583333,0.0,0.033333,0.0,0.795719,0.392199,1.37122
difficulty,1.5,42,42-3,0.0,0.0,0.208333,0.208333,0.0,0.116667,0.0,0.822485,0.340409,1.556601
difficulty,1.5,42,42-4,0.033333,0.05,0.008333,0.058333,0.058333,0.0,0.833333,0.266965,0.60969,1.057427
difficulty,1.5,42,42-5,0.1,0.408333,0.058333,0.466667,0.45,0.0,0.033333,0.413925,0.528693,0.465606
difficulty,1.5,42,42-6,0.533333,0.0,0.933333,0.933333,0.533333,0.016667,0.0,0.702961,0.444661,0.881169
difficulty,1.5,42,42-7,0.883333,0.483333,0.491667,0.975,0.883333,0.025,0.0,0.610002,0.496195,0.465615
difficulty,1.5,42,42-8,0.816667,0.041667,0.941667,0.983333,0.816667,0.0,0.0,0.666525,0.480786,0.701546
difficulty,1.5,42,42-9,0.458333,0.883333,0.091667,0.975,0.933333,0.0,0.0,0.503559,0.606664,0.23013
difficulty,1.5,42,42-10,0.0,0.0,0.308333,0.308333,0.0,0.1,0.0,0.817382,0.362302,1.517867
difficulty,1.5,42,42-11,0.0,0.0,0.533333,0.533333,0.0,0.016667,0.0,0.797126,0.405157,1.37533
difficulty,1.5,42,42-12,0.608333,0.0,0.966667,0.966667,0.608333,0.016667,0.0,0.6907,0.496921,0.815997
difficulty,1.5,42,42-13,0.0,0.0,0.0,0.0,0.0,0.333333,0.0,0.844846,0.317691,1.706649
difficulty,1.5,42,42-14,0.033333,0.0,0.966667,0.966667,0.033333,0.008333,0.0,0.752063,0.482585,1.118063
difficulty,1.5,42,42-15,0.325,0.875,0.075,0.95,0.941667,0.0,0.0,0.487632,0.527824,0.219044
difficulty,1.5,42,42-16,0.125,0.0,0.9,0.9,0.125,0.033333,0.0,0.740377,0.420438,1.068833
difficulty,1.5,42,42-17,0.291667,0.758333,0.066667,0.825,0.825,0.0,0.0,0.473986,0.556448,0.263422
difficulty,1.5,42,42-18,0.0,0.0,0.341667,0.341667,0.0,0.041667,0.0,0.812376,0.384315,1.477456
difficulty,1.5,42,42-19,0.8,0.108333,0.841667,0.95,0.8,0.016667,0.0,0.667739,0.464544,0.715162
difficulty,1.5,42,42-20,0.908333,0.233333,0.75,0.983333,0.908333,0.0,0.0,0.637342,0.534756,0.57145
difficulty,1.5,42,42-21,0.616667,0.833333,0.141667,0.975,0.933333,0.0,0.0,0.547562,0.555085,0.28359
difficulty,1.5,42,42-22,0.0,0.0,0.0,0.0,0.0,0.566667,0.0,0.852383,0.302463,1.76014
difficulty,1.5,42,42-23,0.841667,0.166667,0.808333,0.975,0.841667,0.016667,0.0,0.655068,0.561007,0.658266
difficulty,1.5,42,42-24,0.883333,0.625,0.358333,0.983333,0.908333,0.0,0.0,0.590763,0.498855,0.38052
difficulty,1.5,42,42-25,0.916667,0.55,0.416667,0.966667,0.916667,0.033333,0.0,0.609544,0.504182,0.464295
difficulty,1.5,42,42-26,0.008333,0.0,0.908333,0.908333,0.008333,0.025,0.0,0.762617,0.456261,1.177104
difficulty,1.5,42,42-27,0.158333,0.0,0.875,0.875,0.158333,0.033333,0.0,0.7456,0.427043,1.094931
difficulty,1.5,42,42-28,0.091667,0.0,0.908333,0.908333,0.091667,0.041667,0.0,0.74973,0.438969,1.112431
difficulty,1.5,42,42-29,0.075,0.0,0.95,0.95,0.075,0.008333,0.0,0.746606,0.471032,1.089454
difficulty,1.5,42,42-30,0.0,0.0,0.0,0.0,0.0,1.0,0.0,0.929544,0.156342,2.583636
difficulty,1.5,42,42-31,0.891667,0.608333,0.366667,0.975,0.908333,0.008333,0.0,0.59854,0.531773,0.415033
difficulty,1.5,42,42-32,0.841667,0.708333,0.275,0.983333,0.95,0.0,0.0,0.576054,0.59429,0.332921
difficulty,1.5,42,42-33,0.516667,0.858333,0.108333,0.966667,0.958333,0.008333,0.0,0.515912,0.559331,0.243527
difficulty,1.5,42,42-34,0.0,0.0,0.891667,0.891667,0.0,0.008333,0.0,0.771213,0.41063,1.221343
difficulty,1.5,42,42-35,0.0,0.0,0.0,0.0,0.0,0.358333,0.0,0.845408,0.292852,1.717804
difficulty,1.5,42,42-36,0.85,0.191667,0.8,0.991667,0.85,0.0,0.0,0.648429,0.53873,0.620459
difficulty,1.5,42,42-37,0.491667,0.858333,0.108333,0.966667,0.95,0.0,0.0,0.506147,0.613735,0.228302
difficulty,1.5,42,42-38,0.441667,0.866667,0.1,0.966667,0.941667,0.0,0.0,0.511906,0.605998,0.235638
difficulty,1.5,42,42-39,0.0,0.0,0.758333,0.758333,0.0,0.041667,0.0,0.785311,0.422058,1.309786
difficulty,1.5,42,42-40,0.0,0.0,0.625,0.625,0.0,0.025,0.0,0.795958,0.388481,1.377154
difficulty,1.5,42,42-41,0.0,0.0,0.858333,0.858333,0.0,0.008333,0.0,0.767335,0.430504,1.203811
difficulty,1.5,42,42-42,0.65,0.841667,0.141667,0.983333,0.958333,0.0,0.0,0.539568,0.594564,0.257529
difficulty,1.5,42,42-43,0.425,0.0,0.983333,0.983333,0.425,0.016667,0.0,0.714006,0.543779,0.926981
difficulty,1.5,42,42-44,0.566667,0.0,0.933333,0.933333,0.566667,0.016667,0.0,0.693592,0.509667,0.832173
difficulty,1.5,42,42-45,0.425,0.0,0.958333,0.958333,0.425,0.025,0.0,0.711747,0.481578,0.917188
difficulty,1.5,42,42-46,0.0,0.0,0.283333,0.283333,0.0,0.058333,0.0,0.812483,0.3688,1.473995
difficulty,1.5,42,42-47,0.391667,0.0,0.95,0.95,0.391667,0.016667,0.0,0.715344,0.453041,0.938235
difficulty,1.5,42,42-48,0.0,0.0,0.733333,0.733333,0.0,0.066667,0.0,0.786157,0.390594,1.317797
difficulty,1.5,42,42-49,0.666667,0.0,0.966667,0.966667,0.666667,0.016667,0.0,0.686934,0.571727,0.799983
difficulty,1.5,42,42-50,0.308333,0.0,0.958333,0.958333,0.308333,0.025,0.0,0.720717,0.457889,0.963335
difficulty,1.5,42,42-51,0.0,0.0,0.858333,0.858333,0.0,0.016667,0.0,0.775168,0.396198,1.249865
difficulty,1.5,42,42-52,0.083333,0.266667,0.058333,0.325,0.3,0.0,0.15,0.383076,0.508273,0.588164
difficulty,1.5,42,42-53,0.933333,0.508333,0.475,0.983333,0.941667,0.016667,0.0,0.609281,0.558379,0.455973
difficulty,1.5,42,42-54,0.866667,0.625,0.35,0.975,0.925,0.0,0.0,0.588627,0.536487,0.373552
difficulty,1.5,42,42-55,0.666667,0.766667,0.233333,1.0,0.941667,0.0,0.0,0.553923,0.599266,0.291544
difficulty,1.5,42,42-56,0.916667,0.358333,0.616667,0.975,0.916667,0.016667,0.0,0.624997,0.499052,0.524966
difficulty,1.5,42,42-57,0.0,0.0,0.0,0.0,0.0,1.0,0.0,0.88454,0.217246,2.052435
difficulty,1.5,42,42-58,0.45,0.808333,0.116667,0.925,0.891667,0.0,0.0,0.512191,0.641397,0.266618
difficulty,1.5,42,42-59,0.0,0.0,0.175,0.175,0.0,0.075,0.0,0.82091,0.349627,1.534119
difficulty,1.5,42,42-60,0.041667,0.066667,0.016667,0.083333,0.083333,0.0,0.458333,0.317588,0.587616,0.819941
difficulty,1.5,42,42-61,0.95,0.516667,0.475,0.991667,0.95,0.0,0.0,0.603112,0.547494,0.426408
difficulty,1.5,42,42-62,0.458333,0.0,0.991667,0.991667,0.458333,0.0,0.0,0.704185,0.508362,0.876342
difficulty,1.5,42,42-63,0.0,0.0,0.816667,0.816667,0.0,0.05,0.0,0.772748,0.395731,1.238361
difficulty,1.5,42,42-64,0.0,0.0,0.675,0.675,0.0,0.025,0.0,0.789079,0.41178,1.333364
difficulty,1.5,42,42-65,0.0,0.0,0.475,0.475,0.0,0.033333,0.0,0.801068,0.398313,1.405551
difficulty,1.5,42,42-66,0.933333,0.458333,0.525,0.983333,0.933333,0.008333,0.0,0.609255,0.575504,0.457291
difficulty,1.5,42,42-67,0.875,0.633333,0.358333,0.991667,0.941667,0.0,0.0,0.585271,0.554161,0.35939
difficulty,1.5,42,42-68,0.0,0.0,0.391667,0.391667,0.0,0.075,0.0,0.80928,0.34503,1.453481
difficulty,1.5,42,42-69,0.891667,0.25,0.741667,0.991667,0.891667,0.0,0.0,0.641103,0.601221,0.589241
difficulty,1.5,42,42-70,0.083333,0.4,0.041667,0.441667,0.433333,0.0,0.025,0.403957,0.595766,0.470509
difficulty,1.5,42,42-71,0.183333,0.55,0.05,0.6,0.591667,0.0,0.0,0.442254,0.597225,0.376302
difficulty,1.5,42,42-72,0.283333,0.85,0.05,0.9,0.883333,0.0,0.0,0.490581,0.54969,0.237942
difficulty,1.5,42,42-73,0.016667,0.0,0.858333,0.858333,0.016667,0.033333,0.0,0.763556,0.429099,1.190453
difficulty,1.5,42,42-74,0.508333,0.0,0.941667,0.941667,0.508333,0.008333,0.0,0.705348,0.486181,0.888692
difficulty,1.5,42,42-75,0.0,0.0,0.725,0.725,0.0,0.041667,0.0,0.787115,0.397887,1.316749
difficulty,1.5,42,42-76,0.875,0.5,0.483333,0.983333,0.908333,0.008333,0.0,0.603517,0.59771,0.438291
difficulty,1.5,42,42-77,0.5,0.0,0.941667,0.941667,0.5,0.008333,0.0,0.707957,0.531195,0.901845
difficulty,1.5,42,42-78,0.0,0.0,0.85,0.85,0.0,0.025,0.0,0.77679,0.404779,1.258017
difficulty,1.5,42,42-79,0.908333,0.441667,0.55,0.991667,0.908333,0.008333,0.0,0.612501,0.530713,0.46772
difficulty,1.5,42,42-80,0.058333,0.0,0.916667,0.916667,0.058333,0.016667,0.0,0.750997,0.413168,1.116851
difficulty,1.5,42,42-81,0.708333,0.816667,0.183333,1.0,0.958333,0.0,0.0,0.546489,0.645264,0.263612
difficulty,1.5,42,42-82,0.891667,0.533333,0.441667,0.975,0.9,0.016667,0.0,0.607206,0.539888,0.452092
difficulty,1.5,42,42-83,0.941667,0.516667,0.466667,0.983333,0.941667,0.0,0.0,0.60145,0.555763,0.420388
difficulty,1.5,42,42-84,0.141667,0.533333,0.058333,0.591667,0.575,0.0,0.008333,0.429245,0.604966,0.414478
difficulty,1.5,42,42-85,0.041667,0.0,0.95,0.95,0.041667,0.0,0.0,0.752512,0.471549,1.119708
difficulty,1.5,42,42-86,0.833333,0.633333,0.35,0.983333,0.933333,0.0,0.0,0.589525,0.590478,0.382149
difficulty,1.5,42,42-87,0.808333,0.066667,0.891667,0.958333,0.808333,0.025,0.0,0.669974,0.448101,0.723661
difficulty,1.5,42,42-88,0.008333,0.0,0.866667,0.866667,0.008333,0.05,0.0,0.763575,0.409073,1.200364
difficulty,1.5,42,42-89,0.041667,0.0,0.916667,0.916667,0.041667,0.033333,0.0,0.754535,0.449087,1.139519
difficulty,1.5,42,42-90,0.0,0.0,0.733333,0.733333,0.0,0.05,0.0,0.786678,0.38826,1.323066
difficulty,1.5,42,42-91,0.833333,0.125,0.833333,0.958333,0.833333,0.008333,0.0,0.660045,0.508453,0.678083
difficulty,1.5,42,42-92,0.958333,0.533333,0.466667,1.0,0.966667,0.0,0.0,0.591585,0.619535,0.376206
difficulty,1.5,42,42-93,0.808333,0.141667,0.816667,0.958333,0.808333,0.025,0.0,0.66229,0.563599,0.693204
difficulty,1.5,42,42-94,0.041667,0.091667,0.016667,0.108333,0.108333,0.0,0.475,0.317867,0.520327,0.811136
difficulty,1.5,42,42-95,0.125,0.266667,0.066667,0.333333,0.325,0.0,0.191667,0.388602,0.647114,0.568691
difficulty,1.5,42,42-96,0.075,0.266667,0.008333,0.275,0.275,0.0,0.05,0.379895,0.684431,0.540687
difficulty,1.5,42,42-97,0.175,0.758333,0.05,0.808333,0.791667,0.0,0.0,0.460209,0.648777,0.268775
difficulty,1.5,42,42-98,0.108333,0.0,0.883333,0.883333,0.108333,0.05,0.0,0.749435,0.425619,1.118
difficulty,1.5,42,42-99,0.233333,0.8,0.1,0.9,0.85,0.0,0.0,0.48381,0.42989,0.284507
difficulty,1.5,42,42-100,0.916667,0.516667,0.475,0.991667,0.925,0.008333,0.0,0.602935,0.524133,0.427714
difficulty,1.5,42,42-101,0.0,0.0,0.0,0.0,0.0,0.783333,0.0,0.861526,0.307693,1.832816
difficulty,1.5,42,42-102,0.891667,0.483333,0.5,0.983333,0.891667,0.008333,0.0,0.611729,0.548924,0.467283
difficulty,1.5,42,42-103,0.0,0.0,0.658333,0.658333,0.0,0.025,0.0,0.791987,0.373211,1.344189
difficulty,1.5,42,42-104,0.325,0.783333,0.075,0.858333,0.841667,0.0,0.0,0.487095,0.519688,0.269616
difficulty,1.5,42,42-105,0.875,0.283333,0.683333,0.966667,0.875,0.016667,0.0,0.636526,0.485131,0.576256
difficulty,1.5,42,42-106,0.208333,0.808333,0.1,0.908333,0.858333,0.0,0.0,0.48438,0.542193,0.276103
difficulty,1.5,42,42-107,0.9,0.433333,0.55,0.983333,0.9,0.016667,0.0,0.615748,0.64131,0.485241
difficulty,1.5,42,42-108,0.0,0.0,0.425,0.425,0.0,0.075,0.0,0.80815,0.363385,1.449133
difficulty,1.5,42,42-109,0.058333,0.05,0.025,0.075,0.075,0.0,0.758333,0.293897,0.3441,0.928052
difficulty,1.5,42,42-110,0.058333,0.0,0.991667,0.991667,0.058333,0.0,0.0,0.743786,0.487787,1.071058
difficulty,1.5,42,42-111,0.358333,0.0,0.941667,0.941667,0.358333,0.008333,0.0,0.716845,0.474103,0.940632
difficulty,1.5,42,42-112,0.766667,0.841667,0.125,0.966667,0.95,0.008333,0.0,0.560658,0.613374,0.285882
difficulty,1.5,42,42-113,0.075,0.191667,0.033333,0.225,0.208333,0.0,0.183333,0.369778,0.587319,0.614764
difficulty,1.5,42,42-114,0.608333,0.0,0.958333,0.958333,0.608333,0.025,0.0,0.693078,0.554554,0.830612
difficulty,1.5,42,42-115,0.816667,0.758333,0.241667,1.0,0.966667,0.0,0.0,0.566197,0.619441,0.289939
difficulty,1.5,42,42-116,0.375,0.0,0.933333,0.933333,0.375,0.025,0.0,0.719096,0.489088,0.956388
difficulty,1.5,42,42-117,0.65,0.075,0.883333,0.958333,0.65,0.025,0.0,0.681284,0.571207,0.776279
difficulty,1.5,42,42-118,0.0,0.0,0.0,0.0,0.0,1.0,0.0,0.889351,0.24358,2.090314
difficulty,1.5,42,42-119,0.841667,0.325,0.633333,0.958333,0.841667,0.008333,0.0,0.638692,0.590579,0.586967
difficulty,1.5,42,42-120,0.258333,0.725,0.091667,0.816667,0.808333,0.0,0.0,0.478524,0.520177,0.310684
difficulty,1.5,42,42-121,0.45,0.0,0.966667,0.966667,0.45,0.0,0.0,0.705076,0.521433,0.881907
difficulty,1.5,42,42-122,0.45,0.0,0.958333,0.958333,0.45,0.025,0.0,0.712717,0.468319,0.925962
difficulty,1.5,42,42-123,0.0,0.0,0.0,0.0,0.0,0.95,0.0,0.866661,0.276745,1.879361
difficulty,1.5,42,42-124,0.0,0.0,0.383333,0.383333,0.0,0.066667,0.0,0.808518,0.375378,1.463819
difficulty,1.5,42,42-125,0.225,0.0,0.933333,0.933333,0.225,0.016667,0.0,0.736173,0.487487,1.040101
difficulty,1.5,42,42-126,0.0,0.0,0.0,0.0,0.0,0.983333,0.0,0.878238,0.254982,1.986372
difficulty,1.5,42,42-127,0.15,0.475,0.058333,0.533333,0.508333,0.0,0.0,0.430881,0.560506,0.404725
difficulty,1.5,42,42-128,0.608333,0.825,0.158333,0.983333,0.958333,0.008333,0.0,0.547599,0.59469,0.271985
difficulty,1.5,42,42-129,0.266667,0.741667,0.108333,0.85,0.825,0.0,0.0,0.494074,0.554869,0.285214
difficulty,1.5,42,42-130,0.925,0.55,0.45,1.0,0.941667,0.0,0.0,0.597186,0.5413,0.404344
difficulty,1.5,42,42-131,0.083333,0.275,0.058333,0.333333,0.3,0.0,0.116667,0.392368,0.545522,0.562634
difficulty,1.5,42,42-132,0.0,0.0,0.791667,0.791667,0.0,0.041667,0.0,0.779264,0.427106,1.273991
difficulty,1.5,42,42-133,0.85,0.3,0.65,0.95,0.85,0.033333,0.0,0.637865,0.531541,0.587493
difficulty,1.5,42,42-134,0.008333,0.166667,0.008333,0.175,0.166667,0.0,0.2,0.353159,0.545451,0.632902
difficulty,1.5,42,42-135,0.2,0.8,0.041667,0.841667,0.816667,0.0,0.0,0.467109,0.584491,0.255688
difficulty,1.5,42,42-136,0.266667,0.0,0.916667,0.916667,0.266667,0.016667,0.0,0.730705,0.474638,1.011609
difficulty,1.5,42,42-137,0.0,0.0,0.416667,0.416667,0.0,0.091667,0.0,0.8093,0.363791,1.461499
difficulty,1.5,42,42-138,0.0,0.0,0.0,0.0,0.0,1.0,0.0,0.919154,0.182311,2.434214
difficulty,1.5,42,42-139,0.0,0.0,0.0,0.0,0.0,1.0,0.0,0.964422,0.080975,3.302734
difficulty,1.5,42,42-140,0.05,0.0,0.925,0.925,0.05,0.025,0.0,0.746716,0.447448,1.094193
difficulty,1.5,42,42-141,0.216667,0.733333,0.033333,0.766667,0.758333,0.0,0.0,0.461293,0.470435,0.283231
difficulty,1.5,42,42-142,0.008333,0.041667,0.0,0.041667,0.041667,0.0,0.858333,0.229008,0.380081,1.249643
difficulty,1.5,42,42-143,0.358333,0.0,0.95,0.95,0.358333,0.008333,0.0,0.721751,0.42279,0.965634
difficulty,1.5,42,42-144,0.375,0.908333,0.075,0.983333,0.975,0.0,0.0,0.498623,0.556943,0.209726
difficulty,1.5,42,42-145,0.9,0.591667,0.383333,0.975,0.941667,0.008333,0.0,0.595447,0.601933,0.403389
difficulty,1.5,42,42-146,0.691667,0.775,0.191667,0.966667,0.933333,0.008333,0.0,0.562947,0.581035,0.310055
difficulty,1.5,42,42-147,0.791667,0.225,0.75,0.975,0.791667,0.016667,0.0,0.653129,0.528029,0.652429
difficulty,1.5,42,42-148,0.0,0.0,0.025,0.025,0.0,0.233333,0.0,0.837564,0.310862,1.652168
difficulty,1.5,42,42-149,0.491667,0.0,0.95,0.95,0.491667,0.0,0.0,0.707499,0.468433,0.894942
difficulty,1.5,42,42-150,0.858333,0.208333,0.783333,0.991667,0.858333,0.008333,0.0,0.641831,0.531999,0.594148
difficulty,1.5,42,42-151,0.175,0.766667,0.075,0.841667,0.825,0.0,0.0,0.464038,0.532359,0.30616
difficulty,1.5,42,42-152,0.05,0.033333,0.033333,0.066667,0.058333,0.0,0.55,0.31274,0.577202,0.85878
difficulty,1.5,42,42-153,0.9,0.683333,0.291667,0.975,0.966667,0.0,0.0,0.578007,0.608731,0.332268
difficulty,1.5,42,42-154,0.833333,0.175,0.791667,0.966667,0.833333,0.016667,0.0,0.663153,0.553269,0.693883
difficulty,1.5,42,42-155,0.0,0.0,0.0,0.0,0.0,1.0,0.0,0.903122,0.204479,2.23666
difficulty,1.5,42,42-156,0.616667,0.0,0.966667,0.966667,0.616667,0.016667,0.0,0.693973,0.511599,0.831862
difficulty,1.5,42,42-157,0.0,0.0,0.116667,0.116667,0.0,0.158333,0.0,0.828607,0.344081,1.590678
difficulty,1.5,42,42-158,0.85,0.758333,0.233333,0.991667,0.966667,0.0,0.0,0.571403,0.566312,0.30578
difficulty,1.5,42,42-159,0.116667,0.566667,0.058333,0.625,0.6,0.0,0.0,0.437372,0.595601,0.387975
difficulty,1.5,42,42-160,0.233333,0.791667,0.041667,0.833333,0.816667,0.0,0.0,0.474263,0.553315,0.266414
difficulty,1.5,42,42-161,0.575,0.816667,0.158333,0.975,0.958333,0.0,0.0,0.533816,0.60091,0.275581
difficulty,1.5,42,42-162,0.0,0.0,0.0,0.0,0.0,1.0,0.0,0.927297,0.164477,2.54968
difficulty,1.5,42,42-163,0.491667,0.883333,0.091667,0.975,0.975,0.0,0.0,0.501106,0.617491,0.223866
difficulty,1.5,42,42-164,0.0,0.0,0.466667,0.466667,0.0,0.066667,0.0,0.807595,0.377288,1.444629
difficulty,1.5,42,42-165,0.391667,0.833333,0.083333,0.916667,0.883333,0.0,0.0,0.492266,0.516784,0.240222
difficulty,1.5,42,42-166,0.0,0.0,0.241667,0.241667,0.0,0.083333,0.0,0.818919,0.333144,1.520481
difficulty,1.5,42,42-167,0.133333,0.0,0.933333,0.933333,0.133333,0.033333,0.0,0.742203,0.470127,1.074329
difficulty,1.5,42,42-168,0.825,0.208333,0.758333,0.966667,0.825,0.025,0.0,0.651444,0.509385,0.645696
difficulty,1.5,42,42-169,0.825,0.05,0.925,0.975,0.825,0.008333,0.0,0.665188,0.531798,0.696607
difficulty,1.5,42,42-170,0.708333,0.916667,0.075,0.991667,0.991667,0.0,0.0,0.535384,0.564141,0.206534
difficulty,1.5,42,42-171,0.158333,0.0,0.925,0.925,0.158333,0.016667,0.0,0.747241,0.486213,1.096353
difficulty,1.5,42,42-172,0.883333,0.633333,0.358333,0.991667,0.95,0.0,0.0,0.582733,0.573627,0.348634
difficulty,1.5,42,42-173,0.125,0.483333,0.033333,0.516667,0.5,0.0,0.008333,0.420345,0.549873,0.421049
difficulty,1.5,42,42-174,0.066667,0.4,0.05,0.45,0.441667,0.0,0.016667,0.405778,0.593225,0.471875
difficulty,1.5,42,42-175,0.508333,0.0,0.941667,0.941667,0.508333,0.008333,0.0,0.703997,0.476833,0.878934
difficulty,1.5,42,42-176,0.0,0.0,0.0,0.0,0.0,1.0,0.0,0.887663,0.238206,2.075629
difficulty,1.5,42,42-177,0.525,0.0,0.966667,0.966667,0.525,0.016667,0.0,0.700364,0.496174,0.860644
difficulty,1.5,42,42-178,0.825,0.125,0.85,0.975,0.825,0.008333,0.0,0.655631,0.4853,0.657727
difficulty,1.5,42,42-179,0.241667,0.0,0.925,0.925,0.241667,0.05,0.0,0.730325,0.479546,1.019058
difficulty,1.5,42,42-180,0.0,0.0,0.0,0.0,0.0,0.825,0.0,0.861646,0.285082,1.837167
difficulty,1.5,42,42-181,0.533333,0.0,0.983333,0.983333,0.533333,0.0,0.0,0.704135,0.477321,0.873414
difficulty,1.5,42,42-182,0.908333,0.558333,0.433333,0.991667,0.925,0.0,0.0,0.59326,0.569043,0.387137
difficulty,1.5,42,42-183,0.0,0.0,0.0,0.0,0.0,0.25,0.0,0.840614,0.313181,1.671865
difficulty,1.5,42,42-184,0.075,0.0,0.958333,0.958333,0.075,0.025,0.0,0.744547,0.44892,1.082174
difficulty,1.5,42,42-185,0.0,0.0,0.0,0.0,0.0,1.0,0.0,0.883064,0.257092,2.024752
difficulty,1.5,42,42-186,0.458333,0.0,0.983333,0.983333,0.458333,0.0,0.0,0.705465,0.513981,0.881036
difficulty,1.5,42,42-187,0.083333,0.441667,0.025,0.466667,0.45,0.0,0.0,0.407327,0.557748,0.438723
difficulty,1.5,42,42-188,0.091667,0.266667,0.025,0.291667,0.291667,0.0,0.075,0.386767,0.553756,0.537601
difficulty,1.5,42,42-189,0.0,0.0,0.0,0.0,0.0,1.0,0.0,0.895082,0.224006,2.14913
difficulty,1.5,42,42-190,0.0,0.0,0.0,0.0,0.0,1.0,0.0,0.899716,0.222605,2.200329
difficulty,1.5,42,42-191,0.85,0.25,0.708333,0.958333,0.85,0.0,0.0,0.647026,0.542753,0.620066
difficulty,1.5,42,42-192,0.941667,0.525,0.475,1.0,0.95,0.0,0.0,0.594779,0.666356,0.390968
difficulty,1.5,42,42-193,0.0,0.0,0.0,0.0,0.0,1.0,0.0,0.874986,0.276375,1.949412
difficulty,1.5,42,42-194,0.208333,0.575,0.075,0.65,0.633333,0.0,0.0,0.449488,0.505495,0.363869
difficulty,1.5,42,42-195,0.258333,0.833333,0.058333,0.891667,0.875,0.0,0.0,0.481063,0.568587,0.235877
difficulty,1.5,42,42-196,0.0,0.0,0.775,0.775,0.0,0.025,0.0,0.779942,0.429956,1.275704
difficulty,1.5,42,42-197,0.9,0.533333,0.45,0.983333,0.9,0.008333,0.0,0.601775,0.553624,0.425072
difficulty,1.5,42,42-198,0.758333,0.083333,0.916667,1.0,0.758333,0.0,0.0,0.666766,0.548525,0.700163
difficulty,1.5,42,42-199,0.891667,0.225,0.758333,0.983333,0.891667,0.008333,0.0,0.646311,0.560792,0.6147
difficulty,1.5,137,137-0,0.483333,0.841667,0.108333,0.95,0.925,0.0,0.0,0.505001,0.604405,0.233252
difficulty,1.5,137,137-1,0.583333,0.866667,0.125,0.991667,0.958333,0.0,0.0,0.526089,0.569844,0.243036
difficulty,1.5,137,137-2,0.691667,0.833333,0.141667,0.975,0.941667,0.008333,0.0,0.555631,0.549717,0.28329
difficulty,1.5,137,137-3,0.65,0.041667,0.933333,0.975,0.65,0.016667,0.0,0.685096,0.490142,0.792376
difficulty,1.5,137,137-4,0.758333,0.758333,0.241667,1.0,0.95,0.0,0.0,0.56305,0.577289,0.297196
difficulty,1.5,137,137-5,0.25,0.875,0.025,0.9,0.883333,0.0,0.0,0.46962,0.471354,0.233717
difficulty,1.5,137,137-6,0.4,0.0,0.941667,0.941667,0.4,0.008333,0.0,0.712885,0.473217,0.920887
difficulty,1.5,137,137-7,0.641667,0.833333,0.15,0.983333,0.933333,0.008333,0.0,0.546454,0.60891,0.276979
difficulty,1.5,137,137-8,0.033333,0.05,0.008333,0.058333,0.058333,0.0,0.783333,0.265776,0.612645,1.060571
difficulty,1.5,137,137-9,0.0,0.0,0.0,0.0,0.0,1.0,0.0,0.917796,0.183838,2.415177
difficulty,1.5,137,137-10,0.0,0.0,0.0,0.0,0.0,1.0,0.0,0.894201,0.217112,2.149997
difficulty,1.5,137,137-11,0.225,0.741667,0.033333,0.775,0.766667,0.0,0.0,0.457274,0.709105,0.275872
difficulty,1.5,137,137-12,0.908333,0.458333,0.516667,0.975,0.908333,0.016667,0.0,0.613128,0.601183,0.474759
difficulty,1.5,137,137-13,0.741667,0.083333,0.866667,0.95,0.741667,0.016667,0.0,0.670601,0.49578,0.729186
difficulty,1.5,137,137-14,0.0,0.0,0.091667,0.091667,0.0,0.091667,0.0,0.824257,0.357224,1.556451
difficulty,1.5,137,137-15,0.0,0.0,0.0,0.0,0.0,0.0,0.95,0.156682,0.503941,1.731995
difficulty,1.5,137,137-16,0.5,0.85,0.091667,0.941667,0.916667,0.0,0.0,0.508867,0.624069,0.246178
difficulty,1.5,137,137-17,0.45,0.0,0.958333,0.958333,0.45,0.016667,0.0,0.708713,0.520188,0.903749
difficulty,1.5,137,137-18,0.041667,0.066667,0.008333,0.075,0.075,0.0,0.766667,0.278303,0.464626,0.993114
difficulty,1.5,137,137-19,0.683333,0.775,0.191667,0.966667,0.925,0.008333,0.0,0.559736,0.66516,0.325595
difficulty,1.5,137,137-20,0.941667,0.433333,0.566667,1.0,0.95,0.0,0.0,0.612284,0.584291,0.464542
difficulty,1.5,137,137-21,0.858333,0.625,0.358333,0.983333,0.941667,0.0,0.0,0.587682,0.549419,0.371132
difficulty,1.5,137,137-22,0.225,0.691667,0.066667,0.758333,0.733333,0.0,0.0,0.459345,0.562296,0.315312
difficulty,1.5,137,137-23,0.0,0.0,0.008333,0.008333,0.0,0.15,0.0,0.832836,0.313501,1.61935
difficulty,1.5,137,137-24,0.725,0.758333,0.233333,0.991667,0.975,0.0,0.0,0.55255,0.61105,0.261227
difficulty,1.5,137,137-25,0.0,0.0,0.633333,0.633333,0.0,0.05,0.0,0.797894,0.342181,1.382965
difficulty,1.5,137,137-26,0.908333,0.525,0.45,0.975,0.916667,0.025,0.0,0.60472,0.599918,0.442881
difficulty,1.5,137,137-27,0.508333,0.0,0.958333,0.958333,0.508333,0.008333,0.0,0.703441,0.525446,0.876672
difficulty,1.5,137,137-28,0.883333,0.675,0.3,0.975,0.908333,0.025,0.0,0.5893,0.489519,0.380521
difficulty,1.5,137,137-29,0.0,0.0,0.05,0.05,0.0,0.158333,0.0,0.831777,0.313146,1.608841
difficulty,1.5,137,137-30,0.266667,0.0,0.933333,0.933333,0.266667,0.033333,0.0,0.732045,0.486975,1.024949
difficulty,1.5,137,137-31,0.275,0.825,0.075,0.9,0.85,0.0,0.0,0.490379,0.518353,0.277202
difficulty,1.5,137,137-32,0.0,0.0,0.633333,0.633333,0.0,0.033333,0.0,0.79066,0.424613,1.339581
difficulty,1.5,137,137-33,0.0,0.0,0.0,0.0,0.0,1.0,0.0,0.954709,0.101235,3.051178
difficulty,1.5,137,137-34,0.058333,0.091667,0.016667,0.108333,0.108333,0.0,0.508333,0.311255,0.497552,0.847358
difficulty,1.5,137,137-35,0.883333,0.091667,0.875,0.966667,0.883333,0.008333,0.0,0.66136,0.545061,0.682763
difficulty,1.5,137,137-36,0.633333,0.008333,0.941667,0.95,0.633333,0.008333,0.0,0.682551,0.560044,0.783014
difficulty,1.5,137,137-37,0.858333,0.291667,0.683333,0.975,0.858333,0.008333,0.0,0.63951,0.487749,0.587245
difficulty,1.5,137,137-38,0.0,0.0,0.283333,0.283333,0.0,0.05,0.0,0.814576,0.378033,1.487042
difficulty,1.5,137,137-39,0.9,0.25,0.725,0.975,0.9,0.016667,0.0,0.635804,0.516996,0.57048
difficulty,1.5,137,137-40,0.0,0.0,0.391667,0.391667,0.0,0.041667,0.0,0.808192,0.345244,1.448046
difficulty,1.5,137,137-41,0.0,0.0,0.808333,0.808333,0.0,0.016667,0.0,0.77734,0.439424,1.25809
difficulty,1.5,137,137-42,0.241667,0.7,0.091667,0.791667,0.741667,0.0,0.0,0.476515,0.614064,0.316272
difficulty,1.5,137,137-43,0.183333,0.616667,0.075,0.691667,0.658333,0.0,0.0,0.453957,0.528014,0.35416
difficulty,1.5,137,137-44,0.0,0.0,0.0,0.0,0.0,1.0,0.0,0.905195,0.210364,2.263492
difficulty,1.5,137,137-45,0.866667,0.283333,0.675,0.958333,0.866667,0.016667,0.0,0.643943,0.565167,0.611382
difficulty,1.5,137,137-46,0.566667,0.0,0.933333,0.933333,0.566667,0.025,0.0,0.702861,0.487106,0.883248
difficulty,1.5,137,137-47,0.0,0.0,0.0,0.0,0.0,1.0,0.0,0.883674,0.255413,2.031569
difficulty,1.5,137,137-48,0.0,0.0,0.716667,0.716667,0.0,0.05,0.0,0.784123,0.447053,1.306335
difficulty,1.5,137,137-49,0.766667,0.841667,0.158333,1.0,0.991667,0.0,0.0,0.545644,0.678655,0.237665
difficulty,1.5,137,137-50,0.883333,0.491667,0.483333,0.975,0.891667,0.0,0.0,0.609748,0.51977,0.458728
difficulty,1.5,137,137-51,0.0,0.0,0.016667,0.016667,0.0,0.216667,0.0,0.838503,0.317342,1.663688
difficulty,1.5,137,137-52,0.0,0.0,0.0,0.0,0.0,0.9,0.0,0.869779,0.274204,1.918503
difficulty,1.5,137,137-53,0.916667,0.45,0.516667,0.966667,0.916667,0.008333,0.0,0.619456,0.568874,0.50128
difficulty,1.5,137,137-54,0.0,0.0,0.0,0.0,0.0,0.916667,0.0,0.863696,0.285348,1.851938
difficulty,1.5,137,137-55,0.95,0.65,0.35,1.0,0.958333,0.0,0.0,0.58601,0.57182,0.353159
difficulty,1.5,137,137-56,0.425,0.0,0.975,0.975,0.425,0.0,0.0,0.707116,0.558725,0.890578
difficulty,1.5,137,137-57,0.1,0.441667,0.05,0.491667,0.458333,0.0,0.033333,0.415539,0.47479,0.451461
difficulty,1.5,137,137-58,0.883333,0.316667,0.641667,0.958333,0.883333,0.016667,0.0,0.636029,0.526632,0.575693
difficulty,1.5,137,137-59,0.05,0.0,0.925,0.925,0.05,0.0,0.0,0.754078,0.459721,1.128996
difficulty,1.5,137,137-60,0.2,0.0,0.958333,0.958333,0.2,0.016667,0.0,0.737201,0.469184,1.044889
difficulty,1.5,137,137-61,0.0,0.0,0.616667,0.616667,0.0,0.033333,0.0,0.793217,0.392898,1.352719
difficulty,1.5,137,137-62,0.525,0.85,0.1,0.95,0.925,0.025,0.0,0.534709,0.632154,0.283351
difficulty,1.5,137,137-63,0.841667,0.275,0.7,0.975,0.841667,0.025,0.0,0.64113,0.539359,0.599154
difficulty,1.5,137,137-64,0.791667,0.166667,0.766667,0.933333,0.791667,0.033333,0.0,0.666657,0.511458,0.719333
difficulty,1.5,137,137-65,0.0,0.0,0.0,0.0,0.0,1.0,0.0,0.898822,0.21567,2.19317
difficulty,1.5,137,137-66,0.108333,0.533333,0.025,0.558333,0.55,0.0,0.0,0.417797,0.727467,0.416416
difficulty,1.5,137,137-67,0.883333,0.441667,0.525,0.966667,0.883333,0.008333,0.0,0.620604,0.509268,0.506668
difficulty,1.5,137,137-68,0.841667,0.175,0.816667,0.991667,0.841667,0.0,0.0,0.652514,0.512687,0.639012
difficulty,1.5,137,137-69,0.0,0.0,0.0,0.0,0.0,1.0,0.0,0.970491,0.069622,3.494379
difficulty,1.5,137,137-70,0.0,0.0,0.775,0.775,0.0,0.025,0.0,0.776198,0.449748,1.255917
difficulty,1.5,137,137-71,0.85,0.066667,0.891667,0.958333,0.85,0.025,0.0,0.663038,0.52493,0.694602
difficulty,1.5,137,137-72,0.691667,0.0,0.991667,0.991667,0.691667,0.0,0.0,0.68284,0.512523,0.774903
difficulty,1.5,137,137-73,0.041667,0.091667,0.016667,0.108333,0.108333,0.0,0.5,0.319578,0.501861,0.789897
difficulty,1.5,137,137-74,0.6,0.0,0.983333,0.983333,0.6,0.008333,0.0,0.691988,0.473885,0.822081
difficulty,1.5,137,137-75,0.0,0.0,0.0,0.0,0.0,0.716667,0.0,0.859763,0.299035,1.824948
difficulty,1.5,137,137-76,0.875,0.258333,0.741667,1.0,0.875,0.0,0.0,0.639497,0.50648,0.582152
difficulty,1.5,137,137-77,0.85,0.608333,0.366667,0.975,0.925,0.0,0.0,0.592312,0.547124,0.392651
difficulty,1.5,137,137-78,0.908333,0.441667,0.541667,0.983333,0.908333,0.016667,0.0,0.61228,0.555681,0.469535
difficulty,1.5,137,137-79,0.0,0.0,0.491667,0.491667,0.0,0.058333,0.0,0.804394,0.38274,1.423982
difficulty,1.5,137,137-80,0.0,0.0,0.783333,0.783333,0.0,0.05,0.0,0.778701,0.417317,1.269825
difficulty,1.5,137,137-81,0.0,0.0,0.016667,0.016667,0.0,0.266667,0.0,0.84049,0.342346,1.667657
difficulty,1.5,137,137-82,0.416667,0.0,0.958333,0.958333,0.416667,0.025,0.0,0.711586,0.472044,0.918708
difficulty,1.5,137,137-83,0.0,0.0,0.6,0.6,0.0,0.016667,0.0,0.792746,0.416231,1.350304
difficulty,1.5,137,137-84,0.358333,0.85,0.075,0.925,0.908333,0.0,0.0,0.496965,0.616545,0.237012
difficulty,1.5,137,137-85,0.541667,0.0,0.933333,0.933333,0.541667,0.033333,0.0,0.705205,0.495431,0.894817
difficulty,1.5,137,137-86,0.175,0.616667,0.091667,0.708333,0.65,0.0,0.0,0.458411,0.603198,0.376084
difficulty,1.5,137,137-87,0.7,0.85,0.15,1.0,0.983333,0.0,0.0,0.541005,0.659643,0.235875
difficulty,1.5,137,137-88,0.408333,0.883333,0.058333,0.941667,0.933333,0.0,0.0,0.501589,0.63896,0.231607
difficulty,1.5,137,137-89,0.875,0.175,0.816667,0.991667,0.875,0.008333,0.0,0.64625,0.548238,0.613798
difficulty,1.5,137,137-90,0.0,0.0,0.016667,0.016667,0.0,0.216667,0.0,0.83888,0.310628,1.668008
difficulty,1.5,137,137-91,0.05,0.0,0.925,0.925,0.05,0.008333,0.0,0.746098,0.460605,1.086015
difficulty,1.5,137,137-92,0.125,0.658333,0.041667,0.7,0.683333,0.0,0.0,0.437234,0.601156,0.346027
difficulty,1.5,137,137-93,0.0,0.0,0.841667,0.841667,0.0,0.0,0.0,0.771862,0.444832,1.226471
difficulty,1.5,137,137-94,0.0,0.0,0.0,0.0,0.0,1.0,0.0,0.933137,0.148377,2.64087
difficulty,1.5,137,137-95,0.0,0.0,0.0,0.0,0.0,0.841667,0.0,0.866971,0.268194,1.888719
difficulty,1.5,137,137-96,0.0,0.0,0.691667,0.691667,0.0,0.025,0.0,0.789492,0.397959,1.328812
difficulty,1.5,137,137-97,0.0,0.0,0.0,0.0,0.0,0.533333,0.0,0.851146,0.309567,1.756063
difficulty,1.5,137,137-98,0.0,0.0,0.0,0.0,0.0,0.566667,0.0,0.8552,0.283398,1.792314
difficulty,1.5,137,137-99,0.191667,0.0,0.9,0.9,0.191667,0.016667,0.0,0.739932,0.391891,1.064231
difficulty,1.5,137,137-100,0.908333,0.441667,0.541667,0.983333,0.908333,0.008333,0.0,0.616009,0.568637,0.484832
difficulty,1.5,137,137-101,0.0,0.0,0.0,0.0,0.0,1.0,0.0,0.926266,0.16009,2.534429
difficulty,1.5,137,137-102,0.225,0.0,0.933333,0.933333,0.225,0.016667,0.0,0.735785,0.489902,1.037376
difficulty,1.5,137,137-103,0.0,0.0,0.0,0.0,0.0,0.75,0.0,0.859375,0.282237,1.815046
difficulty,1.5,137,137-104,0.741667,0.033333,0.941667,0.975,0.741667,0.016667,0.0,0.675085,0.49535,0.747064
difficulty,1.5,137,137-105,0.0,0.0,0.0,0.0,0.0,1.0,0.0,0.930169,0.154749,2.595015
difficulty,1.5,137,137-106,0.0,0.0,0.0,0.0,0.0,0.0,1.0,0.107093,0.159406,2.168627
difficulty,1.5,137,137-107,0.9,0.3,0.666667,0.966667,0.9,0.025,0.0,0.632373,0.525463,0.558012
difficulty,1.5,137,137-108,0.0,0.0,0.0,0.0,0.0,0.0,0.991667,0.117023,0.241855,2.08789
difficulty,1.5,137,137-109,0.0,0.0,0.0,0.0,0.0,1.0,0.0,0.897515,0.216705,2.174433
difficulty,1.5,137,137-110,0.791667,0.775,0.216667,0.991667,0.966667,0.008333,0.0,0.558367,0.700412,0.269182
difficulty,1.5,137,137-111,0.0,0.0,0.0,0.0,0.0,0.65,0.0,0.855185,0.311115,1.780637
difficulty,1.5,137,137-112,0.825,0.641667,0.341667,0.983333,0.916667,0.008333,0.0,0.589424,0.532123,0.382421
difficulty,1.5,137,137-113,0.641667,0.841667,0.158333,1.0,0.958333,0.0,0.0,0.541403,0.603713,0.255873
difficulty,1.5,137,137-114,0.941667,0.558333,0.433333,0.991667,0.958333,0.008333,0.0,0.591983,0.575204,0.382909
difficulty,1.5,137,137-115,0.933333,0.341667,0.641667,0.983333,0.933333,0.008333,0.0,0.622274,0.54368,0.510402
difficulty,1.5,137,137-116,0.0,0.0,0.0,0.0,0.0,0.616667,0.0,0.857031,0.290319,1.797559
difficulty,1.5,137,137-117,0.633333,0.791667,0.2,0.991667,0.958333,0.0,0.0,0.541592,0.587572,0.265567
difficulty,1.5,137,137-118,0.033333,0.075,0.008333,0.083333,0.083333,0.0,0.725,0.280709,0.476545,0.989633
difficulty,1.5,137,137-119,0.9,0.441667,0.525,0.966667,0.9,0.016667,0.0,0.616976,0.552013,0.494589
difficulty,1.5,137,137-120,0.0,0.0,0.0,0.0,0.0,1.0,0.0,0.915101,0.188533,2.380007
difficulty,1.5,137,137-121,0.0,0.0,0.0,0.0,0.0,1.0,0.0,0.934141,0.149008,2.666697
difficulty,1.5,137,137-122,0.566667,0.0,0.958333,0.958333,0.566667,0.025,0.0,0.698676,0.455068,0.860641
difficulty,1.5,137,137-123,0.075,0.4,0.033333,0.433333,0.416667,0.0,0.0,0.401596,0.456227,0.478656
difficulty,1.5,137,137-124,0.041667,0.133333,0.033333,0.166667,0.158333,0.0,0.366667,0.341536,0.493158,0.718472
difficulty,1.5,137,137-125,0.65,0.008333,0.975,0.983333,0.65,0.0,0.0,0.688393,0.484893,0.799946
difficulty,1.5,137,137-126,0.416667,0.0,0.941667,0.941667,0.416667,0.008333,0.0,0.715203,0.46093,0.934713
difficulty,1.5,137,137-127,0.316667,0.875,0.05,0.925,0.916667,0.0,0.0,0.493086,0.65337,0.240349
difficulty,1.5,137,137-128,0.941667,0.216667,0.775,0.991667,0.941667,0.0,0.0,0.638238,0.563654,0.573216
difficulty,1.5,137,137-129,0.0,0.0,0.133333,0.133333,0.0,0.108333,0.0,0.826948,0.348954,1.578391
difficulty,1.5,137,137-130,0.833333,0.241667,0.691667,0.933333,0.833333,0.033333,0.0,0.652483,0.482493,0.656052
difficulty,1.5,137,137-131,0.875,0.475,0.5,0.975,0.875,0.008333,0.0,0.618839,0.516366,0.497989
difficulty,1.5,137,137-132,0.0,0.0,0.816667,0.816667,0.0,0.05,0.0,0.774956,0.372034,1.249893
difficulty,1.5,137,137-133,0.166667,0.666667,0.058333,0.725,0.7,0.0,0.0,0.444973,0.642319,0.352289
difficulty,1.5,137,137-134,0.533333,0.0,0.941667,0.941667,0.533333,0.058333,0.0,0.706978,0.51648,0.909364
difficulty,1.5,137,137-135,0.258333,0.0,0.958333,0.958333,0.258333,0.025,0.0,0.733183,0.449634,1.027283
difficulty,1.5,137,137-136,0.675,0.016667,0.966667,0.983333,0.675,0.008333,0.0,0.67659,0.511981,0.748415
difficulty,1.5,137,137-137,0.866667,0.416667,0.541667,0.958333,0.866667,0.033333,0.0,0.626815,0.459205,0.54025
difficulty,1.5,137,137-138,0.775,0.05,0.908333,0.958333,0.775,0.025,0.0,0.671816,0.502282,0.735051
difficulty,1.5,137,137-139,0.0,0.0,0.016667,0.016667,0.0,0.225,0.0,0.841769,0.310286,1.689087
difficulty,1.5,137,137-140,0.0,0.016667,0.0,0.016667,0.016667,0.0,0.941667,0.187166,0.36968,1.500914
difficulty,1.5,137,137-141,0.0,0.0,0.158333,0.158333,0.0,0.1,0.0,0.824826,0.365619,1.563694
difficulty,1.5,137,137-142,0.741667,0.1,0.841667,0.941667,0.741667,0.008333,0.0,0.670256,0.47638,0.726532
difficulty,1.5,137,137-143,0.716667,0.825,0.158333,0.983333,0.933333,0.008333,0.0,0.55799,0.561763,0.279882
difficulty,1.5,137,137-144,0.433333,0.0,0.975,0.975,0.433333,0.008333,0.0,0.707377,0.506538,0.891211
difficulty,1.5,137,137-145,0.0,0.0,0.908333,0.908333,0.0,0.008333,0.0,0.771308,0.402204,1.223108
difficulty,1.5,137,137-146,0.0,0.0,0.216667,0.216667,0.0,0.033333,0.0,0.817091,0.375303,1.503437
difficulty,1.5,137,137-147,0.916667,0.616667,0.375,0.991667,0.958333,0.008333,0.0,0.588045,0.518934,0.368122
difficulty,1.5,137,137-148,0.433333,0.875,0.108333,0.983333,0.95,0.0,0.0,0.516013,0.56101,0.237437
difficulty,1.5,137,137-149,0.7,0.0,0.966667,0.966667,0.7,0.008333,0.0,0.685702,0.532012,0.793394
difficulty,1.5,137,137-150,0.141667,0.733333,0.05,0.783333,0.766667,0.0,0.0,0.449621,0.505954,0.299032
difficulty,1.5,137,137-151,0.0,0.0,0.0,0.0,0.0,1.0,0.0,0.899716,0.202687,2.206887
difficulty,1.5,137,137-152,0.0,0.0,0.0,0.0,0.0,1.0,0.0,0.983366,0.039249,4.080922
difficulty,1.5,137,137-153,0.375,0.841667,0.083333,0.925,0.9,0.0,0.0,0.495058,0.584094,0.233644
difficulty,1.5,137,137-154,0.0,0.0,0.0,0.0,0.0,1.0,0.0,0.898483,0.201097,2.183646
difficulty,1.5,137,137-155,0.0,0.0,0.683333,0.683333,0.0,0.041667,0.0,0.788635,0.404198,1.328885
difficulty,1.5,137,137-156,0.808333,0.141667,0.825,0.966667,0.808333,0.008333,0.0,0.666469,0.526101,0.707469
difficulty,1.5,137,137-157,0.0,0.0,0.175,0.175,0.0,0.091667,0.0,0.822254,0.341669,1.54423
difficulty,1.5,137,137-158,0.0,0.0,0.15,0.15,0.0,0.066667,0.0,0.82274,0.346268,1.54265
difficulty,1.5,137,137-159,0.166667,0.0,0.925,0.925,0.166667,0.0,0.0,0.735218,0.448322,1.03034
difficulty,1.5,137,137-160,0.725,0.816667,0.166667,0.983333,0.933333,0.008333,0.0,0.56182,0.685873,0.299747
difficulty,1.5,137,137-161,0.4,0.0,0.966667,0.966667,0.4,0.008333,0.0,0.706476,0.500818,0.888077
difficulty,1.5,137,137-162,0.183333,0.641667,0.041667,0.683333,0.666667,0.0,0.0,0.443604,0.519563,0.34354
difficulty,1.5,137,137-163,0.0,0.0,0.75,0.75,0.0,0.025,0.0,0.781794,0.418816,1.287467
difficulty,1.5,137,137-164,0.833333,0.341667,0.616667,0.958333,0.833333,0.016667,0.0,0.637117,0.557475,0.582686
difficulty,1.5,137,137-165,0.0,0.0,0.016667,0.016667,0.0,0.133333,0.0,0.83376,0.312054,1.621779
difficulty,1.5,137,137-166,0.541667,0.008333,0.966667,0.975,0.541667,0.008333,0.0,0.693953,0.509825,0.828719
difficulty,1.5,137,137-167,0.883333,0.208333,0.758333,0.966667,0.883333,0.025,0.0,0.647313,0.490003,0.625333
difficulty,1.5,137,137-168,0.458333,0.858333,0.083333,0.941667,0.925,0.0,0.0,0.512194,0.644735,0.25691
difficulty,1.5,137,137-169,0.0,0.0,0.875,0.875,0.0,0.025,0.0,0.770251,0.447792,1.221853
difficulty,1.5,137,137-170,0.375,0.0,0.958333,0.958333,0.375,0.008333,0.0,0.718202,0.517224,0.947667
difficulty,1.5,137,137-171,0.933333,0.358333,0.641667,1.0,0.941667,0.0,0.0,0.615835,0.566868,0.478497
difficulty,1.5,137,137-172,0.725,0.058333,0.916667,0.975,0.725,0.008333,0.0,0.673715,0.559688,0.73926
difficulty,1.5,137,137-173,0.0,0.0,0.108333,0.108333,0.0,0.058333,0.0,0.823292,0.368999,1.545888
difficulty,1.5,137,137-174,0.883333,0.3,0.675,0.975,0.883333,0.008333,0.0,0.639477,0.559346,0.586346
difficulty,1.5,137,137-175,0.233333,0.808333,0.066667,0.875,0.833333,0.0,0.0,0.477341,0.482994,0.277561
difficulty,1.5,137,137-176,0.0,0.0,0.758333,0.758333,0.0,0.033333,0.0,0.784084,0.414066,1.299011
difficulty,1.5,137,137-177,0.416667,0.0,0.958333,0.958333,0.416667,0.016667,0.0,0.715512,0.454166,0.935566
difficulty,1.5,137,137-178,0.108333,0.325,0.066667,0.391667,0.358333,0.0,0.075,0.40555,0.635143,0.526929
difficulty,1.5,137,137-179,0.0,0.0,0.0,0.0,0.0,1.0,0.0,0.963021,0.084924,3.26586
difficulty,1.5,137,137-180,0.783333,0.7,0.291667,0.991667,0.941667,0.0,0.0,0.575166,0.685962,0.337998
difficulty,1.5,137,137-181,0.808333,0.1,0.866667,0.966667,0.808333,0.016667,0.0,0.661869,0.460257,0.687896
difficulty,1.5,137,137-182,0.066667,0.225,0.025,0.25,0.25,0.0,0.216667,0.358655,0.472869,0.633715
difficulty,1.5,137,137-183,0.875,0.2,0.775,0.975,0.875,0.025,0.0,0.649925,0.531024,0.635139
difficulty,1.5,137,137-184,0.541667,0.833333,0.15,0.983333,0.908333,0.008333,0.0,0.542635,0.577215,0.277827
difficulty,1.5,137,137-185,0.783333,0.716667,0.258333,0.975,0.916667,0.008333,0.0,0.578906,0.53391,0.352489
difficulty,1.5,137,137-186,0.116667,0.508333,0.041667,0.55,0.541667,0.0,0.0,0.42252,0.519214,0.400927
difficulty,1.5,137,137-187,0.866667,0.516667,0.466667,0.983333,0.908333,0.008333,0.0,0.602509,0.569364,0.43436
difficulty,1.5,137,137-188,0.8,0.741667,0.233333,0.975,0.95,0.0,0.0,0.567113,0.60034,0.302804
difficulty,1.5,137,137-189,0.666667,0.841667,0.158333,1.0,0.975,0.0,0.0,0.540899,0.589279,0.242376
difficulty,1.5,137,137-190,0.583333,0.8,0.175,0.975,0.941667,0.0,0.0,0.548713,0.510142,0.283313
difficulty,1.5,137,137-191,0.083333,0.366667,0.008333,0.375,0.375,0.0,0.025,0.391157,0.596602,0.482162
difficulty,1.5,137,137-192,0.033333,0.083333,0.0,0.083333,0.083333,0.0,0.808333,0.26104,0.449337,1.086094
difficulty,1.5,137,137-193,0.716667,0.758333,0.225,0.983333,0.958333,0.0,0.0,0.550433,0.611783,0.281731
difficulty,1.5,137,137-194,0.0,0.0,0.0,0.0,0.0,1.0,0.0,0.907238,0.206122,2.287804
difficulty,1.5,137,137-195,0.0,0.0,0.941667,0.941667,0.0,0.016667,0.0,0.757497,0.429584,1.150524
difficulty,1.5,137,137-196,0.85,0.716667,0.266667,0.983333,0.933333,0.008333,0.0,0.578041,0.600016,0.329992
difficulty,1.5,137,137-197,0.15,0.566667,0.05,0.616667,0.616667,0.0,0.008333,0.42676,0.628965,0.379637
difficulty,1.5,137,137-198,0.866667,0.208333,0.775,0.983333,0.866667,0.016667,0.0,0.645957,0.492674,0.615789
difficulty,1.5,137,137-199,0.7,0.016667,0.958333,0.975,0.7,0.008333,0.0,0.678493,0.549112,0.755862
difficulty,1.5,369,369-0,0.375,0.0,0.925,0.925,0.375,0.033333,0.0,0.719924,0.502226,0.962614
difficulty,1.5,369,369-1,0.7,0.016667,0.958333,0.975,0.7,0.008333,0.0,0.679749,0.563253,0.763505
difficulty,1.5,369,369-2,0.0,0.0,0.0,0.0,0.0,0.5,0.0,0.851774,0.303948,1.759755
difficulty,1.5,369,369-3,0.691667,0.85,0.141667,0.991667,0.975,0.0,0.0,0.537048,0.515272,0.225308
difficulty,1.5,369,369-4,0.341667,0.0,0.925,0.925,0.341667,0.008333,0.0,0.719583,0.482305,0.956172
difficulty,1.5,369,369-5,0.375,0.0,0.958333,0.958333,0.375,0.008333,0.0,0.719027,0.46626,0.954868
difficulty,1.5,369,369-6,0.516667,0.833333,0.141667,0.975,0.941667,0.0,0.0,0.529554,0.518888,0.25216
difficulty,1.5,369,369-7,0.366667,0.0,0.958333,0.958333,0.366667,0.033333,0.0,0.717052,0.517273,0.948698
difficulty,1.5,369,369-8,0.658333,0.025,0.908333,0.933333,0.658333,0.041667,0.0,0.685734,0.510066,0.804891
difficulty,1.5,369,369-9,0.0,0.0,0.0,0.0,0.0,1.0,0.0,0.914737,0.192843,2.37569
difficulty,1.5,369,369-10,0.0,0.0,0.391667,0.391667,0.0,0.033333,0.0,0.805926,0.378231,1.428577
difficulty,1.5,369,369-11,0.0,0.0,0.0,0.0,0.0,0.0,1.0,0.085552,0.156902,2.428401
difficulty,1.5,369,369-12,0.9,0.741667,0.258333,1.0,0.983333,0.0,0.0,0.571841,0.640074,0.303802
difficulty,1.5,369,369-13,0.608333,0.008333,0.975,0.983333,0.608333,0.0,0.0,0.691021,0.544236,0.81276
difficulty,1.5,369,369-14,0.0,0.0,0.0,0.0,0.0,0.0,0.983333,0.119515,0.332648,2.04503
difficulty,1.5,369,369-15,0.0,0.0,0.0,0.0,0.0,0.0,0.958333,0.148363,0.212516,1.786341
difficulty,1.5,369,369-16,0.516667,0.0,0.966667,0.966667,0.516667,0.008333,0.0,0.703507,0.501048,0.875735
difficulty,1.5,369,369-17,0.041667,0.108333,0.025,0.133333,0.133333,0.0,0.45,0.326553,0.535253,0.7798
difficulty,1.5,369,369-18,0.0,0.0,0.0,0.0,0.0,0.983333,0.0,0.875641,0.273743,1.958281
difficulty,1.5,369,369-19,0.641667,0.883333,0.108333,0.991667,0.975,0.0,0.0,0.531178,0.508278,0.213403
difficulty,1.5,369,369-20,0.883333,0.216667,0.75,0.966667,0.883333,0.008333,0.0,0.646162,0.541969,0.614702
difficulty,1.5,369,369-21,0.0,0.0,0.0,0.0,0.0,0.141667,0.0,0.834838,0.337117,1.627449
difficulty,1.5,369,369-22,0.9,0.491667,0.475,0.966667,0.9,0.016667,0.0,0.610646,0.562449,0.467733
difficulty,1.5,369,369-23,0.0,0.0,0.008333,0.008333,0.0,0.2,0.0,0.838695,0.324114,1.65663
difficulty,1.5,369,369-24,0.816667,0.633333,0.35,0.983333,0.933333,0.008333,0.0,0.582697,0.548437,0.363689
difficulty,1.5,369,369-25,0.875,0.716667,0.266667,0.983333,0.95,0.016667,0.0,0.577875,0.58278,0.33487
difficulty,1.5,369,369-26,0.0,0.0,0.0,0.0,0.0,0.291667,0.0,0.843386,0.304347,1.694522
difficulty,1.5,369,369-27,0.883333,0.625,0.35,0.975,0.95,0.016667,0.0,0.587711,0.54519,0.37717
difficulty,1.5,369,369-28,0.216667,0.733333,0.091667,0.825,0.791667,0.0,0.0,0.474533,0.651216,0.288867
difficulty,1.5,369,369-29,0.425,0.0,0.975,0.975,0.425,0.008333,0.0,0.709238,0.531825,0.901306
difficulty,1.5,369,369-30,0.016667,0.0,0.858333,0.858333,0.016667,0.008333,0.0,0.759973,0.432163,1.163347
difficulty,1.5,369,369-31,0.866667,0.15,0.816667,0.966667,0.866667,0.016667,0.0,0.656052,0.521131,0.660397
difficulty,1.5,369,369-32,0.908333,0.566667,0.425,0.991667,0.95,0.0,0.0,0.596457,0.546749,0.40221
difficulty,1.5,369,369-33,0.066667,0.075,0.025,0.1,0.1,0.0,0.85,0.273569,0.613538,1.049554
difficulty,1.5,369,369-34,0.741667,0.816667,0.166667,0.983333,0.933333,0.008333,0.0,0.564193,0.59125,0.303265
difficulty,1.5,369,369-35,0.825,0.191667,0.8,0.991667,0.825,0.008333,0.0,0.652216,0.575047,0.641756
difficulty,1.5,369,369-36,0.775,0.716667,0.258333,0.975,0.925,0.025,0.0,0.577409,0.554394,0.352035
difficulty,1.5,369,369-37,0.0,0.0,0.816667,0.816667,0.0,0.016667,0.0,0.77514,0.432459,1.246654
difficulty,1.5,369,369-38,0.733333,0.025,0.916667,0.941667,0.733333,0.033333,0.0,0.680165,0.541084,0.776875
difficulty,1.5,369,369-39,0.158333,0.0,0.883333,0.883333,0.158333,0.016667,0.0,0.744954,0.495031,1.09005
difficulty,1.5,369,369-40,0.0,0.0,0.85,0.85,0.0,0.033333,0.0,0.762477,0.360068,1.18201
difficulty,1.5,369,369-41,0.641667,0.783333,0.191667,0.975,0.941667,0.008333,0.0,0.554938,0.630747,0.29751
difficulty,1.5,369,369-42,0.758333,0.791667,0.191667,0.983333,0.925,0.008333,0.0,0.566007,0.513069,0.299438
difficulty,1.5,369,369-43,0.166667,0.591667,0.083333,0.675,0.65,0.0,0.0,0.447257,0.54933,0.395743
difficulty,1.5,369,369-44,0.616667,0.841667,0.141667,0.983333,0.958333,0.0,0.0,0.540407,0.542269,0.256182
difficulty,1.5,369,369-45,0.841667,0.166667,0.808333,0.975,0.841667,0.025,0.0,0.653064,0.4995,0.650912
difficulty,1.5,369,369-46,0.033333,0.0,0.933333,0.933333,0.033333,0.016667,0.0,0.748013,0.425282,1.100445
difficulty,1.5,369,369-47,0.483333,0.891667,0.083333,0.975,0.958333,0.0,0.0,0.50405,0.54651,0.225661
difficulty,1.5,369,369-48,0.683333,0.008333,0.966667,0.975,0.683333,0.016667,0.0,0.683488,0.482248,0.784303
difficulty,1.5,369,369-49,0.041667,0.241667,0.025,0.266667,0.258333,0.0,0.275,0.360062,0.590762,0.629997
difficulty,1.5,369,369-50,0.133333,0.533333,0.058333,0.591667,0.575,0.0,0.0,0.429396,0.489342,0.407887
difficulty,1.5,369,369-51,0.383333,0.0,0.958333,0.958333,0.383333,0.016667,0.0,0.715356,0.567097,0.935019
difficulty,1.5,369,369-52,0.0,0.0,0.0,0.0,0.0,0.983333,0.0,0.87465,0.279831,1.949368
difficulty,1.5,369,369-53,0.0,0.0,0.716667,0.716667,0.0,0.033333,0.0,0.789343,0.363932,1.330327
difficulty,1.5,369,369-54,0.65,0.8,0.2,1.0,0.966667,0.0,0.0,0.54348,0.608348,0.261819
difficulty,1.5,369,369-55,0.0,0.0,0.325,0.325,0.0,0.083333,0.0,0.81282,0.353122,1.481907
difficulty,1.5,369,369-56,0.433333,0.0,0.925,0.925,0.433333,0.033333,0.0,0.712118,0.463038,0.929348
difficulty,1.5,369,369-57,0.675,0.816667,0.158333,0.975,0.958333,0.008333,0.0,0.553446,0.524564,0.295665
difficulty,1.5,369,369-58,0.191667,0.675,0.058333,0.733333,0.725,0.0,0.0,0.449003,0.370987,0.337313
difficulty,1.5,369,369-59,0.558333,0.0,0.966667,0.966667,0.558333,0.025,0.0,0.695773,0.512545,0.845755
difficulty,1.5,369,369-60,0.925,0.516667,0.45,0.966667,0.941667,0.016667,0.0,0.602977,0.604495,0.433376
difficulty,1.5,369,369-61,0.058333,0.108333,0.008333,0.116667,0.116667,0.0,0.6,0.30532,0.535699,0.869403
difficulty,1.5,369,369-62,0.541667,0.0,0.933333,0.933333,0.541667,0.033333,0.0,0.706217,0.462997,0.897451
difficulty,1.5,369,369-63,0.058333,0.091667,0.033333,0.125,0.125,0.0,0.325,0.33152,0.434099,0.765565
difficulty,1.5,369,369-64,0.791667,0.683333,0.283333,0.966667,0.925,0.016667,0.0,0.575172,0.608936,0.340919
difficulty,1.5,369,369-65,0.0,0.0,0.383333,0.383333,0.0,0.041667,0.0,0.808281,0.370811,1.446552
difficulty,1.5,369,369-66,0.258333,0.775,0.083333,0.858333,0.825,0.0,0.0,0.478817,0.505993,0.285167
difficulty,1.5,369,369-67,0.0,0.0,0.033333,0.033333,0.0,0.091667,0.0,0.832382,0.341149,1.619457
difficulty,1.5,369,369-68,0.0,0.0,0.833333,0.833333,0.0,0.075,0.0,0.784791,0.374286,1.312023
difficulty,1.5,369,369-69,0.058333,0.425,0.041667,0.466667,0.45,0.0,0.016667,0.409517,0.652839,0.454036
difficulty,1.5,369,369-70,0.0,0.0,0.0,0.0,0.0,0.375,0.0,0.846925,0.314757,1.7178
difficulty,1.5,369,369-71,0.891667,0.633333,0.358333,0.991667,0.966667,0.008333,0.0,0.580823,0.574327,0.341047
difficulty,1.5,369,369-72,0.591667,0.833333,0.158333,0.991667,0.925,0.0,0.0,0.539895,0.501202,0.258298
difficulty,1.5,369,369-73,0.125,0.0,0.908333,0.908333,0.125,0.05,0.0,0.750487,0.435589,1.118738
difficulty,1.5,369,369-74,0.0,0.0,0.0,0.0,0.0,1.0,0.0,0.885983,0.230962,2.065547
difficulty,1.5,369,369-75,0.0,0.0,0.841667,0.841667,0.0,0.0,0.0,0.768202,0.464619,1.205372
difficulty,1.5,369,369-76,0.658333,0.016667,0.958333,0.975,0.658333,0.025,0.0,0.681909,0.529103,0.778505
difficulty,1.5,369,369-77,0.008333,0.0,0.916667,0.916667,0.008333,0.025,0.0,0.760075,0.438523,1.162269
difficulty,1.5,369,369-78,0.0,0.0,0.591667,0.591667,0.0,0.075,0.0,0.80105,0.383457,1.411905
difficulty,1.5,369,369-79,0.0,0.0,0.0,0.0,0.0,1.0,0.0,0.93318,0.152295,2.639273
difficulty,1.5,369,369-80,0.008333,0.0,0.85,0.85,0.008333,0.05,0.0,0.7751,0.414449,1.25201
difficulty,1.5,369,369-81,0.608333,0.0,0.966667,0.966667,0.608333,0.008333,0.0,0.693545,0.469245,0.828247
difficulty,1.5,369,369-82,0.0,0.0,0.0,0.0,0.0,0.508333,0.0,0.85007,0.288639,1.744387
difficulty,1.5,369,369-83,0.616667,0.908333,0.091667,1.0,0.966667,0.0,0.0,0.530031,0.577817,0.207354
difficulty,1.5,369,369-84,0.0,0.0,0.0,0.0,0.0,0.458333,0.0,0.849232,0.317642,1.735825
difficulty,1.5,369,369-85,0.0,0.0,0.0,0.0,0.0,1.0,0.0,0.925406,0.174426,2.520449
difficulty,1.5,369,369-86,0.425,0.908333,0.058333,0.966667,0.966667,0.008333,0.0,0.496069,0.646839,0.210658
difficulty,1.5,369,369-87,0.0,0.0,0.483333,0.483333,0.0,0.033333,0.0,0.802083,0.408265,1.412091
difficulty,1.5,369,369-88,0.0,0.0,0.4,0.4,0.0,0.016667,0.0,0.805573,0.402031,1.427828
difficulty,1.5,369,369-89,0.133333,0.55,0.058333,0.608333,0.575,0.0,0.0,0.437101,0.542194,0.389936
difficulty,1.5,369,369-90,0.008333,0.033333,0.0,0.033333,0.033333,0.0,0.891667,0.230839,0.402606,1.237048
difficulty,1.5,369,369-91,0.0,0.0,0.0,0.0,0.0,1.0,0.0,0.962493,0.087769,3.24683
difficulty,1.5,369,369-92,0.0,0.016667,0.0,0.016667,0.016667,0.0,0.916667,0.229953,0.494667,1.232449
difficulty,1.5,369,369-93,0.0,0.0,0.0,0.0,0.0,0.991667,0.0,0.875583,0.264899,1.954277
difficulty,1.5,369,369-94,0.0,0.0,0.0,0.0,0.0,1.0,0.0,0.905744,0.200077,2.268675
difficulty,1.5,369,369-95,0.158333,0.741667,0.016667,0.758333,0.75,0.0,0.0,0.447813,0.628342,0.303519
difficulty,1.5,369,369-96,0.875,0.583333,0.383333,0.966667,0.933333,0.016667,0.0,0.596003,0.630023,0.410653
difficulty,1.5,369,369-97,0.016667,0.033333,0.0,0.033333,0.033333,0.0,0.791667,0.273709,0.468904,0.995095
difficulty,1.5,369,369-98,0.725,0.8,0.15,0.95,0.916667,0.008333,0.0,0.569045,0.529246,0.328606
difficulty,1.5,369,369-99,0.0,0.0,0.0,0.0,0.0,0.0,0.958333,0.144725,0.25071,1.825338
difficulty,1.5,369,369-100,0.0,0.0,0.0,0.0,0.0,1.0,0.0,0.944456,0.132078,2.836048
difficulty,1.5,369,369-101,0.508333,0.791667,0.141667,0.933333,0.9,0.0,0.0,0.528976,0.524558,0.279518
difficulty,1.5,369,369-102,0.908333,0.666667,0.308333,0.975,0.925,0.008333,0.0,0.592028,0.481027,0.388219
difficulty,1.5,369,369-103,0.025,0.066667,0.0,0.066667,0.066667,0.0,0.85,0.246532,0.514792,1.157594
difficulty,1.5,369,369-104,0.0,0.0,0.375,0.375,0.0,0.033333,0.0,0.808525,0.376511,1.450123
difficulty,1.5,369,369-105,0.225,0.0,0.933333,0.933333,0.225,0.033333,0.0,0.73268,0.481638,1.021584
difficulty,1.5,369,369-106,0.0,0.0,0.066667,0.066667,0.0,0.108333,0.0,0.829792,0.311177,1.591769
difficulty,1.5,369,369-107,0.45,0.0,0.941667,0.941667,0.45,0.033333,0.0,0.71394,0.442012,0.941198
difficulty,1.5,369,369-108,0.9,0.291667,0.675,0.966667,0.9,0.016667,0.0,0.632559,0.568984,0.559797
difficulty,1.5,369,369-109,0.875,0.216667,0.766667,0.983333,0.875,0.008333,0.0,0.651176,0.55052,0.63599
difficulty,1.5,369,369-110,0.0,0.0,0.0,0.0,0.0,1.0,0.0,0.90663,0.195517,2.280036
difficulty,1.5,369,369-111,0.0,0.0,0.875,0.875,0.0,0.058333,0.0,0.763859,0.401381,1.195096
difficulty,1.5,369,369-112,0.308333,0.616667,0.125,0.741667,0.708333,0.0,0.0,0.480983,0.622353,0.34827
difficulty,1.5,369,369-113,0.158333,0.0,0.933333,0.933333,0.158333,0.025,0.0,0.737812,0.45404,1.049962
difficulty,1.5,369,369-114,0.325,0.0,0.933333,0.933333,0.325,0.025,0.0,0.722045,0.487216,0.97035
difficulty,1.5,369,369-115,0.691667,0.85,0.125,0.975,0.975,0.008333,0.0,0.541023,0.633248,0.255337
difficulty,1.5,369,369-116,0.808333,0.1,0.875,0.975,0.808333,0.016667,0.0,0.663936,0.567107,0.694233
difficulty,1.5,369,369-117,0.325,0.65,0.116667,0.766667,0.733333,0.0,0.0,0.482054,0.474759,0.33242
difficulty,1.5,369,369-118,0.0,0.0,0.258333,0.258333,0.0,0.1,0.0,0.821812,0.352039,1.552549
difficulty,1.5,369,369-119,0.0,0.0,0.458333,0.458333,0.0,0.075,0.0,0.802873,0.385116,1.426598
difficulty,1.5,369,369-120,0.058333,0.133333,0.041667,0.175,0.166667,0.0,0.308333,0.35157,0.553025,0.701899
difficulty,1.5,369,369-121,0.116667,0.216667,0.05,0.266667,0.266667,0.0,0.141667,0.383524,0.567643,0.572561
difficulty,1.5,369,369-122,0.0,0.0,0.166667,0.166667,0.0,0.083333,0.0,0.822932,0.364246,1.54631
difficulty,1.5,369,369-123,0.0,0.0,0.0,0.0,0.0,0.866667,0.0,0.865997,0.269068,1.873198
difficulty,1.5,369,369-124,0.008333,0.033333,0.0,0.033333,0.033333,0.0,0.941667,0.225524,0.412504,1.255287
difficulty,1.5,369,369-125,0.0,0.0,0.016667,0.016667,0.0,0.225,0.0,0.835421,0.343939,1.630307
difficulty,1.5,369,369-126,0.0,0.0,0.733333,0.733333,0.0,0.008333,0.0,0.78616,0.415409,1.309617
difficulty,1.5,369,369-127,0.0,0.0,0.0,0.0,0.0,0.666667,0.0,0.860792,0.281956,1.845411
difficulty,1.5,369,369-128,0.041667,0.0,0.95,0.95,0.041667,0.025,0.0,0.746044,0.444296,1.089507
difficulty,1.5,369,369-129,0.0,0.0,0.0,0.0,0.0,1.0,0.0,0.917606,0.184078,2.416196
difficulty,1.5,369,369-130,0.0,0.0,0.675,0.675,0.0,0.05,0.0,0.790039,0.376407,1.342
difficulty,1.5,369,369-131,0.041667,0.0,0.875,0.875,0.041667,0.058333,0.0,0.761805,0.442766,1.184251
difficulty,1.5,369,369-132,0.008333,0.0,0.891667,0.891667,0.008333,0.058333,0.0,0.756123,0.439259,1.149227
difficulty,1.5,369,369-133,0.058333,0.183333,0.008333,0.191667,0.191667,0.0,0.308333,0.349687,0.526017,0.65839
difficulty,1.5,369,369-134,0.316667,0.0,0.966667,0.966667,0.316667,0.008333,0.0,0.718262,0.546821,0.947447
difficulty,1.5,369,369-135,0.0,0.0,0.0,0.0,0.0,1.0,0.0,0.933235,0.150811,2.648289
difficulty,1.5,369,369-136,0.0,0.0,0.0,0.0,0.0,0.983333,0.0,0.878478,0.263688,1.982741
difficulty,1.5,369,369-137,0.575,0.908333,0.091667,1.0,0.966667,0.0,0.0,0.522247,0.632451,0.207332
difficulty,1.5,369,369-138,0.0,0.0,0.025,0.025,0.0,0.166667,0.0,0.832178,0.350602,1.606343
difficulty,1.5,369,369-139,0.008333,0.0,0.941667,0.941667,0.008333,0.033333,0.0,0.759015,0.447439,1.157422
difficulty,1.5,369,369-140,0.033333,0.2,0.016667,0.216667,0.216667,0.0,0.316667,0.343345,0.483537,0.693553
difficulty,1.5,369,369-141,0.783333,0.733333,0.266667,1.0,0.975,0.0,0.0,0.564589,0.634604,0.301862
difficulty,1.5,369,369-142,0.075,0.091667,0.016667,0.108333,0.108333,0.0,0.725,0.289208,0.363649,0.967009
difficulty,1.5,369,369-143,0.0,0.0,0.083333,0.083333,0.0,0.125,0.0,0.830354,0.329306,1.613433
difficulty,1.5,369,369-144,0.925,0.408333,0.583333,0.991667,0.925,0.0,0.0,0.617043,0.611969,0.484912
difficulty,1.5,369,369-145,0.108333,0.575,0.058333,0.633333,0.608333,0.0,0.0,0.431723,0.500514,0.402139
difficulty,1.5,369,369-146,0.15,0.0,0.941667,0.941667,0.15,0.033333,0.0,0.737439,0.485402,1.05219
difficulty,1.5,369,369-147,0.625,0.0,0.916667,0.916667,0.625,0.058333,0.0,0.696112,0.455232,0.854065
difficulty,1.5,369,369-148,0.475,0.841667,0.158333,1.0,0.95,0.0,0.0,0.5224,0.530062,0.246439
difficulty,1.5,369,369-149,0.0,0.0,0.0,0.0,0.0,0.066667,0.0,0.832068,0.322509,1.6057
difficulty,1.5,369,369-150,0.0,0.0,0.916667,0.916667,0.0,0.041667,0.0,0.767869,0.404011,1.213841
difficulty,1.5,369,369-151,0.916667,0.45,0.525,0.975,0.925,0.016667,0.0,0.61426,0.554639,0.480004
difficulty,1.5,369,369-152,0.541667,0.0,0.983333,0.983333,0.541667,0.0,0.0,0.698632,0.530348,0.849071
difficulty,1.5,369,369-153,0.0,0.0,0.0,0.0,0.0,0.466667,0.0,0.847673,0.305478,1.729724
difficulty,1.5,369,369-154,0.008333,0.033333,0.0,0.033333,0.033333,0.0,0.925,0.211234,0.443639,1.356478
difficulty,1.5,369,369-155,0.0,0.0,0.0,0.0,0.0,0.866667,0.0,0.866462,0.277002,1.881141
difficulty,1.5,369,369-156,0.308333,0.758333,0.108333,0.866667,0.841667,0.0,0.0,0.485472,0.455473,0.295744
difficulty,1.5,369,369-157,0.95,0.65,0.35,1.0,0.958333,0.0,0.0,0.590403,0.512505,0.372073
difficulty,1.5,369,369-158,0.0,0.0,0.308333,0.308333,0.0,0.041667,0.0,0.810978,0.353986,1.471917
difficulty,1.5,369,369-159,0.858333,0.491667,0.483333,0.975,0.858333,0.008333,0.0,0.61475,0.549275,0.483885
difficulty,1.5,369,369-160,0.0,0.0,0.0,0.0,0.0,1.0,0.0,0.880212,0.265043,1.998342
difficulty,1.5,369,369-161,0.525,0.908333,0.05,0.958333,0.95,0.0,0.0,0.507868,0.610029,0.205429
difficulty,1.5,369,369-162,0.9,0.35,0.625,0.975,0.9,0.016667,0.0,0.629469,0.555506,0.544628
difficulty,1.5,369,369-163,0.0,0.0,0.0,0.0,0.0,0.0,0.975,0.135039,0.272797,1.893945
difficulty,1.5,369,369-164,0.0,0.0,0.0,0.0,0.0,0.516667,0.0,0.849947,0.306605,1.741029
difficulty,1.5,369,369-165,0.083333,0.433333,0.066667,0.5,0.466667,0.0,0.0,0.424242,0.48548,0.434018
difficulty,1.5,369,369-166,0.0,0.0,0.0,0.0,0.0,1.0,0.0,0.893569,0.232693,2.13771
difficulty,1.5,369,369-167,0.0,0.0,0.641667,0.641667,0.0,0.05,0.0,0.791746,0.39973,1.355755
difficulty,1.5,369,369-168,0.0,0.0,0.0,0.0,0.0,0.975,0.0,0.871419,0.271975,1.918071
difficulty,1.5,369,369-169,0.816667,0.591667,0.4,0.991667,0.95,0.008333,0.0,0.582713,0.570651,0.366749
difficulty,1.5,369,369-170,0.0,0.0,0.908333,0.908333,0.0,0.033333,0.0,0.762168,0.402951,1.177891
difficulty,1.5,369,369-171,0.816667,0.608333,0.35,0.958333,0.9,0.0,0.0,0.595641,0.560535,0.408996
difficulty,1.5,369,369-172,0.8,0.15,0.825,0.975,0.8,0.025,0.0,0.663962,0.510095,0.69939
difficulty,1.5,369,369-173,0.666667,0.008333,0.933333,0.941667,0.666667,0.05,0.0,0.692974,0.43897,0.843099
difficulty,1.5,369,369-174,0.45,0.0,0.941667,0.941667,0.45,0.008333,0.0,0.712495,0.530162,0.923838
difficulty,1.5,369,369-175,0.791667,0.7,0.3,1.0,0.941667,0.0,0.0,0.56983,0.641298,0.312815
difficulty,1.5,369,369-176,0.2,0.0,0.916667,0.916667,0.2,0.041667,0.0,0.739933,0.439647,1.067353
difficulty,1.5,369,369-177,0.0,0.0,0.016667,0.016667,0.0,0.258333,0.0,0.837307,0.332018,1.655946
difficulty,1.5,369,369-178,0.725,0.808333,0.183333,0.991667,0.966667,0.0,0.0,0.548948,0.54756,0.255337
difficulty,1.5,369,369-179,0.016667,0.35,0.025,0.375,0.358333,0.0,0.15,0.377897,0.65362,0.548864
difficulty,1.5,369,369-180,0.308333,0.0,0.933333,0.933333,0.308333,0.041667,0.0,0.723471,0.45427,0.976151
difficulty,1.5,369,369-181,0.433333,0.0,0.966667,0.966667,0.433333,0.0,0.0,0.715877,0.478825,0.933341
difficulty,1.5,369,369-182,0.0,0.0,0.9,0.9,0.0,0.008333,0.0,0.761983,0.437446,1.172502
difficulty,1.5,369,369-183,0.691667,0.025,0.958333,0.983333,0.691667,0.0,0.0,0.677933,0.498311,0.753583
difficulty,1.5,369,369-184,0.866667,0.175,0.791667,0.966667,0.866667,0.016667,0.0,0.652504,0.544984,0.647495
difficulty,1.5,369,369-185,0.058333,0.241667,0.016667,0.258333,0.25,0.0,0.25,0.361317,0.487982,0.632982
difficulty,1.5,369,369-186,0.791667,0.833333,0.15,0.983333,0.958333,0.016667,0.0,0.556934,0.614731,0.269703
difficulty,1.5,369,369-187,0.841667,0.366667,0.558333,0.925,0.841667,0.041667,0.0,0.636183,0.467484,0.587471
difficulty,1.5,369,369-188,0.475,0.891667,0.091667,0.983333,0.95,0.0,0.0,0.506615,0.631093,0.239673
difficulty,1.5,369,369-189,0.558333,0.0,0.958333,0.958333,0.558333,0.008333,0.0,0.697355,0.515645,0.846642
difficulty,1.5,369,369-190,0.175,0.0,0.908333,0.908333,0.175,0.008333,0.0,0.740112,0.482893,1.057845
difficulty,1.5,369,369-191,0.583333,0.0,0.966667,0.966667,0.583333,0.016667,0.0,0.695554,0.50345,0.839427
difficulty,1.5,369,369-192,0.858333,0.583333,0.4,0.983333,0.883333,0.008333,0.0,0.604034,0.514343,0.439901
difficulty,1.5,369,369-193,0.733333,0.016667,0.95,0.966667,0.733333,0.025,0.0,0.6762,0.49099,0.750684
difficulty,1.5,369,369-194,0.091667,0.0,0.925,0.925,0.091667,0.033333,0.0,0.748061,0.441408,1.105629
difficulty,1.5,369,369-195,0.0,0.0,0.0,0.0,0.0,0.0,0.975,0.123054,0.224096,2.016951
difficulty,1.5,369,369-196,0.916667,0.608333,0.383333,0.991667,0.933333,0.0,0.0,0.594834,0.573492,0.392886
difficulty,1.5,369,369-197,0.05,0.108333,0.016667,0.125,0.125,0.0,0.616667,0.306624,0.400151,0.87514
difficulty,1.5,369,369-198,0.0,0.0,0.891667,0.891667,0.0,0.041667,0.0,0.760496,0.414101,1.172273
difficulty,1.5,369,369-199,0.016667,0.025,0.0,0.025,0.025,0.0,0.916667,0.225727,0.444257,1.264559
difficulty,1.5,1024,1024-0,0.816667,0.558333,0.425,0.983333,0.891667,0.016667,0.0,0.59877,0.532931,0.424995
difficulty,1.5,1024,1024-1,0.916667,0.191667,0.808333,1.0,0.916667,0.0,0.0,0.642981,0.547079,0.594515
difficulty,1.5,1024,1024-2,0.0,0.0,0.0,0.0,0.0,1.0,0.0,0.943094,0.132931,2.809604
difficulty,1.5,1024,1024-3,0.683333,0.016667,0.958333,0.975,0.683333,0.016667,0.0,0.6826,0.538629,0.779737
difficulty,1.5,1024,1024-4,0.0,0.0,0.0,0.0,0.0,1.0,0.0,0.8804,0.237881,2.003026
difficulty,1.5,1024,1024-5,0.041667,0.0,0.841667,0.841667,0.041667,0.075,0.0,0.762071,0.375482,1.197276
difficulty,1.5,1024,1024-6,0.85,0.25,0.7,0.95,0.85,0.025,0.0,0.643394,0.528693,0.610927
difficulty,1.5,1024,1024-7,0.633333,0.891667,0.1,0.991667,0.966667,0.0,0.0,0.535938,0.566749,0.225343
difficulty,1.5,1024,1024-8,0.95,0.541667,0.458333,1.0,0.966667,0.0,0.0,0.598245,0.580788,0.405112
difficulty,1.5,1024,1024-9,0.033333,0.0,0.891667,0.891667,0.033333,0.016667,0.0,0.756721,0.426509,1.14948
difficulty,1.5,1024,1024-10,0.066667,0.258333,0.025,0.283333,0.283333,0.0,0.216667,0.365259,0.495415,0.606489
difficulty,1.5,1024,1024-11,0.941667,0.491667,0.491667,0.983333,0.941667,0.008333,0.0,0.605606,0.623587,0.439497
difficulty,1.5,1024,1024-12,0.0,0.0,0.0,0.0,0.0,1.0,0.0,0.8879,0.239506,2.08668
difficulty,1.5,1024,1024-13,0.0,0.0,0.55,0.55,0.0,0.083333,0.0,0.799767,0.36997,1.404982
difficulty,1.5,1024,1024-14,0.425,0.0,0.941667,0.941667,0.425,0.025,0.0,0.714778,0.492032,0.93381
difficulty,1.5,1024,1024-15,0.933333,0.466667,0.508333,0.975,0.933333,0.025,0.0,0.604293,0.589903,0.436583
difficulty,1.5,1024,1024-16,0.341667,0.858333,0.083333,0.941667,0.925,0.0,0.0,0.491206,0.642452,0.229434
difficulty,1.5,1024,1024-17,0.0,0.0,0.0,0.0,0.0,1.0,0.0,0.923484,0.16666,2.493699
difficulty,1.5,1024,1024-18,0.0,0.0,0.858333,0.858333,0.0,0.058333,0.0,0.775244,0.415954,1.254847
difficulty,1.5,1024,1024-19,0.175,0.691667,0.05,0.741667,0.716667,0.0,0.0,0.45552,0.509499,0.303164
difficulty,1.5,1024,1024-20,0.491667,0.908333,0.058333,0.966667,0.958333,0.0,0.0,0.500105,0.675584,0.206806
difficulty,1.5,1024,1024-21,0.833333,0.775,0.2,0.975,0.941667,0.0,0.0,0.573974,0.572308,0.320959
difficulty,1.5,1024,1024-22,0.825,0.575,0.408333,0.983333,0.9,0.008333,0.0,0.593208,0.628865,0.395524
difficulty,1.5,1024,1024-23,0.0,0.0,0.883333,0.883333,0.0,0.025,0.0,0.771508,0.421019,1.228205
difficulty,1.5,1024,1024-24,0.0,0.0,0.0,0.0,0.0,0.475,0.0,0.84878,0.310723,1.737982
difficulty,1.5,1024,1024-25,0.858333,0.133333,0.808333,0.941667,0.858333,0.025,0.0,0.655951,0.515452,0.665422
difficulty,1.5,1024,1024-26,0.0,0.0,0.008333,0.008333,0.0,0.266667,0.0,0.8409,0.329773,1.6739
difficulty,1.5,1024,1024-27,0.091667,0.558333,0.025,0.583333,0.575,0.0,0.0,0.417475,0.643487,0.407595
difficulty,1.5,1024,1024-28,0.008333,0.0,0.933333,0.933333,0.008333,0.025,0.0,0.761385,0.466323,1.171132
difficulty,1.5,1024,1024-29,0.0,0.0,0.716667,0.716667,0.0,0.025,0.0,0.782278,0.437445,1.288282
difficulty,1.5,1024,1024-30,0.0,0.0,0.0,0.0,0.0,0.425,0.0,0.846224,0.324098,1.711211
difficulty,1.5,1024,1024-31,0.0,0.0,0.05,0.05,0.0,0.125,0.0,0.828435,0.33717,1.583553
difficulty,1.5,1024,1024-32,0.0,0.0,0.175,0.175,0.0,0.066667,0.0,0.820666,0.375774,1.527448
difficulty,1.5,1024,1024-33,0.016667,0.025,0.0,0.025,0.025,0.0,0.866667,0.246538,0.413177,1.145084
difficulty,1.5,1024,1024-34,0.791667,0.641667,0.333333,0.975,0.916667,0.0,0.0,0.579567,0.660137,0.350463
difficulty,1.5,1024,1024-35,0.091667,0.141667,0.05,0.191667,0.191667,0.0,0.466667,0.341695,0.395193,0.740482
difficulty,1.5,1024,1024-36,0.916667,0.375,0.608333,0.983333,0.916667,0.016667,0.0,0.624305,0.587966,0.519958
difficulty,1.5,1024,1024-37,0.041667,0.058333,0.008333,0.066667,0.066667,0.0,0.85,0.265447,0.341492,1.070858
difficulty,1.5,1024,1024-38,0.0,0.0,0.35,0.35,0.0,0.008333,0.0,0.809279,0.376276,1.450438
difficulty,1.5,1024,1024-39,0.9,0.566667,0.4,0.966667,0.916667,0.025,0.0,0.600865,0.577608,0.425811
difficulty,1.5,1024,1024-40,0.0,0.0,0.2,0.2,0.0,0.066667,0.0,0.821305,0.358264,1.538286
difficulty,1.5,1024,1024-41,0.7,0.808333,0.183333,0.991667,0.966667,0.0,0.0,0.539389,0.624433,0.243321
difficulty,1.5,1024,1024-42,0.875,0.141667,0.825,0.966667,0.875,0.025,0.0,0.653919,0.532179,0.653277
difficulty,1.5,1024,1024-43,0.0,0.0,0.541667,0.541667,0.0,0.016667,0.0,0.799166,0.38569,1.38811
difficulty,1.5,1024,1024-44,0.233333,0.816667,0.083333,0.9,0.875,0.0,0.0,0.476452,0.492372,0.263077
difficulty,1.5,1024,1024-45,0.041667,0.075,0.008333,0.083333,0.083333,0.0,0.775,0.272662,0.454539,1.037948
difficulty,1.5,1024,1024-46,0.0,0.0,0.0,0.0,0.0,1.0,0.0,0.943781,0.130255,2.824713
difficulty,1.5,1024,1024-47,0.033333,0.158333,0.033333,0.191667,0.175,0.0,0.366667,0.340101,0.497061,0.749506
difficulty,1.5,1024,1024-48,0.116667,0.0,0.9,0.9,0.116667,0.05,0.0,0.742275,0.416965,1.077176
difficulty,1.5,1024,1024-49,0.0,0.0,0.241667,0.241667,0.0,0.058333,0.0,0.815282,0.360405,1.49321
difficulty,1.5,1024,1024-50,0.0,0.0,0.941667,0.941667,0.0,0.016667,0.0,0.761037,0.42714,1.167657
difficulty,1.5,1024,1024-51,0.05,0.058333,0.025,0.083333,0.083333,0.0,0.625,0.302063,0.453338,0.891795
difficulty,1.5,1024,1024-52,0.0,0.0,0.783333,0.783333,0.0,0.008333,0.0,0.778991,0.403018,1.267097
difficulty,1.5,1024,1024-53,0.15,0.0,0.9,0.9,0.15,0.025,0.0,0.740974,0.427692,1.070181
difficulty,1.5,1024,1024-54,0.0,0.0,0.683333,0.683333,0.0,0.058333,0.0,0.792603,0.374989,1.358849
difficulty,1.5,1024,1024-55,0.016667,0.025,0.0,0.025,0.025,0.0,0.891667,0.224374,0.375591,1.285076
difficulty,1.5,1024,1024-56,0.775,0.166667,0.808333,0.975,0.775,0.016667,0.0,0.664591,0.533822,0.702205
difficulty,1.5,1024,1024-57,0.633333,0.808333,0.175,0.983333,0.941667,0.0,0.0,0.54258,0.536368,0.278445
difficulty,1.5,1024,1024-58,0.033333,0.308333,0.033333,0.341667,0.316667,0.0,0.108333,0.385613,0.562901,0.539499
difficulty,1.5,1024,1024-59,0.833333,0.166667,0.8,0.966667,0.833333,0.016667,0.0,0.658502,0.503793,0.676549
difficulty,1.5,1024,1024-60,0.05,0.2,0.016667,0.216667,0.208333,0.0,0.266667,0.352772,0.58196,0.667271
difficulty,1.5,1024,1024-61,0.883333,0.091667,0.866667,0.958333,0.883333,0.016667,0.0,0.66071,0.484361,0.681082
difficulty,1.5,1024,1024-62,0.333333,0.75,0.125,0.875,0.833333,0.0,0.0,0.489639,0.516423,0.292219
difficulty,1.5,1024,1024-63,0.891667,0.483333,0.508333,0.991667,0.891667,0.0,0.0,0.609064,0.551413,0.454419
difficulty,1.5,1024,1024-64,0.875,0.266667,0.691667,0.958333,0.875,0.033333,0.0,0.638626,0.578427,0.587174
difficulty,1.5,1024,1024-65,0.016667,0.033333,0.0,0.033333,0.033333,0.0,0.883333,0.241178,0.34914,1.171018
difficulty,1.5,1024,1024-66,0.841667,0.133333,0.833333,0.966667,0.841667,0.025,0.0,0.657009,0.527751,0.665858
difficulty,1.5,1024,1024-67,0.0,0.0,0.875,0.875,0.0,0.016667,0.0,0.760655,0.445221,1.166245
difficulty,1.5,1024,1024-68,0.616667,0.925,0.075,1.0,0.991667,0.0,0.0,0.52514,0.618759,0.192615
difficulty,1.5,1024,1024-69,0.841667,0.066667,0.925,0.991667,0.841667,0.0,0.0,0.660444,0.481654,0.673262
difficulty,1.5,1024,1024-70,0.441667,0.0,0.975,0.975,0.441667,0.008333,0.0,0.707881,0.461873,0.896391
difficulty,1.5,1024,1024-71,0.325,0.0,0.966667,0.966667,0.325,0.008333,0.0,0.721096,0.523543,0.962552
difficulty,1.5,1024,1024-72,0.7,0.866667,0.133333,1.0,0.983333,0.0,0.0,0.536844,0.57175,0.217047
difficulty,1.5,1024,1024-73,0.85,0.133333,0.833333,0.966667,0.85,0.008333,0.0,0.656677,0.50402,0.660716
difficulty,1.5,1024,1024-74,0.916667,0.625,0.366667,0.991667,0.966667,0.008333,0.0,0.585733,0.610121,0.361202
difficulty,1.5,1024,1024-75,0.5,0.0,0.966667,0.966667,0.5,0.008333,0.0,0.706841,0.504021,0.891731
difficulty,1.5,1024,1024-76,0.0,0.0,0.0,0.0,0.0,1.0,0.0,0.929709,0.158189,2.584951
difficulty,1.5,1024,1024-77,0.0,0.0,0.0,0.0,0.0,0.216667,0.0,0.837203,0.32474,1.646554
difficulty,1.5,1024,1024-78,0.008333,0.0,0.908333,0.908333,0.008333,0.016667,0.0,0.759686,0.443002,1.162727
difficulty,1.5,1024,1024-79,0.025,0.0,0.9,0.9,0.025,0.008333,0.0,0.754302,0.454292,1.134247
difficulty,1.5,1024,1024-80,0.825,0.158333,0.825,0.983333,0.825,0.008333,0.0,0.653643,0.528251,0.649118
difficulty,1.5,1024,1024-81,0.3,0.0,0.958333,0.958333,0.3,0.016667,0.0,0.722306,0.448806,0.971622
difficulty,1.5,1024,1024-82,0.008333,0.0,0.891667,0.891667,0.008333,0.008333,0.0,0.762913,0.447119,1.180667
difficulty,1.5,1024,1024-83,0.325,0.0,0.95,0.95,0.325,0.025,0.0,0.726406,0.476643,0.994954
difficulty,1.5,1024,1024-84,0.0,0.0,0.0,0.0,0.0,1.0,0.0,0.926983,0.163368,2.546433
difficulty,1.5,1024,1024-85,0.875,0.716667,0.275,0.991667,0.958333,0.008333,0.0,0.575482,0.577552,0.321129
difficulty,1.5,1024,1024-86,0.0,0.0,0.758333,0.758333,0.0,0.033333,0.0,0.781374,0.426636,1.284902
difficulty,1.5,1024,1024-87,0.683333,0.808333,0.191667,1.0,0.95,0.0,0.0,0.552358,0.641794,0.273354
difficulty,1.5,1024,1024-88,0.0,0.0,0.441667,0.441667,0.0,0.066667,0.0,0.808228,0.36191,1.45564
difficulty,1.5,1024,1024-89,0.9,0.366667,0.616667,0.983333,0.9,0.016667,0.0,0.623952,0.531839,0.518857
difficulty,1.5,1024,1024-90,0.066667,0.275,0.025,0.3,0.291667,0.0,0.05,0.38015,0.45652,0.550351
difficulty,1.5,1024,1024-91,0.05,0.0,0.916667,0.916667,0.05,0.008333,0.0,0.761249,0.451041,1.168852
difficulty,1.5,1024,1024-92,0.783333,0.083333,0.891667,0.975,0.783333,0.008333,0.0,0.668465,0.50963,0.716502
difficulty,1.5,1024,1024-93,0.033333,0.083333,0.016667,0.1,0.1,0.0,0.716667,0.29085,0.517727,0.934694
difficulty,1.5,1024,1024-94,0.583333,0.0,0.975,0.975,0.583333,0.016667,0.0,0.693148,0.493657,0.826416
difficulty,1.5,1024,1024-95,0.3,0.0,0.975,0.975,0.3,0.008333,0.0,0.718595,0.457791,0.947761
difficulty,1.5,1024,1024-96,0.175,0.0,0.941667,0.941667,0.175,0.025,0.0,0.738222,0.495358,1.054847
difficulty,1.5,1024,1024-97,0.45,0.0,0.941667,0.941667,0.45,0.008333,0.0,0.707291,0.528364,0.894921
difficulty,1.5,1024,1024-98,0.125,0.308333,0.05,0.358333,0.358333,0.0,0.091667,0.391,0.514996,0.529893
difficulty,1.5,1024,1024-99,0.0,0.0,0.241667,0.241667,0.0,0.1,0.0,0.818937,0.366907,1.518959
difficulty,1.5,1024,1024-100,0.7,0.008333,0.983333,0.991667,0.7,0.0,0.0,0.678981,0.551238,0.755732
difficulty,1.5,1024,1024-101,0.916667,0.725,0.25,0.975,0.966667,0.025,0.0,0.578152,0.549319,0.333409
difficulty,1.5,1024,1024-102,0.925,0.458333,0.5,0.958333,0.925,0.016667,0.0,0.612634,0.589748,0.47476
difficulty,1.5,1024,1024-103,0.708333,0.008333,0.966667,0.975,0.708333,0.025,0.0,0.685493,0.480951,0.793323
difficulty,1.5,1024,1024-104,0.966667,0.375,0.625,1.0,0.966667,0.0,0.0,0.612086,0.571869,0.461642
difficulty,1.5,1024,1024-105,0.0,0.0,0.0,0.0,0.0,0.35,0.0,0.845177,0.319854,1.702287
difficulty,1.5,1024,1024-106,0.325,0.0,0.966667,0.966667,0.325,0.016667,0.0,0.716774,0.494514,0.939936
difficulty,1.5,1024,1024-107,0.508333,0.883333,0.1,0.983333,0.975,0.0,0.0,0.508084,0.637336,0.215166
difficulty,1.5,1024,1024-108,0.375,0.0,0.966667,0.966667,0.375,0.0,0.0,0.715535,0.451631,0.930654
difficulty,1.5,1024,1024-109,0.466667,0.825,0.133333,0.958333,0.916667,0.008333,0.0,0.517232,0.627326,0.280162
difficulty,1.5,1024,1024-110,0.825,0.225,0.75,0.975,0.825,0.008333,0.0,0.640406,0.500474,0.590384
difficulty,1.5,1024,1024-111,0.841667,0.258333,0.7,0.958333,0.841667,0.016667,0.0,0.643541,0.530152,0.607004
difficulty,1.5,1024,1024-112,0.925,0.591667,0.391667,0.983333,0.95,0.016667,0.0,0.595241,0.602651,0.401425
difficulty,1.5,1024,1024-113,0.266667,0.0,0.966667,0.966667,0.266667,0.0,0.0,0.724055,0.48726,0.971774
difficulty,1.5,1024,1024-114,0.008333,0.0,0.866667,0.866667,0.008333,0.016667,0.0,0.766049,0.399972,1.198129
difficulty,1.5,1024,1024-115,0.266667,0.0,0.941667,0.941667,0.266667,0.033333,0.0,0.728011,0.461681,1.005774
difficulty,1.5,1024,1024-116,0.0,0.0,0.0,0.0,0.0,0.408333,0.0,0.849032,0.322815,1.734337
difficulty,1.5,1024,1024-117,0.0,0.0,0.0,0.0,0.0,1.0,0.0,0.884493,0.239418,2.039399
difficulty,1.5,1024,1024-118,0.0,0.0,0.708333,0.708333,0.0,0.008333,0.0,0.784618,0.39347,1.300204
difficulty,1.5,1024,1024-119,0.058333,0.208333,0.05,0.258333,0.25,0.0,0.275,0.365208,0.489452,0.64267
difficulty,1.5,1024,1024-120,0.358333,0.0,0.975,0.975,0.358333,0.016667,0.0,0.717435,0.496769,0.944782
difficulty,1.5,1024,1024-121,0.025,0.041667,0.0,0.041667,0.041667,0.0,0.891667,0.213282,0.425879,1.355801
difficulty,1.5,1024,1024-122,0.691667,0.016667,0.95,0.966667,0.691667,0.008333,0.0,0.686148,0.477214,0.797879
difficulty,1.5,1024,1024-123,0.0,0.0,0.916667,0.916667,0.0,0.025,0.0,0.766132,0.439099,1.199072
difficulty,1.5,1024,1024-124,0.325,0.841667,0.066667,0.908333,0.908333,0.0,0.0,0.481426,0.508652,0.230963
difficulty,1.5,1024,1024-125,0.033333,0.083333,0.008333,0.091667,0.091667,0.0,0.408333,0.326029,0.396879,0.756248
difficulty,1.5,1024,1024-126,0.4,0.875,0.083333,0.958333,0.933333,0.0,0.0,0.497326,0.468643,0.214403
difficulty,1.5,1024,1024-127,0.908333,0.433333,0.516667,0.95,0.908333,0.033333,0.0,0.622256,0.515701,0.519443
difficulty,1.5,1024,1024-128,0.0,0.0,0.0,0.0,0.0,0.533333,0.0,0.851083,0.324297,1.747791
difficulty,1.5,1024,1024-129,0.7,0.883333,0.108333,0.991667,0.975,0.008333,0.0,0.537423,0.524594,0.214689
difficulty,1.5,1024,1024-130,0.0,0.0,0.0,0.0,0.0,0.466667,0.0,0.851219,0.306665,1.762156
difficulty,1.5,1024,1024-131,0.575,0.008333,0.95,0.958333,0.575,0.016667,0.0,0.687586,0.555175,0.80515
difficulty,1.5,1024,1024-132,0.025,0.0,0.916667,0.916667,0.025,0.008333,0.0,0.752272,0.455914,1.119231
difficulty,1.5,1024,1024-133,0.0,0.0,0.0,0.0,0.0,1.0,0.0,0.915778,0.181523,2.390297
difficulty,1.5,1024,1024-134,0.891667,0.625,0.366667,0.991667,0.933333,0.0,0.0,0.585626,0.594539,0.359686
difficulty,1.5,1024,1024-135,0.883333,0.55,0.441667,0.991667,0.908333,0.0,0.0,0.600595,0.565013,0.422519
difficulty,1.5,1024,1024-136,0.0,0.0,0.0,0.0,0.0,0.966667,0.0,0.870855,0.268594,1.91228
difficulty,1.5,1024,1024-137,0.333333,0.741667,0.15,0.891667,0.85,0.0,0.0,0.501865,0.407344,0.317501
difficulty,1.5,1024,1024-138,0.0,0.0,0.0,0.0,0.0,1.0,0.0,0.927921,0.161733,2.561595
difficulty,1.5,1024,1024-139,0.0,0.0,0.858333,0.858333,0.0,0.008333,0.0,0.770546,0.428936,1.218399
difficulty,1.5,1024,1024-140,0.041667,0.0,0.925,0.925,0.041667,0.0,0.0,0.759233,0.448256,1.15808
difficulty,1.5,1024,1024-141,0.0,0.0,0.85,0.85,0.0,0.041667,0.0,0.778615,0.402571,1.26938
difficulty,1.5,1024,1024-142,0.0,0.0,0.525,0.525,0.0,0.075,0.0,0.803312,0.365186,1.429604
difficulty,1.5,1024,1024-143,0.15,0.716667,0.083333,0.8,0.75,0.0,0.0,0.467973,0.581938,0.309725
difficulty,1.5,1024,1024-144,0.058333,0.208333,0.008333,0.216667,0.216667,0.0,0.258333,0.355332,0.467711,0.629294
difficulty,1.5,1024,1024-145,0.941667,0.533333,0.45,0.983333,0.941667,0.008333,0.0,0.605799,0.531062,0.439805
difficulty,1.5,1024,1024-146,0.0,0.0,0.083333,0.083333,0.0,0.125,0.0,0.828173,0.329396,1.585401
difficulty,1.5,1024,1024-147,0.875,0.408333,0.558333,0.966667,0.875,0.033333,0.0,0.623488,0.538443,0.527143
difficulty,1.5,1024,1024-148,0.9,0.5,0.483333,0.983333,0.916667,0.016667,0.0,0.6052,0.595448,0.442896
difficulty,1.5,1024,1024-149,0.041667,0.083333,0.016667,0.1,0.1,0.0,0.508333,0.3199,0.40751,0.804929
difficulty,1.5,1024,1024-150,0.5,0.0,0.95,0.95,0.5,0.0,0.0,0.699593,0.528698,0.858204
difficulty,1.5,1024,1024-151,0.266667,0.716667,0.05,0.766667,0.758333,0.0,0.0,0.462465,0.628202,0.291726
difficulty,1.5,1024,1024-152,0.15,0.0,0.95,0.95,0.15,0.025,0.0,0.740191,0.457958,1.064543
difficulty,1.5,1024,1024-153,0.041667,0.075,0.0,0.075,0.075,0.0,0.725,0.285746,0.459278,0.953248
difficulty,1.5,1024,1024-154,0.0,0.0,0.208333,0.208333,0.0,0.108333,0.0,0.816047,0.314119,1.499601
difficulty,1.5,1024,1024-155,0.0,0.0,0.816667,0.816667,0.0,0.033333,0.0,0.778422,0.416868,1.272852
difficulty,1.5,1024,1024-156,0.183333,0.691667,0.058333,0.75,0.733333,0.0,0.0,0.449215,0.495533,0.334768
difficulty,1.5,1024,1024-157,0.175,0.525,0.066667,0.591667,0.583333,0.0,0.0,0.433122,0.510327,0.398693
difficulty,1.5,1024,1024-158,0.875,0.241667,0.733333,0.975,0.875,0.008333,0.0,0.647792,0.559979,0.621045
difficulty,1.5,1024,1024-159,0.066667,0.075,0.041667,0.116667,0.116667,0.0,0.675,0.31188,0.426899,0.867227
difficulty,1.5,1024,1024-160,0.475,0.858333,0.116667,0.975,0.941667,0.0,0.0,0.50972,0.601396,0.229048
difficulty,1.5,1024,1024-161,0.008333,0.033333,0.0,0.033333,0.033333,0.0,0.916667,0.22417,0.348071,1.271394
difficulty,1.5,1024,1024-162,0.683333,0.85,0.133333,0.983333,0.966667,0.0,0.0,0.548459,0.551022,0.254819
difficulty,1.5,1024,1024-163,0.008333,0.0,0.908333,0.908333,0.008333,0.0,0.0,0.759141,0.473015,1.1557
difficulty,1.5,1024,1024-164,0.033333,0.075,0.008333,0.083333,0.083333,0.0,0.608333,0.296731,0.492758,0.899656
difficulty,1.5,1024,1024-165,0.108333,0.0,0.958333,0.958333,0.108333,0.008333,0.0,0.740355,0.458728,1.05623
difficulty,1.5,1024,1024-166,0.9,0.475,0.516667,0.991667,0.9,0.008333,0.0,0.610964,0.567143,0.461802
difficulty,1.5,1024,1024-167,0.841667,0.608333,0.358333,0.966667,0.908333,0.025,0.0,0.591481,0.614994,0.395345
difficulty,1.5,1024,1024-168,0.425,0.008333,0.933333,0.941667,0.425,0.008333,0.0,0.708839,0.494054,0.906402
difficulty,1.5,1024,1024-169,0.0,0.0,0.683333,0.683333,0.0,0.033333,0.0,0.791566,0.399203,1.342389
difficulty,1.5,1024,1024-170,0.041667,0.075,0.0,0.075,0.075,0.0,0.825,0.248295,0.416367,1.164667
difficulty,1.5,1024,1024-171,0.0,0.016667,0.0,0.016667,0.016667,0.0,0.975,0.183351,0.265273,1.52334
difficulty,1.5,1024,1024-172,0.891667,0.558333,0.425,0.983333,0.891667,0.016667,0.0,0.611433,0.499579,0.466214
difficulty,1.5,1024,1024-173,0.633333,0.783333,0.2,0.983333,0.933333,0.008333,0.0,0.549826,0.569169,0.278322
difficulty,1.5,1024,1024-174,0.025,0.083333,0.0,0.083333,0.083333,0.0,0.5,0.313546,0.430456,0.805909
difficulty,1.5,1024,1024-175,0.825,0.758333,0.216667,0.975,0.933333,0.008333,0.0,0.575671,0.545873,0.33078
difficulty,1.5,1024,1024-176,0.516667,0.025,0.925,0.95,0.516667,0.025,0.0,0.700075,0.518316,0.863426
difficulty,1.5,1024,1024-177,0.891667,0.225,0.725,0.95,0.891667,0.016667,0.0,0.644154,0.56495,0.611761
difficulty,1.5,1024,1024-178,0.516667,0.0,0.958333,0.958333,0.516667,0.016667,0.0,0.706423,0.446161,0.893763
difficulty,1.5,1024,1024-179,0.883333,0.441667,0.533333,0.975,0.9,0.016667,0.0,0.612893,0.578721,0.476693
difficulty,1.5,1024,1024-180,0.433333,0.875,0.058333,0.933333,0.925,0.0,0.0,0.509055,0.565617,0.24093
difficulty,1.5,1024,1024-181,0.083333,0.608333,0.025,0.633333,0.616667,0.0,0.0,0.424378,0.798692,0.38222
difficulty,1.5,1024,1024-182,0.616667,0.791667,0.2,0.991667,0.958333,0.0,0.0,0.539897,0.546196,0.275401
difficulty,1.5,1024,1024-183,0.741667,0.058333,0.866667,0.925,0.741667,0.041667,0.0,0.676894,0.479092,0.768823
difficulty,1.5,1024,1024-184,0.483333,0.008333,0.958333,0.966667,0.483333,0.016667,0.0,0.706456,0.483837,0.893331
difficulty,1.5,1024,1024-185,0.9,0.425,0.55,0.975,0.9,0.016667,0.0,0.621566,0.479046,0.509619
difficulty,1.5,1024,1024-186,0.1,0.633333,0.1,0.733333,0.675,0.0,0.0,0.453142,0.507797,0.372397
difficulty,1.5,1024,1024-187,0.0,0.0,0.0,0.0,0.0,1.0,0.0,0.882742,0.238365,2.029656
difficulty,1.5,1024,1024-188,0.925,0.308333,0.666667,0.975,0.925,0.008333,0.0,0.631628,0.543047,0.554232
difficulty,1.5,1024,1024-189,0.216667,0.666667,0.075,0.741667,0.708333,0.0,0.0,0.459545,0.538561,0.331084
difficulty,1.5,1024,1024-190,0.0,0.0,0.716667,0.716667,0.0,0.033333,0.0,0.789531,0.371374,1.332309
difficulty,1.5,1024,1024-191,0.341667,0.825,0.091667,0.916667,0.908333,0.0,0.0,0.492127,0.612019,0.250082
difficulty,1.5,1024,1024-192,0.733333,0.858333,0.133333,0.991667,0.983333,0.0,0.0,0.543615,0.558617,0.223147
difficulty,1.5,1024,1024-193,0.0,0.0,0.0,0.0,0.0,0.766667,0.0,0.861067,0.296966,1.833001
difficulty,1.5,1024,1024-194,0.25,0.808333,0.058333,0.866667,0.841667,0.0,0.0,0.479852,0.606002,0.277376
difficulty,1.5,1024,1024-195,0.275,0.708333,0.075,0.783333,0.75,0.0,0.0,0.473201,0.61291,0.32871
difficulty,1.5,1024,1024-196,0.0,0.0,0.466667,0.466667,0.0,0.041667,0.0,0.802382,0.377591,1.413245
difficulty,1.5,1024,1024-197,0.2,0.683333,0.058333,0.741667,0.716667,0.0,0.0,0.457854,0.486904,0.317711
difficulty,1.5,1024,1024-198,0.908333,0.533333,0.45,0.983333,0.925,0.008333,0.0,0.610365,0.546373,0.46265
difficulty,1.5,1024,1024-199,0.808333,0.016667,0.95,0.966667,0.808333,0.016667,0.0,0.674676,0.477287,0.745913
difficulty,1.5,2026,2026-0,0.466667,0.875,0.091667,0.966667,0.95,0.008333,0.0,0.511574,0.608267,0.228111
difficulty,1.5,2026,2026-1,0.366667,0.0,0.975,0.975,0.366667,0.0,0.0,0.712307,0.477297,0.914888
difficulty,1.5,2026,2026-2,0.025,0.075,0.0,0.075,0.075,0.0,0.783333,0.271961,0.399949,1.023613
difficulty,1.5,2026,2026-3,0.0,0.0,0.0,0.0,0.0,0.983333,0.0,0.872359,0.275493,1.929288
difficulty,1.5,2026,2026-4,0.0,0.0,0.808333,0.808333,0.0,0.025,0.0,0.779858,0.433188,1.277813
difficulty,1.5,2026,2026-5,0.9,0.35,0.6,0.95,0.9,0.0,0.0,0.6252,0.51808,0.526662
difficulty,1.5,2026,2026-6,0.875,0.45,0.5,0.95,0.875,0.033333,0.0,0.621706,0.576452,0.520372
difficulty,1.5,2026,2026-7,0.275,0.0,0.95,0.95,0.275,0.008333,0.0,0.727769,0.470358,0.994262
difficulty,1.5,2026,2026-8,0.891667,0.375,0.566667,0.941667,0.891667,0.041667,0.0,0.634813,0.612893,0.57507
difficulty,1.5,2026,2026-9,0.85,0.308333,0.675,0.983333,0.85,0.008333,0.0,0.642716,0.568865,0.603005
difficulty,1.5,2026,2026-10,0.0,0.0,0.683333,0.683333,0.0,0.0,0.0,0.788296,0.406073,1.320808
difficulty,1.5,2026,2026-11,0.016667,0.0,0.875,0.875,0.016667,0.05,0.0,0.762999,0.41492,1.190537
difficulty,1.5,2026,2026-12,0.8,0.108333,0.858333,0.966667,0.8,0.025,0.0,0.6623,0.511405,0.688637
difficulty,1.5,2026,2026-13,0.85,0.141667,0.841667,0.983333,0.85,0.008333,0.0,0.654579,0.543457,0.65096
difficulty,1.5,2026,2026-14,0.458333,0.0,0.966667,0.966667,0.458333,0.025,0.0,0.707719,0.494301,0.90113
difficulty,1.5,2026,2026-15,0.658333,0.858333,0.116667,0.975,0.95,0.008333,0.0,0.550418,0.668759,0.27141
difficulty,1.5,2026,2026-16,0.958333,0.583333,0.383333,0.966667,0.966667,0.016667,0.0,0.593776,0.550166,0.392485
difficulty,1.5,2026,2026-17,0.016667,0.0,0.925,0.925,0.016667,0.033333,0.0,0.760075,0.456735,1.164886
difficulty,1.5,2026,2026-18,0.825,0.191667,0.758333,0.95,0.825,0.025,0.0,0.657238,0.518471,0.671877
difficulty,1.5,2026,2026-19,0.083333,0.241667,0.05,0.291667,0.291667,0.0,0.141667,0.378778,0.642923,0.575364
difficulty,1.5,2026,2026-20,0.883333,0.725,0.241667,0.966667,0.941667,0.008333,0.0,0.58038,0.578067,0.342547
difficulty,1.5,2026,2026-21,0.0,0.0,0.783333,0.783333,0.0,0.033333,0.0,0.780863,0.399285,1.28573
difficulty,1.5,2026,2026-22,0.858333,0.266667,0.716667,0.983333,0.858333,0.0,0.0,0.63895,0.564851,0.583092
difficulty,1.5,2026,2026-23,0.908333,0.233333,0.758333,0.991667,0.908333,0.008333,0.0,0.639898,0.629833,0.583696
difficulty,1.5,2026,2026-24,0.0,0.0,0.858333,0.858333,0.0,0.025,0.0,0.777466,0.397533,1.264056
difficulty,1.5,2026,2026-25,0.0,0.0,0.0,0.0,0.0,1.0,0.0,0.907914,0.204414,2.292823
difficulty,1.5,2026,2026-26,0.6,0.883333,0.116667,1.0,0.975,0.0,0.0,0.524645,0.568345,0.2194
difficulty,1.5,2026,2026-27,0.0,0.0,0.0,0.0,0.0,0.908333,0.0,0.865916,0.286164,1.872262
difficulty,1.5,2026,2026-28,0.1,0.475,0.066667,0.541667,0.516667,0.0,0.0,0.424315,0.541346,0.443641
difficulty,1.5,2026,2026-29,0.533333,0.0,0.966667,0.966667,0.533333,0.0,0.0,0.702267,0.506867,0.868809
difficulty,1.5,2026,2026-30,0.141667,0.558333,0.083333,0.641667,0.608333,0.0,0.0,0.439344,0.504456,0.404419
difficulty,1.5,2026,2026-31,0.0,0.0,0.0,0.0,0.0,0.95,0.0,0.868147,0.254586,1.894268
difficulty,1.5,2026,2026-32,0.0,0.0,0.375,0.375,0.0,0.033333,0.0,0.807621,0.381712,1.443261
difficulty,1.5,2026,2026-33,0.0,0.0,0.0,0.0,0.0,0.325,0.0,0.845578,0.294478,1.715228
difficulty,1.5,2026,2026-34,0.316667,0.883333,0.091667,0.975,0.95,0.0,0.0,0.489306,0.552407,0.244461
difficulty,1.5,2026,2026-35,0.0,0.0,0.758333,0.758333,0.0,0.016667,0.0,0.781808,0.430574,1.284466
difficulty,1.5,2026,2026-36,0.766667,0.775,0.216667,0.991667,0.941667,0.0,0.0,0.565662,0.575161,0.292715
difficulty,1.5,2026,2026-37,0.908333,0.691667,0.275,0.966667,0.95,0.0,0.0,0.583258,0.535918,0.34841
difficulty,1.5,2026,2026-38,0.016667,0.0,0.916667,0.916667,0.016667,0.041667,0.0,0.75878,0.469951,1.162665
difficulty,1.5,2026,2026-39,0.0,0.0,0.383333,0.383333,0.0,0.041667,0.0,0.809845,0.368454,1.456963
difficulty,1.5,2026,2026-40,0.425,0.0,0.95,0.95,0.425,0.008333,0.0,0.711776,0.466608,0.915604
difficulty,1.5,2026,2026-41,0.725,0.758333,0.225,0.983333,0.925,0.0,0.0,0.561958,0.522109,0.296942
difficulty,1.5,2026,2026-42,0.533333,0.791667,0.191667,0.983333,0.966667,0.008333,0.0,0.526315,0.621175,0.285549
difficulty,1.5,2026,2026-43,0.0,0.0,0.0,0.0,0.0,0.983333,0.0,0.876681,0.259656,1.971437
difficulty,1.5,2026,2026-44,0.008333,0.0,0.9,0.9,0.008333,0.008333,0.0,0.769805,0.443108,1.214132
difficulty,1.5,2026,2026-45,0.0,0.0,0.666667,0.666667,0.0,0.033333,0.0,0.791971,0.389214,1.349984
difficulty,1.5,2026,2026-46,0.0,0.0,0.0,0.0,0.0,1.0,0.0,0.93212,0.146363,2.629273
difficulty,1.5,2026,2026-47,0.458333,0.908333,0.083333,0.991667,0.966667,0.0,0.0,0.502956,0.628068,0.225523
difficulty,1.5,2026,2026-48,0.0,0.0,0.0,0.0,0.0,1.0,0.0,0.949946,0.116086,2.946623
difficulty,1.5,2026,2026-49,0.0,0.0,0.0,0.0,0.0,1.0,0.0,0.971318,0.066554,3.525657
difficulty,1.5,2026,2026-50,0.0,0.0,0.0,0.0,0.0,1.0,0.0,0.890451,0.239213,2.099408
difficulty,1.5,2026,2026-51,0.0,0.0,0.441667,0.441667,0.0,0.041667,0.0,0.805592,0.378694,1.433825
difficulty,1.5,2026,2026-52,0.6,0.858333,0.125,0.983333,0.958333,0.0,0.0,0.532974,0.633975,0.230009
difficulty,1.5,2026,2026-53,0.0,0.0,0.075,0.075,0.0,0.066667,0.0,0.825194,0.354675,1.557676
difficulty,1.5,2026,2026-54,0.858333,0.608333,0.366667,0.975,0.916667,0.0,0.0,0.591193,0.574173,0.387026
difficulty,1.5,2026,2026-55,0.725,0.05,0.908333,0.958333,0.725,0.033333,0.0,0.675551,0.493923,0.756637
difficulty,1.5,2026,2026-56,0.908333,0.458333,0.516667,0.975,0.908333,0.016667,0.0,0.616261,0.567903,0.486833
difficulty,1.5,2026,2026-57,0.266667,0.0,0.983333,0.983333,0.266667,0.0,0.0,0.723468,0.504548,0.96875
difficulty,1.5,2026,2026-58,0.0,0.0,0.0,0.0,0.0,0.683333,0.0,0.859448,0.284951,1.82379
difficulty,1.5,2026,2026-59,0.758333,0.775,0.216667,0.991667,0.95,0.0,0.0,0.560218,0.563898,0.280233
difficulty,1.5,2026,2026-60,0.316667,0.75,0.108333,0.858333,0.825,0.0,0.0,0.486134,0.62716,0.2926
difficulty,1.5,2026,2026-61,0.208333,0.758333,0.041667,0.8,0.783333,0.0,0.0,0.460544,0.600461,0.273069
difficulty,1.5,2026,2026-62,0.241667,0.833333,0.05,0.883333,0.85,0.0,0.0,0.475005,0.554439,0.263386
difficulty,1.5,2026,2026-63,0.066667,0.216667,0.033333,0.25,0.241667,0.0,0.141667,0.371744,0.420411,0.588643
difficulty,1.5,2026,2026-64,0.35,0.766667,0.15,0.916667,0.85,0.0,0.0,0.504828,0.585324,0.286818
difficulty,1.5,2026,2026-65,0.0,0.0,0.0,0.0,0.0,0.8,0.0,0.861016,0.284106,1.828433
difficulty,1.5,2026,2026-66,0.791667,0.791667,0.2,0.991667,0.958333,0.0,0.0,0.561046,0.661699,0.298169
difficulty,1.5,2026,2026-67,0.333333,0.0,0.958333,0.958333,0.333333,0.0,0.0,0.719554,0.497977,0.951444
difficulty,1.5,2026,2026-68,0.075,0.525,0.041667,0.566667,0.541667,0.0,0.0,0.419685,0.587761,0.41914
difficulty,1.5,2026,2026-69,0.475,0.0,0.975,0.975,0.475,0.008333,0.0,0.705168,0.559126,0.883225
difficulty,1.5,2026,2026-70,0.033333,0.108333,0.0,0.108333,0.108333,0.0,0.558333,0.306597,0.528352,0.847997
difficulty,1.5,2026,2026-71,0.633333,0.866667,0.125,0.991667,0.966667,0.0,0.0,0.531685,0.631019,0.231606
difficulty,1.5,2026,2026-72,0.0,0.0,0.0,0.0,0.0,1.0,0.0,0.936742,0.135898,2.701898
difficulty,1.5,2026,2026-73,0.733333,0.75,0.225,0.975,0.958333,0.008333,0.0,0.564581,0.533626,0.313794
difficulty,1.5,2026,2026-74,0.0,0.0,0.025,0.025,0.0,0.25,0.0,0.841985,0.296283,1.680237
difficulty,1.5,2026,2026-75,0.058333,0.0,0.958333,0.958333,0.058333,0.008333,0.0,0.748899,0.479228,1.102691
difficulty,1.5,2026,2026-76,0.883333,0.225,0.766667,0.991667,0.883333,0.0,0.0,0.641985,0.560303,0.593006
difficulty,1.5,2026,2026-77,0.683333,0.8,0.191667,0.991667,0.975,0.008333,0.0,0.542791,0.632079,0.256413
difficulty,1.5,2026,2026-78,0.0,0.0,0.0,0.0,0.0,0.775,0.0,0.861834,0.271221,1.843559
difficulty,1.5,2026,2026-79,0.85,0.258333,0.741667,1.0,0.85,0.0,0.0,0.646412,0.570627,0.614698
difficulty,1.5,2026,2026-80,0.0,0.0,0.0,0.0,0.0,1.0,0.0,0.881405,0.261132,2.010598
difficulty,1.5,2026,2026-81,0.55,0.866667,0.108333,0.975,0.95,0.008333,0.0,0.532546,0.553228,0.262239
difficulty,1.5,2026,2026-82,0.733333,0.0,0.941667,0.941667,0.733333,0.041667,0.0,0.684968,0.485597,0.798643
difficulty,1.5,2026,2026-83,0.041667,0.0,0.958333,0.958333,0.041667,0.016667,0.0,0.751611,0.435226,1.119183
difficulty,1.5,2026,2026-84,0.158333,0.0,0.925,0.925,0.158333,0.016667,0.0,0.738665,0.451324,1.052746
difficulty,1.5,2026,2026-85,0.066667,0.425,0.066667,0.491667,0.475,0.0,0.0,0.414808,0.585546,0.457063
difficulty,1.5,2026,2026-86,0.641667,0.933333,0.066667,1.0,0.983333,0.0,0.0,0.523617,0.494035,0.174172
difficulty,1.5,2026,2026-87,0.8,0.266667,0.658333,0.925,0.8,0.016667,0.0,0.652266,0.485853,0.653371
difficulty,1.5,2026,2026-88,0.416667,0.8,0.141667,0.941667,0.908333,0.0,0.0,0.509011,0.592048,0.265738
difficulty,1.5,2026,2026-89,0.0,0.0,0.775,0.775,0.0,0.008333,0.0,0.780536,0.426985,1.276842
difficulty,1.5,2026,2026-90,0.0,0.0,0.875,0.875,0.0,0.041667,0.0,0.772523,0.429986,1.237612
difficulty,1.5,2026,2026-91,0.05,0.075,0.0,0.075,0.075,0.0,0.866667,0.258672,0.432479,1.108293
difficulty,1.5,2026,2026-92,0.066667,0.1,0.016667,0.116667,0.116667,0.0,0.616667,0.311793,0.579601,0.860792
difficulty,1.5,2026,2026-93,0.091667,0.383333,0.066667,0.45,0.416667,0.0,0.041667,0.410402,0.510815,0.497749
difficulty,1.5,2026,2026-94,0.525,0.0,0.925,0.925,0.525,0.008333,0.0,0.701146,0.489226,0.86975
difficulty,1.5,2026,2026-95,0.0,0.0,0.0,0.0,0.0,1.0,0.0,0.922386,0.175721,2.480176
difficulty,1.5,2026,2026-96,0.925,0.491667,0.5,0.991667,0.933333,0.008333,0.0,0.600442,0.573881,0.41831
difficulty,1.5,2026,2026-97,0.358333,0.0,0.941667,0.941667,0.358333,0.025,0.0,0.716151,0.478845,0.941853
difficulty,1.5,2026,2026-98,0.191667,0.708333,0.041667,0.75,0.741667,0.0,0.0,0.454525,0.593045,0.310693
difficulty,1.5,2026,2026-99,0.233333,0.7,0.033333,0.733333,0.716667,0.0,0.0,0.452665,0.566977,0.311841
difficulty,1.5,2026,2026-100,0.025,0.05,0.0,0.05,0.05,0.0,0.866667,0.254043,0.401093,1.11104
difficulty,1.5,2026,2026-101,0.783333,0.091667,0.875,0.966667,0.783333,0.025,0.0,0.671342,0.544719,0.737627
difficulty,1.5,2026,2026-102,0.0,0.0,0.166667,0.166667,0.0,0.058333,0.0,0.820434,0.342874,1.525447
difficulty,1.5,2026,2026-103,0.925,0.466667,0.525,0.991667,0.925,0.008333,0.0,0.607469,0.583279,0.445993
difficulty,1.5,2026,2026-104,0.0,0.0,0.0,0.0,0.0,0.991667,0.0,0.872901,0.251966,1.938612
difficulty,1.5,2026,2026-105,0.475,0.0,0.983333,0.983333,0.475,0.008333,0.0,0.708288,0.491544,0.897904
difficulty,1.5,2026,2026-106,0.858333,0.075,0.908333,0.983333,0.858333,0.008333,0.0,0.66574,0.519422,0.698412
difficulty,1.5,2026,2026-107,0.008333,0.0,0.825,0.825,0.008333,0.058333,0.0,0.768701,0.391735,1.221401
difficulty,1.5,2026,2026-108,0.025,0.0,0.908333,0.908333,0.025,0.025,0.0,0.75463,0.415746,1.133247
difficulty,1.5,2026,2026-109,0.0,0.0,0.0,0.0,0.0,0.325,0.0,0.841408,0.321601,1.674201
difficulty,1.5,2026,2026-110,0.466667,0.891667,0.091667,0.983333,0.95,0.0,0.0,0.514212,0.57163,0.222338
difficulty,1.5,2026,2026-111,0.0,0.083333,0.0,0.083333,0.083333,0.0,0.883333,0.211507,0.26624,1.369711
difficulty,1.5,2026,2026-112,0.583333,0.008333,0.925,0.933333,0.583333,0.033333,0.0,0.698144,0.501771,0.857572
difficulty,1.5,2026,2026-113,0.666667,0.825,0.15,0.975,0.958333,0.0,0.0,0.546591,0.563613,0.258684
difficulty,1.5,2026,2026-114,0.85,0.1,0.883333,0.983333,0.85,0.016667,0.0,0.666042,0.555689,0.705941
difficulty,1.5,2026,2026-115,0.0,0.0,0.0,0.0,0.0,1.0,0.0,0.894649,0.223024,2.143269
difficulty,1.5,2026,2026-116,0.141667,0.683333,0.041667,0.725,0.708333,0.0,0.0,0.441618,0.554014,0.340242
difficulty,1.5,2026,2026-117,0.0,0.0,0.533333,0.533333,0.0,0.016667,0.0,0.794412,0.402952,1.358664
difficulty,1.5,2026,2026-118,0.0,0.0,0.125,0.125,0.0,0.075,0.0,0.824452,0.346859,1.562506
difficulty,1.5,2026,2026-119,0.066667,0.0,0.933333,0.933333,0.066667,0.016667,0.0,0.751481,0.442624,1.120007
difficulty,1.5,2026,2026-120,0.0,0.0,0.025,0.025,0.0,0.258333,0.0,0.841115,0.295109,1.68473
difficulty,1.5,2026,2026-121,0.833333,0.633333,0.366667,1.0,0.9,0.0,0.0,0.586346,0.617121,0.365412
difficulty,1.5,2026,2026-122,0.691667,0.875,0.116667,0.991667,0.983333,0.008333,0.0,0.539172,0.740945,0.250666
difficulty,1.5,2026,2026-123,0.0,0.0,0.008333,0.008333,0.0,0.175,0.0,0.833122,0.344765,1.619122
difficulty,1.5,2026,2026-124,0.0,0.0,0.525,0.525,0.0,0.025,0.0,0.793864,0.395255,1.358245
difficulty,1.5,2026,2026-125,0.0,0.0,0.0,0.0,0.0,0.95,0.0,0.870613,0.262807,1.913677
difficulty,1.5,2026,2026-126,0.4,0.0,0.95,0.95,0.4,0.008333,0.0,0.711985,0.485413,0.917128
difficulty,1.5,2026,2026-127,0.0,0.0,0.0,0.0,0.0,1.0,0.0,0.890682,0.239809,2.100988
difficulty,1.5,2026,2026-128,0.958333,0.45,0.533333,0.983333,0.958333,0.0,0.0,0.611185,0.565457,0.459292
difficulty,1.5,2026,2026-129,0.158333,0.616667,0.066667,0.683333,0.658333,0.0,0.0,0.451584,0.561564,0.367523
difficulty,1.5,2026,2026-130,0.033333,0.041667,0.0,0.041667,0.041667,0.0,0.85,0.237283,0.3493,1.213528
difficulty,1.5,2026,2026-131,0.15,0.683333,0.041667,0.725,0.708333,0.0,0.0,0.448439,0.626285,0.317612
difficulty,1.5,2026,2026-132,0.0,0.0,0.466667,0.466667,0.0,0.1,0.0,0.808037,0.363663,1.462594
difficulty,1.5,2026,2026-133,0.033333,0.208333,0.016667,0.225,0.216667,0.0,0.208333,0.356742,0.482436,0.630055
difficulty,1.5,2026,2026-134,0.9,0.683333,0.291667,0.975,0.95,0.0,0.0,0.581201,0.532113,0.344428
difficulty,1.5,2026,2026-135,0.0,0.0,0.0,0.0,0.0,1.0,0.0,0.927044,0.163469,2.547668
difficulty,1.5,2026,2026-136,0.0,0.0,0.375,0.375,0.0,0.066667,0.0,0.808733,0.343951,1.45124
difficulty,1.5,2026,2026-137,0.0,0.0,0.0,0.0,0.0,1.0,0.0,0.906409,0.198188,2.285435
difficulty,1.5,2026,2026-138,0.3,0.725,0.066667,0.791667,0.766667,0.0,0.0,0.478245,0.629359,0.291782
difficulty,1.5,2026,2026-139,0.0,0.008333,0.0,0.008333,0.008333,0.0,0.983333,0.171495,0.421611,1.606876
difficulty,1.5,2026,2026-140,0.0,0.0,0.0,0.0,0.0,1.0,0.0,0.882543,0.254488,2.029878
difficulty,1.5,2026,2026-141,0.058333,0.241667,0.016667,0.258333,0.258333,0.0,0.108333,0.371538,0.57925,0.573676
difficulty,1.5,2026,2026-142,0.616667,0.008333,0.975,0.983333,0.616667,0.016667,0.0,0.688513,0.53915,0.808358
difficulty,1.5,2026,2026-143,0.358333,0.0,0.941667,0.941667,0.358333,0.025,0.0,0.716057,0.4986,0.939046
difficulty,1.5,2026,2026-144,0.258333,0.841667,0.041667,0.883333,0.866667,0.0,0.0,0.475908,0.449277,0.271718
difficulty,1.5,2026,2026-145,0.0,0.0,0.0,0.0,0.0,1.0,0.0,0.887174,0.222167,2.071735
difficulty,1.5,2026,2026-146,0.0,0.0,0.0,0.0,0.0,1.0,0.0,0.884148,0.254642,2.043804
difficulty,1.5,2026,2026-147,0.0,0.0,0.916667,0.916667,0.0,0.041667,0.0,0.763846,0.447144,1.189029
difficulty,1.5,2026,2026-148,0.8,0.041667,0.95,0.991667,0.8,0.0,0.0,0.666116,0.550822,0.698059
difficulty,1.5,2026,2026-149,0.45,0.0,0.95,0.95,0.45,0.025,0.0,0.71017,0.490025,0.911445
difficulty,1.5,2026,2026-150,0.158333,0.633333,0.058333,0.691667,0.666667,0.0,0.0,0.448688,0.626643,0.342577
difficulty,1.5,2026,2026-151,0.916667,0.4,0.583333,0.983333,0.916667,0.016667,0.0,0.621199,0.563593,0.505676
difficulty,1.5,2026,2026-152,0.8,0.141667,0.841667,0.983333,0.8,0.0,0.0,0.65884,0.514954,0.670317
difficulty,1.5,2026,2026-153,0.475,0.808333,0.133333,0.941667,0.9,0.0,0.0,0.510469,0.637328,0.258087
difficulty,1.5,2026,2026-154,0.0,0.0,0.375,0.375,0.0,0.041667,0.0,0.809488,0.371082,1.459611
difficulty,1.5,2026,2026-155,0.033333,0.208333,0.025,0.233333,0.216667,0.0,0.141667,0.372447,0.600961,0.587677
difficulty,1.5,2026,2026-156,0.908333,0.708333,0.266667,0.975,0.941667,0.008333,0.0,0.582917,0.500394,0.350693
difficulty,1.5,2026,2026-157,0.008333,0.05,0.0,0.05,0.05,0.0,0.891667,0.214992,0.354938,1.340238
difficulty,1.5,2026,2026-158,0.025,0.0,0.933333,0.933333,0.025,0.008333,0.0,0.755362,0.4383,1.138242
difficulty,1.5,2026,2026-159,0.0,0.0,0.575,0.575,0.0,0.05,0.0,0.796019,0.353419,1.375169
difficulty,1.5,2026,2026-160,0.0,0.0,0.8,0.8,0.0,0.041667,0.0,0.779709,0.412108,1.277335
difficulty,1.5,2026,2026-161,0.0,0.0,0.0,0.0,0.0,1.0,0.0,0.964485,0.083139,3.303239
difficulty,1.5,2026,2026-162,0.0,0.0,0.175,0.175,0.0,0.091667,0.0,0.820479,0.338529,1.527901
difficulty,1.5,2026,2026-163,0.333333,0.841667,0.041667,0.883333,0.875,0.0,0.0,0.479082,0.613702,0.230016
difficulty,1.5,2026,2026-164,0.0,0.0,0.0,0.0,0.0,1.0,0.0,0.954777,0.105758,3.051605
difficulty,1.5,2026,2026-165,0.225,0.833333,0.058333,0.891667,0.858333,0.0,0.0,0.477591,0.584178,0.248651
difficulty,1.5,2026,2026-166,0.0,0.0,0.55,0.55,0.0,0.008333,0.0,0.797225,0.385234,1.375928
difficulty,1.5,2026,2026-167,0.0,0.0,0.541667,0.541667,0.0,0.016667,0.0,0.793683,0.413663,1.358034
difficulty,1.5,2026,2026-168,0.325,0.833333,0.1,0.933333,0.908333,0.0,0.0,0.494033,0.530799,0.251402
difficulty,1.5,2026,2026-169,0.0,0.0,0.0,0.0,0.0,0.916667,0.0,0.872069,0.2612,1.929785
difficulty,1.5,2026,2026-170,0.175,0.0,0.933333,0.933333,0.175,0.0,0.0,0.736363,0.472822,1.036725
difficulty,1.5,2026,2026-171,0.0,0.0,0.858333,0.858333,0.0,0.016667,0.0,0.767965,0.418655,1.206473
difficulty,1.5,2026,2026-172,0.641667,0.85,0.125,0.975,0.941667,0.008333,0.0,0.545738,0.628496,0.267056
difficulty,1.5,2026,2026-173,0.0,0.0,0.0,0.0,0.0,0.741667,0.0,0.858678,0.30921,1.808963
difficulty,1.5,2026,2026-174,0.45,0.833333,0.108333,0.941667,0.916667,0.0,0.0,0.504679,0.652126,0.245161
difficulty,1.5,2026,2026-175,0.025,0.091667,0.008333,0.1,0.1,0.0,0.716667,0.287206,0.400808,0.935758
difficulty,1.5,2026,2026-176,0.0,0.0,0.0,0.0,0.0,0.966667,0.0,0.873138,0.272939,1.934295
difficulty,1.5,2026,2026-177,0.891667,0.575,0.4,0.975,0.925,0.016667,0.0,0.593256,0.600316,0.393965
difficulty,1.5,2026,2026-178,0.683333,0.0,0.975,0.975,0.683333,0.008333,0.0,0.680454,0.515639,0.766447
difficulty,1.5,2026,2026-179,0.0,0.0,0.0,0.0,0.0,1.0,0.0,0.916645,0.176638,2.414883
difficulty,1.5,2026,2026-180,0.0,0.0,0.0,0.0,0.0,0.358333,0.0,0.842898,0.334575,1.684549
difficulty,1.5,2026,2026-181,0.0,0.0,0.816667,0.816667,0.0,0.025,0.0,0.775424,0.432359,1.24947
difficulty,1.5,2026,2026-182,0.0,0.0,0.0,0.0,0.0,0.166667,0.0,0.835398,0.334129,1.629653
difficulty,1.5,2026,2026-183,0.516667,0.9,0.091667,0.991667,0.95,0.0,0.0,0.526,0.576121,0.231194
difficulty,1.5,2026,2026-184,0.0,0.0,0.658333,0.658333,0.0,0.008333,0.0,0.790422,0.407597,1.333353
difficulty,1.5,2026,2026-185,0.0,0.0,0.025,0.025,0.0,0.283333,0.0,0.839854,0.319037,1.666169
difficulty,1.5,2026,2026-186,0.0,0.0,0.575,0.575,0.0,0.05,0.0,0.797274,0.395295,1.379703
difficulty,1.5,2026,2026-187,0.858333,0.291667,0.675,0.966667,0.858333,0.016667,0.0,0.639845,0.493415,0.593387
difficulty,1.5,2026,2026-188,0.0,0.0,0.0,0.0,0.0,0.0,1.0,0.061937,0.149098,2.820968
difficulty,1.5,2026,2026-189,0.0,0.0,0.883333,0.883333,0.0,0.016667,0.0,0.768554,0.413506,1.21346
difficulty,1.5,2026,2026-190,0.591667,0.0,0.975,0.975,0.591667,0.008333,0.0,0.693894,0.509769,0.828908
difficulty,1.5,2026,2026-191,0.933333,0.475,0.508333,0.983333,0.933333,0.016667,0.0,0.607558,0.433192,0.448462
difficulty,1.5,2026,2026-192,0.0,0.0,0.516667,0.516667,0.0,0.05,0.0,0.800672,0.385382,1.400322
difficulty,1.5,2026,2026-193,0.375,0.0,0.975,0.975,0.375,0.008333,0.0,0.717585,0.53765,0.945504
difficulty,1.5,2026,2026-194,0.425,0.0,0.908333,0.908333,0.425,0.033333,0.0,0.71776,0.480769,0.95365
difficulty,1.5,2026,2026-195,0.058333,0.175,0.041667,0.216667,0.208333,0.0,0.25,0.364213,0.480918,0.643608
difficulty,1.5,2026,2026-196,0.066667,0.216667,0.016667,0.233333,0.233333,0.0,0.258333,0.358916,0.470013,0.633432
difficulty,1.5,2026,2026-197,0.175,0.0,0.95,0.95,0.175,0.016667,0.0,0.73579,0.419459,1.03296
difficulty,1.5,2026,2026-198,0.666667,0.016667,0.966667,0.983333,0.666667,0.008333,0.0,0.685243,0.492839,0.789009
difficulty,1.5,2026,2026-199,0.575,0.0,0.983333,0.983333,0.575,0.0,0.0,0.696261,0.489688,0.838121
