rule,alpha,seed,student,zpd,zpd_40_60,zpd_60_80,zpd_40_80,zpd_40_70,bored,frustr,mean_p,gain,track
volkan,0.0,42,42-0,0.558333,0.541667,0.391667,0.933333,0.825,0.0,0.0,0.56048,0.56,0.417253
volkan,0.0,42,42-1,0.0,0.05,0.0,0.05,0.05,0.0,0.716667,0.242108,-1.28,1.20839
volkan,0.0,42,42-2,0.491667,0.275,0.558333,0.833333,0.533333,0.033333,0.0,0.679144,0.48,0.804475
volkan,0.0,42,42-3,0.391667,0.141667,0.566667,0.708333,0.433333,0.15,0.0,0.72191,1.04,1.039419
volkan,0.0,42,42-4,0.0,0.0,0.0,0.0,0.0,0.0,1.0,0.104821,-1.68,2.264535
volkan,0.0,42,42-5,0.0,0.0,0.0,0.0,0.0,0.0,0.891667,0.191157,-1.44,1.527504
volkan,0.0,42,42-6,0.541667,0.516667,0.341667,0.858333,0.8,0.0,0.0,0.538783,-0.2,0.3982
volkan,0.0,42,42-7,0.208333,0.433333,0.025,0.458333,0.458333,0.0,0.258333,0.390029,-0.8,0.565309
volkan,0.0,42,42-8,0.416667,0.525,0.15,0.675,0.675,0.0,0.066667,0.467765,-0.4,0.41097
volkan,0.0,42,42-9,0.008333,0.091667,0.0,0.091667,0.091667,0.0,0.625,0.273418,-1.0,1.028207
volkan,0.0,42,42-10,0.441667,0.216667,0.6,0.816667,0.483333,0.083333,0.0,0.700252,1.16,0.915063
volkan,0.0,42,42-11,0.508333,0.266667,0.591667,0.858333,0.566667,0.025,0.0,0.674004,0.96,0.775852
volkan,0.0,42,42-12,0.475,0.483333,0.291667,0.775,0.691667,0.0,0.033333,0.515557,0.08,0.445298
volkan,0.0,42,42-13,0.3,0.091667,0.641667,0.733333,0.3,0.125,0.0,0.741299,1.2,1.111101
volkan,0.0,42,42-14,0.55,0.483333,0.491667,0.975,0.758333,0.0,0.0,0.59991,0.72,0.528575
volkan,0.0,42,42-15,0.0,0.1,0.0,0.1,0.1,0.0,0.666667,0.266173,-1.36,1.080607
volkan,0.0,42,42-16,0.55,0.491667,0.475,0.966667,0.775,0.0,0.0,0.591895,0.24,0.497492
volkan,0.0,42,42-17,0.0,0.066667,0.0,0.066667,0.066667,0.0,0.65,0.266137,-1.08,1.065378
volkan,0.0,42,42-18,0.516667,0.166667,0.666667,0.833333,0.525,0.016667,0.0,0.69085,0.92,0.843208
volkan,0.0,42,42-19,0.466667,0.616667,0.166667,0.783333,0.783333,0.0,0.016667,0.489791,-0.48,0.377619
volkan,0.0,42,42-20,0.358333,0.516667,0.083333,0.6,0.6,0.0,0.133333,0.44229,-0.0,0.425731
volkan,0.0,42,42-21,0.025,0.233333,0.0,0.233333,0.233333,0.0,0.458333,0.313027,-1.0,0.836676
volkan,0.0,42,42-22,0.233333,0.025,0.683333,0.708333,0.233333,0.15,0.0,0.758881,1.28,1.200668
volkan,0.0,42,42-23,0.408333,0.475,0.191667,0.666667,0.666667,0.0,0.066667,0.467982,0.0,0.424293
volkan,0.0,42,42-24,0.108333,0.408333,0.008333,0.416667,0.416667,0.0,0.291667,0.367529,-0.84,0.601727
volkan,0.0,42,42-25,0.158333,0.45,0.016667,0.466667,0.466667,0.0,0.275,0.38468,-0.68,0.56961
volkan,0.0,42,42-26,0.575,0.458333,0.475,0.933333,0.733333,0.008333,0.0,0.62609,0.8,0.592039
volkan,0.0,42,42-27,0.566667,0.475,0.45,0.925,0.75,0.0,0.0,0.591268,0.16,0.510568
volkan,0.0,42,42-28,0.55,0.475,0.491667,0.966667,0.758333,0.0,0.0,0.601767,0.2,0.519246
volkan,0.0,42,42-29,0.566667,0.475,0.491667,0.966667,0.775,0.0,0.0,0.60081,0.52,0.506873
volkan,0.0,42,42-30,0.0,0.0,0.116667,0.116667,0.0,0.733333,0.0,0.885625,1.96,2.179222
volkan,0.0,42,42-31,0.225,0.516667,0.008333,0.525,0.525,0.0,0.166667,0.407562,-0.32,0.484975
volkan,0.0,42,42-32,0.133333,0.433333,0.0,0.433333,0.433333,0.0,0.266667,0.37885,-0.56,0.546245
volkan,0.0,42,42-33,0.008333,0.116667,0.0,0.116667,0.116667,0.0,0.633333,0.271676,-1.36,1.043164
volkan,0.0,42,42-34,0.583333,0.45,0.508333,0.958333,0.741667,0.0,0.0,0.620707,0.76,0.560985
volkan,0.0,42,42-35,0.325,0.091667,0.591667,0.683333,0.325,0.175,0.0,0.74896,1.0,1.162979
volkan,0.0,42,42-36,0.408333,0.508333,0.15,0.658333,0.658333,0.0,0.041667,0.464512,0.08,0.408308
volkan,0.0,42,42-37,0.0,0.216667,0.0,0.216667,0.216667,0.0,0.475,0.307473,-0.84,0.853177
volkan,0.0,42,42-38,0.008333,0.141667,0.0,0.141667,0.141667,0.0,0.516667,0.297904,-0.72,0.898837
volkan,0.0,42,42-39,0.591667,0.333333,0.575,0.908333,0.691667,0.016667,0.0,0.649578,1.04,0.682164
volkan,0.0,42,42-40,0.508333,0.275,0.575,0.85,0.566667,0.066667,0.0,0.678602,0.84,0.815446
volkan,0.0,42,42-41,0.541667,0.441667,0.508333,0.95,0.7,0.008333,0.0,0.622743,0.68,0.591023
volkan,0.0,42,42-42,0.05,0.258333,0.0,0.258333,0.258333,0.0,0.45,0.32193,-1.0,0.79539
volkan,0.0,42,42-43,0.483333,0.541667,0.358333,0.9,0.825,0.0,0.0,0.538432,0.64,0.391711
volkan,0.0,42,42-44,0.475,0.558333,0.291667,0.85,0.758333,0.0,0.0,0.528722,0.36,0.421285
volkan,0.0,42,42-45,0.516667,0.558333,0.308333,0.866667,0.808333,0.0,0.0,0.532599,0.28,0.39966
volkan,0.0,42,42-46,0.533333,0.208333,0.65,0.858333,0.55,0.008333,0.0,0.687491,0.88,0.828889
volkan,0.0,42,42-47,0.475,0.508333,0.366667,0.875,0.741667,0.0,0.0,0.550462,0.16,0.443117
volkan,0.0,42,42-48,0.55,0.316667,0.591667,0.908333,0.625,0.041667,0.0,0.65781,0.68,0.709694
volkan,0.0,42,42-49,0.466667,0.541667,0.266667,0.808333,0.741667,0.0,0.0,0.516428,0.4,0.423851
volkan,0.0,42,42-50,0.516667,0.533333,0.4,0.933333,0.8,0.0,0.0,0.562446,0.4,0.435742
volkan,0.0,42,42-51,0.616667,0.433333,0.508333,0.941667,0.708333,0.008333,0.0,0.632944,0.64,0.601342
volkan,0.0,42,42-52,0.0,0.0,0.0,0.0,0.0,0.0,0.958333,0.154379,-1.72,1.832354
volkan,0.0,42,42-53,0.258333,0.533333,0.0,0.533333,0.533333,0.0,0.15,0.416823,-0.24,0.449715
volkan,0.0,42,42-54,0.15,0.433333,0.0,0.433333,0.433333,0.0,0.266667,0.376796,-0.6,0.580069
volkan,0.0,42,42-55,0.075,0.3,0.0,0.3,0.3,0.0,0.391667,0.335043,-0.72,0.736997
volkan,0.0,42,42-56,0.308333,0.55,0.025,0.575,0.575,0.0,0.166667,0.423193,-0.64,0.44685
volkan,0.0,42,42-57,0.108333,0.0,0.441667,0.441667,0.108333,0.316667,0.0,0.803404,0.96,1.478552
volkan,0.0,42,42-58,0.0,0.158333,0.0,0.158333,0.158333,0.0,0.508333,0.302674,-0.72,0.872211
volkan,0.0,42,42-59,0.483333,0.191667,0.575,0.766667,0.483333,0.075,0.0,0.70745,0.88,0.941461
volkan,0.0,42,42-60,0.0,0.0,0.0,0.0,0.0,0.0,0.983333,0.127376,-1.88,2.068076
volkan,0.0,42,42-61,0.183333,0.483333,0.016667,0.5,0.5,0.0,0.233333,0.394849,-0.72,0.51361
volkan,0.0,42,42-62,0.425,0.541667,0.3,0.841667,0.691667,0.0,0.0,0.53934,0.32,0.452821
volkan,0.0,42,42-63,0.516667,0.375,0.55,0.925,0.683333,0.0,0.0,0.635815,0.52,0.646079
volkan,0.0,42,42-64,0.516667,0.341667,0.533333,0.875,0.633333,0.025,0.0,0.654598,0.88,0.698189
volkan,0.0,42,42-65,0.6,0.225,0.658333,0.883333,0.641667,0.016667,0.0,0.670512,1.08,0.757184
volkan,0.0,42,42-66,0.166667,0.458333,0.008333,0.466667,0.466667,0.0,0.216667,0.393202,-0.6,0.52207
volkan,0.0,42,42-67,0.158333,0.45,0.0,0.45,0.45,0.0,0.25,0.384244,-0.48,0.549855
volkan,0.0,42,42-68,0.533333,0.216667,0.608333,0.825,0.55,0.058333,0.0,0.690776,0.84,0.856052
volkan,0.0,42,42-69,0.375,0.525,0.125,0.65,0.65,0.0,0.116667,0.452493,0.04,0.459426
volkan,0.0,42,42-70,0.0,0.0,0.0,0.0,0.0,0.0,0.875,0.182724,-1.68,1.612835
volkan,0.0,42,42-71,0.0,0.008333,0.0,0.008333,0.008333,0.0,0.816667,0.216328,-1.32,1.356479
volkan,0.0,42,42-72,0.0,0.091667,0.0,0.091667,0.091667,0.0,0.633333,0.269015,-1.12,1.054857
volkan,0.0,42,42-73,0.566667,0.45,0.525,0.975,0.716667,0.0,0.0,0.618637,0.48,0.552848
volkan,0.0,42,42-74,0.516667,0.5,0.333333,0.833333,0.741667,0.0,0.0,0.53245,0.2,0.436179
volkan,0.0,42,42-75,0.575,0.358333,0.583333,0.941667,0.65,0.008333,0.0,0.645564,0.4,0.647436
volkan,0.0,42,42-76,0.183333,0.5,0.008333,0.508333,0.508333,0.0,0.225,0.394954,-0.56,0.500847
volkan,0.0,42,42-77,0.508333,0.508333,0.333333,0.841667,0.75,0.0,0.0,0.539718,0.44,0.429547
volkan,0.0,42,42-78,0.575,0.391667,0.55,0.941667,0.675,0.025,0.0,0.641218,0.72,0.636248
volkan,0.0,42,42-79,0.233333,0.508333,0.066667,0.575,0.575,0.0,0.166667,0.418324,-0.28,0.480961
volkan,0.0,42,42-80,0.541667,0.525,0.433333,0.958333,0.775,0.0,0.0,0.587458,0.32,0.489112
volkan,0.0,42,42-81,0.05,0.3,0.0,0.3,0.3,0.0,0.425,0.332709,-0.48,0.739732
volkan,0.0,42,42-82,0.191667,0.483333,0.016667,0.5,0.5,0.0,0.2,0.400117,-0.8,0.498648
volkan,0.0,42,42-83,0.175,0.416667,0.016667,0.433333,0.433333,0.0,0.316667,0.378206,-0.36,0.593882
volkan,0.0,42,42-84,0.0,0.016667,0.0,0.016667,0.016667,0.0,0.833333,0.211748,-1.44,1.394331
volkan,0.0,42,42-85,0.616667,0.458333,0.483333,0.941667,0.758333,0.008333,0.0,0.614334,0.64,0.560967
volkan,0.0,42,42-86,0.158333,0.458333,0.0,0.458333,0.458333,0.0,0.258333,0.380784,-0.36,0.563446
volkan,0.0,42,42-87,0.466667,0.5,0.191667,0.691667,0.683333,0.0,0.041667,0.485045,-0.4,0.39612
volkan,0.0,42,42-88,0.566667,0.425,0.55,0.975,0.766667,0.0,0.0,0.608745,0.32,0.543189
volkan,0.0,42,42-89,0.516667,0.483333,0.433333,0.916667,0.7,0.008333,0.0,0.603637,0.8,0.53911
volkan,0.0,42,42-90,0.55,0.425,0.508333,0.933333,0.666667,0.008333,0.0,0.636751,0.56,0.618722
volkan,0.0,42,42-91,0.483333,0.566667,0.183333,0.75,0.75,0.0,0.058333,0.486246,-0.32,0.395932
volkan,0.0,42,42-92,0.183333,0.475,0.008333,0.483333,0.483333,0.0,0.2,0.391314,-0.12,0.518105
volkan,0.0,42,42-93,0.408333,0.525,0.2,0.725,0.716667,0.0,0.1,0.478446,0.12,0.44419
volkan,0.0,42,42-94,0.0,0.0,0.0,0.0,0.0,0.0,0.983333,0.130245,-1.76,2.024148
volkan,0.0,42,42-95,0.0,0.0,0.0,0.0,0.0,0.0,0.95,0.170181,-1.6,1.676764
volkan,0.0,42,42-96,0.0,0.0,0.0,0.0,0.0,0.0,0.9,0.17458,-1.68,1.657695
volkan,0.0,42,42-97,0.0,0.058333,0.0,0.058333,0.058333,0.0,0.725,0.236084,-1.36,1.255313
volkan,0.0,42,42-98,0.583333,0.525,0.45,0.975,0.791667,0.0,0.0,0.591915,0.52,0.485075
volkan,0.0,42,42-99,0.0,0.075,0.0,0.075,0.075,0.0,0.691667,0.249743,-1.56,1.179504
volkan,0.0,42,42-100,0.175,0.425,0.016667,0.441667,0.441667,0.0,0.275,0.385061,-0.72,0.576861
volkan,0.0,42,42-101,0.208333,0.016667,0.591667,0.608333,0.208333,0.175,0.0,0.772168,1.32,1.286031
volkan,0.0,42,42-102,0.191667,0.508333,0.008333,0.516667,0.516667,0.0,0.191667,0.40351,-0.72,0.478755
volkan,0.0,42,42-103,0.575,0.308333,0.608333,0.916667,0.633333,0.016667,0.0,0.65874,0.88,0.708423
volkan,0.0,42,42-104,0.0,0.083333,0.0,0.083333,0.083333,0.0,0.616667,0.267363,-1.36,1.072937
volkan,0.0,42,42-105,0.383333,0.525,0.125,0.65,0.65,0.0,0.116667,0.456002,-0.28,0.431481
volkan,0.0,42,42-106,0.0,0.066667,0.0,0.066667,0.066667,0.0,0.741667,0.247506,-1.16,1.172009
volkan,0.0,42,42-107,0.191667,0.483333,0.008333,0.491667,0.491667,0.0,0.208333,0.395242,-0.8,0.512161
volkan,0.0,42,42-108,0.525,0.25,0.591667,0.841667,0.55,0.025,0.0,0.67991,0.76,0.801128
volkan,0.0,42,42-109,0.0,0.0,0.0,0.0,0.0,0.0,1.0,0.112897,-2.16,2.233175
volkan,0.0,42,42-110,0.466667,0.458333,0.475,0.933333,0.708333,0.008333,0.0,0.596829,0.8,0.546342
volkan,0.0,42,42-111,0.458333,0.55,0.341667,0.891667,0.783333,0.0,0.0,0.537708,0.48,0.410517
volkan,0.0,42,42-112,0.091667,0.325,0.0,0.325,0.325,0.0,0.358333,0.351856,-0.8,0.668741
volkan,0.0,42,42-113,0.0,0.0,0.0,0.0,0.0,0.0,0.925,0.170127,-1.28,1.674012
volkan,0.0,42,42-114,0.466667,0.483333,0.291667,0.775,0.725,0.0,0.008333,0.512111,0.24,0.414135
volkan,0.0,42,42-115,0.108333,0.433333,0.0,0.433333,0.433333,0.0,0.3,0.37306,-0.56,0.573301
volkan,0.0,42,42-116,0.508333,0.508333,0.383333,0.891667,0.741667,0.0,0.0,0.565602,0.4,0.474135
volkan,0.0,42,42-117,0.5,0.508333,0.291667,0.8,0.75,0.0,0.016667,0.516478,0.12,0.404896
volkan,0.0,42,42-118,0.075,0.0,0.375,0.375,0.075,0.425,0.0,0.820217,1.6,1.593725
volkan,0.0,42,42-119,0.358333,0.525,0.108333,0.633333,0.633333,0.0,0.091667,0.451006,0.0,0.434567
volkan,0.0,42,42-120,0.0,0.058333,0.0,0.058333,0.058333,0.0,0.708333,0.251434,-1.12,1.147302
volkan,0.0,42,42-121,0.458333,0.475,0.366667,0.841667,0.7,0.0,0.0,0.553651,0.52,0.481187
volkan,0.0,42,42-122,0.483333,0.525,0.35,0.875,0.758333,0.0,0.0,0.545939,0.28,0.436596
volkan,0.0,42,42-123,0.141667,0.0,0.591667,0.591667,0.141667,0.175,0.0,0.779173,1.44,1.327264
volkan,0.0,42,42-124,0.55,0.25,0.608333,0.858333,0.575,0.016667,0.0,0.679764,0.72,0.796284
volkan,0.0,42,42-125,0.5,0.5,0.391667,0.891667,0.75,0.0,0.0,0.574598,0.6,0.494582
volkan,0.0,42,42-126,0.133333,0.0,0.441667,0.441667,0.133333,0.341667,0.0,0.802593,1.56,1.492848
volkan,0.0,42,42-127,0.0,0.016667,0.0,0.016667,0.016667,0.0,0.841667,0.216607,-1.24,1.356863
volkan,0.0,42,42-128,0.05,0.225,0.0,0.225,0.225,0.0,0.425,0.324039,-1.04,0.780026
volkan,0.0,42,42-129,0.0,0.083333,0.0,0.083333,0.083333,0.0,0.708333,0.25576,-1.32,1.131275
volkan,0.0,42,42-130,0.233333,0.491667,0.008333,0.5,0.5,0.0,0.241667,0.39983,-0.6,0.512114
volkan,0.0,42,42-131,0.0,0.0,0.0,0.0,0.0,0.0,0.933333,0.163463,-1.8,1.748558
volkan,0.0,42,42-132,0.566667,0.408333,0.516667,0.925,0.675,0.016667,0.0,0.641698,0.88,0.639749
volkan,0.0,42,42-133,0.325,0.458333,0.108333,0.566667,0.566667,0.0,0.216667,0.422564,-0.16,0.536143
volkan,0.0,42,42-134,0.0,0.0,0.0,0.0,0.0,0.0,0.95,0.162682,-1.6,1.760312
volkan,0.0,42,42-135,0.0,0.033333,0.0,0.033333,0.033333,0.0,0.716667,0.241795,-1.2,1.208782
volkan,0.0,42,42-136,0.5,0.433333,0.458333,0.891667,0.7,0.0,0.0,0.587625,0.48,0.527824
volkan,0.0,42,42-137,0.525,0.233333,0.583333,0.816667,0.55,0.066667,0.0,0.689657,0.84,0.85982
volkan,0.0,42,42-138,0.0,0.0,0.141667,0.141667,0.0,0.6,0.0,0.865285,1.72,1.947466
volkan,0.0,42,42-139,0.0,0.0,0.0,0.0,0.0,1.0,0.0,0.942286,2.08,2.929869
volkan,0.0,42,42-140,0.558333,0.5,0.466667,0.966667,0.741667,0.0,0.0,0.596338,0.52,0.513812
volkan,0.0,42,42-141,0.0,0.066667,0.0,0.066667,0.066667,0.0,0.758333,0.234677,-1.48,1.264375
volkan,0.0,42,42-142,0.0,0.0,0.0,0.0,0.0,0.0,1.0,0.079788,-2.04,2.624399
volkan,0.0,42,42-143,0.533333,0.516667,0.358333,0.875,0.758333,0.0,0.0,0.548496,-0.04,0.441095
volkan,0.0,42,42-144,0.008333,0.1,0.0,0.1,0.1,0.0,0.691667,0.258844,-1.48,1.124801
volkan,0.0,42,42-145,0.208333,0.5,0.0,0.5,0.5,0.0,0.208333,0.399214,-0.32,0.507484
volkan,0.0,42,42-146,0.108333,0.325,0.0,0.325,0.325,0.0,0.366667,0.349002,-0.4,0.680947
volkan,0.0,42,42-147,0.408333,0.541667,0.125,0.666667,0.666667,0.0,0.083333,0.462601,-0.12,0.406382
volkan,0.0,42,42-148,0.35,0.108333,0.575,0.683333,0.35,0.15,0.0,0.737177,0.84,1.100265
volkan,0.0,42,42-149,0.516667,0.516667,0.3,0.816667,0.775,0.0,0.008333,0.518637,-0.24,0.400243
volkan,0.0,42,42-150,0.366667,0.583333,0.075,0.658333,0.658333,0.0,0.075,0.448834,-0.72,0.406542
volkan,0.0,42,42-151,0.0,0.05,0.0,0.05,0.05,0.0,0.758333,0.234645,-1.28,1.26134
volkan,0.0,42,42-152,0.0,0.0,0.0,0.0,0.0,0.0,0.991667,0.1246,-1.84,2.107811
volkan,0.0,42,42-153,0.133333,0.441667,0.0,0.441667,0.441667,0.0,0.291667,0.377477,-0.52,0.572433
volkan,0.0,42,42-154,0.433333,0.483333,0.175,0.658333,0.658333,0.0,0.033333,0.471847,0.12,0.412589
volkan,0.0,42,42-155,0.008333,0.0,0.283333,0.283333,0.008333,0.466667,0.0,0.839971,1.44,1.735449
volkan,0.0,42,42-156,0.458333,0.508333,0.291667,0.8,0.741667,0.0,0.0,0.514983,0.36,0.417975
volkan,0.0,42,42-157,0.433333,0.158333,0.591667,0.75,0.433333,0.15,0.0,0.719948,1.2,1.028812
volkan,0.0,42,42-158,0.133333,0.45,0.0,0.45,0.45,0.0,0.266667,0.377626,-0.6,0.559954
volkan,0.0,42,42-159,0.0,0.025,0.0,0.025,0.025,0.0,0.783333,0.220778,-1.28,1.339192
volkan,0.0,42,42-160,0.0,0.058333,0.0,0.058333,0.058333,0.0,0.758333,0.235158,-1.48,1.254119
volkan,0.0,42,42-161,0.041667,0.291667,0.0,0.291667,0.291667,0.0,0.4,0.329605,-0.64,0.75382
volkan,0.0,42,42-162,0.0,0.0,0.108333,0.108333,0.0,0.733333,0.0,0.883792,1.92,2.155372
volkan,0.0,42,42-163,0.008333,0.208333,0.0,0.208333,0.208333,0.0,0.516667,0.306432,-0.72,0.861705
volkan,0.0,42,42-164,0.491667,0.233333,0.591667,0.825,0.525,0.05,0.0,0.693046,0.92,0.871496
volkan,0.0,42,42-165,0.0,0.075,0.0,0.075,0.075,0.0,0.7,0.255454,-1.36,1.13138
volkan,0.0,42,42-166,0.441667,0.141667,0.633333,0.775,0.458333,0.058333,0.0,0.709459,0.76,0.945387
volkan,0.0,42,42-167,0.525,0.491667,0.441667,0.933333,0.775,0.0,0.0,0.575447,0.32,0.471368
volkan,0.0,42,42-168,0.383333,0.541667,0.083333,0.625,0.625,0.0,0.091667,0.450559,-0.56,0.397744
volkan,0.0,42,42-169,0.425,0.508333,0.166667,0.675,0.675,0.0,0.133333,0.460686,-0.28,0.45159
volkan,0.0,42,42-170,0.041667,0.266667,0.0,0.266667,0.266667,0.0,0.416667,0.328773,-0.88,0.763153
volkan,0.0,42,42-171,0.583333,0.475,0.466667,0.941667,0.775,0.008333,0.0,0.602415,0.84,0.538397
volkan,0.0,42,42-172,0.108333,0.341667,0.008333,0.35,0.35,0.0,0.341667,0.355691,-0.68,0.666745
volkan,0.0,42,42-173,0.0,0.008333,0.0,0.008333,0.008333,0.0,0.841667,0.190357,-1.52,1.563053
volkan,0.0,42,42-174,0.0,0.008333,0.0,0.008333,0.008333,0.0,0.866667,0.186232,-1.52,1.579249
volkan,0.0,42,42-175,0.508333,0.533333,0.291667,0.825,0.766667,0.0,0.0,0.525674,-0.08,0.4131
volkan,0.0,42,42-176,0.041667,0.0,0.458333,0.458333,0.041667,0.358333,0.0,0.814563,1.56,1.564728
volkan,0.0,42,42-177,0.525,0.55,0.366667,0.916667,0.816667,0.0,0.0,0.550156,0.2,0.424716
volkan,0.0,42,42-178,0.425,0.516667,0.133333,0.65,0.65,0.0,0.116667,0.451486,-0.44,0.439854
volkan,0.0,42,42-179,0.541667,0.483333,0.425,0.908333,0.775,0.0,0.0,0.573406,0.32,0.486968
volkan,0.0,42,42-180,0.208333,0.058333,0.583333,0.641667,0.208333,0.241667,0.0,0.773247,1.28,1.314505
volkan,0.0,42,42-181,0.508333,0.483333,0.3,0.783333,0.708333,0.0,0.008333,0.522982,-0.12,0.432627
volkan,0.0,42,42-182,0.2,0.475,0.0,0.475,0.475,0.0,0.191667,0.394503,-0.24,0.508745
volkan,0.0,42,42-183,0.341667,0.083333,0.666667,0.75,0.341667,0.116667,0.0,0.73648,1.2,1.083977
volkan,0.0,42,42-184,0.566667,0.5,0.483333,0.983333,0.783333,0.008333,0.0,0.596073,0.64,0.513244
volkan,0.0,42,42-185,0.108333,0.0,0.375,0.375,0.108333,0.341667,0.0,0.810153,1.56,1.527581
volkan,0.0,42,42-186,0.491667,0.558333,0.3,0.858333,0.783333,0.0,0.0,0.531347,0.08,0.404817
volkan,0.0,42,42-187,0.0,0.0,0.0,0.0,0.0,0.0,0.866667,0.203358,-1.24,1.439722
volkan,0.0,42,42-188,0.0,0.0,0.0,0.0,0.0,0.0,0.933333,0.175842,-1.56,1.649084
volkan,0.0,42,42-189,0.066667,0.0,0.366667,0.366667,0.066667,0.458333,0.0,0.828277,1.72,1.670704
volkan,0.0,42,42-190,0.041667,0.0,0.316667,0.316667,0.041667,0.433333,0.0,0.832895,1.6,1.688973
volkan,0.0,42,42-191,0.341667,0.525,0.083333,0.608333,0.608333,0.0,0.108333,0.442324,-0.48,0.424988
volkan,0.0,42,42-192,0.25,0.475,0.016667,0.491667,0.491667,0.0,0.233333,0.402784,-0.12,0.528684
volkan,0.0,42,42-193,0.15,0.0,0.45,0.45,0.15,0.35,0.0,0.7996,1.84,1.474904
volkan,0.0,42,42-194,0.0,0.025,0.0,0.025,0.025,0.0,0.8,0.223112,-1.28,1.318203
volkan,0.0,42,42-195,0.0,0.091667,0.0,0.091667,0.091667,0.0,0.708333,0.239144,-1.92,1.266754
volkan,0.0,42,42-196,0.591667,0.375,0.558333,0.933333,0.658333,0.008333,0.0,0.648457,0.68,0.663341
volkan,0.0,42,42-197,0.191667,0.466667,0.0,0.466667,0.466667,0.0,0.291667,0.383905,-0.64,0.560483
volkan,0.0,42,42-198,0.416667,0.408333,0.233333,0.641667,0.625,0.0,0.058333,0.480709,0.12,0.435253
volkan,0.0,42,42-199,0.366667,0.516667,0.133333,0.65,0.65,0.0,0.141667,0.44784,-0.28,0.454043
volkan,0.0,137,137-0,0.008333,0.125,0.0,0.125,0.125,0.0,0.541667,0.286113,-0.96,0.962546
volkan,0.0,137,137-1,0.025,0.233333,0.0,0.233333,0.233333,0.0,0.441667,0.316595,-0.8,0.817162
volkan,0.0,137,137-2,0.066667,0.258333,0.0,0.258333,0.258333,0.0,0.433333,0.322812,-0.92,0.802998
volkan,0.0,137,137-3,0.491667,0.6,0.191667,0.791667,0.791667,0.0,0.033333,0.497136,-0.12,0.397319
volkan,0.0,137,137-4,0.075,0.366667,0.0,0.366667,0.366667,0.0,0.333333,0.357671,-0.76,0.629315
volkan,0.0,137,137-5,0.0,0.041667,0.0,0.041667,0.041667,0.0,0.741667,0.234769,-1.6,1.259625
volkan,0.0,137,137-6,0.508333,0.558333,0.341667,0.9,0.816667,0.0,0.0,0.54311,0.08,0.407705
volkan,0.0,137,137-7,0.058333,0.333333,0.0,0.333333,0.333333,0.0,0.358333,0.343722,-0.52,0.691004
volkan,0.0,137,137-8,0.0,0.0,0.0,0.0,0.0,0.0,1.0,0.102985,-1.72,2.294408
volkan,0.0,137,137-9,0.0,0.0,0.175,0.175,0.0,0.6,0.0,0.859549,1.84,1.886278
volkan,0.0,137,137-10,0.033333,0.0,0.391667,0.391667,0.033333,0.358333,0.0,0.818876,1.4,1.592341
volkan,0.0,137,137-11,0.0,0.041667,0.0,0.041667,0.041667,0.0,0.741667,0.238943,-0.88,1.223234
volkan,0.0,137,137-12,0.241667,0.466667,0.008333,0.475,0.475,0.0,0.216667,0.401531,-0.24,0.523654
volkan,0.0,137,137-13,0.45,0.483333,0.216667,0.7,0.7,0.0,0.083333,0.477763,-0.16,0.432286
volkan,0.0,137,137-14,0.441667,0.175,0.583333,0.758333,0.441667,0.091667,0.0,0.713858,1.0,0.976411
volkan,0.0,137,137-15,0.0,0.0,0.0,0.0,0.0,0.0,1.0,0.055086,-1.88,3.014111
volkan,0.0,137,137-16,0.0,0.15,0.0,0.15,0.15,0.0,0.541667,0.29061,-0.96,0.942431
volkan,0.0,137,137-17,0.491667,0.508333,0.333333,0.841667,0.783333,0.0,0.0,0.529606,0.16,0.407533
volkan,0.0,137,137-18,0.0,0.0,0.0,0.0,0.0,0.0,1.0,0.113209,-1.84,2.220831
volkan,0.0,137,137-19,0.058333,0.341667,0.0,0.341667,0.341667,0.0,0.383333,0.339458,-0.56,0.718349
volkan,0.0,137,137-20,0.275,0.508333,0.041667,0.55,0.55,0.0,0.158333,0.419582,-0.2,0.470999
volkan,0.0,137,137-21,0.183333,0.508333,0.0,0.508333,0.508333,0.0,0.208333,0.396365,-0.6,0.49028
volkan,0.0,137,137-22,0.0,0.05,0.0,0.05,0.05,0.0,0.733333,0.240792,-1.2,1.21881
volkan,0.0,137,137-23,0.4,0.116667,0.675,0.791667,0.4,0.075,0.0,0.722194,1.12,1.006188
volkan,0.0,137,137-24,0.041667,0.233333,0.0,0.233333,0.233333,0.0,0.433333,0.323547,-0.8,0.794197
volkan,0.0,137,137-25,0.558333,0.283333,0.6,0.883333,0.583333,0.008333,0.0,0.672473,0.32,0.761855
volkan,0.0,137,137-26,0.275,0.516667,0.033333,0.55,0.55,0.0,0.191667,0.417552,-0.24,0.475443
volkan,0.0,137,137-27,0.533333,0.533333,0.358333,0.891667,0.808333,0.0,0.0,0.544024,0.08,0.407876
volkan,0.0,137,137-28,0.125,0.408333,0.0,0.408333,0.408333,0.0,0.275,0.368198,-0.76,0.597674
volkan,0.0,137,137-29,0.4,0.083333,0.65,0.733333,0.4,0.108333,0.0,0.730507,0.6,1.055202
volkan,0.0,137,137-30,0.541667,0.533333,0.416667,0.95,0.8,0.0,0.0,0.577827,0.4,0.465939
volkan,0.0,137,137-31,0.0,0.116667,0.0,0.116667,0.116667,0.0,0.675,0.25961,-1.32,1.118188
volkan,0.0,137,137-32,0.491667,0.275,0.591667,0.866667,0.591667,0.008333,0.0,0.666888,0.96,0.745071
volkan,0.0,137,137-33,0.0,0.0,0.0,0.0,0.0,0.966667,0.0,0.926768,1.8,2.637902
volkan,0.0,137,137-34,0.0,0.0,0.0,0.0,0.0,0.0,1.0,0.123618,-1.68,2.095251
volkan,0.0,137,137-35,0.416667,0.458333,0.175,0.633333,0.633333,0.0,0.058333,0.46506,0.04,0.414287
volkan,0.0,137,137-36,0.475,0.5,0.291667,0.791667,0.725,0.0,0.033333,0.516324,0.32,0.417863
volkan,0.0,137,137-37,0.375,0.541667,0.091667,0.633333,0.633333,0.0,0.133333,0.441311,-0.44,0.437777
volkan,0.0,137,137-38,0.45,0.158333,0.616667,0.775,0.45,0.083333,0.0,0.70697,1.32,0.943557
volkan,0.0,137,137-39,0.325,0.508333,0.083333,0.591667,0.591667,0.0,0.158333,0.430979,-0.36,0.464922
volkan,0.0,137,137-40,0.541667,0.316667,0.558333,0.875,0.6,0.0,0.0,0.663794,0.4,0.735331
volkan,0.0,137,137-41,0.525,0.316667,0.566667,0.883333,0.625,0.025,0.0,0.654696,0.92,0.709146
volkan,0.0,137,137-42,0.0,0.091667,0.0,0.091667,0.091667,0.0,0.65,0.265446,-0.88,1.072257
volkan,0.0,137,137-43,0.0,0.025,0.0,0.025,0.025,0.0,0.8,0.224499,-1.2,1.311461
volkan,0.0,137,137-44,0.008333,0.0,0.291667,0.291667,0.008333,0.508333,0.0,0.845157,1.72,1.801755
volkan,0.0,137,137-45,0.358333,0.466667,0.125,0.591667,0.591667,0.0,0.1,0.449573,-0.0,0.42465
volkan,0.0,137,137-46,0.491667,0.541667,0.325,0.866667,0.775,0.0,0.0,0.535431,0.32,0.419049
volkan,0.0,137,137-47,0.058333,0.0,0.375,0.375,0.058333,0.341667,0.0,0.81028,1.56,1.513053
volkan,0.0,137,137-48,0.65,0.391667,0.566667,0.958333,0.7,0.0,0.0,0.639948,0.84,0.615118
volkan,0.0,137,137-49,0.075,0.308333,0.0,0.308333,0.308333,0.0,0.366667,0.345595,-0.48,0.6852
volkan,0.0,137,137-50,0.233333,0.483333,0.016667,0.5,0.5,0.0,0.266667,0.396659,-0.48,0.533134
volkan,0.0,137,137-51,0.35,0.091667,0.633333,0.725,0.35,0.166667,0.0,0.737049,1.2,1.107288
volkan,0.0,137,137-52,0.166667,0.008333,0.525,0.533333,0.166667,0.15,0.0,0.780202,1.48,1.324553
volkan,0.0,137,137-53,0.308333,0.508333,0.058333,0.566667,0.566667,0.0,0.116667,0.435837,-0.2,0.432181
volkan,0.0,137,137-54,0.2,0.0,0.583333,0.583333,0.2,0.116667,0.0,0.772086,1.36,1.271293
volkan,0.0,137,137-55,0.183333,0.441667,0.008333,0.45,0.45,0.0,0.266667,0.382418,-0.48,0.569948
volkan,0.0,137,137-56,0.508333,0.516667,0.333333,0.85,0.75,0.0,0.0,0.540322,0.28,0.437735
volkan,0.0,137,137-57,0.0,0.0,0.0,0.0,0.0,0.0,0.875,0.188283,-1.72,1.570689
volkan,0.0,137,137-58,0.358333,0.525,0.091667,0.616667,0.616667,0.0,0.141667,0.445119,-0.2,0.442982
volkan,0.0,137,137-59,0.591667,0.425,0.508333,0.933333,0.741667,0.008333,0.0,0.621331,0.76,0.57286
volkan,0.0,137,137-60,0.516667,0.483333,0.483333,0.966667,0.741667,0.0,0.0,0.590696,0.24,0.511611
volkan,0.0,137,137-61,0.591667,0.366667,0.541667,0.908333,0.633333,0.008333,0.0,0.656133,0.8,0.688441
volkan,0.0,137,137-62,0.025,0.2,0.0,0.2,0.2,0.0,0.483333,0.309169,-0.8,0.853503
volkan,0.0,137,137-63,0.366667,0.541667,0.075,0.616667,0.616667,0.0,0.1,0.447461,-0.28,0.412361
volkan,0.0,137,137-64,0.408333,0.466667,0.166667,0.633333,0.633333,0.0,0.141667,0.452695,-0.32,0.471687
volkan,0.0,137,137-65,0.033333,0.0,0.316667,0.316667,0.033333,0.45,0.0,0.833937,1.72,1.708006
volkan,0.0,137,137-66,0.0,0.008333,0.0,0.008333,0.008333,0.0,0.825,0.214962,-1.12,1.359071
volkan,0.0,137,137-67,0.258333,0.5,0.033333,0.533333,0.533333,0.0,0.208333,0.410574,-0.52,0.491305
volkan,0.0,137,137-68,0.4,0.508333,0.116667,0.625,0.625,0.0,0.083333,0.457943,-0.32,0.402699
volkan,0.0,137,137-69,0.0,0.0,0.0,0.0,0.0,1.0,0.0,0.95203,2.28,3.145739
volkan,0.0,137,137-70,0.558333,0.341667,0.541667,0.883333,0.675,0.025,0.0,0.648042,1.08,0.688777
volkan,0.0,137,137-71,0.45,0.516667,0.133333,0.65,0.65,0.0,0.058333,0.467533,-0.2,0.398241
volkan,0.0,137,137-72,0.45,0.441667,0.266667,0.708333,0.7,0.0,0.066667,0.488812,-0.12,0.430298
volkan,0.0,137,137-73,0.0,0.0,0.0,0.0,0.0,0.0,0.975,0.141335,-1.56,1.930773
volkan,0.0,137,137-74,0.491667,0.5,0.316667,0.816667,0.716667,0.0,0.0,0.530514,-0.04,0.443923
volkan,0.0,137,137-75,0.258333,0.016667,0.558333,0.575,0.258333,0.158333,0.0,0.771594,1.56,1.289532
volkan,0.0,137,137-76,0.308333,0.541667,0.033333,0.575,0.575,0.0,0.1,0.438163,-0.48,0.403434
volkan,0.0,137,137-77,0.125,0.383333,0.0,0.383333,0.383333,0.0,0.3,0.359445,-0.72,0.647594
volkan,0.0,137,137-78,0.266667,0.533333,0.025,0.558333,0.558333,0.0,0.15,0.420811,-0.48,0.451484
volkan,0.0,137,137-79,0.475,0.208333,0.608333,0.816667,0.516667,0.066667,0.0,0.694413,1.0,0.889903
volkan,0.0,137,137-80,0.583333,0.4,0.516667,0.916667,0.691667,0.016667,0.0,0.633306,0.92,0.624675
volkan,0.0,137,137-81,0.341667,0.075,0.625,0.7,0.341667,0.133333,0.0,0.744365,1.24,1.130268
volkan,0.0,137,137-82,0.533333,0.483333,0.341667,0.825,0.766667,0.0,0.016667,0.529524,-0.04,0.422143
volkan,0.0,137,137-83,0.583333,0.325,0.558333,0.883333,0.625,0.033333,0.0,0.662457,1.08,0.723352
volkan,0.0,137,137-84,0.0,0.1,0.0,0.1,0.1,0.0,0.625,0.271564,-1.2,1.046637
volkan,0.0,137,137-85,0.45,0.475,0.291667,0.766667,0.658333,0.0,0.025,0.526242,0.48,0.463535
volkan,0.0,137,137-86,0.0,0.025,0.0,0.025,0.025,0.0,0.741667,0.236675,-1.0,1.23671
volkan,0.0,137,137-87,0.041667,0.291667,0.0,0.291667,0.291667,0.0,0.408333,0.330643,-0.64,0.74824
volkan,0.0,137,137-88,0.0,0.141667,0.0,0.141667,0.141667,0.0,0.533333,0.290566,-0.72,0.937716
volkan,0.0,137,137-89,0.391667,0.483333,0.133333,0.616667,0.616667,0.0,0.125,0.449259,-0.28,0.435152
volkan,0.0,137,137-90,0.366667,0.075,0.616667,0.691667,0.366667,0.125,0.0,0.740934,0.96,1.112378
volkan,0.0,137,137-91,0.608333,0.55,0.45,1.0,0.833333,0.0,0.0,0.5872,0.56,0.447055
volkan,0.0,137,137-92,0.0,0.016667,0.0,0.016667,0.016667,0.0,0.791667,0.225146,-1.08,1.301711
volkan,0.0,137,137-93,0.483333,0.4,0.483333,0.883333,0.616667,0.025,0.0,0.636455,0.8,0.66804
volkan,0.0,137,137-94,0.0,0.0,0.058333,0.058333,0.0,0.758333,0.0,0.886199,1.88,2.147717
volkan,0.0,137,137-95,0.241667,0.033333,0.566667,0.6,0.241667,0.2,0.0,0.768939,0.92,1.269402
volkan,0.0,137,137-96,0.525,0.291667,0.6,0.891667,0.633333,0.0,0.0,0.655841,1.0,0.711669
volkan,0.0,137,137-97,0.266667,0.025,0.7,0.725,0.266667,0.091667,0.0,0.751231,1.44,1.151925
volkan,0.0,137,137-98,0.233333,0.041667,0.6,0.641667,0.233333,0.2,0.0,0.766319,1.2,1.26971
volkan,0.0,137,137-99,0.625,0.475,0.483333,0.958333,0.825,0.0,0.0,0.585592,0.08,0.466395
volkan,0.0,137,137-100,0.3,0.5,0.066667,0.566667,0.566667,0.0,0.175,0.427736,-0.16,0.459967
volkan,0.0,137,137-101,0.0,0.0,0.108333,0.108333,0.0,0.7,0.0,0.876046,1.76,2.061713
volkan,0.0,137,137-102,0.558333,0.558333,0.4,0.958333,0.833333,0.0,0.0,0.5679,0.44,0.419063
volkan,0.0,137,137-103,0.2,0.016667,0.633333,0.65,0.2,0.175,0.0,0.770032,1.2,1.265794
volkan,0.0,137,137-104,0.458333,0.475,0.25,0.725,0.7,0.0,0.058333,0.495085,0.04,0.43384
volkan,0.0,137,137-105,0.0,0.0,0.058333,0.058333,0.0,0.75,0.0,0.882684,1.8,2.116492
volkan,0.0,137,137-106,0.0,0.0,0.0,0.0,0.0,0.0,1.0,0.033652,-2.32,3.604903
volkan,0.0,137,137-107,0.266667,0.566667,0.025,0.591667,0.591667,0.0,0.133333,0.4259,-0.56,0.432787
volkan,0.0,137,137-108,0.0,0.0,0.0,0.0,0.0,0.0,1.0,0.034594,-2.36,3.581257
volkan,0.0,137,137-109,0.058333,0.0,0.325,0.325,0.058333,0.483333,0.0,0.834286,1.44,1.718045
volkan,0.0,137,137-110,0.058333,0.383333,0.0,0.383333,0.383333,0.0,0.366667,0.354076,-0.72,0.645617
volkan,0.0,137,137-111,0.275,0.008333,0.658333,0.666667,0.275,0.175,0.0,0.761236,1.32,1.224558
volkan,0.0,137,137-112,0.183333,0.458333,0.0,0.458333,0.458333,0.0,0.275,0.378693,-0.6,0.581809
volkan,0.0,137,137-113,0.05,0.325,0.0,0.325,0.325,0.0,0.383333,0.336739,-0.64,0.717347
volkan,0.0,137,137-114,0.208333,0.483333,0.008333,0.491667,0.491667,0.0,0.291667,0.388454,-0.48,0.551059
volkan,0.0,137,137-115,0.325,0.525,0.066667,0.591667,0.591667,0.0,0.116667,0.437097,-0.36,0.427141
volkan,0.0,137,137-116,0.266667,0.0,0.691667,0.691667,0.266667,0.133333,0.0,0.760039,1.32,1.206612
volkan,0.0,137,137-117,0.033333,0.275,0.0,0.275,0.275,0.0,0.4,0.329074,-0.84,0.752158
volkan,0.0,137,137-118,0.0,0.0,0.0,0.0,0.0,0.0,1.0,0.105762,-2.04,2.304479
volkan,0.0,137,137-119,0.3,0.5,0.041667,0.541667,0.541667,0.0,0.225,0.408452,-0.36,0.525688
volkan,0.0,137,137-120,0.0,0.0,0.208333,0.208333,0.0,0.683333,0.0,0.864119,1.8,1.955139
volkan,0.0,137,137-121,0.0,0.0,0.058333,0.058333,0.0,0.758333,0.0,0.891885,1.88,2.230453
volkan,0.0,137,137-122,0.525,0.45,0.333333,0.783333,0.766667,0.0,0.016667,0.519,-0.2,0.416121
volkan,0.0,137,137-123,0.0,0.008333,0.0,0.008333,0.008333,0.0,0.883333,0.167067,-1.76,1.756543
volkan,0.0,137,137-124,0.0,0.0,0.0,0.0,0.0,0.0,0.958333,0.1374,-1.92,1.984755
volkan,0.0,137,137-125,0.5,0.541667,0.241667,0.783333,0.741667,0.0,0.008333,0.510829,-0.2,0.400525
volkan,0.0,137,137-126,0.483333,0.5,0.383333,0.883333,0.725,0.0,0.0,0.557938,0.36,0.468048
volkan,0.0,137,137-127,0.0,0.066667,0.0,0.066667,0.066667,0.0,0.683333,0.256516,-1.32,1.122215
volkan,0.0,137,137-128,0.366667,0.516667,0.108333,0.625,0.625,0.0,0.15,0.441796,-0.04,0.470994
volkan,0.0,137,137-129,0.391667,0.15,0.658333,0.808333,0.391667,0.108333,0.0,0.719694,1.24,0.996997
volkan,0.0,137,137-130,0.383333,0.516667,0.108333,0.625,0.625,0.0,0.116667,0.450334,-0.56,0.440664
volkan,0.0,137,137-131,0.316667,0.541667,0.033333,0.575,0.575,0.0,0.166667,0.426094,-0.48,0.459702
volkan,0.0,137,137-132,0.566667,0.433333,0.541667,0.975,0.725,0.0,0.0,0.619365,0.2,0.566881
volkan,0.0,137,137-133,0.0,0.008333,0.0,0.008333,0.008333,0.0,0.816667,0.212246,-1.32,1.390349
volkan,0.0,137,137-134,0.491667,0.5,0.333333,0.833333,0.733333,0.0,0.0,0.537644,0.16,0.443839
volkan,0.0,137,137-135,0.508333,0.533333,0.416667,0.95,0.8,0.0,0.0,0.565872,0.56,0.432218
volkan,0.0,137,137-136,0.491667,0.575,0.216667,0.791667,0.783333,0.0,0.016667,0.498253,-0.0,0.386907
volkan,0.0,137,137-137,0.158333,0.408333,0.016667,0.425,0.425,0.0,0.275,0.379281,-0.92,0.590966
volkan,0.0,137,137-138,0.475,0.616667,0.191667,0.808333,0.808333,0.0,0.033333,0.493363,-0.12,0.383774
volkan,0.0,137,137-139,0.408333,0.066667,0.7,0.766667,0.408333,0.1,0.0,0.727362,1.0,1.04021
volkan,0.0,137,137-140,0.0,0.0,0.0,0.0,0.0,0.0,1.0,0.066044,-1.96,2.836084
volkan,0.0,137,137-141,0.508333,0.15,0.666667,0.816667,0.508333,0.058333,0.0,0.704785,1.0,0.914564
volkan,0.0,137,137-142,0.425,0.533333,0.166667,0.7,0.7,0.0,0.058333,0.476544,-0.16,0.416781
volkan,0.0,137,137-143,0.05,0.3,0.0,0.3,0.3,0.0,0.416667,0.328604,-0.96,0.781759
volkan,0.0,137,137-144,0.441667,0.541667,0.325,0.866667,0.75,0.0,0.0,0.537092,0.48,0.423997
volkan,0.0,137,137-145,0.533333,0.425,0.533333,0.958333,0.675,0.0,0.0,0.630878,0.32,0.605148
volkan,0.0,137,137-146,0.475,0.208333,0.6,0.808333,0.491667,0.066667,0.0,0.699604,1.28,0.900065
volkan,0.0,137,137-147,0.125,0.433333,0.008333,0.441667,0.441667,0.0,0.233333,0.378637,-0.76,0.561045
volkan,0.0,137,137-148,0.008333,0.125,0.0,0.125,0.125,0.0,0.525,0.294129,-0.96,0.921377
volkan,0.0,137,137-149,0.45,0.5,0.241667,0.741667,0.716667,0.0,0.025,0.495045,0.28,0.401449
volkan,0.0,137,137-150,0.0,0.05,0.0,0.05,0.05,0.0,0.775,0.232312,-1.24,1.266831
volkan,0.0,137,137-151,0.041667,0.0,0.308333,0.308333,0.041667,0.425,0.0,0.830508,1.28,1.669251
volkan,0.0,137,137-152,0.0,0.0,0.0,0.0,0.0,1.0,0.0,0.972907,2.28,3.765829
volkan,0.0,137,137-153,0.0,0.116667,0.0,0.116667,0.116667,0.0,0.558333,0.287933,-0.96,0.951498
volkan,0.0,137,137-154,0.016667,0.0,0.291667,0.291667,0.016667,0.458333,0.0,0.834718,1.32,1.701172
volkan,0.0,137,137-155,0.575,0.308333,0.6,0.908333,0.625,0.016667,0.0,0.654573,0.84,0.690112
volkan,0.0,137,137-156,0.441667,0.5,0.225,0.725,0.691667,0.0,0.025,0.489858,0.04,0.416881
volkan,0.0,137,137-157,0.441667,0.15,0.658333,0.808333,0.441667,0.058333,0.0,0.707173,1.2,0.929898
volkan,0.0,137,137-158,0.433333,0.133333,0.658333,0.791667,0.433333,0.066667,0.0,0.715801,0.96,0.977539
volkan,0.0,137,137-159,0.458333,0.5,0.425,0.925,0.725,0.0,0.0,0.570586,0.24,0.489177
volkan,0.0,137,137-160,0.075,0.375,0.0,0.375,0.375,0.0,0.35,0.352286,-0.24,0.659017
volkan,0.0,137,137-161,0.5,0.5,0.325,0.825,0.775,0.0,0.0,0.527239,0.12,0.399424
volkan,0.0,137,137-162,0.0,0.041667,0.0,0.041667,0.041667,0.0,0.75,0.231292,-1.28,1.274547
volkan,0.0,137,137-163,0.608333,0.408333,0.5,0.908333,0.7,0.033333,0.0,0.643194,1.04,0.640024
volkan,0.0,137,137-164,0.358333,0.558333,0.05,0.608333,0.608333,0.0,0.141667,0.438473,-0.44,0.425028
volkan,0.0,137,137-165,0.375,0.091667,0.65,0.741667,0.375,0.141667,0.0,0.73545,1.0,1.080598
volkan,0.0,137,137-166,0.533333,0.483333,0.333333,0.816667,0.733333,0.0,0.0,0.532095,0.32,0.445273
volkan,0.0,137,137-167,0.391667,0.558333,0.108333,0.666667,0.666667,0.0,0.108333,0.454792,-0.64,0.417575
volkan,0.0,137,137-168,0.016667,0.2,0.0,0.2,0.2,0.0,0.516667,0.300115,-0.76,0.898643
volkan,0.0,137,137-169,0.516667,0.483333,0.466667,0.95,0.733333,0.008333,0.0,0.611967,0.72,0.541965
volkan,0.0,137,137-170,0.575,0.516667,0.408333,0.925,0.8,0.0,0.0,0.566136,0.36,0.451073
volkan,0.0,137,137-171,0.291667,0.55,0.033333,0.583333,0.583333,0.0,0.133333,0.423556,-0.48,0.451632
volkan,0.0,137,137-172,0.466667,0.491667,0.266667,0.758333,0.733333,0.0,0.058333,0.499747,0.04,0.424387
volkan,0.0,137,137-173,0.441667,0.141667,0.658333,0.8,0.441667,0.058333,0.0,0.710593,1.08,0.943311
volkan,0.0,137,137-174,0.25,0.508333,0.05,0.558333,0.558333,0.0,0.191667,0.41764,-0.52,0.492502
volkan,0.0,137,137-175,0.0,0.066667,0.0,0.066667,0.066667,0.0,0.75,0.233083,-1.4,1.267399
volkan,0.0,137,137-176,0.533333,0.333333,0.55,0.883333,0.591667,0.041667,0.0,0.663844,0.68,0.745928
volkan,0.0,137,137-177,0.525,0.458333,0.383333,0.841667,0.741667,0.0,0.0,0.543377,-0.04,0.432049
volkan,0.0,137,137-178,0.0,0.0,0.0,0.0,0.0,0.0,0.925,0.185426,-1.36,1.561854
volkan,0.0,137,137-179,0.0,0.0,0.0,0.0,0.0,1.0,0.0,0.938093,2.04,2.826609
volkan,0.0,137,137-180,0.158333,0.416667,0.0,0.416667,0.416667,0.0,0.291667,0.376841,-0.2,0.584019
volkan,0.0,137,137-181,0.441667,0.508333,0.183333,0.691667,0.691667,0.0,0.058333,0.47128,-0.2,0.412458
volkan,0.0,137,137-182,0.0,0.0,0.0,0.0,0.0,0.0,0.966667,0.150504,-1.64,1.853172
volkan,0.0,137,137-183,0.383333,0.558333,0.116667,0.675,0.675,0.0,0.091667,0.457912,-0.08,0.431674
volkan,0.0,137,137-184,0.033333,0.225,0.0,0.225,0.225,0.0,0.491667,0.313281,-1.08,0.836145
volkan,0.0,137,137-185,0.083333,0.341667,0.0,0.341667,0.341667,0.0,0.333333,0.354699,-0.92,0.654697
volkan,0.0,137,137-186,0.0,0.008333,0.0,0.008333,0.008333,0.0,0.783333,0.216869,-1.48,1.365106
volkan,0.0,137,137-187,0.241667,0.441667,0.025,0.466667,0.466667,0.0,0.241667,0.400098,-0.16,0.525601
volkan,0.0,137,137-188,0.108333,0.375,0.0,0.375,0.375,0.0,0.325,0.357159,-0.64,0.64443
volkan,0.0,137,137-189,0.041667,0.225,0.0,0.225,0.225,0.0,0.491667,0.3115,-0.96,0.853185
volkan,0.0,137,137-190,0.033333,0.233333,0.0,0.233333,0.233333,0.0,0.5,0.311016,-1.28,0.853223
volkan,0.0,137,137-191,0.0,0.0,0.0,0.0,0.0,0.0,0.866667,0.187087,-1.56,1.586414
volkan,0.0,137,137-192,0.0,0.0,0.0,0.0,0.0,0.0,1.0,0.096627,-2.08,2.422378
volkan,0.0,137,137-193,0.075,0.325,0.0,0.325,0.325,0.0,0.375,0.345187,-0.6,0.687626
volkan,0.0,137,137-194,0.008333,0.0,0.25,0.25,0.008333,0.641667,0.0,0.853802,1.76,1.882835
volkan,0.0,137,137-195,0.575,0.483333,0.491667,0.975,0.775,0.0,0.0,0.608109,0.52,0.526073
volkan,0.0,137,137-196,0.141667,0.441667,0.0,0.441667,0.441667,0.0,0.266667,0.378378,-0.64,0.56048
volkan,0.0,137,137-197,0.0,0.0,0.0,0.0,0.0,0.0,0.808333,0.221411,-1.04,1.315344
volkan,0.0,137,137-198,0.416667,0.541667,0.141667,0.683333,0.683333,0.0,0.083333,0.465661,-0.4,0.403797
volkan,0.0,137,137-199,0.475,0.483333,0.216667,0.7,0.691667,0.0,0.058333,0.48516,-0.28,0.424995
volkan,0.0,369,369-0,0.516667,0.541667,0.358333,0.9,0.775,0.0,0.0,0.561518,0.52,0.434854
volkan,0.0,369,369-1,0.458333,0.516667,0.191667,0.708333,0.683333,0.0,0.025,0.484597,0.16,0.415205
volkan,0.0,369,369-2,0.266667,0.033333,0.6,0.633333,0.266667,0.166667,0.0,0.761494,1.28,1.234811
volkan,0.0,369,369-3,0.05,0.216667,0.0,0.216667,0.216667,0.0,0.491667,0.308367,-1.28,0.870339
volkan,0.0,369,369-4,0.475,0.525,0.383333,0.908333,0.825,0.0,0.0,0.549811,0.28,0.408719
volkan,0.0,369,369-5,0.525,0.508333,0.375,0.883333,0.741667,0.0,0.0,0.558327,0.4,0.460287
volkan,0.0,369,369-6,0.008333,0.2,0.0,0.2,0.2,0.0,0.5,0.302774,-1.16,0.882673
volkan,0.0,369,369-7,0.475,0.491667,0.391667,0.883333,0.741667,0.0,0.0,0.552373,0.44,0.455165
volkan,0.0,369,369-8,0.466667,0.466667,0.258333,0.725,0.7,0.0,0.025,0.498979,-0.08,0.428668
volkan,0.0,369,369-9,0.0,0.0,0.2,0.2,0.0,0.608333,0.0,0.860755,1.84,1.924305
volkan,0.0,369,369-10,0.641667,0.325,0.575,0.9,0.658333,0.0,0.0,0.659492,0.96,0.696612
volkan,0.0,369,369-11,0.0,0.0,0.0,0.0,0.0,0.0,1.0,0.028721,-2.36,3.778191
volkan,0.0,369,369-12,0.108333,0.416667,0.0,0.416667,0.416667,0.0,0.316667,0.366097,-0.48,0.609869
volkan,0.0,369,369-13,0.483333,0.491667,0.291667,0.783333,0.7,0.0,0.0,0.523134,0.28,0.44166
volkan,0.0,369,369-14,0.0,0.0,0.0,0.0,0.0,0.0,1.0,0.039584,-2.0,3.37719
volkan,0.0,369,369-15,0.0,0.0,0.0,0.0,0.0,0.0,1.0,0.049186,-2.32,3.209039
volkan,0.0,369,369-16,0.541667,0.483333,0.366667,0.85,0.758333,0.0,0.0,0.543416,0.32,0.429867
volkan,0.0,369,369-17,0.0,0.0,0.0,0.0,0.0,0.0,0.991667,0.12932,-1.72,2.036563
volkan,0.0,369,369-18,0.166667,0.0,0.491667,0.491667,0.166667,0.275,0.0,0.793901,1.56,1.434378
volkan,0.0,369,369-19,0.041667,0.258333,0.0,0.258333,0.258333,0.0,0.433333,0.326914,-0.96,0.770272
volkan,0.0,369,369-20,0.416667,0.491667,0.15,0.641667,0.641667,0.0,0.083333,0.461752,-0.08,0.415719
volkan,0.0,369,369-21,0.35,0.15,0.591667,0.741667,0.35,0.1,0.0,0.726402,1.24,1.039454
volkan,0.0,369,369-22,0.2,0.475,0.016667,0.491667,0.491667,0.0,0.216667,0.393842,-0.56,0.528829
volkan,0.0,369,369-23,0.333333,0.066667,0.65,0.716667,0.333333,0.108333,0.0,0.735383,1.12,1.075801
volkan,0.0,369,369-24,0.141667,0.45,0.0,0.45,0.45,0.0,0.258333,0.377982,-0.72,0.570734
volkan,0.0,369,369-25,0.208333,0.483333,0.0,0.483333,0.483333,0.0,0.233333,0.391281,-0.36,0.542148
volkan,0.0,369,369-26,0.383333,0.066667,0.683333,0.75,0.383333,0.091667,0.0,0.730221,0.92,1.041402
volkan,0.0,369,369-27,0.133333,0.441667,0.0,0.441667,0.441667,0.0,0.291667,0.376177,-0.68,0.592483
volkan,0.0,369,369-28,0.0,0.025,0.0,0.025,0.025,0.0,0.766667,0.240419,-1.24,1.208488
volkan,0.0,369,369-29,0.483333,0.533333,0.325,0.858333,0.766667,0.0,0.0,0.539556,0.56,0.418422
volkan,0.0,369,369-30,0.533333,0.458333,0.5,0.958333,0.733333,0.0,0.0,0.611274,0.48,0.551498
volkan,0.0,369,369-31,0.4,0.55,0.125,0.675,0.675,0.0,0.05,0.465894,-0.36,0.394312
volkan,0.0,369,369-32,0.158333,0.408333,0.0,0.408333,0.408333,0.0,0.291667,0.380005,-0.56,0.572686
volkan,0.0,369,369-33,0.0,0.0,0.0,0.0,0.0,0.0,1.0,0.09793,-1.88,2.394897
volkan,0.0,369,369-34,0.075,0.383333,0.0,0.383333,0.383333,0.0,0.333333,0.35542,-0.68,0.637399
volkan,0.0,369,369-35,0.416667,0.491667,0.2,0.691667,0.683333,0.0,0.066667,0.477782,0.12,0.434464
volkan,0.0,369,369-36,0.075,0.333333,0.0,0.333333,0.333333,0.0,0.35,0.346711,-0.96,0.697503
volkan,0.0,369,369-37,0.541667,0.391667,0.525,0.916667,0.675,0.016667,0.0,0.640055,0.92,0.647307
volkan,0.0,369,369-38,0.441667,0.533333,0.2,0.733333,0.725,0.0,0.025,0.489547,0.2,0.396897
volkan,0.0,369,369-39,0.558333,0.5,0.433333,0.933333,0.775,0.0,0.0,0.590724,0.88,0.498721
volkan,0.0,369,369-40,0.508333,0.425,0.566667,0.991667,0.708333,0.0,0.0,0.616472,0.12,0.576561
volkan,0.0,369,369-41,0.066667,0.358333,0.0,0.358333,0.358333,0.0,0.35,0.351198,-0.36,0.654368
volkan,0.0,369,369-42,0.091667,0.316667,0.0,0.316667,0.316667,0.0,0.366667,0.338916,-0.92,0.727963
volkan,0.0,369,369-43,0.0,0.025,0.0,0.025,0.025,0.0,0.791667,0.211914,-1.64,1.411606
volkan,0.0,369,369-44,0.05,0.233333,0.0,0.233333,0.233333,0.0,0.475,0.311638,-0.88,0.852635
volkan,0.0,369,369-45,0.425,0.566667,0.116667,0.683333,0.683333,0.0,0.05,0.468356,-0.52,0.374978
volkan,0.0,369,369-46,0.533333,0.458333,0.483333,0.941667,0.725,0.0,0.0,0.591413,0.04,0.512052
volkan,0.0,369,369-47,0.008333,0.108333,0.0,0.108333,0.108333,0.0,0.658333,0.26808,-1.32,1.063811
volkan,0.0,369,369-48,0.491667,0.533333,0.275,0.808333,0.75,0.0,0.0,0.516561,0.12,0.40783
volkan,0.0,369,369-49,0.0,0.0,0.0,0.0,0.0,0.0,0.966667,0.154023,-1.76,1.824788
volkan,0.0,369,369-50,0.0,0.016667,0.0,0.016667,0.016667,0.0,0.85,0.198657,-1.6,1.500959
volkan,0.0,369,369-51,0.508333,0.55,0.341667,0.891667,0.766667,0.0,0.0,0.55352,0.48,0.44463
volkan,0.0,369,369-52,0.183333,0.0,0.45,0.45,0.183333,0.266667,0.0,0.792139,1.68,1.407223
volkan,0.0,369,369-53,0.566667,0.383333,0.541667,0.925,0.65,0.008333,0.0,0.645326,0.52,0.655521
volkan,0.0,369,369-54,0.041667,0.275,0.0,0.275,0.275,0.0,0.391667,0.333315,-0.76,0.738067
volkan,0.0,369,369-55,0.541667,0.191667,0.666667,0.858333,0.55,0.058333,0.0,0.690576,1.08,0.857142
volkan,0.0,369,369-56,0.541667,0.516667,0.325,0.841667,0.783333,0.0,0.0,0.532155,-0.32,0.416703
volkan,0.0,369,369-57,0.075,0.283333,0.0,0.283333,0.283333,0.0,0.358333,0.344026,-0.96,0.683909
volkan,0.0,369,369-58,0.0,0.033333,0.0,0.033333,0.033333,0.0,0.808333,0.212982,-1.88,1.40725
volkan,0.0,369,369-59,0.525,0.541667,0.3,0.841667,0.758333,0.0,0.0,0.535566,0.08,0.431936
volkan,0.0,369,369-60,0.266667,0.483333,0.033333,0.516667,0.516667,0.0,0.158333,0.417397,-0.24,0.462969
volkan,0.0,369,369-61,0.0,0.0,0.0,0.0,0.0,0.0,1.0,0.123439,-1.6,2.070378
volkan,0.0,369,369-62,0.55,0.558333,0.316667,0.875,0.816667,0.0,0.0,0.538156,-0.12,0.396512
volkan,0.0,369,369-63,0.0,0.0,0.0,0.0,0.0,0.0,0.983333,0.130448,-1.84,2.039889
volkan,0.0,369,369-64,0.125,0.416667,0.0,0.416667,0.416667,0.0,0.283333,0.369004,-0.32,0.596722
volkan,0.0,369,369-65,0.566667,0.258333,0.608333,0.866667,0.591667,0.025,0.0,0.669687,0.72,0.750952
volkan,0.0,369,369-66,0.0,0.066667,0.0,0.066667,0.066667,0.0,0.725,0.23884,-1.32,1.239076
volkan,0.0,369,369-67,0.416667,0.1,0.65,0.75,0.416667,0.141667,0.0,0.72762,1.08,1.049039
volkan,0.0,369,369-68,0.591667,0.375,0.583333,0.958333,0.675,0.0,0.0,0.641218,0.48,0.626275
volkan,0.0,369,369-69,0.0,0.0,0.0,0.0,0.0,0.0,0.858333,0.19534,-1.52,1.51614
volkan,0.0,369,369-70,0.308333,0.05,0.683333,0.733333,0.308333,0.116667,0.0,0.741501,1.0,1.101166
volkan,0.0,369,369-71,0.141667,0.425,0.0,0.425,0.425,0.0,0.25,0.376519,-0.52,0.572045
volkan,0.0,369,369-72,0.033333,0.208333,0.0,0.208333,0.208333,0.0,0.491667,0.305215,-1.0,0.886049
volkan,0.0,369,369-73,0.575,0.466667,0.458333,0.925,0.733333,0.0,0.0,0.600227,0.48,0.52225
volkan,0.0,369,369-74,0.066667,0.0,0.491667,0.491667,0.066667,0.3,0.0,0.805,1.32,1.482462
volkan,0.0,369,369-75,0.625,0.416667,0.541667,0.958333,0.741667,0.0,0.0,0.625883,1.0,0.567564
volkan,0.0,369,369-76,0.466667,0.458333,0.316667,0.775,0.683333,0.0,0.008333,0.523338,0.12,0.439675
volkan,0.0,369,369-77,0.508333,0.475,0.508333,0.983333,0.725,0.0,0.0,0.606273,0.44,0.543533
volkan,0.0,369,369-78,0.533333,0.241667,0.616667,0.858333,0.566667,0.05,0.0,0.677601,1.0,0.793825
volkan,0.0,369,369-79,0.0,0.0,0.05,0.05,0.0,0.783333,0.0,0.889404,1.96,2.182616
volkan,0.0,369,369-80,0.525,0.425,0.541667,0.966667,0.691667,0.0,0.0,0.623933,0.24,0.586912
volkan,0.0,369,369-81,0.516667,0.541667,0.266667,0.808333,0.775,0.0,0.008333,0.514954,-0.2,0.392225
volkan,0.0,369,369-82,0.25,0.041667,0.625,0.666667,0.25,0.133333,0.0,0.75544,1.04,1.179693
volkan,0.0,369,369-83,0.041667,0.225,0.0,0.225,0.225,0.0,0.491667,0.306223,-1.04,0.883039
volkan,0.0,369,369-84,0.316667,0.016667,0.708333,0.725,0.316667,0.1,0.0,0.74389,1.32,1.116252
volkan,0.0,369,369-85,0.0,0.0,0.133333,0.133333,0.0,0.733333,0.0,0.879068,2.04,2.089965
volkan,0.0,369,369-86,0.0,0.141667,0.0,0.141667,0.141667,0.0,0.541667,0.295029,-0.88,0.914444
volkan,0.0,369,369-87,0.633333,0.241667,0.691667,0.933333,0.65,0.0,0.0,0.665599,1.12,0.717928
volkan,0.0,369,369-88,0.491667,0.175,0.683333,0.858333,0.541667,0.033333,0.0,0.682602,1.28,0.818563
volkan,0.0,369,369-89,0.0,0.016667,0.0,0.016667,0.016667,0.0,0.8,0.222537,-1.2,1.318222
volkan,0.0,369,369-90,0.0,0.0,0.0,0.0,0.0,0.0,1.0,0.089121,-2.0,2.503911
volkan,0.0,369,369-91,0.0,0.0,0.0,0.0,0.0,1.0,0.0,0.93937,2.16,2.876088
volkan,0.0,369,369-92,0.0,0.0,0.0,0.0,0.0,0.0,1.0,0.090587,-1.88,2.469662
volkan,0.0,369,369-93,0.108333,0.0,0.458333,0.458333,0.108333,0.233333,0.0,0.794939,1.52,1.414093
volkan,0.0,369,369-94,0.0,0.0,0.225,0.225,0.0,0.45,0.0,0.840169,1.48,1.7286
volkan,0.0,369,369-95,0.0,0.033333,0.0,0.033333,0.033333,0.0,0.816667,0.207408,-1.68,1.433537
volkan,0.0,369,369-96,0.158333,0.4,0.008333,0.408333,0.408333,0.0,0.291667,0.375147,-0.36,0.587994
volkan,0.0,369,369-97,0.0,0.0,0.0,0.0,0.0,0.0,1.0,0.104781,-2.04,2.307739
volkan,0.0,369,369-98,0.05,0.2,0.0,0.2,0.2,0.0,0.508333,0.305712,-1.32,0.891111
volkan,0.0,369,369-99,0.0,0.0,0.0,0.0,0.0,0.0,1.0,0.050576,-2.24,3.165863
volkan,0.0,369,369-100,0.0,0.0,0.0,0.0,0.0,0.883333,0.0,0.912177,2.16,2.469723
volkan,0.0,369,369-101,0.008333,0.158333,0.0,0.158333,0.158333,0.0,0.558333,0.289473,-1.08,0.954221
volkan,0.0,369,369-102,0.116667,0.375,0.008333,0.383333,0.383333,0.0,0.308333,0.360905,-0.72,0.642616
volkan,0.0,369,369-103,0.0,0.0,0.0,0.0,0.0,0.0,1.0,0.087204,-2.08,2.551195
volkan,0.0,369,369-104,0.5,0.166667,0.683333,0.85,0.533333,0.066667,0.0,0.689917,1.08,0.852054
volkan,0.0,369,369-105,0.558333,0.541667,0.391667,0.933333,0.808333,0.0,0.0,0.561051,0.28,0.437596
volkan,0.0,369,369-106,0.408333,0.091667,0.658333,0.75,0.408333,0.133333,0.0,0.72556,0.92,1.037478
volkan,0.0,369,369-107,0.491667,0.491667,0.3,0.791667,0.733333,0.0,0.008333,0.522382,0.12,0.426947
volkan,0.0,369,369-108,0.3,0.533333,0.058333,0.591667,0.591667,0.0,0.15,0.428413,-0.36,0.459416
volkan,0.0,369,369-109,0.45,0.5,0.15,0.65,0.65,0.0,0.05,0.470453,0.08,0.421725
volkan,0.0,369,369-110,0.025,0.0,0.266667,0.266667,0.025,0.583333,0.0,0.850148,1.56,1.846085
volkan,0.0,369,369-111,0.558333,0.458333,0.508333,0.966667,0.733333,0.0,0.0,0.606157,0.28,0.544167
volkan,0.0,369,369-112,0.0,0.066667,0.0,0.066667,0.066667,0.0,0.641667,0.265534,-0.8,1.068679
volkan,0.0,369,369-113,0.516667,0.516667,0.416667,0.933333,0.8,0.0,0.0,0.561863,0.28,0.443841
volkan,0.0,369,369-114,0.5,0.491667,0.383333,0.875,0.766667,0.0,0.016667,0.543961,0.2,0.432916
volkan,0.0,369,369-115,0.025,0.258333,0.0,0.258333,0.258333,0.0,0.4,0.331434,-0.76,0.741216
volkan,0.0,369,369-116,0.433333,0.583333,0.133333,0.716667,0.716667,0.0,0.033333,0.477932,0.24,0.391952
volkan,0.0,369,369-117,0.0,0.066667,0.0,0.066667,0.066667,0.0,0.716667,0.238523,-1.48,1.235633
volkan,0.0,369,369-118,0.475,0.2,0.6,0.8,0.475,0.125,0.0,0.707247,1.0,0.941391
volkan,0.0,369,369-119,0.55,0.258333,0.583333,0.841667,0.575,0.041667,0.0,0.678689,0.8,0.799799
volkan,0.0,369,369-120,0.0,0.0,0.0,0.0,0.0,0.0,0.958333,0.156178,-1.64,1.790594
volkan,0.0,369,369-121,0.0,0.0,0.0,0.0,0.0,0.0,0.95,0.160737,-1.76,1.760254
volkan,0.0,369,369-122,0.516667,0.141667,0.691667,0.833333,0.516667,0.075,0.0,0.706217,1.04,0.924314
volkan,0.0,369,369-123,0.175,0.033333,0.491667,0.525,0.175,0.233333,0.0,0.783273,1.32,1.357228
volkan,0.0,369,369-124,0.0,0.0,0.0,0.0,0.0,0.0,1.0,0.085378,-1.96,2.541407
volkan,0.0,369,369-125,0.383333,0.083333,0.691667,0.775,0.383333,0.083333,0.0,0.727031,1.4,1.033355
volkan,0.0,369,369-126,0.566667,0.35,0.55,0.9,0.633333,0.025,0.0,0.65655,0.76,0.706549
volkan,0.0,369,369-127,0.216667,0.033333,0.55,0.583333,0.216667,0.241667,0.0,0.775247,1.16,1.324268
volkan,0.0,369,369-128,0.575,0.541667,0.441667,0.983333,0.833333,0.0,0.0,0.585333,0.44,0.460815
volkan,0.0,369,369-129,0.0,0.0,0.175,0.175,0.0,0.616667,0.0,0.865521,1.88,1.972731
volkan,0.0,369,369-130,0.541667,0.341667,0.525,0.866667,0.608333,0.025,0.0,0.664448,0.84,0.745398
volkan,0.0,369,369-131,0.533333,0.458333,0.5,0.958333,0.708333,0.0,0.0,0.617374,0.6,0.572136
volkan,0.0,369,369-132,0.566667,0.491667,0.491667,0.983333,0.766667,0.0,0.0,0.607358,0.56,0.519573
volkan,0.0,369,369-133,0.0,0.0,0.0,0.0,0.0,0.0,0.983333,0.138462,-1.68,1.960871
volkan,0.0,369,369-134,0.491667,0.516667,0.358333,0.875,0.733333,0.0,0.0,0.556217,0.68,0.464172
volkan,0.0,369,369-135,0.0,0.0,0.05,0.05,0.0,0.766667,0.0,0.891496,1.92,2.239986
volkan,0.0,369,369-136,0.1,0.0,0.466667,0.466667,0.1,0.283333,0.0,0.798241,1.56,1.439406
volkan,0.0,369,369-137,0.016667,0.158333,0.0,0.158333,0.158333,0.0,0.491667,0.300905,-0.96,0.889577
volkan,0.0,369,369-138,0.366667,0.125,0.616667,0.741667,0.366667,0.1,0.0,0.729988,1.28,1.054842
volkan,0.0,369,369-139,0.491667,0.483333,0.508333,0.991667,0.733333,0.0,0.0,0.601181,0.44,0.530007
volkan,0.0,369,369-140,0.0,0.0,0.0,0.0,0.0,0.0,0.975,0.144253,-1.8,1.906192
volkan,0.0,369,369-141,0.108333,0.391667,0.0,0.391667,0.391667,0.0,0.325,0.361885,-0.56,0.624188
volkan,0.0,369,369-142,0.0,0.0,0.0,0.0,0.0,0.0,1.0,0.109892,-2.08,2.27293
volkan,0.0,369,369-143,0.441667,0.125,0.666667,0.791667,0.441667,0.066667,0.0,0.711999,0.96,0.956309
volkan,0.0,369,369-144,0.325,0.508333,0.058333,0.566667,0.566667,0.0,0.133333,0.434564,-0.12,0.433536
volkan,0.0,369,369-145,0.0,0.008333,0.0,0.008333,0.008333,0.0,0.808333,0.206414,-1.52,1.441611
volkan,0.0,369,369-146,0.508333,0.466667,0.466667,0.933333,0.725,0.0,0.0,0.592195,0.6,0.525391
volkan,0.0,369,369-147,0.508333,0.475,0.316667,0.791667,0.725,0.0,0.016667,0.523043,-0.0,0.421245
volkan,0.0,369,369-148,0.016667,0.125,0.0,0.125,0.125,0.0,0.641667,0.27491,-1.32,1.033879
volkan,0.0,369,369-149,0.358333,0.116667,0.633333,0.75,0.358333,0.075,0.0,0.72648,1.04,1.024615
volkan,0.0,369,369-150,0.541667,0.425,0.55,0.975,0.716667,0.0,0.0,0.62388,0.24,0.586404
volkan,0.0,369,369-151,0.283333,0.533333,0.016667,0.55,0.55,0.0,0.166667,0.421361,-0.44,0.462108
volkan,0.0,369,369-152,0.516667,0.558333,0.316667,0.875,0.808333,0.0,0.0,0.533221,0.24,0.400479
volkan,0.0,369,369-153,0.308333,0.058333,0.591667,0.65,0.308333,0.166667,0.0,0.758105,1.2,1.214565
volkan,0.0,369,369-154,0.0,0.0,0.0,0.0,0.0,0.0,1.0,0.076639,-1.92,2.656241
volkan,0.0,369,369-155,0.216667,0.008333,0.558333,0.566667,0.216667,0.208333,0.0,0.775556,1.48,1.307325
volkan,0.0,369,369-156,0.0,0.075,0.0,0.075,0.075,0.0,0.725,0.240015,-1.48,1.232204
volkan,0.0,369,369-157,0.15,0.425,0.0,0.425,0.425,0.0,0.258333,0.374063,-0.92,0.595288
volkan,0.0,369,369-158,0.541667,0.175,0.683333,0.858333,0.541667,0.033333,0.0,0.689039,0.84,0.834507
volkan,0.0,369,369-159,0.266667,0.491667,0.016667,0.508333,0.508333,0.0,0.191667,0.408503,-0.4,0.490511
volkan,0.0,369,369-160,0.108333,0.0,0.45,0.45,0.108333,0.3,0.0,0.801889,1.56,1.46054
volkan,0.0,369,369-161,0.008333,0.15,0.0,0.15,0.15,0.0,0.516667,0.296621,-0.84,0.909227
volkan,0.0,369,369-162,0.275,0.541667,0.041667,0.583333,0.583333,0.0,0.116667,0.426687,-0.56,0.43484
volkan,0.0,369,369-163,0.0,0.0,0.0,0.0,0.0,0.0,1.0,0.044966,-2.2,3.276285
volkan,0.0,369,369-164,0.275,0.058333,0.616667,0.675,0.275,0.141667,0.0,0.75338,1.2,1.18726
volkan,0.0,369,369-165,0.0,0.008333,0.0,0.008333,0.008333,0.0,0.875,0.195583,-1.56,1.509264
volkan,0.0,369,369-166,0.1,0.0,0.341667,0.341667,0.1,0.483333,0.0,0.827255,1.64,1.660971
volkan,0.0,369,369-167,0.55,0.358333,0.516667,0.875,0.625,0.016667,0.0,0.658644,0.64,0.715754
volkan,0.0,369,369-168,0.158333,0.0,0.558333,0.558333,0.158333,0.216667,0.0,0.781761,1.48,1.346678
volkan,0.0,369,369-169,0.108333,0.35,0.0,0.35,0.35,0.0,0.358333,0.350312,-0.52,0.678101
volkan,0.0,369,369-170,0.475,0.433333,0.516667,0.95,0.691667,0.0,0.0,0.622638,0.24,0.599934
volkan,0.0,369,369-171,0.175,0.433333,0.008333,0.441667,0.441667,0.0,0.3,0.378656,-0.6,0.58498
volkan,0.0,369,369-172,0.458333,0.566667,0.141667,0.708333,0.708333,0.0,0.041667,0.477825,-0.16,0.397541
volkan,0.0,369,369-173,0.5,0.566667,0.2,0.766667,0.75,0.0,0.066667,0.491562,-0.48,0.399412
volkan,0.0,369,369-174,0.466667,0.458333,0.366667,0.825,0.683333,0.0,0.0,0.551891,0.48,0.500385
volkan,0.0,369,369-175,0.083333,0.375,0.0,0.375,0.375,0.0,0.333333,0.355083,-0.64,0.655986
volkan,0.0,369,369-176,0.541667,0.458333,0.483333,0.941667,0.766667,0.0,0.0,0.583939,0.32,0.497078
volkan,0.0,369,369-177,0.425,0.15,0.6,0.75,0.425,0.108333,0.0,0.727856,1.16,1.048829
volkan,0.0,369,369-178,0.075,0.366667,0.0,0.366667,0.366667,0.0,0.358333,0.347549,-0.68,0.685041
volkan,0.0,369,369-179,0.0,0.0,0.0,0.0,0.0,0.0,0.933333,0.172545,-1.32,1.658424
volkan,0.0,369,369-180,0.483333,0.533333,0.358333,0.891667,0.775,0.0,0.0,0.544278,0.24,0.426773
volkan,0.0,369,369-181,0.491667,0.508333,0.416667,0.925,0.791667,0.0,0.0,0.555939,0.28,0.432864
volkan,0.0,369,369-182,0.558333,0.466667,0.491667,0.958333,0.716667,0.0,0.0,0.621855,0.4,0.575518
volkan,0.0,369,369-183,0.45,0.508333,0.25,0.758333,0.716667,0.0,0.0,0.500815,0.12,0.422002
volkan,0.0,369,369-184,0.391667,0.525,0.108333,0.633333,0.633333,0.0,0.141667,0.448036,-0.44,0.450985
volkan,0.0,369,369-185,0.0,0.0,0.0,0.0,0.0,0.0,0.941667,0.163128,-1.68,1.743023
volkan,0.0,369,369-186,0.083333,0.358333,0.0,0.358333,0.358333,0.0,0.316667,0.356441,-0.88,0.644301
volkan,0.0,369,369-187,0.308333,0.516667,0.058333,0.575,0.575,0.0,0.125,0.429507,-0.48,0.459046
volkan,0.0,369,369-188,0.0,0.116667,0.0,0.116667,0.116667,0.0,0.583333,0.278612,-1.08,1.010196
volkan,0.0,369,369-189,0.475,0.516667,0.308333,0.825,0.741667,0.0,0.008333,0.52077,0.16,0.414569
volkan,0.0,369,369-190,0.516667,0.475,0.45,0.925,0.733333,0.0,0.0,0.593769,0.64,0.514088
volkan,0.0,369,369-191,0.458333,0.533333,0.291667,0.825,0.75,0.0,0.0,0.521902,0.36,0.413811
volkan,0.0,369,369-192,0.191667,0.466667,0.008333,0.475,0.475,0.0,0.25,0.393997,-0.4,0.534056
volkan,0.0,369,369-193,0.433333,0.533333,0.191667,0.725,0.725,0.0,0.091667,0.481816,-0.08,0.44631
volkan,0.0,369,369-194,0.55,0.491667,0.475,0.966667,0.775,0.0,0.0,0.60157,0.52,0.519489
volkan,0.0,369,369-195,0.0,0.0,0.0,0.0,0.0,0.0,1.0,0.038886,-2.24,3.443531
volkan,0.0,369,369-196,0.216667,0.516667,0.008333,0.525,0.525,0.0,0.183333,0.404225,-0.16,0.486313
volkan,0.0,369,369-197,0.0,0.0,0.0,0.0,0.0,0.0,1.0,0.119784,-2.08,2.178524
volkan,0.0,369,369-198,0.541667,0.516667,0.466667,0.983333,0.758333,0.0,0.0,0.602496,0.68,0.514957
volkan,0.0,369,369-199,0.0,0.0,0.0,0.0,0.0,0.0,1.0,0.089172,-1.76,2.457653
volkan,0.0,1024,1024-0,0.133333,0.383333,0.0,0.383333,0.383333,0.0,0.3,0.371112,-0.68,0.598082
volkan,0.0,1024,1024-1,0.433333,0.533333,0.15,0.683333,0.683333,0.0,0.075,0.466526,-0.28,0.403279
volkan,0.0,1024,1024-2,0.0,0.0,0.0,0.0,0.0,0.85,0.0,0.910266,2.2,2.461536
volkan,0.0,1024,1024-3,0.491667,0.475,0.308333,0.783333,0.75,0.0,0.016667,0.51324,0.04,0.410636
volkan,0.0,1024,1024-4,0.125,0.0,0.441667,0.441667,0.125,0.358333,0.0,0.804815,1.4,1.498996
volkan,0.0,1024,1024-5,0.5,0.425,0.541667,0.966667,0.683333,0.0,0.0,0.613686,-0.0,0.576717
volkan,0.0,1024,1024-6,0.4,0.5,0.133333,0.633333,0.633333,0.0,0.133333,0.448267,-0.24,0.441951
volkan,0.0,1024,1024-7,0.033333,0.208333,0.0,0.208333,0.208333,0.0,0.466667,0.313012,-1.04,0.834872
volkan,0.0,1024,1024-8,0.266667,0.483333,0.025,0.508333,0.508333,0.0,0.183333,0.410739,-0.16,0.494114
volkan,0.0,1024,1024-9,0.533333,0.45,0.508333,0.958333,0.733333,0.0,0.0,0.599056,0.08,0.525696
volkan,0.0,1024,1024-10,0.0,0.0,0.0,0.0,0.0,0.0,0.941667,0.168145,-1.44,1.699115
volkan,0.0,1024,1024-11,0.283333,0.483333,0.05,0.533333,0.533333,0.0,0.241667,0.415205,-0.08,0.501677
volkan,0.0,1024,1024-12,0.083333,0.0,0.4,0.4,0.083333,0.408333,0.0,0.817341,1.64,1.582749
volkan,0.0,1024,1024-13,0.525,0.316667,0.558333,0.875,0.55,0.016667,0.0,0.668456,0.52,0.746149
volkan,0.0,1024,1024-14,0.508333,0.533333,0.35,0.883333,0.783333,0.0,0.0,0.543379,0.0,0.420499
volkan,0.0,1024,1024-15,0.216667,0.483333,0.033333,0.516667,0.516667,0.0,0.216667,0.402441,-0.28,0.517202
volkan,0.0,1024,1024-16,0.0,0.133333,0.0,0.133333,0.133333,0.0,0.558333,0.284605,-0.72,0.981019
volkan,0.0,1024,1024-17,0.0,0.0,0.125,0.125,0.0,0.691667,0.0,0.876247,1.88,2.078422
volkan,0.0,1024,1024-18,0.525,0.433333,0.5,0.933333,0.691667,0.016667,0.0,0.62567,0.68,0.612438
volkan,0.0,1024,1024-19,0.0,0.058333,0.0,0.058333,0.058333,0.0,0.75,0.232181,-1.48,1.271539
volkan,0.0,1024,1024-20,0.0,0.141667,0.0,0.141667,0.141667,0.0,0.541667,0.289892,-0.84,0.940431
volkan,0.0,1024,1024-21,0.125,0.408333,0.0,0.408333,0.408333,0.0,0.325,0.361933,-0.72,0.636334
volkan,0.0,1024,1024-22,0.175,0.5,0.0,0.5,0.5,0.0,0.208333,0.398155,-0.64,0.499104
volkan,0.0,1024,1024-23,0.575,0.408333,0.533333,0.941667,0.716667,0.0,0.0,0.62888,0.88,0.60189
volkan,0.0,1024,1024-24,0.291667,0.083333,0.508333,0.591667,0.291667,0.183333,0.0,0.755994,1.48,1.212827
volkan,0.0,1024,1024-25,0.366667,0.525,0.1,0.625,0.625,0.0,0.108333,0.44853,-0.2,0.428852
volkan,0.0,1024,1024-26,0.35,0.075,0.675,0.75,0.35,0.125,0.0,0.735802,1.2,1.085502
volkan,0.0,1024,1024-27,0.0,0.008333,0.0,0.008333,0.008333,0.0,0.858333,0.19761,-1.4,1.4942
volkan,0.0,1024,1024-28,0.55,0.483333,0.475,0.958333,0.75,0.0,0.0,0.611542,0.72,0.53989
volkan,0.0,1024,1024-29,0.6,0.35,0.558333,0.908333,0.658333,0.008333,0.0,0.647688,0.96,0.662248
volkan,0.0,1024,1024-30,0.3,0.058333,0.6,0.658333,0.3,0.15,0.0,0.751964,1.44,1.177483
volkan,0.0,1024,1024-31,0.45,0.183333,0.608333,0.791667,0.45,0.075,0.0,0.706861,1.08,0.934209
volkan,0.0,1024,1024-32,0.433333,0.166667,0.666667,0.833333,0.441667,0.05,0.0,0.705427,1.44,0.922544
volkan,0.0,1024,1024-33,0.0,0.0,0.0,0.0,0.0,0.0,1.0,0.098995,-2.04,2.390332
volkan,0.0,1024,1024-34,0.083333,0.408333,0.0,0.408333,0.408333,0.0,0.358333,0.360699,-0.4,0.627674
volkan,0.0,1024,1024-35,0.0,0.0,0.0,0.0,0.0,0.0,0.991667,0.140307,-1.84,1.940223
volkan,0.0,1024,1024-36,0.3,0.5,0.083333,0.583333,0.583333,0.0,0.141667,0.434911,-0.28,0.451585
volkan,0.0,1024,1024-37,0.0,0.0,0.0,0.0,0.0,0.0,1.0,0.097495,-2.2,2.434588
volkan,0.0,1024,1024-38,0.483333,0.241667,0.566667,0.808333,0.5,0.05,0.0,0.692802,0.96,0.864815
volkan,0.0,1024,1024-39,0.191667,0.508333,0.016667,0.525,0.525,0.0,0.233333,0.400356,-0.76,0.49173
volkan,0.0,1024,1024-40,0.475,0.108333,0.691667,0.8,0.483333,0.066667,0.0,0.711752,0.92,0.952215
volkan,0.0,1024,1024-41,0.058333,0.316667,0.0,0.316667,0.316667,0.0,0.391667,0.337608,-0.68,0.720311
volkan,0.0,1024,1024-42,0.391667,0.491667,0.158333,0.65,0.65,0.0,0.075,0.466396,-0.12,0.419066
volkan,0.0,1024,1024-43,0.558333,0.233333,0.65,0.883333,0.583333,0.033333,0.0,0.681449,0.68,0.803419
volkan,0.0,1024,1024-44,0.0,0.091667,0.0,0.091667,0.091667,0.0,0.7,0.255474,-1.44,1.139134
volkan,0.0,1024,1024-45,0.0,0.0,0.0,0.0,0.0,0.0,1.0,0.104377,-1.76,2.274258
volkan,0.0,1024,1024-46,0.0,0.0,0.0,0.0,0.0,0.841667,0.0,0.910599,2.04,2.456196
volkan,0.0,1024,1024-47,0.0,0.0,0.0,0.0,0.0,0.0,0.991667,0.13055,-1.84,2.045046
volkan,0.0,1024,1024-48,0.608333,0.466667,0.475,0.941667,0.766667,0.0,0.0,0.591253,0.04,0.505548
volkan,0.0,1024,1024-49,0.425,0.233333,0.55,0.783333,0.458333,0.125,0.0,0.706447,1.0,0.944179
volkan,0.0,1024,1024-50,0.55,0.466667,0.45,0.916667,0.716667,0.0,0.0,0.616242,0.72,0.563886
volkan,0.0,1024,1024-51,0.0,0.0,0.0,0.0,0.0,0.0,1.0,0.109663,-2.04,2.263326
volkan,0.0,1024,1024-52,0.508333,0.383333,0.508333,0.891667,0.641667,0.016667,0.0,0.644475,0.52,0.660382
volkan,0.0,1024,1024-53,0.575,0.516667,0.45,0.966667,0.816667,0.0,0.0,0.583233,0.36,0.454477
volkan,0.0,1024,1024-54,0.491667,0.333333,0.516667,0.85,0.583333,0.025,0.0,0.660415,0.72,0.730941
volkan,0.0,1024,1024-55,0.0,0.0,0.0,0.0,0.0,0.0,1.0,0.077941,-2.04,2.659593
volkan,0.0,1024,1024-56,0.45,0.591667,0.166667,0.758333,0.758333,0.0,0.066667,0.484444,-0.04,0.418767
volkan,0.0,1024,1024-57,0.041667,0.183333,0.0,0.183333,0.183333,0.0,0.5,0.298466,-1.12,0.917339
volkan,0.0,1024,1024-58,0.0,0.0,0.0,0.0,0.0,0.0,0.916667,0.175505,-1.6,1.649279
volkan,0.0,1024,1024-59,0.366667,0.516667,0.116667,0.633333,0.633333,0.0,0.108333,0.454521,-0.36,0.432282
volkan,0.0,1024,1024-60,0.0,0.0,0.0,0.0,0.0,0.0,0.95,0.143058,-2.04,1.953214
volkan,0.0,1024,1024-61,0.433333,0.541667,0.175,0.716667,0.716667,0.0,0.05,0.476023,-0.36,0.404831
volkan,0.0,1024,1024-62,0.0,0.116667,0.0,0.116667,0.116667,0.0,0.641667,0.268456,-1.28,1.063412
volkan,0.0,1024,1024-63,0.208333,0.483333,0.008333,0.491667,0.491667,0.0,0.233333,0.396815,-0.68,0.515684
volkan,0.0,1024,1024-64,0.325,0.5,0.05,0.55,0.55,0.0,0.191667,0.426837,-0.24,0.48608
volkan,0.0,1024,1024-65,0.0,0.0,0.0,0.0,0.0,0.0,1.0,0.089871,-2.16,2.500084
volkan,0.0,1024,1024-66,0.416667,0.5,0.2,0.7,0.691667,0.0,0.058333,0.478771,0.08,0.428758
volkan,0.0,1024,1024-67,0.608333,0.508333,0.458333,0.966667,0.766667,0.0,0.0,0.608858,0.68,0.522837
volkan,0.0,1024,1024-68,0.008333,0.191667,0.0,0.191667,0.191667,0.0,0.508333,0.306606,-0.92,0.862749
volkan,0.0,1024,1024-69,0.408333,0.55,0.158333,0.708333,0.708333,0.0,0.058333,0.469779,-0.24,0.407166
volkan,0.0,1024,1024-70,0.491667,0.533333,0.325,0.858333,0.791667,0.0,0.0,0.528401,0.16,0.402545
volkan,0.0,1024,1024-71,0.525,0.533333,0.366667,0.9,0.775,0.0,0.0,0.554507,0.4,0.438334
volkan,0.0,1024,1024-72,0.05,0.216667,0.0,0.216667,0.216667,0.0,0.441667,0.316454,-0.84,0.832123
volkan,0.0,1024,1024-73,0.416667,0.516667,0.15,0.666667,0.666667,0.0,0.091667,0.463346,-0.2,0.429105
volkan,0.0,1024,1024-74,0.175,0.425,0.0,0.425,0.425,0.0,0.241667,0.381497,-0.32,0.562082
volkan,0.0,1024,1024-75,0.5,0.525,0.341667,0.866667,0.75,0.0,0.0,0.548024,0.24,0.442375
volkan,0.0,1024,1024-76,0.0,0.0,0.091667,0.091667,0.0,0.775,0.0,0.887845,2.0,2.17862
volkan,0.0,1024,1024-77,0.375,0.116667,0.583333,0.7,0.375,0.141667,0.0,0.733565,1.28,1.088828
volkan,0.0,1024,1024-78,0.575,0.466667,0.483333,0.95,0.758333,0.0,0.0,0.602067,0.44,0.523021
volkan,0.0,1024,1024-79,0.5,0.491667,0.458333,0.95,0.733333,0.0,0.0,0.597164,0.4,0.536621
volkan,0.0,1024,1024-80,0.416667,0.566667,0.125,0.691667,0.691667,0.0,0.058333,0.466355,-0.28,0.390577
volkan,0.0,1024,1024-81,0.5,0.491667,0.4,0.891667,0.733333,0.0,0.0,0.557713,0.0,0.463326
volkan,0.0,1024,1024-82,0.641667,0.525,0.466667,0.991667,0.816667,0.0,0.0,0.603596,0.56,0.478556
volkan,0.0,1024,1024-83,0.516667,0.5,0.433333,0.933333,0.741667,0.0,0.0,0.576131,0.36,0.474351
volkan,0.0,1024,1024-84,0.0,0.0,0.083333,0.083333,0.0,0.691667,0.0,0.882645,2.08,2.148156
volkan,0.0,1024,1024-85,0.091667,0.383333,0.0,0.383333,0.383333,0.0,0.325,0.359418,-0.92,0.640351
volkan,0.0,1024,1024-86,0.566667,0.325,0.558333,0.883333,0.658333,0.008333,0.0,0.652811,0.96,0.700752
volkan,0.0,1024,1024-87,0.041667,0.325,0.0,0.325,0.325,0.0,0.408333,0.338682,-0.4,0.711895
volkan,0.0,1024,1024-88,0.525,0.233333,0.616667,0.85,0.566667,0.033333,0.0,0.676198,0.92,0.782206
volkan,0.0,1024,1024-89,0.266667,0.483333,0.033333,0.516667,0.516667,0.0,0.166667,0.412994,-0.36,0.487818
volkan,0.0,1024,1024-90,0.0,0.0,0.0,0.0,0.0,0.0,0.908333,0.167639,-1.92,1.720991
volkan,0.0,1024,1024-91,0.558333,0.4,0.5,0.9,0.683333,0.016667,0.0,0.625727,0.8,0.623946
volkan,0.0,1024,1024-92,0.441667,0.566667,0.166667,0.733333,0.725,0.0,0.058333,0.480718,-0.16,0.404763
volkan,0.0,1024,1024-93,0.0,0.0,0.0,0.0,0.0,0.0,1.0,0.12069,-1.76,2.113532
volkan,0.0,1024,1024-94,0.45,0.525,0.266667,0.791667,0.766667,0.0,0.008333,0.504844,0.2,0.394794
volkan,0.0,1024,1024-95,0.475,0.433333,0.433333,0.866667,0.675,0.0,0.0,0.57525,0.36,0.536758
volkan,0.0,1024,1024-96,0.575,0.533333,0.433333,0.966667,0.791667,0.0,0.0,0.583682,0.72,0.44914
volkan,0.0,1024,1024-97,0.475,0.508333,0.341667,0.85,0.75,0.0,0.0,0.532703,0.36,0.421575
volkan,0.0,1024,1024-98,0.0,0.0,0.0,0.0,0.0,0.0,0.933333,0.172902,-1.56,1.663012
volkan,0.0,1024,1024-99,0.441667,0.175,0.608333,0.783333,0.441667,0.058333,0.0,0.708114,0.96,0.941796
volkan,0.0,1024,1024-100,0.45,0.516667,0.216667,0.733333,0.7,0.0,0.041667,0.491177,0.12,0.421986
volkan,0.0,1024,1024-101,0.133333,0.4,0.008333,0.408333,0.408333,0.0,0.3,0.372003,-0.6,0.603768
volkan,0.0,1024,1024-102,0.216667,0.5,0.025,0.525,0.525,0.0,0.2,0.40663,-0.4,0.494554
volkan,0.0,1024,1024-103,0.516667,0.533333,0.291667,0.825,0.8,0.0,0.016667,0.515427,-0.24,0.394086
volkan,0.0,1024,1024-104,0.275,0.491667,0.033333,0.525,0.525,0.0,0.2,0.414939,-0.44,0.497016
volkan,0.0,1024,1024-105,0.275,0.05,0.658333,0.708333,0.275,0.125,0.0,0.749177,1.52,1.154409
volkan,0.0,1024,1024-106,0.525,0.483333,0.358333,0.841667,0.708333,0.0,0.0,0.551456,0.28,0.465016
volkan,0.0,1024,1024-107,0.0,0.125,0.0,0.125,0.125,0.0,0.558333,0.287124,-0.92,0.956695
volkan,0.0,1024,1024-108,0.525,0.55,0.366667,0.916667,0.791667,0.0,0.0,0.554227,0.2,0.417315
volkan,0.0,1024,1024-109,0.008333,0.166667,0.0,0.166667,0.166667,0.0,0.541667,0.29767,-0.76,0.9058
volkan,0.0,1024,1024-110,0.358333,0.516667,0.091667,0.608333,0.608333,0.0,0.116667,0.448741,-0.4,0.432053
volkan,0.0,1024,1024-111,0.341667,0.5,0.116667,0.616667,0.616667,0.0,0.141667,0.447729,0.08,0.466905
volkan,0.0,1024,1024-112,0.15,0.475,0.0,0.475,0.475,0.0,0.241667,0.386659,-0.6,0.529777
volkan,0.0,1024,1024-113,0.483333,0.533333,0.391667,0.925,0.783333,0.0,0.0,0.562703,0.48,0.444239
volkan,0.0,1024,1024-114,0.558333,0.441667,0.475,0.916667,0.716667,0.008333,0.0,0.626204,0.48,0.591479
volkan,0.0,1024,1024-115,0.458333,0.5,0.425,0.925,0.733333,0.0,0.0,0.567656,0.16,0.47217
volkan,0.0,1024,1024-116,0.291667,0.05,0.625,0.675,0.291667,0.141667,0.0,0.750158,1.24,1.163475
volkan,0.0,1024,1024-117,0.075,0.0,0.475,0.475,0.075,0.3,0.0,0.805279,1.36,1.484515
volkan,0.0,1024,1024-118,0.566667,0.283333,0.625,0.908333,0.633333,0.025,0.0,0.662902,0.76,0.73285
volkan,0.0,1024,1024-119,0.0,0.0,0.0,0.0,0.0,0.0,0.941667,0.159912,-1.64,1.78597
volkan,0.0,1024,1024-120,0.491667,0.525,0.375,0.9,0.741667,0.0,0.0,0.562572,0.36,0.459019
volkan,0.0,1024,1024-121,0.0,0.0,0.0,0.0,0.0,0.0,1.0,0.073534,-1.96,2.710811
volkan,0.0,1024,1024-122,0.533333,0.55,0.266667,0.816667,0.8,0.0,0.033333,0.512416,-0.36,0.404613
volkan,0.0,1024,1024-123,0.541667,0.441667,0.516667,0.958333,0.725,0.008333,0.0,0.623651,0.72,0.579619
volkan,0.0,1024,1024-124,0.0,0.091667,0.0,0.091667,0.091667,0.0,0.691667,0.260654,-1.24,1.096891
volkan,0.0,1024,1024-125,0.0,0.0,0.0,0.0,0.0,0.0,0.991667,0.141117,-1.84,1.934882
volkan,0.0,1024,1024-126,0.0,0.1,0.0,0.1,0.1,0.0,0.708333,0.248011,-1.72,1.190793
volkan,0.0,1024,1024-127,0.25,0.5,0.025,0.525,0.525,0.0,0.15,0.420623,-0.32,0.44803
volkan,0.0,1024,1024-128,0.291667,0.05,0.566667,0.616667,0.291667,0.15,0.0,0.758678,1.64,1.21811
volkan,0.0,1024,1024-129,0.05,0.183333,0.0,0.183333,0.183333,0.0,0.566667,0.29451,-1.24,0.949424
volkan,0.0,1024,1024-130,0.241667,0.05,0.541667,0.591667,0.241667,0.166667,0.0,0.762033,1.36,1.243242
volkan,0.0,1024,1024-131,0.416667,0.491667,0.283333,0.775,0.683333,0.0,0.008333,0.511869,0.4,0.42618
volkan,0.0,1024,1024-132,0.575,0.458333,0.508333,0.966667,0.758333,0.0,0.0,0.610308,0.2,0.548068
volkan,0.0,1024,1024-133,0.0,0.0,0.15,0.15,0.0,0.608333,0.0,0.861012,1.56,1.900248
volkan,0.0,1024,1024-134,0.225,0.441667,0.008333,0.45,0.45,0.0,0.266667,0.391335,-0.12,0.559772
volkan,0.0,1024,1024-135,0.225,0.516667,0.008333,0.525,0.525,0.0,0.158333,0.408187,-0.48,0.479073
volkan,0.0,1024,1024-136,0.15,0.0,0.466667,0.466667,0.15,0.291667,0.0,0.792837,1.6,1.410498
volkan,0.0,1024,1024-137,0.0,0.091667,0.0,0.091667,0.091667,0.0,0.716667,0.243889,-1.48,1.212397
volkan,0.0,1024,1024-138,0.0,0.0,0.116667,0.116667,0.0,0.733333,0.0,0.885614,1.88,2.183437
volkan,0.0,1024,1024-139,0.525,0.391667,0.583333,0.975,0.683333,0.0,0.0,0.627903,0.48,0.606288
volkan,0.0,1024,1024-140,0.516667,0.441667,0.491667,0.933333,0.7,0.0,0.0,0.615219,0.56,0.589169
volkan,0.0,1024,1024-141,0.591667,0.383333,0.541667,0.925,0.65,0.016667,0.0,0.646811,0.68,0.656278
volkan,0.0,1024,1024-142,0.525,0.291667,0.566667,0.858333,0.566667,0.058333,0.0,0.677235,0.88,0.799432
volkan,0.0,1024,1024-143,0.0,0.058333,0.0,0.058333,0.058333,0.0,0.791667,0.22516,-1.36,1.322319
volkan,0.0,1024,1024-144,0.0,0.0,0.0,0.0,0.0,0.0,0.933333,0.156017,-1.88,1.819526
volkan,0.0,1024,1024-145,0.258333,0.5,0.025,0.525,0.525,0.0,0.158333,0.412962,-0.56,0.455547
volkan,0.0,1024,1024-146,0.425,0.15,0.6,0.75,0.425,0.083333,0.0,0.717977,0.96,0.995855
volkan,0.0,1024,1024-147,0.25,0.483333,0.033333,0.516667,0.516667,0.0,0.225,0.408628,-0.56,0.510424
volkan,0.0,1024,1024-148,0.241667,0.558333,0.025,0.583333,0.583333,0.0,0.15,0.420742,-0.6,0.436405
volkan,0.0,1024,1024-149,0.0,0.0,0.0,0.0,0.0,0.0,0.983333,0.135353,-1.84,1.983431
volkan,0.0,1024,1024-150,0.5,0.508333,0.325,0.833333,0.775,0.0,0.0,0.530019,0.12,0.40641
volkan,0.0,1024,1024-151,0.0,0.033333,0.0,0.033333,0.033333,0.0,0.725,0.242901,-1.04,1.193162
volkan,0.0,1024,1024-152,0.525,0.508333,0.433333,0.941667,0.775,0.0,0.0,0.578925,0.48,0.476267
volkan,0.0,1024,1024-153,0.0,0.0,0.0,0.0,0.0,0.0,1.0,0.109851,-2.0,2.250504
volkan,0.0,1024,1024-154,0.433333,0.241667,0.525,0.766667,0.466667,0.058333,0.0,0.694998,0.6,0.882652
volkan,0.0,1024,1024-155,0.566667,0.391667,0.533333,0.925,0.675,0.008333,0.0,0.640308,0.64,0.642568
volkan,0.0,1024,1024-156,0.0,0.041667,0.0,0.041667,0.041667,0.0,0.775,0.227988,-1.52,1.295971
volkan,0.0,1024,1024-157,0.0,0.008333,0.0,0.008333,0.008333,0.0,0.85,0.20182,-1.48,1.462891
volkan,0.0,1024,1024-158,0.3,0.491667,0.091667,0.583333,0.583333,0.0,0.15,0.43211,0.08,0.480427
volkan,0.0,1024,1024-159,0.0,0.0,0.0,0.0,0.0,0.0,0.991667,0.112641,-2.08,2.245226
volkan,0.0,1024,1024-160,0.016667,0.15,0.0,0.15,0.15,0.0,0.558333,0.293866,-1.12,0.923252
volkan,0.0,1024,1024-161,0.0,0.0,0.0,0.0,0.0,0.0,1.0,0.082944,-2.12,2.593386
volkan,0.0,1024,1024-162,0.066667,0.325,0.0,0.325,0.325,0.0,0.35,0.346433,-0.72,0.68097
volkan,0.0,1024,1024-163,0.591667,0.433333,0.5,0.933333,0.708333,0.008333,0.0,0.621165,0.8,0.585248
volkan,0.0,1024,1024-164,0.0,0.0,0.0,0.0,0.0,0.0,1.0,0.118917,-1.92,2.146337
volkan,0.0,1024,1024-165,0.541667,0.508333,0.466667,0.975,0.766667,0.0,0.0,0.595556,0.36,0.50676
volkan,0.0,1024,1024-166,0.258333,0.475,0.025,0.5,0.5,0.0,0.233333,0.398463,-0.44,0.534805
volkan,0.0,1024,1024-167,0.208333,0.45,0.008333,0.458333,0.458333,0.0,0.241667,0.390314,-0.28,0.545027
volkan,0.0,1024,1024-168,0.525,0.525,0.375,0.9,0.8,0.0,0.0,0.548949,0.2,0.415982
volkan,0.0,1024,1024-169,0.566667,0.358333,0.566667,0.925,0.691667,0.008333,0.0,0.641759,0.8,0.641509
volkan,0.0,1024,1024-170,0.0,0.0,0.0,0.0,0.0,0.0,1.0,0.088857,-2.0,2.502583
volkan,0.0,1024,1024-171,0.0,0.0,0.0,0.0,0.0,0.0,1.0,0.067722,-2.12,2.834994
volkan,0.0,1024,1024-172,0.208333,0.491667,0.033333,0.525,0.525,0.0,0.225,0.406563,-0.76,0.486087
volkan,0.0,1024,1024-173,0.041667,0.25,0.0,0.25,0.25,0.0,0.391667,0.331258,-0.84,0.7461
volkan,0.0,1024,1024-174,0.0,0.0,0.0,0.0,0.0,0.0,0.991667,0.133559,-1.92,2.007633
volkan,0.0,1024,1024-175,0.1,0.35,0.0,0.35,0.35,0.0,0.316667,0.356983,-1.0,0.647388
volkan,0.0,1024,1024-176,0.525,0.525,0.333333,0.858333,0.791667,0.0,0.0,0.534252,0.0,0.399135
volkan,0.0,1024,1024-177,0.433333,0.558333,0.15,0.708333,0.708333,0.0,0.091667,0.470006,-0.12,0.414923
volkan,0.0,1024,1024-178,0.541667,0.533333,0.358333,0.891667,0.825,0.0,0.0,0.541072,0.0,0.396805
volkan,0.0,1024,1024-179,0.208333,0.5,0.008333,0.508333,0.508333,0.0,0.208333,0.399828,-0.36,0.494871
volkan,0.0,1024,1024-180,0.008333,0.175,0.0,0.175,0.175,0.0,0.558333,0.294145,-1.16,0.930011
volkan,0.0,1024,1024-181,0.0,0.008333,0.0,0.008333,0.008333,0.0,0.875,0.209682,-1.2,1.397958
volkan,0.0,1024,1024-182,0.016667,0.2,0.0,0.2,0.2,0.0,0.508333,0.300953,-1.08,0.895655
volkan,0.0,1024,1024-183,0.433333,0.558333,0.183333,0.741667,0.741667,0.0,0.075,0.482254,-0.32,0.412077
volkan,0.0,1024,1024-184,0.516667,0.533333,0.341667,0.875,0.816667,0.0,0.0,0.533025,-0.12,0.396945
volkan,0.0,1024,1024-185,0.266667,0.533333,0.041667,0.575,0.575,0.0,0.175,0.41862,-0.6,0.461348
volkan,0.0,1024,1024-186,0.0,0.016667,0.0,0.016667,0.016667,0.0,0.825,0.206769,-1.52,1.44723
volkan,0.0,1024,1024-187,0.091667,0.0,0.416667,0.416667,0.091667,0.308333,0.0,0.80828,1.28,1.511444
volkan,0.0,1024,1024-188,0.358333,0.491667,0.125,0.616667,0.616667,0.0,0.141667,0.448163,-0.16,0.450345
volkan,0.0,1024,1024-189,0.0,0.041667,0.0,0.041667,0.041667,0.0,0.733333,0.234288,-1.52,1.259219
volkan,0.0,1024,1024-190,0.575,0.366667,0.533333,0.9,0.65,0.008333,0.0,0.64817,0.64,0.660222
volkan,0.0,1024,1024-191,0.0,0.125,0.0,0.125,0.125,0.0,0.566667,0.287984,-0.84,0.957648
volkan,0.0,1024,1024-192,0.091667,0.291667,0.0,0.291667,0.291667,0.0,0.375,0.336844,-0.76,0.741635
volkan,0.0,1024,1024-193,0.175,0.041667,0.541667,0.583333,0.175,0.191667,0.0,0.776264,1.36,1.311608
volkan,0.0,1024,1024-194,0.0,0.116667,0.0,0.116667,0.116667,0.0,0.625,0.275636,-1.04,1.021994
volkan,0.0,1024,1024-195,0.0,0.041667,0.0,0.041667,0.041667,0.0,0.775,0.224441,-1.28,1.32192
volkan,0.0,1024,1024-196,0.575,0.291667,0.6,0.891667,0.6,0.016667,0.0,0.671189,0.88,0.755858
volkan,0.0,1024,1024-197,0.0,0.05,0.0,0.05,0.05,0.0,0.775,0.229606,-1.28,1.290901
volkan,0.0,1024,1024-198,0.266667,0.516667,0.025,0.541667,0.541667,0.0,0.183333,0.409507,-0.4,0.499836
volkan,0.0,1024,1024-199,0.475,0.5,0.191667,0.691667,0.691667,0.0,0.016667,0.484245,-0.28,0.396708
volkan,0.0,2026,2026-0,0.016667,0.191667,0.0,0.191667,0.191667,0.0,0.45,0.308594,-0.88,0.850029
volkan,0.0,2026,2026-1,0.491667,0.5,0.358333,0.858333,0.725,0.0,0.0,0.551502,0.32,0.469328
volkan,0.0,2026,2026-2,0.0,0.0,0.0,0.0,0.0,0.0,1.0,0.112444,-1.8,2.188475
volkan,0.0,2026,2026-3,0.175,0.0,0.466667,0.466667,0.175,0.233333,0.0,0.791685,1.48,1.410542
volkan,0.0,2026,2026-4,0.583333,0.308333,0.633333,0.941667,0.683333,0.025,0.0,0.649546,1.0,0.687583
volkan,0.0,2026,2026-5,0.225,0.433333,0.033333,0.466667,0.466667,0.0,0.25,0.393977,-0.52,0.555661
volkan,0.0,2026,2026-6,0.266667,0.466667,0.05,0.516667,0.516667,0.0,0.191667,0.4176,-0.12,0.481978
volkan,0.0,2026,2026-7,0.475,0.491667,0.45,0.941667,0.741667,0.0,0.0,0.574888,0.24,0.479105
volkan,0.0,2026,2026-8,0.283333,0.466667,0.083333,0.55,0.55,0.0,0.166667,0.424517,0.04,0.473897
volkan,0.0,2026,2026-9,0.316667,0.491667,0.091667,0.583333,0.583333,0.0,0.175,0.4259,-0.2,0.500006
volkan,0.0,2026,2026-10,0.541667,0.408333,0.5,0.908333,0.641667,0.008333,0.0,0.645015,0.72,0.66009
volkan,0.0,2026,2026-11,0.525,0.433333,0.516667,0.95,0.708333,0.008333,0.0,0.623608,0.4,0.598527
volkan,0.0,2026,2026-12,0.45,0.541667,0.2,0.741667,0.741667,0.0,0.025,0.484487,-0.28,0.396425
volkan,0.0,2026,2026-13,0.425,0.483333,0.208333,0.691667,0.691667,0.0,0.083333,0.471847,-0.08,0.41911
volkan,0.0,2026,2026-14,0.508333,0.441667,0.391667,0.833333,0.716667,0.0,0.0,0.545156,0.08,0.472511
volkan,0.0,2026,2026-15,0.075,0.325,0.0,0.325,0.325,0.0,0.366667,0.341204,-0.44,0.708257
volkan,0.0,2026,2026-16,0.125,0.366667,0.008333,0.375,0.375,0.0,0.316667,0.361562,-0.92,0.64365
volkan,0.0,2026,2026-17,0.541667,0.483333,0.466667,0.95,0.733333,0.008333,0.0,0.616105,0.64,0.560018
volkan,0.0,2026,2026-18,0.483333,0.575,0.158333,0.733333,0.733333,0.0,0.041667,0.482696,-0.24,0.381157
volkan,0.0,2026,2026-19,0.0,0.0,0.0,0.0,0.0,0.0,0.916667,0.180663,-1.36,1.603935
volkan,0.0,2026,2026-20,0.15,0.375,0.0,0.375,0.375,0.0,0.316667,0.363709,-0.48,0.62651
volkan,0.0,2026,2026-21,0.516667,0.333333,0.55,0.883333,0.608333,0.016667,0.0,0.655039,0.72,0.703172
volkan,0.0,2026,2026-22,0.358333,0.508333,0.108333,0.616667,0.616667,0.0,0.15,0.443665,-0.16,0.454094
volkan,0.0,2026,2026-23,0.383333,0.483333,0.15,0.633333,0.616667,0.0,0.058333,0.463644,0.48,0.436217
volkan,0.0,2026,2026-24,0.525,0.316667,0.6,0.916667,0.616667,0.008333,0.0,0.650436,0.76,0.688601
volkan,0.0,2026,2026-25,0.008333,0.0,0.2,0.2,0.008333,0.608333,0.0,0.854078,1.76,1.884731
volkan,0.0,2026,2026-26,0.016667,0.2,0.0,0.2,0.2,0.0,0.5,0.307535,-1.08,0.860373
volkan,0.0,2026,2026-27,0.15,0.033333,0.533333,0.566667,0.15,0.175,0.0,0.779678,1.48,1.324577
volkan,0.0,2026,2026-28,0.0,0.008333,0.0,0.008333,0.008333,0.0,0.891667,0.184995,-1.6,1.585319
volkan,0.0,2026,2026-29,0.5,0.541667,0.333333,0.875,0.783333,0.0,0.0,0.540521,0.2,0.425194
volkan,0.0,2026,2026-30,0.0,0.008333,0.0,0.008333,0.008333,0.0,0.841667,0.209842,-1.44,1.40505
volkan,0.0,2026,2026-31,0.208333,0.0,0.566667,0.566667,0.208333,0.216667,0.0,0.775448,1.16,1.307584
volkan,0.0,2026,2026-32,0.566667,0.216667,0.65,0.866667,0.583333,0.025,0.0,0.67924,0.96,0.789049
volkan,0.0,2026,2026-33,0.266667,0.075,0.566667,0.641667,0.266667,0.166667,0.0,0.752544,0.96,1.179286
volkan,0.0,2026,2026-34,0.0,0.083333,0.0,0.083333,0.083333,0.0,0.683333,0.251161,-1.52,1.187775
volkan,0.0,2026,2026-35,0.583333,0.341667,0.55,0.891667,0.641667,0.025,0.0,0.654952,0.96,0.701204
volkan,0.0,2026,2026-36,0.083333,0.266667,0.0,0.266667,0.266667,0.0,0.4,0.335488,-0.76,0.747301
volkan,0.0,2026,2026-37,0.108333,0.35,0.0,0.35,0.35,0.0,0.375,0.351009,-0.52,0.692117
volkan,0.0,2026,2026-38,0.541667,0.475,0.458333,0.933333,0.708333,0.0,0.0,0.602163,0.76,0.536341
volkan,0.0,2026,2026-39,0.491667,0.216667,0.616667,0.833333,0.516667,0.058333,0.0,0.691563,0.96,0.858296
volkan,0.0,2026,2026-40,0.5,0.55,0.341667,0.891667,0.808333,0.0,0.0,0.540255,0.16,0.405283
volkan,0.0,2026,2026-41,0.058333,0.266667,0.0,0.266667,0.266667,0.0,0.416667,0.32768,-0.84,0.772353
volkan,0.0,2026,2026-42,0.008333,0.108333,0.0,0.108333,0.108333,0.0,0.575,0.280847,-1.12,1.002447
volkan,0.0,2026,2026-43,0.183333,0.0,0.458333,0.458333,0.183333,0.316667,0.0,0.798326,1.36,1.475508
volkan,0.0,2026,2026-44,0.566667,0.4,0.516667,0.916667,0.683333,0.008333,0.0,0.639255,0.84,0.64422
volkan,0.0,2026,2026-45,0.625,0.383333,0.575,0.958333,0.691667,0.008333,0.0,0.642028,0.84,0.623938
volkan,0.0,2026,2026-46,0.0,0.0,0.066667,0.066667,0.0,0.783333,0.0,0.887932,1.68,2.176753
volkan,0.0,2026,2026-47,0.0,0.133333,0.0,0.133333,0.133333,0.0,0.625,0.272532,-1.36,1.043773
volkan,0.0,2026,2026-48,0.0,0.0,0.0,0.0,0.0,0.908333,0.0,0.919404,2.2,2.57398
volkan,0.0,2026,2026-49,0.0,0.0,0.0,0.0,0.0,1.0,0.0,0.954645,2.16,3.242312
volkan,0.0,2026,2026-50,0.066667,0.0,0.35,0.35,0.066667,0.416667,0.0,0.824567,1.48,1.632475
volkan,0.0,2026,2026-51,0.525,0.2,0.633333,0.833333,0.558333,0.033333,0.0,0.686715,0.68,0.82944
volkan,0.0,2026,2026-52,0.041667,0.216667,0.0,0.216667,0.216667,0.0,0.5,0.304799,-0.84,0.885624
volkan,0.0,2026,2026-53,0.425,0.125,0.658333,0.783333,0.425,0.091667,0.0,0.720832,1.4,1.00645
volkan,0.0,2026,2026-54,0.15,0.45,0.0,0.45,0.45,0.0,0.283333,0.374789,-0.48,0.580591
volkan,0.0,2026,2026-55,0.475,0.541667,0.216667,0.758333,0.75,0.0,0.025,0.49162,-0.24,0.398339
volkan,0.0,2026,2026-56,0.3,0.466667,0.075,0.541667,0.541667,0.0,0.208333,0.419219,-0.04,0.508864
volkan,0.0,2026,2026-57,0.483333,0.525,0.391667,0.916667,0.766667,0.0,0.0,0.56457,0.4,0.447019
volkan,0.0,2026,2026-58,0.208333,0.025,0.566667,0.591667,0.208333,0.208333,0.0,0.773386,1.4,1.303328
volkan,0.0,2026,2026-59,0.091667,0.308333,0.0,0.308333,0.308333,0.0,0.391667,0.339759,-1.08,0.724123
volkan,0.0,2026,2026-60,0.0,0.075,0.0,0.075,0.075,0.0,0.625,0.26316,-0.92,1.08848
volkan,0.0,2026,2026-61,0.0,0.091667,0.0,0.091667,0.091667,0.0,0.716667,0.243196,-1.16,1.215115
volkan,0.0,2026,2026-62,0.0,0.066667,0.0,0.066667,0.066667,0.0,0.666667,0.250632,-1.36,1.180152
volkan,0.0,2026,2026-63,0.0,0.0,0.0,0.0,0.0,0.0,0.933333,0.160138,-1.88,1.784881
volkan,0.0,2026,2026-64,0.0,0.075,0.0,0.075,0.075,0.0,0.666667,0.258863,-1.16,1.118384
volkan,0.0,2026,2026-65,0.216667,0.016667,0.591667,0.608333,0.216667,0.158333,0.0,0.769491,1.16,1.259311
volkan,0.0,2026,2026-66,0.083333,0.375,0.0,0.375,0.375,0.0,0.4,0.338581,-0.52,0.733559
volkan,0.0,2026,2026-67,0.508333,0.541667,0.4,0.941667,0.833333,0.0,0.0,0.554389,0.4,0.411475
volkan,0.0,2026,2026-68,0.0,0.008333,0.0,0.008333,0.008333,0.0,0.875,0.202586,-1.24,1.446259
volkan,0.0,2026,2026-69,0.566667,0.55,0.358333,0.908333,0.85,0.0,0.0,0.54167,0.44,0.388545
volkan,0.0,2026,2026-70,0.0,0.0,0.0,0.0,0.0,0.0,1.0,0.117031,-1.92,2.169995
volkan,0.0,2026,2026-71,0.025,0.2,0.0,0.2,0.2,0.0,0.441667,0.313549,-0.76,0.825283
volkan,0.0,2026,2026-72,0.0,0.0,0.091667,0.091667,0.0,0.825,0.0,0.899387,1.68,2.325016
volkan,0.0,2026,2026-73,0.066667,0.275,0.0,0.275,0.275,0.0,0.425,0.326931,-1.0,0.795696
volkan,0.0,2026,2026-74,0.366667,0.041667,0.691667,0.733333,0.366667,0.108333,0.0,0.736145,0.88,1.077643
volkan,0.0,2026,2026-75,0.525,0.491667,0.458333,0.95,0.733333,0.0,0.0,0.600072,0.44,0.530874
volkan,0.0,2026,2026-76,0.35,0.533333,0.1,0.633333,0.633333,0.0,0.125,0.445607,-0.12,0.445297
volkan,0.0,2026,2026-77,0.041667,0.291667,0.0,0.291667,0.291667,0.0,0.433333,0.330232,-0.68,0.75912
volkan,0.0,2026,2026-78,0.241667,0.008333,0.666667,0.675,0.241667,0.183333,0.0,0.762821,1.16,1.228213
volkan,0.0,2026,2026-79,0.4,0.55,0.15,0.7,0.7,0.0,0.091667,0.4647,0.12,0.421054
volkan,0.0,2026,2026-80,0.091667,0.0,0.4,0.4,0.091667,0.366667,0.0,0.806562,1.56,1.500611
volkan,0.0,2026,2026-81,0.033333,0.225,0.0,0.225,0.225,0.0,0.45,0.319077,-0.88,0.801741
volkan,0.0,2026,2026-82,0.483333,0.566667,0.2,0.766667,0.758333,0.0,0.025,0.493347,-0.2,0.391862
volkan,0.0,2026,2026-83,0.541667,0.475,0.491667,0.966667,0.775,0.0,0.0,0.585648,0.24,0.491315
volkan,0.0,2026,2026-84,0.5,0.508333,0.408333,0.916667,0.775,0.0,0.0,0.570881,0.48,0.466787
volkan,0.0,2026,2026-85,0.0,0.008333,0.0,0.008333,0.008333,0.0,0.9,0.19342,-1.28,1.512882
volkan,0.0,2026,2026-86,0.041667,0.258333,0.0,0.258333,0.258333,0.0,0.5,0.311105,-1.4,0.850357
volkan,0.0,2026,2026-87,0.291667,0.516667,0.058333,0.575,0.575,0.0,0.15,0.429228,-0.28,0.44907
volkan,0.0,2026,2026-88,0.0,0.116667,0.0,0.116667,0.116667,0.0,0.625,0.271379,-1.32,1.04313
volkan,0.0,2026,2026-89,0.591667,0.35,0.575,0.925,0.675,0.008333,0.0,0.645754,1.0,0.650422
volkan,0.0,2026,2026-90,0.6,0.475,0.491667,0.966667,0.741667,0.008333,0.0,0.618443,0.6,0.542472
volkan,0.0,2026,2026-91,0.0,0.0,0.0,0.0,0.0,0.0,1.0,0.09476,-2.04,2.432854
volkan,0.0,2026,2026-92,0.0,0.0,0.0,0.0,0.0,0.0,1.0,0.114099,-1.76,2.178084
volkan,0.0,2026,2026-93,0.0,0.0,0.0,0.0,0.0,0.0,0.891667,0.183399,-1.64,1.592756
volkan,0.0,2026,2026-94,0.483333,0.483333,0.3,0.783333,0.75,0.0,0.041667,0.511697,-0.24,0.432788
volkan,0.0,2026,2026-95,0.0,0.0,0.175,0.175,0.0,0.708333,0.0,0.874948,1.92,2.06027
volkan,0.0,2026,2026-96,0.15,0.433333,0.016667,0.45,0.45,0.0,0.266667,0.382959,-0.8,0.57024
volkan,0.0,2026,2026-97,0.475,0.508333,0.366667,0.875,0.75,0.0,0.0,0.547537,0.2,0.440451
volkan,0.0,2026,2026-98,0.0,0.066667,0.0,0.066667,0.066667,0.0,0.708333,0.245095,-1.08,1.191736
volkan,0.0,2026,2026-99,0.0,0.05,0.0,0.05,0.05,0.0,0.716667,0.240037,-1.12,1.233312
volkan,0.0,2026,2026-100,0.0,0.0,0.0,0.0,0.0,0.0,1.0,0.09807,-2.12,2.404931
volkan,0.0,2026,2026-101,0.475,0.55,0.216667,0.766667,0.741667,0.0,0.025,0.498609,0.12,0.398857
volkan,0.0,2026,2026-102,0.458333,0.175,0.633333,0.808333,0.458333,0.066667,0.0,0.706267,1.0,0.925018
volkan,0.0,2026,2026-103,0.225,0.491667,0.016667,0.508333,0.508333,0.0,0.191667,0.398396,-0.36,0.511427
volkan,0.0,2026,2026-104,0.158333,0.0,0.591667,0.591667,0.158333,0.208333,0.0,0.784546,1.24,1.370336
volkan,0.0,2026,2026-105,0.491667,0.5,0.316667,0.816667,0.741667,0.0,0.008333,0.52654,0.08,0.431366
volkan,0.0,2026,2026-106,0.45,0.508333,0.183333,0.691667,0.691667,0.0,0.083333,0.474801,-0.24,0.418436
volkan,0.0,2026,2026-107,0.541667,0.483333,0.475,0.958333,0.766667,0.0,0.0,0.609414,0.52,0.545976
volkan,0.0,2026,2026-108,0.583333,0.508333,0.458333,0.966667,0.791667,0.0,0.0,0.596526,0.36,0.497591
volkan,0.0,2026,2026-109,0.316667,0.083333,0.641667,0.725,0.316667,0.15,0.0,0.742551,1.24,1.123441
volkan,0.0,2026,2026-110,0.008333,0.116667,0.0,0.116667,0.116667,0.0,0.625,0.27769,-1.12,1.01102
volkan,0.0,2026,2026-111,0.0,0.0,0.0,0.0,0.0,0.0,1.0,0.069642,-2.08,2.789751
volkan,0.0,2026,2026-112,0.5,0.541667,0.291667,0.833333,0.783333,0.0,0.0,0.525719,0.2,0.406734
volkan,0.0,2026,2026-113,0.05,0.233333,0.0,0.233333,0.233333,0.0,0.433333,0.325953,-0.96,0.775199
volkan,0.0,2026,2026-114,0.433333,0.5,0.166667,0.666667,0.666667,0.0,0.075,0.468686,0.08,0.423642
volkan,0.0,2026,2026-115,0.041667,0.0,0.375,0.375,0.041667,0.416667,0.0,0.822698,1.6,1.611504
volkan,0.0,2026,2026-116,0.0,0.033333,0.0,0.033333,0.033333,0.0,0.8,0.210576,-1.8,1.427678
volkan,0.0,2026,2026-117,0.516667,0.258333,0.625,0.883333,0.591667,0.033333,0.0,0.6714,1.2,0.780212
volkan,0.0,2026,2026-118,0.516667,0.141667,0.666667,0.808333,0.516667,0.05,0.0,0.703589,0.8,0.910523
volkan,0.0,2026,2026-119,0.516667,0.483333,0.45,0.933333,0.733333,0.0,0.0,0.587723,0.6,0.502602
volkan,0.0,2026,2026-120,0.383333,0.066667,0.716667,0.783333,0.383333,0.1,0.0,0.728723,0.96,1.037769
volkan,0.0,2026,2026-121,0.158333,0.45,0.0,0.45,0.45,0.0,0.25,0.382386,-0.64,0.548098
volkan,0.0,2026,2026-122,0.033333,0.25,0.0,0.25,0.25,0.0,0.433333,0.325059,-0.44,0.774027
volkan,0.0,2026,2026-123,0.383333,0.116667,0.641667,0.758333,0.383333,0.141667,0.0,0.729481,1.16,1.052899
volkan,0.0,2026,2026-124,0.533333,0.3,0.55,0.85,0.583333,0.058333,0.0,0.676562,0.64,0.801355
volkan,0.0,2026,2026-125,0.15,0.0,0.491667,0.491667,0.15,0.241667,0.0,0.790238,1.52,1.407535
volkan,0.0,2026,2026-126,0.558333,0.525,0.375,0.9,0.808333,0.0,0.0,0.548762,0.16,0.422193
volkan,0.0,2026,2026-127,0.083333,0.0,0.325,0.325,0.083333,0.466667,0.0,0.824239,1.68,1.637621
volkan,0.0,2026,2026-128,0.283333,0.483333,0.05,0.533333,0.533333,0.0,0.2,0.415863,-0.56,0.494193
volkan,0.0,2026,2026-129,0.0,0.05,0.0,0.05,0.05,0.0,0.766667,0.224813,-1.44,1.328326
volkan,0.0,2026,2026-130,0.0,0.0,0.0,0.0,0.0,0.0,1.0,0.086932,-2.0,2.539683
volkan,0.0,2026,2026-131,0.0,0.033333,0.0,0.033333,0.033333,0.0,0.791667,0.225546,-1.32,1.303253
volkan,0.0,2026,2026-132,0.525,0.191667,0.658333,0.85,0.541667,0.025,0.0,0.689583,0.64,0.843871
volkan,0.0,2026,2026-133,0.0,0.0,0.0,0.0,0.0,0.0,0.941667,0.149635,-1.8,1.866279
volkan,0.0,2026,2026-134,0.1,0.341667,0.0,0.341667,0.341667,0.0,0.341667,0.346219,-1.04,0.713135
volkan,0.0,2026,2026-135,0.0,0.0,0.091667,0.091667,0.0,0.733333,0.0,0.883154,1.84,2.137707
volkan,0.0,2026,2026-136,0.516667,0.25,0.591667,0.841667,0.541667,0.025,0.0,0.682659,0.48,0.810221
volkan,0.0,2026,2026-137,0.041667,0.0,0.25,0.25,0.041667,0.566667,0.0,0.848008,1.52,1.825075
volkan,0.0,2026,2026-138,0.0,0.066667,0.0,0.066667,0.066667,0.0,0.7,0.251539,-1.16,1.146232
volkan,0.0,2026,2026-139,0.0,0.0,0.0,0.0,0.0,0.0,1.0,0.062311,-2.08,2.899136
volkan,0.0,2026,2026-140,0.133333,0.0,0.458333,0.458333,0.133333,0.283333,0.0,0.805254,1.56,1.505498
volkan,0.0,2026,2026-141,0.0,0.0,0.0,0.0,0.0,0.0,0.916667,0.180744,-1.44,1.597545
volkan,0.0,2026,2026-142,0.475,0.55,0.266667,0.816667,0.741667,0.0,0.0,0.518031,0.04,0.409876
volkan,0.0,2026,2026-143,0.475,0.483333,0.391667,0.875,0.691667,0.0,0.0,0.562792,0.28,0.499066
volkan,0.0,2026,2026-144,0.0,0.058333,0.0,0.058333,0.058333,0.0,0.75,0.234877,-1.68,1.26099
volkan,0.0,2026,2026-145,0.108333,0.0,0.433333,0.433333,0.108333,0.325,0.0,0.810524,1.16,1.536091
volkan,0.0,2026,2026-146,0.141667,0.0,0.375,0.375,0.141667,0.425,0.0,0.81432,1.84,1.581451
volkan,0.0,2026,2026-147,0.6,0.45,0.483333,0.933333,0.733333,0.016667,0.0,0.624217,1.08,0.583909
volkan,0.0,2026,2026-148,0.475,0.516667,0.2,0.716667,0.708333,0.0,0.058333,0.480508,-0.24,0.40498
volkan,0.0,2026,2026-149,0.508333,0.533333,0.333333,0.866667,0.766667,0.0,0.0,0.543104,0.44,0.426204
volkan,0.0,2026,2026-150,0.0,0.025,0.0,0.025,0.025,0.0,0.708333,0.242992,-1.12,1.198313
volkan,0.0,2026,2026-151,0.35,0.475,0.083333,0.558333,0.558333,0.0,0.166667,0.425289,-0.04,0.477822
volkan,0.0,2026,2026-152,0.433333,0.558333,0.166667,0.725,0.725,0.0,0.041667,0.477146,-0.32,0.38584
volkan,0.0,2026,2026-153,0.008333,0.116667,0.0,0.116667,0.116667,0.0,0.683333,0.26047,-1.36,1.110734
volkan,0.0,2026,2026-154,0.466667,0.241667,0.583333,0.825,0.525,0.05,0.0,0.682392,0.88,0.826989
volkan,0.0,2026,2026-155,0.0,0.0,0.0,0.0,0.0,0.0,0.908333,0.18222,-1.32,1.592886
volkan,0.0,2026,2026-156,0.133333,0.391667,0.0,0.391667,0.391667,0.0,0.308333,0.360917,-0.84,0.64755
volkan,0.0,2026,2026-157,0.0,0.0,0.0,0.0,0.0,0.0,1.0,0.072466,-2.04,2.753727
volkan,0.0,2026,2026-158,0.558333,0.516667,0.475,0.991667,0.758333,0.0,0.0,0.601314,0.4,0.506223
volkan,0.0,2026,2026-159,0.558333,0.308333,0.591667,0.9,0.608333,0.016667,0.0,0.663203,0.6,0.725049
volkan,0.0,2026,2026-160,0.516667,0.375,0.533333,0.908333,0.666667,0.008333,0.0,0.640354,0.64,0.664046
volkan,0.0,2026,2026-161,0.0,0.0,0.0,0.0,0.0,1.0,0.0,0.942878,2.12,2.959152
volkan,0.0,2026,2026-162,0.483333,0.141667,0.641667,0.783333,0.483333,0.066667,0.0,0.705169,0.76,0.92054
volkan,0.0,2026,2026-163,0.0,0.108333,0.0,0.108333,0.108333,0.0,0.625,0.271029,-0.88,1.050059
volkan,0.0,2026,2026-164,0.0,0.0,0.0,0.0,0.0,1.0,0.0,0.926681,2.2,2.663062
volkan,0.0,2026,2026-165,0.0,0.091667,0.0,0.091667,0.091667,0.0,0.7,0.255259,-1.36,1.133765
volkan,0.0,2026,2026-166,0.55,0.316667,0.558333,0.875,0.591667,0.05,0.0,0.671807,0.72,0.766459
volkan,0.0,2026,2026-167,0.5,0.216667,0.641667,0.858333,0.575,0.033333,0.0,0.674362,0.96,0.794403
volkan,0.0,2026,2026-168,0.0,0.083333,0.0,0.083333,0.083333,0.0,0.691667,0.259328,-1.08,1.11285
volkan,0.0,2026,2026-169,0.15,0.0,0.433333,0.433333,0.15,0.266667,0.0,0.795628,1.2,1.441029
volkan,0.0,2026,2026-170,0.508333,0.466667,0.458333,0.925,0.741667,0.0,0.0,0.598459,0.32,0.528718
volkan,0.0,2026,2026-171,0.566667,0.391667,0.558333,0.95,0.691667,0.0,0.0,0.635865,0.28,0.619858
volkan,0.0,2026,2026-172,0.033333,0.275,0.0,0.275,0.275,0.0,0.433333,0.327639,-0.76,0.762139
volkan,0.0,2026,2026-173,0.225,0.0,0.65,0.65,0.225,0.15,0.0,0.765562,1.4,1.239767
volkan,0.0,2026,2026-174,0.0,0.166667,0.0,0.166667,0.166667,0.0,0.508333,0.293675,-0.6,0.920883
volkan,0.0,2026,2026-175,0.0,0.0,0.0,0.0,0.0,0.0,1.0,0.108349,-2.2,2.294415
volkan,0.0,2026,2026-176,0.15,0.0,0.441667,0.441667,0.15,0.275,0.0,0.793576,1.48,1.419122
volkan,0.0,2026,2026-177,0.225,0.458333,0.0,0.458333,0.458333,0.0,0.258333,0.387076,-0.4,0.571936
volkan,0.0,2026,2026-178,0.491667,0.575,0.233333,0.808333,0.775,0.0,0.008333,0.508126,0.04,0.397042
volkan,0.0,2026,2026-179,0.0,0.0,0.15,0.15,0.0,0.65,0.0,0.862642,1.52,1.939125
volkan,0.0,2026,2026-180,0.333333,0.05,0.733333,0.783333,0.333333,0.1,0.0,0.735553,1.28,1.078764
volkan,0.0,2026,2026-181,0.55,0.391667,0.516667,0.908333,0.683333,0.008333,0.0,0.635922,0.84,0.629354
volkan,0.0,2026,2026-182,0.416667,0.091667,0.733333,0.825,0.416667,0.05,0.0,0.719448,1.2,0.984926
volkan,0.0,2026,2026-183,0.016667,0.141667,0.0,0.141667,0.141667,0.0,0.583333,0.286484,-1.08,0.965155
volkan,0.0,2026,2026-184,0.566667,0.308333,0.575,0.883333,0.6,0.041667,0.0,0.671129,0.88,0.764002
volkan,0.0,2026,2026-185,0.375,0.091667,0.666667,0.758333,0.375,0.083333,0.0,0.728892,1.12,1.039035
volkan,0.0,2026,2026-186,0.583333,0.3,0.591667,0.891667,0.608333,0.033333,0.0,0.667834,0.84,0.744207
volkan,0.0,2026,2026-187,0.316667,0.55,0.075,0.625,0.625,0.0,0.075,0.443727,-0.36,0.400978
volkan,0.0,2026,2026-188,0.0,0.0,0.0,0.0,0.0,0.0,1.0,0.016469,-2.32,4.343482
volkan,0.0,2026,2026-189,0.608333,0.416667,0.558333,0.975,0.716667,0.0,0.0,0.627199,0.44,0.57984
volkan,0.0,2026,2026-190,0.483333,0.558333,0.241667,0.8,0.758333,0.0,0.0,0.510319,-0.12,0.39087
volkan,0.0,2026,2026-191,0.175,0.441667,0.016667,0.458333,0.458333,0.0,0.25,0.387947,-1.0,0.560678
volkan,0.0,2026,2026-192,0.533333,0.25,0.633333,0.883333,0.608333,0.016667,0.0,0.668726,0.92,0.752156
volkan,0.0,2026,2026-193,0.566667,0.6,0.341667,0.941667,0.858333,0.0,0.0,0.555997,0.56,0.393084
volkan,0.0,2026,2026-194,0.533333,0.5,0.391667,0.891667,0.791667,0.0,0.0,0.547087,0.0,0.42624
volkan,0.0,2026,2026-195,0.0,0.0,0.0,0.0,0.0,0.0,0.958333,0.155211,-1.72,1.802161
volkan,0.0,2026,2026-196,0.0,0.0,0.0,0.0,0.0,0.0,0.941667,0.162016,-1.6,1.751914
volkan,0.0,2026,2026-197,0.641667,0.516667,0.433333,0.95,0.825,0.0,0.0,0.5774,0.32,0.446033
volkan,0.0,2026,2026-198,0.466667,0.516667,0.225,0.741667,0.733333,0.0,0.033333,0.49465,0.12,0.405808
volkan,0.0,2026,2026-199,0.525,0.591667,0.283333,0.875,0.85,0.0,0.033333,0.519667,-0.32,0.405457
volkan,0.5,42,42-0,0.491667,0.55,0.358333,0.908333,0.733333,0.025,0.0,0.592015,0.76,0.506892
volkan,0.5,42,42-1,0.158333,0.275,0.016667,0.291667,0.291667,0.025,0.458333,0.355187,-0.8,0.871051
volkan,0.5,42,42-2,0.483333,0.191667,0.591667,0.783333,0.483333,0.133333,0.0,0.705288,0.72,0.943804
volkan,0.5,42,42-3,0.383333,0.108333,0.525,0.633333,0.383333,0.208333,0.0,0.746111,1.12,1.189027
volkan,0.5,42,42-4,0.025,0.041667,0.008333,0.05,0.041667,0.0,0.858333,0.186244,-1.2,1.67632
volkan,0.5,42,42-5,0.075,0.208333,0.025,0.233333,0.216667,0.0,0.6,0.289192,-0.88,1.048546
volkan,0.5,42,42-6,0.458333,0.425,0.4,0.825,0.691667,0.008333,0.0,0.595866,-0.16,0.573014
volkan,0.5,42,42-7,0.291667,0.408333,0.208333,0.616667,0.491667,0.008333,0.141667,0.478673,-0.32,0.569804
volkan,0.5,42,42-8,0.425,0.483333,0.358333,0.841667,0.758333,0.0,0.0,0.5425,0.16,0.466581
volkan,0.5,42,42-9,0.166667,0.233333,0.1,0.333333,0.325,0.008333,0.425,0.362188,-0.36,0.795887
volkan,0.5,42,42-10,0.375,0.15,0.541667,0.691667,0.375,0.175,0.0,0.730488,1.28,1.088695
volkan,0.5,42,42-11,0.466667,0.191667,0.616667,0.808333,0.483333,0.075,0.0,0.698326,1.28,0.89486
volkan,0.5,42,42-12,0.433333,0.533333,0.341667,0.875,0.716667,0.008333,0.0,0.556913,0.44,0.481724
volkan,0.5,42,42-13,0.208333,0.05,0.6,0.65,0.208333,0.191667,0.0,0.766008,1.24,1.259777
volkan,0.5,42,42-14,0.5,0.416667,0.5,0.916667,0.666667,0.041667,0.0,0.636773,0.84,0.646525
volkan,0.5,42,42-15,0.183333,0.266667,0.083333,0.35,0.341667,0.008333,0.4,0.364966,-0.88,0.783356
volkan,0.5,42,42-16,0.525,0.433333,0.508333,0.941667,0.666667,0.016667,0.0,0.62755,0.52,0.606692
volkan,0.5,42,42-17,0.141667,0.258333,0.05,0.308333,0.308333,0.0,0.408333,0.348434,-0.64,0.794736
volkan,0.5,42,42-18,0.425,0.125,0.65,0.775,0.425,0.091667,0.0,0.715276,1.08,0.973307
volkan,0.5,42,42-19,0.466667,0.45,0.383333,0.833333,0.766667,0.0,0.0,0.558167,-0.08,0.494655
volkan,0.5,42,42-20,0.383333,0.425,0.3,0.725,0.65,0.0,0.033333,0.508125,0.16,0.492896
volkan,0.5,42,42-21,0.2,0.383333,0.083333,0.466667,0.45,0.008333,0.308333,0.402965,-0.56,0.623804
volkan,0.5,42,42-22,0.191667,0.0,0.566667,0.566667,0.191667,0.191667,0.0,0.779808,1.36,1.333708
volkan,0.5,42,42-23,0.425,0.458333,0.266667,0.725,0.658333,0.0,0.008333,0.520675,0.08,0.501496
volkan,0.5,42,42-24,0.291667,0.408333,0.158333,0.566667,0.541667,0.0,0.216667,0.429299,-0.64,0.568785
volkan,0.5,42,42-25,0.325,0.4,0.208333,0.608333,0.5,0.0,0.133333,0.468735,-0.32,0.557401
volkan,0.5,42,42-26,0.608333,0.325,0.583333,0.908333,0.675,0.025,0.0,0.650085,1.08,0.679244
volkan,0.5,42,42-27,0.491667,0.383333,0.5,0.883333,0.65,0.041667,0.0,0.633855,0.32,0.677159
volkan,0.5,42,42-28,0.491667,0.425,0.491667,0.916667,0.625,0.05,0.0,0.64087,0.4,0.66933
volkan,0.5,42,42-29,0.6,0.458333,0.433333,0.891667,0.7,0.016667,0.0,0.633133,0.72,0.618817
volkan,0.5,42,42-30,0.0,0.0,0.05,0.05,0.0,0.766667,0.0,0.896402,1.96,2.296337
volkan,0.5,42,42-31,0.375,0.408333,0.175,0.583333,0.516667,0.0,0.116667,0.46928,-0.28,0.503634
volkan,0.5,42,42-32,0.3,0.4,0.15,0.55,0.491667,0.008333,0.15,0.449767,-0.2,0.546531
volkan,0.5,42,42-33,0.191667,0.266667,0.133333,0.4,0.366667,0.016667,0.35,0.394661,-0.68,0.732458
volkan,0.5,42,42-34,0.6,0.366667,0.491667,0.858333,0.65,0.033333,0.0,0.659392,1.0,0.718386
volkan,0.5,42,42-35,0.241667,0.016667,0.616667,0.633333,0.241667,0.191667,0.0,0.767808,1.16,1.278245
volkan,0.5,42,42-36,0.4,0.45,0.283333,0.733333,0.65,0.0,0.008333,0.517608,0.28,0.478337
volkan,0.5,42,42-37,0.225,0.316667,0.108333,0.425,0.425,0.016667,0.358333,0.391154,-0.48,0.715439
volkan,0.5,42,42-38,0.175,0.341667,0.075,0.416667,0.408333,0.008333,0.416667,0.371106,-0.36,0.730262
volkan,0.5,42,42-39,0.541667,0.241667,0.575,0.816667,0.583333,0.058333,0.0,0.680711,1.08,0.82087
volkan,0.5,42,42-40,0.45,0.166667,0.591667,0.758333,0.475,0.108333,0.0,0.705664,0.96,0.944244
volkan,0.5,42,42-41,0.516667,0.35,0.533333,0.883333,0.625,0.041667,0.0,0.657849,0.68,0.736292
volkan,0.5,42,42-42,0.233333,0.308333,0.133333,0.441667,0.425,0.025,0.325,0.417215,-0.64,0.729211
volkan,0.5,42,42-43,0.525,0.541667,0.358333,0.9,0.766667,0.008333,0.0,0.585779,0.84,0.502297
volkan,0.5,42,42-44,0.416667,0.491667,0.35,0.841667,0.666667,0.008333,0.0,0.569221,0.4,0.528605
volkan,0.5,42,42-45,0.483333,0.516667,0.366667,0.883333,0.741667,0.008333,0.0,0.573855,0.44,0.497511
volkan,0.5,42,42-46,0.433333,0.125,0.641667,0.766667,0.433333,0.1,0.0,0.715621,1.0,0.977769
volkan,0.5,42,42-47,0.425,0.475,0.4,0.875,0.691667,0.033333,0.0,0.594825,0.36,0.566241
volkan,0.5,42,42-48,0.516667,0.225,0.575,0.8,0.55,0.05,0.0,0.687335,0.76,0.851509
volkan,0.5,42,42-49,0.433333,0.533333,0.291667,0.825,0.708333,0.0,0.0,0.54292,0.6,0.474165
volkan,0.5,42,42-50,0.5,0.508333,0.416667,0.925,0.733333,0.033333,0.0,0.601011,0.56,0.54515
volkan,0.5,42,42-51,0.541667,0.291667,0.583333,0.875,0.608333,0.05,0.0,0.667921,0.84,0.757879
volkan,0.5,42,42-52,0.058333,0.141667,0.033333,0.175,0.158333,0.0,0.666667,0.257404,-1.48,1.275618
volkan,0.5,42,42-53,0.408333,0.458333,0.166667,0.625,0.55,0.0,0.075,0.477266,-0.2,0.487836
volkan,0.5,42,42-54,0.341667,0.433333,0.141667,0.575,0.516667,0.0,0.141667,0.452357,-0.16,0.512844
volkan,0.5,42,42-55,0.225,0.35,0.15,0.5,0.483333,0.008333,0.275,0.421206,-0.2,0.623844
volkan,0.5,42,42-56,0.358333,0.408333,0.25,0.658333,0.55,0.0,0.1,0.49834,-0.48,0.536343
volkan,0.5,42,42-57,0.066667,0.0,0.316667,0.316667,0.066667,0.408333,0.0,0.827849,1.2,1.670889
volkan,0.5,42,42-58,0.141667,0.341667,0.083333,0.425,0.391667,0.0,0.391667,0.373709,-0.2,0.726694
volkan,0.5,42,42-59,0.408333,0.066667,0.666667,0.733333,0.408333,0.15,0.0,0.734505,1.16,1.081811
volkan,0.5,42,42-60,0.025,0.1,0.016667,0.116667,0.1,0.0,0.725,0.227752,-1.08,1.415893
volkan,0.5,42,42-61,0.366667,0.4,0.175,0.575,0.5,0.008333,0.108333,0.469451,-0.4,0.549924
volkan,0.5,42,42-62,0.45,0.5,0.358333,0.858333,0.75,0.025,0.0,0.577885,0.56,0.547967
volkan,0.5,42,42-63,0.508333,0.3,0.5,0.8,0.6,0.033333,0.0,0.670195,0.72,0.784666
volkan,0.5,42,42-64,0.508333,0.266667,0.55,0.816667,0.533333,0.075,0.0,0.689235,0.92,0.862178
volkan,0.5,42,42-65,0.508333,0.15,0.65,0.8,0.525,0.058333,0.0,0.699533,1.16,0.898278
volkan,0.5,42,42-66,0.291667,0.433333,0.166667,0.6,0.491667,0.0,0.133333,0.464796,-0.28,0.539215
volkan,0.5,42,42-67,0.275,0.375,0.175,0.55,0.458333,0.0,0.175,0.448869,-0.28,0.565092
volkan,0.5,42,42-68,0.466667,0.158333,0.6,0.758333,0.466667,0.108333,0.0,0.713177,1.04,0.98333
volkan,0.5,42,42-69,0.391667,0.441667,0.275,0.716667,0.65,0.008333,0.05,0.506507,0.28,0.499999
volkan,0.5,42,42-70,0.083333,0.183333,0.033333,0.216667,0.208333,0.0,0.616667,0.289107,-0.88,1.102856
volkan,0.5,42,42-71,0.108333,0.216667,0.025,0.241667,0.241667,0.008333,0.525,0.314073,-0.6,0.937752
volkan,0.5,42,42-72,0.225,0.316667,0.066667,0.383333,0.366667,0.0,0.4,0.369927,-0.76,0.737806
volkan,0.5,42,42-73,0.533333,0.341667,0.558333,0.9,0.625,0.008333,0.0,0.653632,0.56,0.699543
volkan,0.5,42,42-74,0.433333,0.483333,0.383333,0.866667,0.683333,0.016667,0.0,0.584352,0.36,0.544156
volkan,0.5,42,42-75,0.533333,0.291667,0.5,0.791667,0.558333,0.05,0.0,0.67706,0.68,0.800886
volkan,0.5,42,42-76,0.4,0.425,0.15,0.575,0.508333,0.0,0.1,0.463247,-0.16,0.478081
volkan,0.5,42,42-77,0.45,0.491667,0.383333,0.875,0.683333,0.033333,0.0,0.584158,0.72,0.562998
volkan,0.5,42,42-78,0.55,0.266667,0.583333,0.85,0.583333,0.05,0.0,0.674145,0.8,0.784391
volkan,0.5,42,42-79,0.366667,0.458333,0.166667,0.625,0.55,0.008333,0.075,0.484593,-0.04,0.509711
volkan,0.5,42,42-80,0.508333,0.416667,0.475,0.891667,0.658333,0.025,0.0,0.637805,0.52,0.652447
volkan,0.5,42,42-81,0.175,0.375,0.075,0.45,0.441667,0.008333,0.325,0.392596,-0.2,0.63455
volkan,0.5,42,42-82,0.383333,0.425,0.233333,0.658333,0.55,0.0,0.083333,0.492023,-0.4,0.512064
volkan,0.5,42,42-83,0.325,0.408333,0.141667,0.55,0.483333,0.0,0.175,0.445236,-0.12,0.55949
volkan,0.5,42,42-84,0.116667,0.233333,0.041667,0.275,0.258333,0.0,0.483333,0.325766,-0.88,0.957679
volkan,0.5,42,42-85,0.516667,0.383333,0.483333,0.866667,0.633333,0.041667,0.0,0.650987,0.72,0.711962
volkan,0.5,42,42-86,0.291667,0.391667,0.15,0.541667,0.483333,0.0,0.208333,0.439548,-0.16,0.570714
volkan,0.5,42,42-87,0.416667,0.458333,0.366667,0.825,0.741667,0.008333,0.0,0.544021,-0.04,0.503446
volkan,0.5,42,42-88,0.508333,0.416667,0.425,0.841667,0.625,0.05,0.0,0.651928,0.44,0.707759
volkan,0.5,42,42-89,0.566667,0.408333,0.508333,0.916667,0.675,0.033333,0.0,0.634304,0.88,0.647593
volkan,0.5,42,42-90,0.591667,0.241667,0.633333,0.875,0.616667,0.016667,0.0,0.67237,0.76,0.765502
volkan,0.5,42,42-91,0.433333,0.416667,0.35,0.766667,0.666667,0.016667,0.008333,0.540685,-0.08,0.526776
volkan,0.5,42,42-92,0.325,0.425,0.116667,0.541667,0.491667,0.0,0.15,0.44494,0.08,0.517155
volkan,0.5,42,42-93,0.425,0.4,0.333333,0.733333,0.675,0.0,0.016667,0.525441,0.12,0.510599
volkan,0.5,42,42-94,0.016667,0.091667,0.033333,0.125,0.1,0.0,0.741667,0.231673,-1.24,1.414467
volkan,0.5,42,42-95,0.033333,0.133333,0.016667,0.15,0.141667,0.0,0.708333,0.246374,-1.28,1.272835
volkan,0.5,42,42-96,0.033333,0.158333,0.016667,0.175,0.158333,0.0,0.658333,0.272443,-0.88,1.165361
volkan,0.5,42,42-97,0.158333,0.241667,0.05,0.291667,0.291667,0.0,0.45,0.337392,-0.76,0.835079
volkan,0.5,42,42-98,0.525,0.425,0.508333,0.933333,0.675,0.033333,0.0,0.631569,0.52,0.629962
volkan,0.5,42,42-99,0.183333,0.258333,0.108333,0.366667,0.316667,0.008333,0.408333,0.375199,-1.28,0.855585
volkan,0.5,42,42-100,0.35,0.391667,0.183333,0.575,0.491667,0.0,0.158333,0.459934,-0.32,0.551862
volkan,0.5,42,42-101,0.166667,0.0,0.5,0.5,0.166667,0.258333,0.0,0.788955,1.6,1.395103
volkan,0.5,42,42-102,0.35,0.433333,0.2,0.633333,0.566667,0.0,0.083333,0.473726,-0.4,0.489667
volkan,0.5,42,42-103,0.55,0.2,0.641667,0.841667,0.591667,0.058333,0.0,0.685879,1.04,0.832888
volkan,0.5,42,42-104,0.175,0.308333,0.041667,0.35,0.35,0.008333,0.416667,0.368489,-0.92,0.763252
volkan,0.5,42,42-105,0.341667,0.433333,0.333333,0.766667,0.608333,0.0,0.05,0.521273,-0.16,0.530728
volkan,0.5,42,42-106,0.141667,0.291667,0.033333,0.325,0.316667,0.0,0.425,0.349373,-0.64,0.770153
volkan,0.5,42,42-107,0.4,0.475,0.175,0.65,0.583333,0.0,0.083333,0.479861,-0.12,0.48811
volkan,0.5,42,42-108,0.5,0.158333,0.641667,0.8,0.5,0.108333,0.0,0.709037,0.92,0.953858
volkan,0.5,42,42-109,0.033333,0.05,0.016667,0.066667,0.066667,0.0,0.783333,0.207067,-1.6,1.554172
volkan,0.5,42,42-110,0.483333,0.416667,0.466667,0.883333,0.675,0.041667,0.0,0.631434,1.04,0.669479
volkan,0.5,42,42-111,0.425,0.558333,0.375,0.933333,0.733333,0.025,0.0,0.579741,0.48,0.513314
volkan,0.5,42,42-112,0.25,0.383333,0.191667,0.575,0.533333,0.0,0.208333,0.439673,-0.44,0.558401
volkan,0.5,42,42-113,0.041667,0.141667,0.016667,0.158333,0.15,0.0,0.691667,0.256038,-1.12,1.244817
volkan,0.5,42,42-114,0.483333,0.566667,0.325,0.891667,0.758333,0.0,0.0,0.554845,0.68,0.450078
volkan,0.5,42,42-115,0.241667,0.391667,0.116667,0.508333,0.458333,0.0,0.2,0.427008,-0.16,0.561541
volkan,0.5,42,42-116,0.491667,0.516667,0.391667,0.908333,0.725,0.016667,0.0,0.596344,0.68,0.546127
volkan,0.5,42,42-117,0.433333,0.483333,0.341667,0.825,0.708333,0.0,0.0,0.559403,0.24,0.509531
volkan,0.5,42,42-118,0.058333,0.0,0.275,0.275,0.058333,0.483333,0.0,0.83702,1.6,1.721245
volkan,0.5,42,42-119,0.358333,0.466667,0.233333,0.7,0.641667,0.0,0.058333,0.495911,0.24,0.497505
volkan,0.5,42,42-120,0.166667,0.225,0.041667,0.266667,0.266667,0.016667,0.458333,0.345267,-0.68,0.846152
volkan,0.5,42,42-121,0.466667,0.491667,0.4,0.891667,0.708333,0.016667,0.0,0.583013,0.64,0.547148
volkan,0.5,42,42-122,0.45,0.475,0.391667,0.866667,0.683333,0.025,0.0,0.593614,0.52,0.568799
volkan,0.5,42,42-123,0.116667,0.0,0.458333,0.458333,0.116667,0.258333,0.0,0.799796,1.56,1.460104
volkan,0.5,42,42-124,0.5,0.15,0.633333,0.783333,0.508333,0.091667,0.0,0.705567,0.92,0.932459
volkan,0.5,42,42-125,0.483333,0.483333,0.4,0.883333,0.7,0.05,0.0,0.610526,0.72,0.593757
volkan,0.5,42,42-126,0.066667,0.0,0.366667,0.366667,0.066667,0.425,0.0,0.820291,1.56,1.618466
volkan,0.5,42,42-127,0.133333,0.216667,0.05,0.266667,0.258333,0.0,0.533333,0.317938,-0.92,0.967642
volkan,0.5,42,42-128,0.208333,0.375,0.133333,0.508333,0.475,0.0,0.3,0.409372,-0.6,0.63328
volkan,0.5,42,42-129,0.2,0.275,0.075,0.35,0.333333,0.025,0.4,0.381133,-0.64,0.794307
volkan,0.5,42,42-130,0.333333,0.416667,0.216667,0.633333,0.525,0.0,0.15,0.477139,-0.44,0.531085
volkan,0.5,42,42-131,0.05,0.183333,0.008333,0.191667,0.183333,0.0,0.65,0.261255,-1.16,1.183169
volkan,0.5,42,42-132,0.591667,0.275,0.575,0.85,0.625,0.041667,0.0,0.670266,0.96,0.761942
volkan,0.5,42,42-133,0.3,0.4,0.266667,0.666667,0.55,0.008333,0.158333,0.489689,0.08,0.585041
volkan,0.5,42,42-134,0.075,0.175,0.025,0.2,0.191667,0.0,0.683333,0.261934,-1.28,1.275688
volkan,0.5,42,42-135,0.116667,0.25,0.033333,0.283333,0.283333,0.008333,0.483333,0.333694,-0.72,0.851174
volkan,0.5,42,42-136,0.525,0.416667,0.458333,0.875,0.691667,0.041667,0.0,0.620648,0.72,0.634905
volkan,0.5,42,42-137,0.391667,0.158333,0.566667,0.725,0.408333,0.15,0.0,0.722658,1.0,1.043153
volkan,0.5,42,42-138,0.0,0.0,0.05,0.05,0.0,0.691667,0.0,0.879341,1.8,2.084739
volkan,0.5,42,42-139,0.0,0.0,0.0,0.0,0.0,1.0,0.0,0.948095,2.08,3.045729
volkan,0.5,42,42-140,0.508333,0.416667,0.483333,0.9,0.675,0.016667,0.0,0.635046,0.76,0.642632
volkan,0.5,42,42-141,0.158333,0.266667,0.041667,0.308333,0.308333,0.008333,0.458333,0.347354,-1.0,0.855915
volkan,0.5,42,42-142,0.025,0.041667,0.008333,0.05,0.05,0.0,0.858333,0.169086,-1.56,1.839406
volkan,0.5,42,42-143,0.433333,0.458333,0.408333,0.866667,0.633333,0.025,0.0,0.59879,0.16,0.5792
volkan,0.5,42,42-144,0.158333,0.291667,0.041667,0.333333,0.325,0.016667,0.375,0.371042,-0.88,0.814022
volkan,0.5,42,42-145,0.358333,0.45,0.166667,0.616667,0.533333,0.0,0.133333,0.467428,-0.04,0.532053
volkan,0.5,42,42-146,0.191667,0.341667,0.141667,0.483333,0.45,0.0,0.291667,0.415116,-0.16,0.602839
volkan,0.5,42,42-147,0.408333,0.425,0.316667,0.741667,0.666667,0.0,0.016667,0.523869,0.12,0.490434
volkan,0.5,42,42-148,0.258333,0.058333,0.558333,0.616667,0.258333,0.233333,0.0,0.764507,1.08,1.268099
volkan,0.5,42,42-149,0.5,0.508333,0.4,0.908333,0.775,0.033333,0.0,0.580758,0.2,0.512729
volkan,0.5,42,42-150,0.391667,0.425,0.333333,0.758333,0.641667,0.008333,0.025,0.520921,-0.2,0.503868
volkan,0.5,42,42-151,0.091667,0.233333,0.033333,0.266667,0.258333,0.008333,0.483333,0.336831,-0.76,0.918083
volkan,0.5,42,42-152,0.025,0.075,0.025,0.1,0.083333,0.0,0.783333,0.220372,-1.12,1.465122
volkan,0.5,42,42-153,0.316667,0.416667,0.133333,0.55,0.5,0.016667,0.15,0.452203,-0.2,0.557758
volkan,0.5,42,42-154,0.391667,0.483333,0.291667,0.775,0.691667,0.0,0.008333,0.519377,0.36,0.476185
volkan,0.5,42,42-155,0.0,0.0,0.166667,0.166667,0.0,0.6,0.0,0.854185,1.56,1.84476
volkan,0.5,42,42-156,0.408333,0.533333,0.3,0.833333,0.708333,0.008333,0.0,0.550949,0.64,0.492228
volkan,0.5,42,42-157,0.408333,0.15,0.508333,0.658333,0.408333,0.216667,0.0,0.742903,1.4,1.175928
volkan,0.5,42,42-158,0.4,0.4,0.141667,0.541667,0.516667,0.0,0.141667,0.441405,-0.16,0.521332
volkan,0.5,42,42-159,0.091667,0.183333,0.008333,0.191667,0.191667,0.008333,0.575,0.300588,-0.68,1.046208
volkan,0.5,42,42-160,0.175,0.241667,0.066667,0.308333,0.3,0.008333,0.441667,0.355166,-0.88,0.837379
volkan,0.5,42,42-161,0.2,0.333333,0.116667,0.45,0.433333,0.0,0.325,0.393489,-0.36,0.663504
volkan,0.5,42,42-162,0.0,0.0,0.025,0.025,0.0,0.775,0.0,0.894861,1.92,2.274366
volkan,0.5,42,42-163,0.166667,0.375,0.05,0.425,0.425,0.0,0.391667,0.366308,-0.28,0.696012
volkan,0.5,42,42-164,0.425,0.133333,0.608333,0.741667,0.425,0.116667,0.0,0.721553,1.04,1.020715
volkan,0.5,42,42-165,0.175,0.3,0.066667,0.366667,0.358333,0.016667,0.4,0.364373,-0.96,0.798335
volkan,0.5,42,42-166,0.325,0.108333,0.608333,0.716667,0.325,0.158333,0.0,0.738255,0.88,1.113471
volkan,0.5,42,42-167,0.491667,0.491667,0.441667,0.933333,0.708333,0.016667,0.0,0.613877,0.52,0.571233
volkan,0.5,42,42-168,0.366667,0.458333,0.291667,0.75,0.616667,0.0,0.05,0.515906,-0.24,0.521722
volkan,0.5,42,42-169,0.408333,0.425,0.316667,0.741667,0.658333,0.008333,0.0,0.523761,0.28,0.501329
volkan,0.5,42,42-170,0.225,0.35,0.15,0.5,0.475,0.008333,0.25,0.416642,-0.68,0.625096
volkan,0.5,42,42-171,0.491667,0.458333,0.416667,0.875,0.683333,0.033333,0.0,0.633542,1.08,0.634842
volkan,0.5,42,42-172,0.266667,0.391667,0.191667,0.583333,0.525,0.0,0.191667,0.450963,-0.28,0.545849
volkan,0.5,42,42-173,0.116667,0.191667,0.05,0.241667,0.233333,0.008333,0.566667,0.305785,-1.04,1.081969
volkan,0.5,42,42-174,0.1,0.191667,0.025,0.216667,0.2,0.008333,0.575,0.295989,-1.0,1.068553
volkan,0.5,42,42-175,0.458333,0.475,0.391667,0.866667,0.733333,0.016667,0.0,0.575363,0.12,0.525674
volkan,0.5,42,42-176,0.016667,0.0,0.325,0.325,0.016667,0.458333,0.0,0.831812,1.56,1.692386
volkan,0.5,42,42-177,0.475,0.5,0.408333,0.908333,0.725,0.008333,0.0,0.588002,0.32,0.521012
volkan,0.5,42,42-178,0.35,0.408333,0.325,0.733333,0.608333,0.0,0.05,0.516496,-0.04,0.533762
volkan,0.5,42,42-179,0.483333,0.45,0.425,0.875,0.658333,0.033333,0.0,0.614513,0.6,0.601733
volkan,0.5,42,42-180,0.166667,0.0,0.491667,0.491667,0.166667,0.258333,0.0,0.795403,1.48,1.463604
volkan,0.5,42,42-181,0.433333,0.491667,0.341667,0.833333,0.691667,0.016667,0.0,0.568097,0.4,0.511058
volkan,0.5,42,42-182,0.383333,0.433333,0.158333,0.591667,0.533333,0.0,0.158333,0.459617,-0.16,0.517521
volkan,0.5,42,42-183,0.258333,0.041667,0.641667,0.683333,0.258333,0.166667,0.0,0.760625,1.28,1.225026
volkan,0.5,42,42-184,0.55,0.433333,0.491667,0.925,0.708333,0.008333,0.0,0.627484,0.76,0.622622
volkan,0.5,42,42-185,0.066667,0.0,0.35,0.35,0.066667,0.441667,0.0,0.826589,1.64,1.648225
volkan,0.5,42,42-186,0.441667,0.516667,0.366667,0.883333,0.691667,0.016667,0.0,0.586267,0.28,0.526524
volkan,0.5,42,42-187,0.1,0.191667,0.008333,0.2,0.191667,0.0,0.6,0.28688,-0.96,1.04327
volkan,0.5,42,42-188,0.075,0.191667,0.025,0.216667,0.2,0.0,0.608333,0.280228,-1.04,1.143994
volkan,0.5,42,42-189,0.033333,0.0,0.291667,0.291667,0.033333,0.516667,0.0,0.844633,1.76,1.80213
volkan,0.5,42,42-190,0.0,0.0,0.25,0.25,0.0,0.55,0.0,0.851763,1.76,1.857671
volkan,0.5,42,42-191,0.4,0.491667,0.225,0.716667,0.616667,0.0,0.033333,0.509801,-0.28,0.507615
volkan,0.5,42,42-192,0.308333,0.458333,0.15,0.608333,0.525,0.0,0.141667,0.466763,0.12,0.540426
volkan,0.5,42,42-193,0.116667,0.0,0.408333,0.408333,0.116667,0.366667,0.0,0.816124,1.92,1.588516
volkan,0.5,42,42-194,0.1,0.233333,0.041667,0.275,0.25,0.0,0.541667,0.313757,-1.0,0.969827
volkan,0.5,42,42-195,0.175,0.275,0.116667,0.391667,0.375,0.0,0.416667,0.371478,-0.88,0.789115
volkan,0.5,42,42-196,0.5,0.258333,0.55,0.808333,0.558333,0.066667,0.0,0.682158,1.0,0.831482
volkan,0.5,42,42-197,0.258333,0.408333,0.183333,0.591667,0.491667,0.008333,0.175,0.458677,-0.36,0.565543
volkan,0.5,42,42-198,0.4,0.475,0.258333,0.733333,0.675,0.008333,0.0,0.537927,0.32,0.515146
volkan,0.5,42,42-199,0.391667,0.416667,0.275,0.691667,0.608333,0.0,0.05,0.506377,0.12,0.501354
volkan,0.5,137,137-0,0.191667,0.275,0.083333,0.358333,0.35,0.0,0.4,0.36545,-0.52,0.753403
volkan,0.5,137,137-1,0.25,0.358333,0.116667,0.475,0.466667,0.0,0.341667,0.395888,-0.48,0.679685
volkan,0.5,137,137-2,0.233333,0.325,0.141667,0.466667,0.433333,0.0,0.308333,0.406325,-0.56,0.658425
volkan,0.5,137,137-3,0.475,0.466667,0.341667,0.808333,0.7,0.008333,0.0,0.551044,0.2,0.511883
volkan,0.5,137,137-4,0.183333,0.408333,0.125,0.533333,0.491667,0.0,0.241667,0.420071,-0.32,0.550906
volkan,0.5,137,137-5,0.166667,0.25,0.058333,0.308333,0.3,0.008333,0.466667,0.346653,-1.32,0.875758
volkan,0.5,137,137-6,0.5,0.483333,0.416667,0.9,0.733333,0.033333,0.0,0.591637,0.08,0.542424
volkan,0.5,137,137-7,0.2,0.391667,0.116667,0.508333,0.491667,0.008333,0.275,0.407271,-0.32,0.630194
volkan,0.5,137,137-8,0.033333,0.041667,0.016667,0.058333,0.058333,0.0,0.858333,0.180179,-1.32,1.726579
volkan,0.5,137,137-9,0.0,0.0,0.125,0.125,0.0,0.666667,0.0,0.872915,1.88,2.013298
volkan,0.5,137,137-10,0.041667,0.0,0.308333,0.308333,0.041667,0.491667,0.0,0.837838,1.52,1.741467
volkan,0.5,137,137-11,0.1,0.208333,0.008333,0.216667,0.216667,0.0,0.525,0.305059,-0.48,0.964999
volkan,0.5,137,137-12,0.333333,0.433333,0.166667,0.6,0.533333,0.0,0.133333,0.463709,0.16,0.526172
volkan,0.5,137,137-13,0.383333,0.4,0.3,0.7,0.608333,0.008333,0.033333,0.526493,0.04,0.535812
volkan,0.5,137,137-14,0.35,0.15,0.541667,0.691667,0.35,0.183333,0.0,0.742656,1.16,1.149904
volkan,0.5,137,137-15,0.008333,0.008333,0.0,0.008333,0.008333,0.0,0.941667,0.106779,-1.56,2.423361
volkan,0.5,137,137-16,0.191667,0.241667,0.116667,0.358333,0.341667,0.0,0.375,0.368938,-0.6,0.772559
volkan,0.5,137,137-17,0.491667,0.508333,0.383333,0.891667,0.733333,0.008333,0.0,0.577358,0.4,0.500936
volkan,0.5,137,137-18,0.025,0.075,0.016667,0.091667,0.083333,0.0,0.766667,0.204637,-1.48,1.611731
volkan,0.5,137,137-19,0.225,0.308333,0.141667,0.45,0.441667,0.008333,0.258333,0.411675,-0.12,0.624448
volkan,0.5,137,137-20,0.35,0.441667,0.191667,0.633333,0.55,0.0,0.091667,0.47644,0.08,0.50869
volkan,0.5,137,137-21,0.375,0.433333,0.141667,0.575,0.508333,0.008333,0.125,0.462588,-0.12,0.5129
volkan,0.5,137,137-22,0.133333,0.241667,0.025,0.266667,0.266667,0.008333,0.516667,0.325515,-0.84,0.898565
volkan,0.5,137,137-23,0.291667,0.058333,0.65,0.708333,0.291667,0.158333,0.0,0.748616,1.12,1.162072
volkan,0.5,137,137-24,0.225,0.366667,0.141667,0.508333,0.491667,0.008333,0.2,0.424967,-0.32,0.596689
volkan,0.5,137,137-25,0.458333,0.158333,0.608333,0.766667,0.458333,0.091667,0.0,0.712213,0.56,0.972241
volkan,0.5,137,137-26,0.35,0.425,0.191667,0.616667,0.533333,0.0,0.108333,0.476131,0.08,0.512258
volkan,0.5,137,137-27,0.475,0.516667,0.4,0.916667,0.708333,0.0,0.0,0.587908,0.28,0.513987
volkan,0.5,137,137-28,0.291667,0.391667,0.2,0.591667,0.525,0.008333,0.175,0.456704,-0.6,0.560545
volkan,0.5,137,137-29,0.3,0.025,0.6,0.625,0.3,0.175,0.0,0.75808,0.76,1.223852
volkan,0.5,137,137-30,0.5,0.483333,0.458333,0.941667,0.716667,0.025,0.0,0.614715,0.56,0.576567
volkan,0.5,137,137-31,0.15,0.25,0.066667,0.316667,0.3,0.0,0.425,0.343482,-0.6,0.832657
volkan,0.5,137,137-32,0.433333,0.241667,0.558333,0.8,0.45,0.108333,0.0,0.697645,1.24,0.90276
volkan,0.5,137,137-33,0.0,0.0,0.0,0.0,0.0,1.0,0.0,0.93476,1.88,2.781362
volkan,0.5,137,137-34,0.033333,0.058333,0.033333,0.091667,0.075,0.0,0.766667,0.22582,-1.04,1.453923
volkan,0.5,137,137-35,0.383333,0.416667,0.316667,0.733333,0.65,0.008333,0.0,0.528313,0.16,0.51542
volkan,0.5,137,137-36,0.458333,0.475,0.35,0.825,0.7,0.0,0.016667,0.55473,0.48,0.506366
volkan,0.5,137,137-37,0.333333,0.416667,0.333333,0.75,0.616667,0.0,0.066667,0.520481,-0.12,0.533333
volkan,0.5,137,137-38,0.416667,0.166667,0.533333,0.7,0.416667,0.15,0.0,0.732246,1.36,1.089177
volkan,0.5,137,137-39,0.341667,0.441667,0.25,0.691667,0.583333,0.0,0.058333,0.50234,0.04,0.518808
volkan,0.5,137,137-40,0.516667,0.175,0.591667,0.766667,0.525,0.075,0.0,0.698043,0.76,0.900806
volkan,0.5,137,137-41,0.533333,0.241667,0.583333,0.825,0.566667,0.075,0.0,0.684219,0.96,0.835894
volkan,0.5,137,137-42,0.158333,0.258333,0.033333,0.291667,0.291667,0.016667,0.5,0.338935,-0.64,0.875112
volkan,0.5,137,137-43,0.116667,0.25,0.025,0.275,0.266667,0.0,0.516667,0.316717,-0.92,0.901688
volkan,0.5,137,137-44,0.0,0.0,0.233333,0.233333,0.0,0.616667,0.0,0.860188,1.88,1.951972
volkan,0.5,137,137-45,0.358333,0.441667,0.283333,0.725,0.641667,0.0,0.041667,0.505506,0.24,0.501045
volkan,0.5,137,137-46,0.458333,0.491667,0.375,0.866667,0.691667,0.016667,0.0,0.582911,0.4,0.548108
volkan,0.5,137,137-47,0.041667,0.0,0.3,0.3,0.041667,0.391667,0.0,0.828196,1.56,1.646006
volkan,0.5,137,137-48,0.608333,0.275,0.608333,0.883333,0.65,0.016667,0.0,0.668092,1.04,0.747685
volkan,0.5,137,137-49,0.241667,0.408333,0.108333,0.516667,0.5,0.0,0.258333,0.413222,-0.28,0.576615
volkan,0.5,137,137-50,0.291667,0.425,0.2,0.625,0.533333,0.0,0.158333,0.466657,-0.4,0.551035
volkan,0.5,137,137-51,0.3,0.058333,0.591667,0.65,0.3,0.233333,0.0,0.760607,1.2,1.25399
volkan,0.5,137,137-52,0.108333,0.0,0.433333,0.433333,0.108333,0.308333,0.0,0.800834,1.56,1.455973
volkan,0.5,137,137-53,0.358333,0.433333,0.183333,0.616667,0.533333,0.0,0.033333,0.486606,0.08,0.499656
volkan,0.5,137,137-54,0.133333,0.0,0.475,0.475,0.133333,0.225,0.0,0.795658,1.48,1.427537
volkan,0.5,137,137-55,0.333333,0.425,0.141667,0.566667,0.491667,0.008333,0.158333,0.45595,0.0,0.545919
volkan,0.5,137,137-56,0.475,0.5,0.4,0.9,0.75,0.008333,0.0,0.578079,0.68,0.503604
volkan,0.5,137,137-57,0.141667,0.216667,0.025,0.241667,0.241667,0.0,0.583333,0.289631,-1.44,1.08399
volkan,0.5,137,137-58,0.366667,0.4,0.291667,0.691667,0.591667,0.008333,0.05,0.503803,0.04,0.526737
volkan,0.5,137,137-59,0.566667,0.383333,0.525,0.908333,0.641667,0.025,0.0,0.649106,0.84,0.678831
volkan,0.5,137,137-60,0.533333,0.466667,0.466667,0.933333,0.683333,0.025,0.0,0.625031,0.52,0.592744
volkan,0.5,137,137-61,0.558333,0.241667,0.6,0.841667,0.558333,0.066667,0.0,0.689232,0.88,0.851799
volkan,0.5,137,137-62,0.183333,0.325,0.125,0.45,0.416667,0.0,0.341667,0.390626,-0.32,0.716467
volkan,0.5,137,137-63,0.308333,0.4,0.275,0.675,0.566667,0.008333,0.091667,0.50172,-0.0,0.565575
volkan,0.5,137,137-64,0.408333,0.416667,0.291667,0.708333,0.641667,0.008333,0.025,0.519366,0.04,0.524023
volkan,0.5,137,137-65,0.0,0.0,0.233333,0.233333,0.0,0.541667,0.0,0.849011,1.76,1.823733
volkan,0.5,137,137-66,0.083333,0.225,0.016667,0.241667,0.233333,0.008333,0.566667,0.314064,-0.64,0.950242
volkan,0.5,137,137-67,0.375,0.425,0.2,0.625,0.525,0.0,0.125,0.483831,-0.36,0.54843
volkan,0.5,137,137-68,0.358333,0.45,0.308333,0.758333,0.65,0.0,0.05,0.517288,0.0,0.501696
volkan,0.5,137,137-69,0.0,0.0,0.0,0.0,0.0,1.0,0.0,0.956962,2.32,3.274679
volkan,0.5,137,137-70,0.516667,0.3,0.55,0.85,0.583333,0.083333,0.0,0.673138,1.28,0.800606
volkan,0.5,137,137-71,0.425,0.425,0.358333,0.783333,0.708333,0.0,0.016667,0.530602,0.04,0.494354
volkan,0.5,137,137-72,0.433333,0.408333,0.316667,0.725,0.633333,0.008333,0.008333,0.548799,0.2,0.54154
volkan,0.5,137,137-73,0.025,0.1,0.016667,0.116667,0.116667,0.0,0.758333,0.217869,-1.32,1.470393
volkan,0.5,137,137-74,0.416667,0.458333,0.341667,0.8,0.658333,0.041667,0.0,0.581346,0.28,0.591521
volkan,0.5,137,137-75,0.2,0.0,0.458333,0.458333,0.2,0.291667,0.0,0.792448,1.68,1.432332
volkan,0.5,137,137-76,0.391667,0.508333,0.25,0.758333,0.683333,0.0,0.033333,0.503891,-0.0,0.467624
volkan,0.5,137,137-77,0.275,0.358333,0.2,0.558333,0.5,0.008333,0.191667,0.450404,-0.4,0.592533
volkan,0.5,137,137-78,0.316667,0.466667,0.183333,0.65,0.55,0.0,0.116667,0.475361,-0.04,0.555528
volkan,0.5,137,137-79,0.391667,0.141667,0.591667,0.733333,0.425,0.158333,0.0,0.720297,1.08,1.02508
volkan,0.5,137,137-80,0.533333,0.283333,0.566667,0.85,0.633333,0.058333,0.0,0.668675,1.08,0.783223
volkan,0.5,137,137-81,0.216667,0.05,0.516667,0.566667,0.216667,0.216667,0.0,0.771508,1.36,1.302968
volkan,0.5,137,137-82,0.491667,0.491667,0.341667,0.833333,0.716667,0.008333,0.0,0.583542,0.2,0.542032
volkan,0.5,137,137-83,0.525,0.225,0.616667,0.841667,0.533333,0.075,0.0,0.68962,1.08,0.858321
volkan,0.5,137,137-84,0.216667,0.316667,0.066667,0.383333,0.383333,0.0,0.408333,0.368876,-0.6,0.712046
volkan,0.5,137,137-85,0.425,0.425,0.391667,0.816667,0.633333,0.025,0.0,0.574407,0.64,0.58191
volkan,0.5,137,137-86,0.1,0.208333,0.008333,0.216667,0.216667,0.0,0.5,0.316603,-0.68,0.903987
volkan,0.5,137,137-87,0.191667,0.341667,0.133333,0.475,0.458333,0.0,0.3,0.397976,-0.36,0.645819
volkan,0.5,137,137-88,0.183333,0.3,0.05,0.35,0.341667,0.0,0.425,0.355473,-0.52,0.776461
volkan,0.5,137,137-89,0.391667,0.408333,0.333333,0.741667,0.633333,0.0,0.008333,0.523419,0.0,0.502131
volkan,0.5,137,137-90,0.225,0.041667,0.583333,0.625,0.225,0.216667,0.0,0.765709,1.0,1.259035
volkan,0.5,137,137-91,0.566667,0.483333,0.466667,0.95,0.716667,0.0,0.0,0.624451,0.64,0.572169
volkan,0.5,137,137-92,0.1,0.225,0.0,0.225,0.225,0.0,0.516667,0.303338,-0.48,0.939299
volkan,0.5,137,137-93,0.533333,0.266667,0.591667,0.858333,0.616667,0.058333,0.0,0.664323,1.0,0.764978
volkan,0.5,137,137-94,0.0,0.0,0.033333,0.033333,0.0,0.791667,0.0,0.898758,1.96,2.293507
volkan,0.5,137,137-95,0.141667,0.0,0.466667,0.466667,0.141667,0.258333,0.0,0.793369,1.28,1.430068
volkan,0.5,137,137-96,0.45,0.208333,0.616667,0.825,0.475,0.091667,0.0,0.691938,1.2,0.873908
volkan,0.5,137,137-97,0.208333,0.0,0.55,0.55,0.208333,0.166667,0.0,0.775049,1.48,1.29553
volkan,0.5,137,137-98,0.2,0.0,0.508333,0.508333,0.2,0.258333,0.0,0.787458,1.4,1.417405
volkan,0.5,137,137-99,0.458333,0.45,0.466667,0.916667,0.625,0.041667,0.0,0.634054,0.2,0.659101
volkan,0.5,137,137-100,0.383333,0.45,0.2,0.65,0.591667,0.0,0.1,0.478565,0.0,0.507316
volkan,0.5,137,137-101,0.0,0.0,0.075,0.075,0.0,0.741667,0.0,0.888354,1.76,2.189856
volkan,0.5,137,137-102,0.491667,0.5,0.441667,0.941667,0.725,0.033333,0.0,0.606376,0.6,0.55064
volkan,0.5,137,137-103,0.158333,0.0,0.508333,0.508333,0.158333,0.208333,0.0,0.789634,1.24,1.390412
volkan,0.5,137,137-104,0.408333,0.441667,0.325,0.766667,0.641667,0.016667,0.0,0.55143,0.32,0.523253
volkan,0.5,137,137-105,0.0,0.0,0.025,0.025,0.0,0.775,0.0,0.895086,1.92,2.260282
volkan,0.5,137,137-106,0.0,0.008333,0.0,0.008333,0.008333,0.0,0.991667,0.077035,-2.04,2.833473
volkan,0.5,137,137-107,0.341667,0.458333,0.183333,0.641667,0.533333,0.0,0.125,0.476178,-0.2,0.524233
volkan,0.5,137,137-108,0.008333,0.016667,0.0,0.016667,0.016667,0.0,0.983333,0.075928,-2.12,2.887031
volkan,0.5,137,137-109,0.025,0.0,0.258333,0.258333,0.025,0.516667,0.0,0.850933,1.48,1.85846
volkan,0.5,137,137-110,0.216667,0.375,0.125,0.5,0.475,0.0,0.191667,0.417901,-0.24,0.550944
volkan,0.5,137,137-111,0.216667,0.0,0.491667,0.491667,0.216667,0.208333,0.0,0.782382,1.48,1.352279
volkan,0.5,137,137-112,0.3,0.375,0.183333,0.558333,0.5,0.0,0.183333,0.458546,-0.4,0.585171
volkan,0.5,137,137-113,0.25,0.366667,0.15,0.516667,0.516667,0.008333,0.241667,0.421177,-0.36,0.595297
volkan,0.5,137,137-114,0.308333,0.416667,0.183333,0.6,0.508333,0.0,0.133333,0.472955,0.12,0.529713
volkan,0.5,137,137-115,0.341667,0.458333,0.208333,0.666667,0.525,0.016667,0.066667,0.500345,-0.2,0.552272
volkan,0.5,137,137-116,0.175,0.0,0.558333,0.558333,0.175,0.191667,0.0,0.781877,1.36,1.343387
volkan,0.5,137,137-117,0.233333,0.375,0.133333,0.508333,0.5,0.008333,0.275,0.413045,-0.44,0.612973
volkan,0.5,137,137-118,0.033333,0.05,0.033333,0.083333,0.075,0.0,0.816667,0.209378,-1.32,1.561847
volkan,0.5,137,137-119,0.316667,0.408333,0.241667,0.65,0.566667,0.0,0.125,0.475207,0.12,0.558463
volkan,0.5,137,137-120,0.0,0.0,0.125,0.125,0.0,0.7,0.0,0.877959,1.84,2.08888
volkan,0.5,137,137-121,0.0,0.0,0.0,0.0,0.0,0.816667,0.0,0.901487,1.96,2.327786
volkan,0.5,137,137-122,0.491667,0.466667,0.333333,0.8,0.708333,0.0,0.0,0.573941,0.0,0.543526
volkan,0.5,137,137-123,0.091667,0.158333,0.033333,0.191667,0.183333,0.0,0.625,0.282507,-1.28,1.157157
volkan,0.5,137,137-124,0.033333,0.108333,0.008333,0.116667,0.116667,0.0,0.741667,0.221403,-1.56,1.434346
volkan,0.5,137,137-125,0.45,0.458333,0.383333,0.841667,0.766667,0.0,0.0,0.556186,0.24,0.466322
volkan,0.5,137,137-126,0.458333,0.5,0.391667,0.891667,0.716667,0.041667,0.0,0.598501,0.48,0.569424
volkan,0.5,137,137-127,0.183333,0.316667,0.041667,0.358333,0.35,0.0,0.383333,0.366837,-0.72,0.753961
volkan,0.5,137,137-128,0.341667,0.425,0.275,0.7,0.616667,0.0,0.05,0.49519,0.16,0.507282
volkan,0.5,137,137-129,0.291667,0.075,0.6,0.675,0.291667,0.158333,0.0,0.745663,1.4,1.146721
volkan,0.5,137,137-130,0.358333,0.416667,0.25,0.666667,0.566667,0.008333,0.083333,0.506996,-0.2,0.555826
volkan,0.5,137,137-131,0.333333,0.466667,0.183333,0.65,0.533333,0.016667,0.116667,0.494688,-0.28,0.56828
volkan,0.5,137,137-132,0.508333,0.358333,0.516667,0.875,0.616667,0.05,0.0,0.655427,0.32,0.715911
volkan,0.5,137,137-133,0.133333,0.225,0.033333,0.258333,0.25,0.0,0.525,0.314954,-0.76,0.942425
volkan,0.5,137,137-134,0.458333,0.458333,0.383333,0.841667,0.65,0.041667,0.0,0.588635,0.36,0.580605
volkan,0.5,137,137-135,0.483333,0.533333,0.408333,0.941667,0.725,0.025,0.0,0.605281,0.64,0.543086
volkan,0.5,137,137-136,0.45,0.441667,0.366667,0.808333,0.716667,0.0,0.0,0.54633,0.24,0.482353
volkan,0.5,137,137-137,0.325,0.458333,0.216667,0.675,0.566667,0.0,0.083333,0.488214,-0.6,0.501326
volkan,0.5,137,137-138,0.466667,0.483333,0.316667,0.8,0.75,0.0,0.0,0.535952,0.24,0.458716
volkan,0.5,137,137-139,0.275,0.041667,0.633333,0.675,0.275,0.183333,0.0,0.756349,1.08,1.2133
volkan,0.5,137,137-140,0.016667,0.008333,0.016667,0.025,0.025,0.0,0.925,0.130575,-1.76,2.219979
volkan,0.5,137,137-141,0.35,0.075,0.65,0.725,0.35,0.141667,0.0,0.738017,1.2,1.098706
volkan,0.5,137,137-142,0.433333,0.433333,0.316667,0.75,0.691667,0.0,0.0,0.544376,0.04,0.528334
volkan,0.5,137,137-143,0.25,0.358333,0.175,0.533333,0.508333,0.008333,0.241667,0.426222,-0.52,0.642678
volkan,0.5,137,137-144,0.5,0.516667,0.408333,0.925,0.775,0.008333,0.0,0.582758,0.72,0.502115
volkan,0.5,137,137-145,0.516667,0.35,0.466667,0.816667,0.583333,0.066667,0.0,0.671201,0.6,0.778254
volkan,0.5,137,137-146,0.383333,0.158333,0.55,0.708333,0.383333,0.141667,0.0,0.731021,1.44,1.08004
volkan,0.5,137,137-147,0.341667,0.4,0.183333,0.583333,0.541667,0.0,0.15,0.454474,-0.4,0.521811
volkan,0.5,137,137-148,0.2,0.341667,0.1,0.441667,0.433333,0.008333,0.366667,0.384024,-0.6,0.6979
volkan,0.5,137,137-149,0.441667,0.491667,0.341667,0.833333,0.725,0.0,0.0,0.538607,0.48,0.43727
volkan,0.5,137,137-150,0.125,0.25,0.033333,0.283333,0.275,0.008333,0.491667,0.333203,-1.0,0.903053
volkan,0.5,137,137-151,0.0,0.0,0.241667,0.241667,0.0,0.541667,0.0,0.847598,1.4,1.800784
volkan,0.5,137,137-152,0.0,0.0,0.0,0.0,0.0,1.0,0.0,0.97567,2.28,3.877735
volkan,0.5,137,137-153,0.2,0.3,0.075,0.375,0.358333,0.0,0.383333,0.369932,-0.8,0.737529
volkan,0.5,137,137-154,0.0,0.0,0.233333,0.233333,0.0,0.525,0.0,0.851118,1.32,1.838144
volkan,0.5,137,137-155,0.541667,0.275,0.566667,0.841667,0.575,0.05,0.0,0.680656,1.04,0.808581
volkan,0.5,137,137-156,0.466667,0.458333,0.341667,0.8,0.708333,0.0,0.008333,0.540684,0.28,0.491186
volkan,0.5,137,137-157,0.341667,0.1,0.65,0.75,0.341667,0.133333,0.0,0.733168,1.2,1.075734
volkan,0.5,137,137-158,0.325,0.075,0.65,0.725,0.325,0.15,0.0,0.74054,1.12,1.112758
volkan,0.5,137,137-159,0.441667,0.441667,0.433333,0.875,0.675,0.058333,0.0,0.611043,0.52,0.629612
volkan,0.5,137,137-160,0.233333,0.333333,0.116667,0.45,0.425,0.0,0.291667,0.403534,-0.16,0.62771
volkan,0.5,137,137-161,0.5,0.533333,0.383333,0.916667,0.758333,0.0,0.0,0.577367,0.36,0.480808
volkan,0.5,137,137-162,0.158333,0.266667,0.025,0.291667,0.291667,0.008333,0.466667,0.342358,-0.68,0.86706
volkan,0.5,137,137-163,0.608333,0.258333,0.6,0.858333,0.616667,0.041667,0.0,0.672133,1.16,0.769887
volkan,0.5,137,137-164,0.375,0.483333,0.225,0.708333,0.583333,0.008333,0.083333,0.504049,-0.2,0.532297
volkan,0.5,137,137-165,0.283333,0.041667,0.608333,0.65,0.283333,0.2,0.0,0.761925,1.04,1.246061
volkan,0.5,137,137-166,0.425,0.491667,0.35,0.841667,0.633333,0.016667,0.0,0.577163,0.4,0.552394
volkan,0.5,137,137-167,0.408333,0.45,0.325,0.775,0.65,0.008333,0.033333,0.535944,-0.32,0.530752
volkan,0.5,137,137-168,0.183333,0.325,0.108333,0.433333,0.425,0.0,0.375,0.377874,-0.36,0.710544
volkan,0.5,137,137-169,0.558333,0.416667,0.5,0.916667,0.666667,0.05,0.0,0.644394,0.88,0.660223
volkan,0.5,137,137-170,0.45,0.466667,0.45,0.916667,0.666667,0.016667,0.0,0.604351,0.56,0.569908
volkan,0.5,137,137-171,0.366667,0.458333,0.191667,0.65,0.541667,0.016667,0.1,0.493818,-0.2,0.534563
volkan,0.5,137,137-172,0.466667,0.475,0.333333,0.808333,0.725,0.008333,0.008333,0.557474,0.24,0.522569
volkan,0.5,137,137-173,0.358333,0.083333,0.7,0.783333,0.358333,0.108333,0.0,0.733404,1.28,1.063882
volkan,0.5,137,137-174,0.35,0.475,0.15,0.625,0.558333,0.0,0.1,0.4813,0.08,0.522966
volkan,0.5,137,137-175,0.141667,0.283333,0.058333,0.341667,0.333333,0.0,0.441667,0.350126,-0.84,0.81598
volkan,0.5,137,137-176,0.516667,0.233333,0.591667,0.825,0.55,0.058333,0.0,0.688822,0.88,0.856457
volkan,0.5,137,137-177,0.441667,0.491667,0.366667,0.858333,0.625,0.0,0.0,0.588881,0.28,0.569767
volkan,0.5,137,137-178,0.091667,0.183333,0.025,0.208333,0.208333,0.008333,0.641667,0.281858,-0.76,1.0983
volkan,0.5,137,137-179,0.0,0.0,0.0,0.0,0.0,1.0,0.0,0.944482,2.08,2.954986
volkan,0.5,137,137-180,0.266667,0.375,0.133333,0.508333,0.441667,0.0,0.225,0.424632,0.0,0.601591
volkan,0.5,137,137-181,0.391667,0.441667,0.316667,0.758333,0.666667,0.008333,0.033333,0.523763,-0.04,0.514298
volkan,0.5,137,137-182,0.066667,0.141667,0.025,0.166667,0.166667,0.0,0.7,0.252045,-1.36,1.273191
volkan,0.5,137,137-183,0.383333,0.391667,0.308333,0.7,0.616667,0.0,0.05,0.512752,0.0,0.51427
volkan,0.5,137,137-184,0.216667,0.341667,0.133333,0.475,0.45,0.0,0.308333,0.404313,-0.52,0.666516
volkan,0.5,137,137-185,0.258333,0.391667,0.175,0.566667,0.525,0.008333,0.25,0.435133,-0.56,0.604499
volkan,0.5,137,137-186,0.125,0.208333,0.016667,0.225,0.225,0.008333,0.541667,0.314229,-1.08,0.973153
volkan,0.5,137,137-187,0.308333,0.433333,0.183333,0.616667,0.55,0.0,0.125,0.463989,0.08,0.522147
volkan,0.5,137,137-188,0.316667,0.408333,0.133333,0.541667,0.5,0.0,0.141667,0.439373,-0.16,0.521451
volkan,0.5,137,137-189,0.2,0.366667,0.108333,0.475,0.466667,0.0,0.266667,0.400215,-0.32,0.61028
volkan,0.5,137,137-190,0.275,0.35,0.125,0.475,0.45,0.0,0.266667,0.417863,-0.72,0.614797
volkan,0.5,137,137-191,0.091667,0.208333,0.025,0.233333,0.216667,0.008333,0.591667,0.289961,-1.12,1.139878
volkan,0.5,137,137-192,0.033333,0.041667,0.016667,0.058333,0.05,0.0,0.825,0.183698,-1.6,1.752683
volkan,0.5,137,137-193,0.233333,0.333333,0.166667,0.5,0.483333,0.0,0.258333,0.420037,-0.16,0.592192
volkan,0.5,137,137-194,0.0,0.0,0.208333,0.208333,0.0,0.675,0.0,0.865726,1.84,1.975408
volkan,0.5,137,137-195,0.541667,0.433333,0.466667,0.9,0.65,0.05,0.0,0.644755,0.8,0.669506
volkan,0.5,137,137-196,0.341667,0.391667,0.166667,0.558333,0.508333,0.008333,0.15,0.452789,-0.24,0.536
volkan,0.5,137,137-197,0.066667,0.208333,0.008333,0.216667,0.216667,0.0,0.516667,0.298977,-0.84,0.980104
volkan,0.5,137,137-198,0.358333,0.433333,0.283333,0.716667,0.583333,0.0,0.033333,0.523752,-0.2,0.519871
volkan,0.5,137,137-199,0.45,0.441667,0.333333,0.775,0.716667,0.008333,0.0,0.554777,0.12,0.512482
volkan,0.5,369,369-0,0.45,0.525,0.391667,0.916667,0.725,0.008333,0.0,0.593525,0.64,0.525735
volkan,0.5,369,369-1,0.425,0.483333,0.316667,0.8,0.691667,0.008333,0.0,0.541618,0.56,0.481708
volkan,0.5,369,369-2,0.191667,0.016667,0.508333,0.525,0.191667,0.266667,0.0,0.782788,1.28,1.377858
volkan,0.5,369,369-3,0.25,0.283333,0.108333,0.391667,0.383333,0.008333,0.325,0.397891,-0.8,0.697542
volkan,0.5,369,369-4,0.525,0.5,0.425,0.925,0.725,0.025,0.0,0.596164,0.32,0.528118
volkan,0.5,369,369-5,0.458333,0.475,0.408333,0.883333,0.675,0.016667,0.0,0.597088,0.48,0.573201
volkan,0.5,369,369-6,0.25,0.341667,0.1,0.441667,0.425,0.016667,0.316667,0.402161,-0.76,0.686049
volkan,0.5,369,369-7,0.483333,0.516667,0.383333,0.9,0.75,0.025,0.0,0.590181,0.6,0.532547
volkan,0.5,369,369-8,0.45,0.45,0.316667,0.766667,0.65,0.008333,0.0,0.556413,0.28,0.532986
volkan,0.5,369,369-9,0.0,0.0,0.141667,0.141667,0.0,0.658333,0.0,0.874169,1.96,2.046769
volkan,0.5,369,369-10,0.541667,0.175,0.641667,0.816667,0.541667,0.075,0.0,0.698472,1.12,0.889645
volkan,0.5,369,369-11,0.0,0.0,0.0,0.0,0.0,0.0,1.0,0.058079,-2.28,3.193123
volkan,0.5,369,369-12,0.35,0.416667,0.141667,0.558333,0.508333,0.0,0.166667,0.445217,-0.12,0.518434
volkan,0.5,369,369-13,0.458333,0.525,0.341667,0.866667,0.708333,0.016667,0.0,0.562999,0.64,0.492721
volkan,0.5,369,369-14,0.0,0.0,0.0,0.0,0.0,0.0,0.991667,0.080903,-1.76,2.71032
volkan,0.5,369,369-15,0.008333,0.016667,0.0,0.016667,0.016667,0.0,0.95,0.105892,-2.0,2.476883
volkan,0.5,369,369-16,0.466667,0.491667,0.358333,0.85,0.683333,0.016667,0.0,0.576321,0.48,0.528624
volkan,0.5,369,369-17,0.016667,0.058333,0.041667,0.1,0.066667,0.0,0.766667,0.22244,-1.36,1.520119
volkan,0.5,369,369-18,0.1,0.0,0.425,0.425,0.1,0.391667,0.0,0.810364,1.64,1.544378
volkan,0.5,369,369-19,0.291667,0.3,0.15,0.45,0.441667,0.016667,0.266667,0.419922,-0.76,0.677838
volkan,0.5,369,369-20,0.433333,0.458333,0.266667,0.725,0.691667,0.0,0.016667,0.508902,0.16,0.486174
volkan,0.5,369,369-21,0.283333,0.075,0.6,0.675,0.283333,0.175,0.0,0.75114,1.32,1.184459
volkan,0.5,369,369-22,0.416667,0.433333,0.15,0.583333,0.541667,0.0,0.116667,0.466006,-0.12,0.499855
volkan,0.5,369,369-23,0.25,0.025,0.666667,0.691667,0.25,0.141667,0.0,0.759262,1.32,1.211311
volkan,0.5,369,369-24,0.3,0.366667,0.183333,0.55,0.491667,0.016667,0.166667,0.452266,-0.44,0.591001
volkan,0.5,369,369-25,0.275,0.425,0.133333,0.558333,0.466667,0.0,0.183333,0.443547,-0.04,0.591602
volkan,0.5,369,369-26,0.25,0.033333,0.666667,0.7,0.25,0.183333,0.0,0.756847,1.0,1.201859
volkan,0.5,369,369-27,0.333333,0.358333,0.175,0.533333,0.45,0.025,0.166667,0.462662,-0.24,0.621341
volkan,0.5,369,369-28,0.108333,0.225,0.025,0.25,0.25,0.008333,0.475,0.334238,-0.76,0.887485
volkan,0.5,369,369-29,0.466667,0.558333,0.358333,0.916667,0.775,0.008333,0.0,0.581262,0.64,0.500688
volkan,0.5,369,369-30,0.516667,0.358333,0.533333,0.891667,0.633333,0.041667,0.0,0.653911,0.6,0.715421
volkan,0.5,369,369-31,0.416667,0.45,0.316667,0.766667,0.691667,0.0,0.0,0.521569,0.12,0.480636
volkan,0.5,369,369-32,0.316667,0.408333,0.158333,0.566667,0.525,0.008333,0.141667,0.452168,-0.28,0.522764
volkan,0.5,369,369-33,0.025,0.066667,0.0,0.066667,0.066667,0.0,0.833333,0.177003,-1.32,1.75135
volkan,0.5,369,369-34,0.241667,0.391667,0.15,0.541667,0.5,0.008333,0.175,0.434699,-0.24,0.54514
volkan,0.5,369,369-35,0.425,0.475,0.25,0.725,0.658333,0.0,0.016667,0.52099,0.4,0.510142
volkan,0.5,369,369-36,0.316667,0.35,0.175,0.525,0.483333,0.008333,0.191667,0.440485,-0.52,0.582584
volkan,0.5,369,369-37,0.558333,0.3,0.525,0.825,0.625,0.075,0.0,0.672479,1.08,0.798556
volkan,0.5,369,369-38,0.45,0.466667,0.325,0.791667,0.683333,0.0,0.0,0.53984,0.32,0.479268
volkan,0.5,369,369-39,0.541667,0.416667,0.458333,0.875,0.683333,0.025,0.0,0.625194,0.96,0.627437
volkan,0.5,369,369-40,0.508333,0.358333,0.516667,0.875,0.625,0.05,0.0,0.659562,0.36,0.741995
volkan,0.5,369,369-41,0.258333,0.366667,0.141667,0.508333,0.491667,0.0,0.241667,0.419054,-0.2,0.584957
volkan,0.5,369,369-42,0.283333,0.325,0.166667,0.491667,0.466667,0.008333,0.266667,0.423945,-0.64,0.629661
volkan,0.5,369,369-43,0.125,0.216667,0.033333,0.25,0.241667,0.008333,0.516667,0.320935,-1.04,0.972982
volkan,0.5,369,369-44,0.233333,0.325,0.125,0.45,0.441667,0.008333,0.308333,0.405878,-0.44,0.67289
volkan,0.5,369,369-45,0.391667,0.458333,0.266667,0.725,0.6,0.0,0.016667,0.523803,-0.2,0.502386
volkan,0.5,369,369-46,0.466667,0.425,0.475,0.9,0.641667,0.066667,0.0,0.633829,0.44,0.669155
volkan,0.5,369,369-47,0.208333,0.308333,0.091667,0.4,0.375,0.016667,0.375,0.382564,-0.8,0.765936
volkan,0.5,369,369-48,0.441667,0.475,0.35,0.825,0.691667,0.0,0.0,0.558955,0.2,0.508066
volkan,0.5,369,369-49,0.05,0.158333,0.025,0.183333,0.166667,0.0,0.7,0.256796,-1.28,1.257396
volkan,0.5,369,369-50,0.133333,0.208333,0.033333,0.241667,0.233333,0.008333,0.516667,0.316925,-0.96,0.957442
volkan,0.5,369,369-51,0.466667,0.441667,0.425,0.866667,0.658333,0.041667,0.0,0.597777,0.76,0.596317
volkan,0.5,369,369-52,0.075,0.0,0.4,0.4,0.075,0.383333,0.0,0.812355,1.8,1.550227
volkan,0.5,369,369-53,0.533333,0.266667,0.541667,0.808333,0.558333,0.075,0.0,0.6841,0.72,0.851874
volkan,0.5,369,369-54,0.233333,0.358333,0.116667,0.475,0.458333,0.008333,0.233333,0.414178,-0.32,0.615518
volkan,0.5,369,369-55,0.5,0.108333,0.7,0.808333,0.5,0.066667,0.0,0.70977,1.24,0.955878
volkan,0.5,369,369-56,0.45,0.483333,0.4,0.883333,0.683333,0.016667,0.0,0.590179,0.28,0.543344
volkan,0.5,369,369-57,0.241667,0.375,0.141667,0.516667,0.5,0.025,0.291667,0.43211,-0.6,0.651415
volkan,0.5,369,369-58,0.133333,0.258333,0.05,0.308333,0.283333,0.025,0.5,0.354186,-1.24,0.923662
volkan,0.5,369,369-59,0.416667,0.483333,0.35,0.833333,0.666667,0.025,0.0,0.578833,0.4,0.552907
volkan,0.5,369,369-60,0.35,0.458333,0.15,0.608333,0.541667,0.008333,0.141667,0.465684,0.0,0.533514
volkan,0.5,369,369-61,0.033333,0.058333,0.033333,0.091667,0.075,0.0,0.8,0.206526,-1.32,1.59306
volkan,0.5,369,369-62,0.491667,0.533333,0.391667,0.925,0.733333,0.008333,0.0,0.590676,0.28,0.503144
volkan,0.5,369,369-63,0.041667,0.15,0.025,0.175,0.158333,0.0,0.708333,0.248599,-1.28,1.335715
volkan,0.5,369,369-64,0.3,0.391667,0.091667,0.483333,0.458333,0.016667,0.183333,0.430709,-0.08,0.569577
volkan,0.5,369,369-65,0.508333,0.15,0.65,0.8,0.508333,0.108333,0.0,0.711418,1.0,0.962232
volkan,0.5,369,369-66,0.15,0.3,0.05,0.35,0.333333,0.008333,0.433333,0.362033,-0.8,0.825055
volkan,0.5,369,369-67,0.35,0.075,0.641667,0.716667,0.35,0.158333,0.0,0.748011,1.24,1.166194
volkan,0.5,369,369-68,0.541667,0.291667,0.558333,0.85,0.583333,0.041667,0.0,0.676469,0.52,0.793961
volkan,0.5,369,369-69,0.083333,0.183333,0.016667,0.2,0.191667,0.0,0.608333,0.286925,-0.96,1.121768
volkan,0.5,369,369-70,0.233333,0.025,0.6,0.625,0.233333,0.183333,0.0,0.768913,1.24,1.26925
volkan,0.5,369,369-71,0.333333,0.383333,0.175,0.558333,0.508333,0.0,0.175,0.444932,-0.2,0.546225
volkan,0.5,369,369-72,0.233333,0.333333,0.116667,0.45,0.45,0.016667,0.316667,0.402782,-0.64,0.711095
volkan,0.5,369,369-73,0.525,0.375,0.5,0.875,0.608333,0.025,0.0,0.638708,0.64,0.674363
volkan,0.5,369,369-74,0.05,0.0,0.366667,0.366667,0.05,0.375,0.0,0.823693,1.36,1.622244
volkan,0.5,369,369-75,0.6,0.358333,0.533333,0.891667,0.641667,0.041667,0.0,0.65827,1.16,0.705928
volkan,0.5,369,369-76,0.4,0.483333,0.333333,0.816667,0.65,0.008333,0.0,0.563948,0.4,0.53524
volkan,0.5,369,369-77,0.525,0.383333,0.516667,0.9,0.641667,0.058333,0.0,0.649248,0.64,0.70231
volkan,0.5,369,369-78,0.491667,0.175,0.608333,0.783333,0.491667,0.125,0.0,0.706425,1.0,0.945733
volkan,0.5,369,369-79,0.0,0.0,0.016667,0.016667,0.0,0.833333,0.0,0.900191,2.04,2.298358
volkan,0.5,369,369-80,0.55,0.3,0.558333,0.858333,0.608333,0.05,0.0,0.664965,0.68,0.751645
volkan,0.5,369,369-81,0.466667,0.466667,0.391667,0.858333,0.725,0.0,0.0,0.564226,0.12,0.506826
volkan,0.5,369,369-82,0.183333,0.016667,0.566667,0.583333,0.183333,0.216667,0.0,0.778969,1.04,1.329606
volkan,0.5,369,369-83,0.208333,0.25,0.141667,0.391667,0.366667,0.008333,0.325,0.397347,-0.6,0.708345
volkan,0.5,369,369-84,0.266667,0.008333,0.575,0.583333,0.266667,0.183333,0.0,0.766432,1.6,1.250436
volkan,0.5,369,369-85,0.0,0.0,0.083333,0.083333,0.0,0.783333,0.0,0.890477,2.04,2.207469
volkan,0.5,369,369-86,0.183333,0.308333,0.066667,0.375,0.366667,0.025,0.366667,0.381635,-0.52,0.763064
volkan,0.5,369,369-87,0.533333,0.166667,0.658333,0.825,0.541667,0.058333,0.0,0.697961,1.16,0.880398
volkan,0.5,369,369-88,0.416667,0.125,0.675,0.8,0.416667,0.075,0.0,0.711753,1.32,0.956717
volkan,0.5,369,369-89,0.108333,0.233333,0.016667,0.25,0.25,0.0,0.5,0.314989,-0.64,0.90989
volkan,0.5,369,369-90,0.025,0.05,0.016667,0.066667,0.05,0.0,0.833333,0.17655,-1.32,1.795343
volkan,0.5,369,369-91,0.0,0.0,0.0,0.0,0.0,1.0,0.0,0.945441,2.16,2.990794
volkan,0.5,369,369-92,0.041667,0.041667,0.025,0.066667,0.066667,0.0,0.883333,0.1678,-1.44,1.884211
volkan,0.5,369,369-93,0.083333,0.0,0.366667,0.366667,0.083333,0.291667,0.0,0.81115,1.6,1.516593
volkan,0.5,369,369-94,0.0,0.0,0.183333,0.183333,0.0,0.533333,0.0,0.855002,1.64,1.846849
volkan,0.5,369,369-95,0.141667,0.258333,0.033333,0.291667,0.283333,0.0,0.458333,0.334268,-0.72,0.848887
volkan,0.5,369,369-96,0.333333,0.441667,0.133333,0.575,0.491667,0.0,0.158333,0.447803,-0.04,0.542031
volkan,0.5,369,369-97,0.025,0.058333,0.033333,0.091667,0.075,0.0,0.783333,0.209342,-1.4,1.570128
volkan,0.5,369,369-98,0.25,0.358333,0.158333,0.516667,0.483333,0.0,0.25,0.420253,-0.4,0.616982
volkan,0.5,369,369-99,0.008333,0.008333,0.008333,0.016667,0.016667,0.0,0.958333,0.102958,-2.0,2.522355
volkan,0.5,369,369-100,0.0,0.0,0.0,0.0,0.0,0.908333,0.0,0.920349,2.2,2.57906
volkan,0.5,369,369-101,0.2,0.3,0.091667,0.391667,0.375,0.008333,0.375,0.378478,-0.4,0.757361
volkan,0.5,369,369-102,0.283333,0.391667,0.175,0.566667,0.5,0.0,0.216667,0.450429,-0.44,0.579012
volkan,0.5,369,369-103,0.025,0.041667,0.016667,0.058333,0.058333,0.0,0.85,0.16459,-1.76,1.93257
volkan,0.5,369,369-104,0.416667,0.108333,0.7,0.808333,0.416667,0.083333,0.0,0.713987,1.4,0.964876
volkan,0.5,369,369-105,0.525,0.525,0.391667,0.916667,0.725,0.025,0.0,0.604068,0.52,0.542818
volkan,0.5,369,369-106,0.325,0.066667,0.625,0.691667,0.325,0.183333,0.0,0.748361,1.12,1.175995
volkan,0.5,369,369-107,0.45,0.475,0.35,0.825,0.683333,0.008333,0.0,0.57108,0.24,0.527374
volkan,0.5,369,369-108,0.358333,0.458333,0.216667,0.675,0.575,0.0,0.075,0.490591,-0.04,0.506654
volkan,0.5,369,369-109,0.416667,0.475,0.275,0.75,0.708333,0.0,0.041667,0.516159,0.12,0.502258
volkan,0.5,369,369-110,0.0,0.0,0.175,0.175,0.0,0.658333,0.0,0.864303,1.56,1.972994
volkan,0.5,369,369-111,0.508333,0.391667,0.516667,0.908333,0.633333,0.033333,0.0,0.643012,0.44,0.680496
volkan,0.5,369,369-112,0.183333,0.216667,0.066667,0.283333,0.283333,0.0,0.441667,0.346186,-0.52,0.793086
volkan,0.5,369,369-113,0.425,0.433333,0.4,0.833333,0.616667,0.041667,0.0,0.607541,0.44,0.602844
volkan,0.5,369,369-114,0.433333,0.466667,0.408333,0.875,0.633333,0.016667,0.0,0.590281,0.44,0.568063
volkan,0.5,369,369-115,0.183333,0.375,0.125,0.5,0.5,0.008333,0.283333,0.40776,-0.36,0.610133
volkan,0.5,369,369-116,0.425,0.5,0.308333,0.808333,0.741667,0.0,0.008333,0.522228,0.32,0.447403
volkan,0.5,369,369-117,0.183333,0.266667,0.075,0.341667,0.341667,0.008333,0.466667,0.35436,-0.84,0.831372
volkan,0.5,369,369-118,0.408333,0.083333,0.625,0.708333,0.408333,0.15,0.0,0.73365,1.04,1.094763
volkan,0.5,369,369-119,0.491667,0.175,0.608333,0.783333,0.491667,0.1,0.0,0.70911,0.8,0.95958
volkan,0.5,369,369-120,0.008333,0.108333,0.033333,0.141667,0.108333,0.0,0.683333,0.255615,-1.2,1.296352
volkan,0.5,369,369-121,0.058333,0.141667,0.05,0.191667,0.166667,0.0,0.641667,0.277812,-1.24,1.163169
volkan,0.5,369,369-122,0.391667,0.075,0.683333,0.758333,0.391667,0.125,0.0,0.732741,1.28,1.078141
volkan,0.5,369,369-123,0.125,0.0,0.425,0.425,0.125,0.308333,0.0,0.803954,1.36,1.49831
volkan,0.5,369,369-124,0.0,0.041667,0.0,0.041667,0.041667,0.0,0.858333,0.155382,-1.76,1.945739
volkan,0.5,369,369-125,0.316667,0.033333,0.625,0.658333,0.316667,0.15,0.0,0.750918,1.4,1.16936
volkan,0.5,369,369-126,0.566667,0.216667,0.6,0.816667,0.6,0.083333,0.0,0.683073,1.04,0.82956
volkan,0.5,369,369-127,0.15,0.0,0.491667,0.491667,0.15,0.3,0.0,0.79547,1.2,1.458472
volkan,0.5,369,369-128,0.541667,0.5,0.433333,0.933333,0.691667,0.033333,0.0,0.621507,0.6,0.584064
volkan,0.5,369,369-129,0.0,0.0,0.166667,0.166667,0.0,0.708333,0.0,0.878925,1.96,2.109838
volkan,0.5,369,369-130,0.466667,0.258333,0.516667,0.775,0.5,0.108333,0.0,0.695884,0.88,0.904337
volkan,0.5,369,369-131,0.55,0.383333,0.483333,0.866667,0.658333,0.033333,0.0,0.649389,0.76,0.700422
volkan,0.5,369,369-132,0.55,0.4,0.483333,0.883333,0.675,0.016667,0.0,0.643123,0.72,0.673188
volkan,0.5,369,369-133,0.041667,0.108333,0.008333,0.116667,0.116667,0.0,0.75,0.232035,-1.2,1.352812
volkan,0.5,369,369-134,0.5,0.458333,0.383333,0.841667,0.716667,0.016667,0.0,0.589966,0.96,0.572073
volkan,0.5,369,369-135,0.0,0.0,0.033333,0.033333,0.0,0.775,0.0,0.901854,1.92,2.359458
volkan,0.5,369,369-136,0.083333,0.0,0.341667,0.341667,0.083333,0.358333,0.0,0.817357,1.6,1.575982
volkan,0.5,369,369-137,0.208333,0.283333,0.116667,0.4,0.383333,0.0,0.333333,0.387127,-0.64,0.702515
volkan,0.5,369,369-138,0.258333,0.083333,0.558333,0.641667,0.258333,0.15,0.0,0.754147,1.52,1.195335
volkan,0.5,369,369-139,0.558333,0.416667,0.5,0.916667,0.7,0.041667,0.0,0.635702,0.84,0.639857
volkan,0.5,369,369-140,0.041667,0.125,0.025,0.15,0.15,0.0,0.733333,0.242419,-1.44,1.348766
volkan,0.5,369,369-141,0.266667,0.4,0.125,0.525,0.491667,0.0,0.2,0.42196,-0.24,0.555514
volkan,0.5,369,369-142,0.033333,0.1,0.0,0.1,0.1,0.0,0.783333,0.201464,-1.56,1.581106
volkan,0.5,369,369-143,0.316667,0.1,0.65,0.75,0.316667,0.133333,0.0,0.73891,1.32,1.110312
volkan,0.5,369,369-144,0.375,0.516667,0.158333,0.675,0.608333,0.0,0.05,0.482949,0.08,0.476349
volkan,0.5,369,369-145,0.083333,0.2,0.016667,0.216667,0.2,0.0,0.575,0.305515,-1.08,1.037654
volkan,0.5,369,369-146,0.5,0.4,0.508333,0.908333,0.683333,0.008333,0.0,0.625318,0.64,0.627674
volkan,0.5,369,369-147,0.441667,0.458333,0.366667,0.825,0.675,0.016667,0.0,0.575451,0.24,0.545776
volkan,0.5,369,369-148,0.2,0.266667,0.108333,0.375,0.341667,0.008333,0.375,0.378609,-0.68,0.792727
volkan,0.5,369,369-149,0.275,0.066667,0.616667,0.683333,0.275,0.183333,0.0,0.755532,1.12,1.196323
volkan,0.5,369,369-150,0.541667,0.325,0.541667,0.866667,0.633333,0.05,0.0,0.662617,0.52,0.746398
volkan,0.5,369,369-151,0.358333,0.45,0.2,0.65,0.558333,0.0,0.125,0.482903,-0.28,0.52413
volkan,0.5,369,369-152,0.441667,0.508333,0.383333,0.891667,0.683333,0.008333,0.0,0.573037,0.56,0.504684
volkan,0.5,369,369-153,0.208333,0.025,0.541667,0.566667,0.208333,0.241667,0.0,0.777698,1.28,1.332521
volkan,0.5,369,369-154,0.008333,0.008333,0.008333,0.016667,0.016667,0.0,0.916667,0.145321,-1.56,2.00841
volkan,0.5,369,369-155,0.116667,0.0,0.533333,0.533333,0.116667,0.233333,0.0,0.793647,1.56,1.422095
volkan,0.5,369,369-156,0.191667,0.275,0.066667,0.341667,0.333333,0.008333,0.45,0.349821,-1.08,0.849995
volkan,0.5,369,369-157,0.266667,0.383333,0.216667,0.6,0.533333,0.008333,0.2,0.456087,-0.56,0.582269
volkan,0.5,369,369-158,0.458333,0.116667,0.641667,0.758333,0.458333,0.091667,0.0,0.71815,0.92,0.989986
volkan,0.5,369,369-159,0.366667,0.45,0.2,0.65,0.533333,0.0,0.116667,0.482521,-0.24,0.526937
volkan,0.5,369,369-160,0.05,0.0,0.391667,0.391667,0.05,0.391667,0.0,0.819296,1.64,1.58392
volkan,0.5,369,369-161,0.175,0.291667,0.075,0.366667,0.35,0.008333,0.391667,0.373158,-0.72,0.773891
volkan,0.5,369,369-162,0.366667,0.466667,0.2,0.666667,0.566667,0.008333,0.083333,0.496104,-0.2,0.532279
volkan,0.5,369,369-163,0.008333,0.008333,0.0,0.008333,0.008333,0.0,0.966667,0.093668,-2.04,2.642883
volkan,0.5,369,369-164,0.191667,0.008333,0.575,0.583333,0.191667,0.216667,0.0,0.773201,1.28,1.298509
volkan,0.5,369,369-165,0.075,0.2,0.016667,0.216667,0.208333,0.008333,0.575,0.300743,-1.08,1.047853
volkan,0.5,369,369-166,0.016667,0.0,0.291667,0.291667,0.016667,0.566667,0.0,0.843783,1.68,1.797249
volkan,0.5,369,369-167,0.5,0.241667,0.541667,0.783333,0.533333,0.066667,0.0,0.689744,0.84,0.861171
volkan,0.5,369,369-168,0.091667,0.0,0.491667,0.491667,0.091667,0.333333,0.0,0.801058,1.52,1.469774
volkan,0.5,369,369-169,0.316667,0.383333,0.125,0.508333,0.466667,0.0,0.2,0.428674,-0.16,0.566014
volkan,0.5,369,369-170,0.508333,0.35,0.508333,0.858333,0.608333,0.041667,0.0,0.657567,0.6,0.734279
volkan,0.5,369,369-171,0.291667,0.383333,0.183333,0.566667,0.466667,0.008333,0.15,0.45971,-0.28,0.580647
volkan,0.5,369,369-172,0.433333,0.483333,0.316667,0.8,0.733333,0.0,0.0,0.531579,0.16,0.472291
volkan,0.5,369,369-173,0.458333,0.416667,0.425,0.841667,0.708333,0.0,0.008333,0.560757,-0.2,0.529331
volkan,0.5,369,369-174,0.383333,0.433333,0.4,0.833333,0.65,0.041667,0.0,0.591091,0.68,0.59528
volkan,0.5,369,369-175,0.391667,0.408333,0.116667,0.525,0.516667,0.0,0.141667,0.434594,-0.12,0.487067
volkan,0.5,369,369-176,0.5,0.416667,0.5,0.916667,0.658333,0.033333,0.0,0.629167,0.52,0.638788
volkan,0.5,369,369-177,0.325,0.108333,0.516667,0.625,0.325,0.2,0.0,0.752508,1.32,1.208274
volkan,0.5,369,369-178,0.233333,0.341667,0.175,0.516667,0.483333,0.008333,0.25,0.423421,-0.4,0.643694
volkan,0.5,369,369-179,0.05,0.141667,0.016667,0.158333,0.158333,0.0,0.691667,0.252255,-0.84,1.237412
volkan,0.5,369,369-180,0.466667,0.525,0.4,0.925,0.75,0.033333,0.0,0.588456,0.52,0.522623
volkan,0.5,369,369-181,0.5,0.55,0.383333,0.933333,0.75,0.016667,0.0,0.589181,0.48,0.518258
volkan,0.5,369,369-182,0.541667,0.366667,0.525,0.891667,0.633333,0.033333,0.0,0.652936,0.72,0.694199
volkan,0.5,369,369-183,0.408333,0.483333,0.325,0.808333,0.683333,0.025,0.0,0.554492,0.36,0.53542
volkan,0.5,369,369-184,0.375,0.383333,0.316667,0.7,0.608333,0.0,0.05,0.518565,0.16,0.532839
volkan,0.5,369,369-185,0.083333,0.175,0.025,0.2,0.2,0.0,0.658333,0.26929,-1.24,1.207771
volkan,0.5,369,369-186,0.3,0.383333,0.15,0.533333,0.516667,0.025,0.225,0.438807,-0.52,0.624126
volkan,0.5,369,369-187,0.316667,0.441667,0.2,0.641667,0.533333,0.0,0.083333,0.492127,0.04,0.522864
volkan,0.5,369,369-188,0.216667,0.333333,0.05,0.383333,0.383333,0.008333,0.4,0.371817,-0.6,0.741164
volkan,0.5,369,369-189,0.483333,0.491667,0.366667,0.858333,0.725,0.0,0.0,0.569901,0.52,0.50038
volkan,0.5,369,369-190,0.525,0.408333,0.491667,0.9,0.666667,0.033333,0.0,0.629644,0.76,0.636545
volkan,0.5,369,369-191,0.425,0.508333,0.341667,0.85,0.716667,0.016667,0.0,0.563841,0.56,0.506976
volkan,0.5,369,369-192,0.308333,0.425,0.158333,0.583333,0.508333,0.0,0.141667,0.457437,-0.28,0.526564
volkan,0.5,369,369-193,0.425,0.408333,0.333333,0.741667,0.633333,0.008333,0.05,0.536282,0.12,0.541538
volkan,0.5,369,369-194,0.533333,0.425,0.475,0.9,0.666667,0.025,0.0,0.637976,0.68,0.645603
volkan,0.5,369,369-195,0.0,0.008333,0.0,0.008333,0.008333,0.0,0.975,0.078952,-2.12,2.821131
volkan,0.5,369,369-196,0.375,0.416667,0.125,0.541667,0.491667,0.0,0.158333,0.454478,-0.04,0.528141
volkan,0.5,369,369-197,0.05,0.133333,0.016667,0.15,0.15,0.0,0.725,0.228608,-1.64,1.427166
volkan,0.5,369,369-198,0.575,0.433333,0.475,0.908333,0.691667,0.008333,0.0,0.638441,0.76,0.643348
volkan,0.5,369,369-199,0.0,0.016667,0.016667,0.033333,0.016667,0.0,0.9,0.156923,-1.56,1.928248
volkan,0.5,1024,1024-0,0.308333,0.4,0.183333,0.583333,0.5,0.008333,0.141667,0.463395,-0.36,0.550935
volkan,0.5,1024,1024-1,0.383333,0.425,0.333333,0.758333,0.658333,0.008333,0.041667,0.520541,-0.08,0.504135
volkan,0.5,1024,1024-2,0.0,0.0,0.0,0.0,0.0,0.925,0.0,0.918789,2.2,2.574479
volkan,0.5,1024,1024-3,0.458333,0.541667,0.341667,0.883333,0.741667,0.0,0.0,0.556805,0.56,0.464021
volkan,0.5,1024,1024-4,0.091667,0.0,0.316667,0.316667,0.091667,0.425,0.0,0.823,1.4,1.631894
volkan,0.5,1024,1024-5,0.466667,0.383333,0.466667,0.85,0.616667,0.066667,0.0,0.656178,0.24,0.751026
volkan,0.5,1024,1024-6,0.341667,0.425,0.283333,0.708333,0.583333,0.0,0.091667,0.507897,-0.08,0.528078
volkan,0.5,1024,1024-7,0.225,0.35,0.141667,0.491667,0.483333,0.0,0.291667,0.40404,-0.56,0.614523
volkan,0.5,1024,1024-8,0.383333,0.441667,0.166667,0.608333,0.541667,0.0,0.108333,0.471273,0.0,0.519989
volkan,0.5,1024,1024-9,0.525,0.391667,0.516667,0.908333,0.641667,0.033333,0.0,0.646001,0.4,0.67749
volkan,0.5,1024,1024-10,0.05,0.15,0.041667,0.191667,0.166667,0.0,0.683333,0.27064,-1.24,1.242478
volkan,0.5,1024,1024-11,0.341667,0.425,0.2,0.625,0.55,0.0,0.141667,0.46441,0.0,0.521549
volkan,0.5,1024,1024-12,0.075,0.0,0.291667,0.291667,0.075,0.5,0.0,0.834895,1.76,1.722768
volkan,0.5,1024,1024-13,0.533333,0.225,0.575,0.8,0.533333,0.066667,0.0,0.696955,0.68,0.902015
volkan,0.5,1024,1024-14,0.5,0.508333,0.4,0.908333,0.75,0.025,0.0,0.593662,0.36,0.530605
volkan,0.5,1024,1024-15,0.333333,0.45,0.125,0.575,0.525,0.0,0.133333,0.45941,-0.04,0.521617
volkan,0.5,1024,1024-16,0.15,0.258333,0.083333,0.341667,0.325,0.008333,0.4,0.361842,-0.44,0.792518
volkan,0.5,1024,1024-17,0.0,0.0,0.075,0.075,0.0,0.716667,0.0,0.887878,1.88,2.197012
volkan,0.5,1024,1024-18,0.525,0.333333,0.516667,0.85,0.608333,0.05,0.0,0.662266,0.88,0.752863
volkan,0.5,1024,1024-19,0.141667,0.225,0.058333,0.283333,0.258333,0.008333,0.525,0.342563,-1.0,0.938237
volkan,0.5,1024,1024-20,0.15,0.283333,0.075,0.358333,0.358333,0.0,0.4,0.357695,-0.4,0.742527
volkan,0.5,1024,1024-21,0.275,0.366667,0.15,0.516667,0.483333,0.016667,0.225,0.43894,-0.36,0.610651
volkan,0.5,1024,1024-22,0.35,0.433333,0.141667,0.575,0.508333,0.0,0.141667,0.452945,-0.16,0.518962
volkan,0.5,1024,1024-23,0.55,0.316667,0.55,0.866667,0.65,0.041667,0.0,0.65528,1.08,0.703095
volkan,0.5,1024,1024-24,0.233333,0.041667,0.483333,0.525,0.233333,0.233333,0.0,0.776982,1.48,1.344321
volkan,0.5,1024,1024-25,0.391667,0.45,0.275,0.725,0.641667,0.0,0.05,0.504524,0.0,0.482852
volkan,0.5,1024,1024-26,0.283333,0.008333,0.633333,0.641667,0.283333,0.175,0.0,0.75961,1.24,1.228874
volkan,0.5,1024,1024-27,0.083333,0.216667,0.016667,0.233333,0.233333,0.008333,0.558333,0.304153,-0.72,0.996799
volkan,0.5,1024,1024-28,0.591667,0.375,0.516667,0.891667,0.7,0.025,0.0,0.643459,1.0,0.659629
volkan,0.5,1024,1024-29,0.516667,0.25,0.6,0.85,0.575,0.066667,0.0,0.680731,1.08,0.820388
volkan,0.5,1024,1024-30,0.225,0.025,0.55,0.575,0.225,0.225,0.0,0.774843,1.56,1.323049
volkan,0.5,1024,1024-31,0.35,0.108333,0.616667,0.725,0.35,0.158333,0.0,0.739621,1.12,1.124286
volkan,0.5,1024,1024-32,0.383333,0.108333,0.633333,0.741667,0.383333,0.108333,0.0,0.730828,1.52,1.061076
volkan,0.5,1024,1024-33,0.033333,0.058333,0.025,0.083333,0.083333,0.0,0.825,0.183475,-1.64,1.764995
volkan,0.5,1024,1024-34,0.308333,0.408333,0.116667,0.525,0.491667,0.0,0.175,0.430181,-0.08,0.52651
volkan,0.5,1024,1024-35,0.025,0.108333,0.033333,0.141667,0.116667,0.0,0.725,0.244467,-1.4,1.352499
volkan,0.5,1024,1024-36,0.383333,0.508333,0.233333,0.741667,0.658333,0.0,0.05,0.492765,0.08,0.480876
volkan,0.5,1024,1024-37,0.016667,0.075,0.008333,0.083333,0.075,0.0,0.816667,0.183098,-1.84,1.763541
volkan,0.5,1024,1024-38,0.416667,0.141667,0.608333,0.75,0.416667,0.125,0.0,0.719717,1.0,1.017012
volkan,0.5,1024,1024-39,0.35,0.425,0.141667,0.566667,0.5,0.016667,0.158333,0.462945,-0.32,0.564077
volkan,0.5,1024,1024-40,0.341667,0.066667,0.658333,0.725,0.341667,0.141667,0.0,0.737098,1.12,1.095532
volkan,0.5,1024,1024-41,0.241667,0.316667,0.166667,0.483333,0.466667,0.0,0.283333,0.412708,-0.4,0.629099
volkan,0.5,1024,1024-42,0.416667,0.425,0.275,0.7,0.658333,0.0,0.016667,0.513965,0.16,0.501961
volkan,0.5,1024,1024-43,0.5,0.133333,0.616667,0.75,0.508333,0.058333,0.0,0.708438,0.8,0.947263
volkan,0.5,1024,1024-44,0.2,0.341667,0.058333,0.4,0.391667,0.016667,0.408333,0.376132,-0.92,0.800257
volkan,0.5,1024,1024-45,0.033333,0.05,0.008333,0.058333,0.058333,0.0,0.841667,0.184937,-1.4,1.682182
volkan,0.5,1024,1024-46,0.0,0.0,0.0,0.0,0.0,0.9,0.0,0.918631,2.12,2.557332
volkan,0.5,1024,1024-47,0.025,0.091667,0.025,0.116667,0.1,0.0,0.716667,0.237675,-1.36,1.404109
volkan,0.5,1024,1024-48,0.433333,0.425,0.5,0.925,0.591667,0.016667,0.0,0.62953,0.32,0.642705
volkan,0.5,1024,1024-49,0.4,0.108333,0.566667,0.675,0.4,0.175,0.0,0.733863,1.16,1.104615
volkan,0.5,1024,1024-50,0.558333,0.333333,0.566667,0.9,0.658333,0.041667,0.0,0.65405,0.96,0.705383
volkan,0.5,1024,1024-51,0.025,0.083333,0.008333,0.091667,0.091667,0.0,0.816667,0.193685,-1.56,1.635894
volkan,0.5,1024,1024-52,0.541667,0.258333,0.558333,0.816667,0.575,0.075,0.0,0.681266,0.72,0.828023
volkan,0.5,1024,1024-53,0.516667,0.475,0.458333,0.933333,0.675,0.016667,0.0,0.619943,0.44,0.580364
volkan,0.5,1024,1024-54,0.483333,0.258333,0.533333,0.791667,0.516667,0.091667,0.0,0.692093,0.88,0.892484
volkan,0.5,1024,1024-55,0.008333,0.025,0.016667,0.041667,0.033333,0.0,0.9,0.150436,-1.84,2.023319
volkan,0.5,1024,1024-56,0.433333,0.408333,0.358333,0.766667,0.716667,0.0,0.016667,0.529124,0.16,0.497294
volkan,0.5,1024,1024-57,0.208333,0.316667,0.108333,0.425,0.4,0.0,0.325,0.390371,-0.68,0.689392
volkan,0.5,1024,1024-58,0.033333,0.158333,0.033333,0.191667,0.166667,0.0,0.6,0.290695,-1.16,1.105988
volkan,0.5,1024,1024-59,0.391667,0.425,0.275,0.7,0.608333,0.008333,0.075,0.5093,0.04,0.523336
volkan,0.5,1024,1024-60,0.025,0.125,0.05,0.175,0.141667,0.0,0.658333,0.261742,-1.16,1.266631
volkan,0.5,1024,1024-61,0.416667,0.458333,0.316667,0.775,0.675,0.0,0.016667,0.530659,-0.16,0.495934
volkan,0.5,1024,1024-62,0.166667,0.308333,0.075,0.383333,0.35,0.016667,0.4,0.368145,-1.0,0.811876
volkan,0.5,1024,1024-63,0.4,0.475,0.183333,0.658333,0.575,0.0,0.083333,0.47909,-0.2,0.505795
volkan,0.5,1024,1024-64,0.35,0.408333,0.241667,0.65,0.575,0.0,0.083333,0.482848,0.24,0.517586
volkan,0.5,1024,1024-65,0.033333,0.025,0.05,0.075,0.05,0.0,0.808333,0.195107,-1.4,1.718063
volkan,0.5,1024,1024-66,0.416667,0.45,0.275,0.725,0.65,0.008333,0.016667,0.527977,0.28,0.526161
volkan,0.5,1024,1024-67,0.541667,0.441667,0.458333,0.9,0.666667,0.025,0.0,0.642589,0.76,0.65785
volkan,0.5,1024,1024-68,0.216667,0.35,0.1,0.45,0.441667,0.0,0.333333,0.389069,-0.6,0.659228
volkan,0.5,1024,1024-69,0.416667,0.4,0.35,0.75,0.658333,0.0,0.025,0.534118,-0.04,0.52324
volkan,0.5,1024,1024-70,0.466667,0.516667,0.341667,0.858333,0.725,0.016667,0.0,0.579092,0.36,0.524221
volkan,0.5,1024,1024-71,0.516667,0.491667,0.416667,0.908333,0.716667,0.033333,0.0,0.596803,0.72,0.526931
volkan,0.5,1024,1024-72,0.258333,0.375,0.125,0.5,0.491667,0.0,0.308333,0.407609,-0.48,0.639976
volkan,0.5,1024,1024-73,0.416667,0.383333,0.3,0.683333,0.6,0.0,0.041667,0.525294,0.12,0.540941
volkan,0.5,1024,1024-74,0.316667,0.425,0.15,0.575,0.483333,0.0,0.175,0.449849,0.04,0.549519
volkan,0.5,1024,1024-75,0.458333,0.466667,0.416667,0.883333,0.708333,0.033333,0.0,0.590897,0.44,0.553228
volkan,0.5,1024,1024-76,0.0,0.0,0.025,0.025,0.0,0.8,0.0,0.898547,2.0,2.296951
volkan,0.5,1024,1024-77,0.333333,0.066667,0.566667,0.633333,0.333333,0.208333,0.0,0.75716,1.28,1.229987
volkan,0.5,1024,1024-78,0.558333,0.425,0.466667,0.891667,0.658333,0.033333,0.0,0.642434,0.76,0.662401
volkan,0.5,1024,1024-79,0.5,0.425,0.458333,0.883333,0.675,0.041667,0.0,0.632577,0.68,0.646666
volkan,0.5,1024,1024-80,0.416667,0.433333,0.316667,0.75,0.691667,0.0,0.008333,0.529442,0.16,0.484441
volkan,0.5,1024,1024-81,0.458333,0.466667,0.416667,0.883333,0.666667,0.033333,0.0,0.605932,0.2,0.585046
volkan,0.5,1024,1024-82,0.575,0.383333,0.55,0.933333,0.666667,0.025,0.0,0.64682,0.84,0.661741
volkan,0.5,1024,1024-83,0.5,0.416667,0.491667,0.908333,0.675,0.025,0.0,0.619805,0.44,0.631869
volkan,0.5,1024,1024-84,0.0,0.0,0.066667,0.066667,0.0,0.791667,0.0,0.893095,2.12,2.248452
volkan,0.5,1024,1024-85,0.35,0.391667,0.141667,0.533333,0.516667,0.0,0.133333,0.449409,-0.32,0.521556
volkan,0.5,1024,1024-86,0.5,0.258333,0.566667,0.825,0.566667,0.058333,0.0,0.679939,1.16,0.822679
volkan,0.5,1024,1024-87,0.216667,0.383333,0.108333,0.491667,0.483333,0.0,0.225,0.41128,-0.04,0.549874
volkan,0.5,1024,1024-88,0.508333,0.141667,0.633333,0.775,0.508333,0.083333,0.0,0.707003,1.04,0.940414
volkan,0.5,1024,1024-89,0.333333,0.458333,0.175,0.633333,0.541667,0.0,0.141667,0.47621,-0.12,0.546999
volkan,0.5,1024,1024-90,0.083333,0.141667,0.058333,0.2,0.183333,0.0,0.608333,0.287352,-1.48,1.153408
volkan,0.5,1024,1024-91,0.55,0.341667,0.516667,0.858333,0.675,0.05,0.0,0.655875,1.0,0.739274
volkan,0.5,1024,1024-92,0.458333,0.466667,0.35,0.816667,0.733333,0.0,0.0,0.535419,0.24,0.455916
volkan,0.5,1024,1024-93,0.033333,0.066667,0.025,0.091667,0.083333,0.0,0.791667,0.210989,-1.4,1.545722
volkan,0.5,1024,1024-94,0.458333,0.525,0.333333,0.858333,0.775,0.0,0.0,0.549915,0.44,0.464195
volkan,0.5,1024,1024-95,0.45,0.441667,0.441667,0.883333,0.675,0.033333,0.0,0.610367,0.64,0.619594
volkan,0.5,1024,1024-96,0.591667,0.483333,0.441667,0.925,0.725,0.008333,0.0,0.614507,0.84,0.557838
volkan,0.5,1024,1024-97,0.458333,0.516667,0.358333,0.875,0.675,0.016667,0.0,0.576319,0.56,0.506419
volkan,0.5,1024,1024-98,0.05,0.183333,0.008333,0.191667,0.183333,0.0,0.65,0.266299,-1.16,1.150458
volkan,0.5,1024,1024-99,0.358333,0.116667,0.608333,0.725,0.358333,0.166667,0.0,0.738178,1.2,1.119168
volkan,0.5,1024,1024-100,0.458333,0.491667,0.35,0.841667,0.733333,0.008333,0.0,0.55157,0.4,0.475237
volkan,0.5,1024,1024-101,0.266667,0.366667,0.166667,0.533333,0.475,0.0,0.208333,0.437559,-0.36,0.585015
volkan,0.5,1024,1024-102,0.441667,0.491667,0.116667,0.608333,0.591667,0.0,0.066667,0.473418,0.04,0.458003
volkan,0.5,1024,1024-103,0.475,0.416667,0.425,0.841667,0.716667,0.008333,0.0,0.569289,-0.12,0.525514
volkan,0.5,1024,1024-104,0.283333,0.425,0.158333,0.583333,0.466667,0.008333,0.116667,0.474564,-0.04,0.551505
volkan,0.5,1024,1024-105,0.241667,0.025,0.541667,0.566667,0.241667,0.216667,0.0,0.771046,1.68,1.291926
volkan,0.5,1024,1024-106,0.433333,0.5,0.366667,0.866667,0.7,0.033333,0.0,0.591127,0.6,0.572518
volkan,0.5,1024,1024-107,0.166667,0.358333,0.075,0.433333,0.425,0.0,0.391667,0.365907,-0.4,0.725742
volkan,0.5,1024,1024-108,0.458333,0.508333,0.383333,0.891667,0.708333,0.016667,0.0,0.596212,0.2,0.551441
volkan,0.5,1024,1024-109,0.191667,0.316667,0.066667,0.383333,0.383333,0.0,0.375,0.37106,-0.4,0.709176
volkan,0.5,1024,1024-110,0.341667,0.425,0.291667,0.716667,0.591667,0.0,0.066667,0.514412,-0.08,0.533859
volkan,0.5,1024,1024-111,0.375,0.391667,0.275,0.666667,0.608333,0.0,0.083333,0.501024,0.16,0.535574
volkan,0.5,1024,1024-112,0.358333,0.408333,0.158333,0.566667,0.516667,0.008333,0.158333,0.458943,-0.12,0.519324
volkan,0.5,1024,1024-113,0.491667,0.458333,0.441667,0.9,0.691667,0.033333,0.0,0.60582,0.72,0.574212
volkan,0.5,1024,1024-114,0.516667,0.325,0.533333,0.858333,0.583333,0.066667,0.0,0.667185,0.68,0.765242
volkan,0.5,1024,1024-115,0.441667,0.458333,0.441667,0.9,0.675,0.058333,0.0,0.614957,0.28,0.620257
volkan,0.5,1024,1024-116,0.225,0.05,0.491667,0.541667,0.225,0.233333,0.0,0.777516,1.48,1.335146
volkan,0.5,1024,1024-117,0.033333,0.0,0.333333,0.333333,0.033333,0.408333,0.0,0.827284,1.48,1.654749
volkan,0.5,1024,1024-118,0.475,0.191667,0.591667,0.783333,0.508333,0.058333,0.0,0.697784,0.84,0.904012
volkan,0.5,1024,1024-119,0.033333,0.133333,0.016667,0.15,0.141667,0.0,0.716667,0.241779,-1.36,1.367801
volkan,0.5,1024,1024-120,0.5,0.458333,0.458333,0.916667,0.716667,0.025,0.0,0.599041,0.48,0.555646
volkan,0.5,1024,1024-121,0.016667,0.033333,0.008333,0.041667,0.041667,0.0,0.933333,0.135058,-1.68,2.145713
volkan,0.5,1024,1024-122,0.466667,0.425,0.366667,0.791667,0.708333,0.008333,0.008333,0.56339,0.04,0.550784
volkan,0.5,1024,1024-123,0.566667,0.316667,0.541667,0.858333,0.625,0.041667,0.0,0.659571,0.84,0.719376
volkan,0.5,1024,1024-124,0.191667,0.341667,0.05,0.391667,0.383333,0.008333,0.433333,0.359286,-0.96,0.77308
volkan,0.5,1024,1024-125,0.041667,0.1,0.041667,0.141667,0.125,0.0,0.708333,0.255959,-1.36,1.31888
volkan,0.5,1024,1024-126,0.2,0.283333,0.108333,0.391667,0.366667,0.0,0.358333,0.379154,-0.88,0.757009
volkan,0.5,1024,1024-127,0.383333,0.508333,0.141667,0.65,0.566667,0.0,0.066667,0.49003,-0.2,0.502671
volkan,0.5,1024,1024-128,0.191667,0.016667,0.5,0.516667,0.191667,0.266667,0.0,0.781025,1.68,1.355675
volkan,0.5,1024,1024-129,0.25,0.3,0.116667,0.416667,0.408333,0.016667,0.291667,0.400612,-0.68,0.729255
volkan,0.5,1024,1024-130,0.175,0.041667,0.5,0.541667,0.175,0.25,0.0,0.781905,1.48,1.371945
volkan,0.5,1024,1024-131,0.458333,0.483333,0.333333,0.816667,0.716667,0.016667,0.0,0.544731,0.52,0.469924
volkan,0.5,1024,1024-132,0.55,0.433333,0.491667,0.925,0.675,0.033333,0.0,0.636117,0.8,0.62593
volkan,0.5,1024,1024-133,0.0,0.0,0.1,0.1,0.0,0.725,0.0,0.874624,1.56,2.02788
volkan,0.5,1024,1024-134,0.316667,0.425,0.141667,0.566667,0.491667,0.008333,0.183333,0.452689,0.0,0.568811
volkan,0.5,1024,1024-135,0.383333,0.475,0.166667,0.641667,0.575,0.0,0.083333,0.475633,-0.2,0.516477
volkan,0.5,1024,1024-136,0.075,0.0,0.366667,0.366667,0.075,0.383333,0.0,0.811476,1.6,1.538387
volkan,0.5,1024,1024-137,0.175,0.25,0.091667,0.341667,0.316667,0.016667,0.433333,0.373759,-1.0,0.880327
volkan,0.5,1024,1024-138,0.0,0.0,0.1,0.1,0.0,0.8,0.0,0.895973,2.0,2.314228
volkan,0.5,1024,1024-139,0.5,0.358333,0.5,0.858333,0.608333,0.05,0.0,0.662347,0.6,0.748679
volkan,0.5,1024,1024-140,0.508333,0.375,0.458333,0.833333,0.65,0.066667,0.0,0.650188,0.72,0.734033
volkan,0.5,1024,1024-141,0.55,0.275,0.566667,0.841667,0.591667,0.066667,0.0,0.678268,0.88,0.811931
volkan,0.5,1024,1024-142,0.483333,0.183333,0.6,0.783333,0.483333,0.125,0.0,0.709531,1.0,0.970219
volkan,0.5,1024,1024-143,0.15,0.275,0.041667,0.316667,0.291667,0.008333,0.483333,0.3363,-0.84,0.893408
volkan,0.5,1024,1024-144,0.05,0.158333,0.033333,0.191667,0.166667,0.0,0.666667,0.271919,-1.28,1.217852
volkan,0.5,1024,1024-145,0.441667,0.458333,0.166667,0.625,0.583333,0.0,0.083333,0.47635,-0.28,0.472859
volkan,0.5,1024,1024-146,0.308333,0.091667,0.633333,0.725,0.308333,0.166667,0.0,0.741037,1.24,1.120695
volkan,0.5,1024,1024-147,0.275,0.408333,0.183333,0.591667,0.491667,0.025,0.183333,0.477234,-0.32,0.6125
volkan,0.5,1024,1024-148,0.408333,0.466667,0.183333,0.65,0.566667,0.0,0.066667,0.484181,-0.08,0.495447
volkan,0.5,1024,1024-149,0.025,0.108333,0.016667,0.125,0.125,0.0,0.75,0.221662,-1.48,1.448937
volkan,0.5,1024,1024-150,0.491667,0.475,0.408333,0.883333,0.716667,0.016667,0.0,0.58205,0.56,0.530694
volkan,0.5,1024,1024-151,0.125,0.266667,0.033333,0.3,0.283333,0.0,0.458333,0.339826,-0.72,0.847614
volkan,0.5,1024,1024-152,0.541667,0.475,0.441667,0.916667,0.691667,0.016667,0.0,0.621961,0.64,0.594361
volkan,0.5,1024,1024-153,0.025,0.083333,0.0,0.083333,0.083333,0.0,0.8,0.192808,-1.4,1.611712
volkan,0.5,1024,1024-154,0.425,0.158333,0.541667,0.7,0.425,0.191667,0.0,0.730097,0.68,1.088734
volkan,0.5,1024,1024-155,0.541667,0.3,0.566667,0.866667,0.6,0.075,0.0,0.673622,0.76,0.792631
volkan,0.5,1024,1024-156,0.116667,0.225,0.05,0.275,0.25,0.0,0.491667,0.334683,-1.08,0.923851
volkan,0.5,1024,1024-157,0.066667,0.2,0.033333,0.233333,0.2,0.008333,0.533333,0.312001,-1.08,1.06598
volkan,0.5,1024,1024-158,0.375,0.425,0.266667,0.691667,0.616667,0.008333,0.041667,0.505839,0.32,0.521769
volkan,0.5,1024,1024-159,0.041667,0.1,0.033333,0.133333,0.108333,0.0,0.758333,0.227555,-1.44,1.491748
volkan,0.5,1024,1024-160,0.2,0.316667,0.1,0.416667,0.383333,0.008333,0.325,0.391778,-0.52,0.710761
volkan,0.5,1024,1024-161,0.0,0.025,0.016667,0.041667,0.025,0.0,0.866667,0.164409,-1.68,1.897626
volkan,0.5,1024,1024-162,0.241667,0.391667,0.141667,0.533333,0.5,0.008333,0.25,0.427481,-0.52,0.615758
volkan,0.5,1024,1024-163,0.55,0.333333,0.516667,0.85,0.641667,0.033333,0.0,0.654456,0.96,0.724639
volkan,0.5,1024,1024-164,0.025,0.108333,0.008333,0.116667,0.108333,0.0,0.791667,0.211485,-1.52,1.522552
volkan,0.5,1024,1024-165,0.533333,0.425,0.45,0.875,0.7,0.025,0.0,0.631681,0.56,0.639431
volkan,0.5,1024,1024-166,0.308333,0.441667,0.15,0.591667,0.491667,0.0,0.141667,0.461279,-0.08,0.553617
volkan,0.5,1024,1024-167,0.35,0.45,0.15,0.6,0.533333,0.0,0.15,0.456057,0.04,0.538847
volkan,0.5,1024,1024-168,0.45,0.516667,0.375,0.891667,0.708333,0.025,0.0,0.589467,0.44,0.535867
volkan,0.5,1024,1024-169,0.541667,0.233333,0.591667,0.825,0.591667,0.066667,0.0,0.677139,1.0,0.797973
volkan,0.5,1024,1024-170,0.033333,0.041667,0.016667,0.058333,0.058333,0.0,0.883333,0.157872,-1.88,1.988709
volkan,0.5,1024,1024-171,0.0,0.016667,0.0,0.016667,0.016667,0.0,0.933333,0.129977,-1.92,2.185755
volkan,0.5,1024,1024-172,0.383333,0.408333,0.241667,0.65,0.55,0.0,0.058333,0.494153,-0.44,0.512583
volkan,0.5,1024,1024-173,0.233333,0.358333,0.166667,0.525,0.508333,0.0,0.266667,0.419805,-0.4,0.58596
volkan,0.5,1024,1024-174,0.033333,0.116667,0.025,0.141667,0.133333,0.0,0.708333,0.240481,-1.56,1.376322
volkan,0.5,1024,1024-175,0.275,0.391667,0.158333,0.55,0.508333,0.008333,0.208333,0.438414,-0.4,0.576608
volkan,0.5,1024,1024-176,0.433333,0.441667,0.416667,0.858333,0.641667,0.008333,0.0,0.588008,0.32,0.565614
volkan,0.5,1024,1024-177,0.4,0.4,0.341667,0.741667,0.658333,0.0,0.041667,0.529679,0.08,0.526067
volkan,0.5,1024,1024-178,0.541667,0.5,0.408333,0.908333,0.775,0.0,0.0,0.585061,0.12,0.504073
volkan,0.5,1024,1024-179,0.383333,0.441667,0.158333,0.6,0.533333,0.0,0.091667,0.467228,-0.16,0.478579
volkan,0.5,1024,1024-180,0.216667,0.291667,0.108333,0.4,0.383333,0.008333,0.333333,0.389037,-0.6,0.707077
volkan,0.5,1024,1024-181,0.091667,0.216667,0.0,0.216667,0.216667,0.0,0.525,0.298264,-0.72,0.993203
volkan,0.5,1024,1024-182,0.225,0.341667,0.1,0.441667,0.425,0.008333,0.333333,0.400475,-0.64,0.657707
volkan,0.5,1024,1024-183,0.425,0.4,0.358333,0.758333,0.666667,0.0,0.008333,0.538628,0.04,0.504033
volkan,0.5,1024,1024-184,0.483333,0.475,0.408333,0.883333,0.7,0.025,0.0,0.593953,0.2,0.545634
volkan,0.5,1024,1024-185,0.35,0.416667,0.2,0.616667,0.516667,0.008333,0.116667,0.488468,-0.36,0.556416
volkan,0.5,1024,1024-186,0.108333,0.183333,0.05,0.233333,0.216667,0.0,0.566667,0.319082,-0.92,1.01829
volkan,0.5,1024,1024-187,0.066667,0.0,0.291667,0.291667,0.066667,0.391667,0.0,0.827339,1.36,1.657014
volkan,0.5,1024,1024-188,0.375,0.425,0.291667,0.716667,0.641667,0.008333,0.041667,0.506982,0.24,0.517064
volkan,0.5,1024,1024-189,0.141667,0.266667,0.041667,0.308333,0.291667,0.008333,0.466667,0.339783,-1.12,0.924686
volkan,0.5,1024,1024-190,0.55,0.266667,0.55,0.816667,0.566667,0.075,0.0,0.681371,0.76,0.823037
volkan,0.5,1024,1024-191,0.183333,0.25,0.091667,0.341667,0.325,0.008333,0.425,0.362733,-0.4,0.795962
volkan,0.5,1024,1024-192,0.233333,0.316667,0.175,0.491667,0.466667,0.008333,0.266667,0.417243,-0.28,0.661206
volkan,0.5,1024,1024-193,0.15,0.0,0.458333,0.458333,0.15,0.266667,0.0,0.797083,1.4,1.452889
volkan,0.5,1024,1024-194,0.2,0.241667,0.108333,0.35,0.341667,0.016667,0.4,0.369503,-0.64,0.82077
volkan,0.5,1024,1024-195,0.175,0.225,0.05,0.275,0.266667,0.0,0.475,0.340188,-0.56,0.847785
volkan,0.5,1024,1024-196,0.508333,0.166667,0.616667,0.783333,0.525,0.066667,0.0,0.702305,1.08,0.9172
volkan,0.5,1024,1024-197,0.133333,0.208333,0.041667,0.25,0.241667,0.0,0.541667,0.312056,-0.88,0.969779
volkan,0.5,1024,1024-198,0.283333,0.4,0.216667,0.616667,0.5,0.008333,0.141667,0.48233,0.0,0.577925
volkan,0.5,1024,1024-199,0.433333,0.458333,0.35,0.808333,0.725,0.0,0.008333,0.538558,-0.16,0.496628
volkan,0.5,2026,2026-0,0.175,0.341667,0.075,0.416667,0.408333,0.0,0.383333,0.371833,-0.4,0.722777
volkan,0.5,2026,2026-1,0.425,0.508333,0.375,0.883333,0.691667,0.016667,0.0,0.588434,0.48,0.557767
volkan,0.5,2026,2026-2,0.008333,0.016667,0.016667,0.033333,0.025,0.0,0.833333,0.189214,-1.16,1.627751
volkan,0.5,2026,2026-3,0.1,0.0,0.408333,0.408333,0.1,0.325,0.0,0.811063,1.48,1.542023
volkan,0.5,2026,2026-4,0.516667,0.2,0.608333,0.808333,0.591667,0.016667,0.0,0.678659,1.04,0.813758
volkan,0.5,2026,2026-5,0.366667,0.458333,0.208333,0.666667,0.583333,0.0,0.116667,0.476114,-0.04,0.546974
volkan,0.5,2026,2026-6,0.308333,0.408333,0.175,0.583333,0.525,0.0,0.141667,0.462612,0.24,0.534511
volkan,0.5,2026,2026-7,0.483333,0.433333,0.491667,0.925,0.7,0.033333,0.0,0.618955,0.36,0.614305
volkan,0.5,2026,2026-8,0.366667,0.458333,0.2,0.658333,0.6,0.0,0.058333,0.484047,0.24,0.483391
volkan,0.5,2026,2026-9,0.341667,0.425,0.233333,0.658333,0.566667,0.0,0.083333,0.492909,-0.0,0.545668
volkan,0.5,2026,2026-10,0.533333,0.25,0.575,0.825,0.583333,0.066667,0.0,0.680676,1.0,0.815034
volkan,0.5,2026,2026-11,0.55,0.408333,0.458333,0.866667,0.633333,0.05,0.0,0.64839,0.72,0.680939
volkan,0.5,2026,2026-12,0.45,0.433333,0.316667,0.75,0.691667,0.008333,0.0,0.541545,0.04,0.519995
volkan,0.5,2026,2026-13,0.383333,0.425,0.283333,0.708333,0.608333,0.0,0.008333,0.520098,0.12,0.517168
volkan,0.5,2026,2026-14,0.425,0.425,0.375,0.8,0.608333,0.025,0.0,0.595673,0.52,0.612474
volkan,0.5,2026,2026-15,0.2,0.341667,0.108333,0.45,0.433333,0.0,0.266667,0.401335,-0.08,0.602434
volkan,0.5,2026,2026-16,0.25,0.375,0.166667,0.541667,0.491667,0.008333,0.233333,0.44064,-0.48,0.646244
volkan,0.5,2026,2026-17,0.541667,0.366667,0.5,0.866667,0.658333,0.058333,0.0,0.652358,0.64,0.706805
volkan,0.5,2026,2026-18,0.433333,0.458333,0.358333,0.816667,0.733333,0.0,0.008333,0.533055,-0.12,0.477483
volkan,0.5,2026,2026-19,0.066667,0.158333,0.008333,0.166667,0.166667,0.0,0.675,0.267205,-0.72,1.128501
volkan,0.5,2026,2026-20,0.25,0.383333,0.108333,0.491667,0.45,0.0,0.2,0.428192,-0.12,0.544645
volkan,0.5,2026,2026-21,0.5,0.25,0.541667,0.791667,0.558333,0.066667,0.0,0.685957,0.8,0.847338
volkan,0.5,2026,2026-22,0.35,0.416667,0.258333,0.675,0.6,0.0,0.075,0.493332,0.28,0.521002
volkan,0.5,2026,2026-23,0.416667,0.483333,0.266667,0.75,0.683333,0.0,0.025,0.508045,0.64,0.438794
volkan,0.5,2026,2026-24,0.483333,0.25,0.566667,0.816667,0.55,0.058333,0.0,0.685866,0.8,0.843115
volkan,0.5,2026,2026-25,0.0,0.0,0.158333,0.158333,0.0,0.683333,0.0,0.866657,1.8,1.989419
volkan,0.5,2026,2026-26,0.233333,0.333333,0.133333,0.466667,0.45,0.0,0.316667,0.401154,-0.84,0.673234
volkan,0.5,2026,2026-27,0.108333,0.0,0.466667,0.466667,0.108333,0.291667,0.0,0.799961,1.48,1.457793
volkan,0.5,2026,2026-28,0.083333,0.175,0.041667,0.216667,0.191667,0.008333,0.6,0.294041,-1.04,1.100263
volkan,0.5,2026,2026-29,0.458333,0.55,0.35,0.9,0.733333,0.016667,0.0,0.581591,0.64,0.49948
volkan,0.5,2026,2026-30,0.091667,0.216667,0.016667,0.233333,0.225,0.008333,0.558333,0.303525,-1.04,1.010145
volkan,0.5,2026,2026-31,0.108333,0.0,0.508333,0.508333,0.108333,0.316667,0.0,0.800718,1.24,1.476219
volkan,0.5,2026,2026-32,0.5,0.15,0.641667,0.791667,0.5,0.1,0.0,0.709657,0.96,0.952775
volkan,0.5,2026,2026-33,0.241667,0.058333,0.516667,0.575,0.241667,0.25,0.0,0.774829,1.12,1.323185
volkan,0.5,2026,2026-34,0.191667,0.308333,0.083333,0.391667,0.366667,0.008333,0.408333,0.367165,-0.88,0.80139
volkan,0.5,2026,2026-35,0.566667,0.241667,0.6,0.841667,0.6,0.066667,0.0,0.683015,1.04,0.830622
volkan,0.5,2026,2026-36,0.225,0.45,0.1,0.55,0.525,0.0,0.258333,0.42046,-0.4,0.548025
volkan,0.5,2026,2026-37,0.216667,0.366667,0.125,0.491667,0.441667,0.0,0.266667,0.419635,-0.28,0.634585
volkan,0.5,2026,2026-38,0.525,0.375,0.5,0.875,0.65,0.058333,0.0,0.646834,0.96,0.705385
volkan,0.5,2026,2026-39,0.475,0.133333,0.608333,0.741667,0.475,0.116667,0.0,0.715934,1.08,0.990518
volkan,0.5,2026,2026-40,0.425,0.433333,0.375,0.808333,0.591667,0.033333,0.0,0.590819,0.28,0.58484
volkan,0.5,2026,2026-41,0.225,0.341667,0.158333,0.5,0.483333,0.016667,0.275,0.420851,-0.48,0.667473
volkan,0.5,2026,2026-42,0.208333,0.325,0.1,0.425,0.4,0.0,0.375,0.383166,-0.68,0.743307
volkan,0.5,2026,2026-43,0.116667,0.0,0.408333,0.408333,0.116667,0.391667,0.0,0.816206,1.44,1.607717
volkan,0.5,2026,2026-44,0.541667,0.308333,0.558333,0.866667,0.616667,0.041667,0.0,0.664666,1.04,0.753682
volkan,0.5,2026,2026-45,0.6,0.225,0.641667,0.866667,0.616667,0.041667,0.0,0.676362,1.12,0.781912
volkan,0.5,2026,2026-46,0.0,0.0,0.05,0.05,0.0,0.858333,0.0,0.897788,1.76,2.278511
volkan,0.5,2026,2026-47,0.233333,0.308333,0.058333,0.366667,0.358333,0.0,0.366667,0.369632,-0.76,0.725544
volkan,0.5,2026,2026-48,0.0,0.0,0.0,0.0,0.0,0.975,0.0,0.927351,2.24,2.701785
volkan,0.5,2026,2026-49,0.0,0.0,0.0,0.0,0.0,1.0,0.0,0.95906,2.2,3.357215
volkan,0.5,2026,2026-50,0.008333,0.0,0.308333,0.308333,0.008333,0.558333,0.0,0.840675,1.56,1.754173
volkan,0.5,2026,2026-51,0.45,0.158333,0.6,0.758333,0.45,0.116667,0.0,0.712164,0.92,0.964362
volkan,0.5,2026,2026-52,0.216667,0.308333,0.108333,0.416667,0.408333,0.008333,0.333333,0.391003,-0.44,0.678424
volkan,0.5,2026,2026-53,0.3,0.091667,0.616667,0.708333,0.3,0.166667,0.0,0.744892,1.4,1.13809
volkan,0.5,2026,2026-54,0.258333,0.35,0.15,0.5,0.441667,0.0,0.2,0.429499,-0.2,0.569945
volkan,0.5,2026,2026-55,0.45,0.433333,0.366667,0.8,0.716667,0.008333,0.0,0.549574,0.04,0.517899
volkan,0.5,2026,2026-56,0.316667,0.4,0.258333,0.658333,0.566667,0.0,0.15,0.477029,0.2,0.561371
volkan,0.5,2026,2026-57,0.475,0.466667,0.458333,0.925,0.691667,0.025,0.0,0.600938,0.52,0.561006
volkan,0.5,2026,2026-58,0.141667,0.0,0.483333,0.483333,0.141667,0.258333,0.0,0.792595,1.52,1.426095
volkan,0.5,2026,2026-59,0.258333,0.425,0.141667,0.566667,0.541667,0.0,0.233333,0.428598,-0.52,0.566899
volkan,0.5,2026,2026-60,0.175,0.316667,0.041667,0.358333,0.358333,0.008333,0.433333,0.349389,-0.56,0.808221
volkan,0.5,2026,2026-61,0.141667,0.258333,0.058333,0.316667,0.3,0.0,0.483333,0.338872,-0.72,0.896799
volkan,0.5,2026,2026-62,0.158333,0.25,0.058333,0.308333,0.3,0.016667,0.475,0.353748,-0.84,0.867559
volkan,0.5,2026,2026-63,0.058333,0.141667,0.033333,0.175,0.158333,0.0,0.666667,0.260592,-1.44,1.238394
volkan,0.5,2026,2026-64,0.141667,0.266667,0.066667,0.333333,0.325,0.016667,0.491667,0.345972,-0.72,0.884632
volkan,0.5,2026,2026-65,0.125,0.0,0.508333,0.508333,0.125,0.241667,0.0,0.79051,1.24,1.390226
volkan,0.5,2026,2026-66,0.216667,0.291667,0.125,0.416667,0.383333,0.025,0.275,0.411364,-0.52,0.71396
volkan,0.5,2026,2026-67,0.516667,0.533333,0.391667,0.925,0.766667,0.016667,0.0,0.598216,0.56,0.52859
volkan,0.5,2026,2026-68,0.083333,0.2,0.016667,0.216667,0.208333,0.0,0.6,0.282979,-0.92,1.086945
volkan,0.5,2026,2026-69,0.508333,0.525,0.366667,0.891667,0.725,0.016667,0.0,0.57964,0.56,0.487073
volkan,0.5,2026,2026-70,0.05,0.083333,0.008333,0.091667,0.091667,0.0,0.816667,0.198374,-1.56,1.621071
volkan,0.5,2026,2026-71,0.233333,0.333333,0.108333,0.441667,0.433333,0.008333,0.316667,0.398426,-0.52,0.662036
volkan,0.5,2026,2026-72,0.0,0.0,0.008333,0.008333,0.0,0.825,0.0,0.909674,1.72,2.463583
volkan,0.5,2026,2026-73,0.208333,0.316667,0.15,0.466667,0.441667,0.008333,0.275,0.40916,-0.32,0.678148
volkan,0.5,2026,2026-74,0.266667,0.016667,0.625,0.641667,0.266667,0.183333,0.0,0.764043,1.0,1.249168
volkan,0.5,2026,2026-75,0.466667,0.433333,0.483333,0.916667,0.633333,0.033333,0.0,0.637229,0.52,0.666113
volkan,0.5,2026,2026-76,0.366667,0.425,0.266667,0.691667,0.608333,0.0,0.066667,0.493074,0.2,0.496918
volkan,0.5,2026,2026-77,0.241667,0.283333,0.183333,0.466667,0.433333,0.008333,0.308333,0.408237,-0.48,0.707017
volkan,0.5,2026,2026-78,0.125,0.0,0.6,0.6,0.125,0.225,0.0,0.78653,1.16,1.375812
volkan,0.5,2026,2026-79,0.408333,0.441667,0.3,0.741667,0.675,0.0,0.041667,0.512379,0.32,0.473918
volkan,0.5,2026,2026-80,0.058333,0.0,0.375,0.375,0.058333,0.4,0.0,0.822195,1.68,1.607822
volkan,0.5,2026,2026-81,0.208333,0.325,0.125,0.45,0.425,0.016667,0.341667,0.402378,-0.52,0.699103
volkan,0.5,2026,2026-82,0.475,0.466667,0.366667,0.833333,0.758333,0.0,0.0,0.555115,0.04,0.495882
volkan,0.5,2026,2026-83,0.533333,0.425,0.475,0.9,0.658333,0.025,0.0,0.639325,0.56,0.653973
volkan,0.5,2026,2026-84,0.516667,0.466667,0.425,0.891667,0.708333,0.025,0.0,0.617708,0.68,0.597008
volkan,0.5,2026,2026-85,0.083333,0.175,0.033333,0.208333,0.2,0.0,0.6,0.287273,-0.96,1.081419
volkan,0.5,2026,2026-86,0.275,0.325,0.158333,0.483333,0.441667,0.008333,0.25,0.422345,-0.76,0.644343
volkan,0.5,2026,2026-87,0.366667,0.45,0.25,0.7,0.575,0.008333,0.033333,0.50857,-0.12,0.517808
volkan,0.5,2026,2026-88,0.191667,0.241667,0.083333,0.325,0.325,0.008333,0.375,0.368176,-0.72,0.759631
volkan,0.5,2026,2026-89,0.541667,0.25,0.633333,0.883333,0.575,0.058333,0.0,0.676446,1.08,0.789506
volkan,0.5,2026,2026-90,0.575,0.341667,0.55,0.891667,0.616667,0.016667,0.0,0.657298,0.76,0.698468
volkan,0.5,2026,2026-91,0.033333,0.058333,0.008333,0.066667,0.066667,0.0,0.85,0.188395,-1.44,1.674489
volkan,0.5,2026,2026-92,0.008333,0.033333,0.0,0.033333,0.033333,0.0,0.85,0.18144,-1.44,1.667619
volkan,0.5,2026,2026-93,0.083333,0.208333,0.008333,0.216667,0.216667,0.0,0.6,0.286079,-1.28,1.077426
volkan,0.5,2026,2026-94,0.433333,0.441667,0.333333,0.775,0.65,0.016667,0.0,0.578557,0.2,0.568514
volkan,0.5,2026,2026-95,0.0,0.0,0.133333,0.133333,0.0,0.758333,0.0,0.885953,2.0,2.174385
volkan,0.5,2026,2026-96,0.333333,0.433333,0.166667,0.6,0.508333,0.025,0.141667,0.480928,-0.24,0.575541
volkan,0.5,2026,2026-97,0.458333,0.525,0.391667,0.916667,0.716667,0.016667,0.0,0.588771,0.56,0.512729
volkan,0.5,2026,2026-98,0.175,0.258333,0.033333,0.291667,0.291667,0.0,0.466667,0.336617,-0.68,0.824799
volkan,0.5,2026,2026-99,0.166667,0.25,0.033333,0.283333,0.275,0.0,0.483333,0.327853,-0.88,0.90383
volkan,0.5,2026,2026-100,0.016667,0.05,0.016667,0.066667,0.058333,0.0,0.825,0.180673,-1.88,1.796652
volkan,0.5,2026,2026-101,0.466667,0.491667,0.341667,0.833333,0.75,0.0,0.0,0.539929,0.28,0.471731
volkan,0.5,2026,2026-102,0.375,0.133333,0.625,0.758333,0.375,0.108333,0.0,0.728129,1.12,1.040395
volkan,0.5,2026,2026-103,0.35,0.441667,0.141667,0.583333,0.533333,0.0,0.141667,0.44856,-0.08,0.525611
volkan,0.5,2026,2026-104,0.1,0.0,0.45,0.45,0.1,0.283333,0.0,0.805876,1.32,1.522073
volkan,0.5,2026,2026-105,0.441667,0.508333,0.358333,0.866667,0.708333,0.016667,0.0,0.573449,0.4,0.516921
volkan,0.5,2026,2026-106,0.45,0.425,0.35,0.775,0.691667,0.0,0.016667,0.540219,0.08,0.510332
volkan,0.5,2026,2026-107,0.566667,0.383333,0.491667,0.875,0.65,0.033333,0.0,0.648622,0.8,0.681934
volkan,0.5,2026,2026-108,0.475,0.416667,0.508333,0.925,0.625,0.041667,0.0,0.640446,0.4,0.661695
volkan,0.5,2026,2026-109,0.275,0.025,0.6,0.625,0.275,0.191667,0.0,0.765442,1.32,1.261638
volkan,0.5,2026,2026-110,0.183333,0.3,0.066667,0.366667,0.358333,0.008333,0.375,0.36865,-0.64,0.742872
volkan,0.5,2026,2026-111,0.0,0.025,0.0,0.025,0.025,0.0,0.916667,0.133004,-1.84,2.152361
volkan,0.5,2026,2026-112,0.5,0.483333,0.366667,0.85,0.7,0.025,0.0,0.571005,0.44,0.504591
volkan,0.5,2026,2026-113,0.233333,0.35,0.133333,0.483333,0.466667,0.008333,0.283333,0.418636,-0.6,0.645688
volkan,0.5,2026,2026-114,0.383333,0.491667,0.325,0.816667,0.708333,0.0,0.008333,0.530728,0.52,0.460362
volkan,0.5,2026,2026-115,0.0,0.0,0.258333,0.258333,0.0,0.5,0.0,0.841497,1.76,1.752009
volkan,0.5,2026,2026-116,0.133333,0.216667,0.05,0.266667,0.258333,0.0,0.483333,0.323554,-1.0,0.905736
volkan,0.5,2026,2026-117,0.416667,0.183333,0.591667,0.775,0.475,0.1,0.0,0.70031,1.24,0.919963
volkan,0.5,2026,2026-118,0.425,0.075,0.658333,0.733333,0.425,0.133333,0.0,0.728831,0.88,1.051312
volkan,0.5,2026,2026-119,0.5,0.391667,0.475,0.866667,0.658333,0.033333,0.0,0.635564,0.88,0.664505
volkan,0.5,2026,2026-120,0.275,0.008333,0.658333,0.666667,0.275,0.175,0.0,0.760215,1.04,1.215888
volkan,0.5,2026,2026-121,0.358333,0.4,0.166667,0.566667,0.5,0.0,0.175,0.451705,-0.24,0.537293
volkan,0.5,2026,2026-122,0.15,0.383333,0.083333,0.466667,0.441667,0.0,0.358333,0.389426,0.04,0.626528
volkan,0.5,2026,2026-123,0.3,0.066667,0.591667,0.658333,0.3,0.166667,0.0,0.754143,1.32,1.19728
volkan,0.5,2026,2026-124,0.458333,0.166667,0.575,0.741667,0.475,0.108333,0.0,0.707082,0.72,0.959429
volkan,0.5,2026,2026-125,0.108333,0.0,0.4,0.4,0.108333,0.383333,0.0,0.808194,1.56,1.524637
volkan,0.5,2026,2026-126,0.425,0.491667,0.4,0.891667,0.658333,0.033333,0.0,0.597882,0.2,0.572338
volkan,0.5,2026,2026-127,0.058333,0.0,0.3,0.3,0.058333,0.491667,0.0,0.839564,1.8,1.755196
volkan,0.5,2026,2026-128,0.333333,0.458333,0.258333,0.716667,0.591667,0.0,0.108333,0.4941,-0.08,0.560972
volkan,0.5,2026,2026-129,0.15,0.283333,0.008333,0.291667,0.283333,0.0,0.491667,0.330502,-0.88,0.864304
volkan,0.5,2026,2026-130,0.025,0.041667,0.016667,0.058333,0.05,0.0,0.866667,0.16499,-1.8,1.929196
volkan,0.5,2026,2026-131,0.091667,0.241667,0.016667,0.258333,0.25,0.0,0.466667,0.32228,-0.68,0.884784
volkan,0.5,2026,2026-132,0.458333,0.15,0.616667,0.766667,0.458333,0.075,0.0,0.715996,0.84,0.982239
volkan,0.5,2026,2026-133,0.041667,0.108333,0.025,0.133333,0.125,0.0,0.725,0.245551,-1.36,1.322735
volkan,0.5,2026,2026-134,0.316667,0.383333,0.191667,0.575,0.525,0.008333,0.15,0.456248,-0.52,0.552761
volkan,0.5,2026,2026-135,0.0,0.0,0.058333,0.058333,0.0,0.766667,0.0,0.893149,1.92,2.234494
volkan,0.5,2026,2026-136,0.483333,0.166667,0.6,0.766667,0.483333,0.15,0.0,0.714658,0.76,0.994599
volkan,0.5,2026,2026-137,0.0,0.0,0.191667,0.191667,0.0,0.6,0.0,0.860931,1.6,1.938013
volkan,0.5,2026,2026-138,0.141667,0.216667,0.041667,0.258333,0.25,0.016667,0.458333,0.339054,-0.56,0.875476
volkan,0.5,2026,2026-139,0.0,0.016667,0.0,0.016667,0.016667,0.0,0.941667,0.121584,-1.64,2.234084
volkan,0.5,2026,2026-140,0.066667,0.0,0.358333,0.358333,0.066667,0.375,0.0,0.823576,1.56,1.635076
volkan,0.5,2026,2026-141,0.033333,0.175,0.033333,0.208333,0.191667,0.0,0.633333,0.283116,-0.76,1.107675
volkan,0.5,2026,2026-142,0.425,0.475,0.358333,0.833333,0.741667,0.025,0.0,0.563474,0.28,0.504874
volkan,0.5,2026,2026-143,0.433333,0.45,0.4,0.85,0.633333,0.05,0.0,0.605291,0.44,0.612605
volkan,0.5,2026,2026-144,0.191667,0.25,0.066667,0.316667,0.308333,0.008333,0.466667,0.35276,-1.16,0.852644
volkan,0.5,2026,2026-145,0.033333,0.0,0.316667,0.316667,0.033333,0.433333,0.0,0.828969,1.2,1.680583
volkan,0.5,2026,2026-146,0.083333,0.0,0.308333,0.308333,0.083333,0.466667,0.0,0.829833,1.88,1.69323
volkan,0.5,2026,2026-147,0.575,0.325,0.566667,0.891667,0.666667,0.025,0.0,0.653516,1.16,0.699382
volkan,0.5,2026,2026-148,0.441667,0.45,0.333333,0.783333,0.716667,0.008333,0.016667,0.544071,0.12,0.500847
volkan,0.5,2026,2026-149,0.425,0.508333,0.383333,0.891667,0.7,0.008333,0.0,0.585895,0.44,0.537736
volkan,0.5,2026,2026-150,0.125,0.233333,0.025,0.258333,0.258333,0.008333,0.508333,0.321894,-0.72,0.90225
volkan,0.5,2026,2026-151,0.316667,0.483333,0.183333,0.666667,0.583333,0.0,0.108333,0.471597,0.24,0.515752
volkan,0.5,2026,2026-152,0.425,0.416667,0.408333,0.825,0.725,0.0,0.0,0.536562,-0.12,0.482692
volkan,0.5,2026,2026-153,0.216667,0.3,0.066667,0.366667,0.358333,0.025,0.375,0.374751,-0.76,0.805822
volkan,0.5,2026,2026-154,0.375,0.133333,0.616667,0.75,0.425,0.133333,0.0,0.716366,1.04,1.00638
volkan,0.5,2026,2026-155,0.075,0.191667,0.008333,0.2,0.2,0.008333,0.633333,0.27423,-0.88,1.162662
volkan,0.5,2026,2026-156,0.3,0.366667,0.225,0.591667,0.516667,0.008333,0.191667,0.459117,-0.56,0.602103
volkan,0.5,2026,2026-157,0.016667,0.025,0.008333,0.033333,0.033333,0.0,0.891667,0.146098,-1.8,2.074862
volkan,0.5,2026,2026-158,0.525,0.416667,0.516667,0.933333,0.65,0.033333,0.0,0.638744,0.6,0.656103
volkan,0.5,2026,2026-159,0.508333,0.208333,0.575,0.783333,0.516667,0.083333,0.0,0.701181,0.8,0.913446
volkan,0.5,2026,2026-160,0.508333,0.291667,0.55,0.841667,0.583333,0.075,0.0,0.672955,1.04,0.800992
volkan,0.5,2026,2026-161,0.0,0.0,0.0,0.0,0.0,1.0,0.0,0.948543,2.16,3.083778
volkan,0.5,2026,2026-162,0.383333,0.083333,0.625,0.708333,0.383333,0.141667,0.0,0.729563,1.0,1.057967
volkan,0.5,2026,2026-163,0.158333,0.25,0.066667,0.316667,0.291667,0.008333,0.433333,0.353746,-0.52,0.822007
volkan,0.5,2026,2026-164,0.0,0.0,0.0,0.0,0.0,1.0,0.0,0.933874,2.2,2.776238
volkan,0.5,2026,2026-165,0.133333,0.266667,0.066667,0.333333,0.316667,0.0,0.458333,0.350889,-0.88,0.893408
volkan,0.5,2026,2026-166,0.483333,0.15,0.625,0.775,0.491667,0.108333,0.0,0.706371,0.92,0.938234
volkan,0.5,2026,2026-167,0.475,0.216667,0.583333,0.8,0.516667,0.1,0.0,0.696353,1.16,0.90266
volkan,0.5,2026,2026-168,0.183333,0.25,0.058333,0.308333,0.308333,0.008333,0.408333,0.347608,-0.6,0.832544
volkan,0.5,2026,2026-169,0.141667,0.0,0.366667,0.366667,0.141667,0.375,0.0,0.815425,1.32,1.582744
volkan,0.5,2026,2026-170,0.5,0.383333,0.491667,0.875,0.666667,0.025,0.0,0.635912,0.48,0.6708
volkan,0.5,2026,2026-171,0.525,0.308333,0.533333,0.841667,0.566667,0.041667,0.0,0.671723,0.56,0.777892
volkan,0.5,2026,2026-172,0.191667,0.391667,0.116667,0.508333,0.5,0.0,0.316667,0.395655,-0.4,0.630768
volkan,0.5,2026,2026-173,0.15,0.0,0.533333,0.533333,0.15,0.158333,0.0,0.784465,1.48,1.353517
volkan,0.5,2026,2026-174,0.175,0.258333,0.1,0.358333,0.35,0.0,0.391667,0.365846,-0.4,0.747577
volkan,0.5,2026,2026-175,0.033333,0.083333,0.025,0.108333,0.091667,0.0,0.783333,0.210883,-1.64,1.581397
volkan,0.5,2026,2026-176,0.141667,0.0,0.4,0.4,0.141667,0.366667,0.0,0.812524,1.68,1.553475
volkan,0.5,2026,2026-177,0.325,0.458333,0.133333,0.591667,0.525,0.008333,0.133333,0.457992,0.08,0.549395
volkan,0.5,2026,2026-178,0.4,0.475,0.308333,0.783333,0.641667,0.0,0.0,0.557246,0.28,0.519233
volkan,0.5,2026,2026-179,0.0,0.0,0.108333,0.108333,0.0,0.691667,0.0,0.874679,1.68,2.039731
volkan,0.5,2026,2026-180,0.25,0.016667,0.683333,0.7,0.25,0.175,0.0,0.759946,1.28,1.223838
volkan,0.5,2026,2026-181,0.625,0.325,0.525,0.85,0.691667,0.033333,0.0,0.663548,1.16,0.73736
volkan,0.5,2026,2026-182,0.325,0.016667,0.716667,0.733333,0.325,0.141667,0.0,0.745546,1.2,1.133272
volkan,0.5,2026,2026-183,0.175,0.308333,0.075,0.383333,0.375,0.0,0.35,0.376364,-0.6,0.692002
volkan,0.5,2026,2026-184,0.516667,0.183333,0.625,0.808333,0.525,0.075,0.0,0.696846,0.96,0.887805
volkan,0.5,2026,2026-185,0.283333,0.033333,0.633333,0.666667,0.283333,0.175,0.0,0.754233,1.16,1.190119
volkan,0.5,2026,2026-186,0.575,0.166667,0.65,0.816667,0.575,0.058333,0.0,0.695706,1.04,0.881406
volkan,0.5,2026,2026-187,0.391667,0.491667,0.216667,0.708333,0.6,0.0,0.05,0.501135,-0.2,0.503091
volkan,0.5,2026,2026-188,0.0,0.0,0.0,0.0,0.0,0.0,1.0,0.034752,-2.24,3.741526
volkan,0.5,2026,2026-189,0.541667,0.308333,0.566667,0.875,0.616667,0.041667,0.0,0.66433,0.64,0.747828
volkan,0.5,2026,2026-190,0.45,0.516667,0.375,0.891667,0.716667,0.008333,0.0,0.570952,0.44,0.501614
volkan,0.5,2026,2026-191,0.325,0.383333,0.216667,0.6,0.483333,0.008333,0.15,0.476706,-0.36,0.561682
volkan,0.5,2026,2026-192,0.491667,0.216667,0.591667,0.808333,0.508333,0.066667,0.0,0.696987,1.04,0.890266
volkan,0.5,2026,2026-193,0.541667,0.5,0.458333,0.958333,0.75,0.0,0.0,0.594988,0.76,0.500482
volkan,0.5,2026,2026-194,0.483333,0.475,0.4,0.875,0.691667,0.025,0.0,0.59259,0.16,0.544292
volkan,0.5,2026,2026-195,0.041667,0.133333,0.033333,0.166667,0.15,0.0,0.7,0.261466,-1.12,1.227486
volkan,0.5,2026,2026-196,0.016667,0.15,0.016667,0.166667,0.158333,0.0,0.691667,0.254672,-1.16,1.222495
volkan,0.5,2026,2026-197,0.508333,0.483333,0.458333,0.941667,0.683333,0.016667,0.0,0.622941,0.4,0.60477
volkan,0.5,2026,2026-198,0.441667,0.441667,0.325,0.766667,0.683333,0.008333,0.0,0.544012,0.2,0.502585
volkan,0.5,2026,2026-199,0.491667,0.441667,0.408333,0.85,0.741667,0.0,0.0,0.569474,-0.12,0.517013
volkan,1.0,42,42-0,0.533333,0.5,0.416667,0.916667,0.7,0.058333,0.0,0.627047,0.8,0.631274
volkan,1.0,42,42-1,0.133333,0.3,0.183333,0.483333,0.391667,0.0,0.366667,0.402966,-0.48,0.749759
volkan,1.0,42,42-2,0.391667,0.116667,0.591667,0.708333,0.391667,0.183333,0.0,0.729853,0.8,1.084731
volkan,1.0,42,42-3,0.266667,0.083333,0.491667,0.575,0.266667,0.266667,0.0,0.767762,1.2,1.323731
volkan,1.0,42,42-4,0.058333,0.15,0.025,0.175,0.166667,0.025,0.683333,0.255663,-0.92,1.429384
volkan,1.0,42,42-5,0.191667,0.158333,0.133333,0.291667,0.266667,0.0,0.433333,0.357746,-0.68,0.928733
volkan,1.0,42,42-6,0.425,0.45,0.441667,0.891667,0.591667,0.05,0.0,0.624823,0.16,0.674858
volkan,1.0,42,42-7,0.333333,0.316667,0.283333,0.6,0.558333,0.041667,0.091667,0.538039,-0.2,0.691351
volkan,1.0,42,42-8,0.391667,0.466667,0.366667,0.833333,0.633333,0.041667,0.0,0.587446,0.2,0.564645
volkan,1.0,42,42-9,0.15,0.35,0.15,0.5,0.4,0.008333,0.316667,0.42168,-0.2,0.699924
volkan,1.0,42,42-10,0.316667,0.133333,0.525,0.658333,0.316667,0.2,0.0,0.747114,1.44,1.182355
volkan,1.0,42,42-11,0.383333,0.116667,0.625,0.741667,0.383333,0.125,0.0,0.726448,1.36,1.04356
volkan,1.0,42,42-12,0.425,0.508333,0.375,0.883333,0.683333,0.041667,0.0,0.595761,0.44,0.587261
volkan,1.0,42,42-13,0.15,0.008333,0.533333,0.541667,0.15,0.225,0.0,0.784276,1.4,1.366418
volkan,1.0,42,42-14,0.516667,0.341667,0.5,0.841667,0.6,0.058333,0.0,0.667297,1.0,0.782094
volkan,1.0,42,42-15,0.158333,0.25,0.2,0.45,0.35,0.025,0.308333,0.438569,-0.84,0.837499
volkan,1.0,42,42-16,0.55,0.375,0.45,0.825,0.633333,0.041667,0.0,0.660163,0.56,0.748717
volkan,1.0,42,42-17,0.158333,0.308333,0.15,0.458333,0.383333,0.0,0.375,0.400832,-0.44,0.745174
volkan,1.0,42,42-18,0.325,0.1,0.658333,0.758333,0.325,0.125,0.0,0.740442,1.32,1.11031
volkan,1.0,42,42-19,0.383333,0.458333,0.416667,0.875,0.566667,0.041667,0.0,0.592384,0.12,0.55788
volkan,1.0,42,42-20,0.366667,0.408333,0.308333,0.716667,0.608333,0.058333,0.008333,0.553064,0.2,0.581826
volkan,1.0,42,42-21,0.375,0.383333,0.091667,0.475,0.433333,0.0,0.208333,0.441897,-0.16,0.60658
volkan,1.0,42,42-22,0.15,0.0,0.441667,0.441667,0.15,0.225,0.0,0.798505,1.48,1.446969
volkan,1.0,42,42-23,0.35,0.45,0.316667,0.766667,0.625,0.041667,0.0,0.552661,0.44,0.563185
volkan,1.0,42,42-24,0.341667,0.375,0.208333,0.583333,0.508333,0.016667,0.116667,0.504517,-0.2,0.625507
volkan,1.0,42,42-25,0.325,0.358333,0.25,0.608333,0.541667,0.025,0.083333,0.521786,-0.2,0.657564
volkan,1.0,42,42-26,0.516667,0.275,0.541667,0.816667,0.575,0.066667,0.0,0.680257,1.12,0.82911
volkan,1.0,42,42-27,0.483333,0.316667,0.441667,0.758333,0.591667,0.083333,0.0,0.673026,0.36,0.840844
volkan,1.0,42,42-28,0.55,0.325,0.5,0.825,0.616667,0.058333,0.0,0.669982,0.68,0.782974
volkan,1.0,42,42-29,0.583333,0.391667,0.466667,0.858333,0.633333,0.108333,0.0,0.664114,0.76,0.766961
volkan,1.0,42,42-30,0.0,0.0,0.008333,0.008333,0.0,0.825,0.0,0.906271,1.96,2.413451
volkan,1.0,42,42-31,0.375,0.333333,0.216667,0.55,0.525,0.025,0.075,0.524035,-0.24,0.655194
volkan,1.0,42,42-32,0.333333,0.425,0.15,0.575,0.508333,0.008333,0.1,0.494566,-0.08,0.608002
volkan,1.0,42,42-33,0.266667,0.325,0.158333,0.483333,0.391667,0.0,0.225,0.444321,-0.28,0.673126
volkan,1.0,42,42-34,0.533333,0.216667,0.591667,0.808333,0.558333,0.116667,0.0,0.692397,1.04,0.88207
volkan,1.0,42,42-35,0.183333,0.0,0.516667,0.516667,0.183333,0.266667,0.0,0.788499,1.36,1.40962
volkan,1.0,42,42-36,0.35,0.45,0.316667,0.766667,0.6,0.05,0.0,0.559613,0.36,0.572414
volkan,1.0,42,42-37,0.208333,0.333333,0.15,0.483333,0.366667,0.008333,0.266667,0.438162,-0.16,0.717551
volkan,1.0,42,42-38,0.216667,0.358333,0.125,0.483333,0.408333,0.0,0.3,0.422862,-0.16,0.63403
volkan,1.0,42,42-39,0.525,0.2,0.591667,0.791667,0.541667,0.116667,0.0,0.701574,1.2,0.921009
volkan,1.0,42,42-40,0.416667,0.125,0.608333,0.733333,0.416667,0.133333,0.0,0.723602,1.12,1.036119
volkan,1.0,42,42-41,0.483333,0.25,0.525,0.775,0.558333,0.083333,0.0,0.68476,0.92,0.862838
volkan,1.0,42,42-42,0.266667,0.35,0.133333,0.483333,0.408333,0.025,0.208333,0.46577,-0.4,0.713597
volkan,1.0,42,42-43,0.508333,0.433333,0.433333,0.866667,0.65,0.041667,0.0,0.617529,0.96,0.620973
volkan,1.0,42,42-44,0.408333,0.45,0.375,0.825,0.65,0.05,0.0,0.606738,0.48,0.656613
volkan,1.0,42,42-45,0.466667,0.516667,0.391667,0.908333,0.7,0.033333,0.0,0.613346,0.52,0.606396
volkan,1.0,42,42-46,0.35,0.066667,0.641667,0.708333,0.35,0.166667,0.0,0.741794,1.12,1.125724
volkan,1.0,42,42-47,0.5,0.425,0.441667,0.866667,0.658333,0.041667,0.0,0.628702,0.6,0.648889
volkan,1.0,42,42-48,0.441667,0.191667,0.525,0.716667,0.458333,0.158333,0.0,0.719495,0.84,1.02722
volkan,1.0,42,42-49,0.433333,0.508333,0.316667,0.825,0.666667,0.041667,0.0,0.577342,0.8,0.549297
volkan,1.0,42,42-50,0.516667,0.45,0.408333,0.858333,0.666667,0.041667,0.0,0.636463,0.68,0.670677
volkan,1.0,42,42-51,0.525,0.233333,0.541667,0.775,0.533333,0.083333,0.0,0.697682,1.0,0.906728
volkan,1.0,42,42-52,0.208333,0.158333,0.091667,0.25,0.241667,0.041667,0.525,0.346165,-0.76,1.093045
volkan,1.0,42,42-53,0.358333,0.341667,0.341667,0.683333,0.616667,0.033333,0.058333,0.527134,0.04,0.589647
volkan,1.0,42,42-54,0.35,0.325,0.241667,0.566667,0.508333,0.016667,0.1,0.507671,-0.04,0.610149
volkan,1.0,42,42-55,0.308333,0.375,0.108333,0.483333,0.441667,0.008333,0.183333,0.476513,-0.04,0.704295
volkan,1.0,42,42-56,0.358333,0.333333,0.333333,0.666667,0.6,0.066667,0.041667,0.5452,-0.12,0.63021
volkan,1.0,42,42-57,0.016667,0.0,0.266667,0.266667,0.016667,0.466667,0.0,0.84201,1.28,1.794658
volkan,1.0,42,42-58,0.291667,0.35,0.125,0.475,0.408333,0.008333,0.291667,0.423512,0.0,0.650406
volkan,1.0,42,42-59,0.3,0.033333,0.65,0.683333,0.3,0.191667,0.0,0.755999,1.2,1.207336
volkan,1.0,42,42-60,0.125,0.191667,0.041667,0.233333,0.216667,0.008333,0.691667,0.276884,-0.88,1.275066
volkan,1.0,42,42-61,0.35,0.291667,0.275,0.566667,0.525,0.05,0.091667,0.525596,-0.24,0.639286
volkan,1.0,42,42-62,0.4,0.475,0.383333,0.858333,0.666667,0.058333,0.0,0.609867,0.64,0.62357
volkan,1.0,42,42-63,0.466667,0.25,0.508333,0.758333,0.483333,0.15,0.0,0.697741,0.8,0.915311
volkan,1.0,42,42-64,0.433333,0.175,0.583333,0.758333,0.45,0.116667,0.0,0.711743,1.28,0.975299
volkan,1.0,42,42-65,0.375,0.1,0.65,0.75,0.375,0.141667,0.0,0.728329,1.28,1.056846
volkan,1.0,42,42-66,0.35,0.291667,0.325,0.616667,0.55,0.025,0.083333,0.507978,0.04,0.58213
volkan,1.0,42,42-67,0.3,0.316667,0.183333,0.5,0.466667,0.058333,0.125,0.507567,-0.04,0.644601
volkan,1.0,42,42-68,0.4,0.091667,0.616667,0.708333,0.4,0.2,0.0,0.741278,1.08,1.137333
volkan,1.0,42,42-69,0.375,0.45,0.291667,0.741667,0.633333,0.025,0.008333,0.54329,0.36,0.566997
volkan,1.0,42,42-70,0.15,0.15,0.125,0.275,0.241667,0.0,0.516667,0.33946,-0.56,0.993486
volkan,1.0,42,42-71,0.15,0.266667,0.133333,0.4,0.366667,0.008333,0.425,0.376676,-0.32,0.849095
volkan,1.0,42,42-72,0.15,0.316667,0.2,0.516667,0.408333,0.016667,0.325,0.432827,-0.6,0.746551
volkan,1.0,42,42-73,0.541667,0.25,0.541667,0.791667,0.591667,0.066667,0.0,0.684875,0.76,0.850661
volkan,1.0,42,42-74,0.491667,0.45,0.433333,0.883333,0.65,0.025,0.0,0.614489,0.56,0.618359
volkan,1.0,42,42-75,0.5,0.216667,0.558333,0.775,0.508333,0.125,0.0,0.70344,0.84,0.952985
volkan,1.0,42,42-76,0.383333,0.266667,0.333333,0.6,0.558333,0.016667,0.016667,0.517675,0.0,0.576447
volkan,1.0,42,42-77,0.483333,0.433333,0.425,0.858333,0.666667,0.033333,0.0,0.609009,0.84,0.618104
volkan,1.0,42,42-78,0.491667,0.2,0.608333,0.808333,0.5,0.091667,0.0,0.702897,0.96,0.931461
volkan,1.0,42,42-79,0.358333,0.391667,0.316667,0.708333,0.633333,0.041667,0.016667,0.529546,0.16,0.56241
volkan,1.0,42,42-80,0.55,0.35,0.433333,0.783333,0.608333,0.066667,0.0,0.668863,0.56,0.79631
volkan,1.0,42,42-81,0.333333,0.391667,0.091667,0.483333,0.441667,0.008333,0.191667,0.449896,-0.04,0.642541
volkan,1.0,42,42-82,0.358333,0.383333,0.233333,0.616667,0.55,0.041667,0.05,0.540073,-0.36,0.636757
volkan,1.0,42,42-83,0.333333,0.358333,0.266667,0.625,0.591667,0.066667,0.108333,0.507734,0.16,0.616507
volkan,1.0,42,42-84,0.208333,0.125,0.175,0.3,0.258333,0.033333,0.408333,0.393039,-0.64,0.967848
volkan,1.0,42,42-85,0.508333,0.3,0.525,0.825,0.583333,0.108333,0.0,0.67564,0.88,0.834115
volkan,1.0,42,42-86,0.316667,0.291667,0.283333,0.575,0.516667,0.008333,0.133333,0.487589,0.12,0.598522
volkan,1.0,42,42-87,0.35,0.483333,0.35,0.833333,0.591667,0.058333,0.0,0.594658,0.2,0.613049
volkan,1.0,42,42-88,0.466667,0.325,0.45,0.775,0.541667,0.15,0.0,0.680167,0.6,0.85062
volkan,1.0,42,42-89,0.533333,0.308333,0.508333,0.816667,0.625,0.058333,0.0,0.664731,0.92,0.772285
volkan,1.0,42,42-90,0.541667,0.191667,0.558333,0.75,0.55,0.066667,0.0,0.700334,0.84,0.913815
volkan,1.0,42,42-91,0.333333,0.441667,0.308333,0.75,0.541667,0.041667,0.0,0.578971,0.16,0.617942
volkan,1.0,42,42-92,0.383333,0.341667,0.25,0.591667,0.575,0.025,0.058333,0.494477,0.24,0.548371
volkan,1.0,42,42-93,0.366667,0.491667,0.3,0.791667,0.658333,0.008333,0.008333,0.552841,0.68,0.532664
volkan,1.0,42,42-94,0.141667,0.191667,0.058333,0.25,0.233333,0.025,0.6,0.312105,-1.04,1.23031
volkan,1.0,42,42-95,0.191667,0.158333,0.091667,0.25,0.233333,0.033333,0.508333,0.349956,-0.76,1.101776
volkan,1.0,42,42-96,0.191667,0.15,0.133333,0.283333,0.275,0.0,0.483333,0.337927,-0.56,0.948517
volkan,1.0,42,42-97,0.141667,0.35,0.158333,0.508333,0.441667,0.008333,0.4,0.401505,-0.4,0.734303
volkan,1.0,42,42-98,0.533333,0.375,0.491667,0.866667,0.625,0.066667,0.0,0.654673,0.88,0.710543
volkan,1.0,42,42-99,0.175,0.3,0.208333,0.508333,0.408333,0.025,0.3,0.447804,-0.8,0.73504
volkan,1.0,42,42-100,0.316667,0.3,0.333333,0.633333,0.566667,0.008333,0.108333,0.499196,0.04,0.605693
volkan,1.0,42,42-101,0.116667,0.0,0.4,0.4,0.116667,0.341667,0.0,0.805746,1.76,1.508626
volkan,1.0,42,42-102,0.391667,0.35,0.283333,0.633333,0.566667,0.033333,0.033333,0.531702,-0.16,0.592374
volkan,1.0,42,42-103,0.45,0.108333,0.641667,0.75,0.45,0.116667,0.0,0.717708,1.12,0.992935
volkan,1.0,42,42-104,0.183333,0.333333,0.208333,0.541667,0.466667,0.016667,0.3,0.445503,-0.52,0.722439
volkan,1.0,42,42-105,0.333333,0.441667,0.316667,0.758333,0.583333,0.033333,0.0,0.548501,0.28,0.569051
volkan,1.0,42,42-106,0.091667,0.341667,0.175,0.516667,0.416667,0.016667,0.375,0.409632,-0.4,0.761073
volkan,1.0,42,42-107,0.375,0.358333,0.366667,0.725,0.658333,0.041667,0.05,0.521251,0.04,0.571089
volkan,1.0,42,42-108,0.416667,0.066667,0.658333,0.725,0.416667,0.158333,0.0,0.731082,1.0,1.079792
volkan,1.0,42,42-109,0.183333,0.208333,0.058333,0.266667,0.258333,0.016667,0.566667,0.314177,-1.2,1.197409
volkan,1.0,42,42-110,0.45,0.341667,0.475,0.816667,0.608333,0.075,0.0,0.658396,1.08,0.766518
volkan,1.0,42,42-111,0.45,0.5,0.408333,0.908333,0.691667,0.033333,0.0,0.614458,0.64,0.594708
volkan,1.0,42,42-112,0.341667,0.383333,0.158333,0.541667,0.441667,0.008333,0.15,0.481212,-0.16,0.64955
volkan,1.0,42,42-113,0.175,0.175,0.108333,0.283333,0.266667,0.016667,0.55,0.338271,-0.96,1.096814
volkan,1.0,42,42-114,0.416667,0.55,0.341667,0.891667,0.683333,0.016667,0.0,0.588977,0.72,0.541944
volkan,1.0,42,42-115,0.316667,0.375,0.125,0.5,0.466667,0.016667,0.15,0.479983,-0.04,0.632729
volkan,1.0,42,42-116,0.483333,0.441667,0.4,0.841667,0.658333,0.058333,0.0,0.631641,0.68,0.6696
volkan,1.0,42,42-117,0.383333,0.5,0.358333,0.858333,0.65,0.058333,0.0,0.59511,0.44,0.617166
volkan,1.0,42,42-118,0.0,0.0,0.225,0.225,0.0,0.591667,0.0,0.85327,1.64,1.860953
volkan,1.0,42,42-119,0.366667,0.408333,0.308333,0.716667,0.633333,0.041667,0.025,0.524401,0.48,0.529115
volkan,1.0,42,42-120,0.1,0.283333,0.166667,0.45,0.35,0.016667,0.4,0.40628,-0.48,0.819768
volkan,1.0,42,42-121,0.516667,0.458333,0.391667,0.85,0.683333,0.033333,0.0,0.614163,0.84,0.6098
volkan,1.0,42,42-122,0.45,0.433333,0.4,0.833333,0.65,0.058333,0.0,0.63,0.64,0.699145
volkan,1.0,42,42-123,0.05,0.0,0.425,0.425,0.05,0.375,0.0,0.816556,1.64,1.5809
volkan,1.0,42,42-124,0.391667,0.116667,0.608333,0.725,0.391667,0.183333,0.0,0.731793,1.0,1.076651
volkan,1.0,42,42-125,0.491667,0.433333,0.4,0.833333,0.658333,0.091667,0.0,0.650293,0.88,0.756671
volkan,1.0,42,42-126,0.05,0.0,0.325,0.325,0.05,0.508333,0.0,0.836067,1.64,1.734234
volkan,1.0,42,42-127,0.15,0.133333,0.141667,0.275,0.241667,0.008333,0.425,0.37044,-0.44,0.910981
volkan,1.0,42,42-128,0.325,0.416667,0.1,0.516667,0.45,0.008333,0.116667,0.474826,-0.16,0.633322
volkan,1.0,42,42-129,0.116667,0.325,0.175,0.5,0.4,0.008333,0.325,0.421706,-0.32,0.764252
volkan,1.0,42,42-130,0.35,0.341667,0.258333,0.6,0.558333,0.041667,0.058333,0.53137,-0.2,0.636852
volkan,1.0,42,42-131,0.233333,0.158333,0.125,0.283333,0.266667,0.025,0.516667,0.353266,-0.84,1.040758
volkan,1.0,42,42-132,0.516667,0.191667,0.591667,0.783333,0.525,0.1,0.0,0.701859,1.16,0.921068
volkan,1.0,42,42-133,0.408333,0.4,0.258333,0.658333,0.625,0.066667,0.041667,0.530189,0.24,0.617848
volkan,1.0,42,42-134,0.216667,0.108333,0.15,0.258333,0.233333,0.008333,0.566667,0.331089,-0.68,1.087311
volkan,1.0,42,42-135,0.116667,0.258333,0.158333,0.416667,0.35,0.016667,0.45,0.388362,-0.44,0.842127
volkan,1.0,42,42-136,0.5,0.416667,0.441667,0.858333,0.675,0.066667,0.0,0.642226,1.0,0.721345
volkan,1.0,42,42-137,0.375,0.1,0.558333,0.658333,0.375,0.208333,0.0,0.744201,1.12,1.177436
volkan,1.0,42,42-138,0.0,0.0,0.066667,0.066667,0.0,0.775,0.0,0.89197,2.0,2.228528
volkan,1.0,42,42-139,0.0,0.0,0.0,0.0,0.0,1.0,0.0,0.953342,2.08,3.161589
volkan,1.0,42,42-140,0.491667,0.308333,0.525,0.833333,0.583333,0.1,0.0,0.668304,0.88,0.799045
volkan,1.0,42,42-141,0.166667,0.225,0.191667,0.416667,0.333333,0.016667,0.341667,0.416922,-0.76,0.819905
volkan,1.0,42,42-142,0.075,0.133333,0.041667,0.175,0.158333,0.016667,0.683333,0.246987,-1.2,1.525924
volkan,1.0,42,42-143,0.483333,0.433333,0.458333,0.891667,0.65,0.033333,0.0,0.63682,0.44,0.667417
volkan,1.0,42,42-144,0.158333,0.383333,0.166667,0.55,0.425,0.0,0.308333,0.436449,-0.4,0.668791
volkan,1.0,42,42-145,0.358333,0.366667,0.308333,0.675,0.633333,0.033333,0.091667,0.510162,0.12,0.599823
volkan,1.0,42,42-146,0.325,0.416667,0.075,0.491667,0.441667,0.0,0.158333,0.463175,0.04,0.631369
volkan,1.0,42,42-147,0.35,0.433333,0.333333,0.766667,0.6,0.058333,0.008333,0.570319,0.32,0.594593
volkan,1.0,42,42-148,0.2,0.033333,0.491667,0.525,0.2,0.3,0.0,0.786991,1.12,1.412462
volkan,1.0,42,42-149,0.391667,0.475,0.4,0.875,0.616667,0.05,0.0,0.61891,0.28,0.653123
volkan,1.0,42,42-150,0.4,0.408333,0.316667,0.725,0.625,0.091667,0.0,0.574313,0.0,0.63488
volkan,1.0,42,42-151,0.133333,0.283333,0.133333,0.416667,0.358333,0.008333,0.416667,0.382905,-0.48,0.814249
volkan,1.0,42,42-152,0.141667,0.2,0.016667,0.216667,0.216667,0.016667,0.65,0.280083,-0.76,1.256636
volkan,1.0,42,42-153,0.333333,0.308333,0.233333,0.541667,0.508333,0.041667,0.166667,0.486531,0.28,0.613453
volkan,1.0,42,42-154,0.391667,0.483333,0.333333,0.816667,0.683333,0.033333,0.0,0.56937,0.4,0.547808
volkan,1.0,42,42-155,0.0,0.0,0.125,0.125,0.0,0.675,0.0,0.870446,1.64,1.999648
volkan,1.0,42,42-156,0.441667,0.491667,0.375,0.866667,0.7,0.033333,0.0,0.586287,0.8,0.555633
volkan,1.0,42,42-157,0.308333,0.1,0.516667,0.616667,0.308333,0.25,0.0,0.76314,1.44,1.301627
volkan,1.0,42,42-158,0.35,0.4,0.15,0.55,0.491667,0.008333,0.108333,0.487486,-0.04,0.599023
volkan,1.0,42,42-159,0.141667,0.2,0.141667,0.341667,0.283333,0.0,0.458333,0.364505,-0.6,0.905445
volkan,1.0,42,42-160,0.141667,0.275,0.166667,0.441667,0.35,0.016667,0.391667,0.401035,-0.56,0.8379
volkan,1.0,42,42-161,0.341667,0.383333,0.133333,0.516667,0.45,0.0,0.191667,0.453737,-0.24,0.621157
volkan,1.0,42,42-162,0.0,0.0,0.0,0.0,0.0,0.808333,0.0,0.904934,1.96,2.402268
volkan,1.0,42,42-163,0.3,0.358333,0.091667,0.45,0.416667,0.0,0.283333,0.4211,-0.12,0.644322
volkan,1.0,42,42-164,0.358333,0.125,0.575,0.7,0.358333,0.183333,0.0,0.741066,1.24,1.147932
volkan,1.0,42,42-165,0.183333,0.308333,0.175,0.483333,0.375,0.016667,0.333333,0.424616,-0.64,0.81171
volkan,1.0,42,42-166,0.258333,0.075,0.55,0.625,0.258333,0.241667,0.0,0.764092,0.96,1.285534
volkan,1.0,42,42-167,0.483333,0.433333,0.425,0.858333,0.625,0.058333,0.0,0.650811,0.56,0.72196
volkan,1.0,42,42-168,0.366667,0.45,0.333333,0.783333,0.616667,0.033333,0.0,0.560593,0.24,0.567001
volkan,1.0,42,42-169,0.35,0.441667,0.308333,0.75,0.575,0.041667,0.0,0.570523,0.32,0.59526
volkan,1.0,42,42-170,0.3,0.358333,0.15,0.508333,0.391667,0.0,0.183333,0.466985,-0.2,0.65005
volkan,1.0,42,42-171,0.516667,0.333333,0.5,0.833333,0.591667,0.108333,0.0,0.667542,1.16,0.789086
volkan,1.0,42,42-172,0.308333,0.45,0.116667,0.566667,0.491667,0.0,0.116667,0.496265,-0.08,0.639546
volkan,1.0,42,42-173,0.175,0.208333,0.133333,0.341667,0.3,0.016667,0.458333,0.363457,-0.6,0.936687
volkan,1.0,42,42-174,0.183333,0.116667,0.133333,0.25,0.233333,0.041667,0.466667,0.367863,-0.56,1.0442
volkan,1.0,42,42-175,0.458333,0.45,0.4,0.85,0.65,0.033333,0.0,0.610849,0.52,0.612303
volkan,1.0,42,42-176,0.0,0.0,0.258333,0.258333,0.0,0.483333,0.0,0.846054,1.68,1.808885
volkan,1.0,42,42-177,0.475,0.458333,0.4,0.858333,0.658333,0.016667,0.0,0.62342,0.44,0.629703
volkan,1.0,42,42-178,0.441667,0.391667,0.325,0.716667,0.641667,0.075,0.033333,0.568002,0.08,0.633132
volkan,1.0,42,42-179,0.533333,0.391667,0.433333,0.825,0.633333,0.066667,0.0,0.646705,0.76,0.721966
volkan,1.0,42,42-180,0.125,0.0,0.4,0.4,0.125,0.366667,0.0,0.812617,1.56,1.577035
volkan,1.0,42,42-181,0.408333,0.466667,0.408333,0.875,0.633333,0.05,0.0,0.609128,0.4,0.643685
volkan,1.0,42,42-182,0.341667,0.325,0.291667,0.616667,0.566667,0.025,0.083333,0.503105,0.04,0.586152
volkan,1.0,42,42-183,0.2,0.016667,0.491667,0.508333,0.2,0.208333,0.0,0.782564,1.36,1.357878
volkan,1.0,42,42-184,0.533333,0.341667,0.516667,0.858333,0.666667,0.033333,0.0,0.656921,0.8,0.736684
volkan,1.0,42,42-185,0.008333,0.0,0.241667,0.241667,0.008333,0.533333,0.0,0.843723,1.8,1.781528
volkan,1.0,42,42-186,0.458333,0.458333,0.425,0.883333,0.666667,0.041667,0.0,0.618944,0.44,0.629089
volkan,1.0,42,42-187,0.183333,0.175,0.116667,0.291667,0.266667,0.008333,0.5,0.347637,-0.64,0.982362
volkan,1.0,42,42-188,0.2,0.166667,0.1,0.266667,0.25,0.008333,0.516667,0.341874,-0.64,1.008773
volkan,1.0,42,42-189,0.0,0.0,0.191667,0.191667,0.0,0.566667,0.0,0.858798,1.84,1.926053
volkan,1.0,42,42-190,0.0,0.0,0.158333,0.158333,0.0,0.6,0.0,0.865047,1.84,1.972102
volkan,1.0,42,42-191,0.408333,0.4,0.358333,0.758333,0.708333,0.058333,0.008333,0.554426,-0.04,0.597799
volkan,1.0,42,42-192,0.291667,0.375,0.258333,0.633333,0.533333,0.033333,0.108333,0.502264,0.48,0.598192
volkan,1.0,42,42-193,0.083333,0.0,0.316667,0.316667,0.083333,0.483333,0.0,0.833924,1.96,1.723491
volkan,1.0,42,42-194,0.166667,0.225,0.175,0.4,0.333333,0.008333,0.383333,0.390207,-0.56,0.852851
volkan,1.0,42,42-195,0.15,0.275,0.225,0.5,0.35,0.016667,0.283333,0.448595,-0.6,0.774657
volkan,1.0,42,42-196,0.491667,0.2,0.591667,0.791667,0.491667,0.108333,0.0,0.705031,1.16,0.936937
volkan,1.0,42,42-197,0.333333,0.4,0.191667,0.591667,0.525,0.041667,0.083333,0.510942,-0.16,0.618553
volkan,1.0,42,42-198,0.408333,0.525,0.35,0.875,0.708333,0.016667,0.0,0.56622,0.64,0.505512
volkan,1.0,42,42-199,0.366667,0.45,0.308333,0.758333,0.65,0.041667,0.0,0.549433,0.28,0.552347
volkan,1.0,137,137-0,0.125,0.333333,0.15,0.483333,0.391667,0.008333,0.341667,0.41863,-0.36,0.712289
volkan,1.0,137,137-1,0.308333,0.316667,0.125,0.441667,0.383333,0.0,0.225,0.436828,-0.12,0.675516
volkan,1.0,137,137-2,0.308333,0.35,0.116667,0.466667,0.391667,0.016667,0.216667,0.467551,-0.2,0.719269
volkan,1.0,137,137-3,0.366667,0.45,0.366667,0.816667,0.583333,0.058333,0.0,0.590272,0.4,0.608017
volkan,1.0,137,137-4,0.366667,0.4,0.108333,0.508333,0.475,0.016667,0.108333,0.481784,-0.04,0.587721
volkan,1.0,137,137-5,0.175,0.208333,0.2,0.408333,0.341667,0.0,0.375,0.399843,-0.8,0.822124
volkan,1.0,137,137-6,0.491667,0.466667,0.425,0.891667,0.683333,0.05,0.0,0.627501,0.48,0.663259
volkan,1.0,137,137-7,0.316667,0.341667,0.108333,0.45,0.366667,0.008333,0.216667,0.458752,-0.08,0.67404
volkan,1.0,137,137-8,0.075,0.141667,0.033333,0.175,0.166667,0.008333,0.691667,0.239849,-1.04,1.458878
volkan,1.0,137,137-9,0.0,0.0,0.075,0.075,0.0,0.75,0.0,0.885246,1.88,2.136925
volkan,1.0,137,137-10,0.0,0.0,0.2,0.2,0.0,0.575,0.0,0.853313,1.52,1.875046
volkan,1.0,137,137-11,0.1,0.291667,0.133333,0.425,0.366667,0.008333,0.441667,0.37358,-0.24,0.844563
volkan,1.0,137,137-12,0.341667,0.333333,0.325,0.658333,0.6,0.025,0.083333,0.503374,0.28,0.57059
volkan,1.0,137,137-13,0.35,0.433333,0.333333,0.766667,0.616667,0.091667,0.0,0.580062,0.24,0.639206
volkan,1.0,137,137-14,0.275,0.041667,0.575,0.616667,0.275,0.233333,0.0,0.764833,1.2,1.2923
volkan,1.0,137,137-15,0.025,0.025,0.016667,0.041667,0.041667,0.041667,0.808333,0.19225,-1.0,1.987325
volkan,1.0,137,137-16,0.1,0.333333,0.158333,0.491667,0.375,0.033333,0.316667,0.432454,-0.48,0.756008
volkan,1.0,137,137-17,0.5,0.483333,0.383333,0.866667,0.708333,0.033333,0.0,0.615092,0.68,0.620484
volkan,1.0,137,137-18,0.116667,0.208333,0.041667,0.25,0.233333,0.033333,0.65,0.290347,-1.08,1.344316
volkan,1.0,137,137-19,0.283333,0.35,0.108333,0.458333,0.375,0.008333,0.216667,0.45747,0.0,0.696106
volkan,1.0,137,137-20,0.383333,0.375,0.266667,0.641667,0.6,0.05,0.05,0.5165,0.2,0.592945
volkan,1.0,137,137-21,0.366667,0.316667,0.3,0.616667,0.566667,0.016667,0.05,0.511077,-0.08,0.590769
volkan,1.0,137,137-22,0.175,0.241667,0.141667,0.383333,0.333333,0.008333,0.383333,0.384759,-0.68,0.828457
volkan,1.0,137,137-23,0.225,0.016667,0.616667,0.633333,0.225,0.216667,0.0,0.773365,1.24,1.319118
volkan,1.0,137,137-24,0.308333,0.366667,0.116667,0.483333,0.441667,0.016667,0.208333,0.465665,-0.04,0.669281
volkan,1.0,137,137-25,0.408333,0.083333,0.616667,0.7,0.408333,0.158333,0.0,0.738007,0.64,1.128865
volkan,1.0,137,137-26,0.366667,0.425,0.25,0.675,0.625,0.041667,0.041667,0.523704,0.32,0.568849
volkan,1.0,137,137-27,0.475,0.483333,0.425,0.908333,0.65,0.05,0.0,0.622593,0.4,0.644969
volkan,1.0,137,137-28,0.383333,0.4,0.191667,0.591667,0.516667,0.008333,0.083333,0.510898,-0.32,0.604257
volkan,1.0,137,137-29,0.208333,0.016667,0.55,0.566667,0.208333,0.275,0.0,0.783782,0.84,1.406673
volkan,1.0,137,137-30,0.508333,0.425,0.425,0.85,0.633333,0.066667,0.0,0.647273,0.72,0.706394
volkan,1.0,137,137-31,0.116667,0.333333,0.15,0.483333,0.4,0.0,0.375,0.401279,-0.48,0.753498
volkan,1.0,137,137-32,0.4,0.191667,0.558333,0.75,0.4,0.125,0.0,0.720068,1.32,1.022848
volkan,1.0,137,137-33,0.0,0.0,0.0,0.0,0.0,1.0,0.0,0.941378,1.88,2.900701
volkan,1.0,137,137-34,0.125,0.233333,0.05,0.283333,0.258333,0.025,0.625,0.308827,-0.84,1.238558
volkan,1.0,137,137-35,0.358333,0.466667,0.3,0.766667,0.641667,0.041667,0.0,0.563485,0.24,0.55713
volkan,1.0,137,137-36,0.441667,0.483333,0.35,0.833333,0.625,0.033333,0.0,0.597216,0.56,0.613547
volkan,1.0,137,137-37,0.416667,0.383333,0.308333,0.691667,0.616667,0.083333,0.025,0.562177,0.04,0.632809
volkan,1.0,137,137-38,0.3,0.1,0.541667,0.641667,0.3,0.208333,0.0,0.752709,1.4,1.207799
volkan,1.0,137,137-39,0.366667,0.383333,0.316667,0.7,0.625,0.075,0.025,0.553153,0.04,0.631297
volkan,1.0,137,137-40,0.441667,0.125,0.616667,0.741667,0.441667,0.183333,0.0,0.729256,0.88,1.074508
volkan,1.0,137,137-41,0.45,0.158333,0.633333,0.791667,0.475,0.1,0.0,0.705236,1.2,0.940615
volkan,1.0,137,137-42,0.158333,0.258333,0.133333,0.391667,0.325,0.008333,0.375,0.391539,-0.48,0.80348
volkan,1.0,137,137-43,0.191667,0.225,0.166667,0.391667,0.341667,0.008333,0.383333,0.383624,-0.68,0.867874
volkan,1.0,137,137-44,0.0,0.0,0.191667,0.191667,0.0,0.675,0.0,0.874028,1.92,2.086198
volkan,1.0,137,137-45,0.358333,0.433333,0.333333,0.766667,0.683333,0.025,0.016667,0.543612,0.36,0.533991
volkan,1.0,137,137-46,0.441667,0.416667,0.425,0.841667,0.616667,0.041667,0.0,0.618164,0.44,0.659384
volkan,1.0,137,137-47,0.008333,0.0,0.241667,0.241667,0.008333,0.533333,0.0,0.844481,1.6,1.770537
volkan,1.0,137,137-48,0.508333,0.158333,0.641667,0.8,0.516667,0.075,0.0,0.697616,1.24,0.893146
volkan,1.0,137,137-49,0.341667,0.4,0.116667,0.516667,0.491667,0.0,0.158333,0.463992,0.12,0.604681
volkan,1.0,137,137-50,0.333333,0.333333,0.291667,0.625,0.566667,0.033333,0.1,0.513102,0.0,0.621361
volkan,1.0,137,137-51,0.216667,0.041667,0.525,0.566667,0.216667,0.241667,0.0,0.780722,1.36,1.390283
volkan,1.0,137,137-52,0.05,0.0,0.358333,0.358333,0.05,0.358333,0.0,0.817569,1.64,1.567939
volkan,1.0,137,137-53,0.366667,0.383333,0.3,0.683333,0.625,0.041667,0.025,0.527524,0.24,0.575721
volkan,1.0,137,137-54,0.041667,0.0,0.416667,0.416667,0.041667,0.341667,0.0,0.812367,1.56,1.534814
volkan,1.0,137,137-55,0.35,0.283333,0.266667,0.55,0.525,0.025,0.1,0.504784,0.08,0.61377
volkan,1.0,137,137-56,0.5,0.516667,0.4,0.916667,0.733333,0.041667,0.0,0.603339,1.0,0.551537
volkan,1.0,137,137-57,0.183333,0.225,0.108333,0.333333,0.283333,0.033333,0.441667,0.390428,-1.04,1.00965
volkan,1.0,137,137-58,0.391667,0.408333,0.3,0.708333,0.633333,0.066667,0.025,0.542435,0.16,0.594766
volkan,1.0,137,137-59,0.55,0.258333,0.525,0.783333,0.591667,0.058333,0.0,0.68053,0.84,0.827218
volkan,1.0,137,137-60,0.541667,0.375,0.45,0.825,0.633333,0.058333,0.0,0.655605,0.8,0.747482
volkan,1.0,137,137-61,0.5,0.125,0.608333,0.733333,0.5,0.116667,0.0,0.715506,0.92,0.997305
volkan,1.0,137,137-62,0.35,0.375,0.141667,0.516667,0.425,0.0,0.2,0.452263,-0.12,0.630842
volkan,1.0,137,137-63,0.35,0.366667,0.3,0.666667,0.558333,0.058333,0.025,0.544455,0.24,0.618042
volkan,1.0,137,137-64,0.358333,0.441667,0.325,0.766667,0.566667,0.041667,0.0,0.561648,0.28,0.575944
volkan,1.0,137,137-65,0.0,0.0,0.175,0.175,0.0,0.641667,0.0,0.863799,1.8,1.961271
volkan,1.0,137,137-66,0.175,0.166667,0.15,0.316667,0.283333,0.008333,0.433333,0.363184,-0.44,0.940007
volkan,1.0,137,137-67,0.35,0.308333,0.333333,0.641667,0.566667,0.058333,0.058333,0.526217,0.04,0.623209
volkan,1.0,137,137-68,0.35,0.441667,0.341667,0.783333,0.633333,0.041667,0.016667,0.568828,0.12,0.586551
volkan,1.0,137,137-69,0.0,0.0,0.0,0.0,0.0,1.0,0.0,0.961248,2.32,3.385892
volkan,1.0,137,137-70,0.433333,0.225,0.55,0.775,0.475,0.116667,0.0,0.700618,1.32,0.936569
volkan,1.0,137,137-71,0.391667,0.466667,0.325,0.791667,0.666667,0.041667,0.0,0.569935,0.24,0.572269
volkan,1.0,137,137-72,0.375,0.45,0.366667,0.816667,0.625,0.066667,0.0,0.593668,0.36,0.639429
volkan,1.0,137,137-73,0.166667,0.2,0.091667,0.291667,0.258333,0.025,0.616667,0.319792,-0.88,1.194814
volkan,1.0,137,137-74,0.375,0.391667,0.408333,0.8,0.591667,0.083333,0.0,0.616244,0.4,0.723424
volkan,1.0,137,137-75,0.108333,0.0,0.375,0.375,0.108333,0.341667,0.0,0.808551,1.76,1.526049
volkan,1.0,137,137-76,0.375,0.416667,0.375,0.791667,0.708333,0.025,0.008333,0.55138,0.12,0.548308
volkan,1.0,137,137-77,0.333333,0.383333,0.166667,0.55,0.475,0.016667,0.133333,0.490987,-0.12,0.618142
volkan,1.0,137,137-78,0.325,0.308333,0.316667,0.625,0.566667,0.05,0.083333,0.524265,0.12,0.618848
volkan,1.0,137,137-79,0.358333,0.1,0.583333,0.683333,0.358333,0.191667,0.0,0.743687,1.12,1.160341
volkan,1.0,137,137-80,0.491667,0.2,0.608333,0.808333,0.533333,0.091667,0.0,0.692343,1.16,0.879985
volkan,1.0,137,137-81,0.158333,0.041667,0.458333,0.5,0.158333,0.266667,0.0,0.789725,1.44,1.427599
volkan,1.0,137,137-82,0.45,0.5,0.416667,0.916667,0.675,0.033333,0.0,0.619265,0.44,0.632126
volkan,1.0,137,137-83,0.441667,0.175,0.633333,0.808333,0.441667,0.116667,0.0,0.715985,1.4,0.99844
volkan,1.0,137,137-84,0.15,0.375,0.15,0.525,0.433333,0.0,0.35,0.41194,-0.28,0.68173
volkan,1.0,137,137-85,0.45,0.441667,0.366667,0.808333,0.625,0.066667,0.0,0.604677,0.92,0.641443
volkan,1.0,137,137-86,0.166667,0.275,0.141667,0.416667,0.375,0.016667,0.416667,0.39019,-0.52,0.813997
volkan,1.0,137,137-87,0.3,0.366667,0.1,0.466667,0.425,0.0,0.216667,0.442196,0.04,0.648321
volkan,1.0,137,137-88,0.125,0.333333,0.141667,0.475,0.358333,0.0,0.333333,0.414378,-0.2,0.7197
volkan,1.0,137,137-89,0.358333,0.441667,0.291667,0.733333,0.625,0.066667,0.0,0.560938,0.28,0.594872
volkan,1.0,137,137-90,0.175,0.016667,0.491667,0.508333,0.175,0.3,0.0,0.788129,1.04,1.411818
volkan,1.0,137,137-91,0.625,0.425,0.466667,0.891667,0.666667,0.016667,0.0,0.648442,0.84,0.663519
volkan,1.0,137,137-92,0.133333,0.275,0.15,0.425,0.358333,0.0,0.441667,0.375886,-0.32,0.848768
volkan,1.0,137,137-93,0.491667,0.2,0.575,0.775,0.558333,0.091667,0.0,0.690783,1.08,0.889655
volkan,1.0,137,137-94,0.0,0.0,0.0,0.0,0.0,0.883333,0.0,0.908176,2.0,2.40575
volkan,1.0,137,137-95,0.116667,0.0,0.366667,0.366667,0.116667,0.341667,0.0,0.814131,1.4,1.576731
volkan,1.0,137,137-96,0.4,0.166667,0.591667,0.758333,0.416667,0.125,0.0,0.719189,1.24,1.020336
volkan,1.0,137,137-97,0.141667,0.0,0.458333,0.458333,0.141667,0.266667,0.0,0.795268,1.52,1.427262
volkan,1.0,137,137-98,0.15,0.0,0.433333,0.433333,0.15,0.333333,0.0,0.805296,1.44,1.533948
volkan,1.0,137,137-99,0.5,0.308333,0.483333,0.791667,0.608333,0.041667,0.0,0.6659,0.4,0.795778
volkan,1.0,137,137-100,0.375,0.35,0.308333,0.658333,0.591667,0.025,0.025,0.528515,0.16,0.582323
volkan,1.0,137,137-101,0.0,0.0,0.0,0.0,0.0,0.816667,0.0,0.899304,1.8,2.319107
volkan,1.0,137,137-102,0.508333,0.45,0.441667,0.891667,0.666667,0.041667,0.0,0.641828,0.72,0.679511
volkan,1.0,137,137-103,0.1,0.0,0.391667,0.391667,0.1,0.333333,0.0,0.810097,1.44,1.531895
volkan,1.0,137,137-104,0.408333,0.441667,0.35,0.791667,0.641667,0.058333,0.0,0.591765,0.4,0.627674
volkan,1.0,137,137-105,0.0,0.0,0.0,0.0,0.0,0.841667,0.0,0.905351,1.92,2.385223
volkan,1.0,137,137-106,0.025,0.05,0.016667,0.066667,0.05,0.0,0.85,0.148054,-1.64,2.270403
volkan,1.0,137,137-107,0.358333,0.35,0.308333,0.658333,0.6,0.05,0.058333,0.534166,0.0,0.623492
volkan,1.0,137,137-108,0.008333,0.033333,0.0,0.033333,0.033333,0.033333,0.866667,0.162326,-1.56,2.219851
volkan,1.0,137,137-109,0.0,0.0,0.183333,0.183333,0.0,0.633333,0.0,0.864113,1.52,1.974074
volkan,1.0,137,137-110,0.358333,0.425,0.075,0.5,0.475,0.0,0.133333,0.462901,0.0,0.581418
volkan,1.0,137,137-111,0.158333,0.0,0.45,0.45,0.158333,0.3,0.0,0.800634,1.76,1.46715
volkan,1.0,137,137-112,0.325,0.333333,0.175,0.508333,0.491667,0.025,0.116667,0.508508,-0.04,0.668062
volkan,1.0,137,137-113,0.375,0.391667,0.108333,0.5,0.45,0.0,0.15,0.457189,-0.16,0.599205
volkan,1.0,137,137-114,0.366667,0.333333,0.308333,0.641667,0.591667,0.066667,0.083333,0.52232,0.12,0.616435
volkan,1.0,137,137-115,0.391667,0.391667,0.341667,0.733333,0.691667,0.025,0.041667,0.534414,0.12,0.565131
volkan,1.0,137,137-116,0.125,0.0,0.466667,0.466667,0.125,0.275,0.0,0.801839,1.36,1.477776
volkan,1.0,137,137-117,0.333333,0.4,0.083333,0.483333,0.416667,0.0,0.166667,0.453213,0.0,0.613545
volkan,1.0,137,137-118,0.091667,0.216667,0.016667,0.233333,0.216667,0.016667,0.683333,0.274853,-0.96,1.323335
volkan,1.0,137,137-119,0.375,0.4,0.275,0.675,0.625,0.041667,0.083333,0.519041,0.28,0.606586
volkan,1.0,137,137-120,0.0,0.0,0.108333,0.108333,0.0,0.725,0.0,0.888601,1.92,2.197575
volkan,1.0,137,137-121,0.0,0.0,0.0,0.0,0.0,0.883333,0.0,0.911103,1.96,2.446673
volkan,1.0,137,137-122,0.366667,0.425,0.433333,0.858333,0.566667,0.066667,0.0,0.618331,0.12,0.688103
volkan,1.0,137,137-123,0.2,0.166667,0.141667,0.308333,0.266667,0.008333,0.441667,0.363191,-0.72,0.968485
volkan,1.0,137,137-124,0.175,0.191667,0.058333,0.25,0.233333,0.016667,0.625,0.310879,-0.8,1.146215
volkan,1.0,137,137-125,0.441667,0.483333,0.391667,0.875,0.625,0.058333,0.0,0.599874,0.36,0.5937
volkan,1.0,137,137-126,0.475,0.475,0.383333,0.858333,0.683333,0.05,0.0,0.631224,0.56,0.684222
volkan,1.0,137,137-127,0.158333,0.35,0.15,0.5,0.408333,0.016667,0.316667,0.4248,-0.32,0.744362
volkan,1.0,137,137-128,0.4,0.408333,0.308333,0.716667,0.65,0.058333,0.0,0.547015,0.28,0.561765
volkan,1.0,137,137-129,0.275,0.066667,0.541667,0.608333,0.275,0.216667,0.0,0.769125,1.44,1.294718
volkan,1.0,137,137-130,0.416667,0.4,0.333333,0.733333,0.65,0.041667,0.0,0.564369,0.08,0.602715
volkan,1.0,137,137-131,0.375,0.316667,0.333333,0.65,0.591667,0.075,0.041667,0.543891,-0.08,0.62798
volkan,1.0,137,137-132,0.508333,0.233333,0.541667,0.775,0.55,0.075,0.0,0.69057,0.64,0.879013
volkan,1.0,137,137-133,0.166667,0.175,0.158333,0.333333,0.283333,0.025,0.425,0.385008,-0.44,0.921812
volkan,1.0,137,137-134,0.441667,0.425,0.416667,0.841667,0.633333,0.05,0.0,0.622368,0.48,0.690125
volkan,1.0,137,137-135,0.55,0.416667,0.441667,0.858333,0.691667,0.025,0.0,0.639576,0.68,0.667067
volkan,1.0,137,137-136,0.4,0.458333,0.375,0.833333,0.616667,0.05,0.0,0.588058,0.32,0.590013
volkan,1.0,137,137-137,0.391667,0.258333,0.4,0.658333,0.591667,0.041667,0.008333,0.548384,-0.24,0.60238
volkan,1.0,137,137-138,0.383333,0.483333,0.35,0.833333,0.608333,0.025,0.0,0.58975,0.44,0.582372
volkan,1.0,137,137-139,0.2,0.0,0.6,0.6,0.2,0.241667,0.0,0.776973,1.2,1.34641
volkan,1.0,137,137-140,0.025,0.083333,0.0,0.083333,0.083333,0.041667,0.791667,0.207591,-1.2,1.829308
volkan,1.0,137,137-141,0.283333,0.025,0.625,0.65,0.283333,0.191667,0.0,0.761239,1.24,1.238887
volkan,1.0,137,137-142,0.333333,0.416667,0.316667,0.733333,0.566667,0.058333,0.0,0.578,0.16,0.60999
volkan,1.0,137,137-143,0.341667,0.4,0.116667,0.516667,0.458333,0.016667,0.158333,0.487228,-0.2,0.679314
volkan,1.0,137,137-144,0.508333,0.483333,0.433333,0.916667,0.708333,0.041667,0.0,0.614908,0.84,0.599987
volkan,1.0,137,137-145,0.516667,0.241667,0.5,0.741667,0.516667,0.141667,0.0,0.702296,0.64,0.949661
volkan,1.0,137,137-146,0.341667,0.066667,0.566667,0.633333,0.341667,0.225,0.0,0.75425,1.44,1.216663
volkan,1.0,137,137-147,0.375,0.366667,0.258333,0.625,0.566667,0.025,0.091667,0.504727,-0.04,0.582844
volkan,1.0,137,137-148,0.266667,0.35,0.166667,0.516667,0.425,0.016667,0.25,0.458118,-0.36,0.673934
volkan,1.0,137,137-149,0.441667,0.533333,0.366667,0.9,0.7,0.0,0.0,0.572297,0.68,0.484512
volkan,1.0,137,137-150,0.208333,0.275,0.191667,0.466667,0.4,0.0,0.35,0.418904,-0.6,0.737053
volkan,1.0,137,137-151,0.0,0.0,0.175,0.175,0.0,0.633333,0.0,0.86038,1.52,1.905017
volkan,1.0,137,137-152,0.0,0.0,0.0,0.0,0.0,1.0,0.0,0.978158,2.28,3.98964
volkan,1.0,137,137-153,0.133333,0.341667,0.141667,0.483333,0.408333,0.016667,0.308333,0.421968,-0.48,0.688525
volkan,1.0,137,137-154,0.0,0.0,0.158333,0.158333,0.0,0.625,0.0,0.865534,1.4,1.97213
volkan,1.0,137,137-155,0.483333,0.158333,0.591667,0.75,0.483333,0.1,0.0,0.708222,1.08,0.952258
volkan,1.0,137,137-156,0.4,0.45,0.375,0.825,0.6,0.025,0.0,0.57871,0.48,0.57509
volkan,1.0,137,137-157,0.258333,0.066667,0.616667,0.683333,0.258333,0.191667,0.0,0.756253,1.28,1.216649
volkan,1.0,137,137-158,0.25,0.033333,0.65,0.683333,0.25,0.175,0.0,0.759733,1.28,1.229499
volkan,1.0,137,137-159,0.475,0.416667,0.425,0.841667,0.65,0.066667,0.0,0.644908,0.64,0.754328
volkan,1.0,137,137-160,0.241667,0.375,0.108333,0.483333,0.425,0.016667,0.183333,0.446783,0.4,0.637506
volkan,1.0,137,137-161,0.466667,0.491667,0.408333,0.9,0.666667,0.033333,0.0,0.617337,0.48,0.613918
volkan,1.0,137,137-162,0.15,0.241667,0.158333,0.4,0.341667,0.016667,0.433333,0.38517,-0.44,0.835026
volkan,1.0,137,137-163,0.541667,0.2,0.591667,0.791667,0.55,0.091667,0.0,0.702851,1.2,0.934221
volkan,1.0,137,137-164,0.408333,0.408333,0.35,0.758333,0.683333,0.041667,0.025,0.547008,0.08,0.607587
volkan,1.0,137,137-165,0.191667,0.016667,0.525,0.541667,0.191667,0.233333,0.0,0.781191,1.12,1.371598
volkan,1.0,137,137-166,0.458333,0.466667,0.383333,0.85,0.683333,0.016667,0.0,0.597208,0.68,0.581556
volkan,1.0,137,137-167,0.391667,0.425,0.275,0.7,0.616667,0.1,0.0,0.566079,0.16,0.664402
volkan,1.0,137,137-168,0.316667,0.358333,0.091667,0.45,0.408333,0.0,0.266667,0.421716,0.08,0.65601
volkan,1.0,137,137-169,0.591667,0.291667,0.516667,0.808333,0.616667,0.05,0.0,0.672572,1.12,0.783263
volkan,1.0,137,137-170,0.475,0.425,0.425,0.85,0.641667,0.041667,0.0,0.634365,0.76,0.668215
volkan,1.0,137,137-171,0.383333,0.358333,0.35,0.708333,0.616667,0.058333,0.016667,0.544345,0.08,0.597221
volkan,1.0,137,137-172,0.391667,0.425,0.366667,0.791667,0.558333,0.058333,0.0,0.589187,0.4,0.626381
volkan,1.0,137,137-173,0.266667,0.033333,0.633333,0.666667,0.266667,0.166667,0.0,0.757765,1.32,1.206071
volkan,1.0,137,137-174,0.366667,0.358333,0.333333,0.691667,0.641667,0.041667,0.091667,0.525483,0.12,0.613812
volkan,1.0,137,137-175,0.133333,0.325,0.141667,0.466667,0.375,0.008333,0.341667,0.41146,-0.52,0.761292
volkan,1.0,137,137-176,0.408333,0.141667,0.583333,0.725,0.45,0.133333,0.0,0.71626,1.0,1.002501
volkan,1.0,137,137-177,0.416667,0.416667,0.425,0.841667,0.591667,0.05,0.0,0.636499,0.36,0.715628
volkan,1.0,137,137-178,0.166667,0.133333,0.116667,0.25,0.225,0.016667,0.466667,0.348995,-0.6,1.044795
volkan,1.0,137,137-179,0.0,0.0,0.0,0.0,0.0,1.0,0.0,0.950107,2.08,3.070969
volkan,1.0,137,137-180,0.283333,0.341667,0.225,0.566667,0.533333,0.025,0.15,0.47449,0.32,0.598501
volkan,1.0,137,137-181,0.383333,0.433333,0.341667,0.775,0.633333,0.041667,0.0,0.566779,0.16,0.565911
volkan,1.0,137,137-182,0.166667,0.216667,0.083333,0.3,0.291667,0.025,0.566667,0.330731,-1.04,1.120557
volkan,1.0,137,137-183,0.375,0.416667,0.316667,0.733333,0.608333,0.05,0.0,0.560181,0.2,0.580975
volkan,1.0,137,137-184,0.4,0.358333,0.158333,0.516667,0.458333,0.0,0.191667,0.460501,-0.28,0.592765
volkan,1.0,137,137-185,0.375,0.416667,0.108333,0.525,0.475,0.0,0.116667,0.490351,-0.32,0.629403
volkan,1.0,137,137-186,0.2,0.166667,0.175,0.341667,0.291667,0.008333,0.425,0.377004,-0.64,0.934503
volkan,1.0,137,137-187,0.325,0.416667,0.266667,0.683333,0.575,0.008333,0.075,0.493787,0.52,0.523698
volkan,1.0,137,137-188,0.366667,0.333333,0.225,0.558333,0.516667,0.008333,0.133333,0.477781,0.0,0.582464
volkan,1.0,137,137-189,0.308333,0.358333,0.1,0.458333,0.391667,0.0,0.216667,0.458382,-0.12,0.655798
volkan,1.0,137,137-190,0.283333,0.383333,0.133333,0.516667,0.433333,0.008333,0.183333,0.48548,-0.4,0.663327
volkan,1.0,137,137-191,0.175,0.133333,0.15,0.283333,0.25,0.025,0.458333,0.360669,-0.52,1.050587
volkan,1.0,137,137-192,0.075,0.166667,0.033333,0.2,0.191667,0.016667,0.683333,0.264147,-0.88,1.373994
volkan,1.0,137,137-193,0.291667,0.4,0.083333,0.483333,0.458333,0.0,0.183333,0.460747,0.04,0.648153
volkan,1.0,137,137-194,0.0,0.0,0.125,0.125,0.0,0.7,0.0,0.878312,1.92,2.103768
volkan,1.0,137,137-195,0.55,0.308333,0.491667,0.8,0.608333,0.058333,0.0,0.672011,1.0,0.795627
volkan,1.0,137,137-196,0.333333,0.391667,0.2,0.591667,0.508333,0.033333,0.091667,0.506543,-0.08,0.632284
volkan,1.0,137,137-197,0.166667,0.166667,0.141667,0.308333,0.266667,0.0,0.408333,0.366776,-0.6,0.871984
volkan,1.0,137,137-198,0.433333,0.391667,0.333333,0.725,0.641667,0.083333,0.008333,0.569281,-0.08,0.629164
volkan,1.0,137,137-199,0.416667,0.466667,0.4,0.866667,0.616667,0.041667,0.0,0.595388,0.36,0.58104
volkan,1.0,369,369-0,0.558333,0.491667,0.416667,0.908333,0.716667,0.025,0.0,0.6251,0.68,0.628597
volkan,1.0,369,369-1,0.383333,0.5,0.35,0.85,0.666667,0.025,0.0,0.574129,0.64,0.540992
volkan,1.0,369,369-2,0.141667,0.0,0.458333,0.458333,0.141667,0.3,0.0,0.80242,1.32,1.515499
volkan,1.0,369,369-3,0.216667,0.375,0.141667,0.516667,0.441667,0.008333,0.225,0.463313,-0.4,0.663932
volkan,1.0,369,369-4,0.433333,0.475,0.383333,0.858333,0.616667,0.041667,0.0,0.63247,0.52,0.685962
volkan,1.0,369,369-5,0.483333,0.433333,0.433333,0.866667,0.683333,0.058333,0.0,0.627364,0.68,0.673895
volkan,1.0,369,369-6,0.183333,0.358333,0.183333,0.541667,0.416667,0.016667,0.241667,0.45275,-0.48,0.699019
volkan,1.0,369,369-7,0.458333,0.491667,0.366667,0.858333,0.65,0.05,0.0,0.625815,0.64,0.654814
volkan,1.0,369,369-8,0.375,0.458333,0.391667,0.85,0.583333,0.058333,0.0,0.59703,0.28,0.658122
volkan,1.0,369,369-9,0.0,0.0,0.066667,0.066667,0.0,0.716667,0.0,0.886692,2.0,2.178801
volkan,1.0,369,369-10,0.475,0.091667,0.675,0.766667,0.475,0.108333,0.0,0.724814,1.16,1.037492
volkan,1.0,369,369-11,0.016667,0.033333,0.016667,0.05,0.033333,0.016667,0.883333,0.13276,-1.96,2.600828
volkan,1.0,369,369-12,0.333333,0.4,0.166667,0.566667,0.516667,0.008333,0.1,0.488056,0.04,0.589682
volkan,1.0,369,369-13,0.441667,0.491667,0.366667,0.858333,0.666667,0.041667,0.0,0.604195,0.72,0.605521
volkan,1.0,369,369-14,0.008333,0.058333,0.0,0.058333,0.058333,0.0,0.875,0.136996,-1.64,2.27412
volkan,1.0,369,369-15,0.033333,0.066667,0.025,0.091667,0.083333,0.033333,0.766667,0.202024,-1.72,2.004945
volkan,1.0,369,369-16,0.466667,0.483333,0.416667,0.9,0.675,0.025,0.0,0.609071,0.64,0.599255
volkan,1.0,369,369-17,0.116667,0.166667,0.058333,0.225,0.208333,0.025,0.65,0.289761,-0.92,1.310136
volkan,1.0,369,369-18,0.066667,0.0,0.333333,0.333333,0.066667,0.416667,0.0,0.82447,1.76,1.628296
volkan,1.0,369,369-19,0.291667,0.341667,0.158333,0.5,0.425,0.0,0.208333,0.464602,-0.32,0.63152
volkan,1.0,369,369-20,0.375,0.475,0.35,0.825,0.683333,0.008333,0.0,0.542858,0.48,0.485314
volkan,1.0,369,369-21,0.233333,0.05,0.558333,0.608333,0.233333,0.233333,0.0,0.771594,1.36,1.31648
volkan,1.0,369,369-22,0.366667,0.275,0.366667,0.641667,0.583333,0.008333,0.058333,0.512272,0.04,0.558386
volkan,1.0,369,369-23,0.183333,0.0,0.566667,0.566667,0.183333,0.191667,0.0,0.778539,1.44,1.329215
volkan,1.0,369,369-24,0.333333,0.391667,0.133333,0.525,0.475,0.05,0.116667,0.504513,-0.28,0.726604
volkan,1.0,369,369-25,0.316667,0.325,0.241667,0.566667,0.525,0.008333,0.125,0.483578,0.2,0.590995
volkan,1.0,369,369-26,0.2,0.0,0.575,0.575,0.2,0.208333,0.0,0.780475,1.28,1.353088
volkan,1.0,369,369-27,0.308333,0.333333,0.183333,0.516667,0.475,0.041667,0.125,0.505912,-0.12,0.730458
volkan,1.0,369,369-28,0.083333,0.35,0.141667,0.491667,0.4,0.008333,0.408333,0.39853,-0.28,0.744836
volkan,1.0,369,369-29,0.525,0.525,0.366667,0.891667,0.725,0.025,0.0,0.609589,0.8,0.584216
volkan,1.0,369,369-30,0.508333,0.291667,0.491667,0.783333,0.558333,0.075,0.0,0.682455,0.72,0.850685
volkan,1.0,369,369-31,0.358333,0.441667,0.316667,0.758333,0.616667,0.05,0.0,0.566585,0.28,0.585266
volkan,1.0,369,369-32,0.358333,0.35,0.166667,0.516667,0.491667,0.025,0.108333,0.494537,-0.08,0.619486
volkan,1.0,369,369-33,0.066667,0.141667,0.05,0.191667,0.158333,0.008333,0.716667,0.253709,-0.8,1.459497
volkan,1.0,369,369-34,0.325,0.391667,0.116667,0.508333,0.45,0.016667,0.141667,0.466877,0.12,0.580699
volkan,1.0,369,369-35,0.383333,0.425,0.333333,0.758333,0.6,0.033333,0.0,0.559,0.44,0.574966
volkan,1.0,369,369-36,0.308333,0.383333,0.175,0.558333,0.516667,0.008333,0.141667,0.486166,0.0,0.661683
volkan,1.0,369,369-37,0.45,0.216667,0.55,0.766667,0.475,0.116667,0.0,0.700706,1.24,0.929294
volkan,1.0,369,369-38,0.408333,0.516667,0.358333,0.875,0.658333,0.016667,0.0,0.573595,0.52,0.524356
volkan,1.0,369,369-39,0.458333,0.341667,0.5,0.841667,0.625,0.108333,0.0,0.657421,1.04,0.774843
volkan,1.0,369,369-40,0.491667,0.291667,0.483333,0.775,0.558333,0.091667,0.0,0.684952,0.6,0.866131
volkan,1.0,369,369-41,0.333333,0.358333,0.125,0.483333,0.433333,0.0,0.183333,0.459795,0.0,0.619843
volkan,1.0,369,369-42,0.341667,0.375,0.141667,0.516667,0.425,0.0,0.15,0.482401,-0.24,0.63449
volkan,1.0,369,369-43,0.233333,0.175,0.2,0.375,0.35,0.033333,0.408333,0.399141,-0.68,0.943299
volkan,1.0,369,369-44,0.275,0.383333,0.133333,0.516667,0.441667,0.008333,0.233333,0.453985,-0.24,0.671517
volkan,1.0,369,369-45,0.416667,0.416667,0.333333,0.75,0.675,0.075,0.0,0.572134,0.0,0.61326
volkan,1.0,369,369-46,0.525,0.35,0.5,0.85,0.608333,0.075,0.0,0.667392,0.56,0.797824
volkan,1.0,369,369-47,0.158333,0.308333,0.2,0.508333,0.4,0.016667,0.308333,0.45008,-0.56,0.754951
volkan,1.0,369,369-48,0.375,0.45,0.366667,0.816667,0.583333,0.041667,0.0,0.595173,0.24,0.615169
volkan,1.0,369,369-49,0.175,0.15,0.1,0.25,0.241667,0.016667,0.575,0.323402,-0.76,1.083466
volkan,1.0,369,369-50,0.15,0.183333,0.15,0.333333,0.266667,0.016667,0.375,0.382312,-0.68,0.888816
volkan,1.0,369,369-51,0.5,0.416667,0.4,0.816667,0.691667,0.058333,0.0,0.628187,0.84,0.695395
volkan,1.0,369,369-52,0.025,0.0,0.35,0.35,0.025,0.491667,0.0,0.830622,1.92,1.681524
volkan,1.0,369,369-53,0.475,0.183333,0.55,0.733333,0.483333,0.141667,0.0,0.71687,0.76,1.012284
volkan,1.0,369,369-54,0.35,0.366667,0.091667,0.458333,0.425,0.0,0.166667,0.46413,-0.12,0.628259
volkan,1.0,369,369-55,0.366667,0.075,0.666667,0.741667,0.366667,0.15,0.0,0.735221,1.24,1.101024
volkan,1.0,369,369-56,0.458333,0.466667,0.416667,0.883333,0.658333,0.033333,0.0,0.622043,0.4,0.643236
volkan,1.0,369,369-57,0.358333,0.4,0.108333,0.508333,0.433333,0.025,0.116667,0.492143,-0.24,0.677905
volkan,1.0,369,369-58,0.175,0.183333,0.191667,0.375,0.3,0.058333,0.325,0.430207,-0.8,0.982169
volkan,1.0,369,369-59,0.458333,0.466667,0.391667,0.858333,0.683333,0.058333,0.0,0.614162,0.52,0.652019
volkan,1.0,369,369-60,0.375,0.4,0.316667,0.716667,0.683333,0.025,0.083333,0.4984,0.16,0.556912
volkan,1.0,369,369-61,0.133333,0.183333,0.05,0.233333,0.216667,0.016667,0.641667,0.28846,-0.96,1.266579
volkan,1.0,369,369-62,0.441667,0.483333,0.433333,0.916667,0.616667,0.041667,0.0,0.630396,0.32,0.652695
volkan,1.0,369,369-63,0.166667,0.216667,0.075,0.291667,0.266667,0.025,0.55,0.328475,-1.08,1.180579
volkan,1.0,369,369-64,0.35,0.4,0.133333,0.533333,0.516667,0.0,0.15,0.475258,0.0,0.596582
volkan,1.0,369,369-65,0.425,0.1,0.633333,0.733333,0.425,0.133333,0.0,0.733908,1.12,1.088562
volkan,1.0,369,369-66,0.175,0.258333,0.183333,0.441667,0.358333,0.016667,0.333333,0.414173,-0.64,0.793254
volkan,1.0,369,369-67,0.216667,0.033333,0.566667,0.6,0.216667,0.191667,0.0,0.769556,1.32,1.296512
volkan,1.0,369,369-68,0.525,0.175,0.583333,0.758333,0.525,0.091667,0.0,0.702783,0.8,0.924582
volkan,1.0,369,369-69,0.15,0.166667,0.116667,0.283333,0.266667,0.0,0.441667,0.342068,-0.48,0.941615
volkan,1.0,369,369-70,0.15,0.008333,0.575,0.583333,0.15,0.233333,0.0,0.785874,1.36,1.373658
volkan,1.0,369,369-71,0.3,0.383333,0.141667,0.525,0.483333,0.016667,0.1,0.495782,-0.08,0.645113
volkan,1.0,369,369-72,0.208333,0.325,0.183333,0.508333,0.383333,0.016667,0.241667,0.465812,-0.44,0.740451
volkan,1.0,369,369-73,0.525,0.325,0.491667,0.816667,0.616667,0.083333,0.0,0.669151,0.68,0.809959
volkan,1.0,369,369-74,0.025,0.0,0.275,0.275,0.025,0.433333,0.0,0.839595,1.44,1.741052
volkan,1.0,369,369-75,0.516667,0.208333,0.616667,0.825,0.541667,0.075,0.0,0.686545,1.24,0.845343
volkan,1.0,369,369-76,0.416667,0.466667,0.366667,0.833333,0.625,0.041667,0.0,0.604479,0.52,0.638564
volkan,1.0,369,369-77,0.541667,0.308333,0.475,0.783333,0.591667,0.058333,0.0,0.676413,0.76,0.816511
volkan,1.0,369,369-78,0.45,0.116667,0.6,0.716667,0.45,0.141667,0.0,0.729884,1.12,1.075727
volkan,1.0,369,369-79,0.0,0.0,0.0,0.0,0.0,0.875,0.0,0.909893,2.04,2.415979
volkan,1.0,369,369-80,0.516667,0.241667,0.55,0.791667,0.541667,0.075,0.0,0.690595,0.84,0.875769
volkan,1.0,369,369-81,0.408333,0.483333,0.4,0.883333,0.641667,0.041667,0.0,0.606547,0.36,0.620696
volkan,1.0,369,369-82,0.116667,0.0,0.508333,0.508333,0.116667,0.3,0.0,0.798145,1.16,1.45839
volkan,1.0,369,369-83,0.291667,0.358333,0.141667,0.5,0.408333,0.0,0.233333,0.451617,-0.24,0.627157
volkan,1.0,369,369-84,0.166667,0.0,0.533333,0.533333,0.166667,0.208333,0.0,0.787149,1.6,1.381252
volkan,1.0,369,369-85,0.0,0.0,0.058333,0.058333,0.0,0.783333,0.0,0.901384,2.12,2.34828
volkan,1.0,369,369-86,0.191667,0.358333,0.133333,0.491667,0.4,0.008333,0.308333,0.42813,-0.32,0.705409
volkan,1.0,369,369-87,0.441667,0.1,0.666667,0.766667,0.441667,0.1,0.0,0.722879,1.28,1.014922
volkan,1.0,369,369-88,0.35,0.1,0.658333,0.758333,0.35,0.133333,0.0,0.737365,1.44,1.095675
volkan,1.0,369,369-89,0.2,0.2,0.158333,0.358333,0.35,0.016667,0.425,0.378528,-0.56,0.895546
volkan,1.0,369,369-90,0.083333,0.158333,0.05,0.208333,0.2,0.05,0.675,0.278074,-1.16,1.51622
volkan,1.0,369,369-91,0.0,0.0,0.0,0.0,0.0,1.0,0.0,0.950943,2.2,3.116408
volkan,1.0,369,369-92,0.066667,0.141667,0.058333,0.2,0.166667,0.025,0.675,0.257268,-1.2,1.552206
volkan,1.0,369,369-93,0.066667,0.0,0.275,0.275,0.066667,0.416667,0.0,0.82865,1.6,1.644454
volkan,1.0,369,369-94,0.0,0.0,0.125,0.125,0.0,0.666667,0.0,0.868978,1.72,1.971649
volkan,1.0,369,369-95,0.133333,0.208333,0.175,0.383333,0.291667,0.008333,0.425,0.388461,-0.56,0.892751
volkan,1.0,369,369-96,0.316667,0.35,0.233333,0.583333,0.541667,0.016667,0.141667,0.480484,0.24,0.610932
volkan,1.0,369,369-97,0.075,0.175,0.016667,0.191667,0.175,0.041667,0.666667,0.280537,-1.04,1.399183
volkan,1.0,369,369-98,0.366667,0.391667,0.108333,0.5,0.45,0.008333,0.158333,0.468776,-0.16,0.620745
volkan,1.0,369,369-99,0.041667,0.083333,0.008333,0.091667,0.091667,0.041667,0.766667,0.20359,-1.44,1.934832
volkan,1.0,369,369-100,0.0,0.0,0.0,0.0,0.0,0.983333,0.0,0.928073,2.28,2.70915
volkan,1.0,369,369-101,0.233333,0.316667,0.141667,0.458333,0.4,0.0,0.25,0.430763,-0.24,0.681651
volkan,1.0,369,369-102,0.325,0.425,0.108333,0.533333,0.5,0.0,0.083333,0.501222,-0.16,0.622847
volkan,1.0,369,369-103,0.075,0.125,0.033333,0.158333,0.15,0.033333,0.666667,0.254536,-0.96,1.519412
volkan,1.0,369,369-104,0.366667,0.083333,0.666667,0.75,0.366667,0.125,0.0,0.73833,1.4,1.098945
volkan,1.0,369,369-105,0.458333,0.466667,0.4,0.866667,0.65,0.083333,0.0,0.634041,0.76,0.665747
volkan,1.0,369,369-106,0.258333,0.05,0.583333,0.633333,0.258333,0.241667,0.0,0.771933,1.2,1.313827
volkan,1.0,369,369-107,0.408333,0.475,0.383333,0.858333,0.658333,0.075,0.0,0.617831,0.32,0.671963
volkan,1.0,369,369-108,0.366667,0.425,0.316667,0.741667,0.65,0.033333,0.008333,0.540295,0.2,0.563923
volkan,1.0,369,369-109,0.358333,0.425,0.358333,0.783333,0.6,0.033333,0.025,0.55665,0.32,0.558564
volkan,1.0,369,369-110,0.0,0.0,0.125,0.125,0.0,0.666667,0.0,0.876931,1.6,2.102245
volkan,1.0,369,369-111,0.491667,0.308333,0.45,0.758333,0.6,0.083333,0.0,0.677933,0.56,0.850236
volkan,1.0,369,369-112,0.15,0.266667,0.225,0.491667,0.408333,0.008333,0.408333,0.406082,-0.4,0.808356
volkan,1.0,369,369-113,0.533333,0.475,0.4,0.875,0.683333,0.066667,0.0,0.634969,0.72,0.676094
volkan,1.0,369,369-114,0.433333,0.458333,0.391667,0.85,0.616667,0.05,0.0,0.622734,0.52,0.67452
volkan,1.0,369,369-115,0.341667,0.375,0.091667,0.466667,0.408333,0.008333,0.183333,0.454132,-0.08,0.64834
volkan,1.0,369,369-116,0.375,0.475,0.35,0.825,0.633333,0.033333,0.0,0.569815,0.44,0.543425
volkan,1.0,369,369-117,0.208333,0.225,0.241667,0.466667,0.366667,0.016667,0.333333,0.430349,-0.76,0.863371
volkan,1.0,369,369-118,0.3,0.075,0.558333,0.633333,0.3,0.216667,0.0,0.758997,1.28,1.250223
volkan,1.0,369,369-119,0.391667,0.108333,0.616667,0.725,0.391667,0.158333,0.0,0.731404,1.04,1.091291
volkan,1.0,369,369-120,0.166667,0.191667,0.033333,0.225,0.225,0.016667,0.591667,0.306151,-0.76,1.10416
volkan,1.0,369,369-121,0.191667,0.158333,0.158333,0.316667,0.275,0.025,0.483333,0.365623,-0.96,1.042852
volkan,1.0,369,369-122,0.308333,0.05,0.616667,0.666667,0.308333,0.175,0.0,0.754349,1.32,1.206246
volkan,1.0,369,369-123,0.091667,0.0,0.35,0.35,0.091667,0.383333,0.0,0.82113,1.52,1.622494
volkan,1.0,369,369-124,0.083333,0.15,0.041667,0.191667,0.175,0.008333,0.7,0.235171,-1.24,1.545296
volkan,1.0,369,369-125,0.225,0.0,0.566667,0.566667,0.225,0.2,0.0,0.774875,1.48,1.317127
volkan,1.0,369,369-126,0.45,0.141667,0.633333,0.775,0.458333,0.133333,0.0,0.713052,1.16,0.983675
volkan,1.0,369,369-127,0.108333,0.0,0.475,0.475,0.108333,0.375,0.0,0.810827,1.4,1.56789
volkan,1.0,369,369-128,0.583333,0.383333,0.491667,0.875,0.65,0.033333,0.0,0.651249,0.72,0.691945
volkan,1.0,369,369-129,0.0,0.0,0.083333,0.083333,0.0,0.75,0.0,0.889881,2.0,2.226064
volkan,1.0,369,369-130,0.458333,0.191667,0.55,0.741667,0.458333,0.141667,0.0,0.719412,1.0,1.023996
volkan,1.0,369,369-131,0.508333,0.291667,0.525,0.816667,0.575,0.083333,0.0,0.679098,0.84,0.839365
volkan,1.0,369,369-132,0.541667,0.308333,0.508333,0.816667,0.616667,0.083333,0.0,0.670285,0.96,0.797586
volkan,1.0,369,369-133,0.166667,0.158333,0.125,0.283333,0.241667,0.0,0.608333,0.317569,-0.92,1.131742
volkan,1.0,369,369-134,0.491667,0.45,0.441667,0.891667,0.691667,0.05,0.0,0.615801,1.08,0.608811
volkan,1.0,369,369-135,0.0,0.0,0.0,0.0,0.0,0.841667,0.0,0.911324,1.96,2.478609
volkan,1.0,369,369-136,0.041667,0.0,0.3,0.3,0.041667,0.483333,0.0,0.833352,1.8,1.702674
volkan,1.0,369,369-137,0.233333,0.35,0.116667,0.466667,0.408333,0.008333,0.283333,0.444321,-0.24,0.70149
volkan,1.0,369,369-138,0.175,0.041667,0.5,0.541667,0.175,0.2,0.0,0.775319,1.56,1.331619
volkan,1.0,369,369-139,0.55,0.333333,0.491667,0.825,0.608333,0.075,0.0,0.670044,1.08,0.783913
volkan,1.0,369,369-140,0.125,0.183333,0.091667,0.275,0.25,0.008333,0.575,0.311356,-0.96,1.16051
volkan,1.0,369,369-141,0.341667,0.325,0.208333,0.533333,0.491667,0.0,0.125,0.469312,0.12,0.571993
volkan,1.0,369,369-142,0.1,0.191667,0.075,0.266667,0.216667,0.025,0.616667,0.302776,-1.12,1.328629
volkan,1.0,369,369-143,0.25,0.033333,0.633333,0.666667,0.25,0.2,0.0,0.762325,1.32,1.253144
volkan,1.0,369,369-144,0.383333,0.425,0.3,0.725,0.691667,0.033333,0.016667,0.528455,0.2,0.542501
volkan,1.0,369,369-145,0.191667,0.175,0.158333,0.333333,0.3,0.016667,0.433333,0.37699,-0.84,0.938282
volkan,1.0,369,369-146,0.525,0.4,0.441667,0.841667,0.65,0.066667,0.0,0.650123,0.84,0.720958
volkan,1.0,369,369-147,0.4,0.475,0.408333,0.883333,0.641667,0.041667,0.0,0.603853,0.4,0.619334
volkan,1.0,369,369-148,0.175,0.333333,0.175,0.508333,0.408333,0.016667,0.291667,0.448026,-0.52,0.737685
volkan,1.0,369,369-149,0.208333,0.008333,0.591667,0.6,0.208333,0.216667,0.0,0.776487,1.28,1.32713
volkan,1.0,369,369-150,0.525,0.233333,0.558333,0.791667,0.55,0.091667,0.0,0.689792,0.76,0.859498
volkan,1.0,369,369-151,0.391667,0.391667,0.291667,0.683333,0.641667,0.05,0.05,0.525669,0.12,0.576666
volkan,1.0,369,369-152,0.483333,0.483333,0.391667,0.875,0.7,0.033333,0.0,0.608333,0.72,0.601818
volkan,1.0,369,369-153,0.125,0.0,0.441667,0.441667,0.125,0.308333,0.0,0.798348,1.4,1.479232
volkan,1.0,369,369-154,0.066667,0.108333,0.025,0.133333,0.133333,0.016667,0.766667,0.217298,-1.24,1.700525
volkan,1.0,369,369-155,0.066667,0.0,0.441667,0.441667,0.066667,0.358333,0.0,0.812497,1.56,1.55341
volkan,1.0,369,369-156,0.141667,0.241667,0.208333,0.45,0.341667,0.025,0.333333,0.42114,-0.72,0.837509
volkan,1.0,369,369-157,0.341667,0.4,0.175,0.575,0.5,0.025,0.066667,0.513659,-0.24,0.625789
volkan,1.0,369,369-158,0.375,0.05,0.641667,0.691667,0.375,0.183333,0.0,0.744752,0.92,1.144012
volkan,1.0,369,369-159,0.366667,0.333333,0.308333,0.641667,0.591667,0.05,0.066667,0.517556,0.16,0.605193
volkan,1.0,369,369-160,0.016667,0.0,0.266667,0.266667,0.016667,0.441667,0.0,0.834801,1.76,1.704387
volkan,1.0,369,369-161,0.216667,0.383333,0.15,0.533333,0.433333,0.0,0.308333,0.428596,-0.32,0.650146
volkan,1.0,369,369-162,0.408333,0.408333,0.283333,0.691667,0.65,0.058333,0.008333,0.539448,0.04,0.625702
volkan,1.0,369,369-163,0.025,0.091667,0.008333,0.1,0.1,0.025,0.766667,0.194886,-1.52,2.012903
volkan,1.0,369,369-164,0.133333,0.0,0.508333,0.508333,0.133333,0.258333,0.0,0.793304,1.32,1.43183
volkan,1.0,369,369-165,0.166667,0.141667,0.133333,0.275,0.241667,0.025,0.458333,0.365376,-0.8,1.016798
volkan,1.0,369,369-166,0.0,0.0,0.183333,0.183333,0.0,0.608333,0.0,0.85712,1.8,1.905862
volkan,1.0,369,369-167,0.45,0.125,0.625,0.75,0.466667,0.15,0.0,0.720897,0.92,1.030622
volkan,1.0,369,369-168,0.075,0.0,0.366667,0.366667,0.075,0.391667,0.0,0.819776,1.76,1.587421
volkan,1.0,369,369-169,0.333333,0.316667,0.208333,0.525,0.483333,0.025,0.15,0.486396,0.04,0.616687
volkan,1.0,369,369-170,0.525,0.266667,0.491667,0.758333,0.558333,0.075,0.0,0.683528,0.84,0.862358
volkan,1.0,369,369-171,0.325,0.383333,0.191667,0.575,0.525,0.016667,0.116667,0.500823,-0.12,0.631055
volkan,1.0,369,369-172,0.391667,0.425,0.366667,0.791667,0.633333,0.041667,0.0,0.576195,0.16,0.575349
volkan,1.0,369,369-173,0.375,0.45,0.4,0.85,0.566667,0.033333,0.0,0.59193,0.12,0.579799
volkan,1.0,369,369-174,0.441667,0.466667,0.383333,0.85,0.658333,0.066667,0.0,0.626311,0.76,0.706401
volkan,1.0,369,369-175,0.366667,0.416667,0.166667,0.583333,0.5,0.008333,0.091667,0.485171,-0.08,0.5604
volkan,1.0,369,369-176,0.508333,0.391667,0.466667,0.858333,0.65,0.041667,0.0,0.655433,0.64,0.747095
volkan,1.0,369,369-177,0.275,0.016667,0.516667,0.533333,0.275,0.283333,0.0,0.775394,1.4,1.358204
volkan,1.0,369,369-178,0.291667,0.366667,0.108333,0.475,0.391667,0.016667,0.158333,0.476908,-0.08,0.656931
volkan,1.0,369,369-179,0.175,0.116667,0.108333,0.225,0.208333,0.008333,0.558333,0.316712,-0.64,1.09271
volkan,1.0,369,369-180,0.516667,0.458333,0.425,0.883333,0.7,0.05,0.0,0.627037,0.64,0.651067
volkan,1.0,369,369-181,0.475,0.458333,0.391667,0.85,0.633333,0.05,0.0,0.629938,0.64,0.647983
volkan,1.0,369,369-182,0.55,0.241667,0.541667,0.783333,0.575,0.091667,0.0,0.684498,0.84,0.846081
volkan,1.0,369,369-183,0.391667,0.491667,0.358333,0.85,0.65,0.041667,0.0,0.590661,0.56,0.611653
volkan,1.0,369,369-184,0.366667,0.416667,0.3,0.716667,0.616667,0.083333,0.025,0.558831,0.24,0.626852
volkan,1.0,369,369-185,0.208333,0.183333,0.125,0.308333,0.283333,0.025,0.491667,0.351225,-0.96,1.05851
volkan,1.0,369,369-186,0.358333,0.391667,0.125,0.516667,0.45,0.0,0.141667,0.478271,-0.2,0.622465
volkan,1.0,369,369-187,0.366667,0.433333,0.266667,0.7,0.641667,0.05,0.033333,0.537239,0.28,0.575433
volkan,1.0,369,369-188,0.183333,0.366667,0.15,0.516667,0.408333,0.0,0.291667,0.426897,-0.24,0.688228
volkan,1.0,369,369-189,0.433333,0.458333,0.358333,0.816667,0.675,0.033333,0.0,0.59974,0.64,0.60762
volkan,1.0,369,369-190,0.508333,0.35,0.5,0.85,0.616667,0.108333,0.0,0.661059,1.0,0.774993
volkan,1.0,369,369-191,0.441667,0.466667,0.391667,0.858333,0.65,0.041667,0.0,0.603135,0.64,0.608635
volkan,1.0,369,369-192,0.35,0.358333,0.208333,0.566667,0.525,0.041667,0.066667,0.513543,-0.16,0.610255
volkan,1.0,369,369-193,0.325,0.441667,0.316667,0.758333,0.541667,0.05,0.025,0.577768,0.24,0.650111
volkan,1.0,369,369-194,0.558333,0.35,0.466667,0.816667,0.616667,0.083333,0.0,0.669304,0.8,0.788144
volkan,1.0,369,369-195,0.025,0.05,0.008333,0.058333,0.058333,0.033333,0.825,0.177853,-1.52,2.094156
volkan,1.0,369,369-196,0.366667,0.366667,0.291667,0.658333,0.616667,0.016667,0.075,0.496175,0.2,0.550801
volkan,1.0,369,369-197,0.141667,0.208333,0.066667,0.275,0.241667,0.041667,0.616667,0.328563,-1.04,1.266558
volkan,1.0,369,369-198,0.516667,0.325,0.475,0.8,0.616667,0.091667,0.0,0.667933,0.84,0.779619
volkan,1.0,369,369-199,0.091667,0.158333,0.058333,0.216667,0.208333,0.016667,0.675,0.253811,-1.16,1.486362
volkan,1.0,1024,1024-0,0.341667,0.383333,0.191667,0.575,0.525,0.025,0.116667,0.511567,-0.16,0.629993
volkan,1.0,1024,1024-1,0.391667,0.425,0.325,0.75,0.675,0.075,0.0,0.570362,0.08,0.611244
volkan,1.0,1024,1024-2,0.0,0.0,0.0,0.0,0.0,0.933333,0.0,0.926577,2.2,2.687422
volkan,1.0,1024,1024-3,0.425,0.55,0.383333,0.933333,0.7,0.016667,0.0,0.592164,0.6,0.544887
volkan,1.0,1024,1024-4,0.066667,0.0,0.283333,0.283333,0.066667,0.525,0.0,0.840445,1.56,1.774715
volkan,1.0,1024,1024-5,0.433333,0.291667,0.45,0.741667,0.516667,0.15,0.0,0.686419,0.48,0.891405
volkan,1.0,1024,1024-6,0.383333,0.375,0.308333,0.683333,0.583333,0.075,0.025,0.551656,0.08,0.618518
volkan,1.0,1024,1024-7,0.275,0.375,0.158333,0.533333,0.433333,0.008333,0.241667,0.455597,-0.32,0.645185
volkan,1.0,1024,1024-8,0.35,0.333333,0.366667,0.7,0.641667,0.025,0.066667,0.513688,0.2,0.554194
volkan,1.0,1024,1024-9,0.533333,0.333333,0.483333,0.816667,0.608333,0.058333,0.0,0.67571,0.56,0.818622
volkan,1.0,1024,1024-10,0.183333,0.15,0.116667,0.266667,0.258333,0.025,0.533333,0.335369,-0.76,1.071226
volkan,1.0,1024,1024-11,0.341667,0.333333,0.25,0.583333,0.541667,0.058333,0.1,0.502454,0.32,0.598975
volkan,1.0,1024,1024-12,0.025,0.0,0.225,0.225,0.025,0.541667,0.0,0.84982,1.76,1.843605
volkan,1.0,1024,1024-13,0.45,0.15,0.583333,0.733333,0.45,0.183333,0.0,0.72993,0.72,1.103879
volkan,1.0,1024,1024-14,0.491667,0.458333,0.433333,0.891667,0.65,0.033333,0.0,0.633096,0.48,0.64781
volkan,1.0,1024,1024-15,0.35,0.383333,0.266667,0.65,0.616667,0.033333,0.066667,0.503984,0.32,0.548125
volkan,1.0,1024,1024-16,0.108333,0.333333,0.158333,0.491667,0.375,0.016667,0.375,0.417014,-0.24,0.785937
volkan,1.0,1024,1024-17,0.0,0.0,0.075,0.075,0.0,0.825,0.0,0.898536,1.88,2.315268
volkan,1.0,1024,1024-18,0.533333,0.241667,0.558333,0.8,0.566667,0.1,0.0,0.690466,1.04,0.885439
volkan,1.0,1024,1024-19,0.1,0.233333,0.2,0.433333,0.316667,0.025,0.391667,0.410943,-0.52,0.905795
volkan,1.0,1024,1024-20,0.25,0.366667,0.116667,0.483333,0.441667,0.0,0.325,0.411803,-0.08,0.614491
volkan,1.0,1024,1024-21,0.325,0.416667,0.091667,0.508333,0.458333,0.008333,0.108333,0.497351,-0.24,0.665651
volkan,1.0,1024,1024-22,0.366667,0.291667,0.283333,0.575,0.533333,0.025,0.083333,0.506177,-0.04,0.596674
volkan,1.0,1024,1024-23,0.525,0.241667,0.591667,0.833333,0.55,0.091667,0.0,0.690693,1.16,0.880928
volkan,1.0,1024,1024-24,0.2,0.016667,0.45,0.466667,0.2,0.316667,0.0,0.796465,1.48,1.475482
volkan,1.0,1024,1024-25,0.366667,0.408333,0.325,0.733333,0.625,0.041667,0.0,0.556653,0.2,0.566243
volkan,1.0,1024,1024-26,0.225,0.0,0.558333,0.558333,0.225,0.216667,0.0,0.779688,1.28,1.354859
volkan,1.0,1024,1024-27,0.183333,0.175,0.133333,0.308333,0.283333,0.016667,0.4,0.378869,-0.64,0.908073
volkan,1.0,1024,1024-28,0.558333,0.308333,0.525,0.833333,0.625,0.05,0.0,0.671384,1.08,0.775916
volkan,1.0,1024,1024-29,0.466667,0.191667,0.616667,0.808333,0.483333,0.1,0.0,0.699766,1.28,0.910131
volkan,1.0,1024,1024-30,0.175,0.0,0.5,0.5,0.175,0.325,0.0,0.795598,1.6,1.460933
volkan,1.0,1024,1024-31,0.316667,0.066667,0.55,0.616667,0.316667,0.216667,0.0,0.761513,1.36,1.278338
volkan,1.0,1024,1024-32,0.25,0.066667,0.591667,0.658333,0.25,0.133333,0.0,0.753282,1.6,1.18698
volkan,1.0,1024,1024-33,0.116667,0.133333,0.041667,0.175,0.175,0.033333,0.683333,0.268008,-1.2,1.478122
volkan,1.0,1024,1024-34,0.341667,0.358333,0.175,0.533333,0.5,0.0,0.125,0.479098,0.12,0.590324
volkan,1.0,1024,1024-35,0.141667,0.208333,0.058333,0.266667,0.25,0.058333,0.591667,0.331142,-0.96,1.237735
volkan,1.0,1024,1024-36,0.375,0.416667,0.325,0.741667,0.666667,0.041667,0.025,0.527086,0.12,0.569144
volkan,1.0,1024,1024-37,0.1,0.141667,0.066667,0.208333,0.166667,0.033333,0.641667,0.287615,-1.36,1.44966
volkan,1.0,1024,1024-38,0.3,0.083333,0.608333,0.691667,0.3,0.2,0.0,0.74778,1.04,1.183259
volkan,1.0,1024,1024-39,0.375,0.341667,0.308333,0.65,0.591667,0.05,0.058333,0.517084,0.08,0.589539
volkan,1.0,1024,1024-40,0.291667,0.041667,0.6,0.641667,0.291667,0.175,0.0,0.761733,1.24,1.237779
volkan,1.0,1024,1024-41,0.283333,0.325,0.141667,0.466667,0.366667,0.008333,0.208333,0.467269,-0.2,0.682595
volkan,1.0,1024,1024-42,0.333333,0.425,0.291667,0.716667,0.55,0.05,0.0,0.556508,0.32,0.599152
volkan,1.0,1024,1024-43,0.416667,0.091667,0.608333,0.7,0.416667,0.15,0.0,0.7343,0.92,1.088438
volkan,1.0,1024,1024-44,0.175,0.266667,0.2,0.466667,0.375,0.016667,0.325,0.429416,-0.64,0.791189
volkan,1.0,1024,1024-45,0.1,0.141667,0.05,0.191667,0.183333,0.033333,0.683333,0.27682,-0.88,1.388469
volkan,1.0,1024,1024-46,0.0,0.0,0.0,0.0,0.0,0.991667,0.0,0.926546,2.12,2.672013
volkan,1.0,1024,1024-47,0.166667,0.175,0.075,0.25,0.233333,0.025,0.6,0.309612,-1.04,1.225586
volkan,1.0,1024,1024-48,0.525,0.333333,0.483333,0.816667,0.6,0.075,0.0,0.665902,0.6,0.780551
volkan,1.0,1024,1024-49,0.358333,0.058333,0.55,0.608333,0.358333,0.225,0.0,0.758136,1.24,1.254355
volkan,1.0,1024,1024-50,0.55,0.258333,0.541667,0.8,0.583333,0.083333,0.0,0.683014,1.08,0.836707
volkan,1.0,1024,1024-51,0.108333,0.158333,0.066667,0.225,0.225,0.025,0.633333,0.289362,-1.24,1.331769
volkan,1.0,1024,1024-52,0.508333,0.216667,0.55,0.766667,0.516667,0.108333,0.0,0.708147,0.92,0.973065
volkan,1.0,1024,1024-53,0.516667,0.458333,0.425,0.883333,0.616667,0.058333,0.0,0.649994,0.6,0.701219
volkan,1.0,1024,1024-54,0.466667,0.175,0.55,0.725,0.483333,0.175,0.0,0.71648,0.96,1.030981
volkan,1.0,1024,1024-55,0.066667,0.141667,0.041667,0.183333,0.166667,0.033333,0.708333,0.24577,-1.52,1.663422
volkan,1.0,1024,1024-56,0.366667,0.483333,0.358333,0.841667,0.625,0.025,0.0,0.566837,0.52,0.552017
volkan,1.0,1024,1024-57,0.241667,0.341667,0.175,0.516667,0.425,0.008333,0.25,0.448552,-0.36,0.688104
volkan,1.0,1024,1024-58,0.208333,0.158333,0.15,0.308333,0.266667,0.033333,0.458333,0.373954,-0.8,1.044851
volkan,1.0,1024,1024-59,0.316667,0.425,0.3,0.725,0.566667,0.05,0.0,0.560728,0.28,0.600954
volkan,1.0,1024,1024-60,0.15,0.175,0.1,0.275,0.258333,0.016667,0.591667,0.324326,-0.76,1.115129
volkan,1.0,1024,1024-61,0.441667,0.408333,0.375,0.783333,0.708333,0.041667,0.0,0.57392,0.04,0.579164
volkan,1.0,1024,1024-62,0.108333,0.358333,0.158333,0.516667,0.383333,0.008333,0.308333,0.424643,-0.36,0.715562
volkan,1.0,1024,1024-63,0.366667,0.3,0.35,0.65,0.583333,0.033333,0.075,0.524238,-0.12,0.604901
volkan,1.0,1024,1024-64,0.316667,0.425,0.266667,0.691667,0.566667,0.041667,0.025,0.523196,0.4,0.559039
volkan,1.0,1024,1024-65,0.075,0.191667,0.033333,0.225,0.2,0.05,0.608333,0.290544,-1.08,1.44078
volkan,1.0,1024,1024-66,0.366667,0.466667,0.333333,0.8,0.65,0.058333,0.0,0.571624,0.44,0.602656
volkan,1.0,1024,1024-67,0.525,0.258333,0.533333,0.791667,0.583333,0.091667,0.0,0.676278,0.88,0.81828
volkan,1.0,1024,1024-68,0.375,0.4,0.108333,0.508333,0.441667,0.0,0.166667,0.449637,-0.16,0.586559
volkan,1.0,1024,1024-69,0.341667,0.466667,0.333333,0.8,0.6,0.033333,0.0,0.565034,0.4,0.545649
volkan,1.0,1024,1024-70,0.475,0.45,0.425,0.875,0.666667,0.041667,0.0,0.615276,0.56,0.626575
volkan,1.0,1024,1024-71,0.533333,0.441667,0.466667,0.908333,0.691667,0.033333,0.0,0.626567,1.04,0.622449
volkan,1.0,1024,1024-72,0.283333,0.325,0.15,0.475,0.391667,0.0,0.225,0.457294,-0.24,0.676121
volkan,1.0,1024,1024-73,0.366667,0.491667,0.3,0.791667,0.641667,0.041667,0.0,0.561652,0.4,0.545043
volkan,1.0,1024,1024-74,0.325,0.325,0.241667,0.566667,0.533333,0.025,0.116667,0.493461,0.12,0.616098
volkan,1.0,1024,1024-75,0.475,0.533333,0.375,0.908333,0.725,0.033333,0.0,0.611638,0.72,0.595608
volkan,1.0,1024,1024-76,0.0,0.0,0.0,0.0,0.0,0.825,0.0,0.908517,2.12,2.431661
volkan,1.0,1024,1024-77,0.216667,0.058333,0.516667,0.575,0.216667,0.25,0.0,0.775594,1.44,1.346992
volkan,1.0,1024,1024-78,0.566667,0.325,0.5,0.825,0.625,0.05,0.0,0.669056,0.84,0.779644
volkan,1.0,1024,1024-79,0.5,0.333333,0.458333,0.791667,0.6,0.083333,0.0,0.668336,0.84,0.797171
volkan,1.0,1024,1024-80,0.375,0.45,0.333333,0.783333,0.608333,0.033333,0.0,0.56544,0.32,0.57527
volkan,1.0,1024,1024-81,0.516667,0.408333,0.45,0.858333,0.675,0.05,0.0,0.639308,0.52,0.700628
volkan,1.0,1024,1024-82,0.575,0.258333,0.575,0.833333,0.625,0.033333,0.0,0.670768,1.12,0.767826
volkan,1.0,1024,1024-83,0.466667,0.4,0.4,0.8,0.633333,0.075,0.0,0.64664,0.56,0.737764
volkan,1.0,1024,1024-84,0.0,0.0,0.0,0.0,0.0,0.816667,0.0,0.903555,2.16,2.377455
volkan,1.0,1024,1024-85,0.366667,0.458333,0.1,0.558333,0.491667,0.008333,0.066667,0.499903,-0.2,0.604119
volkan,1.0,1024,1024-86,0.416667,0.158333,0.641667,0.8,0.458333,0.125,0.0,0.703521,1.4,0.932577
volkan,1.0,1024,1024-87,0.308333,0.383333,0.108333,0.491667,0.433333,0.0,0.166667,0.45667,0.08,0.607883
volkan,1.0,1024,1024-88,0.416667,0.116667,0.616667,0.733333,0.416667,0.166667,0.0,0.734146,1.08,1.101942
volkan,1.0,1024,1024-89,0.375,0.333333,0.308333,0.641667,0.591667,0.075,0.041667,0.532181,0.04,0.623847
volkan,1.0,1024,1024-90,0.258333,0.133333,0.158333,0.291667,0.291667,0.058333,0.458333,0.383085,-0.76,1.103147
volkan,1.0,1024,1024-91,0.45,0.225,0.591667,0.816667,0.533333,0.091667,0.0,0.686444,1.16,0.868917
volkan,1.0,1024,1024-92,0.416667,0.525,0.358333,0.883333,0.675,0.016667,0.0,0.571403,0.48,0.504848
volkan,1.0,1024,1024-93,0.133333,0.191667,0.058333,0.25,0.241667,0.0,0.683333,0.267142,-1.04,1.272959
volkan,1.0,1024,1024-94,0.441667,0.541667,0.383333,0.925,0.708333,0.033333,0.0,0.590582,0.56,0.541354
volkan,1.0,1024,1024-95,0.491667,0.416667,0.391667,0.808333,0.658333,0.066667,0.0,0.642278,0.68,0.730395
volkan,1.0,1024,1024-96,0.566667,0.416667,0.466667,0.883333,0.658333,0.041667,0.0,0.645889,0.92,0.676996
volkan,1.0,1024,1024-97,0.466667,0.475,0.4,0.875,0.675,0.033333,0.0,0.611949,0.6,0.612087
volkan,1.0,1024,1024-98,0.216667,0.191667,0.108333,0.3,0.283333,0.025,0.466667,0.363002,-0.72,0.991472
volkan,1.0,1024,1024-99,0.291667,0.05,0.558333,0.608333,0.291667,0.208333,0.0,0.759402,1.28,1.243687
volkan,1.0,1024,1024-100,0.383333,0.483333,0.366667,0.85,0.625,0.025,0.0,0.589968,0.44,0.575347
volkan,1.0,1024,1024-101,0.325,0.408333,0.166667,0.575,0.491667,0.016667,0.133333,0.506255,-0.24,0.668732
volkan,1.0,1024,1024-102,0.375,0.391667,0.283333,0.675,0.625,0.016667,0.025,0.507235,0.28,0.538427
volkan,1.0,1024,1024-103,0.391667,0.491667,0.383333,0.875,0.583333,0.05,0.0,0.60801,0.2,0.629789
volkan,1.0,1024,1024-104,0.383333,0.4,0.266667,0.666667,0.608333,0.05,0.008333,0.528363,0.16,0.590843
volkan,1.0,1024,1024-105,0.216667,0.0,0.475,0.475,0.216667,0.25,0.0,0.790611,1.68,1.415202
volkan,1.0,1024,1024-106,0.508333,0.45,0.425,0.875,0.683333,0.041667,0.0,0.628401,0.76,0.661486
volkan,1.0,1024,1024-107,0.3,0.375,0.125,0.5,0.433333,0.0,0.266667,0.423886,-0.16,0.625567
volkan,1.0,1024,1024-108,0.466667,0.416667,0.441667,0.858333,0.633333,0.066667,0.0,0.641911,0.32,0.730284
volkan,1.0,1024,1024-109,0.158333,0.325,0.183333,0.508333,0.4,0.0,0.275,0.44042,-0.32,0.678206
volkan,1.0,1024,1024-110,0.383333,0.425,0.325,0.75,0.666667,0.041667,0.0,0.556269,0.2,0.567081
volkan,1.0,1024,1024-111,0.333333,0.391667,0.316667,0.708333,0.566667,0.041667,0.008333,0.547617,0.36,0.600078
volkan,1.0,1024,1024-112,0.375,0.325,0.325,0.65,0.591667,0.016667,0.033333,0.504489,0.16,0.544237
volkan,1.0,1024,1024-113,0.516667,0.425,0.433333,0.858333,0.683333,0.083333,0.0,0.636711,1.0,0.675628
volkan,1.0,1024,1024-114,0.525,0.225,0.55,0.775,0.541667,0.108333,0.0,0.692768,0.8,0.89536
volkan,1.0,1024,1024-115,0.508333,0.4,0.466667,0.866667,0.65,0.05,0.0,0.642862,0.64,0.698588
volkan,1.0,1024,1024-116,0.175,0.0,0.5,0.5,0.175,0.35,0.0,0.795804,1.6,1.468712
volkan,1.0,1024,1024-117,0.0,0.0,0.266667,0.266667,0.0,0.483333,0.0,0.845741,1.56,1.80623
volkan,1.0,1024,1024-118,0.416667,0.125,0.641667,0.766667,0.441667,0.125,0.0,0.720247,1.0,1.014712
volkan,1.0,1024,1024-119,0.2,0.133333,0.1,0.233333,0.225,0.025,0.525,0.338204,-0.68,1.092465
volkan,1.0,1024,1024-120,0.533333,0.458333,0.416667,0.875,0.725,0.033333,0.0,0.631184,0.6,0.658758
volkan,1.0,1024,1024-121,0.05,0.133333,0.025,0.158333,0.15,0.008333,0.725,0.22036,-1.2,1.655245
volkan,1.0,1024,1024-122,0.35,0.45,0.375,0.825,0.533333,0.083333,0.0,0.609586,0.12,0.685615
volkan,1.0,1024,1024-123,0.525,0.25,0.575,0.825,0.541667,0.091667,0.0,0.687589,1.0,0.856313
volkan,1.0,1024,1024-124,0.2,0.283333,0.191667,0.475,0.383333,0.008333,0.316667,0.420418,-0.76,0.772099
volkan,1.0,1024,1024-125,0.15,0.183333,0.091667,0.275,0.241667,0.041667,0.575,0.335725,-1.04,1.212353
volkan,1.0,1024,1024-126,0.175,0.325,0.208333,0.533333,0.4,0.008333,0.266667,0.446552,-0.52,0.718941
volkan,1.0,1024,1024-127,0.391667,0.35,0.391667,0.741667,0.675,0.033333,0.025,0.539512,-0.04,0.576765
volkan,1.0,1024,1024-128,0.175,0.0,0.45,0.45,0.175,0.333333,0.0,0.797378,1.8,1.456298
volkan,1.0,1024,1024-129,0.258333,0.375,0.125,0.5,0.425,0.008333,0.275,0.456341,-0.2,0.688264
volkan,1.0,1024,1024-130,0.15,0.0,0.475,0.475,0.15,0.325,0.0,0.800032,1.52,1.491069
volkan,1.0,1024,1024-131,0.408333,0.55,0.316667,0.866667,0.691667,0.016667,0.0,0.583397,0.72,0.551838
volkan,1.0,1024,1024-132,0.566667,0.358333,0.466667,0.825,0.625,0.05,0.0,0.664771,0.88,0.756786
volkan,1.0,1024,1024-133,0.0,0.0,0.058333,0.058333,0.0,0.8,0.0,0.886862,1.6,2.150935
volkan,1.0,1024,1024-134,0.3,0.308333,0.283333,0.591667,0.533333,0.033333,0.15,0.501778,0.08,0.65161
volkan,1.0,1024,1024-135,0.333333,0.308333,0.341667,0.65,0.583333,0.033333,0.083333,0.517547,0.04,0.594461
volkan,1.0,1024,1024-136,0.05,0.0,0.341667,0.341667,0.05,0.441667,0.0,0.828785,1.64,1.667669
volkan,1.0,1024,1024-137,0.133333,0.25,0.2,0.45,0.308333,0.033333,0.325,0.430101,-0.72,0.854758
volkan,1.0,1024,1024-138,0.0,0.0,0.041667,0.041667,0.0,0.808333,0.0,0.905234,2.04,2.415081
volkan,1.0,1024,1024-139,0.508333,0.283333,0.491667,0.775,0.541667,0.1,0.0,0.690138,0.72,0.883397
volkan,1.0,1024,1024-140,0.491667,0.3,0.516667,0.816667,0.583333,0.116667,0.0,0.679093,1.0,0.852501
volkan,1.0,1024,1024-141,0.5,0.191667,0.6,0.791667,0.525,0.125,0.0,0.70273,1.0,0.943732
volkan,1.0,1024,1024-142,0.391667,0.116667,0.575,0.691667,0.391667,0.133333,0.0,0.734728,1.12,1.102822
volkan,1.0,1024,1024-143,0.125,0.258333,0.183333,0.441667,0.333333,0.008333,0.375,0.397925,-0.56,0.833431
volkan,1.0,1024,1024-144,0.175,0.183333,0.083333,0.266667,0.241667,0.041667,0.533333,0.354562,-0.8,1.125159
volkan,1.0,1024,1024-145,0.383333,0.325,0.366667,0.691667,0.616667,0.033333,0.058333,0.523189,-0.04,0.573719
volkan,1.0,1024,1024-146,0.266667,0.066667,0.575,0.641667,0.266667,0.2,0.0,0.763787,1.24,1.257858
volkan,1.0,1024,1024-147,0.366667,0.341667,0.266667,0.608333,0.566667,0.066667,0.066667,0.519473,0.16,0.644682
volkan,1.0,1024,1024-148,0.35,0.35,0.358333,0.708333,0.641667,0.033333,0.041667,0.535705,0.04,0.588742
volkan,1.0,1024,1024-149,0.15,0.183333,0.1,0.283333,0.241667,0.016667,0.583333,0.322517,-1.12,1.205061
volkan,1.0,1024,1024-150,0.5,0.483333,0.425,0.908333,0.716667,0.016667,0.0,0.603539,0.8,0.563568
volkan,1.0,1024,1024-151,0.125,0.266667,0.141667,0.408333,0.333333,0.0,0.425,0.377426,-0.44,0.834725
volkan,1.0,1024,1024-152,0.55,0.391667,0.458333,0.85,0.633333,0.066667,0.0,0.653196,0.8,0.715219
volkan,1.0,1024,1024-153,0.125,0.191667,0.066667,0.258333,0.225,0.008333,0.633333,0.291793,-1.08,1.27203
volkan,1.0,1024,1024-154,0.308333,0.083333,0.575,0.658333,0.308333,0.225,0.0,0.751058,0.92,1.204444
volkan,1.0,1024,1024-155,0.5,0.191667,0.583333,0.775,0.525,0.091667,0.0,0.703086,0.92,0.935926
volkan,1.0,1024,1024-156,0.15,0.191667,0.183333,0.375,0.3,0.041667,0.375,0.400378,-0.72,0.93531
volkan,1.0,1024,1024-157,0.191667,0.208333,0.166667,0.375,0.325,0.016667,0.441667,0.379796,-0.76,0.96255
volkan,1.0,1024,1024-158,0.383333,0.466667,0.258333,0.725,0.591667,0.058333,0.016667,0.545888,0.4,0.608557
volkan,1.0,1024,1024-159,0.083333,0.183333,0.041667,0.225,0.208333,0.033333,0.65,0.290263,-1.08,1.306638
volkan,1.0,1024,1024-160,0.191667,0.333333,0.158333,0.491667,0.4,0.008333,0.241667,0.446259,-0.28,0.657693
volkan,1.0,1024,1024-161,0.083333,0.133333,0.041667,0.175,0.158333,0.016667,0.691667,0.246903,-1.24,1.530772
volkan,1.0,1024,1024-162,0.333333,0.375,0.141667,0.516667,0.425,0.033333,0.141667,0.488131,-0.4,0.701963
volkan,1.0,1024,1024-163,0.541667,0.266667,0.566667,0.833333,0.616667,0.083333,0.0,0.677855,1.12,0.827634
volkan,1.0,1024,1024-164,0.125,0.191667,0.05,0.241667,0.208333,0.008333,0.675,0.283799,-0.96,1.256712
volkan,1.0,1024,1024-165,0.533333,0.383333,0.45,0.833333,0.625,0.066667,0.0,0.656995,0.68,0.736677
volkan,1.0,1024,1024-166,0.35,0.358333,0.283333,0.641667,0.608333,0.041667,0.075,0.498746,0.32,0.574728
volkan,1.0,1024,1024-167,0.358333,0.333333,0.308333,0.641667,0.6,0.041667,0.075,0.504448,0.24,0.573816
volkan,1.0,1024,1024-168,0.508333,0.425,0.416667,0.841667,0.65,0.041667,0.0,0.625901,0.6,0.643394
volkan,1.0,1024,1024-169,0.458333,0.191667,0.575,0.766667,0.483333,0.108333,0.0,0.709209,1.12,0.967214
volkan,1.0,1024,1024-170,0.1,0.166667,0.041667,0.208333,0.2,0.016667,0.683333,0.251628,-1.16,1.494629
volkan,1.0,1024,1024-171,0.058333,0.116667,0.016667,0.133333,0.133333,0.05,0.691667,0.245905,-1.24,1.660605
volkan,1.0,1024,1024-172,0.383333,0.35,0.241667,0.591667,0.558333,0.033333,0.033333,0.529148,-0.16,0.599576
volkan,1.0,1024,1024-173,0.333333,0.4,0.133333,0.533333,0.441667,0.0,0.141667,0.479948,-0.12,0.623041
volkan,1.0,1024,1024-174,0.133333,0.166667,0.108333,0.275,0.25,0.025,0.608333,0.320309,-0.96,1.17356
volkan,1.0,1024,1024-175,0.35,0.3,0.216667,0.516667,0.483333,0.016667,0.15,0.482804,0.04,0.634254
volkan,1.0,1024,1024-176,0.425,0.416667,0.375,0.791667,0.6,0.05,0.0,0.622633,0.48,0.675098
volkan,1.0,1024,1024-177,0.333333,0.408333,0.3,0.708333,0.55,0.05,0.025,0.570561,0.16,0.643295
volkan,1.0,1024,1024-178,0.45,0.5,0.416667,0.916667,0.658333,0.066667,0.0,0.622715,0.32,0.639397
volkan,1.0,1024,1024-179,0.383333,0.35,0.358333,0.708333,0.658333,0.008333,0.041667,0.512084,0.0,0.536961
volkan,1.0,1024,1024-180,0.208333,0.333333,0.191667,0.525,0.408333,0.0,0.275,0.444428,-0.44,0.693077
volkan,1.0,1024,1024-181,0.108333,0.25,0.083333,0.333333,0.283333,0.0,0.466667,0.344594,-0.28,0.892945
volkan,1.0,1024,1024-182,0.408333,0.375,0.108333,0.483333,0.441667,0.008333,0.216667,0.446734,-0.16,0.612954
volkan,1.0,1024,1024-183,0.358333,0.466667,0.358333,0.825,0.525,0.041667,0.0,0.587624,0.2,0.622682
volkan,1.0,1024,1024-184,0.466667,0.466667,0.383333,0.85,0.633333,0.091667,0.0,0.637523,0.32,0.724755
volkan,1.0,1024,1024-185,0.35,0.333333,0.358333,0.691667,0.625,0.041667,0.033333,0.543106,-0.08,0.597435
volkan,1.0,1024,1024-186,0.183333,0.175,0.175,0.35,0.333333,0.041667,0.466667,0.387866,-0.84,1.013277
volkan,1.0,1024,1024-187,0.05,0.0,0.233333,0.233333,0.05,0.516667,0.0,0.843772,1.44,1.790805
volkan,1.0,1024,1024-188,0.366667,0.425,0.333333,0.758333,0.65,0.033333,0.025,0.546489,0.32,0.548963
volkan,1.0,1024,1024-189,0.091667,0.325,0.125,0.45,0.375,0.016667,0.4,0.394751,-0.44,0.852641
volkan,1.0,1024,1024-190,0.516667,0.2,0.525,0.725,0.525,0.15,0.0,0.71208,0.96,0.997685
volkan,1.0,1024,1024-191,0.125,0.325,0.175,0.5,0.383333,0.008333,0.341667,0.421945,-0.28,0.758852
volkan,1.0,1024,1024-192,0.35,0.366667,0.125,0.491667,0.416667,0.0,0.183333,0.472313,-0.2,0.634837
volkan,1.0,1024,1024-193,0.075,0.0,0.391667,0.391667,0.075,0.375,0.0,0.814154,1.52,1.576869
volkan,1.0,1024,1024-194,0.141667,0.316667,0.191667,0.508333,0.391667,0.008333,0.341667,0.419499,-0.4,0.755986
volkan,1.0,1024,1024-195,0.141667,0.208333,0.191667,0.4,0.325,0.025,0.383333,0.411821,-0.44,0.880285
volkan,1.0,1024,1024-196,0.383333,0.125,0.608333,0.733333,0.383333,0.15,0.0,0.729036,1.08,1.067485
volkan,1.0,1024,1024-197,0.166667,0.233333,0.158333,0.391667,0.325,0.016667,0.391667,0.38971,-0.56,0.849087
volkan,1.0,1024,1024-198,0.308333,0.391667,0.241667,0.633333,0.541667,0.041667,0.1,0.506226,0.36,0.591521
volkan,1.0,1024,1024-199,0.316667,0.433333,0.383333,0.816667,0.583333,0.05,0.0,0.589961,0.12,0.600088
volkan,1.0,2026,2026-0,0.141667,0.341667,0.133333,0.475,0.391667,0.008333,0.333333,0.421154,-0.24,0.694772
volkan,1.0,2026,2026-1,0.516667,0.425,0.433333,0.858333,0.683333,0.025,0.0,0.622784,0.68,0.636274
volkan,1.0,2026,2026-2,0.066667,0.216667,0.008333,0.225,0.225,0.033333,0.7,0.273638,-0.88,1.323919
volkan,1.0,2026,2026-3,0.083333,0.0,0.3,0.3,0.083333,0.441667,0.0,0.827658,1.6,1.675292
volkan,1.0,2026,2026-4,0.441667,0.183333,0.608333,0.791667,0.475,0.125,0.0,0.703636,1.12,0.930702
volkan,1.0,2026,2026-5,0.35,0.35,0.35,0.7,0.633333,0.025,0.075,0.526625,0.16,0.595606
volkan,1.0,2026,2026-6,0.325,0.391667,0.266667,0.658333,0.608333,0.008333,0.066667,0.502281,0.36,0.549826
volkan,1.0,2026,2026-7,0.5,0.425,0.4,0.825,0.633333,0.041667,0.0,0.644655,0.52,0.697477
volkan,1.0,2026,2026-8,0.383333,0.416667,0.275,0.691667,0.633333,0.025,0.016667,0.523695,0.28,0.544257
volkan,1.0,2026,2026-9,0.316667,0.425,0.266667,0.691667,0.55,0.033333,0.033333,0.538414,0.36,0.594164
volkan,1.0,2026,2026-10,0.458333,0.166667,0.608333,0.775,0.458333,0.133333,0.0,0.712926,1.08,0.976552
volkan,1.0,2026,2026-11,0.566667,0.341667,0.458333,0.8,0.608333,0.091667,0.0,0.678261,0.84,0.827245
volkan,1.0,2026,2026-12,0.333333,0.441667,0.366667,0.808333,0.566667,0.05,0.0,0.575316,0.24,0.577492
volkan,1.0,2026,2026-13,0.366667,0.45,0.316667,0.766667,0.633333,0.05,0.0,0.554158,0.44,0.557025
volkan,1.0,2026,2026-14,0.433333,0.425,0.4,0.825,0.65,0.066667,0.0,0.624751,0.56,0.69413
volkan,1.0,2026,2026-15,0.283333,0.416667,0.075,0.491667,0.441667,0.0,0.191667,0.447033,0.16,0.609887
volkan,1.0,2026,2026-16,0.3,0.341667,0.175,0.516667,0.483333,0.025,0.091667,0.506927,-0.04,0.662789
volkan,1.0,2026,2026-17,0.558333,0.333333,0.475,0.808333,0.583333,0.1,0.0,0.677271,0.92,0.819854
volkan,1.0,2026,2026-18,0.391667,0.416667,0.408333,0.825,0.65,0.025,0.0,0.578563,0.0,0.55842
volkan,1.0,2026,2026-19,0.166667,0.133333,0.1,0.233333,0.233333,0.025,0.533333,0.333015,-0.56,1.051328
volkan,1.0,2026,2026-20,0.341667,0.35,0.175,0.525,0.5,0.008333,0.141667,0.469525,0.04,0.585309
volkan,1.0,2026,2026-21,0.45,0.166667,0.566667,0.733333,0.466667,0.141667,0.0,0.712239,0.96,0.984015
volkan,1.0,2026,2026-22,0.341667,0.416667,0.291667,0.708333,0.583333,0.033333,0.033333,0.540938,0.32,0.59621
volkan,1.0,2026,2026-23,0.408333,0.533333,0.3,0.833333,0.716667,0.0,0.0,0.539299,0.84,0.464606
volkan,1.0,2026,2026-24,0.466667,0.175,0.608333,0.783333,0.475,0.1,0.0,0.705439,0.96,0.936592
volkan,1.0,2026,2026-25,0.0,0.0,0.158333,0.158333,0.0,0.733333,0.0,0.879124,1.84,2.117997
volkan,1.0,2026,2026-26,0.375,0.383333,0.141667,0.525,0.441667,0.0,0.15,0.45841,-0.28,0.586254
volkan,1.0,2026,2026-27,0.05,0.0,0.4,0.4,0.05,0.35,0.0,0.815503,1.56,1.557551
volkan,1.0,2026,2026-28,0.158333,0.15,0.133333,0.283333,0.241667,0.016667,0.425,0.362183,-0.56,0.950648
volkan,1.0,2026,2026-29,0.5,0.475,0.416667,0.891667,0.658333,0.033333,0.0,0.617492,0.68,0.613275
volkan,1.0,2026,2026-30,0.2,0.183333,0.166667,0.35,0.291667,0.008333,0.425,0.377385,-0.8,0.888417
volkan,1.0,2026,2026-31,0.041667,0.0,0.408333,0.408333,0.041667,0.375,0.0,0.81857,1.28,1.601829
volkan,1.0,2026,2026-32,0.383333,0.083333,0.683333,0.766667,0.383333,0.116667,0.0,0.730338,1.2,1.065618
volkan,1.0,2026,2026-33,0.183333,0.0,0.525,0.525,0.183333,0.266667,0.0,0.791929,1.2,1.434344
volkan,1.0,2026,2026-34,0.116667,0.308333,0.183333,0.491667,0.383333,0.025,0.325,0.427691,-0.44,0.752995
volkan,1.0,2026,2026-35,0.458333,0.158333,0.616667,0.775,0.483333,0.116667,0.0,0.709082,1.08,0.963179
volkan,1.0,2026,2026-36,0.366667,0.391667,0.116667,0.508333,0.45,0.0,0.125,0.469725,-0.16,0.586501
volkan,1.0,2026,2026-37,0.3,0.391667,0.108333,0.5,0.466667,0.016667,0.183333,0.470645,-0.12,0.675975
volkan,1.0,2026,2026-38,0.458333,0.308333,0.516667,0.825,0.566667,0.091667,0.0,0.678363,1.08,0.846217
volkan,1.0,2026,2026-39,0.325,0.116667,0.6,0.716667,0.325,0.191667,0.0,0.741654,1.28,1.136114
volkan,1.0,2026,2026-40,0.45,0.458333,0.391667,0.85,0.641667,0.083333,0.0,0.629167,0.44,0.718199
volkan,1.0,2026,2026-41,0.316667,0.375,0.108333,0.483333,0.408333,0.008333,0.183333,0.467254,-0.2,0.679551
volkan,1.0,2026,2026-42,0.225,0.341667,0.175,0.516667,0.4,0.008333,0.283333,0.443824,-0.36,0.714216
volkan,1.0,2026,2026-43,0.041667,0.0,0.341667,0.341667,0.041667,0.433333,0.0,0.832066,1.56,1.727485
volkan,1.0,2026,2026-44,0.441667,0.216667,0.583333,0.8,0.5,0.108333,0.0,0.693248,1.2,0.898965
volkan,1.0,2026,2026-45,0.491667,0.175,0.65,0.825,0.491667,0.083333,0.0,0.702745,1.24,0.916955
volkan,1.0,2026,2026-46,0.0,0.0,0.0,0.0,0.0,0.875,0.0,0.908448,1.8,2.416317
volkan,1.0,2026,2026-47,0.125,0.35,0.158333,0.508333,0.4,0.0,0.325,0.414497,-0.36,0.702028
volkan,1.0,2026,2026-48,0.0,0.0,0.0,0.0,0.0,1.0,0.0,0.934392,2.24,2.814863
volkan,1.0,2026,2026-49,0.0,0.0,0.0,0.0,0.0,1.0,0.0,0.963023,2.24,3.458832
volkan,1.0,2026,2026-50,0.0,0.0,0.191667,0.191667,0.0,0.566667,0.0,0.854611,1.68,1.877696
volkan,1.0,2026,2026-51,0.375,0.083333,0.608333,0.691667,0.375,0.191667,0.0,0.74001,0.96,1.12519
volkan,1.0,2026,2026-52,0.358333,0.358333,0.125,0.483333,0.433333,0.0,0.216667,0.446841,-0.08,0.611803
volkan,1.0,2026,2026-53,0.258333,0.041667,0.566667,0.608333,0.258333,0.208333,0.0,0.766993,1.4,1.26969
volkan,1.0,2026,2026-54,0.325,0.266667,0.283333,0.55,0.5,0.025,0.1,0.499031,0.0,0.610913
volkan,1.0,2026,2026-55,0.35,0.441667,0.35,0.791667,0.558333,0.058333,0.0,0.59482,0.24,0.638147
volkan,1.0,2026,2026-56,0.366667,0.383333,0.283333,0.666667,0.575,0.025,0.091667,0.511561,0.4,0.561534
volkan,1.0,2026,2026-57,0.475,0.441667,0.45,0.891667,0.666667,0.05,0.0,0.636952,0.76,0.686596
volkan,1.0,2026,2026-58,0.108333,0.0,0.441667,0.441667,0.108333,0.35,0.0,0.811364,1.56,1.554213
volkan,1.0,2026,2026-59,0.366667,0.4,0.133333,0.533333,0.466667,0.0,0.125,0.477975,-0.2,0.601411
volkan,1.0,2026,2026-60,0.108333,0.283333,0.133333,0.416667,0.333333,0.016667,0.383333,0.400034,-0.32,0.787085
volkan,1.0,2026,2026-61,0.108333,0.258333,0.183333,0.441667,0.316667,0.025,0.358333,0.410855,-0.48,0.86301
volkan,1.0,2026,2026-62,0.108333,0.258333,0.166667,0.425,0.325,0.025,0.366667,0.410771,-0.56,0.861904
volkan,1.0,2026,2026-63,0.175,0.175,0.075,0.25,0.25,0.025,0.541667,0.330363,-0.92,1.102878
volkan,1.0,2026,2026-64,0.158333,0.316667,0.166667,0.483333,0.391667,0.0,0.35,0.412876,-0.2,0.742712
volkan,1.0,2026,2026-65,0.075,0.0,0.425,0.425,0.075,0.325,0.0,0.808101,1.44,1.509833
volkan,1.0,2026,2026-66,0.241667,0.325,0.158333,0.483333,0.425,0.016667,0.2,0.457955,0.12,0.671751
volkan,1.0,2026,2026-67,0.491667,0.441667,0.425,0.866667,0.641667,0.058333,0.0,0.637413,0.64,0.68375
volkan,1.0,2026,2026-68,0.191667,0.141667,0.158333,0.3,0.275,0.025,0.5,0.360676,-0.64,1.01658
volkan,1.0,2026,2026-69,0.525,0.45,0.441667,0.891667,0.708333,0.033333,0.0,0.618586,0.64,0.610061
volkan,1.0,2026,2026-70,0.116667,0.208333,0.025,0.233333,0.216667,0.016667,0.691667,0.28102,-0.92,1.244114
volkan,1.0,2026,2026-71,0.35,0.4,0.108333,0.508333,0.433333,0.0,0.191667,0.449853,-0.24,0.600264
volkan,1.0,2026,2026-72,0.0,0.0,0.0,0.0,0.0,0.866667,0.0,0.918002,1.76,2.570536
volkan,1.0,2026,2026-73,0.308333,0.416667,0.091667,0.508333,0.45,0.0,0.166667,0.461707,0.0,0.625795
volkan,1.0,2026,2026-74,0.158333,0.0,0.575,0.575,0.158333,0.266667,0.0,0.787127,1.0,1.407826
volkan,1.0,2026,2026-75,0.583333,0.366667,0.45,0.816667,0.65,0.041667,0.0,0.660222,0.84,0.744111
volkan,1.0,2026,2026-76,0.358333,0.416667,0.325,0.741667,0.633333,0.008333,0.008333,0.539759,0.48,0.51866
volkan,1.0,2026,2026-77,0.341667,0.375,0.091667,0.466667,0.425,0.008333,0.191667,0.454215,-0.04,0.676641
volkan,1.0,2026,2026-78,0.083333,0.0,0.458333,0.458333,0.083333,0.275,0.0,0.80594,1.24,1.512724
volkan,1.0,2026,2026-79,0.375,0.475,0.325,0.8,0.6,0.016667,0.0,0.548828,0.48,0.516363
volkan,1.0,2026,2026-80,0.016667,0.0,0.275,0.275,0.016667,0.491667,0.0,0.838621,1.72,1.733889
volkan,1.0,2026,2026-81,0.333333,0.366667,0.108333,0.475,0.425,0.0,0.233333,0.448554,-0.24,0.631559
volkan,1.0,2026,2026-82,0.416667,0.475,0.391667,0.866667,0.616667,0.025,0.0,0.589486,0.32,0.572986
volkan,1.0,2026,2026-83,0.5,0.366667,0.466667,0.833333,0.608333,0.091667,0.0,0.665468,0.76,0.791548
volkan,1.0,2026,2026-84,0.475,0.408333,0.458333,0.866667,0.633333,0.1,0.0,0.651325,0.8,0.744855
volkan,1.0,2026,2026-85,0.141667,0.183333,0.083333,0.266667,0.241667,0.0,0.433333,0.340531,-0.52,0.894495
volkan,1.0,2026,2026-86,0.225,0.341667,0.175,0.516667,0.4,0.008333,0.166667,0.48123,-0.36,0.691601
volkan,1.0,2026,2026-87,0.4,0.433333,0.341667,0.775,0.741667,0.05,0.016667,0.549263,0.04,0.578262
volkan,1.0,2026,2026-88,0.15,0.341667,0.2,0.541667,0.408333,0.016667,0.308333,0.439574,-0.48,0.756887
volkan,1.0,2026,2026-89,0.491667,0.175,0.591667,0.766667,0.5,0.083333,0.0,0.704376,1.08,0.938092
volkan,1.0,2026,2026-90,0.533333,0.241667,0.566667,0.808333,0.566667,0.066667,0.0,0.690328,1.0,0.87266
volkan,1.0,2026,2026-91,0.108333,0.183333,0.033333,0.216667,0.216667,0.033333,0.616667,0.279733,-1.04,1.363375
volkan,1.0,2026,2026-92,0.1,0.158333,0.041667,0.2,0.183333,0.008333,0.683333,0.265815,-1.0,1.338205
volkan,1.0,2026,2026-93,0.191667,0.2,0.133333,0.333333,0.291667,0.016667,0.466667,0.363449,-0.92,0.978062
volkan,1.0,2026,2026-94,0.466667,0.475,0.408333,0.883333,0.675,0.041667,0.0,0.618365,0.48,0.651455
volkan,1.0,2026,2026-95,0.0,0.0,0.075,0.075,0.0,0.808333,0.0,0.896681,2.04,2.299285
volkan,1.0,2026,2026-96,0.35,0.325,0.308333,0.633333,0.591667,0.05,0.091667,0.5226,-0.04,0.656882
volkan,1.0,2026,2026-97,0.475,0.491667,0.391667,0.883333,0.666667,0.041667,0.0,0.622598,0.68,0.619079
volkan,1.0,2026,2026-98,0.158333,0.291667,0.15,0.441667,0.375,0.0,0.408333,0.385242,-0.44,0.79469
volkan,1.0,2026,2026-99,0.141667,0.3,0.133333,0.433333,0.366667,0.016667,0.383333,0.389575,-0.6,0.827656
volkan,1.0,2026,2026-100,0.125,0.175,0.075,0.25,0.225,0.025,0.65,0.282948,-1.48,1.452174
volkan,1.0,2026,2026-101,0.375,0.475,0.366667,0.841667,0.608333,0.033333,0.0,0.578252,0.44,0.559523
volkan,1.0,2026,2026-102,0.266667,0.05,0.608333,0.658333,0.266667,0.2,0.0,0.756692,1.2,1.209444
volkan,1.0,2026,2026-103,0.35,0.366667,0.325,0.691667,0.641667,0.008333,0.083333,0.498489,0.2,0.548358
volkan,1.0,2026,2026-104,0.083333,0.0,0.358333,0.358333,0.083333,0.383333,0.0,0.823367,1.48,1.658662
volkan,1.0,2026,2026-105,0.458333,0.425,0.408333,0.833333,0.658333,0.058333,0.0,0.606921,0.56,0.625418
volkan,1.0,2026,2026-106,0.391667,0.466667,0.333333,0.8,0.583333,0.05,0.0,0.586766,0.32,0.625842
volkan,1.0,2026,2026-107,0.533333,0.341667,0.475,0.816667,0.591667,0.1,0.0,0.677279,1.0,0.816948
volkan,1.0,2026,2026-108,0.55,0.333333,0.441667,0.775,0.608333,0.05,0.0,0.673328,0.6,0.809445
volkan,1.0,2026,2026-109,0.216667,0.008333,0.525,0.533333,0.216667,0.233333,0.0,0.784764,1.4,1.3876
volkan,1.0,2026,2026-110,0.158333,0.375,0.15,0.525,0.458333,0.0,0.325,0.418545,-0.36,0.661205
volkan,1.0,2026,2026-111,0.075,0.158333,0.041667,0.2,0.183333,0.0,0.733333,0.217767,-1.48,1.656953
volkan,1.0,2026,2026-112,0.466667,0.491667,0.408333,0.9,0.691667,0.025,0.0,0.609975,0.56,0.607118
volkan,1.0,2026,2026-113,0.316667,0.425,0.1,0.525,0.483333,0.016667,0.125,0.478735,-0.4,0.600873
volkan,1.0,2026,2026-114,0.391667,0.525,0.333333,0.858333,0.675,0.016667,0.0,0.568983,0.64,0.541198
volkan,1.0,2026,2026-115,0.0,0.0,0.183333,0.183333,0.0,0.566667,0.0,0.856292,1.76,1.874253
volkan,1.0,2026,2026-116,0.241667,0.2,0.191667,0.391667,0.35,0.025,0.375,0.418333,-0.84,0.89083
volkan,1.0,2026,2026-117,0.408333,0.175,0.566667,0.741667,0.408333,0.15,0.0,0.724408,1.36,1.053017
volkan,1.0,2026,2026-118,0.283333,0.05,0.641667,0.691667,0.283333,0.175,0.0,0.755035,1.2,1.201435
volkan,1.0,2026,2026-119,0.516667,0.341667,0.508333,0.85,0.633333,0.066667,0.0,0.660816,0.96,0.760173
volkan,1.0,2026,2026-120,0.216667,0.016667,0.541667,0.558333,0.216667,0.216667,0.0,0.780317,1.2,1.344937
volkan,1.0,2026,2026-121,0.333333,0.383333,0.2,0.583333,0.533333,0.0,0.125,0.4945,-0.08,0.630442
volkan,1.0,2026,2026-122,0.316667,0.35,0.108333,0.458333,0.425,0.0,0.2,0.429456,0.24,0.605731
volkan,1.0,2026,2026-123,0.233333,0.025,0.516667,0.541667,0.233333,0.25,0.0,0.775254,1.48,1.342637
volkan,1.0,2026,2026-124,0.4,0.133333,0.583333,0.716667,0.4,0.166667,0.0,0.725511,0.88,1.067626
volkan,1.0,2026,2026-125,0.066667,0.0,0.358333,0.358333,0.066667,0.433333,0.0,0.825813,1.56,1.652962
volkan,1.0,2026,2026-126,0.458333,0.45,0.408333,0.858333,0.641667,0.033333,0.0,0.635649,0.36,0.685007
volkan,1.0,2026,2026-127,0.0,0.0,0.241667,0.241667,0.0,0.583333,0.0,0.853484,1.84,1.865785
volkan,1.0,2026,2026-128,0.35,0.35,0.3,0.65,0.575,0.075,0.058333,0.533486,0.16,0.61787
volkan,1.0,2026,2026-129,0.158333,0.216667,0.166667,0.383333,0.308333,0.016667,0.391667,0.39267,-0.6,0.876939
volkan,1.0,2026,2026-130,0.075,0.141667,0.05,0.191667,0.166667,0.025,0.691667,0.253455,-1.4,1.552733
volkan,1.0,2026,2026-131,0.125,0.233333,0.141667,0.375,0.325,0.016667,0.408333,0.388492,-0.44,0.867486
volkan,1.0,2026,2026-132,0.35,0.083333,0.616667,0.7,0.35,0.183333,0.0,0.741469,0.88,1.123364
volkan,1.0,2026,2026-133,0.183333,0.158333,0.1,0.258333,0.258333,0.008333,0.558333,0.31738,-0.88,1.068489
volkan,1.0,2026,2026-134,0.375,0.425,0.158333,0.583333,0.558333,0.008333,0.083333,0.495409,-0.04,0.604373
volkan,1.0,2026,2026-135,0.0,0.0,0.025,0.025,0.0,0.858333,0.0,0.903406,1.92,2.351823
volkan,1.0,2026,2026-136,0.35,0.083333,0.608333,0.691667,0.35,0.183333,0.0,0.743473,1.0,1.15786
volkan,1.0,2026,2026-137,0.0,0.0,0.141667,0.141667,0.0,0.708333,0.0,0.874835,1.68,2.079004
volkan,1.0,2026,2026-138,0.125,0.283333,0.158333,0.441667,0.366667,0.016667,0.408333,0.392657,-0.44,0.859593
volkan,1.0,2026,2026-139,0.05,0.075,0.025,0.1,0.091667,0.025,0.783333,0.203789,-1.48,1.921516
volkan,1.0,2026,2026-140,0.016667,0.0,0.283333,0.283333,0.016667,0.483333,0.0,0.839578,1.6,1.762388
volkan,1.0,2026,2026-141,0.225,0.15,0.133333,0.283333,0.266667,0.008333,0.516667,0.344655,-0.76,1.022574
volkan,1.0,2026,2026-142,0.433333,0.508333,0.391667,0.9,0.7,0.025,0.0,0.594764,0.6,0.559467
volkan,1.0,2026,2026-143,0.491667,0.433333,0.433333,0.866667,0.658333,0.058333,0.0,0.636315,0.68,0.731689
volkan,1.0,2026,2026-144,0.158333,0.241667,0.216667,0.458333,0.35,0.008333,0.325,0.423608,-0.8,0.794357
volkan,1.0,2026,2026-145,0.008333,0.0,0.241667,0.241667,0.008333,0.541667,0.0,0.847956,1.36,1.833458
volkan,1.0,2026,2026-146,0.0,0.0,0.275,0.275,0.0,0.533333,0.0,0.845056,1.88,1.813615
volkan,1.0,2026,2026-147,0.475,0.241667,0.566667,0.808333,0.55,0.075,0.0,0.683048,1.2,0.836186
volkan,1.0,2026,2026-148,0.358333,0.466667,0.341667,0.808333,0.608333,0.05,0.0,0.581669,0.28,0.602056
volkan,1.0,2026,2026-149,0.525,0.483333,0.425,0.908333,0.725,0.033333,0.0,0.609118,0.76,0.578198
volkan,1.0,2026,2026-150,0.091667,0.291667,0.15,0.441667,0.35,0.0,0.433333,0.38284,-0.32,0.800059
volkan,1.0,2026,2026-151,0.375,0.408333,0.266667,0.675,0.641667,0.041667,0.033333,0.510051,0.32,0.562789
volkan,1.0,2026,2026-152,0.358333,0.408333,0.375,0.783333,0.633333,0.05,0.0,0.578822,0.04,0.591646
volkan,1.0,2026,2026-153,0.141667,0.375,0.15,0.525,0.433333,0.0,0.341667,0.414206,-0.32,0.692563
volkan,1.0,2026,2026-154,0.358333,0.1,0.575,0.675,0.358333,0.183333,0.0,0.742236,1.12,1.162192
volkan,1.0,2026,2026-155,0.175,0.175,0.1,0.275,0.266667,0.008333,0.525,0.332206,-0.6,1.034676
volkan,1.0,2026,2026-156,0.35,0.441667,0.125,0.566667,0.525,0.008333,0.075,0.509312,-0.12,0.625705
volkan,1.0,2026,2026-157,0.05,0.116667,0.058333,0.175,0.158333,0.041667,0.708333,0.250919,-1.36,1.656695
volkan,1.0,2026,2026-158,0.541667,0.308333,0.466667,0.775,0.608333,0.05,0.0,0.675623,0.72,0.82761
volkan,1.0,2026,2026-159,0.408333,0.15,0.55,0.7,0.408333,0.183333,0.0,0.730627,0.8,1.086865
volkan,1.0,2026,2026-160,0.475,0.2,0.55,0.75,0.516667,0.116667,0.0,0.700814,1.16,0.938243
volkan,1.0,2026,2026-161,0.0,0.0,0.0,0.0,0.0,1.0,0.0,0.953513,2.2,3.194916
volkan,1.0,2026,2026-162,0.291667,0.066667,0.6,0.666667,0.291667,0.216667,0.0,0.756801,1.12,1.220478
volkan,1.0,2026,2026-163,0.125,0.3,0.141667,0.441667,0.341667,0.033333,0.325,0.423569,-0.2,0.803674
volkan,1.0,2026,2026-164,0.0,0.0,0.0,0.0,0.0,1.0,0.0,0.940409,2.2,2.889413
volkan,1.0,2026,2026-165,0.1,0.308333,0.175,0.483333,0.35,0.008333,0.333333,0.419723,-0.52,0.787099
volkan,1.0,2026,2026-166,0.416667,0.116667,0.6,0.716667,0.416667,0.166667,0.0,0.733616,0.92,1.097567
volkan,1.0,2026,2026-167,0.391667,0.166667,0.616667,0.783333,0.408333,0.141667,0.0,0.719155,1.28,1.018886
volkan,1.0,2026,2026-168,0.15,0.3,0.166667,0.466667,0.383333,0.008333,0.366667,0.411307,-0.32,0.814171
volkan,1.0,2026,2026-169,0.041667,0.0,0.325,0.325,0.041667,0.483333,0.0,0.831714,1.36,1.703914
volkan,1.0,2026,2026-170,0.458333,0.375,0.441667,0.816667,0.575,0.116667,0.0,0.666035,0.68,0.803254
volkan,1.0,2026,2026-171,0.508333,0.216667,0.591667,0.808333,0.525,0.091667,0.0,0.696367,0.84,0.897508
volkan,1.0,2026,2026-172,0.341667,0.358333,0.141667,0.5,0.408333,0.0,0.208333,0.458107,-0.12,0.637925
volkan,1.0,2026,2026-173,0.091667,0.0,0.466667,0.466667,0.091667,0.308333,0.0,0.804243,1.6,1.483926
volkan,1.0,2026,2026-174,0.225,0.283333,0.133333,0.416667,0.366667,0.0,0.308333,0.429915,-0.08,0.732584
volkan,1.0,2026,2026-175,0.1,0.175,0.05,0.225,0.208333,0.033333,0.625,0.296289,-1.16,1.33712
volkan,1.0,2026,2026-176,0.075,0.0,0.316667,0.316667,0.075,0.491667,0.0,0.829453,1.68,1.678756
volkan,1.0,2026,2026-177,0.316667,0.291667,0.258333,0.55,0.525,0.033333,0.108333,0.49647,0.2,0.605888
volkan,1.0,2026,2026-178,0.391667,0.475,0.375,0.85,0.625,0.041667,0.0,0.590956,0.48,0.589063
volkan,1.0,2026,2026-179,0.0,0.0,0.108333,0.108333,0.0,0.775,0.0,0.886283,1.8,2.17127
volkan,1.0,2026,2026-180,0.175,0.008333,0.558333,0.566667,0.175,0.216667,0.0,0.783931,1.32,1.382018
volkan,1.0,2026,2026-181,0.491667,0.2,0.608333,0.808333,0.508333,0.1,0.0,0.69166,1.28,0.874764
volkan,1.0,2026,2026-182,0.2,0.008333,0.641667,0.65,0.2,0.158333,0.0,0.769986,1.32,1.278649
volkan,1.0,2026,2026-183,0.341667,0.408333,0.091667,0.5,0.466667,0.0,0.258333,0.436485,-0.2,0.579789
volkan,1.0,2026,2026-184,0.458333,0.116667,0.633333,0.75,0.458333,0.125,0.0,0.723792,1.08,1.036279
volkan,1.0,2026,2026-185,0.225,0.0,0.583333,0.583333,0.225,0.233333,0.0,0.77794,1.24,1.337527
volkan,1.0,2026,2026-186,0.475,0.1,0.641667,0.741667,0.475,0.108333,0.0,0.721815,1.12,1.019698
volkan,1.0,2026,2026-187,0.383333,0.325,0.358333,0.683333,0.616667,0.066667,0.033333,0.554669,-0.08,0.634322
volkan,1.0,2026,2026-188,0.016667,0.016667,0.016667,0.033333,0.025,0.0,0.941667,0.087089,-1.8,3.055063
volkan,1.0,2026,2026-189,0.533333,0.258333,0.525,0.783333,0.558333,0.1,0.0,0.691321,0.8,0.890814
volkan,1.0,2026,2026-190,0.45,0.491667,0.391667,0.883333,0.675,0.033333,0.0,0.612463,0.48,0.617633
volkan,1.0,2026,2026-191,0.325,0.325,0.241667,0.566667,0.5,0.025,0.058333,0.529028,-0.2,0.647126
volkan,1.0,2026,2026-192,0.391667,0.158333,0.558333,0.716667,0.391667,0.158333,0.0,0.723786,1.12,1.043482
volkan,1.0,2026,2026-193,0.541667,0.491667,0.425,0.916667,0.708333,0.008333,0.0,0.629894,0.76,0.620879
volkan,1.0,2026,2026-194,0.483333,0.416667,0.425,0.841667,0.666667,0.041667,0.0,0.628778,0.56,0.675084
volkan,1.0,2026,2026-195,0.175,0.191667,0.075,0.266667,0.25,0.041667,0.541667,0.34957,-0.8,1.115725
volkan,1.0,2026,2026-196,0.2,0.175,0.116667,0.291667,0.266667,0.016667,0.558333,0.337739,-0.8,1.064059
volkan,1.0,2026,2026-197,0.5,0.341667,0.458333,0.8,0.616667,0.058333,0.0,0.660745,0.44,0.758328
volkan,1.0,2026,2026-198,0.35,0.491667,0.366667,0.858333,0.608333,0.058333,0.0,0.59236,0.28,0.606967
volkan,1.0,2026,2026-199,0.366667,0.475,0.391667,0.866667,0.566667,0.058333,0.0,0.618169,0.12,0.642239
volkan,1.5,42,42-0,0.55,0.375,0.458333,0.833333,0.658333,0.058333,0.0,0.657068,1.0,0.755724
volkan,1.5,42,42-1,0.216667,0.35,0.066667,0.416667,0.383333,0.05,0.291667,0.459952,-0.32,0.784827
volkan,1.5,42,42-2,0.375,0.091667,0.541667,0.633333,0.375,0.216667,0.0,0.751897,0.88,1.23403
volkan,1.5,42,42-3,0.208333,0.066667,0.441667,0.508333,0.208333,0.308333,0.0,0.786192,1.24,1.448533
volkan,1.5,42,42-4,0.158333,0.108333,0.133333,0.241667,0.208333,0.016667,0.675,0.30584,-0.64,1.277328
volkan,1.5,42,42-5,0.125,0.25,0.141667,0.391667,0.308333,0.016667,0.391667,0.415799,-0.52,0.893065
volkan,1.5,42,42-6,0.475,0.4,0.358333,0.758333,0.625,0.058333,0.0,0.650579,0.44,0.761205
volkan,1.5,42,42-7,0.275,0.383333,0.258333,0.641667,0.441667,0.125,0.033333,0.577655,0.04,0.823386
volkan,1.5,42,42-8,0.433333,0.475,0.358333,0.833333,0.608333,0.058333,0.0,0.623329,0.36,0.704762
volkan,1.5,42,42-9,0.291667,0.308333,0.083333,0.391667,0.341667,0.075,0.266667,0.455968,-0.04,0.791244
volkan,1.5,42,42-10,0.266667,0.066667,0.558333,0.625,0.266667,0.241667,0.0,0.7685,1.44,1.318249
volkan,1.5,42,42-11,0.325,0.091667,0.558333,0.65,0.325,0.183333,0.0,0.75083,1.4,1.186117
volkan,1.5,42,42-12,0.475,0.425,0.35,0.775,0.65,0.058333,0.0,0.634308,0.6,0.711519
volkan,1.5,42,42-13,0.108333,0.0,0.408333,0.408333,0.108333,0.333333,0.0,0.803756,1.56,1.496197
volkan,1.5,42,42-14,0.508333,0.266667,0.508333,0.775,0.541667,0.125,0.0,0.695519,1.04,0.926545
volkan,1.5,42,42-15,0.3,0.341667,0.083333,0.425,0.375,0.1,0.183333,0.500635,-0.32,0.815981
volkan,1.5,42,42-16,0.541667,0.283333,0.475,0.758333,0.575,0.133333,0.0,0.687457,0.72,0.864662
volkan,1.5,42,42-17,0.233333,0.341667,0.125,0.466667,0.375,0.025,0.283333,0.456937,-0.32,0.702524
volkan,1.5,42,42-18,0.208333,0.033333,0.591667,0.625,0.208333,0.175,0.0,0.763399,1.36,1.244172
volkan,1.5,42,42-19,0.425,0.466667,0.425,0.891667,0.6,0.05,0.0,0.623325,0.28,0.709137
volkan,1.5,42,42-20,0.3,0.408333,0.35,0.758333,0.491667,0.066667,0.0,0.584845,0.32,0.664174
volkan,1.5,42,42-21,0.358333,0.208333,0.316667,0.525,0.5,0.041667,0.125,0.48449,0.2,0.653062
volkan,1.5,42,42-22,0.091667,0.0,0.35,0.35,0.091667,0.341667,0.0,0.817051,1.48,1.575741
volkan,1.5,42,42-23,0.375,0.483333,0.3,0.783333,0.65,0.058333,0.0,0.592585,0.52,0.630947
volkan,1.5,42,42-24,0.366667,0.358333,0.325,0.683333,0.658333,0.066667,0.058333,0.545867,-0.08,0.682507
volkan,1.5,42,42-25,0.333333,0.341667,0.291667,0.633333,0.575,0.083333,0.05,0.567893,-0.08,0.746696
volkan,1.5,42,42-26,0.466667,0.208333,0.575,0.783333,0.475,0.141667,0.0,0.706017,1.24,0.957687
volkan,1.5,42,42-27,0.425,0.241667,0.491667,0.733333,0.483333,0.175,0.0,0.698255,0.6,0.952413
volkan,1.5,42,42-28,0.558333,0.275,0.491667,0.766667,0.575,0.133333,0.0,0.694572,0.76,0.91754
volkan,1.5,42,42-29,0.533333,0.266667,0.525,0.791667,0.566667,0.108333,0.0,0.688618,0.84,0.897189
volkan,1.5,42,42-30,0.0,0.0,0.0,0.0,0.0,0.875,0.0,0.915745,2.04,2.529342
volkan,1.5,42,42-31,0.283333,0.391667,0.325,0.716667,0.558333,0.066667,0.05,0.547823,0.24,0.675513
volkan,1.5,42,42-32,0.333333,0.325,0.341667,0.666667,0.6,0.05,0.041667,0.540224,0.08,0.649807
volkan,1.5,42,42-33,0.308333,0.316667,0.141667,0.458333,0.391667,0.083333,0.183333,0.489277,-0.2,0.762039
volkan,1.5,42,42-34,0.45,0.125,0.633333,0.758333,0.45,0.133333,0.0,0.718582,1.12,1.013665
volkan,1.5,42,42-35,0.158333,0.0,0.425,0.425,0.158333,0.316667,0.0,0.808793,1.4,1.561302
volkan,1.5,42,42-36,0.358333,0.475,0.333333,0.808333,0.625,0.058333,0.0,0.588536,0.52,0.62946
volkan,1.5,42,42-37,0.308333,0.325,0.1,0.425,0.4,0.083333,0.191667,0.479005,-0.04,0.796883
volkan,1.5,42,42-38,0.366667,0.358333,0.1,0.458333,0.4,0.05,0.141667,0.47584,-0.12,0.688333
volkan,1.5,42,42-39,0.375,0.125,0.633333,0.758333,0.375,0.158333,0.0,0.727027,1.24,1.059297
volkan,1.5,42,42-40,0.308333,0.108333,0.6,0.708333,0.308333,0.175,0.0,0.747344,1.24,1.173635
volkan,1.5,42,42-41,0.483333,0.208333,0.55,0.758333,0.5,0.125,0.0,0.703757,1.16,0.951553
volkan,1.5,42,42-42,0.316667,0.208333,0.325,0.533333,0.491667,0.091667,0.133333,0.506958,-0.12,0.753825
volkan,1.5,42,42-43,0.541667,0.433333,0.408333,0.841667,0.7,0.05,0.0,0.639974,1.12,0.688277
volkan,1.5,42,42-44,0.491667,0.391667,0.425,0.816667,0.633333,0.116667,0.0,0.645696,0.72,0.776335
volkan,1.5,42,42-45,0.541667,0.425,0.383333,0.808333,0.675,0.066667,0.0,0.642581,0.8,0.685426
volkan,1.5,42,42-46,0.25,0.033333,0.641667,0.675,0.25,0.2,0.0,0.764483,1.16,1.262734
volkan,1.5,42,42-47,0.533333,0.391667,0.416667,0.808333,0.65,0.108333,0.0,0.658236,0.72,0.776877
volkan,1.5,42,42-48,0.375,0.091667,0.591667,0.683333,0.375,0.2,0.0,0.74182,0.96,1.15031
volkan,1.5,42,42-49,0.483333,0.425,0.4,0.825,0.658333,0.058333,0.0,0.617213,0.96,0.648618
volkan,1.5,42,42-50,0.516667,0.35,0.458333,0.808333,0.608333,0.083333,0.0,0.667247,0.76,0.795238
volkan,1.5,42,42-51,0.4,0.125,0.608333,0.733333,0.4,0.166667,0.0,0.724703,1.08,1.060973
volkan,1.5,42,42-52,0.083333,0.133333,0.183333,0.316667,0.175,0.033333,0.416667,0.400058,-0.64,1.077813
volkan,1.5,42,42-53,0.316667,0.416667,0.3,0.716667,0.575,0.05,0.016667,0.556793,0.24,0.628971
volkan,1.5,42,42-54,0.316667,0.366667,0.341667,0.708333,0.616667,0.041667,0.033333,0.534182,0.2,0.6373
volkan,1.5,42,42-55,0.316667,0.258333,0.3,0.558333,0.508333,0.066667,0.1,0.514769,0.12,0.701221
volkan,1.5,42,42-56,0.241667,0.433333,0.291667,0.725,0.5,0.1,0.016667,0.573353,0.16,0.709953
volkan,1.5,42,42-57,0.0,0.0,0.208333,0.208333,0.0,0.55,0.0,0.855932,1.4,1.915206
volkan,1.5,42,42-58,0.291667,0.316667,0.141667,0.458333,0.375,0.033333,0.166667,0.469398,0.0,0.686306
volkan,1.5,42,42-59,0.183333,0.041667,0.55,0.591667,0.183333,0.241667,0.0,0.776784,1.4,1.342446
volkan,1.5,42,42-60,0.125,0.083333,0.15,0.233333,0.15,0.033333,0.525,0.344413,-0.56,1.244268
volkan,1.5,42,42-61,0.275,0.408333,0.3,0.708333,0.55,0.075,0.008333,0.555872,0.12,0.678127
volkan,1.5,42,42-62,0.508333,0.475,0.375,0.85,0.666667,0.091667,0.0,0.634066,0.88,0.700272
volkan,1.5,42,42-63,0.408333,0.158333,0.583333,0.741667,0.408333,0.2,0.0,0.72757,0.92,1.076474
volkan,1.5,42,42-64,0.425,0.1,0.616667,0.716667,0.425,0.158333,0.0,0.735765,1.44,1.105232
volkan,1.5,42,42-65,0.266667,0.091667,0.616667,0.708333,0.266667,0.158333,0.0,0.750418,1.36,1.185314
volkan,1.5,42,42-66,0.308333,0.4,0.25,0.65,0.541667,0.066667,0.0,0.545977,0.16,0.65958
volkan,1.5,42,42-67,0.35,0.366667,0.266667,0.633333,0.558333,0.091667,0.05,0.547467,0.12,0.720971
volkan,1.5,42,42-68,0.3,0.041667,0.591667,0.633333,0.3,0.233333,0.0,0.76402,1.12,1.283907
volkan,1.5,42,42-69,0.3,0.45,0.341667,0.791667,0.566667,0.041667,0.0,0.573493,0.56,0.601367
volkan,1.5,42,42-70,0.083333,0.266667,0.158333,0.425,0.341667,0.025,0.408333,0.395494,-0.32,0.909238
volkan,1.5,42,42-71,0.125,0.341667,0.116667,0.458333,0.383333,0.033333,0.4,0.431666,-0.28,0.833728
volkan,1.5,42,42-72,0.325,0.333333,0.125,0.458333,0.375,0.058333,0.191667,0.467309,-0.16,0.716294
volkan,1.5,42,42-73,0.491667,0.15,0.6,0.75,0.533333,0.125,0.0,0.706182,0.96,0.95567
volkan,1.5,42,42-74,0.466667,0.433333,0.35,0.783333,0.641667,0.108333,0.0,0.64738,0.68,0.783057
volkan,1.5,42,42-75,0.441667,0.108333,0.616667,0.725,0.441667,0.183333,0.0,0.728503,1.04,1.085592
volkan,1.5,42,42-76,0.3,0.375,0.366667,0.741667,0.616667,0.041667,0.0,0.54366,0.2,0.605169
volkan,1.5,42,42-77,0.475,0.433333,0.391667,0.825,0.675,0.058333,0.0,0.639457,0.88,0.714382
volkan,1.5,42,42-78,0.441667,0.125,0.583333,0.708333,0.441667,0.15,0.0,0.727548,1.04,1.07106
volkan,1.5,42,42-79,0.241667,0.425,0.316667,0.741667,0.525,0.083333,0.008333,0.571478,0.28,0.658496
volkan,1.5,42,42-80,0.508333,0.275,0.466667,0.741667,0.541667,0.175,0.0,0.700142,0.6,0.971899
volkan,1.5,42,42-81,0.375,0.208333,0.308333,0.516667,0.483333,0.058333,0.133333,0.498027,0.08,0.723951
volkan,1.5,42,42-82,0.383333,0.35,0.383333,0.733333,0.683333,0.058333,0.008333,0.57982,-0.16,0.684541
volkan,1.5,42,42-83,0.241667,0.391667,0.275,0.666667,0.458333,0.075,0.041667,0.551139,0.2,0.676013
volkan,1.5,42,42-84,0.108333,0.316667,0.116667,0.433333,0.383333,0.025,0.4,0.420896,-0.32,0.831147
volkan,1.5,42,42-85,0.491667,0.183333,0.575,0.758333,0.525,0.15,0.0,0.703043,0.96,0.961066
volkan,1.5,42,42-86,0.308333,0.383333,0.275,0.658333,0.575,0.058333,0.075,0.527743,0.24,0.653125
volkan,1.5,42,42-87,0.383333,0.475,0.35,0.825,0.583333,0.083333,0.0,0.630677,0.24,0.744581
volkan,1.5,42,42-88,0.475,0.25,0.475,0.725,0.491667,0.208333,0.0,0.711248,0.64,1.011827
volkan,1.5,42,42-89,0.558333,0.208333,0.583333,0.791667,0.591667,0.091667,0.0,0.6866,1.16,0.859667
volkan,1.5,42,42-90,0.466667,0.158333,0.566667,0.725,0.466667,0.2,0.0,0.727005,0.88,1.072821
volkan,1.5,42,42-91,0.375,0.441667,0.383333,0.825,0.55,0.05,0.0,0.613576,0.28,0.700517
volkan,1.5,42,42-92,0.3,0.408333,0.316667,0.725,0.6,0.041667,0.025,0.528725,0.32,0.589023
volkan,1.5,42,42-93,0.4,0.491667,0.325,0.816667,0.658333,0.05,0.0,0.58645,0.72,0.60525
volkan,1.5,42,42-94,0.1,0.125,0.158333,0.283333,0.166667,0.016667,0.541667,0.346721,-0.84,1.153914
volkan,1.5,42,42-95,0.083333,0.133333,0.166667,0.3,0.175,0.008333,0.425,0.388771,-0.56,1.016892
volkan,1.5,42,42-96,0.075,0.275,0.141667,0.416667,0.325,0.0,0.45,0.386751,-0.32,0.919469
volkan,1.5,42,42-97,0.275,0.366667,0.075,0.441667,0.4,0.016667,0.308333,0.437074,-0.28,0.716413
volkan,1.5,42,42-98,0.516667,0.233333,0.583333,0.816667,0.55,0.1,0.0,0.686463,0.92,0.865174
volkan,1.5,42,42-99,0.291667,0.375,0.075,0.45,0.391667,0.041667,0.233333,0.475595,-0.44,0.712639
volkan,1.5,42,42-100,0.266667,0.383333,0.283333,0.666667,0.508333,0.058333,0.025,0.54261,0.28,0.641459
volkan,1.5,42,42-101,0.116667,0.0,0.4,0.4,0.116667,0.441667,0.0,0.823125,1.88,1.651719
volkan,1.5,42,42-102,0.216667,0.441667,0.358333,0.8,0.558333,0.066667,0.0,0.568891,0.16,0.629787
volkan,1.5,42,42-103,0.358333,0.083333,0.633333,0.716667,0.358333,0.183333,0.0,0.742672,1.2,1.136524
volkan,1.5,42,42-104,0.291667,0.341667,0.075,0.416667,0.358333,0.066667,0.225,0.483541,-0.28,0.770443
volkan,1.5,42,42-105,0.3,0.433333,0.333333,0.766667,0.55,0.05,0.0,0.582361,0.4,0.644007
volkan,1.5,42,42-106,0.308333,0.325,0.075,0.4,0.35,0.041667,0.283333,0.454222,-0.2,0.76544
volkan,1.5,42,42-107,0.291667,0.4,0.316667,0.716667,0.533333,0.05,0.016667,0.558564,0.16,0.650292
volkan,1.5,42,42-108,0.308333,0.041667,0.641667,0.683333,0.308333,0.15,0.0,0.754114,1.2,1.20599
volkan,1.5,42,42-109,0.191667,0.1,0.2,0.3,0.216667,0.066667,0.491667,0.396896,-0.84,1.312544
volkan,1.5,42,42-110,0.525,0.3,0.483333,0.783333,0.591667,0.141667,0.0,0.680618,1.16,0.860807
volkan,1.5,42,42-111,0.533333,0.458333,0.358333,0.816667,0.65,0.066667,0.0,0.646843,0.72,0.718789
volkan,1.5,42,42-112,0.35,0.241667,0.283333,0.525,0.508333,0.05,0.125,0.512905,0.16,0.670823
volkan,1.5,42,42-113,0.133333,0.141667,0.15,0.291667,0.208333,0.008333,0.408333,0.376634,-0.6,1.012782
volkan,1.5,42,42-114,0.533333,0.491667,0.341667,0.833333,0.708333,0.041667,0.0,0.619726,0.92,0.626023
volkan,1.5,42,42-115,0.341667,0.291667,0.258333,0.55,0.525,0.075,0.083333,0.513917,0.16,0.69109
volkan,1.5,42,42-116,0.5,0.383333,0.408333,0.791667,0.616667,0.141667,0.0,0.663944,0.68,0.812083
volkan,1.5,42,42-117,0.425,0.466667,0.391667,0.858333,0.641667,0.05,0.0,0.618402,0.68,0.65628
volkan,1.5,42,42-118,0.0,0.0,0.141667,0.141667,0.0,0.625,0.0,0.866396,1.68,1.980033
volkan,1.5,42,42-119,0.366667,0.5,0.308333,0.808333,0.65,0.05,0.0,0.564342,0.56,0.604538
volkan,1.5,42,42-120,0.316667,0.325,0.091667,0.416667,0.383333,0.066667,0.3,0.446976,-0.2,0.734803
volkan,1.5,42,42-121,0.491667,0.4,0.416667,0.816667,0.633333,0.1,0.0,0.649499,0.88,0.744675
volkan,1.5,42,42-122,0.483333,0.341667,0.408333,0.75,0.566667,0.116667,0.0,0.659125,0.84,0.825926
volkan,1.5,42,42-123,0.0,0.0,0.333333,0.333333,0.0,0.433333,0.0,0.832954,1.72,1.702968
volkan,1.5,42,42-124,0.283333,0.025,0.641667,0.666667,0.283333,0.216667,0.0,0.758135,1.04,1.247336
volkan,1.5,42,42-125,0.491667,0.316667,0.475,0.791667,0.583333,0.125,0.0,0.675794,1.0,0.845614
volkan,1.5,42,42-126,0.008333,0.0,0.266667,0.266667,0.008333,0.541667,0.0,0.849692,1.72,1.832447
volkan,1.5,42,42-127,0.075,0.341667,0.1,0.441667,0.383333,0.033333,0.375,0.42898,-0.4,0.885225
volkan,1.5,42,42-128,0.333333,0.2,0.291667,0.491667,0.45,0.066667,0.116667,0.506278,0.08,0.683673
volkan,1.5,42,42-129,0.325,0.358333,0.066667,0.425,0.366667,0.058333,0.258333,0.47198,-0.2,0.784432
volkan,1.5,42,42-130,0.35,0.35,0.3,0.65,0.575,0.108333,0.033333,0.561613,0.04,0.724693
volkan,1.5,42,42-131,0.075,0.175,0.158333,0.333333,0.216667,0.025,0.425,0.397545,-0.6,1.076158
volkan,1.5,42,42-132,0.416667,0.141667,0.633333,0.775,0.416667,0.141667,0.0,0.722943,1.32,1.038956
volkan,1.5,42,42-133,0.233333,0.391667,0.258333,0.65,0.433333,0.075,0.0,0.564159,0.4,0.72626
volkan,1.5,42,42-134,0.058333,0.2,0.158333,0.358333,0.216667,0.008333,0.45,0.371968,-0.4,1.018562
volkan,1.5,42,42-135,0.258333,0.333333,0.058333,0.391667,0.341667,0.033333,0.308333,0.438797,-0.2,0.796505
volkan,1.5,42,42-136,0.483333,0.325,0.508333,0.833333,0.608333,0.108333,0.0,0.666789,1.08,0.805994
volkan,1.5,42,42-137,0.275,0.1,0.533333,0.633333,0.275,0.241667,0.0,0.763078,1.28,1.300352
volkan,1.5,42,42-138,0.0,0.0,0.033333,0.033333,0.0,0.866667,0.0,0.902275,2.0,2.345651
volkan,1.5,42,42-139,0.0,0.0,0.0,0.0,0.0,1.0,0.0,0.958079,2.08,3.277448
volkan,1.5,42,42-140,0.466667,0.275,0.5,0.775,0.525,0.108333,0.0,0.692806,1.0,0.915023
volkan,1.5,42,42-141,0.241667,0.316667,0.075,0.391667,0.358333,0.041667,0.275,0.467434,-0.44,0.829065
volkan,1.5,42,42-142,0.183333,0.183333,0.1,0.283333,0.266667,0.05,0.641667,0.312124,-1.0,1.463928
volkan,1.5,42,42-143,0.525,0.375,0.391667,0.766667,0.633333,0.075,0.0,0.664171,0.56,0.791025
volkan,1.5,42,42-144,0.375,0.358333,0.066667,0.425,0.4,0.1,0.183333,0.491164,-0.32,0.736643
volkan,1.5,42,42-145,0.241667,0.375,0.291667,0.666667,0.483333,0.066667,0.066667,0.550863,0.2,0.691956
volkan,1.5,42,42-146,0.275,0.3,0.291667,0.591667,0.516667,0.041667,0.116667,0.504522,0.32,0.671699
volkan,1.5,42,42-147,0.391667,0.5,0.3,0.8,0.6,0.05,0.0,0.607709,0.44,0.679653
volkan,1.5,42,42-148,0.166667,0.0,0.475,0.475,0.166667,0.291667,0.0,0.800089,1.4,1.500408
volkan,1.5,42,42-149,0.475,0.441667,0.341667,0.783333,0.633333,0.05,0.0,0.644812,0.64,0.72589
volkan,1.5,42,42-150,0.366667,0.433333,0.383333,0.816667,0.566667,0.066667,0.0,0.603986,0.24,0.702427
volkan,1.5,42,42-151,0.25,0.341667,0.066667,0.408333,0.391667,0.05,0.291667,0.457201,-0.32,0.77095
volkan,1.5,42,42-152,0.058333,0.083333,0.141667,0.225,0.133333,0.025,0.55,0.337961,-0.48,1.216661
volkan,1.5,42,42-153,0.308333,0.375,0.291667,0.666667,0.55,0.033333,0.05,0.514915,0.44,0.619557
volkan,1.5,42,42-154,0.416667,0.491667,0.35,0.841667,0.65,0.041667,0.0,0.596094,0.56,0.607365
volkan,1.5,42,42-155,0.0,0.0,0.108333,0.108333,0.0,0.741667,0.0,0.882633,1.72,2.126874
volkan,1.5,42,42-156,0.5,0.516667,0.35,0.866667,0.7,0.075,0.0,0.614952,0.84,0.646065
volkan,1.5,42,42-157,0.216667,0.025,0.483333,0.508333,0.216667,0.316667,0.0,0.786559,1.52,1.445793
volkan,1.5,42,42-158,0.325,0.291667,0.3,0.591667,0.558333,0.033333,0.083333,0.520704,0.12,0.659126
volkan,1.5,42,42-159,0.141667,0.325,0.083333,0.408333,0.383333,0.016667,0.375,0.409149,-0.24,0.8143
volkan,1.5,42,42-160,0.283333,0.35,0.083333,0.433333,0.391667,0.066667,0.316667,0.459813,-0.28,0.783267
volkan,1.5,42,42-161,0.358333,0.216667,0.333333,0.55,0.491667,0.033333,0.116667,0.489977,0.04,0.658038
volkan,1.5,42,42-162,0.0,0.0,0.0,0.0,0.0,0.875,0.0,0.914115,1.96,2.520686
volkan,1.5,42,42-163,0.333333,0.308333,0.166667,0.475,0.433333,0.025,0.191667,0.455389,0.04,0.68317
volkan,1.5,42,42-164,0.283333,0.091667,0.525,0.616667,0.283333,0.241667,0.0,0.764941,1.4,1.305461
volkan,1.5,42,42-165,0.266667,0.333333,0.091667,0.425,0.366667,0.083333,0.233333,0.478064,-0.32,0.810614
volkan,1.5,42,42-166,0.241667,0.058333,0.508333,0.566667,0.241667,0.275,0.0,0.783284,1.16,1.422008
volkan,1.5,42,42-167,0.533333,0.308333,0.458333,0.766667,0.575,0.133333,0.0,0.685403,0.6,0.883551
volkan,1.5,42,42-168,0.325,0.408333,0.341667,0.75,0.525,0.066667,0.0,0.592987,0.32,0.686493
volkan,1.5,42,42-169,0.366667,0.475,0.341667,0.816667,0.641667,0.066667,0.0,0.593859,0.52,0.662779
volkan,1.5,42,42-170,0.4,0.208333,0.3,0.508333,0.508333,0.025,0.091667,0.493648,0.2,0.617353
volkan,1.5,42,42-171,0.458333,0.3,0.491667,0.791667,0.508333,0.125,0.0,0.6921,1.28,0.914248
volkan,1.5,42,42-172,0.35,0.266667,0.308333,0.575,0.541667,0.066667,0.05,0.531866,0.12,0.666713
volkan,1.5,42,42-173,0.1,0.275,0.141667,0.416667,0.325,0.016667,0.425,0.42287,-0.48,0.92142
volkan,1.5,42,42-174,0.05,0.241667,0.125,0.366667,0.275,0.033333,0.416667,0.410391,-0.44,1.022613
volkan,1.5,42,42-175,0.458333,0.466667,0.375,0.841667,0.625,0.108333,0.0,0.649899,0.6,0.756022
volkan,1.5,42,42-176,0.0,0.0,0.216667,0.216667,0.0,0.558333,0.0,0.861033,1.72,1.946896
volkan,1.5,42,42-177,0.525,0.408333,0.391667,0.8,0.65,0.091667,0.0,0.654008,0.52,0.758778
volkan,1.5,42,42-178,0.291667,0.45,0.358333,0.808333,0.533333,0.05,0.0,0.59393,0.32,0.653975
volkan,1.5,42,42-179,0.5,0.316667,0.516667,0.833333,0.6,0.091667,0.0,0.669589,0.96,0.820693
volkan,1.5,42,42-180,0.066667,0.0,0.341667,0.341667,0.066667,0.458333,0.0,0.830148,1.6,1.719712
volkan,1.5,42,42-181,0.425,0.458333,0.383333,0.841667,0.625,0.058333,0.0,0.634886,0.6,0.718705
volkan,1.5,42,42-182,0.308333,0.391667,0.325,0.716667,0.558333,0.025,0.033333,0.535621,0.32,0.60791
volkan,1.5,42,42-183,0.125,0.0,0.475,0.475,0.125,0.25,0.0,0.800836,1.4,1.479484
volkan,1.5,42,42-184,0.475,0.233333,0.533333,0.766667,0.55,0.116667,0.0,0.685407,0.84,0.863219
volkan,1.5,42,42-185,0.0,0.0,0.175,0.175,0.0,0.608333,0.0,0.857339,1.84,1.895483
volkan,1.5,42,42-186,0.55,0.458333,0.391667,0.85,0.65,0.075,0.0,0.647622,0.6,0.720684
volkan,1.5,42,42-187,0.1,0.35,0.125,0.475,0.416667,0.008333,0.441667,0.397326,-0.32,0.806846
volkan,1.5,42,42-188,0.066667,0.158333,0.183333,0.341667,0.191667,0.016667,0.4,0.393005,-0.6,0.992486
volkan,1.5,42,42-189,0.0,0.0,0.158333,0.158333,0.0,0.666667,0.0,0.871821,1.84,2.04597
volkan,1.5,42,42-190,0.0,0.0,0.125,0.125,0.0,0.683333,0.0,0.878628,1.88,2.104105
volkan,1.5,42,42-191,0.241667,0.425,0.366667,0.791667,0.5,0.091667,0.0,0.599962,0.08,0.685913
volkan,1.5,42,42-192,0.316667,0.408333,0.275,0.683333,0.533333,0.05,0.075,0.54262,0.52,0.655702
volkan,1.5,42,42-193,0.016667,0.0,0.233333,0.233333,0.016667,0.516667,0.0,0.847191,2.04,1.820205
volkan,1.5,42,42-194,0.166667,0.35,0.133333,0.483333,0.383333,0.033333,0.341667,0.448767,-0.52,0.828295
volkan,1.5,42,42-195,0.233333,0.341667,0.066667,0.408333,0.358333,0.083333,0.258333,0.47388,-0.28,0.768896
volkan,1.5,42,42-196,0.383333,0.141667,0.608333,0.75,0.383333,0.158333,0.0,0.727226,1.24,1.055706
volkan,1.5,42,42-197,0.35,0.366667,0.266667,0.633333,0.591667,0.075,0.05,0.556507,0.04,0.720684
volkan,1.5,42,42-198,0.433333,0.516667,0.3,0.816667,0.675,0.041667,0.0,0.602481,0.72,0.60579
volkan,1.5,42,42-199,0.333333,0.466667,0.375,0.841667,0.583333,0.041667,0.0,0.581376,0.44,0.590666
volkan,1.5,137,137-0,0.316667,0.383333,0.1,0.483333,0.416667,0.075,0.175,0.478581,-0.08,0.728265
volkan,1.5,137,137-1,0.308333,0.291667,0.175,0.466667,0.416667,0.05,0.2,0.47646,0.0,0.737508
volkan,1.5,137,137-2,0.3,0.208333,0.308333,0.516667,0.45,0.1,0.125,0.515832,-0.08,0.758292
volkan,1.5,137,137-3,0.441667,0.408333,0.375,0.783333,0.6,0.05,0.0,0.62424,0.52,0.733617
volkan,1.5,137,137-4,0.35,0.225,0.316667,0.541667,0.508333,0.066667,0.066667,0.525595,0.04,0.674873
volkan,1.5,137,137-5,0.2,0.366667,0.1,0.466667,0.425,0.041667,0.316667,0.462336,-0.48,0.781312
volkan,1.5,137,137-6,0.483333,0.408333,0.408333,0.816667,0.625,0.1,0.0,0.654952,0.68,0.785418
volkan,1.5,137,137-7,0.325,0.216667,0.308333,0.525,0.491667,0.075,0.158333,0.503021,0.08,0.748176
volkan,1.5,137,137-8,0.116667,0.075,0.125,0.2,0.166667,0.016667,0.725,0.283452,-0.64,1.346546
volkan,1.5,137,137-9,0.0,0.0,0.016667,0.016667,0.0,0.808333,0.0,0.895848,1.96,2.253865
volkan,1.5,137,137-10,0.0,0.0,0.15,0.15,0.0,0.608333,0.0,0.867412,1.6,1.995379
volkan,1.5,137,137-11,0.258333,0.333333,0.066667,0.4,0.366667,0.033333,0.408333,0.41014,-0.04,0.751334
volkan,1.5,137,137-12,0.275,0.433333,0.275,0.708333,0.558333,0.025,0.033333,0.52732,0.64,0.575003
volkan,1.5,137,137-13,0.366667,0.433333,0.316667,0.75,0.575,0.075,0.0,0.60449,0.44,0.710574
volkan,1.5,137,137-14,0.258333,0.025,0.475,0.5,0.258333,0.233333,0.0,0.78146,1.48,1.39635
volkan,1.5,137,137-15,0.108333,0.208333,0.025,0.233333,0.233333,0.05,0.658333,0.257146,-0.84,1.735613
volkan,1.5,137,137-16,0.366667,0.358333,0.108333,0.466667,0.408333,0.066667,0.166667,0.478211,-0.2,0.70187
volkan,1.5,137,137-17,0.466667,0.441667,0.375,0.816667,0.625,0.083333,0.0,0.645275,0.8,0.735232
volkan,1.5,137,137-18,0.15,0.066667,0.166667,0.233333,0.175,0.016667,0.583333,0.321295,-0.8,1.301698
volkan,1.5,137,137-19,0.275,0.225,0.275,0.5,0.475,0.033333,0.183333,0.478554,0.32,0.684902
volkan,1.5,137,137-20,0.258333,0.4,0.325,0.725,0.508333,0.033333,0.016667,0.549587,0.4,0.59865
volkan,1.5,137,137-21,0.275,0.383333,0.325,0.708333,0.508333,0.05,0.025,0.543398,0.2,0.627731
volkan,1.5,137,137-22,0.183333,0.358333,0.083333,0.441667,0.425,0.041667,0.333333,0.443931,-0.4,0.810063
volkan,1.5,137,137-23,0.158333,0.0,0.533333,0.533333,0.158333,0.258333,0.0,0.794342,1.32,1.447065
volkan,1.5,137,137-24,0.3,0.291667,0.25,0.541667,0.508333,0.05,0.116667,0.495571,0.28,0.71556
volkan,1.5,137,137-25,0.333333,0.041667,0.616667,0.658333,0.333333,0.241667,0.0,0.759478,0.84,1.25807
volkan,1.5,137,137-26,0.333333,0.441667,0.291667,0.733333,0.575,0.041667,0.008333,0.554626,0.48,0.618593
volkan,1.5,137,137-27,0.483333,0.425,0.366667,0.791667,0.658333,0.066667,0.0,0.647741,0.64,0.730457
volkan,1.5,137,137-28,0.366667,0.291667,0.35,0.641667,0.608333,0.091667,0.025,0.562442,-0.12,0.711043
volkan,1.5,137,137-29,0.141667,0.025,0.475,0.5,0.141667,0.3,0.0,0.798813,1.08,1.484875
volkan,1.5,137,137-30,0.516667,0.325,0.475,0.8,0.616667,0.125,0.0,0.675772,0.88,0.846497
volkan,1.5,137,137-31,0.266667,0.375,0.05,0.425,0.383333,0.033333,0.291667,0.443889,-0.28,0.736209
volkan,1.5,137,137-32,0.35,0.15,0.541667,0.691667,0.35,0.175,0.0,0.741343,1.4,1.142978
volkan,1.5,137,137-33,0.0,0.0,0.0,0.0,0.0,1.0,0.0,0.947033,1.92,3.002032
volkan,1.5,137,137-34,0.158333,0.066667,0.191667,0.258333,0.191667,0.041667,0.55,0.354937,-0.64,1.257588
volkan,1.5,137,137-35,0.375,0.5,0.35,0.85,0.616667,0.066667,0.0,0.600093,0.36,0.653794
volkan,1.5,137,137-36,0.441667,0.433333,0.341667,0.775,0.625,0.075,0.0,0.625544,0.64,0.712061
volkan,1.5,137,137-37,0.291667,0.458333,0.341667,0.8,0.533333,0.066667,0.0,0.591376,0.24,0.691994
volkan,1.5,137,137-38,0.25,0.025,0.533333,0.558333,0.25,0.25,0.0,0.773245,1.44,1.340346
volkan,1.5,137,137-39,0.266667,0.45,0.333333,0.783333,0.508333,0.066667,0.0,0.584947,0.28,0.663168
volkan,1.5,137,137-40,0.325,0.033333,0.65,0.683333,0.325,0.225,0.0,0.755764,0.92,1.229863
volkan,1.5,137,137-41,0.375,0.116667,0.633333,0.75,0.375,0.133333,0.0,0.728857,1.28,1.075312
volkan,1.5,137,137-42,0.233333,0.366667,0.116667,0.483333,0.441667,0.025,0.341667,0.425804,-0.2,0.675376
volkan,1.5,137,137-43,0.091667,0.291667,0.15,0.441667,0.358333,0.025,0.366667,0.440539,-0.52,0.869734
volkan,1.5,137,137-44,0.0,0.0,0.108333,0.108333,0.0,0.708333,0.0,0.885838,2.0,2.211079
volkan,1.5,137,137-45,0.333333,0.491667,0.3,0.791667,0.591667,0.05,0.0,0.578881,0.4,0.591158
volkan,1.5,137,137-46,0.483333,0.416667,0.383333,0.8,0.641667,0.066667,0.0,0.64199,0.6,0.724318
volkan,1.5,137,137-47,0.0,0.0,0.2,0.2,0.0,0.658333,0.0,0.860026,1.68,1.915662
volkan,1.5,137,137-48,0.408333,0.125,0.683333,0.808333,0.408333,0.116667,0.0,0.722479,1.36,1.026493
volkan,1.5,137,137-49,0.3,0.341667,0.258333,0.6,0.541667,0.025,0.108333,0.483808,0.44,0.606376
volkan,1.5,137,137-50,0.333333,0.391667,0.291667,0.683333,0.575,0.091667,0.025,0.567136,0.08,0.712623
volkan,1.5,137,137-51,0.15,0.0,0.466667,0.466667,0.15,0.366667,0.0,0.801627,1.44,1.534442
volkan,1.5,137,137-52,0.025,0.0,0.291667,0.291667,0.025,0.475,0.0,0.834546,1.64,1.696172
volkan,1.5,137,137-53,0.291667,0.441667,0.316667,0.758333,0.55,0.058333,0.033333,0.563602,0.44,0.643384
volkan,1.5,137,137-54,0.025,0.0,0.316667,0.316667,0.025,0.425,0.0,0.829447,1.68,1.658588
volkan,1.5,137,137-55,0.291667,0.383333,0.325,0.708333,0.566667,0.05,0.025,0.537479,0.32,0.620793
volkan,1.5,137,137-56,0.508333,0.45,0.4,0.85,0.683333,0.05,0.0,0.634835,1.0,0.664457
volkan,1.5,137,137-57,0.075,0.225,0.183333,0.408333,0.266667,0.041667,0.383333,0.440891,-0.64,1.065746
volkan,1.5,137,137-58,0.3,0.425,0.35,0.775,0.541667,0.075,0.0,0.587244,0.28,0.688202
volkan,1.5,137,137-59,0.45,0.191667,0.55,0.741667,0.5,0.158333,0.0,0.708001,0.92,0.983117
volkan,1.5,137,137-60,0.525,0.266667,0.5,0.766667,0.583333,0.15,0.0,0.686185,0.8,0.89505
volkan,1.5,137,137-61,0.391667,0.075,0.608333,0.683333,0.391667,0.183333,0.0,0.744576,1.0,1.164628
volkan,1.5,137,137-62,0.308333,0.241667,0.241667,0.483333,0.466667,0.041667,0.191667,0.469946,0.2,0.681406
volkan,1.5,137,137-63,0.3,0.416667,0.291667,0.708333,0.516667,0.066667,0.0,0.581891,0.44,0.718446
volkan,1.5,137,137-64,0.375,0.491667,0.316667,0.808333,0.6,0.05,0.0,0.604264,0.36,0.684949
volkan,1.5,137,137-65,0.0,0.0,0.125,0.125,0.0,0.675,0.0,0.876719,1.8,2.08329
volkan,1.5,137,137-66,0.108333,0.341667,0.066667,0.408333,0.383333,0.025,0.433333,0.403136,-0.24,0.948134
volkan,1.5,137,137-67,0.266667,0.383333,0.325,0.708333,0.45,0.066667,0.0,0.566333,0.2,0.669363
volkan,1.5,137,137-68,0.325,0.466667,0.35,0.816667,0.516667,0.066667,0.0,0.60572,0.28,0.687609
volkan,1.5,137,137-69,0.0,0.0,0.0,0.0,0.0,1.0,0.0,0.965125,2.32,3.497105
volkan,1.5,137,137-70,0.45,0.183333,0.566667,0.75,0.45,0.133333,0.0,0.724839,1.32,1.070402
volkan,1.5,137,137-71,0.4,0.5,0.375,0.875,0.641667,0.033333,0.0,0.597087,0.52,0.600108
volkan,1.5,137,137-72,0.408333,0.45,0.308333,0.758333,0.616667,0.083333,0.0,0.626683,0.4,0.759559
volkan,1.5,137,137-73,0.116667,0.091667,0.133333,0.225,0.141667,0.008333,0.508333,0.33181,-0.64,1.154389
volkan,1.5,137,137-74,0.433333,0.4,0.35,0.75,0.616667,0.116667,0.0,0.646889,0.48,0.851457
volkan,1.5,137,137-75,0.091667,0.0,0.341667,0.341667,0.091667,0.5,0.0,0.827192,1.8,1.662993
volkan,1.5,137,137-76,0.316667,0.45,0.358333,0.808333,0.55,0.05,0.0,0.586942,0.32,0.621399
volkan,1.5,137,137-77,0.325,0.333333,0.3,0.633333,0.55,0.058333,0.05,0.528908,0.12,0.662478
volkan,1.5,137,137-78,0.233333,0.425,0.283333,0.708333,0.491667,0.058333,0.0,0.564011,0.32,0.66053
volkan,1.5,137,137-79,0.25,0.075,0.541667,0.616667,0.25,0.25,0.0,0.76449,1.32,1.298613
volkan,1.5,137,137-80,0.45,0.141667,0.616667,0.758333,0.45,0.125,0.0,0.715851,1.2,0.997545
volkan,1.5,137,137-81,0.125,0.0,0.425,0.425,0.125,0.375,0.0,0.807073,1.48,1.548594
volkan,1.5,137,137-82,0.508333,0.458333,0.358333,0.816667,0.65,0.091667,0.0,0.648639,0.64,0.734784
volkan,1.5,137,137-83,0.383333,0.116667,0.633333,0.75,0.383333,0.158333,0.0,0.739742,1.4,1.138653
volkan,1.5,137,137-84,0.325,0.341667,0.133333,0.475,0.408333,0.041667,0.2,0.461768,-0.04,0.702366
volkan,1.5,137,137-85,0.433333,0.425,0.375,0.8,0.608333,0.108333,0.0,0.635984,0.92,0.754018
volkan,1.5,137,137-86,0.25,0.341667,0.091667,0.433333,0.383333,0.033333,0.35,0.433539,-0.24,0.754835
volkan,1.5,137,137-87,0.325,0.225,0.283333,0.508333,0.466667,0.05,0.158333,0.48477,0.12,0.689036
volkan,1.5,137,137-88,0.316667,0.325,0.108333,0.433333,0.408333,0.066667,0.233333,0.4507,0.12,0.746351
volkan,1.5,137,137-89,0.35,0.466667,0.366667,0.833333,0.575,0.041667,0.0,0.59376,0.44,0.633573
volkan,1.5,137,137-90,0.116667,0.0,0.458333,0.458333,0.116667,0.333333,0.0,0.805519,1.12,1.532761
volkan,1.5,137,137-91,0.6,0.283333,0.516667,0.8,0.616667,0.083333,0.0,0.679342,0.84,0.813167
volkan,1.5,137,137-92,0.141667,0.341667,0.066667,0.408333,0.4,0.016667,0.391667,0.425117,-0.24,0.776393
volkan,1.5,137,137-93,0.383333,0.208333,0.525,0.733333,0.416667,0.15,0.0,0.716207,1.28,1.019097
volkan,1.5,137,137-94,0.0,0.0,0.0,0.0,0.0,0.916667,0.0,0.917779,2.08,2.529769
volkan,1.5,137,137-95,0.058333,0.0,0.316667,0.316667,0.058333,0.491667,0.0,0.832154,1.56,1.709028
volkan,1.5,137,137-96,0.35,0.15,0.541667,0.691667,0.35,0.166667,0.0,0.740748,1.32,1.142381
volkan,1.5,137,137-97,0.075,0.0,0.416667,0.416667,0.075,0.366667,0.0,0.81283,1.6,1.546196
volkan,1.5,137,137-98,0.075,0.0,0.358333,0.358333,0.075,0.441667,0.0,0.824135,1.48,1.685728
volkan,1.5,137,137-99,0.466667,0.266667,0.433333,0.7,0.55,0.158333,0.0,0.695715,0.48,0.947473
volkan,1.5,137,137-100,0.308333,0.375,0.333333,0.708333,0.508333,0.041667,0.008333,0.550462,0.4,0.637695
volkan,1.5,137,137-101,0.0,0.0,0.0,0.0,0.0,0.875,0.0,0.910369,1.84,2.453923
volkan,1.5,137,137-102,0.541667,0.283333,0.516667,0.8,0.6,0.066667,0.0,0.674753,0.92,0.81816
volkan,1.5,137,137-103,0.075,0.0,0.35,0.35,0.075,0.45,0.0,0.82706,1.48,1.659709
volkan,1.5,137,137-104,0.425,0.475,0.316667,0.791667,0.658333,0.075,0.0,0.62348,0.44,0.718855
volkan,1.5,137,137-105,0.0,0.0,0.0,0.0,0.0,0.916667,0.0,0.914657,1.92,2.510164
volkan,1.5,137,137-106,0.066667,0.108333,0.05,0.158333,0.141667,0.033333,0.716667,0.220581,-1.44,2.078611
volkan,1.5,137,137-107,0.233333,0.408333,0.325,0.733333,0.491667,0.075,0.0,0.567459,0.2,0.664728
volkan,1.5,137,137-108,0.066667,0.125,0.075,0.2,0.175,0.025,0.683333,0.232464,-1.12,1.891686
volkan,1.5,137,137-109,0.0,0.0,0.15,0.15,0.0,0.675,0.0,0.877219,1.68,2.113902
volkan,1.5,137,137-110,0.341667,0.291667,0.25,0.541667,0.516667,0.033333,0.108333,0.494542,0.24,0.621296
volkan,1.5,137,137-111,0.066667,0.0,0.366667,0.366667,0.066667,0.425,0.0,0.819267,1.8,1.601559
volkan,1.5,137,137-112,0.291667,0.325,0.25,0.575,0.5,0.108333,0.066667,0.550156,0.0,0.775037
volkan,1.5,137,137-113,0.358333,0.15,0.391667,0.541667,0.483333,0.05,0.133333,0.505068,-0.04,0.698385
volkan,1.5,137,137-114,0.275,0.391667,0.283333,0.675,0.491667,0.05,0.033333,0.548508,0.24,0.657856
volkan,1.5,137,137-115,0.25,0.408333,0.375,0.783333,0.541667,0.041667,0.025,0.564651,0.12,0.612652
volkan,1.5,137,137-116,0.05,0.0,0.341667,0.341667,0.05,0.375,0.0,0.821788,1.4,1.628179
volkan,1.5,137,137-117,0.358333,0.166667,0.35,0.516667,0.491667,0.058333,0.1,0.493742,0.08,0.663462
volkan,1.5,137,137-118,0.2,0.1,0.166667,0.266667,0.233333,0.033333,0.583333,0.339539,-0.88,1.290819
volkan,1.5,137,137-119,0.225,0.416667,0.308333,0.725,0.483333,0.058333,0.033333,0.563489,0.36,0.654095
volkan,1.5,137,137-120,0.0,0.0,0.041667,0.041667,0.0,0.791667,0.0,0.898152,2.04,2.301162
volkan,1.5,137,137-121,0.0,0.0,0.0,0.0,0.0,0.925,0.0,0.920015,2.08,2.5736
volkan,1.5,137,137-122,0.416667,0.416667,0.35,0.766667,0.625,0.041667,0.0,0.64166,0.36,0.749508
volkan,1.5,137,137-123,0.116667,0.225,0.158333,0.383333,0.291667,0.033333,0.383333,0.428417,-0.6,0.953711
volkan,1.5,137,137-124,0.091667,0.091667,0.175,0.266667,0.125,0.016667,0.433333,0.373255,-0.64,1.126408
volkan,1.5,137,137-125,0.408333,0.541667,0.358333,0.9,0.633333,0.041667,0.0,0.628269,0.52,0.661772
volkan,1.5,137,137-126,0.508333,0.408333,0.425,0.833333,0.65,0.083333,0.0,0.648499,0.84,0.719772
volkan,1.5,137,137-127,0.341667,0.341667,0.1,0.441667,0.4,0.058333,0.208333,0.456868,-0.08,0.70461
volkan,1.5,137,137-128,0.316667,0.508333,0.316667,0.825,0.591667,0.041667,0.0,0.576221,0.44,0.585665
volkan,1.5,137,137-129,0.225,0.0,0.508333,0.508333,0.225,0.283333,0.0,0.787562,1.48,1.414788
volkan,1.5,137,137-130,0.325,0.45,0.325,0.775,0.55,0.083333,0.0,0.590248,0.32,0.664332
volkan,1.5,137,137-131,0.241667,0.391667,0.316667,0.708333,0.483333,0.1,0.008333,0.583118,0.08,0.729691
volkan,1.5,137,137-132,0.483333,0.183333,0.533333,0.716667,0.5,0.175,0.0,0.712119,0.88,0.995297
volkan,1.5,137,137-133,0.091667,0.316667,0.1,0.416667,0.366667,0.033333,0.408333,0.423962,-0.2,0.83304
volkan,1.5,137,137-134,0.491667,0.375,0.416667,0.791667,0.625,0.1,0.0,0.65026,0.72,0.788132
volkan,1.5,137,137-135,0.55,0.341667,0.466667,0.808333,0.625,0.108333,0.0,0.66844,0.8,0.794038
volkan,1.5,137,137-136,0.416667,0.508333,0.333333,0.841667,0.616667,0.05,0.0,0.61929,0.48,0.663126
volkan,1.5,137,137-137,0.358333,0.366667,0.383333,0.75,0.65,0.075,0.008333,0.591282,-0.12,0.717066
volkan,1.5,137,137-138,0.475,0.416667,0.383333,0.8,0.633333,0.041667,0.0,0.625497,0.52,0.685305
volkan,1.5,137,137-139,0.125,0.0,0.525,0.525,0.125,0.258333,0.0,0.795458,1.36,1.468516
volkan,1.5,137,137-140,0.108333,0.216667,0.041667,0.258333,0.216667,0.05,0.65,0.288678,-1.04,1.61002
volkan,1.5,137,137-141,0.2,0.025,0.491667,0.516667,0.2,0.25,0.0,0.780998,1.4,1.369486
volkan,1.5,137,137-142,0.408333,0.475,0.316667,0.791667,0.625,0.066667,0.0,0.614825,0.32,0.705918
volkan,1.5,137,137-143,0.316667,0.258333,0.308333,0.566667,0.5,0.041667,0.125,0.51057,0.2,0.663168
volkan,1.5,137,137-144,0.516667,0.425,0.4,0.825,0.675,0.041667,0.0,0.641696,0.96,0.693059
volkan,1.5,137,137-145,0.45,0.15,0.575,0.725,0.45,0.166667,0.0,0.72477,0.96,1.053854
volkan,1.5,137,137-146,0.283333,0.033333,0.508333,0.541667,0.283333,0.25,0.0,0.775501,1.44,1.351461
volkan,1.5,137,137-147,0.341667,0.333333,0.3,0.633333,0.575,0.066667,0.033333,0.552907,0.0,0.693395
volkan,1.5,137,137-148,0.35,0.375,0.1,0.475,0.416667,0.075,0.158333,0.482981,-0.2,0.732037
volkan,1.5,137,137-149,0.508333,0.533333,0.391667,0.925,0.708333,0.033333,0.0,0.607917,0.8,0.579003
volkan,1.5,137,137-150,0.183333,0.316667,0.133333,0.45,0.383333,0.033333,0.283333,0.460689,-0.44,0.83133
volkan,1.5,137,137-151,0.0,0.0,0.1,0.1,0.0,0.691667,0.0,0.873285,1.56,2.020458
volkan,1.5,137,137-152,0.0,0.0,0.0,0.0,0.0,1.0,0.0,0.980396,2.28,4.101546
volkan,1.5,137,137-153,0.333333,0.341667,0.1,0.441667,0.383333,0.05,0.2,0.478598,-0.32,0.740435
volkan,1.5,137,137-154,0.0,0.0,0.091667,0.091667,0.0,0.708333,0.0,0.878357,1.48,2.089009
volkan,1.5,137,137-155,0.391667,0.1,0.633333,0.733333,0.391667,0.166667,0.0,0.728737,1.2,1.065666
volkan,1.5,137,137-156,0.441667,0.483333,0.35,0.833333,0.666667,0.025,0.0,0.597805,0.68,0.602936
volkan,1.5,137,137-157,0.191667,0.05,0.5,0.55,0.191667,0.208333,0.0,0.778255,1.32,1.345555
volkan,1.5,137,137-158,0.225,0.008333,0.525,0.533333,0.225,0.2,0.0,0.778275,1.4,1.343395
volkan,1.5,137,137-159,0.491667,0.325,0.441667,0.766667,0.6,0.108333,0.0,0.67249,0.88,0.849084
volkan,1.5,137,137-160,0.275,0.316667,0.208333,0.525,0.491667,0.041667,0.141667,0.471631,0.6,0.618584
volkan,1.5,137,137-161,0.525,0.416667,0.416667,0.833333,0.658333,0.05,0.0,0.642734,0.68,0.702304
volkan,1.5,137,137-162,0.191667,0.358333,0.091667,0.45,0.391667,0.025,0.358333,0.439143,-0.32,0.78517
volkan,1.5,137,137-163,0.416667,0.125,0.591667,0.716667,0.416667,0.175,0.0,0.728736,1.2,1.082872
volkan,1.5,137,137-164,0.283333,0.441667,0.358333,0.8,0.575,0.033333,0.0,0.565372,0.44,0.592559
volkan,1.5,137,137-165,0.15,0.0,0.508333,0.508333,0.15,0.308333,0.0,0.799346,1.16,1.499148
volkan,1.5,137,137-166,0.458333,0.45,0.383333,0.833333,0.666667,0.058333,0.0,0.631033,0.84,0.674216
volkan,1.5,137,137-167,0.341667,0.466667,0.341667,0.808333,0.583333,0.083333,0.0,0.599641,0.32,0.683948
volkan,1.5,137,137-168,0.3,0.283333,0.2,0.483333,0.433333,0.033333,0.2,0.451191,0.2,0.684754
volkan,1.5,137,137-169,0.516667,0.183333,0.616667,0.8,0.516667,0.15,0.0,0.704498,1.24,0.942231
volkan,1.5,137,137-170,0.45,0.35,0.408333,0.758333,0.583333,0.083333,0.0,0.667385,0.8,0.815212
volkan,1.5,137,137-171,0.258333,0.383333,0.358333,0.741667,0.5,0.075,0.0,0.581762,0.12,0.690006
volkan,1.5,137,137-172,0.408333,0.341667,0.35,0.691667,0.575,0.05,0.0,0.624656,0.6,0.762702
volkan,1.5,137,137-173,0.183333,0.0,0.566667,0.566667,0.183333,0.2,0.0,0.779267,1.48,1.342613
volkan,1.5,137,137-174,0.266667,0.416667,0.316667,0.733333,0.475,0.075,0.016667,0.570771,0.28,0.658606
volkan,1.5,137,137-175,0.241667,0.375,0.091667,0.466667,0.425,0.083333,0.275,0.472099,-0.44,0.781989
volkan,1.5,137,137-176,0.35,0.125,0.533333,0.658333,0.35,0.2,0.0,0.742238,1.08,1.161166
volkan,1.5,137,137-177,0.483333,0.366667,0.391667,0.758333,0.616667,0.1,0.0,0.664743,0.52,0.828117
volkan,1.5,137,137-178,0.058333,0.308333,0.083333,0.391667,0.358333,0.016667,0.45,0.384842,-0.24,0.951202
volkan,1.5,137,137-179,0.0,0.0,0.0,0.0,0.0,1.0,0.0,0.955183,2.08,3.186952
volkan,1.5,137,137-180,0.283333,0.366667,0.225,0.591667,0.483333,0.05,0.133333,0.506229,0.44,0.646899
volkan,1.5,137,137-181,0.366667,0.475,0.366667,0.841667,0.583333,0.058333,0.0,0.602025,0.24,0.670305
volkan,1.5,137,137-182,0.15,0.125,0.175,0.3,0.225,0.025,0.466667,0.38389,-0.92,1.1241
volkan,1.5,137,137-183,0.366667,0.491667,0.291667,0.783333,0.591667,0.008333,0.0,0.590657,0.52,0.626772
volkan,1.5,137,137-184,0.35,0.283333,0.25,0.533333,0.475,0.075,0.125,0.512388,-0.16,0.728797
volkan,1.5,137,137-185,0.333333,0.25,0.308333,0.558333,0.525,0.083333,0.075,0.534421,-0.04,0.719965
volkan,1.5,137,137-186,0.108333,0.333333,0.1,0.433333,0.4,0.025,0.425,0.422015,-0.28,0.873767
volkan,1.5,137,137-187,0.308333,0.441667,0.275,0.716667,0.541667,0.025,0.025,0.533151,0.56,0.582048
volkan,1.5,137,137-188,0.35,0.341667,0.325,0.666667,0.591667,0.041667,0.05,0.524643,0.2,0.61063
volkan,1.5,137,137-189,0.341667,0.258333,0.283333,0.541667,0.516667,0.041667,0.15,0.488716,0.2,0.660017
volkan,1.5,137,137-190,0.325,0.283333,0.216667,0.5,0.433333,0.125,0.125,0.536327,-0.32,0.831185
volkan,1.5,137,137-191,0.075,0.241667,0.133333,0.375,0.3,0.016667,0.416667,0.40351,-0.4,0.966167
volkan,1.5,137,137-192,0.15,0.108333,0.133333,0.241667,0.216667,0.016667,0.675,0.3045,-0.6,1.295117
volkan,1.5,137,137-193,0.316667,0.225,0.308333,0.533333,0.491667,0.058333,0.141667,0.503385,0.08,0.701316
volkan,1.5,137,137-194,0.0,0.0,0.091667,0.091667,0.0,0.758333,0.0,0.888555,2.0,2.204176
volkan,1.5,137,137-195,0.508333,0.225,0.55,0.775,0.541667,0.125,0.0,0.699119,1.16,0.931804
volkan,1.5,137,137-196,0.333333,0.316667,0.3,0.616667,0.558333,0.075,0.058333,0.543016,0.04,0.710113
volkan,1.5,137,137-197,0.091667,0.316667,0.141667,0.458333,0.375,0.025,0.375,0.425117,-0.44,0.847739
volkan,1.5,137,137-198,0.291667,0.433333,0.375,0.808333,0.516667,0.083333,0.0,0.607156,0.08,0.701169
volkan,1.5,137,137-199,0.458333,0.508333,0.341667,0.85,0.675,0.016667,0.0,0.619746,0.52,0.633331
volkan,1.5,369,369-0,0.491667,0.391667,0.425,0.816667,0.616667,0.083333,0.0,0.653428,0.84,0.734435
volkan,1.5,369,369-1,0.491667,0.533333,0.308333,0.841667,0.716667,0.05,0.0,0.601002,0.96,0.584593
volkan,1.5,369,369-2,0.116667,0.0,0.391667,0.391667,0.116667,0.366667,0.0,0.817366,1.56,1.612128
volkan,1.5,369,369-3,0.308333,0.291667,0.166667,0.458333,0.416667,0.108333,0.166667,0.50878,-0.08,0.788179
volkan,1.5,369,369-4,0.458333,0.358333,0.391667,0.75,0.6,0.083333,0.0,0.66413,0.6,0.813535
volkan,1.5,369,369-5,0.466667,0.375,0.408333,0.783333,0.641667,0.091667,0.0,0.658787,0.8,0.785537
volkan,1.5,369,369-6,0.35,0.325,0.15,0.475,0.441667,0.116667,0.133333,0.505933,-0.16,0.759806
volkan,1.5,369,369-7,0.516667,0.391667,0.425,0.816667,0.633333,0.108333,0.0,0.654112,0.8,0.770575
volkan,1.5,369,369-8,0.408333,0.458333,0.366667,0.825,0.625,0.091667,0.0,0.62196,0.6,0.69966
volkan,1.5,369,369-9,0.0,0.0,0.05,0.05,0.0,0.791667,0.0,0.897369,2.0,2.29521
volkan,1.5,369,369-10,0.291667,0.041667,0.666667,0.708333,0.291667,0.183333,0.0,0.749828,1.16,1.194046
volkan,1.5,369,369-11,0.075,0.091667,0.058333,0.15,0.116667,0.008333,0.725,0.210347,-1.52,2.078853
volkan,1.5,369,369-12,0.341667,0.358333,0.316667,0.675,0.625,0.033333,0.058333,0.52553,0.16,0.632887
volkan,1.5,369,369-13,0.475,0.416667,0.358333,0.775,0.65,0.075,0.0,0.6342,0.76,0.70764
volkan,1.5,369,369-14,0.075,0.1,0.058333,0.158333,0.141667,0.016667,0.75,0.211328,-1.12,1.898657
volkan,1.5,369,369-15,0.083333,0.133333,0.066667,0.2,0.166667,0.058333,0.616667,0.281952,-1.2,1.79233
volkan,1.5,369,369-16,0.5,0.425,0.383333,0.808333,0.675,0.058333,0.0,0.639949,0.8,0.709765
volkan,1.5,369,369-17,0.108333,0.108333,0.166667,0.275,0.166667,0.0,0.533333,0.341665,-0.56,1.106175
volkan,1.5,369,369-18,0.0,0.0,0.291667,0.291667,0.0,0.508333,0.0,0.841846,1.8,1.764771
volkan,1.5,369,369-19,0.316667,0.216667,0.316667,0.533333,0.491667,0.066667,0.15,0.501565,-0.08,0.711663
volkan,1.5,369,369-20,0.408333,0.533333,0.35,0.883333,0.658333,0.008333,0.0,0.578419,0.56,0.551035
volkan,1.5,369,369-21,0.183333,0.0,0.55,0.55,0.183333,0.258333,0.0,0.790502,1.4,1.434487
volkan,1.5,369,369-22,0.325,0.4,0.333333,0.733333,0.65,0.033333,0.008333,0.54904,0.2,0.618041
volkan,1.5,369,369-23,0.158333,0.0,0.483333,0.483333,0.158333,0.25,0.0,0.798676,1.44,1.463347
volkan,1.5,369,369-24,0.358333,0.316667,0.341667,0.658333,0.625,0.075,0.058333,0.550248,-0.08,0.70449
volkan,1.5,369,369-25,0.291667,0.366667,0.283333,0.65,0.558333,0.041667,0.1,0.521095,0.32,0.63305
volkan,1.5,369,369-26,0.125,0.0,0.466667,0.466667,0.125,0.308333,0.0,0.800717,1.52,1.484182
volkan,1.5,369,369-27,0.35,0.375,0.316667,0.691667,0.641667,0.041667,0.066667,0.53172,0.12,0.648712
volkan,1.5,369,369-28,0.258333,0.366667,0.116667,0.483333,0.408333,0.025,0.35,0.427413,-0.16,0.67933
volkan,1.5,369,369-29,0.5,0.441667,0.375,0.816667,0.658333,0.1,0.0,0.64406,0.84,0.725328
volkan,1.5,369,369-30,0.475,0.2,0.558333,0.758333,0.508333,0.158333,0.0,0.70595,0.96,0.971252
volkan,1.5,369,369-31,0.375,0.491667,0.333333,0.825,0.591667,0.05,0.0,0.604428,0.36,0.652513
volkan,1.5,369,369-32,0.316667,0.4,0.333333,0.733333,0.641667,0.033333,0.033333,0.533813,0.16,0.620635
volkan,1.5,369,369-33,0.158333,0.066667,0.133333,0.2,0.183333,0.025,0.666667,0.298603,-0.76,1.350615
volkan,1.5,369,369-34,0.366667,0.258333,0.308333,0.566667,0.55,0.033333,0.1,0.510936,0.16,0.642613
volkan,1.5,369,369-35,0.391667,0.441667,0.341667,0.783333,0.6,0.016667,0.0,0.587117,0.6,0.625309
volkan,1.5,369,369-36,0.358333,0.3,0.3,0.6,0.591667,0.05,0.091667,0.522213,0.08,0.668042
volkan,1.5,369,369-37,0.375,0.158333,0.575,0.733333,0.383333,0.141667,0.0,0.723327,1.32,1.041734
volkan,1.5,369,369-38,0.466667,0.45,0.375,0.825,0.658333,0.041667,0.0,0.610652,0.68,0.64324
volkan,1.5,369,369-39,0.475,0.3,0.5,0.8,0.558333,0.116667,0.0,0.680149,1.16,0.863072
volkan,1.5,369,369-40,0.433333,0.241667,0.458333,0.7,0.458333,0.216667,0.0,0.714443,0.6,1.039756
volkan,1.5,369,369-41,0.358333,0.225,0.291667,0.516667,0.5,0.041667,0.125,0.500801,0.12,0.664004
volkan,1.5,369,369-42,0.341667,0.233333,0.316667,0.55,0.516667,0.1,0.091667,0.52646,-0.16,0.731652
volkan,1.5,369,369-43,0.133333,0.35,0.1,0.45,0.408333,0.008333,0.4,0.410823,-0.32,0.795822
volkan,1.5,369,369-44,0.366667,0.208333,0.291667,0.5,0.483333,0.075,0.15,0.499251,0.04,0.706836
volkan,1.5,369,369-45,0.341667,0.466667,0.391667,0.858333,0.575,0.058333,0.0,0.612435,0.28,0.68273
volkan,1.5,369,369-46,0.525,0.275,0.466667,0.741667,0.541667,0.125,0.0,0.696238,0.72,0.932352
volkan,1.5,369,369-47,0.333333,0.325,0.091667,0.416667,0.375,0.066667,0.191667,0.477713,-0.12,0.75093
volkan,1.5,369,369-48,0.433333,0.45,0.358333,0.808333,0.633333,0.05,0.0,0.626444,0.36,0.70145
volkan,1.5,369,369-49,0.05,0.15,0.141667,0.291667,0.15,0.008333,0.441667,0.363655,-0.44,1.04297
volkan,1.5,369,369-50,0.108333,0.325,0.141667,0.466667,0.391667,0.033333,0.358333,0.447574,-0.6,0.859852
volkan,1.5,369,369-51,0.508333,0.391667,0.425,0.816667,0.658333,0.116667,0.0,0.65224,1.0,0.767159
volkan,1.5,369,369-52,0.0,0.0,0.258333,0.258333,0.0,0.541667,0.0,0.845826,1.92,1.800159
volkan,1.5,369,369-53,0.45,0.091667,0.591667,0.683333,0.45,0.216667,0.0,0.73902,0.88,1.156821
volkan,1.5,369,369-54,0.341667,0.216667,0.341667,0.558333,0.5,0.075,0.091667,0.510901,0.0,0.704395
volkan,1.5,369,369-55,0.25,0.016667,0.683333,0.7,0.25,0.166667,0.0,0.757182,1.32,1.21808
volkan,1.5,369,369-56,0.45,0.416667,0.375,0.791667,0.625,0.091667,0.0,0.651745,0.6,0.750695
volkan,1.5,369,369-57,0.358333,0.241667,0.316667,0.558333,0.516667,0.108333,0.066667,0.535873,-0.16,0.73243
volkan,1.5,369,369-58,0.1,0.291667,0.15,0.441667,0.316667,0.066667,0.283333,0.477711,-0.68,0.959508
volkan,1.5,369,369-59,0.475,0.383333,0.391667,0.775,0.616667,0.075,0.0,0.646347,0.56,0.764661
volkan,1.5,369,369-60,0.241667,0.408333,0.291667,0.7,0.525,0.05,0.05,0.536493,0.36,0.613641
volkan,1.5,369,369-61,0.141667,0.083333,0.166667,0.25,0.191667,0.016667,0.583333,0.321896,-0.68,1.218385
volkan,1.5,369,369-62,0.483333,0.4,0.391667,0.791667,0.608333,0.075,0.0,0.659992,0.56,0.77151
volkan,1.5,369,369-63,0.108333,0.1,0.191667,0.291667,0.166667,0.016667,0.45,0.372862,-0.72,1.10382
volkan,1.5,369,369-64,0.325,0.341667,0.308333,0.65,0.591667,0.033333,0.091667,0.509869,0.24,0.630561
volkan,1.5,369,369-65,0.3,0.016667,0.65,0.666667,0.3,0.175,0.0,0.755161,1.28,1.207887
volkan,1.5,369,369-66,0.3,0.366667,0.091667,0.458333,0.391667,0.058333,0.25,0.468261,-0.36,0.763729
volkan,1.5,369,369-67,0.183333,0.016667,0.508333,0.525,0.183333,0.25,0.0,0.789138,1.48,1.415551
volkan,1.5,369,369-68,0.425,0.108333,0.633333,0.741667,0.425,0.191667,0.0,0.729118,0.92,1.079611
volkan,1.5,369,369-69,0.058333,0.291667,0.116667,0.408333,0.325,0.016667,0.45,0.394195,-0.28,0.932545
volkan,1.5,369,369-70,0.1,0.0,0.425,0.425,0.1,0.316667,0.0,0.806636,1.4,1.518134
volkan,1.5,369,369-71,0.308333,0.358333,0.283333,0.641667,0.558333,0.075,0.058333,0.536619,0.2,0.667819
volkan,1.5,369,369-72,0.341667,0.325,0.158333,0.483333,0.416667,0.083333,0.133333,0.509948,-0.24,0.746864
volkan,1.5,369,369-73,0.475,0.216667,0.491667,0.708333,0.541667,0.141667,0.0,0.699036,0.88,0.968839
volkan,1.5,369,369-74,0.0,0.0,0.208333,0.208333,0.0,0.558333,0.0,0.855605,1.48,1.876388
volkan,1.5,369,369-75,0.45,0.141667,0.633333,0.775,0.45,0.1,0.0,0.71399,1.36,0.980119
volkan,1.5,369,369-76,0.483333,0.416667,0.383333,0.8,0.658333,0.1,0.0,0.630557,0.72,0.718835
volkan,1.5,369,369-77,0.533333,0.216667,0.525,0.741667,0.541667,0.158333,0.0,0.703364,0.8,0.959221
volkan,1.5,369,369-78,0.333333,0.091667,0.558333,0.65,0.333333,0.191667,0.0,0.751477,1.28,1.207533
volkan,1.5,369,369-79,0.0,0.0,0.0,0.0,0.0,0.9,0.0,0.918919,2.08,2.548264
volkan,1.5,369,369-80,0.466667,0.158333,0.575,0.733333,0.475,0.141667,0.0,0.7178,1.0,1.020935
volkan,1.5,369,369-81,0.408333,0.441667,0.35,0.791667,0.608333,0.066667,0.0,0.640142,0.4,0.743627
volkan,1.5,369,369-82,0.066667,0.0,0.4,0.4,0.066667,0.35,0.0,0.817683,1.16,1.601931
volkan,1.5,369,369-83,0.366667,0.3,0.233333,0.533333,0.466667,0.05,0.116667,0.495443,-0.08,0.681755
volkan,1.5,369,369-84,0.133333,0.0,0.441667,0.441667,0.133333,0.391667,0.0,0.8074,1.8,1.517308
volkan,1.5,369,369-85,0.0,0.0,0.0,0.0,0.0,0.841667,0.0,0.910772,2.16,2.470341
volkan,1.5,369,369-86,0.325,0.325,0.108333,0.433333,0.391667,0.083333,0.216667,0.470838,-0.16,0.744157
volkan,1.5,369,369-87,0.3,0.058333,0.691667,0.75,0.3,0.141667,0.0,0.744359,1.4,1.133421
volkan,1.5,369,369-88,0.216667,0.066667,0.591667,0.658333,0.216667,0.183333,0.0,0.759941,1.52,1.232242
volkan,1.5,369,369-89,0.091667,0.341667,0.108333,0.45,0.375,0.008333,0.416667,0.424325,-0.4,0.824646
volkan,1.5,369,369-90,0.175,0.116667,0.125,0.241667,0.216667,0.05,0.658333,0.318232,-0.76,1.476541
volkan,1.5,369,369-91,0.0,0.0,0.0,0.0,0.0,1.0,0.0,0.956168,2.24,3.244657
volkan,1.5,369,369-92,0.183333,0.191667,0.075,0.266667,0.258333,0.066667,0.633333,0.311263,-0.96,1.465189
volkan,1.5,369,369-93,0.008333,0.0,0.2,0.2,0.008333,0.525,0.0,0.844329,1.64,1.763511
volkan,1.5,369,369-94,0.0,0.0,0.041667,0.041667,0.0,0.758333,0.0,0.881818,1.72,2.097328
volkan,1.5,369,369-95,0.141667,0.325,0.066667,0.391667,0.375,0.033333,0.375,0.425763,-0.28,0.814207
volkan,1.5,369,369-96,0.266667,0.375,0.291667,0.666667,0.5,0.033333,0.066667,0.525246,0.4,0.623581
volkan,1.5,369,369-97,0.216667,0.108333,0.15,0.258333,0.233333,0.033333,0.583333,0.340545,-0.88,1.331895
volkan,1.5,369,369-98,0.341667,0.225,0.341667,0.566667,0.525,0.066667,0.125,0.518804,0.0,0.708449
volkan,1.5,369,369-99,0.125,0.191667,0.05,0.241667,0.216667,0.041667,0.6,0.279049,-1.04,1.693573
volkan,1.5,369,369-100,0.0,0.0,0.0,0.0,0.0,1.0,0.0,0.935019,2.28,2.82094
volkan,1.5,369,369-101,0.333333,0.333333,0.158333,0.491667,0.416667,0.041667,0.2,0.474837,-0.08,0.713964
volkan,1.5,369,369-102,0.35,0.333333,0.308333,0.641667,0.608333,0.091667,0.066667,0.551859,0.0,0.69923
volkan,1.5,369,369-103,0.191667,0.091667,0.133333,0.225,0.225,0.025,0.7,0.298032,-0.76,1.406363
volkan,1.5,369,369-104,0.241667,0.058333,0.616667,0.675,0.241667,0.175,0.0,0.761023,1.48,1.236774
volkan,1.5,369,369-105,0.566667,0.383333,0.408333,0.791667,0.641667,0.075,0.0,0.661652,0.84,0.771328
volkan,1.5,369,369-106,0.175,0.0,0.541667,0.541667,0.175,0.275,0.0,0.792064,1.24,1.450343
volkan,1.5,369,369-107,0.516667,0.458333,0.366667,0.825,0.666667,0.091667,0.0,0.643887,0.68,0.707398
volkan,1.5,369,369-108,0.258333,0.441667,0.316667,0.758333,0.525,0.066667,0.0,0.576044,0.36,0.652584
volkan,1.5,369,369-109,0.366667,0.5,0.316667,0.816667,0.625,0.033333,0.0,0.583449,0.56,0.616596
volkan,1.5,369,369-110,0.0,0.0,0.083333,0.083333,0.0,0.708333,0.0,0.888799,1.64,2.226403
volkan,1.5,369,369-111,0.475,0.183333,0.525,0.708333,0.5,0.158333,0.0,0.70831,0.72,0.991585
volkan,1.5,369,369-112,0.258333,0.333333,0.066667,0.4,0.333333,0.016667,0.325,0.430542,-0.12,0.762313
volkan,1.5,369,369-113,0.483333,0.316667,0.466667,0.783333,0.6,0.083333,0.0,0.673226,0.88,0.828998
volkan,1.5,369,369-114,0.525,0.4,0.416667,0.816667,0.641667,0.058333,0.0,0.651825,0.88,0.73818
volkan,1.5,369,369-115,0.341667,0.2,0.316667,0.516667,0.475,0.05,0.133333,0.492061,0.08,0.682239
volkan,1.5,369,369-116,0.441667,0.466667,0.35,0.816667,0.666667,0.033333,0.0,0.597852,0.6,0.611022
volkan,1.5,369,369-117,0.208333,0.341667,0.083333,0.425,0.358333,0.075,0.275,0.472397,-0.48,0.893807
volkan,1.5,369,369-118,0.225,0.025,0.508333,0.533333,0.225,0.275,0.0,0.780426,1.36,1.393537
volkan,1.5,369,369-119,0.333333,0.066667,0.558333,0.625,0.333333,0.208333,0.0,0.756651,1.2,1.235151
volkan,1.5,369,369-120,0.116667,0.1,0.183333,0.283333,0.183333,0.008333,0.466667,0.364873,-0.64,1.071211
volkan,1.5,369,369-121,0.033333,0.108333,0.183333,0.291667,0.125,0.05,0.391667,0.419977,-0.64,1.177397
volkan,1.5,369,369-122,0.2,0.0,0.608333,0.608333,0.2,0.208333,0.0,0.777012,1.36,1.351716
volkan,1.5,369,369-123,0.05,0.0,0.3,0.3,0.05,0.5,0.0,0.836942,1.56,1.743595
volkan,1.5,369,369-124,0.183333,0.141667,0.116667,0.258333,0.25,0.041667,0.666667,0.307724,-0.88,1.453569
volkan,1.5,369,369-125,0.158333,0.0,0.525,0.525,0.158333,0.316667,0.0,0.795381,1.56,1.441036
volkan,1.5,369,369-126,0.391667,0.1,0.608333,0.708333,0.391667,0.175,0.0,0.739641,1.2,1.137424
volkan,1.5,369,369-127,0.041667,0.0,0.366667,0.366667,0.041667,0.425,0.0,0.82833,1.4,1.704157
volkan,1.5,369,369-128,0.541667,0.241667,0.516667,0.758333,0.575,0.083333,0.0,0.68503,0.8,0.849601
volkan,1.5,369,369-129,0.0,0.0,0.041667,0.041667,0.0,0.825,0.0,0.900254,2.0,2.342473
volkan,1.5,369,369-130,0.358333,0.108333,0.583333,0.691667,0.358333,0.216667,0.0,0.741896,1.04,1.159643
volkan,1.5,369,369-131,0.466667,0.225,0.558333,0.783333,0.5,0.158333,0.0,0.705162,0.92,0.984115
volkan,1.5,369,369-132,0.5,0.233333,0.558333,0.791667,0.541667,0.133333,0.0,0.697198,1.04,0.913725
volkan,1.5,369,369-133,0.116667,0.083333,0.175,0.258333,0.15,0.016667,0.475,0.357899,-0.68,1.130899
volkan,1.5,369,369-134,0.508333,0.366667,0.483333,0.85,0.641667,0.058333,0.0,0.648058,1.32,0.737138
volkan,1.5,369,369-135,0.0,0.0,0.0,0.0,0.0,0.916667,0.0,0.919757,2.04,2.602385
volkan,1.5,369,369-136,0.008333,0.0,0.258333,0.258333,0.008333,0.6,0.0,0.84855,1.8,1.825792
volkan,1.5,369,369-137,0.316667,0.333333,0.175,0.508333,0.441667,0.066667,0.158333,0.486675,-0.08,0.720773
volkan,1.5,369,369-138,0.175,0.0,0.475,0.475,0.175,0.3,0.0,0.795028,1.76,1.444727
volkan,1.5,369,369-139,0.466667,0.2,0.591667,0.791667,0.5,0.141667,0.0,0.695262,1.28,0.91133
volkan,1.5,369,369-140,0.125,0.108333,0.166667,0.275,0.183333,0.016667,0.475,0.355404,-0.6,1.149627
volkan,1.5,369,369-141,0.325,0.325,0.308333,0.633333,0.6,0.008333,0.091667,0.509291,0.28,0.610383
volkan,1.5,369,369-142,0.216667,0.108333,0.158333,0.266667,0.225,0.083333,0.55,0.374482,-0.96,1.313013
volkan,1.5,369,369-143,0.216667,0.0,0.566667,0.566667,0.216667,0.225,0.0,0.782501,1.4,1.390201
volkan,1.5,369,369-144,0.291667,0.441667,0.35,0.791667,0.575,0.033333,0.0,0.557754,0.44,0.561645
volkan,1.5,369,369-145,0.1,0.291667,0.125,0.416667,0.325,0.008333,0.4,0.42425,-0.56,0.916285
volkan,1.5,369,369-146,0.491667,0.3,0.5,0.8,0.583333,0.116667,0.0,0.679243,0.92,0.849533
volkan,1.5,369,369-147,0.425,0.441667,0.35,0.791667,0.633333,0.05,0.0,0.632943,0.48,0.719442
volkan,1.5,369,369-148,0.308333,0.341667,0.083333,0.425,0.366667,0.091667,0.208333,0.490278,-0.36,0.816493
volkan,1.5,369,369-149,0.158333,0.0,0.466667,0.466667,0.158333,0.275,0.0,0.7954,1.32,1.448824
volkan,1.5,369,369-150,0.483333,0.166667,0.558333,0.725,0.483333,0.166667,0.0,0.71769,0.8,1.0233
volkan,1.5,369,369-151,0.266667,0.408333,0.35,0.758333,0.508333,0.041667,0.008333,0.560537,0.28,0.614691
volkan,1.5,369,369-152,0.466667,0.458333,0.375,0.833333,0.675,0.05,0.0,0.630399,0.92,0.673273
volkan,1.5,369,369-153,0.108333,0.0,0.4,0.4,0.108333,0.408333,0.0,0.816381,1.44,1.613032
volkan,1.5,369,369-154,0.108333,0.183333,0.033333,0.216667,0.216667,0.05,0.65,0.290597,-1.0,1.623252
volkan,1.5,369,369-155,0.066667,0.0,0.3,0.3,0.066667,0.45,0.0,0.830425,1.64,1.68687
volkan,1.5,369,369-156,0.275,0.358333,0.091667,0.45,0.391667,0.058333,0.275,0.478442,-0.52,0.789623
volkan,1.5,369,369-157,0.383333,0.35,0.341667,0.691667,0.666667,0.083333,0.041667,0.564998,-0.12,0.706123
volkan,1.5,369,369-158,0.225,0.008333,0.608333,0.616667,0.225,0.225,0.0,0.769178,0.96,1.295287
volkan,1.5,369,369-159,0.291667,0.4,0.291667,0.691667,0.508333,0.058333,0.008333,0.553193,0.32,0.656268
volkan,1.5,369,369-160,0.0,0.0,0.241667,0.241667,0.0,0.533333,0.0,0.850793,1.88,1.848554
volkan,1.5,369,369-161,0.366667,0.35,0.116667,0.466667,0.416667,0.075,0.2,0.474694,-0.2,0.702532
volkan,1.5,369,369-162,0.258333,0.4,0.333333,0.733333,0.508333,0.091667,0.0,0.577997,0.08,0.736771
volkan,1.5,369,369-163,0.058333,0.133333,0.058333,0.191667,0.158333,0.066667,0.666667,0.263955,-1.28,1.958047
volkan,1.5,369,369-164,0.1,0.0,0.45,0.45,0.1,0.366667,0.0,0.812582,1.44,1.580056
volkan,1.5,369,369-165,0.091667,0.325,0.1,0.425,0.375,0.016667,0.425,0.418096,-0.32,0.895568
volkan,1.5,369,369-166,0.0,0.0,0.15,0.15,0.0,0.65,0.0,0.86985,1.84,2.02535
volkan,1.5,369,369-167,0.325,0.075,0.591667,0.666667,0.325,0.191667,0.0,0.748132,1.08,1.193843
volkan,1.5,369,369-168,0.025,0.0,0.3,0.3,0.025,0.45,0.0,0.83626,1.76,1.711575
volkan,1.5,369,369-169,0.341667,0.316667,0.266667,0.583333,0.55,0.083333,0.091667,0.527298,0.08,0.703619
volkan,1.5,369,369-170,0.5,0.216667,0.541667,0.758333,0.516667,0.183333,0.0,0.708653,0.92,1.000363
volkan,1.5,369,369-171,0.358333,0.333333,0.316667,0.65,0.608333,0.083333,0.075,0.547331,0.0,0.698483
volkan,1.5,369,369-172,0.4,0.441667,0.391667,0.833333,0.591667,0.066667,0.0,0.616873,0.2,0.698894
volkan,1.5,369,369-173,0.408333,0.458333,0.383333,0.841667,0.566667,0.05,0.0,0.631216,0.24,0.731269
volkan,1.5,369,369-174,0.425,0.391667,0.433333,0.825,0.633333,0.116667,0.0,0.650736,1.08,0.748618
volkan,1.5,369,369-175,0.35,0.358333,0.258333,0.616667,0.591667,0.033333,0.1,0.512601,0.16,0.629069
volkan,1.5,369,369-176,0.458333,0.283333,0.483333,0.766667,0.55,0.133333,0.0,0.681458,0.88,0.872187
volkan,1.5,369,369-177,0.225,0.0,0.483333,0.483333,0.225,0.35,0.0,0.796391,1.44,1.497399
volkan,1.5,369,369-178,0.341667,0.225,0.316667,0.541667,0.516667,0.091667,0.108333,0.517443,0.0,0.724199
volkan,1.5,369,369-179,0.025,0.225,0.125,0.35,0.241667,0.008333,0.516667,0.362125,-0.2,1.073597
volkan,1.5,369,369-180,0.55,0.383333,0.441667,0.825,0.658333,0.058333,0.0,0.656031,0.76,0.744117
volkan,1.5,369,369-181,0.533333,0.391667,0.45,0.841667,0.641667,0.091667,0.0,0.652639,0.92,0.753426
volkan,1.5,369,369-182,0.466667,0.183333,0.591667,0.775,0.491667,0.183333,0.0,0.711623,1.0,0.992261
volkan,1.5,369,369-183,0.45,0.458333,0.358333,0.816667,0.658333,0.05,0.0,0.620247,0.64,0.683956
volkan,1.5,369,369-184,0.333333,0.433333,0.316667,0.75,0.516667,0.083333,0.0,0.589729,0.28,0.702128
volkan,1.5,369,369-185,0.133333,0.15,0.175,0.325,0.225,0.033333,0.408333,0.396865,-0.64,1.068026
volkan,1.5,369,369-186,0.341667,0.241667,0.316667,0.558333,0.533333,0.066667,0.1,0.518489,0.0,0.695112
volkan,1.5,369,369-187,0.258333,0.441667,0.291667,0.733333,0.475,0.083333,0.0,0.578072,0.28,0.670561
volkan,1.5,369,369-188,0.333333,0.316667,0.108333,0.425,0.383333,0.1,0.225,0.482953,-0.16,0.781844
volkan,1.5,369,369-189,0.458333,0.508333,0.35,0.858333,0.691667,0.083333,0.0,0.625245,0.76,0.676341
volkan,1.5,369,369-190,0.475,0.258333,0.541667,0.8,0.55,0.116667,0.0,0.689125,1.0,0.916329
volkan,1.5,369,369-191,0.475,0.45,0.391667,0.841667,0.666667,0.058333,0.0,0.630775,0.8,0.699907
volkan,1.5,369,369-192,0.333333,0.375,0.333333,0.708333,0.575,0.075,0.016667,0.558987,0.08,0.665585
volkan,1.5,369,369-193,0.391667,0.475,0.35,0.825,0.625,0.05,0.0,0.609001,0.48,0.684374
volkan,1.5,369,369-194,0.516667,0.266667,0.525,0.791667,0.55,0.133333,0.0,0.691794,0.96,0.901697
volkan,1.5,369,369-195,0.041667,0.1,0.058333,0.158333,0.125,0.041667,0.691667,0.241348,-1.2,1.94622
volkan,1.5,369,369-196,0.291667,0.391667,0.316667,0.708333,0.591667,0.025,0.025,0.527288,0.32,0.578367
volkan,1.5,369,369-197,0.191667,0.066667,0.191667,0.258333,0.2,0.05,0.5,0.378148,-0.8,1.254075
volkan,1.5,369,369-198,0.5,0.25,0.508333,0.758333,0.55,0.125,0.0,0.693262,1.04,0.910298
volkan,1.5,369,369-199,0.15,0.166667,0.091667,0.258333,0.208333,0.033333,0.658333,0.307044,-0.96,1.481047
volkan,1.5,1024,1024-0,0.3,0.375,0.3,0.675,0.533333,0.058333,0.05,0.543825,0.16,0.663014
volkan,1.5,1024,1024-1,0.375,0.475,0.35,0.825,0.591667,0.05,0.0,0.592006,0.44,0.64389
volkan,1.5,1024,1024-2,0.0,0.0,0.0,0.0,0.0,1.0,0.0,0.93368,2.2,2.800365
volkan,1.5,1024,1024-3,0.45,0.5,0.333333,0.833333,0.683333,0.025,0.0,0.620107,0.68,0.624433
volkan,1.5,1024,1024-4,0.016667,0.0,0.2,0.2,0.016667,0.591667,0.0,0.855184,1.6,1.902724
volkan,1.5,1024,1024-5,0.466667,0.241667,0.483333,0.725,0.483333,0.166667,0.0,0.713021,0.6,1.041838
volkan,1.5,1024,1024-6,0.316667,0.416667,0.316667,0.733333,0.516667,0.075,0.0,0.5805,0.28,0.698824
volkan,1.5,1024,1024-7,0.358333,0.308333,0.216667,0.525,0.483333,0.083333,0.133333,0.507272,-0.2,0.737384
volkan,1.5,1024,1024-8,0.233333,0.4,0.333333,0.733333,0.491667,0.025,0.033333,0.550303,0.28,0.599413
volkan,1.5,1024,1024-9,0.483333,0.2,0.55,0.75,0.508333,0.133333,0.0,0.704674,0.72,0.960298
volkan,1.5,1024,1024-10,0.075,0.166667,0.158333,0.325,0.191667,0.025,0.433333,0.380208,-0.52,1.058704
volkan,1.5,1024,1024-11,0.283333,0.425,0.258333,0.683333,0.491667,0.05,0.025,0.535525,0.44,0.615606
volkan,1.5,1024,1024-12,0.0,0.0,0.183333,0.183333,0.0,0.633333,0.0,0.862705,1.8,1.943495
volkan,1.5,1024,1024-13,0.358333,0.075,0.608333,0.683333,0.358333,0.216667,0.0,0.749911,1.0,1.211511
volkan,1.5,1024,1024-14,0.558333,0.383333,0.458333,0.841667,0.658333,0.083333,0.0,0.655567,0.8,0.747614
volkan,1.5,1024,1024-15,0.283333,0.441667,0.3,0.741667,0.558333,0.033333,0.0,0.540993,0.36,0.579074
volkan,1.5,1024,1024-16,0.325,0.358333,0.075,0.433333,0.391667,0.05,0.216667,0.444349,0.08,0.71304
volkan,1.5,1024,1024-17,0.0,0.0,0.008333,0.008333,0.0,0.866667,0.0,0.90775,1.92,2.421522
volkan,1.5,1024,1024-18,0.433333,0.158333,0.608333,0.766667,0.45,0.125,0.0,0.71416,1.16,0.996693
volkan,1.5,1024,1024-19,0.183333,0.308333,0.058333,0.366667,0.341667,0.066667,0.291667,0.474789,-0.48,0.970856
volkan,1.5,1024,1024-20,0.316667,0.358333,0.083333,0.441667,0.408333,0.025,0.183333,0.450239,0.16,0.661015
volkan,1.5,1024,1024-21,0.333333,0.25,0.308333,0.558333,0.533333,0.075,0.116667,0.520589,0.04,0.693462
volkan,1.5,1024,1024-22,0.25,0.408333,0.366667,0.775,0.525,0.041667,0.041667,0.551309,0.2,0.611833
volkan,1.5,1024,1024-23,0.4,0.166667,0.608333,0.775,0.416667,0.15,0.0,0.716854,1.16,1.027972
volkan,1.5,1024,1024-24,0.116667,0.0,0.416667,0.416667,0.116667,0.425,0.0,0.814532,1.48,1.606643
volkan,1.5,1024,1024-25,0.358333,0.475,0.35,0.825,0.566667,0.05,0.0,0.592202,0.32,0.634632
volkan,1.5,1024,1024-26,0.158333,0.0,0.491667,0.491667,0.158333,0.275,0.0,0.79624,1.4,1.465249
volkan,1.5,1024,1024-27,0.1,0.35,0.141667,0.491667,0.408333,0.008333,0.4,0.4089,-0.36,0.819414
volkan,1.5,1024,1024-28,0.433333,0.2,0.6,0.8,0.483333,0.125,0.0,0.694518,1.36,0.894442
volkan,1.5,1024,1024-29,0.425,0.125,0.666667,0.791667,0.425,0.125,0.0,0.721641,1.48,1.02556
volkan,1.5,1024,1024-30,0.133333,0.0,0.4,0.4,0.133333,0.391667,0.0,0.814544,1.72,1.60851
volkan,1.5,1024,1024-31,0.208333,0.008333,0.541667,0.55,0.208333,0.258333,0.0,0.784697,1.44,1.433019
volkan,1.5,1024,1024-32,0.208333,0.025,0.5,0.525,0.208333,0.175,0.0,0.774436,1.6,1.316365
volkan,1.5,1024,1024-33,0.191667,0.15,0.1,0.25,0.233333,0.05,0.625,0.329223,-0.88,1.496918
volkan,1.5,1024,1024-34,0.291667,0.35,0.275,0.625,0.533333,0.05,0.05,0.520045,0.32,0.637855
volkan,1.5,1024,1024-35,0.15,0.075,0.233333,0.308333,0.2,0.05,0.466667,0.400795,-0.8,1.243299
volkan,1.5,1024,1024-36,0.275,0.441667,0.333333,0.775,0.525,0.05,0.0,0.577331,0.28,0.638613
volkan,1.5,1024,1024-37,0.225,0.141667,0.133333,0.275,0.25,0.041667,0.6,0.333287,-0.88,1.277545
volkan,1.5,1024,1024-38,0.291667,0.041667,0.608333,0.65,0.291667,0.208333,0.0,0.764741,1.24,1.288456
volkan,1.5,1024,1024-39,0.291667,0.425,0.308333,0.733333,0.591667,0.041667,0.016667,0.546861,0.24,0.617217
volkan,1.5,1024,1024-40,0.225,0.033333,0.483333,0.516667,0.225,0.258333,0.0,0.782798,1.36,1.379666
volkan,1.5,1024,1024-41,0.333333,0.208333,0.316667,0.525,0.466667,0.058333,0.116667,0.500035,0.04,0.706118
volkan,1.5,1024,1024-42,0.391667,0.45,0.308333,0.758333,0.65,0.058333,0.0,0.590147,0.48,0.660682
volkan,1.5,1024,1024-43,0.333333,0.05,0.633333,0.683333,0.333333,0.216667,0.0,0.756704,1.04,1.221183
volkan,1.5,1024,1024-44,0.216667,0.341667,0.116667,0.458333,0.408333,0.066667,0.241667,0.48401,-0.52,0.811849
volkan,1.5,1024,1024-45,0.208333,0.141667,0.116667,0.258333,0.241667,0.033333,0.625,0.321158,-0.76,1.318902
volkan,1.5,1024,1024-46,0.0,0.0,0.0,0.0,0.0,1.0,0.0,0.933974,2.16,2.803358
volkan,1.5,1024,1024-47,0.141667,0.075,0.216667,0.291667,0.183333,0.025,0.491667,0.371016,-0.8,1.177878
volkan,1.5,1024,1024-48,0.491667,0.275,0.483333,0.758333,0.541667,0.15,0.0,0.694417,0.68,0.933017
volkan,1.5,1024,1024-49,0.283333,0.05,0.5,0.55,0.283333,0.266667,0.0,0.775712,1.36,1.357099
volkan,1.5,1024,1024-50,0.533333,0.158333,0.616667,0.775,0.55,0.133333,0.0,0.707252,1.12,0.953089
volkan,1.5,1024,1024-51,0.2,0.108333,0.15,0.258333,0.216667,0.025,0.566667,0.331229,-0.96,1.247484
volkan,1.5,1024,1024-52,0.391667,0.125,0.591667,0.716667,0.391667,0.175,0.0,0.731885,1.12,1.117895
volkan,1.5,1024,1024-53,0.533333,0.283333,0.483333,0.766667,0.566667,0.108333,0.0,0.685007,0.64,0.878537
volkan,1.5,1024,1024-54,0.383333,0.133333,0.566667,0.7,0.383333,0.208333,0.0,0.736388,1.16,1.140634
volkan,1.5,1024,1024-55,0.166667,0.183333,0.075,0.258333,0.241667,0.05,0.633333,0.314568,-0.96,1.554039
volkan,1.5,1024,1024-56,0.4,0.475,0.325,0.8,0.641667,0.025,0.0,0.602197,0.56,0.650555
volkan,1.5,1024,1024-57,0.316667,0.275,0.2,0.475,0.408333,0.075,0.158333,0.504481,-0.28,0.791062
volkan,1.5,1024,1024-58,0.125,0.2,0.15,0.35,0.266667,0.016667,0.4,0.397958,-0.6,0.96317
volkan,1.5,1024,1024-59,0.375,0.541667,0.283333,0.825,0.633333,0.033333,0.0,0.586627,0.52,0.61869
volkan,1.5,1024,1024-60,0.125,0.125,0.141667,0.266667,0.175,0.008333,0.425,0.366195,-0.52,1.048374
volkan,1.5,1024,1024-61,0.366667,0.458333,0.383333,0.841667,0.608333,0.091667,0.0,0.609769,0.24,0.686811
volkan,1.5,1024,1024-62,0.35,0.35,0.116667,0.466667,0.4,0.041667,0.216667,0.470361,-0.28,0.740013
volkan,1.5,1024,1024-63,0.308333,0.358333,0.35,0.708333,0.566667,0.066667,0.025,0.56594,0.0,0.690565
volkan,1.5,1024,1024-64,0.35,0.483333,0.275,0.758333,0.616667,0.033333,0.0,0.556332,0.56,0.579429
volkan,1.5,1024,1024-65,0.241667,0.133333,0.141667,0.275,0.258333,0.05,0.625,0.347414,-0.88,1.388341
volkan,1.5,1024,1024-66,0.416667,0.45,0.358333,0.808333,0.658333,0.058333,0.0,0.596727,0.52,0.640639
volkan,1.5,1024,1024-67,0.516667,0.191667,0.575,0.766667,0.533333,0.133333,0.0,0.699377,0.96,0.924475
volkan,1.5,1024,1024-68,0.383333,0.208333,0.325,0.533333,0.491667,0.041667,0.116667,0.488748,0.0,0.645132
volkan,1.5,1024,1024-69,0.416667,0.541667,0.308333,0.85,0.708333,0.033333,0.0,0.597929,0.56,0.616968
volkan,1.5,1024,1024-70,0.483333,0.425,0.383333,0.808333,0.641667,0.066667,0.0,0.649165,0.56,0.760032
volkan,1.5,1024,1024-71,0.541667,0.408333,0.441667,0.85,0.658333,0.058333,0.0,0.653423,1.08,0.728761
volkan,1.5,1024,1024-72,0.358333,0.225,0.283333,0.508333,0.483333,0.025,0.141667,0.484793,0.2,0.623414
volkan,1.5,1024,1024-73,0.383333,0.466667,0.325,0.791667,0.608333,0.075,0.0,0.603299,0.44,0.687516
volkan,1.5,1024,1024-74,0.308333,0.341667,0.3,0.641667,0.533333,0.058333,0.05,0.537841,0.2,0.668163
volkan,1.5,1024,1024-75,0.483333,0.416667,0.391667,0.808333,0.65,0.066667,0.0,0.642826,0.84,0.713475
volkan,1.5,1024,1024-76,0.0,0.0,0.0,0.0,0.0,0.891667,0.0,0.916852,2.16,2.530423
volkan,1.5,1024,1024-77,0.2,0.0,0.466667,0.466667,0.2,0.341667,0.0,0.797098,1.64,1.485733
volkan,1.5,1024,1024-78,0.5,0.183333,0.566667,0.75,0.525,0.141667,0.0,0.703217,0.96,0.945805
volkan,1.5,1024,1024-79,0.533333,0.283333,0.5,0.783333,0.558333,0.133333,0.0,0.691353,1.08,0.901926
volkan,1.5,1024,1024-80,0.366667,0.475,0.3,0.775,0.641667,0.041667,0.0,0.604205,0.44,0.685073
volkan,1.5,1024,1024-81,0.458333,0.308333,0.408333,0.716667,0.6,0.15,0.0,0.674575,0.64,0.868482
volkan,1.5,1024,1024-82,0.541667,0.216667,0.558333,0.775,0.55,0.125,0.0,0.698859,1.12,0.909955
volkan,1.5,1024,1024-83,0.45,0.325,0.441667,0.766667,0.583333,0.141667,0.0,0.675845,0.68,0.880688
volkan,1.5,1024,1024-84,0.0,0.0,0.0,0.0,0.0,0.883333,0.0,0.912694,2.16,2.491208
volkan,1.5,1024,1024-85,0.375,0.225,0.325,0.55,0.55,0.058333,0.075,0.529117,0.04,0.665905
volkan,1.5,1024,1024-86,0.366667,0.141667,0.633333,0.775,0.366667,0.141667,0.0,0.727725,1.4,1.062111
volkan,1.5,1024,1024-87,0.308333,0.25,0.283333,0.533333,0.508333,0.041667,0.133333,0.497198,0.24,0.650881
volkan,1.5,1024,1024-88,0.283333,0.058333,0.6,0.658333,0.283333,0.216667,0.0,0.758993,1.2,1.251772
volkan,1.5,1024,1024-89,0.3,0.408333,0.341667,0.75,0.525,0.041667,0.008333,0.568089,0.28,0.643682
volkan,1.5,1024,1024-90,0.041667,0.175,0.158333,0.333333,0.2,0.041667,0.391667,0.428468,-0.56,1.152301
volkan,1.5,1024,1024-91,0.4,0.183333,0.575,0.758333,0.433333,0.141667,0.0,0.711208,1.16,0.991074
volkan,1.5,1024,1024-92,0.433333,0.508333,0.358333,0.866667,0.65,0.033333,0.0,0.609834,0.48,0.62228
volkan,1.5,1024,1024-93,0.166667,0.091667,0.15,0.241667,0.2,0.025,0.6,0.331772,-0.64,1.260816
volkan,1.5,1024,1024-94,0.45,0.525,0.325,0.85,0.675,0.041667,0.0,0.625428,0.6,0.645341
volkan,1.5,1024,1024-95,0.475,0.333333,0.433333,0.766667,0.591667,0.133333,0.0,0.672569,0.84,0.86825
volkan,1.5,1024,1024-96,0.566667,0.291667,0.533333,0.825,0.625,0.075,0.0,0.673387,1.08,0.80442
volkan,1.5,1024,1024-97,0.483333,0.408333,0.433333,0.841667,0.658333,0.058333,0.0,0.639143,0.84,0.683609
volkan,1.5,1024,1024-98,0.108333,0.208333,0.133333,0.341667,0.266667,0.0,0.408333,0.382867,-0.48,0.914826
volkan,1.5,1024,1024-99,0.216667,0.025,0.55,0.575,0.216667,0.225,0.0,0.778393,1.44,1.353241
volkan,1.5,1024,1024-100,0.45,0.516667,0.358333,0.875,0.666667,0.05,0.0,0.609118,0.8,0.602228
volkan,1.5,1024,1024-101,0.333333,0.333333,0.316667,0.65,0.608333,0.033333,0.058333,0.52782,0.16,0.630332
volkan,1.5,1024,1024-102,0.275,0.408333,0.333333,0.741667,0.583333,0.041667,0.008333,0.547981,0.32,0.600942
volkan,1.5,1024,1024-103,0.433333,0.458333,0.383333,0.841667,0.608333,0.05,0.0,0.641745,0.24,0.75792
volkan,1.5,1024,1024-104,0.308333,0.45,0.308333,0.758333,0.583333,0.058333,0.0,0.555098,0.36,0.597797
volkan,1.5,1024,1024-105,0.133333,0.0,0.408333,0.408333,0.133333,0.375,0.0,0.808861,1.68,1.538477
volkan,1.5,1024,1024-106,0.516667,0.391667,0.425,0.816667,0.641667,0.091667,0.0,0.657655,0.8,0.779435
volkan,1.5,1024,1024-107,0.325,0.341667,0.1,0.441667,0.383333,0.066667,0.191667,0.476658,-0.12,0.739791
volkan,1.5,1024,1024-108,0.483333,0.366667,0.375,0.741667,0.616667,0.108333,0.0,0.666679,0.52,0.83541
volkan,1.5,1024,1024-109,0.333333,0.366667,0.091667,0.458333,0.383333,0.066667,0.158333,0.491772,-0.28,0.72878
volkan,1.5,1024,1024-110,0.341667,0.483333,0.341667,0.825,0.583333,0.058333,0.0,0.595288,0.36,0.663283
volkan,1.5,1024,1024-111,0.35,0.483333,0.291667,0.775,0.616667,0.016667,0.0,0.574575,0.6,0.606185
volkan,1.5,1024,1024-112,0.291667,0.391667,0.35,0.741667,0.566667,0.025,0.016667,0.54497,0.2,0.606335
volkan,1.5,1024,1024-113,0.483333,0.325,0.533333,0.858333,0.608333,0.116667,0.0,0.664539,1.08,0.791484
volkan,1.5,1024,1024-114,0.475,0.183333,0.558333,0.741667,0.483333,0.183333,0.0,0.720502,0.8,1.059861
volkan,1.5,1024,1024-115,0.541667,0.341667,0.441667,0.783333,0.625,0.1,0.0,0.672489,0.68,0.83022
volkan,1.5,1024,1024-116,0.083333,0.0,0.416667,0.416667,0.083333,0.375,0.0,0.811098,1.68,1.568217
volkan,1.5,1024,1024-117,0.0,0.0,0.175,0.175,0.0,0.6,0.0,0.860849,1.64,1.935939
volkan,1.5,1024,1024-118,0.35,0.083333,0.608333,0.691667,0.35,0.191667,0.0,0.743194,1.04,1.146626
volkan,1.5,1024,1024-119,0.083333,0.141667,0.166667,0.308333,0.183333,0.033333,0.441667,0.38346,-0.48,1.063757
volkan,1.5,1024,1024-120,0.458333,0.375,0.441667,0.816667,0.616667,0.1,0.0,0.655479,0.84,0.777515
volkan,1.5,1024,1024-121,0.166667,0.2,0.083333,0.283333,0.241667,0.033333,0.658333,0.297848,-0.76,1.546592
volkan,1.5,1024,1024-122,0.4,0.425,0.416667,0.841667,0.575,0.1,0.0,0.64675,0.24,0.819866
volkan,1.5,1024,1024-123,0.508333,0.175,0.575,0.75,0.508333,0.133333,0.0,0.711338,1.08,0.984094
volkan,1.5,1024,1024-124,0.241667,0.35,0.15,0.5,0.408333,0.058333,0.275,0.477627,-0.6,0.765135
volkan,1.5,1024,1024-125,0.158333,0.091667,0.175,0.266667,0.2,0.041667,0.483333,0.384555,-0.72,1.162846
volkan,1.5,1024,1024-126,0.333333,0.35,0.091667,0.441667,0.4,0.1,0.191667,0.492196,-0.32,0.746122
volkan,1.5,1024,1024-127,0.25,0.433333,0.35,0.783333,0.533333,0.058333,0.0,0.574589,0.16,0.622979
volkan,1.5,1024,1024-128,0.125,0.0,0.35,0.35,0.125,0.4,0.0,0.815953,1.92,1.589506
volkan,1.5,1024,1024-129,0.35,0.325,0.191667,0.516667,0.466667,0.066667,0.108333,0.497053,-0.08,0.701576
volkan,1.5,1024,1024-130,0.108333,0.0,0.4,0.4,0.108333,0.391667,0.0,0.817852,1.52,1.618194
volkan,1.5,1024,1024-131,0.5,0.4,0.391667,0.791667,0.641667,0.05,0.0,0.618967,0.8,0.660979
volkan,1.5,1024,1024-132,0.525,0.233333,0.558333,0.791667,0.541667,0.116667,0.0,0.692759,1.04,0.90414
volkan,1.5,1024,1024-133,0.0,0.0,0.033333,0.033333,0.0,0.85,0.0,0.897068,1.76,2.267924
volkan,1.5,1024,1024-134,0.291667,0.375,0.3,0.675,0.525,0.041667,0.066667,0.539125,0.24,0.65019
volkan,1.5,1024,1024-135,0.258333,0.4,0.283333,0.683333,0.5,0.075,0.025,0.559036,0.2,0.677277
volkan,1.5,1024,1024-136,0.033333,0.0,0.25,0.25,0.033333,0.55,0.0,0.844539,1.64,1.793891
volkan,1.5,1024,1024-137,0.308333,0.3,0.091667,0.391667,0.341667,0.108333,0.225,0.478844,-0.2,0.834086
volkan,1.5,1024,1024-138,0.0,0.0,0.0,0.0,0.0,0.883333,0.0,0.913864,2.08,2.523444
volkan,1.5,1024,1024-139,0.466667,0.158333,0.575,0.733333,0.491667,0.175,0.0,0.711344,0.92,0.995079
volkan,1.5,1024,1024-140,0.5,0.191667,0.583333,0.775,0.516667,0.133333,0.0,0.702307,1.16,0.952534
volkan,1.5,1024,1024-141,0.425,0.125,0.608333,0.733333,0.425,0.15,0.0,0.7282,1.16,1.081376
volkan,1.5,1024,1024-142,0.325,0.05,0.633333,0.683333,0.325,0.175,0.0,0.753334,1.36,1.20284
volkan,1.5,1024,1024-143,0.175,0.316667,0.075,0.391667,0.358333,0.058333,0.316667,0.454143,-0.36,0.845976
volkan,1.5,1024,1024-144,0.075,0.183333,0.175,0.358333,0.216667,0.016667,0.4,0.386577,-0.52,0.992338
volkan,1.5,1024,1024-145,0.316667,0.383333,0.35,0.733333,0.583333,0.033333,0.016667,0.561263,0.0,0.651137
volkan,1.5,1024,1024-146,0.183333,0.008333,0.516667,0.525,0.183333,0.25,0.0,0.784798,1.32,1.397012
volkan,1.5,1024,1024-147,0.3,0.425,0.291667,0.716667,0.558333,0.083333,0.008333,0.559092,0.36,0.640366
volkan,1.5,1024,1024-148,0.3,0.441667,0.35,0.791667,0.6,0.016667,0.008333,0.550187,0.32,0.567665
volkan,1.5,1024,1024-149,0.183333,0.083333,0.158333,0.241667,0.2,0.075,0.508333,0.383703,-1.0,1.304676
volkan,1.5,1024,1024-150,0.491667,0.441667,0.416667,0.858333,0.65,0.066667,0.0,0.636178,0.88,0.68568
volkan,1.5,1024,1024-151,0.241667,0.358333,0.05,0.408333,0.366667,0.033333,0.341667,0.426527,-0.24,0.765983
volkan,1.5,1024,1024-152,0.466667,0.316667,0.483333,0.8,0.566667,0.116667,0.0,0.680447,1.04,0.862455
volkan,1.5,1024,1024-153,0.125,0.1,0.125,0.225,0.183333,0.05,0.575,0.330587,-0.68,1.25278
volkan,1.5,1024,1024-154,0.25,0.05,0.566667,0.616667,0.25,0.241667,0.0,0.773288,1.0,1.349082
volkan,1.5,1024,1024-155,0.45,0.166667,0.558333,0.725,0.458333,0.175,0.0,0.722619,1.16,1.045252
volkan,1.5,1024,1024-156,0.125,0.358333,0.1,0.458333,0.425,0.033333,0.325,0.450775,-0.48,0.836745
volkan,1.5,1024,1024-157,0.1,0.325,0.108333,0.433333,0.375,0.008333,0.408333,0.423258,-0.4,0.841477
volkan,1.5,1024,1024-158,0.4,0.491667,0.283333,0.775,0.641667,0.033333,0.0,0.571443,0.64,0.598808
volkan,1.5,1024,1024-159,0.166667,0.083333,0.175,0.258333,0.191667,0.008333,0.525,0.3377,-0.64,1.116825
volkan,1.5,1024,1024-160,0.325,0.341667,0.116667,0.458333,0.4,0.116667,0.175,0.501483,-0.24,0.757886
volkan,1.5,1024,1024-161,0.158333,0.175,0.083333,0.258333,0.233333,0.058333,0.658333,0.312837,-0.84,1.56639
volkan,1.5,1024,1024-162,0.35,0.233333,0.358333,0.591667,0.55,0.1,0.1,0.525471,-0.2,0.727059
volkan,1.5,1024,1024-163,0.491667,0.166667,0.591667,0.758333,0.533333,0.133333,0.0,0.706057,1.12,0.972454
volkan,1.5,1024,1024-164,0.116667,0.058333,0.183333,0.241667,0.158333,0.058333,0.541667,0.357758,-0.72,1.274251
volkan,1.5,1024,1024-165,0.533333,0.283333,0.525,0.808333,0.591667,0.108333,0.0,0.682056,0.96,0.853445
volkan,1.5,1024,1024-166,0.275,0.433333,0.266667,0.7,0.516667,0.016667,0.025,0.535335,0.64,0.579433
volkan,1.5,1024,1024-167,0.266667,0.408333,0.3,0.708333,0.541667,0.025,0.025,0.521901,0.48,0.588161
volkan,1.5,1024,1024-168,0.533333,0.408333,0.416667,0.825,0.65,0.116667,0.0,0.653708,0.68,0.762089
volkan,1.5,1024,1024-169,0.366667,0.108333,0.591667,0.7,0.366667,0.183333,0.0,0.735291,1.12,1.122835
volkan,1.5,1024,1024-170,0.183333,0.15,0.108333,0.258333,0.241667,0.041667,0.625,0.322734,-0.96,1.42901
volkan,1.5,1024,1024-171,0.166667,0.175,0.075,0.25,0.233333,0.025,0.65,0.287473,-1.12,1.509594
volkan,1.5,1024,1024-172,0.375,0.358333,0.408333,0.766667,0.65,0.075,0.008333,0.580445,-0.08,0.697523
volkan,1.5,1024,1024-173,0.316667,0.2,0.341667,0.541667,0.5,0.083333,0.1,0.51891,-0.04,0.699497
volkan,1.5,1024,1024-174,0.108333,0.066667,0.2,0.266667,0.133333,0.016667,0.466667,0.367422,-0.56,1.108551
volkan,1.5,1024,1024-175,0.358333,0.358333,0.325,0.683333,0.633333,0.05,0.075,0.530786,0.12,0.653229
volkan,1.5,1024,1024-176,0.466667,0.375,0.416667,0.791667,0.616667,0.108333,0.0,0.649881,0.64,0.783599
volkan,1.5,1024,1024-177,0.333333,0.416667,0.333333,0.75,0.491667,0.1,0.0,0.603525,0.24,0.751663
volkan,1.5,1024,1024-178,0.483333,0.441667,0.366667,0.808333,0.616667,0.058333,0.0,0.652159,0.48,0.74614
volkan,1.5,1024,1024-179,0.258333,0.425,0.333333,0.758333,0.558333,0.041667,0.0,0.550652,0.32,0.59084
volkan,1.5,1024,1024-180,0.308333,0.325,0.125,0.45,0.416667,0.116667,0.183333,0.494823,-0.12,0.770763
volkan,1.5,1024,1024-181,0.116667,0.308333,0.05,0.358333,0.316667,0.033333,0.466667,0.381566,0.08,0.838004
volkan,1.5,1024,1024-182,0.375,0.266667,0.275,0.541667,0.491667,0.05,0.108333,0.498265,-0.08,0.68697
volkan,1.5,1024,1024-183,0.391667,0.416667,0.35,0.766667,0.6,0.058333,0.0,0.620307,0.36,0.727813
volkan,1.5,1024,1024-184,0.516667,0.383333,0.4,0.783333,0.65,0.133333,0.0,0.659985,0.56,0.818951
volkan,1.5,1024,1024-185,0.308333,0.433333,0.35,0.783333,0.541667,0.066667,0.0,0.579598,0.2,0.668853
volkan,1.5,1024,1024-186,0.083333,0.233333,0.1,0.333333,0.266667,0.033333,0.358333,0.434383,-0.52,0.98881
volkan,1.5,1024,1024-187,0.0,0.0,0.183333,0.183333,0.0,0.625,0.0,0.858613,1.52,1.919674
volkan,1.5,1024,1024-188,0.358333,0.508333,0.341667,0.85,0.616667,0.016667,0.0,0.576398,0.52,0.568318
volkan,1.5,1024,1024-189,0.208333,0.375,0.058333,0.433333,0.4,0.05,0.35,0.440307,-0.28,0.775338
volkan,1.5,1024,1024-190,0.408333,0.166667,0.558333,0.725,0.408333,0.2,0.0,0.731065,1.08,1.11938
volkan,1.5,1024,1024-191,0.341667,0.358333,0.083333,0.441667,0.408333,0.05,0.191667,0.455159,0.0,0.686093
volkan,1.5,1024,1024-192,0.333333,0.233333,0.308333,0.541667,0.508333,0.075,0.1,0.517416,-0.04,0.722092
volkan,1.5,1024,1024-193,0.058333,0.0,0.333333,0.333333,0.058333,0.433333,0.0,0.829254,1.6,1.691845
volkan,1.5,1024,1024-194,0.275,0.333333,0.066667,0.4,0.35,0.066667,0.25,0.46981,-0.28,0.789458
volkan,1.5,1024,1024-195,0.216667,0.316667,0.083333,0.4,0.366667,0.033333,0.341667,0.440662,-0.24,0.807779
volkan,1.5,1024,1024-196,0.35,0.058333,0.658333,0.716667,0.35,0.166667,0.0,0.746557,1.32,1.172923
volkan,1.5,1024,1024-197,0.216667,0.358333,0.091667,0.45,0.416667,0.025,0.341667,0.443132,-0.4,0.794407
volkan,1.5,1024,1024-198,0.283333,0.433333,0.283333,0.716667,0.541667,0.025,0.008333,0.542198,0.48,0.6035
volkan,1.5,1024,1024-199,0.383333,0.508333,0.358333,0.866667,0.633333,0.075,0.0,0.616931,0.4,0.691464
volkan,1.5,2026,2026-0,0.325,0.275,0.208333,0.483333,0.425,0.05,0.166667,0.470461,0.08,0.693627
volkan,1.5,2026,2026-1,0.475,0.4,0.408333,0.808333,0.616667,0.091667,0.0,0.656725,0.76,0.784606
volkan,1.5,2026,2026-2,0.241667,0.125,0.15,0.275,0.25,0.033333,0.558333,0.339562,-0.84,1.336199
volkan,1.5,2026,2026-3,0.05,0.0,0.233333,0.233333,0.05,0.533333,0.0,0.842223,1.68,1.780452
volkan,1.5,2026,2026-4,0.35,0.141667,0.616667,0.758333,0.358333,0.15,0.0,0.726925,1.28,1.05329
volkan,1.5,2026,2026-5,0.25,0.416667,0.316667,0.733333,0.516667,0.041667,0.041667,0.555275,0.32,0.615765
volkan,1.5,2026,2026-6,0.266667,0.433333,0.291667,0.725,0.508333,0.05,0.016667,0.543701,0.48,0.598711
volkan,1.5,2026,2026-7,0.508333,0.358333,0.441667,0.8,0.575,0.125,0.0,0.676603,0.64,0.853769
volkan,1.5,2026,2026-8,0.291667,0.416667,0.325,0.741667,0.541667,0.058333,0.008333,0.558556,0.4,0.609751
volkan,1.5,2026,2026-9,0.308333,0.416667,0.325,0.741667,0.55,0.058333,0.016667,0.577459,0.48,0.662346
volkan,1.5,2026,2026-10,0.375,0.1,0.608333,0.708333,0.375,0.158333,0.0,0.734965,1.2,1.116017
volkan,1.5,2026,2026-11,0.516667,0.208333,0.541667,0.75,0.525,0.15,0.0,0.704081,0.88,0.963114
volkan,1.5,2026,2026-12,0.391667,0.466667,0.391667,0.858333,0.625,0.05,0.0,0.613132,0.36,0.69713
volkan,1.5,2026,2026-13,0.425,0.491667,0.358333,0.85,0.691667,0.033333,0.0,0.588382,0.52,0.591628
volkan,1.5,2026,2026-14,0.45,0.375,0.391667,0.766667,0.625,0.108333,0.0,0.653181,0.8,0.793122
volkan,1.5,2026,2026-15,0.325,0.225,0.291667,0.516667,0.5,0.041667,0.158333,0.49197,0.24,0.674359
volkan,1.5,2026,2026-16,0.358333,0.325,0.308333,0.633333,0.6,0.091667,0.058333,0.543019,0.08,0.708624
volkan,1.5,2026,2026-17,0.541667,0.208333,0.566667,0.775,0.541667,0.133333,0.0,0.704156,1.04,0.95803
volkan,1.5,2026,2026-18,0.366667,0.45,0.391667,0.841667,0.541667,0.05,0.0,0.617719,0.16,0.676021
volkan,1.5,2026,2026-19,0.075,0.225,0.133333,0.358333,0.275,0.0,0.475,0.364493,-0.32,0.965475
volkan,1.5,2026,2026-20,0.316667,0.35,0.3,0.65,0.575,0.033333,0.05,0.505817,0.24,0.607952
volkan,1.5,2026,2026-21,0.416667,0.141667,0.533333,0.675,0.416667,0.183333,0.0,0.73698,1.12,1.14056
volkan,1.5,2026,2026-22,0.325,0.416667,0.308333,0.725,0.558333,0.05,0.008333,0.576736,0.52,0.671367
volkan,1.5,2026,2026-23,0.416667,0.508333,0.341667,0.85,0.666667,0.016667,0.0,0.569522,0.88,0.509991
volkan,1.5,2026,2026-24,0.383333,0.108333,0.616667,0.725,0.383333,0.175,0.0,0.729214,1.0,1.066094
volkan,1.5,2026,2026-25,0.0,0.0,0.133333,0.133333,0.0,0.766667,0.0,0.890024,1.92,2.239137
volkan,1.5,2026,2026-26,0.341667,0.325,0.175,0.5,0.458333,0.083333,0.116667,0.499819,-0.08,0.701379
volkan,1.5,2026,2026-27,0.041667,0.0,0.283333,0.283333,0.041667,0.475,0.0,0.832813,1.6,1.698478
volkan,1.5,2026,2026-28,0.066667,0.341667,0.108333,0.45,0.383333,0.016667,0.425,0.40537,-0.28,0.872571
volkan,1.5,2026,2026-29,0.525,0.466667,0.383333,0.85,0.675,0.05,0.0,0.633722,0.92,0.664647
volkan,1.5,2026,2026-30,0.1,0.3,0.141667,0.441667,0.358333,0.016667,0.366667,0.432783,-0.52,0.852837
volkan,1.5,2026,2026-31,0.016667,0.0,0.358333,0.358333,0.016667,0.425,0.0,0.835033,1.44,1.727876
volkan,1.5,2026,2026-32,0.291667,0.033333,0.65,0.683333,0.291667,0.15,0.0,0.754169,1.24,1.21178
volkan,1.5,2026,2026-33,0.141667,0.0,0.4,0.4,0.141667,0.325,0.0,0.809273,1.32,1.560129
volkan,1.5,2026,2026-34,0.258333,0.366667,0.083333,0.45,0.383333,0.066667,0.233333,0.473997,-0.4,0.769406
volkan,1.5,2026,2026-35,0.391667,0.125,0.6,0.725,0.391667,0.175,0.0,0.734281,1.12,1.10654
volkan,1.5,2026,2026-36,0.333333,0.208333,0.316667,0.525,0.5,0.05,0.125,0.509929,0.0,0.678715
volkan,1.5,2026,2026-37,0.341667,0.375,0.275,0.65,0.6,0.041667,0.091667,0.513013,0.16,0.650464
volkan,1.5,2026,2026-38,0.475,0.216667,0.541667,0.758333,0.508333,0.141667,0.0,0.70516,1.08,0.975787
volkan,1.5,2026,2026-39,0.25,0.066667,0.575,0.641667,0.25,0.208333,0.0,0.764583,1.36,1.269125
volkan,1.5,2026,2026-40,0.483333,0.383333,0.358333,0.741667,0.633333,0.1,0.0,0.658303,0.56,0.818852
volkan,1.5,2026,2026-41,0.333333,0.216667,0.316667,0.533333,0.483333,0.091667,0.116667,0.515421,-0.04,0.740929
volkan,1.5,2026,2026-42,0.333333,0.266667,0.175,0.441667,0.391667,0.108333,0.166667,0.497209,-0.16,0.792767
volkan,1.5,2026,2026-43,0.016667,0.0,0.283333,0.283333,0.016667,0.5,0.0,0.844965,1.76,1.807669
volkan,1.5,2026,2026-44,0.416667,0.15,0.6,0.75,0.441667,0.125,0.0,0.716222,1.28,1.017989
volkan,1.5,2026,2026-45,0.375,0.116667,0.65,0.766667,0.375,0.125,0.0,0.728466,1.32,1.053825
volkan,1.5,2026,2026-46,0.0,0.0,0.0,0.0,0.0,0.925,0.0,0.917488,1.88,2.551935
volkan,1.5,2026,2026-47,0.325,0.316667,0.133333,0.45,0.408333,0.075,0.225,0.464905,-0.12,0.719876
volkan,1.5,2026,2026-48,0.0,0.0,0.0,0.0,0.0,1.0,0.0,0.940797,2.24,2.927941
volkan,1.5,2026,2026-49,0.0,0.0,0.0,0.0,0.0,1.0,0.0,0.96673,2.24,3.571198
volkan,1.5,2026,2026-50,0.0,0.0,0.191667,0.191667,0.0,0.625,0.0,0.869322,1.84,2.039254
volkan,1.5,2026,2026-51,0.291667,0.058333,0.583333,0.641667,0.291667,0.225,0.0,0.764315,1.0,1.282691
volkan,1.5,2026,2026-52,0.341667,0.225,0.291667,0.516667,0.491667,0.075,0.125,0.489388,0.08,0.692309
volkan,1.5,2026,2026-53,0.175,0.008333,0.508333,0.516667,0.175,0.233333,0.0,0.785066,1.6,1.384225
volkan,1.5,2026,2026-54,0.25,0.408333,0.275,0.683333,0.525,0.041667,0.05,0.534174,0.24,0.629185
volkan,1.5,2026,2026-55,0.408333,0.45,0.366667,0.816667,0.608333,0.066667,0.0,0.629342,0.4,0.731954
volkan,1.5,2026,2026-56,0.283333,0.416667,0.308333,0.725,0.491667,0.033333,0.008333,0.549535,0.44,0.636222
volkan,1.5,2026,2026-57,0.491667,0.341667,0.475,0.816667,0.616667,0.083333,0.0,0.663216,1.04,0.793773
volkan,1.5,2026,2026-58,0.066667,0.0,0.366667,0.366667,0.066667,0.45,0.0,0.827865,1.6,1.676614
volkan,1.5,2026,2026-59,0.341667,0.266667,0.316667,0.583333,0.541667,0.041667,0.116667,0.507517,0.0,0.661144
volkan,1.5,2026,2026-60,0.3,0.333333,0.058333,0.391667,0.341667,0.058333,0.291667,0.434842,0.0,0.763664
volkan,1.5,2026,2026-61,0.291667,0.291667,0.058333,0.35,0.308333,0.1,0.325,0.45081,-0.2,0.861086
volkan,1.5,2026,2026-62,0.183333,0.341667,0.066667,0.408333,0.383333,0.05,0.291667,0.44176,-0.32,0.789441
volkan,1.5,2026,2026-63,0.116667,0.125,0.175,0.3,0.191667,0.033333,0.433333,0.398194,-0.76,1.037903
volkan,1.5,2026,2026-64,0.308333,0.325,0.108333,0.433333,0.375,0.066667,0.266667,0.448568,-0.12,0.745125
volkan,1.5,2026,2026-65,0.041667,0.0,0.341667,0.341667,0.041667,0.391667,0.0,0.826236,1.44,1.643947
volkan,1.5,2026,2026-66,0.283333,0.266667,0.241667,0.508333,0.458333,0.066667,0.158333,0.499622,0.2,0.727469
volkan,1.5,2026,2026-67,0.541667,0.391667,0.425,0.816667,0.65,0.075,0.0,0.658954,0.84,0.753891
volkan,1.5,2026,2026-68,0.083333,0.333333,0.083333,0.416667,0.366667,0.016667,0.433333,0.410142,-0.24,0.872139
volkan,1.5,2026,2026-69,0.525,0.408333,0.441667,0.85,0.65,0.066667,0.0,0.648388,0.76,0.722939
volkan,1.5,2026,2026-70,0.141667,0.108333,0.166667,0.275,0.2,0.025,0.541667,0.346716,-0.72,1.208872
volkan,1.5,2026,2026-71,0.316667,0.216667,0.275,0.491667,0.45,0.058333,0.141667,0.486922,0.04,0.705686
volkan,1.5,2026,2026-72,0.0,0.0,0.0,0.0,0.0,0.9,0.0,0.926088,1.76,2.693562
volkan,1.5,2026,2026-73,0.35,0.216667,0.308333,0.525,0.508333,0.041667,0.125,0.501354,0.08,0.664986
volkan,1.5,2026,2026-74,0.1,0.0,0.483333,0.483333,0.1,0.308333,0.0,0.804986,1.16,1.525358
volkan,1.5,2026,2026-75,0.525,0.291667,0.491667,0.783333,0.566667,0.1,0.0,0.687009,1.0,0.873118
volkan,1.5,2026,2026-76,0.316667,0.475,0.325,0.8,0.583333,0.041667,0.0,0.574109,0.52,0.564394
volkan,1.5,2026,2026-77,0.325,0.183333,0.3,0.483333,0.466667,0.05,0.15,0.487085,0.12,0.682414
volkan,1.5,2026,2026-78,0.025,0.0,0.375,0.375,0.025,0.341667,0.0,0.823192,1.32,1.632768
volkan,1.5,2026,2026-79,0.391667,0.466667,0.308333,0.775,0.625,0.033333,0.0,0.584329,0.6,0.632833
volkan,1.5,2026,2026-80,0.0,0.0,0.225,0.225,0.0,0.566667,0.0,0.854488,1.88,1.871549
volkan,1.5,2026,2026-81,0.35,0.258333,0.291667,0.55,0.516667,0.083333,0.133333,0.504467,-0.08,0.73039
volkan,1.5,2026,2026-82,0.425,0.491667,0.358333,0.85,0.641667,0.05,0.0,0.622627,0.44,0.681587
volkan,1.5,2026,2026-83,0.55,0.266667,0.491667,0.758333,0.566667,0.116667,0.0,0.690115,0.84,0.882159
volkan,1.5,2026,2026-84,0.516667,0.3,0.483333,0.783333,0.566667,0.083333,0.0,0.679149,1.04,0.838943
volkan,1.5,2026,2026-85,0.083333,0.366667,0.083333,0.45,0.416667,0.0,0.441667,0.398125,-0.24,0.812903
volkan,1.5,2026,2026-86,0.316667,0.308333,0.166667,0.475,0.433333,0.141667,0.116667,0.532911,-0.28,0.809449
volkan,1.5,2026,2026-87,0.216667,0.416667,0.366667,0.783333,0.483333,0.058333,0.0,0.588902,0.16,0.643691
volkan,1.5,2026,2026-88,0.333333,0.333333,0.1,0.433333,0.375,0.083333,0.208333,0.47531,-0.24,0.736068
volkan,1.5,2026,2026-89,0.433333,0.125,0.625,0.75,0.433333,0.15,0.0,0.726395,1.16,1.062377
volkan,1.5,2026,2026-90,0.433333,0.175,0.575,0.75,0.433333,0.133333,0.0,0.713051,1.16,0.989189
volkan,1.5,2026,2026-91,0.158333,0.158333,0.1,0.258333,0.208333,0.033333,0.616667,0.332958,-0.88,1.311565
volkan,1.5,2026,2026-92,0.175,0.1,0.15,0.25,0.2,0.041667,0.6,0.33425,-0.72,1.272469
volkan,1.5,2026,2026-93,0.091667,0.258333,0.125,0.383333,0.316667,0.025,0.4,0.421102,-0.48,0.945361
volkan,1.5,2026,2026-94,0.45,0.391667,0.366667,0.758333,0.608333,0.108333,0.0,0.64237,0.68,0.74579
volkan,1.5,2026,2026-95,0.0,0.0,0.0,0.0,0.0,0.825,0.0,0.906475,2.04,2.417035
volkan,1.5,2026,2026-96,0.325,0.391667,0.308333,0.7,0.566667,0.05,0.033333,0.556207,0.12,0.685978
volkan,1.5,2026,2026-97,0.55,0.425,0.358333,0.783333,0.658333,0.091667,0.0,0.657249,0.72,0.764089
volkan,1.5,2026,2026-98,0.233333,0.333333,0.05,0.383333,0.358333,0.033333,0.308333,0.44674,-0.2,0.762899
volkan,1.5,2026,2026-99,0.166667,0.35,0.108333,0.458333,0.425,0.033333,0.366667,0.432253,-0.28,0.762356
volkan,1.5,2026,2026-100,0.191667,0.15,0.116667,0.266667,0.225,0.066667,0.575,0.354775,-0.92,1.46946
volkan,1.5,2026,2026-101,0.475,0.466667,0.333333,0.8,0.691667,0.033333,0.0,0.613332,0.52,0.667255
volkan,1.5,2026,2026-102,0.216667,0.008333,0.558333,0.566667,0.216667,0.233333,0.0,0.77591,1.32,1.319342
volkan,1.5,2026,2026-103,0.325,0.4,0.316667,0.716667,0.625,0.033333,0.025,0.538381,0.24,0.592487
volkan,1.5,2026,2026-104,0.008333,0.0,0.3,0.3,0.008333,0.533333,0.0,0.839983,1.6,1.778641
volkan,1.5,2026,2026-105,0.475,0.408333,0.383333,0.791667,0.658333,0.083333,0.0,0.643896,0.8,0.753934
volkan,1.5,2026,2026-106,0.408333,0.5,0.341667,0.841667,0.591667,0.033333,0.0,0.611923,0.52,0.648704
volkan,1.5,2026,2026-107,0.458333,0.183333,0.566667,0.75,0.483333,0.15,0.0,0.705919,1.04,0.966991
volkan,1.5,2026,2026-108,0.508333,0.241667,0.5,0.741667,0.533333,0.175,0.0,0.705451,0.64,0.985913
volkan,1.5,2026,2026-109,0.125,0.0,0.416667,0.416667,0.125,0.366667,0.0,0.804851,1.72,1.513037
volkan,1.5,2026,2026-110,0.325,0.333333,0.166667,0.5,0.416667,0.025,0.233333,0.455102,-0.08,0.696565
volkan,1.5,2026,2026-111,0.158333,0.191667,0.083333,0.275,0.25,0.041667,0.625,0.302588,-1.04,1.513521
volkan,1.5,2026,2026-112,0.508333,0.425,0.383333,0.808333,0.658333,0.066667,0.0,0.636721,0.72,0.693299
volkan,1.5,2026,2026-113,0.408333,0.233333,0.333333,0.566667,0.516667,0.05,0.108333,0.505581,-0.16,0.670782
volkan,1.5,2026,2026-114,0.433333,0.5,0.341667,0.841667,0.675,0.041667,0.0,0.595244,0.8,0.58983
volkan,1.5,2026,2026-115,0.0,0.0,0.158333,0.158333,0.0,0.65,0.0,0.870048,1.8,2.004109
volkan,1.5,2026,2026-116,0.158333,0.358333,0.108333,0.466667,0.416667,0.025,0.35,0.429979,-0.4,0.787224
volkan,1.5,2026,2026-117,0.333333,0.15,0.491667,0.641667,0.333333,0.2,0.0,0.747953,1.44,1.20688
volkan,1.5,2026,2026-118,0.191667,0.0,0.541667,0.541667,0.191667,0.2,0.0,0.774102,1.36,1.312176
volkan,1.5,2026,2026-119,0.5,0.258333,0.525,0.783333,0.558333,0.125,0.0,0.687144,1.04,0.889302
volkan,1.5,2026,2026-120,0.108333,0.0,0.483333,0.483333,0.108333,0.283333,0.0,0.802829,1.24,1.498843
volkan,1.5,2026,2026-121,0.333333,0.3,0.3,0.6,0.533333,0.066667,0.066667,0.538856,0.16,0.691655
volkan,1.5,2026,2026-122,0.35,0.233333,0.258333,0.491667,0.466667,0.033333,0.166667,0.466194,0.32,0.638788
volkan,1.5,2026,2026-123,0.208333,0.0,0.441667,0.441667,0.208333,0.3,0.0,0.793125,1.52,1.464119
volkan,1.5,2026,2026-124,0.35,0.116667,0.583333,0.7,0.35,0.191667,0.0,0.745638,1.08,1.18337
volkan,1.5,2026,2026-125,0.041667,0.0,0.291667,0.291667,0.041667,0.508333,0.0,0.841864,1.56,1.780479
volkan,1.5,2026,2026-126,0.483333,0.383333,0.416667,0.8,0.625,0.091667,0.0,0.657672,0.6,0.782821
volkan,1.5,2026,2026-127,0.0,0.0,0.166667,0.166667,0.0,0.65,0.0,0.866272,1.88,1.977238
volkan,1.5,2026,2026-128,0.258333,0.433333,0.325,0.758333,0.5,0.05,0.008333,0.569893,0.36,0.639383
volkan,1.5,2026,2026-129,0.166667,0.333333,0.083333,0.416667,0.4,0.025,0.341667,0.437764,-0.28,0.768396
volkan,1.5,2026,2026-130,0.141667,0.15,0.091667,0.241667,0.225,0.05,0.675,0.308021,-1.08,1.520197
volkan,1.5,2026,2026-131,0.166667,0.35,0.075,0.425,0.391667,0.025,0.341667,0.43285,-0.24,0.75525
volkan,1.5,2026,2026-132,0.25,0.033333,0.591667,0.625,0.25,0.225,0.0,0.765949,0.92,1.280545
volkan,1.5,2026,2026-133,0.116667,0.166667,0.15,0.316667,0.216667,0.025,0.408333,0.385829,-0.6,0.997109
volkan,1.5,2026,2026-134,0.35,0.283333,0.358333,0.641667,0.583333,0.075,0.041667,0.545551,0.0,0.683775
volkan,1.5,2026,2026-135,0.0,0.0,0.0,0.0,0.0,0.9,0.0,0.912612,1.96,2.472816
volkan,1.5,2026,2026-136,0.266667,0.05,0.591667,0.641667,0.266667,0.216667,0.0,0.764566,1.12,1.286691
volkan,1.5,2026,2026-137,0.0,0.0,0.116667,0.116667,0.0,0.75,0.0,0.887216,1.76,2.212126
volkan,1.5,2026,2026-138,0.241667,0.325,0.083333,0.408333,0.35,0.05,0.341667,0.437742,-0.2,0.793667
volkan,1.5,2026,2026-139,0.066667,0.158333,0.033333,0.191667,0.175,0.05,0.641667,0.264715,-1.16,1.707055
volkan,1.5,2026,2026-140,0.0,0.0,0.233333,0.233333,0.0,0.558333,0.0,0.853911,1.72,1.886187
volkan,1.5,2026,2026-141,0.058333,0.175,0.158333,0.333333,0.191667,0.016667,0.408333,0.38892,-0.52,1.008317
volkan,1.5,2026,2026-142,0.475,0.458333,0.375,0.833333,0.683333,0.066667,0.0,0.626564,0.64,0.678169
volkan,1.5,2026,2026-143,0.433333,0.375,0.408333,0.783333,0.591667,0.116667,0.0,0.662909,0.88,0.828394
volkan,1.5,2026,2026-144,0.291667,0.358333,0.05,0.408333,0.375,0.058333,0.241667,0.485685,-0.44,0.800649
volkan,1.5,2026,2026-145,0.0,0.0,0.191667,0.191667,0.0,0.625,0.0,0.860329,1.44,1.930888
volkan,1.5,2026,2026-146,0.0,0.0,0.241667,0.241667,0.0,0.608333,0.0,0.859128,1.88,1.933999
volkan,1.5,2026,2026-147,0.491667,0.2,0.566667,0.766667,0.491667,0.133333,0.0,0.709458,1.2,0.974116
volkan,1.5,2026,2026-148,0.441667,0.433333,0.35,0.783333,0.616667,0.058333,0.0,0.61242,0.44,0.695891
volkan,1.5,2026,2026-149,0.541667,0.441667,0.375,0.816667,0.683333,0.075,0.0,0.64297,0.84,0.701961
volkan,1.5,2026,2026-150,0.325,0.366667,0.041667,0.408333,0.375,0.016667,0.375,0.417668,-0.08,0.740853
volkan,1.5,2026,2026-151,0.258333,0.458333,0.308333,0.766667,0.533333,0.041667,0.0,0.555788,0.44,0.580832
volkan,1.5,2026,2026-152,0.375,0.475,0.375,0.85,0.566667,0.058333,0.0,0.616501,0.24,0.691326
volkan,1.5,2026,2026-153,0.333333,0.35,0.091667,0.441667,0.4,0.083333,0.183333,0.4717,-0.12,0.723805
volkan,1.5,2026,2026-154,0.316667,0.075,0.558333,0.633333,0.316667,0.225,0.0,0.761425,1.2,1.28323
volkan,1.5,2026,2026-155,0.108333,0.2,0.108333,0.308333,0.25,0.008333,0.45,0.378881,-0.44,0.993235
volkan,1.5,2026,2026-156,0.341667,0.291667,0.341667,0.633333,0.583333,0.1,0.058333,0.561263,-0.08,0.741288
volkan,1.5,2026,2026-157,0.116667,0.216667,0.075,0.291667,0.25,0.058333,0.608333,0.321672,-1.04,1.501028
volkan,1.5,2026,2026-158,0.483333,0.216667,0.533333,0.75,0.533333,0.141667,0.0,0.696922,0.96,0.924408
volkan,1.5,2026,2026-159,0.341667,0.108333,0.525,0.633333,0.341667,0.241667,0.0,0.753652,0.88,1.229874
volkan,1.5,2026,2026-160,0.408333,0.15,0.583333,0.733333,0.441667,0.175,0.0,0.724569,1.28,1.058938
volkan,1.5,2026,2026-161,0.0,0.0,0.0,0.0,0.0,1.0,0.0,0.958153,2.2,3.308571
volkan,1.5,2026,2026-162,0.233333,0.033333,0.55,0.583333,0.233333,0.258333,0.0,0.779319,1.12,1.367413
volkan,1.5,2026,2026-163,0.233333,0.3,0.075,0.375,0.325,0.091667,0.35,0.445213,0.0,0.832754
volkan,1.5,2026,2026-164,0.0,0.0,0.0,0.0,0.0,1.0,0.0,0.946449,2.28,3.024901
volkan,1.5,2026,2026-165,0.283333,0.291667,0.083333,0.375,0.316667,0.108333,0.275,0.469204,-0.2,0.823112
volkan,1.5,2026,2026-166,0.291667,0.058333,0.616667,0.675,0.291667,0.208333,0.0,0.755709,1.04,1.228152
volkan,1.5,2026,2026-167,0.316667,0.125,0.583333,0.708333,0.316667,0.158333,0.0,0.743389,1.44,1.14985
volkan,1.5,2026,2026-168,0.283333,0.316667,0.091667,0.408333,0.333333,0.075,0.241667,0.467435,-0.2,0.835151
volkan,1.5,2026,2026-169,0.033333,0.0,0.266667,0.266667,0.033333,0.55,0.0,0.846562,1.52,1.826299
volkan,1.5,2026,2026-170,0.45,0.3,0.45,0.75,0.508333,0.183333,0.0,0.695768,0.68,0.95794
volkan,1.5,2026,2026-171,0.458333,0.125,0.6,0.725,0.458333,0.15,0.0,0.721136,0.96,1.028991
volkan,1.5,2026,2026-172,0.358333,0.225,0.275,0.5,0.475,0.05,0.116667,0.49046,0.16,0.655197
volkan,1.5,2026,2026-173,0.025,0.0,0.408333,0.408333,0.025,0.408333,0.0,0.821974,1.64,1.611871
volkan,1.5,2026,2026-174,0.283333,0.266667,0.183333,0.45,0.391667,0.058333,0.225,0.471034,0.12,0.756122
volkan,1.5,2026,2026-175,0.166667,0.108333,0.166667,0.275,0.225,0.05,0.575,0.360057,-0.76,1.299032
volkan,1.5,2026,2026-176,0.025,0.0,0.258333,0.258333,0.025,0.533333,0.0,0.845084,1.68,1.804037
volkan,1.5,2026,2026-177,0.233333,0.4,0.266667,0.666667,0.475,0.058333,0.041667,0.539072,0.32,0.654988
volkan,1.5,2026,2026-178,0.483333,0.525,0.308333,0.833333,0.7,0.058333,0.0,0.618304,0.72,0.653684
volkan,1.5,2026,2026-179,0.0,0.0,0.025,0.025,0.0,0.841667,0.0,0.897217,1.8,2.29269
volkan,1.5,2026,2026-180,0.125,0.0,0.491667,0.491667,0.125,0.241667,0.0,0.801941,1.44,1.485116
volkan,1.5,2026,2026-181,0.466667,0.166667,0.616667,0.783333,0.466667,0.141667,0.0,0.714196,1.36,1.002056
volkan,1.5,2026,2026-182,0.158333,0.0,0.541667,0.541667,0.158333,0.241667,0.0,0.788846,1.4,1.399093
volkan,1.5,2026,2026-183,0.383333,0.383333,0.125,0.508333,0.45,0.05,0.108333,0.482409,-0.16,0.668636
volkan,1.5,2026,2026-184,0.358333,0.066667,0.6,0.666667,0.358333,0.2,0.0,0.748373,1.08,1.180785
volkan,1.5,2026,2026-185,0.133333,0.0,0.491667,0.491667,0.133333,0.283333,0.0,0.799783,1.44,1.472788
volkan,1.5,2026,2026-186,0.325,0.091667,0.616667,0.708333,0.325,0.183333,0.0,0.743743,1.28,1.144345
volkan,1.5,2026,2026-187,0.266667,0.416667,0.341667,0.758333,0.475,0.1,0.0,0.597501,0.12,0.71313
volkan,1.5,2026,2026-188,0.075,0.066667,0.033333,0.1,0.1,0.033333,0.825,0.16023,-1.64,2.685813
volkan,1.5,2026,2026-189,0.491667,0.175,0.583333,0.758333,0.491667,0.15,0.0,0.713925,0.92,1.025459
volkan,1.5,2026,2026-190,0.491667,0.416667,0.408333,0.825,0.666667,0.058333,0.0,0.637666,0.6,0.710935
volkan,1.5,2026,2026-191,0.325,0.375,0.366667,0.741667,0.641667,0.058333,0.016667,0.56724,0.04,0.679521
volkan,1.5,2026,2026-192,0.333333,0.066667,0.616667,0.683333,0.333333,0.191667,0.0,0.745714,1.28,1.161787
volkan,1.5,2026,2026-193,0.525,0.325,0.458333,0.783333,0.608333,0.066667,0.0,0.665603,0.8,0.774731
volkan,1.5,2026,2026-194,0.525,0.408333,0.35,0.758333,0.675,0.075,0.0,0.657187,0.68,0.786847
volkan,1.5,2026,2026-195,0.083333,0.133333,0.141667,0.275,0.166667,0.008333,0.408333,0.366929,-0.44,0.982836
volkan,1.5,2026,2026-196,0.083333,0.116667,0.208333,0.325,0.183333,0.041667,0.4,0.403388,-0.64,1.114546
volkan,1.5,2026,2026-197,0.491667,0.258333,0.475,0.733333,0.558333,0.125,0.0,0.688919,0.68,0.890182
volkan,1.5,2026,2026-198,0.375,0.45,0.375,0.825,0.591667,0.066667,0.0,0.625135,0.4,0.732722
volkan,1.5,2026,2026-199,0.458333,0.458333,0.4,0.858333,0.625,0.041667,0.0,0.636474,0.52,0.694877
difficulty,0.0,42,42-0,0.533333,0.583333,0.358333,0.941667,0.8,0.0,0.0,0.568713,0.626806,0.439299
difficulty,0.0,42,42-1,0.158333,0.475,0.0,0.475,0.475,0.0,0.3,0.377151,0.478043,0.574943
difficulty,0.0,42,42-2,0.491667,0.291667,0.541667,0.833333,0.558333,0.033333,0.0,0.672892,0.439587,0.776782
difficulty,0.0,42,42-3,0.483333,0.3,0.525,0.825,0.55,0.083333,0.0,0.6792,0.533138,0.825147
difficulty,0.0,42,42-4,0.0,0.0,0.0,0.0,0.0,0.0,0.841667,0.213848,0.504108,1.362407
difficulty,0.0,42,42-5,0.016667,0.275,0.0,0.275,0.275,0.0,0.416667,0.326578,0.493326,0.763107
difficulty,0.0,42,42-6,0.566667,0.491667,0.458333,0.95,0.733333,0.0,0.0,0.590596,0.429493,0.513551
difficulty,0.0,42,42-7,0.525,0.491667,0.3,0.791667,0.758333,0.0,0.05,0.510995,0.462995,0.437686
difficulty,0.0,42,42-8,0.541667,0.533333,0.366667,0.9,0.833333,0.0,0.0,0.540675,0.512693,0.40072
difficulty,0.0,42,42-9,0.225,0.408333,0.033333,0.441667,0.441667,0.0,0.283333,0.385849,0.627807,0.594616
difficulty,0.0,42,42-10,0.541667,0.3,0.575,0.875,0.6,0.041667,0.0,0.668018,0.53343,0.75622
difficulty,0.0,42,42-11,0.583333,0.35,0.558333,0.908333,0.633333,0.0,0.0,0.657984,0.496818,0.697983
difficulty,0.0,42,42-12,0.475,0.491667,0.366667,0.858333,0.725,0.0,0.008333,0.548322,0.575372,0.468213
difficulty,0.0,42,42-13,0.458333,0.1,0.675,0.775,0.458333,0.091667,0.0,0.715004,0.435452,0.973394
difficulty,0.0,42,42-14,0.566667,0.475,0.483333,0.958333,0.766667,0.0,0.0,0.602841,0.587177,0.529953
difficulty,0.0,42,42-15,0.241667,0.533333,0.008333,0.541667,0.541667,0.0,0.175,0.408318,0.451327,0.474176
difficulty,0.0,42,42-16,0.55,0.483333,0.475,0.958333,0.725,0.0,0.0,0.602263,0.511995,0.519224
difficulty,0.0,42,42-17,0.133333,0.491667,0.0,0.491667,0.491667,0.0,0.241667,0.385123,0.502797,0.519982
difficulty,0.0,42,42-18,0.566667,0.258333,0.641667,0.9,0.608333,0.016667,0.0,0.670676,0.502668,0.752737
difficulty,0.0,42,42-19,0.591667,0.516667,0.391667,0.908333,0.808333,0.0,0.008333,0.555091,0.463444,0.427418
difficulty,0.0,42,42-20,0.483333,0.483333,0.3,0.783333,0.741667,0.0,0.033333,0.511123,0.579559,0.419964
difficulty,0.0,42,42-21,0.283333,0.5,0.058333,0.558333,0.558333,0.0,0.175,0.420333,0.581608,0.479059
difficulty,0.0,42,42-22,0.508333,0.075,0.716667,0.791667,0.508333,0.05,0.0,0.712469,0.480518,0.950039
difficulty,0.0,42,42-23,0.425,0.491667,0.266667,0.758333,0.666667,0.0,0.025,0.509466,0.614211,0.451899
difficulty,0.0,42,42-24,0.483333,0.566667,0.158333,0.725,0.716667,0.0,0.05,0.48245,0.473165,0.394597
difficulty,0.0,42,42-25,0.475,0.491667,0.225,0.716667,0.691667,0.0,0.05,0.487536,0.522558,0.43042
difficulty,0.0,42,42-26,0.566667,0.475,0.483333,0.958333,0.75,0.0,0.0,0.61232,0.576672,0.541369
difficulty,0.0,42,42-27,0.5,0.433333,0.508333,0.941667,0.683333,0.0,0.0,0.612666,0.488452,0.583967
difficulty,0.0,42,42-28,0.525,0.475,0.458333,0.933333,0.725,0.008333,0.0,0.610622,0.504839,0.549751
difficulty,0.0,42,42-29,0.566667,0.45,0.516667,0.966667,0.758333,0.0,0.0,0.608743,0.5327,0.537596
difficulty,0.0,42,42-30,0.0,0.0,0.483333,0.483333,0.0,0.266667,0.0,0.818231,0.36647,1.557888
difficulty,0.0,42,42-31,0.441667,0.491667,0.2,0.691667,0.683333,0.0,0.083333,0.480332,0.559195,0.431047
difficulty,0.0,42,42-32,0.358333,0.508333,0.116667,0.625,0.625,0.0,0.1,0.458194,0.563646,0.429713
difficulty,0.0,42,42-33,0.291667,0.55,0.016667,0.566667,0.566667,0.0,0.191667,0.415973,0.481092,0.488476
difficulty,0.0,42,42-34,0.566667,0.458333,0.491667,0.95,0.716667,0.0,0.0,0.623473,0.563815,0.57996
difficulty,0.0,42,42-35,0.466667,0.116667,0.658333,0.775,0.466667,0.066667,0.0,0.716082,0.430238,0.974928
difficulty,0.0,42,42-36,0.466667,0.466667,0.291667,0.758333,0.7,0.0,0.025,0.511826,0.612647,0.424014
difficulty,0.0,42,42-37,0.275,0.466667,0.025,0.491667,0.491667,0.0,0.191667,0.407927,0.561339,0.506365
difficulty,0.0,42,42-38,0.216667,0.416667,0.05,0.466667,0.466667,0.0,0.216667,0.397258,0.606738,0.533003
difficulty,0.0,42,42-39,0.591667,0.475,0.483333,0.958333,0.725,0.0,0.0,0.620823,0.607043,0.565061
difficulty,0.0,42,42-40,0.483333,0.358333,0.483333,0.841667,0.583333,0.025,0.0,0.659531,0.505602,0.738547
difficulty,0.0,42,42-41,0.541667,0.45,0.508333,0.958333,0.708333,0.0,0.0,0.619021,0.555034,0.574162
difficulty,0.0,42,42-42,0.375,0.533333,0.066667,0.6,0.6,0.0,0.175,0.43882,0.525876,0.452257
difficulty,0.0,42,42-43,0.541667,0.541667,0.391667,0.933333,0.833333,0.0,0.0,0.553679,0.648282,0.417445
difficulty,0.0,42,42-44,0.475,0.525,0.366667,0.891667,0.741667,0.0,0.0,0.553786,0.601149,0.462541
difficulty,0.0,42,42-45,0.5,0.533333,0.425,0.958333,0.791667,0.0,0.0,0.568691,0.56439,0.443548
difficulty,0.0,42,42-46,0.608333,0.283333,0.616667,0.9,0.625,0.008333,0.0,0.67059,0.494673,0.750366
difficulty,0.0,42,42-47,0.491667,0.483333,0.45,0.933333,0.733333,0.0,0.0,0.582394,0.52066,0.504384
difficulty,0.0,42,42-48,0.525,0.358333,0.55,0.908333,0.616667,0.025,0.0,0.654715,0.47727,0.704325
difficulty,0.0,42,42-49,0.5,0.516667,0.333333,0.85,0.741667,0.0,0.0,0.536292,0.642815,0.431174
difficulty,0.0,42,42-50,0.525,0.558333,0.4,0.958333,0.775,0.0,0.0,0.580378,0.567735,0.480999
difficulty,0.0,42,42-51,0.583333,0.425,0.491667,0.916667,0.675,0.008333,0.0,0.636057,0.52365,0.610342
difficulty,0.0,42,42-52,0.0,0.158333,0.0,0.158333,0.158333,0.0,0.508333,0.293111,0.456407,0.927113
difficulty,0.0,42,42-53,0.475,0.55,0.191667,0.741667,0.741667,0.0,0.025,0.489316,0.549366,0.384121
difficulty,0.0,42,42-54,0.416667,0.483333,0.191667,0.675,0.675,0.0,0.083333,0.470272,0.541457,0.422979
difficulty,0.0,42,42-55,0.325,0.466667,0.141667,0.608333,0.6,0.0,0.183333,0.439055,0.600515,0.515988
difficulty,0.0,42,42-56,0.5,0.5,0.291667,0.791667,0.75,0.0,0.016667,0.512321,0.48881,0.414361
difficulty,0.0,42,42-57,0.233333,0.0,0.583333,0.583333,0.233333,0.225,0.0,0.777428,0.336915,1.322761
difficulty,0.0,42,42-58,0.191667,0.433333,0.008333,0.441667,0.441667,0.0,0.275,0.388423,0.630418,0.561557
difficulty,0.0,42,42-59,0.525,0.25,0.558333,0.808333,0.533333,0.05,0.0,0.685562,0.497708,0.831391
difficulty,0.0,42,42-60,0.0,0.008333,0.0,0.008333,0.008333,0.0,0.7,0.248256,0.494745,1.159764
difficulty,0.0,42,42-61,0.458333,0.566667,0.183333,0.75,0.716667,0.0,0.05,0.487404,0.504019,0.405242
difficulty,0.0,42,42-62,0.416667,0.425,0.425,0.85,0.683333,0.0,0.0,0.559895,0.603692,0.500165
difficulty,0.0,42,42-63,0.508333,0.383333,0.533333,0.916667,0.658333,0.008333,0.0,0.640185,0.502153,0.665313
difficulty,0.0,42,42-64,0.566667,0.375,0.558333,0.933333,0.683333,0.0,0.0,0.638939,0.55932,0.632485
difficulty,0.0,42,42-65,0.65,0.391667,0.541667,0.933333,0.7,0.008333,0.0,0.643371,0.569935,0.635896
difficulty,0.0,42,42-66,0.45,0.5,0.2,0.7,0.675,0.0,0.033333,0.485246,0.546722,0.415925
difficulty,0.0,42,42-67,0.408333,0.483333,0.183333,0.666667,0.658333,0.0,0.075,0.471362,0.535997,0.432755
difficulty,0.0,42,42-68,0.541667,0.291667,0.541667,0.833333,0.566667,0.058333,0.0,0.676791,0.479064,0.794885
difficulty,0.0,42,42-69,0.433333,0.483333,0.258333,0.741667,0.691667,0.0,0.041667,0.500157,0.630166,0.448768
difficulty,0.0,42,42-70,0.0,0.2,0.0,0.2,0.2,0.0,0.458333,0.31277,0.531458,0.827649
difficulty,0.0,42,42-71,0.075,0.308333,0.0,0.308333,0.308333,0.0,0.366667,0.340251,0.570485,0.716194
difficulty,0.0,42,42-72,0.225,0.516667,0.0,0.516667,0.516667,0.0,0.233333,0.40022,0.474756,0.506124
difficulty,0.0,42,42-73,0.55,0.433333,0.516667,0.95,0.675,0.0,0.0,0.623522,0.4928,0.576057
difficulty,0.0,42,42-74,0.483333,0.466667,0.425,0.891667,0.7,0.0,0.0,0.570906,0.536106,0.506757
difficulty,0.0,42,42-75,0.558333,0.333333,0.6,0.933333,0.625,0.008333,0.0,0.657763,0.454839,0.70437
difficulty,0.0,42,42-76,0.391667,0.508333,0.175,0.683333,0.675,0.0,0.066667,0.475613,0.545559,0.407759
difficulty,0.0,42,42-77,0.483333,0.533333,0.325,0.858333,0.725,0.0,0.0,0.548396,0.639195,0.449729
difficulty,0.0,42,42-78,0.566667,0.433333,0.5,0.933333,0.675,0.008333,0.0,0.63438,0.530889,0.610943
difficulty,0.0,42,42-79,0.458333,0.525,0.225,0.75,0.725,0.0,0.033333,0.495418,0.549163,0.408513
difficulty,0.0,42,42-80,0.525,0.475,0.475,0.95,0.725,0.0,0.0,0.611518,0.522592,0.551897
difficulty,0.0,42,42-81,0.325,0.466667,0.058333,0.525,0.525,0.0,0.166667,0.420761,0.608201,0.483734
difficulty,0.0,42,42-82,0.483333,0.558333,0.216667,0.775,0.75,0.0,0.033333,0.499446,0.462123,0.404204
difficulty,0.0,42,42-83,0.383333,0.45,0.216667,0.666667,0.65,0.0,0.116667,0.468371,0.628895,0.46652
difficulty,0.0,42,42-84,0.066667,0.358333,0.0,0.358333,0.358333,0.0,0.375,0.346202,0.513678,0.676331
difficulty,0.0,42,42-85,0.608333,0.458333,0.475,0.933333,0.758333,0.008333,0.0,0.611641,0.560972,0.553487
difficulty,0.0,42,42-86,0.375,0.433333,0.175,0.608333,0.608333,0.0,0.108333,0.453009,0.631548,0.448335
difficulty,0.0,42,42-87,0.583333,0.508333,0.4,0.908333,0.808333,0.0,0.0,0.554908,0.478774,0.425695
difficulty,0.0,42,42-88,0.558333,0.416667,0.516667,0.933333,0.725,0.0,0.0,0.62456,0.493629,0.596366
difficulty,0.0,42,42-89,0.483333,0.516667,0.4,0.916667,0.708333,0.008333,0.0,0.592825,0.626475,0.510455
difficulty,0.0,42,42-90,0.55,0.375,0.55,0.925,0.633333,0.008333,0.0,0.644618,0.500332,0.645662
difficulty,0.0,42,42-91,0.483333,0.491667,0.35,0.841667,0.725,0.0,0.016667,0.540726,0.506093,0.455607
difficulty,0.0,42,42-92,0.341667,0.475,0.125,0.6,0.583333,0.0,0.091667,0.453556,0.657056,0.442338
difficulty,0.0,42,42-93,0.433333,0.458333,0.316667,0.775,0.691667,0.0,0.016667,0.519331,0.606096,0.442903
difficulty,0.0,42,42-94,0.0,0.033333,0.0,0.033333,0.033333,0.0,0.666667,0.252816,0.481221,1.134602
difficulty,0.0,42,42-95,0.0,0.158333,0.0,0.158333,0.158333,0.0,0.516667,0.2997,0.513026,0.892284
difficulty,0.0,42,42-96,0.008333,0.191667,0.0,0.191667,0.191667,0.0,0.466667,0.307406,0.564664,0.852532
difficulty,0.0,42,42-97,0.15,0.466667,0.0,0.466667,0.466667,0.0,0.266667,0.375431,0.50686,0.573711
difficulty,0.0,42,42-98,0.533333,0.475,0.491667,0.966667,0.725,0.0,0.0,0.602184,0.538803,0.520376
difficulty,0.0,42,42-99,0.233333,0.558333,0.0,0.558333,0.558333,0.0,0.183333,0.405142,0.35046,0.458948
difficulty,0.0,42,42-100,0.416667,0.475,0.208333,0.683333,0.675,0.0,0.091667,0.474959,0.566417,0.43568
difficulty,0.0,42,42-101,0.441667,0.066667,0.716667,0.783333,0.441667,0.066667,0.0,0.721087,0.477981,0.993358
difficulty,0.0,42,42-102,0.516667,0.6,0.2,0.8,0.791667,0.0,0.016667,0.497926,0.459373,0.375803
difficulty,0.0,42,42-103,0.583333,0.35,0.591667,0.941667,0.65,0.025,0.0,0.649271,0.522368,0.673597
difficulty,0.0,42,42-104,0.208333,0.5,0.008333,0.508333,0.508333,0.0,0.208333,0.399524,0.453486,0.501139
difficulty,0.0,42,42-105,0.5,0.483333,0.308333,0.791667,0.708333,0.0,0.025,0.522904,0.520978,0.448752
difficulty,0.0,42,42-106,0.166667,0.416667,0.008333,0.425,0.425,0.0,0.333333,0.376463,0.550624,0.594105
difficulty,0.0,42,42-107,0.45,0.575,0.208333,0.783333,0.75,0.0,0.058333,0.490742,0.542107,0.425031
difficulty,0.0,42,42-108,0.558333,0.291667,0.566667,0.858333,0.583333,0.025,0.0,0.672387,0.470915,0.764166
difficulty,0.0,42,42-109,0.0,0.0,0.0,0.0,0.0,0.0,0.7,0.250857,0.298062,1.134663
difficulty,0.0,42,42-110,0.45,0.441667,0.475,0.916667,0.7,0.0,0.0,0.595117,0.626467,0.550112
difficulty,0.0,42,42-111,0.466667,0.558333,0.4,0.958333,0.816667,0.0,0.0,0.563855,0.595925,0.4442
difficulty,0.0,42,42-112,0.358333,0.508333,0.083333,0.591667,0.591667,0.0,0.133333,0.441437,0.5894,0.448074
difficulty,0.0,42,42-113,0.0,0.125,0.0,0.125,0.125,0.0,0.516667,0.290249,0.544224,0.941109
difficulty,0.0,42,42-114,0.525,0.533333,0.333333,0.866667,0.808333,0.0,0.0,0.53565,0.635889,0.405247
difficulty,0.0,42,42-115,0.316667,0.508333,0.083333,0.591667,0.583333,0.0,0.108333,0.440547,0.623498,0.442701
difficulty,0.0,42,42-116,0.466667,0.5,0.391667,0.891667,0.716667,0.0,0.0,0.575627,0.58401,0.505967
difficulty,0.0,42,42-117,0.5,0.483333,0.383333,0.866667,0.741667,0.0,0.016667,0.546251,0.568826,0.459111
difficulty,0.0,42,42-118,0.225,0.0,0.666667,0.666667,0.225,0.225,0.0,0.771549,0.393332,1.280669
difficulty,0.0,42,42-119,0.441667,0.483333,0.233333,0.716667,0.666667,0.0,0.058333,0.492028,0.636714,0.443734
difficulty,0.0,42,42-120,0.175,0.425,0.0,0.425,0.425,0.0,0.283333,0.373498,0.546126,0.602615
difficulty,0.0,42,42-121,0.491667,0.483333,0.366667,0.85,0.708333,0.0,0.0,0.559126,0.624745,0.486624
difficulty,0.0,42,42-122,0.5,0.483333,0.45,0.933333,0.758333,0.0,0.0,0.574049,0.560712,0.485162
difficulty,0.0,42,42-123,0.425,0.0,0.716667,0.716667,0.425,0.075,0.0,0.733182,0.447515,1.06319
difficulty,0.0,42,42-124,0.6,0.308333,0.591667,0.9,0.625,0.016667,0.0,0.667376,0.4864,0.740548
difficulty,0.0,42,42-125,0.5,0.483333,0.425,0.908333,0.733333,0.0,0.0,0.586653,0.603062,0.516056
difficulty,0.0,42,42-126,0.358333,0.0,0.691667,0.691667,0.358333,0.116667,0.0,0.743313,0.452383,1.116489
difficulty,0.0,42,42-127,0.041667,0.35,0.0,0.35,0.35,0.0,0.4,0.341991,0.492074,0.701036
difficulty,0.0,42,42-128,0.325,0.5,0.108333,0.608333,0.608333,0.0,0.133333,0.441399,0.516774,0.466343
difficulty,0.0,42,42-129,0.216667,0.433333,0.008333,0.441667,0.441667,0.0,0.275,0.382639,0.584527,0.580511
difficulty,0.0,42,42-130,0.466667,0.475,0.241667,0.716667,0.691667,0.0,0.058333,0.489009,0.531768,0.426199
difficulty,0.0,42,42-131,0.0,0.216667,0.0,0.216667,0.216667,0.0,0.466667,0.313201,0.464534,0.832014
difficulty,0.0,42,42-132,0.575,0.458333,0.475,0.933333,0.716667,0.008333,0.0,0.626319,0.568472,0.579745
difficulty,0.0,42,42-133,0.416667,0.416667,0.283333,0.7,0.625,0.0,0.05,0.500155,0.61166,0.476
difficulty,0.0,42,42-134,0.0,0.108333,0.0,0.108333,0.108333,0.0,0.508333,0.287576,0.502125,0.955047
difficulty,0.0,42,42-135,0.116667,0.391667,0.0,0.391667,0.391667,0.0,0.333333,0.363311,0.554972,0.620374
difficulty,0.0,42,42-136,0.5,0.416667,0.458333,0.875,0.683333,0.0,0.0,0.591132,0.564962,0.551169
difficulty,0.0,42,42-137,0.566667,0.341667,0.533333,0.875,0.608333,0.041667,0.0,0.662791,0.524493,0.730492
difficulty,0.0,42,42-138,0.0,0.0,0.55,0.55,0.0,0.258333,0.0,0.805804,0.369648,1.477503
difficulty,0.0,42,42-139,0.0,0.0,0.0,0.0,0.0,1.0,0.0,0.890854,0.232341,2.137345
difficulty,0.0,42,42-140,0.525,0.458333,0.491667,0.95,0.691667,0.0,0.0,0.606294,0.536572,0.546646
difficulty,0.0,42,42-141,0.133333,0.466667,0.0,0.466667,0.466667,0.0,0.241667,0.386253,0.426874,0.525592
difficulty,0.0,42,42-142,0.0,0.0,0.0,0.0,0.0,0.0,1.0,0.180642,0.287428,1.562315
difficulty,0.0,42,42-143,0.575,0.491667,0.466667,0.958333,0.758333,0.0,0.0,0.601369,0.461296,0.532105
difficulty,0.0,42,42-144,0.241667,0.525,0.016667,0.541667,0.541667,0.0,0.2,0.40532,0.492003,0.483499
difficulty,0.0,42,42-145,0.391667,0.541667,0.15,0.691667,0.666667,0.0,0.1,0.470878,0.580735,0.445322
difficulty,0.0,42,42-146,0.366667,0.491667,0.116667,0.608333,0.6,0.0,0.183333,0.437187,0.63794,0.501012
difficulty,0.0,42,42-147,0.475,0.525,0.316667,0.841667,0.791667,0.0,0.025,0.525672,0.531039,0.416314
difficulty,0.0,42,42-148,0.5,0.166667,0.625,0.791667,0.5,0.091667,0.0,0.706988,0.448667,0.940424
difficulty,0.0,42,42-149,0.508333,0.483333,0.483333,0.966667,0.8,0.0,0.0,0.576767,0.476093,0.474073
difficulty,0.0,42,42-150,0.558333,0.566667,0.316667,0.883333,0.808333,0.0,0.0,0.539826,0.446598,0.412952
difficulty,0.0,42,42-151,0.108333,0.416667,0.0,0.416667,0.416667,0.0,0.325,0.364765,0.526107,0.607151
difficulty,0.0,42,42-152,0.0,0.008333,0.0,0.008333,0.008333,0.0,0.683333,0.245988,0.485175,1.173305
difficulty,0.0,42,42-153,0.325,0.483333,0.133333,0.616667,0.608333,0.0,0.108333,0.450387,0.623643,0.460135
difficulty,0.0,42,42-154,0.458333,0.55,0.283333,0.833333,0.758333,0.0,0.0,0.517485,0.624233,0.413072
difficulty,0.0,42,42-155,0.083333,0.0,0.541667,0.541667,0.083333,0.258333,0.0,0.794176,0.349718,1.411219
difficulty,0.0,42,42-156,0.433333,0.541667,0.308333,0.85,0.741667,0.0,0.0,0.53556,0.678974,0.431667
difficulty,0.0,42,42-157,0.55,0.25,0.616667,0.866667,0.575,0.058333,0.0,0.683232,0.51288,0.818663
difficulty,0.0,42,42-158,0.391667,0.516667,0.125,0.641667,0.641667,0.0,0.133333,0.454658,0.604635,0.445946
difficulty,0.0,42,42-159,0.05,0.3,0.0,0.3,0.3,0.0,0.425,0.334658,0.563142,0.727857
difficulty,0.0,42,42-160,0.125,0.45,0.0,0.45,0.45,0.0,0.283333,0.379883,0.491066,0.554238
difficulty,0.0,42,42-161,0.341667,0.508333,0.083333,0.591667,0.591667,0.0,0.158333,0.430344,0.552569,0.472245
difficulty,0.0,42,42-162,0.0,0.0,0.483333,0.483333,0.0,0.275,0.0,0.820195,0.350622,1.576418
difficulty,0.0,42,42-163,0.225,0.466667,0.016667,0.483333,0.483333,0.0,0.241667,0.3941,0.630981,0.555017
difficulty,0.0,42,42-164,0.6,0.3,0.625,0.925,0.641667,0.025,0.0,0.662508,0.526838,0.724275
difficulty,0.0,42,42-165,0.183333,0.508333,0.0,0.508333,0.508333,0.0,0.225,0.395563,0.456181,0.497898
difficulty,0.0,42,42-166,0.483333,0.225,0.616667,0.841667,0.533333,0.025,0.0,0.688259,0.455756,0.841095
difficulty,0.0,42,42-167,0.566667,0.516667,0.475,0.991667,0.791667,0.0,0.0,0.59757,0.541192,0.501409
difficulty,0.0,42,42-168,0.533333,0.525,0.325,0.85,0.775,0.0,0.016667,0.528831,0.482709,0.421102
difficulty,0.0,42,42-169,0.458333,0.45,0.316667,0.766667,0.7,0.0,0.0,0.521539,0.612341,0.435881
difficulty,0.0,42,42-170,0.358333,0.55,0.083333,0.633333,0.633333,0.0,0.091667,0.447747,0.472234,0.415356
difficulty,0.0,42,42-171,0.516667,0.483333,0.458333,0.941667,0.758333,0.008333,0.0,0.596595,0.613154,0.533113
difficulty,0.0,42,42-172,0.425,0.516667,0.141667,0.658333,0.658333,0.0,0.075,0.466293,0.526274,0.405245
difficulty,0.0,42,42-173,0.033333,0.3,0.0,0.3,0.3,0.0,0.408333,0.329176,0.505639,0.763948
difficulty,0.0,42,42-174,0.008333,0.233333,0.0,0.233333,0.233333,0.0,0.425,0.319644,0.511135,0.796513
difficulty,0.0,42,42-175,0.491667,0.508333,0.416667,0.925,0.766667,0.0,0.0,0.569221,0.529609,0.460715
difficulty,0.0,42,42-176,0.3,0.0,0.725,0.725,0.3,0.116667,0.0,0.752194,0.448481,1.153807
difficulty,0.0,42,42-177,0.541667,0.516667,0.425,0.941667,0.791667,0.0,0.0,0.570168,0.5316,0.454183
difficulty,0.0,42,42-178,0.483333,0.55,0.291667,0.841667,0.75,0.0,0.0,0.531774,0.516937,0.439973
difficulty,0.0,42,42-179,0.533333,0.483333,0.408333,0.891667,0.741667,0.0,0.0,0.587611,0.54941,0.528474
difficulty,0.0,42,42-180,0.433333,0.066667,0.625,0.691667,0.433333,0.133333,0.0,0.733816,0.439472,1.076445
difficulty,0.0,42,42-181,0.558333,0.525,0.4,0.925,0.791667,0.0,0.0,0.567632,0.564633,0.44451
difficulty,0.0,42,42-182,0.425,0.5,0.133333,0.633333,0.625,0.0,0.066667,0.466768,0.587131,0.415737
difficulty,0.0,42,42-183,0.533333,0.183333,0.65,0.833333,0.533333,0.033333,0.0,0.693895,0.507228,0.859279
difficulty,0.0,42,42-184,0.533333,0.466667,0.483333,0.95,0.75,0.008333,0.0,0.598549,0.571537,0.525277
difficulty,0.0,42,42-185,0.325,0.0,0.691667,0.691667,0.325,0.15,0.0,0.753642,0.435806,1.169787
difficulty,0.0,42,42-186,0.525,0.491667,0.433333,0.925,0.775,0.0,0.0,0.575302,0.506084,0.472231
difficulty,0.0,42,42-187,0.041667,0.3,0.0,0.3,0.3,0.0,0.383333,0.328126,0.528232,0.761304
difficulty,0.0,42,42-188,0.0,0.166667,0.0,0.166667,0.166667,0.0,0.483333,0.302554,0.52926,0.875539
difficulty,0.0,42,42-189,0.283333,0.0,0.783333,0.783333,0.283333,0.125,0.0,0.747999,0.502904,1.131345
difficulty,0.0,42,42-190,0.108333,0.0,0.625,0.625,0.108333,0.208333,0.0,0.779547,0.391116,1.316653
difficulty,0.0,42,42-191,0.5,0.508333,0.341667,0.85,0.791667,0.0,0.025,0.529502,0.4636,0.421157
difficulty,0.0,42,42-192,0.4,0.458333,0.191667,0.65,0.616667,0.0,0.141667,0.462968,0.688912,0.497363
difficulty,0.0,42,42-193,0.425,0.0,0.741667,0.741667,0.425,0.108333,0.0,0.734643,0.493965,1.073685
difficulty,0.0,42,42-194,0.083333,0.391667,0.0,0.391667,0.391667,0.0,0.333333,0.361197,0.464756,0.615358
difficulty,0.0,42,42-195,0.216667,0.533333,0.0,0.533333,0.533333,0.0,0.191667,0.398898,0.461167,0.487217
difficulty,0.0,42,42-196,0.591667,0.416667,0.533333,0.95,0.683333,0.008333,0.0,0.637494,0.509118,0.617461
difficulty,0.0,42,42-197,0.466667,0.525,0.208333,0.733333,0.725,0.0,0.058333,0.487991,0.507528,0.432798
difficulty,0.0,42,42-198,0.433333,0.525,0.325,0.85,0.733333,0.0,0.0,0.535063,0.575325,0.428911
difficulty,0.0,42,42-199,0.491667,0.533333,0.25,0.783333,0.725,0.0,0.008333,0.515191,0.566774,0.428619
difficulty,0.0,137,137-0,0.241667,0.466667,0.033333,0.5,0.5,0.0,0.183333,0.40485,0.546512,0.508021
difficulty,0.0,137,137-1,0.308333,0.483333,0.083333,0.566667,0.566667,0.0,0.183333,0.421009,0.581362,0.503917
difficulty,0.0,137,137-2,0.366667,0.516667,0.075,0.591667,0.591667,0.0,0.133333,0.438494,0.540814,0.450706
difficulty,0.0,137,137-3,0.508333,0.483333,0.35,0.833333,0.716667,0.0,0.0,0.543921,0.57004,0.469862
difficulty,0.0,137,137-4,0.35,0.483333,0.108333,0.591667,0.591667,0.0,0.116667,0.443514,0.558837,0.434521
difficulty,0.0,137,137-5,0.116667,0.458333,0.0,0.458333,0.458333,0.0,0.266667,0.381666,0.395893,0.524408
difficulty,0.0,137,137-6,0.55,0.508333,0.441667,0.95,0.791667,0.0,0.0,0.5858,0.486651,0.490574
difficulty,0.0,137,137-7,0.3,0.466667,0.075,0.541667,0.541667,0.0,0.158333,0.423703,0.612896,0.503106
difficulty,0.0,137,137-8,0.0,0.0,0.0,0.0,0.0,0.0,0.916667,0.20218,0.541146,1.427246
difficulty,0.0,137,137-9,0.0,0.0,0.591667,0.591667,0.0,0.225,0.0,0.798348,0.387181,1.424616
difficulty,0.0,137,137-10,0.225,0.0,0.625,0.625,0.225,0.183333,0.0,0.767422,0.415922,1.255599
difficulty,0.0,137,137-11,0.091667,0.291667,0.0,0.291667,0.291667,0.0,0.375,0.341987,0.687555,0.710617
difficulty,0.0,137,137-12,0.4,0.491667,0.15,0.641667,0.625,0.0,0.066667,0.466262,0.64407,0.424675
difficulty,0.0,137,137-13,0.475,0.533333,0.316667,0.85,0.75,0.0,0.0,0.538185,0.533184,0.446794
difficulty,0.0,137,137-14,0.525,0.258333,0.55,0.808333,0.533333,0.066667,0.0,0.687769,0.492717,0.847997
difficulty,0.0,137,137-15,0.0,0.0,0.0,0.0,0.0,0.0,1.0,0.120971,0.401035,2.05048
difficulty,0.0,137,137-16,0.233333,0.525,0.008333,0.533333,0.533333,0.0,0.191667,0.404436,0.532168,0.491382
difficulty,0.0,137,137-17,0.491667,0.525,0.416667,0.941667,0.783333,0.0,0.0,0.567492,0.540033,0.460961
difficulty,0.0,137,137-18,0.0,0.0,0.0,0.0,0.0,0.0,0.816667,0.229148,0.409166,1.264329
difficulty,0.0,137,137-19,0.3,0.475,0.075,0.55,0.55,0.0,0.191667,0.42129,0.642168,0.496156
difficulty,0.0,137,137-20,0.45,0.508333,0.191667,0.7,0.683333,0.0,0.05,0.482078,0.605636,0.423387
difficulty,0.0,137,137-21,0.416667,0.5,0.175,0.675,0.666667,0.0,0.091667,0.472514,0.556852,0.426188
difficulty,0.0,137,137-22,0.116667,0.458333,0.0,0.458333,0.458333,0.0,0.275,0.370215,0.519365,0.591594
difficulty,0.0,137,137-23,0.566667,0.208333,0.633333,0.841667,0.566667,0.025,0.0,0.687278,0.507605,0.82774
difficulty,0.0,137,137-24,0.3,0.483333,0.083333,0.566667,0.566667,0.0,0.15,0.433092,0.618686,0.472145
difficulty,0.0,137,137-25,0.525,0.275,0.575,0.85,0.558333,0.016667,0.0,0.677973,0.420153,0.792774
difficulty,0.0,137,137-26,0.416667,0.55,0.175,0.725,0.708333,0.0,0.066667,0.480117,0.579135,0.424616
difficulty,0.0,137,137-27,0.525,0.55,0.408333,0.958333,0.791667,0.0,0.0,0.571016,0.514831,0.455414
difficulty,0.0,137,137-28,0.483333,0.541667,0.166667,0.708333,0.708333,0.0,0.05,0.483454,0.456601,0.394883
difficulty,0.0,137,137-29,0.466667,0.15,0.625,0.775,0.466667,0.083333,0.0,0.714478,0.391754,0.970108
difficulty,0.0,137,137-30,0.525,0.533333,0.4,0.933333,0.791667,0.008333,0.0,0.583961,0.563783,0.48182
difficulty,0.0,137,137-31,0.125,0.441667,0.008333,0.45,0.45,0.0,0.266667,0.382631,0.517712,0.543175
difficulty,0.0,137,137-32,0.616667,0.416667,0.55,0.966667,0.725,0.0,0.0,0.634778,0.579459,0.608233
difficulty,0.0,137,137-33,0.0,0.0,0.0,0.0,0.0,0.675,0.0,0.878017,0.238304,2.031655
difficulty,0.0,137,137-34,0.0,0.008333,0.0,0.008333,0.008333,0.0,0.691667,0.245651,0.464889,1.171754
difficulty,0.0,137,137-35,0.45,0.516667,0.3,0.816667,0.716667,0.0,0.008333,0.523556,0.577525,0.411708
difficulty,0.0,137,137-36,0.516667,0.483333,0.341667,0.825,0.741667,0.0,0.033333,0.535911,0.621506,0.443679
difficulty,0.0,137,137-37,0.508333,0.525,0.308333,0.833333,0.783333,0.0,0.05,0.522474,0.512512,0.442241
difficulty,0.0,137,137-38,0.591667,0.316667,0.575,0.891667,0.616667,0.016667,0.0,0.660878,0.569579,0.706821
difficulty,0.0,137,137-39,0.466667,0.508333,0.25,0.758333,0.716667,0.0,0.033333,0.506829,0.562387,0.425279
difficulty,0.0,137,137-40,0.516667,0.283333,0.566667,0.85,0.558333,0.041667,0.0,0.678045,0.46504,0.799338
difficulty,0.0,137,137-41,0.566667,0.441667,0.491667,0.933333,0.675,0.008333,0.0,0.634163,0.535499,0.617945
difficulty,0.0,137,137-42,0.141667,0.45,0.0,0.45,0.45,0.0,0.258333,0.375464,0.539661,0.569162
difficulty,0.0,137,137-43,0.1,0.383333,0.0,0.383333,0.383333,0.0,0.341667,0.359047,0.51095,0.627723
difficulty,0.0,137,137-44,0.1,0.0,0.575,0.575,0.1,0.266667,0.0,0.791471,0.372663,1.398116
difficulty,0.0,137,137-45,0.441667,0.516667,0.25,0.766667,0.708333,0.0,0.033333,0.508894,0.580481,0.42139
difficulty,0.0,137,137-46,0.525,0.491667,0.4,0.891667,0.758333,0.0,0.0,0.556655,0.567468,0.463159
difficulty,0.0,137,137-47,0.266667,0.0,0.716667,0.716667,0.266667,0.125,0.0,0.753055,0.438076,1.159629
difficulty,0.0,137,137-48,0.641667,0.45,0.508333,0.958333,0.708333,0.0,0.0,0.628833,0.553298,0.569624
difficulty,0.0,137,137-49,0.333333,0.508333,0.066667,0.575,0.575,0.0,0.125,0.434451,0.576671,0.446842
difficulty,0.0,137,137-50,0.458333,0.483333,0.25,0.733333,0.725,0.0,0.05,0.487226,0.553727,0.416453
difficulty,0.0,137,137-51,0.558333,0.191667,0.658333,0.85,0.558333,0.066667,0.0,0.689093,0.527367,0.844927
difficulty,0.0,137,137-52,0.4,0.025,0.733333,0.758333,0.4,0.091667,0.0,0.729841,0.473278,1.040525
difficulty,0.0,137,137-53,0.433333,0.558333,0.191667,0.75,0.716667,0.0,0.058333,0.489045,0.575628,0.433911
difficulty,0.0,137,137-54,0.433333,0.0,0.733333,0.733333,0.433333,0.075,0.0,0.726471,0.461469,1.020199
difficulty,0.0,137,137-55,0.441667,0.516667,0.166667,0.683333,0.675,0.0,0.05,0.474075,0.559024,0.419681
difficulty,0.0,137,137-56,0.475,0.475,0.416667,0.891667,0.741667,0.0,0.0,0.565153,0.581847,0.466052
difficulty,0.0,137,137-57,0.0,0.275,0.0,0.275,0.275,0.0,0.358333,0.33308,0.321144,0.725944
difficulty,0.0,137,137-58,0.466667,0.508333,0.266667,0.775,0.725,0.0,0.041667,0.506873,0.560558,0.430363
difficulty,0.0,137,137-59,0.566667,0.483333,0.491667,0.975,0.758333,0.0,0.0,0.606743,0.57258,0.525236
difficulty,0.0,137,137-60,0.558333,0.466667,0.475,0.941667,0.741667,0.0,0.0,0.607073,0.514544,0.548987
difficulty,0.0,137,137-61,0.608333,0.375,0.541667,0.916667,0.666667,0.016667,0.0,0.642894,0.546035,0.629381
difficulty,0.0,137,137-62,0.25,0.466667,0.05,0.516667,0.516667,0.0,0.216667,0.409488,0.630799,0.521076
difficulty,0.0,137,137-63,0.458333,0.475,0.258333,0.733333,0.675,0.0,0.033333,0.505452,0.595437,0.442027
difficulty,0.0,137,137-64,0.5,0.5,0.333333,0.833333,0.75,0.0,0.016667,0.531142,0.532841,0.440866
difficulty,0.0,137,137-65,0.158333,0.0,0.675,0.675,0.158333,0.208333,0.0,0.77176,0.427875,1.283831
difficulty,0.0,137,137-66,0.025,0.291667,0.0,0.291667,0.291667,0.0,0.441667,0.326346,0.613516,0.768049
difficulty,0.0,137,137-67,0.425,0.483333,0.241667,0.725,0.666667,0.0,0.041667,0.495075,0.544892,0.448018
difficulty,0.0,137,137-68,0.516667,0.5,0.35,0.85,0.783333,0.0,0.008333,0.535298,0.49353,0.438163
difficulty,0.0,137,137-69,0.0,0.0,0.0,0.0,0.0,1.0,0.0,0.905013,0.207252,2.293371
difficulty,0.0,137,137-70,0.55,0.475,0.458333,0.933333,0.733333,0.008333,0.0,0.618751,0.606445,0.578883
difficulty,0.0,137,137-71,0.533333,0.541667,0.341667,0.883333,0.8,0.0,0.0,0.539905,0.522323,0.413286
difficulty,0.0,137,137-72,0.458333,0.491667,0.366667,0.858333,0.708333,0.0,0.0,0.54808,0.552956,0.464496
difficulty,0.0,137,137-73,0.0,0.058333,0.0,0.058333,0.058333,0.0,0.625,0.263513,0.514349,1.077764
difficulty,0.0,137,137-74,0.425,0.45,0.375,0.825,0.675,0.0,0.0,0.564846,0.55602,0.533589
difficulty,0.0,137,137-75,0.491667,0.066667,0.708333,0.775,0.491667,0.066667,0.0,0.713909,0.509249,0.96186
difficulty,0.0,137,137-76,0.525,0.575,0.275,0.85,0.808333,0.0,0.0,0.51864,0.49469,0.392519
difficulty,0.0,137,137-77,0.425,0.5,0.175,0.675,0.675,0.0,0.05,0.467381,0.517374,0.412798
difficulty,0.0,137,137-78,0.433333,0.483333,0.225,0.708333,0.666667,0.0,0.058333,0.488464,0.574567,0.435572
difficulty,0.0,137,137-79,0.566667,0.391667,0.483333,0.875,0.641667,0.058333,0.0,0.655031,0.560197,0.709345
difficulty,0.0,137,137-80,0.566667,0.45,0.508333,0.958333,0.725,0.0,0.0,0.618855,0.583867,0.556851
difficulty,0.0,137,137-81,0.508333,0.158333,0.658333,0.816667,0.508333,0.05,0.0,0.70044,0.489711,0.892247
difficulty,0.0,137,137-82,0.516667,0.516667,0.45,0.966667,0.791667,0.0,0.0,0.575895,0.520956,0.468051
difficulty,0.0,137,137-83,0.616667,0.425,0.5,0.925,0.683333,0.008333,0.0,0.635505,0.579371,0.602199
difficulty,0.0,137,137-84,0.208333,0.483333,0.016667,0.5,0.5,0.0,0.216667,0.399565,0.515166,0.502251
difficulty,0.0,137,137-85,0.475,0.491667,0.333333,0.825,0.691667,0.0,0.0,0.549651,0.637033,0.485069
difficulty,0.0,137,137-86,0.091667,0.35,0.0,0.35,0.35,0.0,0.366667,0.351331,0.549369,0.670917
difficulty,0.0,137,137-87,0.258333,0.483333,0.066667,0.55,0.55,0.0,0.166667,0.420559,0.626984,0.49497
difficulty,0.0,137,137-88,0.183333,0.458333,0.016667,0.475,0.475,0.0,0.283333,0.388341,0.593718,0.56145
difficulty,0.0,137,137-89,0.458333,0.5,0.283333,0.783333,0.725,0.0,0.008333,0.514147,0.591907,0.428435
difficulty,0.0,137,137-90,0.508333,0.158333,0.658333,0.816667,0.508333,0.066667,0.0,0.701629,0.462548,0.901848
difficulty,0.0,137,137-91,0.566667,0.533333,0.466667,1.0,0.783333,0.0,0.0,0.596726,0.547672,0.477965
difficulty,0.0,137,137-92,0.116667,0.316667,0.0,0.316667,0.316667,0.0,0.391667,0.342102,0.589801,0.722529
difficulty,0.0,137,137-93,0.475,0.433333,0.425,0.858333,0.625,0.025,0.0,0.630472,0.564303,0.649734
difficulty,0.0,137,137-94,0.0,0.0,0.441667,0.441667,0.0,0.275,0.0,0.82445,0.351238,1.601146
difficulty,0.0,137,137-95,0.366667,0.041667,0.666667,0.708333,0.366667,0.108333,0.0,0.737708,0.42306,1.08916
difficulty,0.0,137,137-96,0.566667,0.416667,0.5,0.916667,0.691667,0.008333,0.0,0.634589,0.59266,0.630119
difficulty,0.0,137,137-97,0.566667,0.075,0.766667,0.841667,0.566667,0.016667,0.0,0.696659,0.534586,0.865824
difficulty,0.0,137,137-98,0.483333,0.108333,0.658333,0.766667,0.483333,0.091667,0.0,0.714889,0.485552,0.972516
difficulty,0.0,137,137-99,0.516667,0.416667,0.533333,0.95,0.65,0.0,0.0,0.621859,0.426192,0.598665
difficulty,0.0,137,137-100,0.416667,0.466667,0.208333,0.675,0.633333,0.0,0.075,0.485849,0.590699,0.44455
difficulty,0.0,137,137-101,0.0,0.0,0.45,0.45,0.0,0.308333,0.0,0.819588,0.341774,1.570522
difficulty,0.0,137,137-102,0.558333,0.541667,0.45,0.991667,0.8,0.0,0.0,0.586861,0.572228,0.469618
difficulty,0.0,137,137-103,0.416667,0.066667,0.691667,0.758333,0.416667,0.083333,0.0,0.729387,0.433847,1.038401
difficulty,0.0,137,137-104,0.475,0.475,0.35,0.825,0.7,0.0,0.008333,0.544095,0.565661,0.480596
difficulty,0.0,137,137-105,0.0,0.0,0.433333,0.433333,0.0,0.325,0.0,0.826502,0.338499,1.626517
difficulty,0.0,137,137-106,0.0,0.0,0.0,0.0,0.0,0.0,1.0,0.085785,0.125475,2.41805
difficulty,0.0,137,137-107,0.466667,0.525,0.233333,0.758333,0.733333,0.0,0.025,0.499526,0.530758,0.409525
difficulty,0.0,137,137-108,0.0,0.0,0.0,0.0,0.0,0.0,1.0,0.087437,0.127642,2.402094
difficulty,0.0,137,137-109,0.2,0.0,0.641667,0.641667,0.2,0.191667,0.0,0.771392,0.416679,1.276487
difficulty,0.0,137,137-110,0.241667,0.466667,0.083333,0.55,0.541667,0.0,0.141667,0.42727,0.637449,0.460954
difficulty,0.0,137,137-111,0.466667,0.091667,0.691667,0.783333,0.466667,0.091667,0.0,0.716247,0.491292,0.97649
difficulty,0.0,137,137-112,0.408333,0.458333,0.208333,0.666667,0.658333,0.0,0.1,0.469395,0.544806,0.462388
difficulty,0.0,137,137-113,0.3,0.508333,0.075,0.583333,0.583333,0.0,0.125,0.432439,0.568861,0.453402
difficulty,0.0,137,137-114,0.4,0.483333,0.2,0.683333,0.658333,0.0,0.108333,0.474995,0.563659,0.447267
difficulty,0.0,137,137-115,0.466667,0.525,0.241667,0.766667,0.741667,0.0,0.033333,0.499543,0.558046,0.394643
difficulty,0.0,137,137-116,0.458333,0.058333,0.691667,0.75,0.458333,0.058333,0.0,0.72629,0.432365,1.02357
difficulty,0.0,137,137-117,0.258333,0.483333,0.033333,0.516667,0.516667,0.0,0.141667,0.419034,0.5917,0.459602
difficulty,0.0,137,137-118,0.0,0.0,0.0,0.0,0.0,0.0,0.808333,0.22806,0.398562,1.265364
difficulty,0.0,137,137-119,0.4,0.5,0.216667,0.716667,0.683333,0.0,0.091667,0.47947,0.638764,0.460909
difficulty,0.0,137,137-120,0.0,0.0,0.6,0.6,0.0,0.208333,0.0,0.795614,0.402415,1.410335
difficulty,0.0,137,137-121,0.0,0.0,0.308333,0.308333,0.0,0.383333,0.0,0.837442,0.305869,1.695656
difficulty,0.0,137,137-122,0.525,0.441667,0.45,0.891667,0.708333,0.0,0.0,0.574202,0.484835,0.494885
difficulty,0.0,137,137-123,0.025,0.283333,0.0,0.283333,0.283333,0.0,0.391667,0.33037,0.384468,0.743651
difficulty,0.0,137,137-124,0.0,0.05,0.0,0.05,0.05,0.0,0.558333,0.274608,0.379909,1.015545
difficulty,0.0,137,137-125,0.541667,0.5,0.425,0.925,0.791667,0.0,0.0,0.563194,0.512601,0.449419
difficulty,0.0,137,137-126,0.516667,0.491667,0.4,0.891667,0.75,0.0,0.0,0.573904,0.571993,0.496949
difficulty,0.0,137,137-127,0.225,0.433333,0.033333,0.466667,0.466667,0.0,0.233333,0.393038,0.481324,0.538729
difficulty,0.0,137,137-128,0.458333,0.55,0.258333,0.808333,0.758333,0.0,0.016667,0.509837,0.578776,0.406865
difficulty,0.0,137,137-129,0.533333,0.225,0.608333,0.833333,0.533333,0.025,0.0,0.685671,0.499609,0.823147
difficulty,0.0,137,137-130,0.466667,0.516667,0.308333,0.825,0.725,0.0,0.033333,0.527604,0.510631,0.466122
difficulty,0.0,137,137-131,0.483333,0.475,0.266667,0.741667,0.691667,0.0,0.033333,0.502491,0.528857,0.431625
difficulty,0.0,137,137-132,0.533333,0.366667,0.558333,0.925,0.641667,0.008333,0.0,0.646838,0.444651,0.659989
difficulty,0.0,137,137-133,0.066667,0.375,0.0,0.375,0.375,0.0,0.375,0.341596,0.524018,0.706008
difficulty,0.0,137,137-134,0.516667,0.458333,0.433333,0.891667,0.725,0.0,0.0,0.570523,0.546178,0.503433
difficulty,0.0,137,137-135,0.55,0.541667,0.408333,0.95,0.8,0.0,0.0,0.580797,0.588652,0.459612
difficulty,0.0,137,137-136,0.508333,0.541667,0.35,0.891667,0.808333,0.0,0.0,0.538659,0.571043,0.416926
difficulty,0.0,137,137-137,0.533333,0.558333,0.266667,0.825,0.791667,0.0,0.016667,0.513616,0.411175,0.39568
difficulty,0.0,137,137-138,0.508333,0.525,0.325,0.85,0.783333,0.0,0.016667,0.531566,0.568847,0.420548
difficulty,0.0,137,137-139,0.516667,0.191667,0.591667,0.783333,0.516667,0.091667,0.0,0.704095,0.46652,0.923945
difficulty,0.0,137,137-140,0.0,0.0,0.0,0.0,0.0,0.0,1.0,0.149343,0.297986,1.793731
difficulty,0.0,137,137-141,0.608333,0.308333,0.558333,0.866667,0.608333,0.05,0.0,0.676977,0.515439,0.78289
difficulty,0.0,137,137-142,0.458333,0.508333,0.316667,0.825,0.716667,0.0,0.0,0.532359,0.555529,0.451803
difficulty,0.0,137,137-143,0.366667,0.525,0.083333,0.608333,0.608333,0.0,0.108333,0.447539,0.525771,0.438788
difficulty,0.0,137,137-144,0.458333,0.541667,0.35,0.891667,0.766667,0.0,0.0,0.551487,0.640246,0.436484
difficulty,0.0,137,137-145,0.516667,0.366667,0.55,0.916667,0.65,0.0,0.0,0.646665,0.476422,0.671876
difficulty,0.0,137,137-146,0.583333,0.291667,0.575,0.866667,0.608333,0.025,0.0,0.672885,0.528374,0.767503
difficulty,0.0,137,137-147,0.458333,0.516667,0.183333,0.7,0.691667,0.0,0.05,0.478165,0.525973,0.402446
difficulty,0.0,137,137-148,0.258333,0.483333,0.058333,0.541667,0.541667,0.0,0.191667,0.414518,0.522084,0.498659
difficulty,0.0,137,137-149,0.541667,0.533333,0.35,0.883333,0.825,0.0,0.0,0.541226,0.587244,0.397404
difficulty,0.0,137,137-150,0.108333,0.4,0.0,0.4,0.4,0.0,0.291667,0.369708,0.510023,0.583609
difficulty,0.0,137,137-151,0.091667,0.0,0.591667,0.591667,0.091667,0.241667,0.0,0.784705,0.360123,1.351208
difficulty,0.0,137,137-152,0.0,0.0,0.0,0.0,0.0,1.0,0.0,0.939806,0.136769,2.775126
difficulty,0.0,137,137-153,0.233333,0.475,0.016667,0.491667,0.491667,0.0,0.191667,0.403727,0.499953,0.497966
difficulty,0.0,137,137-154,0.108333,0.0,0.583333,0.583333,0.108333,0.25,0.0,0.786892,0.354151,1.366954
difficulty,0.0,137,137-155,0.575,0.383333,0.541667,0.925,0.675,0.0,0.0,0.637227,0.563769,0.615141
difficulty,0.0,137,137-156,0.483333,0.483333,0.375,0.858333,0.75,0.0,0.016667,0.542363,0.545773,0.458392
difficulty,0.0,137,137-157,0.566667,0.308333,0.558333,0.866667,0.608333,0.058333,0.0,0.676026,0.531941,0.789539
difficulty,0.0,137,137-158,0.566667,0.216667,0.65,0.866667,0.566667,0.041667,0.0,0.684925,0.489751,0.821015
difficulty,0.0,137,137-159,0.45,0.483333,0.425,0.908333,0.691667,0.0,0.0,0.593451,0.580313,0.547102
difficulty,0.0,137,137-160,0.266667,0.433333,0.091667,0.525,0.525,0.0,0.175,0.419121,0.683829,0.503061
difficulty,0.0,137,137-161,0.533333,0.55,0.391667,0.941667,0.808333,0.0,0.0,0.563693,0.546821,0.419693
difficulty,0.0,137,137-162,0.125,0.416667,0.0,0.416667,0.416667,0.0,0.325,0.360706,0.493552,0.626851
difficulty,0.0,137,137-163,0.616667,0.475,0.458333,0.933333,0.708333,0.016667,0.0,0.629323,0.582334,0.583616
difficulty,0.0,137,137-164,0.483333,0.458333,0.291667,0.75,0.666667,0.0,0.033333,0.512815,0.513001,0.448265
difficulty,0.0,137,137-165,0.491667,0.15,0.65,0.8,0.491667,0.066667,0.0,0.705909,0.441483,0.926555
difficulty,0.0,137,137-166,0.483333,0.483333,0.383333,0.866667,0.683333,0.0,0.0,0.559759,0.576507,0.497499
difficulty,0.0,137,137-167,0.525,0.491667,0.358333,0.85,0.766667,0.0,0.0,0.540376,0.466757,0.442403
difficulty,0.0,137,137-168,0.225,0.45,0.025,0.475,0.475,0.0,0.275,0.385692,0.664815,0.592921
difficulty,0.0,137,137-169,0.525,0.458333,0.508333,0.966667,0.716667,0.008333,0.0,0.617341,0.569325,0.554628
difficulty,0.0,137,137-170,0.508333,0.466667,0.458333,0.925,0.733333,0.0,0.0,0.58418,0.544493,0.511339
difficulty,0.0,137,137-171,0.483333,0.541667,0.258333,0.8,0.766667,0.0,0.025,0.507848,0.498111,0.40952
difficulty,0.0,137,137-172,0.483333,0.466667,0.375,0.841667,0.716667,0.0,0.016667,0.548463,0.542302,0.482327
difficulty,0.0,137,137-173,0.6,0.183333,0.691667,0.875,0.6,0.033333,0.0,0.683797,0.482389,0.809223
difficulty,0.0,137,137-174,0.441667,0.516667,0.241667,0.758333,0.725,0.0,0.041667,0.499587,0.593419,0.420723
difficulty,0.0,137,137-175,0.158333,0.5,0.0,0.5,0.5,0.0,0.283333,0.385284,0.440375,0.530831
difficulty,0.0,137,137-176,0.5,0.341667,0.558333,0.9,0.6,0.033333,0.0,0.654045,0.471101,0.699398
difficulty,0.0,137,137-177,0.5,0.458333,0.458333,0.916667,0.691667,0.0,0.0,0.584078,0.513571,0.516862
difficulty,0.0,137,137-178,0.025,0.233333,0.0,0.233333,0.233333,0.0,0.491667,0.307913,0.601221,0.866696
difficulty,0.0,137,137-179,0.0,0.0,0.0,0.0,0.0,1.0,0.0,0.888748,0.230346,2.125033
difficulty,0.0,137,137-180,0.316667,0.45,0.133333,0.583333,0.575,0.0,0.15,0.436626,0.676657,0.500102
difficulty,0.0,137,137-181,0.525,0.516667,0.316667,0.833333,0.758333,0.0,0.0,0.534424,0.51819,0.420662
difficulty,0.0,137,137-182,0.0,0.125,0.0,0.125,0.125,0.0,0.5,0.290496,0.395907,0.936175
difficulty,0.0,137,137-183,0.483333,0.508333,0.275,0.783333,0.708333,0.0,0.008333,0.519765,0.551761,0.433611
difficulty,0.0,137,137-184,0.308333,0.516667,0.066667,0.583333,0.583333,0.0,0.125,0.434647,0.532557,0.44632
difficulty,0.0,137,137-185,0.425,0.5,0.158333,0.658333,0.658333,0.0,0.1,0.463824,0.495241,0.427111
difficulty,0.0,137,137-186,0.066667,0.366667,0.0,0.366667,0.366667,0.0,0.366667,0.350647,0.489942,0.662843
difficulty,0.0,137,137-187,0.366667,0.441667,0.191667,0.633333,0.608333,0.0,0.116667,0.465738,0.652493,0.472946
difficulty,0.0,137,137-188,0.35,0.466667,0.141667,0.608333,0.6,0.0,0.15,0.448875,0.592969,0.478992
difficulty,0.0,137,137-189,0.308333,0.491667,0.1,0.591667,0.591667,0.0,0.141667,0.434533,0.547656,0.46061
difficulty,0.0,137,137-190,0.375,0.516667,0.1,0.616667,0.616667,0.0,0.108333,0.449785,0.470997,0.420722
difficulty,0.0,137,137-191,0.016667,0.258333,0.0,0.258333,0.258333,0.0,0.441667,0.322895,0.555755,0.784481
difficulty,0.0,137,137-192,0.0,0.0,0.0,0.0,0.0,0.0,0.916667,0.210716,0.424874,1.369592
difficulty,0.0,137,137-193,0.35,0.483333,0.091667,0.575,0.575,0.0,0.2,0.428678,0.651927,0.51162
difficulty,0.0,137,137-194,0.075,0.0,0.566667,0.566667,0.075,0.258333,0.0,0.793269,0.377194,1.404754
difficulty,0.0,137,137-195,0.575,0.466667,0.491667,0.958333,0.725,0.008333,0.0,0.617103,0.537712,0.547085
difficulty,0.0,137,137-196,0.416667,0.491667,0.158333,0.65,0.633333,0.0,0.083333,0.464558,0.549269,0.429558
difficulty,0.0,137,137-197,0.05,0.341667,0.0,0.341667,0.341667,0.0,0.383333,0.340446,0.561367,0.712142
difficulty,0.0,137,137-198,0.5,0.483333,0.358333,0.841667,0.783333,0.0,0.016667,0.530346,0.483953,0.419356
difficulty,0.0,137,137-199,0.55,0.458333,0.416667,0.875,0.741667,0.0,0.0,0.55929,0.491288,0.454632
difficulty,0.0,369,369-0,0.508333,0.541667,0.358333,0.9,0.775,0.0,0.0,0.569878,0.582119,0.458309
difficulty,0.0,369,369-1,0.466667,0.541667,0.291667,0.833333,0.758333,0.0,0.0,0.52494,0.656781,0.433168
difficulty,0.0,369,369-2,0.5,0.141667,0.641667,0.783333,0.5,0.075,0.0,0.707304,0.512125,0.935449
difficulty,0.0,369,369-3,0.291667,0.525,0.033333,0.558333,0.558333,0.0,0.158333,0.425418,0.535742,0.469336
difficulty,0.0,369,369-4,0.608333,0.5,0.441667,0.941667,0.833333,0.0,0.0,0.578333,0.529544,0.461187
difficulty,0.0,369,369-5,0.491667,0.483333,0.433333,0.916667,0.725,0.0,0.0,0.5766,0.577024,0.498103
difficulty,0.0,369,369-6,0.325,0.508333,0.066667,0.575,0.575,0.0,0.166667,0.427104,0.510672,0.472745
difficulty,0.0,369,369-7,0.533333,0.483333,0.425,0.908333,0.766667,0.0,0.0,0.572227,0.585281,0.484935
difficulty,0.0,369,369-8,0.475,0.458333,0.383333,0.841667,0.683333,0.0,0.008333,0.549291,0.553533,0.470585
difficulty,0.0,369,369-9,0.0,0.0,0.55,0.55,0.0,0.233333,0.0,0.79871,0.382451,1.434815
difficulty,0.0,369,369-10,0.6,0.333333,0.583333,0.916667,0.625,0.025,0.0,0.658682,0.523102,0.695386
difficulty,0.0,369,369-11,0.0,0.0,0.0,0.0,0.0,0.0,1.0,0.072364,0.092214,2.605977
difficulty,0.0,369,369-12,0.416667,0.55,0.125,0.675,0.675,0.0,0.083333,0.45821,0.580782,0.428932
difficulty,0.0,369,369-13,0.491667,0.475,0.391667,0.866667,0.733333,0.0,0.0,0.55453,0.604055,0.479681
difficulty,0.0,369,369-14,0.0,0.0,0.0,0.0,0.0,0.0,1.0,0.098951,0.306326,2.276348
difficulty,0.0,369,369-15,0.0,0.0,0.0,0.0,0.0,0.0,1.0,0.120186,0.121165,2.04014
difficulty,0.0,369,369-16,0.483333,0.525,0.358333,0.883333,0.741667,0.0,0.0,0.561531,0.60132,0.464249
difficulty,0.0,369,369-17,0.0,0.008333,0.0,0.008333,0.008333,0.0,0.641667,0.257396,0.478931,1.103616
difficulty,0.0,369,369-18,0.433333,0.0,0.775,0.775,0.433333,0.083333,0.0,0.727666,0.50213,1.024618
difficulty,0.0,369,369-19,0.416667,0.525,0.1,0.625,0.625,0.0,0.133333,0.448022,0.48356,0.454081
difficulty,0.0,369,369-20,0.441667,0.525,0.25,0.775,0.725,0.0,0.016667,0.507287,0.597036,0.408114
difficulty,0.0,369,369-21,0.516667,0.191667,0.591667,0.783333,0.516667,0.041667,0.0,0.693592,0.502735,0.866309
difficulty,0.0,369,369-22,0.466667,0.55,0.175,0.725,0.708333,0.0,0.008333,0.485621,0.54344,0.381753
difficulty,0.0,369,369-23,0.525,0.15,0.658333,0.808333,0.525,0.066667,0.0,0.704856,0.463566,0.916548
difficulty,0.0,369,369-24,0.458333,0.541667,0.158333,0.7,0.7,0.0,0.075,0.474746,0.504569,0.434207
difficulty,0.0,369,369-25,0.375,0.466667,0.141667,0.608333,0.6,0.0,0.133333,0.451099,0.641766,0.462454
difficulty,0.0,369,369-26,0.433333,0.091667,0.658333,0.75,0.433333,0.058333,0.0,0.717579,0.41445,0.978609
difficulty,0.0,369,369-27,0.391667,0.491667,0.183333,0.675,0.675,0.0,0.083333,0.467596,0.567856,0.435121
difficulty,0.0,369,369-28,0.116667,0.391667,0.0,0.391667,0.391667,0.0,0.308333,0.361636,0.550429,0.633721
difficulty,0.0,369,369-29,0.5,0.558333,0.35,0.908333,0.783333,0.0,0.0,0.555747,0.629786,0.430501
difficulty,0.0,369,369-30,0.533333,0.441667,0.508333,0.95,0.716667,0.0,0.0,0.62017,0.516103,0.583972
difficulty,0.0,369,369-31,0.491667,0.533333,0.275,0.808333,0.75,0.0,0.0,0.519415,0.567198,0.402149
difficulty,0.0,369,369-32,0.441667,0.575,0.125,0.7,0.7,0.0,0.058333,0.469037,0.538196,0.39563
difficulty,0.0,369,369-33,0.0,0.0,0.0,0.0,0.0,0.0,0.925,0.202457,0.526938,1.430137
difficulty,0.0,369,369-34,0.341667,0.533333,0.091667,0.625,0.625,0.0,0.125,0.440161,0.595027,0.447777
difficulty,0.0,369,369-35,0.391667,0.483333,0.283333,0.766667,0.641667,0.0,0.041667,0.514195,0.6297,0.493157
difficulty,0.0,369,369-36,0.4,0.508333,0.133333,0.641667,0.641667,0.0,0.091667,0.458021,0.519858,0.428332
difficulty,0.0,369,369-37,0.508333,0.45,0.466667,0.916667,0.683333,0.025,0.0,0.627414,0.572782,0.61032
difficulty,0.0,369,369-38,0.483333,0.525,0.3,0.825,0.758333,0.0,0.008333,0.525959,0.604834,0.407178
difficulty,0.0,369,369-39,0.491667,0.5,0.416667,0.916667,0.741667,0.0,0.0,0.584996,0.611083,0.50275
difficulty,0.0,369,369-40,0.525,0.366667,0.566667,0.933333,0.658333,0.0,0.0,0.64109,0.443564,0.654802
difficulty,0.0,369,369-41,0.333333,0.516667,0.1,0.616667,0.616667,0.0,0.141667,0.440432,0.582623,0.454526
difficulty,0.0,369,369-42,0.416667,0.533333,0.125,0.658333,0.658333,0.0,0.1,0.465349,0.46284,0.405073
difficulty,0.0,369,369-43,0.058333,0.358333,0.0,0.358333,0.358333,0.0,0.391667,0.348574,0.492957,0.665832
difficulty,0.0,369,369-44,0.266667,0.5,0.05,0.55,0.55,0.0,0.141667,0.424826,0.575647,0.45391
difficulty,0.0,369,369-45,0.533333,0.533333,0.316667,0.85,0.775,0.0,0.008333,0.536092,0.481679,0.431201
difficulty,0.0,369,369-46,0.541667,0.45,0.516667,0.966667,0.741667,0.0,0.0,0.615229,0.502751,0.57129
difficulty,0.0,369,369-47,0.241667,0.458333,0.033333,0.491667,0.491667,0.0,0.241667,0.396381,0.516873,0.536586
difficulty,0.0,369,369-48,0.491667,0.5,0.358333,0.858333,0.75,0.0,0.0,0.545503,0.558087,0.441069
difficulty,0.0,369,369-49,0.0,0.083333,0.0,0.083333,0.083333,0.0,0.558333,0.280946,0.480943,0.98251
difficulty,0.0,369,369-50,0.025,0.341667,0.0,0.341667,0.341667,0.0,0.375,0.349381,0.398895,0.651147
difficulty,0.0,369,369-51,0.525,0.491667,0.383333,0.875,0.733333,0.0,0.0,0.567332,0.591892,0.483432
difficulty,0.0,369,369-52,0.408333,0.0,0.733333,0.733333,0.408333,0.108333,0.0,0.735987,0.477405,1.073195
difficulty,0.0,369,369-53,0.566667,0.35,0.533333,0.883333,0.625,0.008333,0.0,0.656372,0.481303,0.696737
difficulty,0.0,369,369-54,0.4,0.491667,0.116667,0.608333,0.608333,0.0,0.133333,0.444222,0.530465,0.463662
difficulty,0.0,369,369-55,0.6,0.35,0.558333,0.908333,0.616667,0.041667,0.0,0.661636,0.529361,0.715309
difficulty,0.0,369,369-56,0.55,0.491667,0.45,0.941667,0.758333,0.0,0.0,0.581496,0.475372,0.493664
difficulty,0.0,369,369-57,0.358333,0.558333,0.116667,0.675,0.675,0.0,0.091667,0.457446,0.465166,0.424391
difficulty,0.0,369,369-58,0.133333,0.458333,0.0,0.458333,0.458333,0.0,0.275,0.379267,0.354002,0.545779
difficulty,0.0,369,369-59,0.516667,0.483333,0.4,0.883333,0.733333,0.0,0.0,0.55927,0.558922,0.478182
difficulty,0.0,369,369-60,0.4,0.491667,0.158333,0.65,0.633333,0.0,0.108333,0.468596,0.615931,0.446072
difficulty,0.0,369,369-61,0.0,0.0,0.0,0.0,0.0,0.0,0.741667,0.236518,0.410864,1.220273
difficulty,0.0,369,369-62,0.583333,0.491667,0.458333,0.95,0.808333,0.0,0.0,0.581138,0.477694,0.463753
difficulty,0.0,369,369-63,0.0,0.05,0.0,0.05,0.05,0.0,0.608333,0.269097,0.432039,1.042325
difficulty,0.0,369,369-64,0.366667,0.516667,0.1,0.616667,0.616667,0.0,0.116667,0.447846,0.595431,0.438991
difficulty,0.0,369,369-65,0.583333,0.333333,0.558333,0.891667,0.616667,0.025,0.0,0.662518,0.510953,0.718713
difficulty,0.0,369,369-66,0.191667,0.516667,0.0,0.516667,0.516667,0.0,0.233333,0.39509,0.42343,0.507071
difficulty,0.0,369,369-67,0.475,0.183333,0.625,0.808333,0.483333,0.041667,0.0,0.69955,0.455773,0.896756
difficulty,0.0,369,369-68,0.583333,0.325,0.616667,0.941667,0.633333,0.0,0.0,0.650901,0.458711,0.665773
difficulty,0.0,369,369-69,0.025,0.25,0.0,0.25,0.25,0.0,0.441667,0.314477,0.586735,0.822685
difficulty,0.0,369,369-70,0.466667,0.083333,0.708333,0.791667,0.466667,0.066667,0.0,0.716112,0.434166,0.969001
difficulty,0.0,369,369-71,0.408333,0.516667,0.141667,0.658333,0.65,0.0,0.083333,0.465512,0.560486,0.432772
difficulty,0.0,369,369-72,0.358333,0.491667,0.091667,0.583333,0.583333,0.0,0.133333,0.435509,0.508086,0.449933
difficulty,0.0,369,369-73,0.558333,0.45,0.458333,0.908333,0.7,0.0,0.0,0.609309,0.529688,0.554803
difficulty,0.0,369,369-74,0.275,0.0,0.675,0.675,0.275,0.158333,0.0,0.758906,0.41023,1.198353
difficulty,0.0,369,369-75,0.65,0.5,0.483333,0.983333,0.775,0.0,0.0,0.609597,0.60594,0.494034
difficulty,0.0,369,369-76,0.458333,0.458333,0.383333,0.841667,0.675,0.0,0.0,0.548102,0.599289,0.478294
difficulty,0.0,369,369-77,0.491667,0.441667,0.475,0.916667,0.691667,0.0,0.0,0.620776,0.536855,0.598153
difficulty,0.0,369,369-78,0.558333,0.366667,0.516667,0.883333,0.616667,0.016667,0.0,0.654868,0.528262,0.695214
difficulty,0.0,369,369-79,0.0,0.0,0.325,0.325,0.0,0.35,0.0,0.831402,0.328474,1.652266
difficulty,0.0,369,369-80,0.575,0.441667,0.491667,0.933333,0.708333,0.0,0.0,0.628219,0.52929,0.58329
difficulty,0.0,369,369-81,0.5,0.516667,0.383333,0.9,0.775,0.0,0.0,0.557938,0.540834,0.449572
difficulty,0.0,369,369-82,0.45,0.058333,0.708333,0.766667,0.45,0.066667,0.0,0.720535,0.42946,0.99061
difficulty,0.0,369,369-83,0.283333,0.491667,0.05,0.541667,0.541667,0.0,0.175,0.421447,0.574856,0.482905
difficulty,0.0,369,369-84,0.558333,0.125,0.7,0.825,0.558333,0.033333,0.0,0.702168,0.507737,0.898471
difficulty,0.0,369,369-85,0.0,0.0,0.541667,0.541667,0.0,0.233333,0.0,0.808962,0.386265,1.485482
difficulty,0.0,369,369-86,0.25,0.466667,0.033333,0.5,0.5,0.0,0.225,0.399081,0.584752,0.543812
difficulty,0.0,369,369-87,0.683333,0.4,0.566667,0.966667,0.716667,0.0,0.0,0.639934,0.584054,0.604406
difficulty,0.0,369,369-88,0.608333,0.325,0.616667,0.941667,0.65,0.016667,0.0,0.660827,0.52601,0.713787
difficulty,0.0,369,369-89,0.075,0.325,0.0,0.325,0.325,0.0,0.375,0.34334,0.543238,0.696269
difficulty,0.0,369,369-90,0.0,0.0,0.0,0.0,0.0,0.0,0.966667,0.194565,0.404815,1.478579
difficulty,0.0,369,369-91,0.0,0.0,0.0,0.0,0.0,1.0,0.0,0.882072,0.260998,2.044547
difficulty,0.0,369,369-92,0.0,0.0,0.0,0.0,0.0,0.0,0.983333,0.190285,0.435943,1.498448
difficulty,0.0,369,369-93,0.383333,0.0,0.716667,0.716667,0.383333,0.1,0.0,0.740812,0.457598,1.099476
difficulty,0.0,369,369-94,0.033333,0.0,0.541667,0.541667,0.033333,0.266667,0.0,0.792711,0.354386,1.391935
difficulty,0.0,369,369-95,0.083333,0.341667,0.0,0.341667,0.341667,0.0,0.375,0.346941,0.567667,0.683439
difficulty,0.0,369,369-96,0.358333,0.5,0.133333,0.633333,0.616667,0.0,0.141667,0.45012,0.678966,0.480295
difficulty,0.0,369,369-97,0.0,0.0,0.0,0.0,0.0,0.0,0.85,0.227012,0.344107,1.272439
difficulty,0.0,369,369-98,0.375,0.525,0.083333,0.608333,0.608333,0.0,0.133333,0.445982,0.523929,0.439241
difficulty,0.0,369,369-99,0.0,0.0,0.0,0.0,0.0,0.0,1.0,0.119783,0.159707,2.049719
difficulty,0.0,369,369-100,0.0,0.0,0.05,0.05,0.0,0.366667,0.0,0.846612,0.322966,1.749296
difficulty,0.0,369,369-101,0.283333,0.491667,0.058333,0.55,0.55,0.0,0.208333,0.40883,0.556711,0.514032
difficulty,0.0,369,369-102,0.466667,0.575,0.15,0.725,0.725,0.0,0.083333,0.476988,0.487317,0.3982
difficulty,0.0,369,369-103,0.0,0.0,0.0,0.0,0.0,0.0,0.983333,0.190003,0.413241,1.504416
difficulty,0.0,369,369-104,0.575,0.35,0.55,0.9,0.625,0.008333,0.0,0.658226,0.550575,0.704777
difficulty,0.0,369,369-105,0.575,0.541667,0.433333,0.975,0.808333,0.0,0.0,0.587031,0.551875,0.466015
difficulty,0.0,369,369-106,0.508333,0.208333,0.575,0.783333,0.508333,0.075,0.0,0.701263,0.455217,0.908645
difficulty,0.0,369,369-107,0.466667,0.525,0.416667,0.941667,0.766667,0.0,0.0,0.567597,0.538101,0.461499
difficulty,0.0,369,369-108,0.5,0.558333,0.25,0.808333,0.775,0.0,0.025,0.50869,0.525119,0.416607
difficulty,0.0,369,369-109,0.458333,0.5,0.283333,0.783333,0.716667,0.0,0.033333,0.512798,0.595212,0.425767
difficulty,0.0,369,369-110,0.075,0.0,0.533333,0.533333,0.075,0.266667,0.0,0.796594,0.353519,1.424204
difficulty,0.0,369,369-111,0.533333,0.408333,0.541667,0.95,0.666667,0.0,0.0,0.627971,0.483197,0.601715
difficulty,0.0,369,369-112,0.15,0.383333,0.016667,0.4,0.4,0.0,0.316667,0.37364,0.588446,0.608624
difficulty,0.0,369,369-113,0.525,0.475,0.441667,0.916667,0.725,0.0,0.0,0.593832,0.551891,0.535096
difficulty,0.0,369,369-114,0.55,0.466667,0.458333,0.925,0.758333,0.0,0.0,0.579088,0.565284,0.496442
difficulty,0.0,369,369-115,0.266667,0.483333,0.058333,0.541667,0.541667,0.0,0.183333,0.418004,0.621952,0.488211
difficulty,0.0,369,369-116,0.5,0.525,0.308333,0.833333,0.783333,0.0,0.016667,0.518084,0.606212,0.397783
difficulty,0.0,369,369-117,0.158333,0.425,0.0,0.425,0.425,0.0,0.291667,0.371338,0.490283,0.589197
difficulty,0.0,369,369-118,0.575,0.3,0.541667,0.841667,0.575,0.041667,0.0,0.677018,0.514708,0.787046
difficulty,0.0,369,369-119,0.583333,0.333333,0.541667,0.875,0.608333,0.041667,0.0,0.663968,0.481846,0.731669
difficulty,0.0,369,369-120,0.0,0.108333,0.0,0.108333,0.108333,0.0,0.525,0.283901,0.499593,0.971209
difficulty,0.0,369,369-121,0.0,0.15,0.0,0.15,0.15,0.0,0.483333,0.301439,0.428441,0.880122
difficulty,0.0,369,369-122,0.583333,0.241667,0.633333,0.875,0.583333,0.033333,0.0,0.682942,0.489269,0.808643
difficulty,0.0,369,369-123,0.416667,0.05,0.691667,0.741667,0.416667,0.1,0.0,0.732974,0.451598,1.062392
difficulty,0.0,369,369-124,0.0,0.0,0.0,0.0,0.0,0.0,1.0,0.182583,0.312394,1.559445
difficulty,0.0,369,369-125,0.55,0.2,0.65,0.85,0.55,0.025,0.0,0.691097,0.506125,0.848723
difficulty,0.0,369,369-126,0.566667,0.375,0.55,0.925,0.641667,0.008333,0.0,0.644263,0.52701,0.651982
difficulty,0.0,369,369-127,0.425,0.066667,0.675,0.741667,0.425,0.125,0.0,0.72798,0.458247,1.050221
difficulty,0.0,369,369-128,0.6,0.541667,0.441667,0.983333,0.783333,0.0,0.0,0.600413,0.539408,0.487641
difficulty,0.0,369,369-129,0.0,0.0,0.566667,0.566667,0.0,0.25,0.0,0.799044,0.391491,1.437033
difficulty,0.0,369,369-130,0.541667,0.391667,0.525,0.916667,0.683333,0.016667,0.0,0.639151,0.55813,0.636899
difficulty,0.0,369,369-131,0.525,0.425,0.491667,0.916667,0.691667,0.0,0.0,0.617713,0.551063,0.586425
difficulty,0.0,369,369-132,0.575,0.466667,0.508333,0.975,0.75,0.0,0.0,0.614692,0.529763,0.543665
difficulty,0.0,369,369-133,0.0,0.083333,0.0,0.083333,0.083333,0.0,0.591667,0.273411,0.490363,1.028413
difficulty,0.0,369,369-134,0.491667,0.5,0.375,0.875,0.725,0.0,0.0,0.559821,0.654896,0.470752
difficulty,0.0,369,369-135,0.0,0.0,0.375,0.375,0.0,0.325,0.0,0.830086,0.33101,1.647549
difficulty,0.0,369,369-136,0.375,0.0,0.741667,0.741667,0.375,0.1,0.0,0.740698,0.45923,1.091878
difficulty,0.0,369,369-137,0.308333,0.475,0.033333,0.508333,0.508333,0.0,0.2,0.414738,0.557527,0.491463
difficulty,0.0,369,369-138,0.575,0.225,0.608333,0.833333,0.575,0.041667,0.0,0.684791,0.537557,0.820065
difficulty,0.0,369,369-139,0.5,0.45,0.508333,0.958333,0.725,0.0,0.0,0.61462,0.546767,0.569902
difficulty,0.0,369,369-140,0.0,0.058333,0.0,0.058333,0.058333,0.0,0.575,0.275962,0.436183,1.008221
difficulty,0.0,369,369-141,0.391667,0.5,0.116667,0.616667,0.616667,0.0,0.1,0.447455,0.569959,0.441054
difficulty,0.0,369,369-142,0.0,0.0,0.0,0.0,0.0,0.0,0.766667,0.237849,0.305813,1.207319
difficulty,0.0,369,369-143,0.533333,0.216667,0.608333,0.825,0.533333,0.05,0.0,0.691982,0.476048,0.856411
difficulty,0.0,369,369-144,0.4,0.541667,0.183333,0.725,0.691667,0.0,0.041667,0.483583,0.611204,0.409367
difficulty,0.0,369,369-145,0.033333,0.35,0.0,0.35,0.35,0.0,0.366667,0.340165,0.500794,0.697932
difficulty,0.0,369,369-146,0.5,0.45,0.475,0.925,0.716667,0.0,0.0,0.589127,0.584006,0.524077
difficulty,0.0,369,369-147,0.491667,0.475,0.4,0.875,0.708333,0.0,0.0,0.558067,0.544302,0.473706
difficulty,0.0,369,369-148,0.325,0.516667,0.058333,0.575,0.575,0.0,0.175,0.424903,0.507708,0.469749
difficulty,0.0,369,369-149,0.508333,0.191667,0.6,0.791667,0.508333,0.033333,0.0,0.698013,0.470306,0.883031
difficulty,0.0,369,369-150,0.525,0.391667,0.558333,0.95,0.666667,0.008333,0.0,0.637782,0.473585,0.628745
difficulty,0.0,369,369-151,0.45,0.491667,0.225,0.716667,0.683333,0.0,0.066667,0.489924,0.564206,0.445974
difficulty,0.0,369,369-152,0.533333,0.533333,0.366667,0.9,0.775,0.0,0.0,0.553435,0.599078,0.439158
difficulty,0.0,369,369-153,0.475,0.175,0.583333,0.758333,0.475,0.1,0.0,0.71602,0.46375,0.985185
difficulty,0.0,369,369-154,0.0,0.0,0.0,0.0,0.0,0.0,1.0,0.165393,0.409976,1.683072
difficulty,0.0,369,369-155,0.45,0.041667,0.725,0.766667,0.45,0.116667,0.0,0.723231,0.489939,1.010648
difficulty,0.0,369,369-156,0.183333,0.491667,0.0,0.491667,0.491667,0.0,0.275,0.383952,0.431832,0.543613
difficulty,0.0,369,369-157,0.483333,0.566667,0.166667,0.733333,0.733333,0.0,0.025,0.486634,0.473783,0.387621
difficulty,0.0,369,369-158,0.6,0.308333,0.608333,0.916667,0.616667,0.0,0.0,0.663696,0.501085,0.713537
difficulty,0.0,369,369-159,0.433333,0.5,0.208333,0.708333,0.683333,0.0,0.058333,0.484452,0.561031,0.431192
difficulty,0.0,369,369-160,0.383333,0.0,0.75,0.75,0.383333,0.125,0.0,0.741373,0.461955,1.096149
difficulty,0.0,369,369-161,0.208333,0.475,0.016667,0.491667,0.491667,0.0,0.241667,0.40252,0.562443,0.512132
difficulty,0.0,369,369-162,0.483333,0.5,0.275,0.775,0.733333,0.0,0.025,0.504688,0.52973,0.414278
difficulty,0.0,369,369-163,0.0,0.0,0.0,0.0,0.0,0.0,1.0,0.107055,0.192847,2.173691
difficulty,0.0,369,369-164,0.466667,0.108333,0.658333,0.766667,0.466667,0.083333,0.0,0.715886,0.463239,0.978558
difficulty,0.0,369,369-165,0.058333,0.35,0.0,0.35,0.35,0.0,0.391667,0.338458,0.505617,0.724309
difficulty,0.0,369,369-166,0.2,0.0,0.666667,0.666667,0.2,0.183333,0.0,0.765395,0.429339,1.239892
difficulty,0.0,369,369-167,0.508333,0.35,0.541667,0.891667,0.625,0.025,0.0,0.65483,0.512851,0.707839
difficulty,0.0,369,369-168,0.475,0.008333,0.733333,0.741667,0.475,0.1,0.0,0.725997,0.509222,1.026405
difficulty,0.0,369,369-169,0.325,0.483333,0.125,0.608333,0.608333,0.0,0.108333,0.44654,0.590834,0.456475
difficulty,0.0,369,369-170,0.516667,0.4,0.525,0.925,0.675,0.008333,0.0,0.633732,0.48329,0.635374
difficulty,0.0,369,369-171,0.45,0.508333,0.216667,0.725,0.716667,0.0,0.091667,0.478843,0.51883,0.445467
difficulty,0.0,369,369-172,0.491667,0.541667,0.291667,0.833333,0.75,0.0,0.008333,0.527273,0.54827,0.430914
difficulty,0.0,369,369-173,0.55,0.458333,0.441667,0.9,0.766667,0.0,0.0,0.566309,0.473484,0.459875
difficulty,0.0,369,369-174,0.45,0.433333,0.4,0.833333,0.658333,0.0,0.0,0.562351,0.634462,0.520635
difficulty,0.0,369,369-175,0.375,0.491667,0.133333,0.625,0.625,0.0,0.133333,0.450747,0.57284,0.446565
difficulty,0.0,369,369-176,0.508333,0.458333,0.466667,0.925,0.683333,0.0,0.0,0.604919,0.519337,0.559074
difficulty,0.0,369,369-177,0.508333,0.175,0.641667,0.816667,0.508333,0.075,0.0,0.700536,0.467269,0.899488
difficulty,0.0,369,369-178,0.375,0.516667,0.116667,0.633333,0.633333,0.0,0.125,0.449545,0.544583,0.434835
difficulty,0.0,369,369-179,0.016667,0.175,0.0,0.175,0.175,0.0,0.55,0.293142,0.61101,0.940901
difficulty,0.0,369,369-180,0.483333,0.516667,0.441667,0.958333,0.766667,0.0,0.0,0.574607,0.56163,0.466909
difficulty,0.0,369,369-181,0.541667,0.541667,0.416667,0.958333,0.825,0.0,0.0,0.571651,0.562455,0.455814
difficulty,0.0,369,369-182,0.533333,0.425,0.516667,0.941667,0.666667,0.008333,0.0,0.627828,0.503228,0.602353
difficulty,0.0,369,369-183,0.475,0.516667,0.333333,0.85,0.725,0.0,0.0,0.541671,0.577504,0.462288
difficulty,0.0,369,369-184,0.475,0.466667,0.316667,0.783333,0.733333,0.0,0.033333,0.514329,0.597954,0.434822
difficulty,0.0,369,369-185,0.0,0.125,0.0,0.125,0.125,0.0,0.5,0.295819,0.432164,0.907896
difficulty,0.0,369,369-186,0.366667,0.491667,0.125,0.616667,0.616667,0.0,0.116667,0.447062,0.549297,0.452598
difficulty,0.0,369,369-187,0.433333,0.533333,0.233333,0.766667,0.708333,0.0,0.033333,0.499227,0.562672,0.42957
difficulty,0.0,369,369-188,0.225,0.5,0.016667,0.516667,0.516667,0.0,0.216667,0.397627,0.574548,0.518057
difficulty,0.0,369,369-189,0.466667,0.5,0.366667,0.866667,0.741667,0.0,0.0,0.550678,0.592465,0.443652
difficulty,0.0,369,369-190,0.516667,0.491667,0.408333,0.9,0.75,0.0,0.0,0.590282,0.59336,0.522932
difficulty,0.0,369,369-191,0.475,0.5,0.375,0.875,0.75,0.0,0.0,0.547285,0.627265,0.444923
difficulty,0.0,369,369-192,0.441667,0.55,0.191667,0.741667,0.733333,0.0,0.058333,0.486528,0.499103,0.420168
difficulty,0.0,369,369-193,0.458333,0.483333,0.341667,0.825,0.691667,0.0,0.0,0.540054,0.578791,0.473569
difficulty,0.0,369,369-194,0.508333,0.491667,0.458333,0.95,0.741667,0.0,0.0,0.60656,0.548623,0.542778
difficulty,0.0,369,369-195,0.0,0.0,0.0,0.0,0.0,0.0,1.0,0.095055,0.180811,2.310676
difficulty,0.0,369,369-196,0.45,0.566667,0.133333,0.7,0.683333,0.0,0.058333,0.472791,0.582826,0.412526
difficulty,0.0,369,369-197,0.0,0.0,0.0,0.0,0.0,0.0,0.666667,0.257252,0.331974,1.096622
difficulty,0.0,369,369-198,0.525,0.483333,0.5,0.983333,0.733333,0.0,0.0,0.606293,0.571363,0.522255
difficulty,0.0,369,369-199,0.0,0.0,0.0,0.0,0.0,0.0,0.983333,0.182827,0.439371,1.569738
difficulty,0.0,1024,1024-0,0.425,0.508333,0.2,0.708333,0.691667,0.0,0.091667,0.47497,0.521659,0.43087
difficulty,0.0,1024,1024-1,0.466667,0.533333,0.316667,0.85,0.758333,0.0,0.008333,0.527006,0.520225,0.428471
difficulty,0.0,1024,1024-2,0.0,0.0,0.083333,0.083333,0.0,0.366667,0.0,0.847339,0.312972,1.761916
difficulty,0.0,1024,1024-3,0.508333,0.5,0.4,0.9,0.758333,0.0,0.0,0.559069,0.53755,0.452026
difficulty,0.0,1024,1024-4,0.283333,0.0,0.658333,0.658333,0.283333,0.15,0.0,0.756751,0.413069,1.192551
difficulty,0.0,1024,1024-5,0.516667,0.391667,0.525,0.916667,0.683333,0.008333,0.0,0.635792,0.442416,0.645022
difficulty,0.0,1024,1024-6,0.483333,0.483333,0.266667,0.75,0.7,0.0,0.033333,0.507744,0.566814,0.444217
difficulty,0.0,1024,1024-7,0.291667,0.525,0.033333,0.558333,0.558333,0.0,0.141667,0.426727,0.530377,0.447429
difficulty,0.0,1024,1024-8,0.4,0.533333,0.166667,0.7,0.7,0.0,0.066667,0.473567,0.60468,0.415178
difficulty,0.0,1024,1024-9,0.558333,0.45,0.508333,0.958333,0.708333,0.008333,0.0,0.621582,0.475548,0.576867
difficulty,0.0,1024,1024-10,0.0,0.175,0.0,0.175,0.175,0.0,0.483333,0.296593,0.449008,0.915341
difficulty,0.0,1024,1024-11,0.408333,0.5,0.191667,0.691667,0.683333,0.0,0.108333,0.471478,0.633266,0.456505
difficulty,0.0,1024,1024-12,0.283333,0.0,0.675,0.675,0.283333,0.15,0.0,0.760132,0.421465,1.205434
difficulty,0.0,1024,1024-13,0.516667,0.325,0.55,0.875,0.558333,0.025,0.0,0.667773,0.462822,0.747956
difficulty,0.0,1024,1024-14,0.55,0.516667,0.441667,0.958333,0.791667,0.0,0.0,0.581753,0.536209,0.478909
difficulty,0.0,1024,1024-15,0.383333,0.516667,0.158333,0.675,0.666667,0.0,0.075,0.467862,0.633784,0.436331
difficulty,0.0,1024,1024-16,0.2,0.441667,0.0,0.441667,0.441667,0.0,0.266667,0.382074,0.630273,0.561779
difficulty,0.0,1024,1024-17,0.0,0.0,0.533333,0.533333,0.0,0.25,0.0,0.809075,0.374061,1.496847
difficulty,0.0,1024,1024-18,0.533333,0.45,0.491667,0.941667,0.691667,0.016667,0.0,0.623886,0.569207,0.599003
difficulty,0.0,1024,1024-19,0.125,0.433333,0.0,0.433333,0.433333,0.0,0.291667,0.376297,0.426673,0.565103
difficulty,0.0,1024,1024-20,0.158333,0.45,0.025,0.475,0.475,0.0,0.25,0.386126,0.638063,0.557103
difficulty,0.0,1024,1024-21,0.408333,0.525,0.125,0.65,0.641667,0.0,0.091667,0.461012,0.538562,0.427593
difficulty,0.0,1024,1024-22,0.433333,0.525,0.175,0.7,0.691667,0.0,0.1,0.476522,0.530999,0.433393
difficulty,0.0,1024,1024-23,0.566667,0.475,0.466667,0.941667,0.741667,0.008333,0.0,0.620063,0.586375,0.574057
difficulty,0.0,1024,1024-24,0.483333,0.175,0.608333,0.783333,0.483333,0.091667,0.0,0.704239,0.507719,0.921873
difficulty,0.0,1024,1024-25,0.5,0.558333,0.275,0.833333,0.775,0.0,0.0,0.52543,0.524206,0.397473
difficulty,0.0,1024,1024-26,0.558333,0.2,0.641667,0.841667,0.558333,0.033333,0.0,0.691312,0.515932,0.851164
difficulty,0.0,1024,1024-27,0.025,0.308333,0.0,0.308333,0.308333,0.0,0.4,0.336526,0.485602,0.714775
difficulty,0.0,1024,1024-28,0.533333,0.516667,0.45,0.966667,0.75,0.0,0.0,0.607622,0.587299,0.532909
difficulty,0.0,1024,1024-29,0.6,0.458333,0.466667,0.925,0.716667,0.008333,0.0,0.627476,0.583336,0.581786
difficulty,0.0,1024,1024-30,0.516667,0.141667,0.683333,0.825,0.516667,0.05,0.0,0.704461,0.492388,0.9109
difficulty,0.0,1024,1024-31,0.558333,0.258333,0.566667,0.825,0.558333,0.058333,0.0,0.682655,0.524011,0.815118
difficulty,0.0,1024,1024-32,0.691667,0.333333,0.575,0.908333,0.708333,0.016667,0.0,0.648449,0.643422,0.646569
difficulty,0.0,1024,1024-33,0.0,0.0,0.0,0.0,0.0,0.0,0.941667,0.208018,0.349728,1.381404
difficulty,0.0,1024,1024-34,0.4,0.508333,0.108333,0.616667,0.616667,0.0,0.083333,0.452881,0.572301,0.411685
difficulty,0.0,1024,1024-35,0.0,0.033333,0.0,0.033333,0.033333,0.0,0.575,0.272562,0.400514,1.024894
difficulty,0.0,1024,1024-36,0.433333,0.525,0.241667,0.766667,0.733333,0.0,0.041667,0.499773,0.573461,0.41569
difficulty,0.0,1024,1024-37,0.0,0.0,0.0,0.0,0.0,0.0,0.925,0.214337,0.289025,1.344424
difficulty,0.0,1024,1024-38,0.541667,0.3,0.566667,0.866667,0.575,0.016667,0.0,0.673187,0.497609,0.767396
difficulty,0.0,1024,1024-39,0.45,0.558333,0.183333,0.741667,0.725,0.0,0.066667,0.482598,0.526124,0.422845
difficulty,0.0,1024,1024-40,0.541667,0.25,0.616667,0.866667,0.566667,0.033333,0.0,0.681209,0.487512,0.804422
difficulty,0.0,1024,1024-41,0.291667,0.483333,0.1,0.583333,0.583333,0.0,0.183333,0.425871,0.602282,0.502271
difficulty,0.0,1024,1024-42,0.433333,0.491667,0.275,0.766667,0.683333,0.0,0.008333,0.513922,0.606368,0.444573
difficulty,0.0,1024,1024-43,0.583333,0.3,0.625,0.925,0.616667,0.016667,0.0,0.667633,0.463861,0.738865
difficulty,0.0,1024,1024-44,0.158333,0.491667,0.0,0.491667,0.491667,0.0,0.225,0.393533,0.453906,0.503542
difficulty,0.0,1024,1024-45,0.0,0.0,0.0,0.0,0.0,0.0,0.875,0.213743,0.456183,1.358592
difficulty,0.0,1024,1024-46,0.0,0.0,0.108333,0.108333,0.0,0.383333,0.0,0.849584,0.305072,1.783397
difficulty,0.0,1024,1024-47,0.0,0.041667,0.0,0.041667,0.041667,0.0,0.616667,0.267907,0.404508,1.049316
difficulty,0.0,1024,1024-48,0.491667,0.45,0.516667,0.966667,0.658333,0.0,0.0,0.613622,0.479903,0.574957
difficulty,0.0,1024,1024-49,0.45,0.258333,0.541667,0.8,0.491667,0.066667,0.0,0.691995,0.447327,0.876009
difficulty,0.0,1024,1024-50,0.533333,0.475,0.466667,0.941667,0.733333,0.0,0.0,0.612281,0.577889,0.541238
difficulty,0.0,1024,1024-51,0.0,0.0,0.0,0.0,0.0,0.0,0.775,0.235269,0.342727,1.224008
difficulty,0.0,1024,1024-52,0.525,0.375,0.525,0.9,0.625,0.016667,0.0,0.646068,0.496605,0.662515
difficulty,0.0,1024,1024-53,0.633333,0.5,0.466667,0.966667,0.808333,0.0,0.0,0.596878,0.517692,0.49284
difficulty,0.0,1024,1024-54,0.533333,0.35,0.558333,0.908333,0.641667,0.016667,0.0,0.648186,0.529739,0.682173
difficulty,0.0,1024,1024-55,0.0,0.0,0.0,0.0,0.0,0.0,1.0,0.174665,0.299651,1.616132
difficulty,0.0,1024,1024-56,0.5,0.525,0.3,0.825,0.775,0.0,0.008333,0.525732,0.578534,0.425811
difficulty,0.0,1024,1024-57,0.325,0.516667,0.05,0.566667,0.566667,0.0,0.166667,0.427448,0.519166,0.468645
difficulty,0.0,1024,1024-58,0.0,0.225,0.0,0.225,0.225,0.0,0.4,0.321677,0.428314,0.780853
difficulty,0.0,1024,1024-59,0.466667,0.508333,0.283333,0.791667,0.725,0.0,0.025,0.520514,0.565835,0.440031
difficulty,0.0,1024,1024-60,0.0,0.091667,0.0,0.091667,0.091667,0.0,0.575,0.277313,0.526536,1.003595
difficulty,0.0,1024,1024-61,0.533333,0.508333,0.391667,0.9,0.808333,0.0,0.0,0.54874,0.466804,0.422303
difficulty,0.0,1024,1024-62,0.191667,0.508333,0.0,0.508333,0.508333,0.0,0.216667,0.398975,0.465031,0.497784
difficulty,0.0,1024,1024-63,0.466667,0.508333,0.208333,0.716667,0.7,0.0,0.041667,0.489132,0.529108,0.403348
difficulty,0.0,1024,1024-64,0.433333,0.491667,0.225,0.716667,0.675,0.0,0.041667,0.490278,0.631146,0.433072
difficulty,0.0,1024,1024-65,0.0,0.0,0.0,0.0,0.0,0.0,0.966667,0.199789,0.359578,1.43817
difficulty,0.0,1024,1024-66,0.525,0.483333,0.316667,0.8,0.716667,0.0,0.016667,0.526924,0.584756,0.445847
difficulty,0.0,1024,1024-67,0.55,0.508333,0.466667,0.975,0.766667,0.0,0.0,0.602101,0.578339,0.505278
difficulty,0.0,1024,1024-68,0.3,0.516667,0.041667,0.558333,0.558333,0.0,0.15,0.425216,0.532983,0.448984
difficulty,0.0,1024,1024-69,0.483333,0.508333,0.3,0.808333,0.733333,0.0,0.0,0.528002,0.568616,0.427696
difficulty,0.0,1024,1024-70,0.558333,0.566667,0.391667,0.958333,0.825,0.0,0.0,0.568893,0.56241,0.442938
difficulty,0.0,1024,1024-71,0.516667,0.525,0.4,0.925,0.766667,0.0,0.0,0.568759,0.608562,0.455476
difficulty,0.0,1024,1024-72,0.325,0.508333,0.066667,0.575,0.575,0.0,0.166667,0.430703,0.558703,0.466767
difficulty,0.0,1024,1024-73,0.458333,0.491667,0.333333,0.825,0.716667,0.0,0.0,0.531474,0.542567,0.445754
difficulty,0.0,1024,1024-74,0.416667,0.508333,0.158333,0.666667,0.658333,0.0,0.091667,0.463533,0.594884,0.443428
difficulty,0.0,1024,1024-75,0.55,0.508333,0.425,0.933333,0.775,0.0,0.0,0.572106,0.547857,0.473316
difficulty,0.0,1024,1024-76,0.0,0.0,0.441667,0.441667,0.0,0.275,0.0,0.820007,0.359405,1.560919
difficulty,0.0,1024,1024-77,0.541667,0.2,0.633333,0.833333,0.541667,0.058333,0.0,0.692916,0.513888,0.866701
difficulty,0.0,1024,1024-78,0.533333,0.483333,0.45,0.933333,0.725,0.0,0.0,0.611933,0.554069,0.54417
difficulty,0.0,1024,1024-79,0.483333,0.441667,0.491667,0.933333,0.683333,0.0,0.0,0.616933,0.518086,0.592963
difficulty,0.0,1024,1024-80,0.475,0.5,0.325,0.825,0.758333,0.0,0.025,0.527452,0.539528,0.433762
difficulty,0.0,1024,1024-81,0.541667,0.458333,0.466667,0.925,0.741667,0.0,0.0,0.594944,0.485799,0.52697
difficulty,0.0,1024,1024-82,0.625,0.516667,0.475,0.991667,0.766667,0.0,0.0,0.607148,0.56768,0.494101
difficulty,0.0,1024,1024-83,0.516667,0.458333,0.458333,0.916667,0.716667,0.0,0.0,0.589148,0.530843,0.522227
difficulty,0.0,1024,1024-84,0.0,0.0,0.583333,0.583333,0.0,0.183333,0.0,0.805901,0.407354,1.464392
difficulty,0.0,1024,1024-85,0.441667,0.508333,0.133333,0.641667,0.641667,0.0,0.066667,0.462873,0.536998,0.40428
difficulty,0.0,1024,1024-86,0.591667,0.458333,0.483333,0.941667,0.741667,0.0,0.0,0.621458,0.608524,0.571893
difficulty,0.0,1024,1024-87,0.275,0.5,0.05,0.55,0.55,0.0,0.166667,0.423516,0.637322,0.466919
difficulty,0.0,1024,1024-88,0.533333,0.283333,0.6,0.883333,0.575,0.016667,0.0,0.667739,0.500916,0.745416
difficulty,0.0,1024,1024-89,0.466667,0.5,0.258333,0.758333,0.733333,0.0,0.041667,0.498534,0.554441,0.421952
difficulty,0.0,1024,1024-90,0.0,0.233333,0.0,0.233333,0.233333,0.0,0.408333,0.318277,0.420198,0.802181
difficulty,0.0,1024,1024-91,0.55,0.416667,0.5,0.916667,0.7,0.008333,0.0,0.60544,0.620807,0.560521
difficulty,0.0,1024,1024-92,0.508333,0.541667,0.325,0.866667,0.783333,0.0,0.016667,0.533676,0.561665,0.414912
difficulty,0.0,1024,1024-93,0.0,0.0,0.0,0.0,0.0,0.0,0.791667,0.236631,0.445328,1.213213
difficulty,0.0,1024,1024-94,0.55,0.566667,0.358333,0.925,0.841667,0.0,0.0,0.54334,0.602804,0.394103
difficulty,0.0,1024,1024-95,0.475,0.433333,0.433333,0.866667,0.675,0.0,0.0,0.586377,0.578643,0.55039
difficulty,0.0,1024,1024-96,0.55,0.533333,0.425,0.958333,0.8,0.0,0.0,0.580957,0.601681,0.449126
difficulty,0.0,1024,1024-97,0.475,0.508333,0.35,0.858333,0.725,0.0,0.0,0.554408,0.613487,0.462826
difficulty,0.0,1024,1024-98,0.0,0.166667,0.0,0.166667,0.166667,0.0,0.466667,0.302536,0.439325,0.87209
difficulty,0.0,1024,1024-99,0.55,0.25,0.583333,0.833333,0.558333,0.041667,0.0,0.68288,0.4853,0.814391
difficulty,0.0,1024,1024-100,0.5,0.533333,0.333333,0.866667,0.766667,0.0,0.0,0.543675,0.573429,0.436292
difficulty,0.0,1024,1024-101,0.458333,0.525,0.141667,0.666667,0.666667,0.0,0.083333,0.467671,0.532775,0.408665
difficulty,0.0,1024,1024-102,0.391667,0.533333,0.133333,0.666667,0.65,0.0,0.041667,0.468179,0.647517,0.411183
difficulty,0.0,1024,1024-103,0.525,0.491667,0.441667,0.933333,0.775,0.0,0.0,0.573782,0.459654,0.464717
difficulty,0.0,1024,1024-104,0.416667,0.475,0.233333,0.708333,0.658333,0.0,0.025,0.494765,0.556154,0.43801
difficulty,0.0,1024,1024-105,0.6,0.133333,0.725,0.858333,0.6,0.016667,0.0,0.68634,0.567463,0.818209
difficulty,0.0,1024,1024-106,0.425,0.441667,0.466667,0.908333,0.65,0.0,0.0,0.585822,0.546417,0.541493
difficulty,0.0,1024,1024-107,0.216667,0.45,0.025,0.475,0.475,0.0,0.216667,0.396124,0.583542,0.535845
difficulty,0.0,1024,1024-108,0.575,0.5,0.45,0.95,0.766667,0.0,0.0,0.589747,0.486801,0.501411
difficulty,0.0,1024,1024-109,0.25,0.516667,0.025,0.541667,0.541667,0.0,0.208333,0.412051,0.556057,0.485049
difficulty,0.0,1024,1024-110,0.491667,0.491667,0.308333,0.8,0.725,0.0,0.033333,0.519926,0.534902,0.44055
difficulty,0.0,1024,1024-111,0.458333,0.491667,0.233333,0.725,0.666667,0.0,0.058333,0.500021,0.632429,0.46614
difficulty,0.0,1024,1024-112,0.408333,0.5,0.166667,0.666667,0.666667,0.0,0.091667,0.470898,0.553659,0.41212
difficulty,0.0,1024,1024-113,0.483333,0.516667,0.416667,0.933333,0.766667,0.0,0.0,0.574091,0.596993,0.479305
difficulty,0.0,1024,1024-114,0.533333,0.441667,0.458333,0.9,0.7,0.008333,0.0,0.629884,0.503141,0.614588
difficulty,0.0,1024,1024-115,0.508333,0.45,0.483333,0.933333,0.725,0.0,0.0,0.598518,0.497387,0.535333
difficulty,0.0,1024,1024-116,0.491667,0.15,0.633333,0.783333,0.491667,0.075,0.0,0.707903,0.48408,0.934515
difficulty,0.0,1024,1024-117,0.233333,0.0,0.658333,0.658333,0.233333,0.183333,0.0,0.765647,0.396949,1.240176
difficulty,0.0,1024,1024-118,0.6,0.358333,0.591667,0.95,0.675,0.0,0.0,0.644825,0.523448,0.653807
difficulty,0.0,1024,1024-119,0.0,0.141667,0.0,0.141667,0.141667,0.0,0.516667,0.289673,0.452809,0.946932
difficulty,0.0,1024,1024-120,0.508333,0.475,0.433333,0.908333,0.733333,0.0,0.0,0.576507,0.567586,0.488062
difficulty,0.0,1024,1024-121,0.0,0.0,0.0,0.0,0.0,0.0,1.0,0.160212,0.395776,1.718491
difficulty,0.0,1024,1024-122,0.491667,0.475,0.4,0.875,0.708333,0.0,0.0,0.561644,0.511155,0.48801
difficulty,0.0,1024,1024-123,0.541667,0.458333,0.5,0.958333,0.733333,0.008333,0.0,0.617157,0.567175,0.558635
difficulty,0.0,1024,1024-124,0.183333,0.458333,0.0,0.458333,0.458333,0.0,0.25,0.389708,0.467394,0.533722
difficulty,0.0,1024,1024-125,0.0,0.033333,0.0,0.033333,0.033333,0.0,0.55,0.276837,0.332672,1.000834
difficulty,0.0,1024,1024-126,0.216667,0.483333,0.016667,0.5,0.5,0.0,0.175,0.40286,0.457939,0.492208
difficulty,0.0,1024,1024-127,0.466667,0.483333,0.275,0.758333,0.725,0.0,0.025,0.503674,0.510868,0.407681
difficulty,0.0,1024,1024-128,0.525,0.175,0.616667,0.791667,0.525,0.1,0.0,0.707941,0.50894,0.940095
difficulty,0.0,1024,1024-129,0.358333,0.533333,0.066667,0.6,0.6,0.0,0.116667,0.442283,0.469338,0.422539
difficulty,0.0,1024,1024-130,0.5,0.116667,0.658333,0.775,0.5,0.058333,0.0,0.709157,0.488331,0.941718
difficulty,0.0,1024,1024-131,0.508333,0.508333,0.325,0.833333,0.741667,0.0,0.008333,0.534875,0.626057,0.44146
difficulty,0.0,1024,1024-132,0.55,0.475,0.491667,0.966667,0.741667,0.0,0.0,0.612295,0.519169,0.540866
difficulty,0.0,1024,1024-133,0.0,0.0,0.5,0.5,0.0,0.258333,0.0,0.809111,0.335052,1.499607
difficulty,0.0,1024,1024-134,0.4,0.466667,0.183333,0.65,0.625,0.0,0.1,0.466239,0.601723,0.464066
difficulty,0.0,1024,1024-135,0.466667,0.541667,0.183333,0.725,0.7,0.0,0.066667,0.482263,0.54064,0.41724
difficulty,0.0,1024,1024-136,0.416667,0.025,0.683333,0.708333,0.416667,0.141667,0.0,0.737351,0.465959,1.091668
difficulty,0.0,1024,1024-137,0.241667,0.508333,0.0,0.508333,0.508333,0.0,0.191667,0.396176,0.447708,0.514844
difficulty,0.0,1024,1024-138,0.0,0.0,0.391667,0.391667,0.0,0.333333,0.0,0.825886,0.32721,1.614318
difficulty,0.0,1024,1024-139,0.525,0.4,0.541667,0.941667,0.683333,0.008333,0.0,0.631006,0.518732,0.614662
difficulty,0.0,1024,1024-140,0.508333,0.425,0.475,0.9,0.691667,0.008333,0.0,0.618438,0.54828,0.606908
difficulty,0.0,1024,1024-141,0.608333,0.441667,0.5,0.941667,0.691667,0.008333,0.0,0.631905,0.531256,0.595126
difficulty,0.0,1024,1024-142,0.541667,0.358333,0.525,0.883333,0.608333,0.041667,0.0,0.659374,0.517933,0.71455
difficulty,0.0,1024,1024-143,0.116667,0.391667,0.0,0.391667,0.391667,0.0,0.308333,0.372049,0.499285,0.586672
difficulty,0.0,1024,1024-144,0.0,0.125,0.0,0.125,0.125,0.0,0.5,0.294579,0.434731,0.913086
difficulty,0.0,1024,1024-145,0.475,0.5,0.216667,0.716667,0.7,0.0,0.041667,0.491621,0.53103,0.407574
difficulty,0.0,1024,1024-146,0.516667,0.25,0.558333,0.808333,0.525,0.05,0.0,0.689415,0.47476,0.847131
difficulty,0.0,1024,1024-147,0.45,0.483333,0.225,0.708333,0.683333,0.0,0.033333,0.491885,0.565987,0.425461
difficulty,0.0,1024,1024-148,0.458333,0.541667,0.216667,0.758333,0.733333,0.0,0.041667,0.493717,0.518131,0.406228
difficulty,0.0,1024,1024-149,0.0,0.033333,0.0,0.033333,0.033333,0.0,0.641667,0.262805,0.386596,1.076009
difficulty,0.0,1024,1024-150,0.55,0.483333,0.425,0.908333,0.75,0.0,0.0,0.563093,0.546016,0.47223
difficulty,0.0,1024,1024-151,0.108333,0.383333,0.0,0.383333,0.383333,0.0,0.358333,0.356136,0.566412,0.661791
difficulty,0.0,1024,1024-152,0.558333,0.483333,0.475,0.958333,0.783333,0.0,0.0,0.590935,0.559982,0.496258
difficulty,0.0,1024,1024-153,0.0,0.0,0.0,0.0,0.0,0.0,0.791667,0.232449,0.38729,1.245115
difficulty,0.0,1024,1024-154,0.433333,0.241667,0.525,0.766667,0.466667,0.066667,0.0,0.694848,0.427541,0.885618
difficulty,0.0,1024,1024-155,0.541667,0.425,0.483333,0.908333,0.658333,0.0,0.0,0.635759,0.522884,0.62803
difficulty,0.0,1024,1024-156,0.083333,0.358333,0.0,0.358333,0.358333,0.0,0.333333,0.360981,0.461419,0.618502
difficulty,0.0,1024,1024-157,0.05,0.35,0.0,0.35,0.35,0.0,0.375,0.34388,0.452127,0.688668
difficulty,0.0,1024,1024-158,0.433333,0.5,0.266667,0.766667,0.7,0.0,0.041667,0.505474,0.613117,0.443862
difficulty,0.0,1024,1024-159,0.0,0.008333,0.0,0.008333,0.008333,0.0,0.725,0.246368,0.40521,1.163631
difficulty,0.0,1024,1024-160,0.266667,0.516667,0.033333,0.55,0.55,0.0,0.175,0.414432,0.51313,0.477731
difficulty,0.0,1024,1024-161,0.0,0.0,0.0,0.0,0.0,0.0,1.0,0.180214,0.272387,1.564599
difficulty,0.0,1024,1024-162,0.366667,0.583333,0.075,0.658333,0.658333,0.0,0.108333,0.451548,0.508261,0.432161
difficulty,0.0,1024,1024-163,0.558333,0.475,0.466667,0.941667,0.725,0.016667,0.0,0.606246,0.598615,0.541472
difficulty,0.0,1024,1024-164,0.0,0.0,0.0,0.0,0.0,0.0,0.75,0.239154,0.411943,1.205831
difficulty,0.0,1024,1024-165,0.533333,0.475,0.491667,0.966667,0.758333,0.0,0.0,0.600493,0.535272,0.52306
difficulty,0.0,1024,1024-166,0.383333,0.5,0.175,0.675,0.666667,0.0,0.1,0.467284,0.656701,0.456346
difficulty,0.0,1024,1024-167,0.416667,0.466667,0.175,0.641667,0.625,0.0,0.091667,0.462032,0.636156,0.455246
difficulty,0.0,1024,1024-168,0.508333,0.55,0.358333,0.908333,0.791667,0.0,0.0,0.563555,0.565792,0.454377
difficulty,0.0,1024,1024-169,0.583333,0.433333,0.483333,0.916667,0.691667,0.008333,0.0,0.636935,0.565776,0.614878
difficulty,0.0,1024,1024-170,0.0,0.0,0.0,0.0,0.0,0.0,0.966667,0.192011,0.343841,1.486017
difficulty,0.0,1024,1024-171,0.0,0.0,0.0,0.0,0.0,0.0,1.0,0.15869,0.279614,1.719768
difficulty,0.0,1024,1024-172,0.516667,0.591667,0.216667,0.808333,0.8,0.0,0.008333,0.501988,0.470369,0.38796
difficulty,0.0,1024,1024-173,0.35,0.508333,0.075,0.583333,0.583333,0.0,0.116667,0.442338,0.528426,0.446314
difficulty,0.0,1024,1024-174,0.0,0.058333,0.0,0.058333,0.058333,0.0,0.625,0.268443,0.404535,1.046421
difficulty,0.0,1024,1024-175,0.4,0.55,0.125,0.675,0.675,0.0,0.125,0.460691,0.549374,0.430457
difficulty,0.0,1024,1024-176,0.533333,0.491667,0.416667,0.908333,0.75,0.0,0.0,0.56995,0.514266,0.480908
difficulty,0.0,1024,1024-177,0.466667,0.491667,0.325,0.816667,0.708333,0.0,0.058333,0.524018,0.543799,0.480584
difficulty,0.0,1024,1024-178,0.583333,0.516667,0.441667,0.958333,0.808333,0.0,0.0,0.578621,0.481706,0.4541
difficulty,0.0,1024,1024-179,0.466667,0.558333,0.216667,0.775,0.758333,0.0,0.041667,0.488556,0.52147,0.396135
difficulty,0.0,1024,1024-180,0.25,0.508333,0.025,0.533333,0.533333,0.0,0.2,0.411737,0.521253,0.490658
difficulty,0.0,1024,1024-181,0.025,0.266667,0.0,0.266667,0.266667,0.0,0.466667,0.319289,0.662809,0.805965
difficulty,0.0,1024,1024-182,0.316667,0.508333,0.05,0.558333,0.558333,0.0,0.175,0.422729,0.516873,0.483747
difficulty,0.0,1024,1024-183,0.533333,0.425,0.4,0.825,0.7,0.0,0.016667,0.551875,0.498774,0.474556
difficulty,0.0,1024,1024-184,0.566667,0.466667,0.483333,0.95,0.766667,0.0,0.0,0.582899,0.457795,0.472444
difficulty,0.0,1024,1024-185,0.508333,0.516667,0.283333,0.8,0.775,0.0,0.033333,0.509513,0.488659,0.42276
difficulty,0.0,1024,1024-186,0.016667,0.333333,0.0,0.333333,0.333333,0.0,0.4,0.341652,0.500367,0.688532
difficulty,0.0,1024,1024-187,0.291667,0.0,0.658333,0.658333,0.291667,0.175,0.0,0.759694,0.405932,1.208879
difficulty,0.0,1024,1024-188,0.408333,0.5,0.233333,0.733333,0.658333,0.0,0.05,0.496549,0.648038,0.448232
difficulty,0.0,1024,1024-189,0.116667,0.4,0.0,0.4,0.4,0.0,0.333333,0.367741,0.470683,0.610085
difficulty,0.0,1024,1024-190,0.558333,0.358333,0.533333,0.891667,0.633333,0.008333,0.0,0.651227,0.497828,0.673898
difficulty,0.0,1024,1024-191,0.225,0.441667,0.025,0.466667,0.466667,0.0,0.25,0.389319,0.597654,0.572394
difficulty,0.0,1024,1024-192,0.358333,0.525,0.075,0.6,0.6,0.0,0.133333,0.443842,0.548503,0.431104
difficulty,0.0,1024,1024-193,0.475,0.05,0.708333,0.758333,0.475,0.041667,0.0,0.720793,0.483689,0.989226
difficulty,0.0,1024,1024-194,0.183333,0.458333,0.025,0.483333,0.483333,0.0,0.283333,0.386724,0.595969,0.571029
difficulty,0.0,1024,1024-195,0.116667,0.4,0.0,0.4,0.4,0.0,0.341667,0.365557,0.540865,0.624897
difficulty,0.0,1024,1024-196,0.566667,0.333333,0.558333,0.891667,0.6,0.008333,0.0,0.662952,0.490795,0.72113
difficulty,0.0,1024,1024-197,0.133333,0.391667,0.0,0.391667,0.391667,0.0,0.3,0.370983,0.504918,0.586757
difficulty,0.0,1024,1024-198,0.425,0.433333,0.25,0.683333,0.633333,0.0,0.075,0.484225,0.59681,0.479487
difficulty,0.0,1024,1024-199,0.525,0.533333,0.375,0.908333,0.816667,0.0,0.0,0.543627,0.525926,0.40694
difficulty,0.0,2026,2026-0,0.25,0.466667,0.033333,0.5,0.5,0.0,0.233333,0.404714,0.581422,0.515518
difficulty,0.0,2026,2026-1,0.441667,0.491667,0.425,0.916667,0.708333,0.0,0.0,0.572872,0.588532,0.506465
difficulty,0.0,2026,2026-2,0.0,0.0,0.0,0.0,0.0,0.0,0.841667,0.214288,0.527162,1.360394
difficulty,0.0,2026,2026-3,0.425,0.041667,0.708333,0.75,0.425,0.091667,0.0,0.729926,0.487507,1.042951
difficulty,0.0,2026,2026-4,0.575,0.45,0.491667,0.941667,0.708333,0.008333,0.0,0.622349,0.602186,0.581877
difficulty,0.0,2026,2026-5,0.441667,0.5,0.216667,0.716667,0.708333,0.0,0.058333,0.485707,0.579759,0.427321
difficulty,0.0,2026,2026-6,0.375,0.466667,0.183333,0.65,0.625,0.0,0.091667,0.469629,0.671017,0.444899
difficulty,0.0,2026,2026-7,0.475,0.441667,0.516667,0.958333,0.716667,0.0,0.0,0.601729,0.490189,0.548684
difficulty,0.0,2026,2026-8,0.4,0.516667,0.175,0.691667,0.65,0.0,0.05,0.482684,0.632993,0.426737
difficulty,0.0,2026,2026-9,0.45,0.458333,0.283333,0.741667,0.666667,0.0,0.066667,0.503238,0.592457,0.456608
difficulty,0.0,2026,2026-10,0.558333,0.441667,0.466667,0.908333,0.65,0.016667,0.0,0.640624,0.556532,0.641281
difficulty,0.0,2026,2026-11,0.533333,0.408333,0.525,0.933333,0.7,0.008333,0.0,0.627467,0.507918,0.60881
difficulty,0.0,2026,2026-12,0.5,0.483333,0.35,0.833333,0.708333,0.0,0.0,0.538551,0.524662,0.450272
difficulty,0.0,2026,2026-13,0.433333,0.491667,0.275,0.766667,0.691667,0.0,0.0,0.516479,0.612027,0.43015
difficulty,0.0,2026,2026-14,0.458333,0.416667,0.425,0.841667,0.65,0.0,0.0,0.569939,0.574226,0.531223
difficulty,0.0,2026,2026-15,0.266667,0.483333,0.058333,0.541667,0.541667,0.0,0.183333,0.414018,0.708835,0.497732
difficulty,0.0,2026,2026-16,0.416667,0.516667,0.166667,0.683333,0.683333,0.0,0.1,0.468735,0.551955,0.447026
difficulty,0.0,2026,2026-17,0.541667,0.458333,0.483333,0.941667,0.725,0.008333,0.0,0.620433,0.550765,0.571805
difficulty,0.0,2026,2026-18,0.533333,0.466667,0.358333,0.825,0.725,0.0,0.008333,0.535679,0.50608,0.439908
difficulty,0.0,2026,2026-19,0.0,0.141667,0.0,0.141667,0.141667,0.0,0.516667,0.300056,0.590363,0.885842
difficulty,0.0,2026,2026-20,0.333333,0.475,0.108333,0.583333,0.583333,0.0,0.116667,0.443192,0.656153,0.458266
difficulty,0.0,2026,2026-21,0.525,0.358333,0.558333,0.916667,0.666667,0.008333,0.0,0.642753,0.522848,0.658517
difficulty,0.0,2026,2026-22,0.441667,0.458333,0.266667,0.725,0.675,0.0,0.083333,0.498143,0.628437,0.464103
difficulty,0.0,2026,2026-23,0.375,0.508333,0.208333,0.716667,0.675,0.0,0.041667,0.484507,0.744613,0.426987
difficulty,0.0,2026,2026-24,0.55,0.341667,0.583333,0.925,0.675,0.008333,0.0,0.638869,0.520255,0.642476
difficulty,0.0,2026,2026-25,0.133333,0.0,0.625,0.625,0.133333,0.216667,0.0,0.783977,0.417201,1.349149
difficulty,0.0,2026,2026-26,0.333333,0.516667,0.075,0.591667,0.591667,0.0,0.158333,0.433252,0.51374,0.465116
difficulty,0.0,2026,2026-27,0.433333,0.0,0.758333,0.758333,0.433333,0.05,0.0,0.727728,0.455361,1.022981
difficulty,0.0,2026,2026-28,0.016667,0.266667,0.0,0.266667,0.266667,0.0,0.441667,0.322802,0.534481,0.782513
difficulty,0.0,2026,2026-29,0.541667,0.5,0.383333,0.883333,0.766667,0.0,0.0,0.561731,0.592164,0.463353
difficulty,0.0,2026,2026-30,0.033333,0.341667,0.0,0.341667,0.341667,0.0,0.375,0.342083,0.45968,0.691461
difficulty,0.0,2026,2026-31,0.425,0.008333,0.725,0.733333,0.425,0.083333,0.0,0.729834,0.461481,1.04317
difficulty,0.0,2026,2026-32,0.616667,0.316667,0.608333,0.925,0.65,0.016667,0.0,0.658481,0.526189,0.693573
difficulty,0.0,2026,2026-33,0.45,0.15,0.608333,0.758333,0.45,0.075,0.0,0.713346,0.448615,0.96401
difficulty,0.0,2026,2026-34,0.208333,0.525,0.0,0.525,0.525,0.0,0.208333,0.398319,0.501266,0.490774
difficulty,0.0,2026,2026-35,0.591667,0.433333,0.5,0.933333,0.691667,0.008333,0.0,0.6306,0.574833,0.59821
difficulty,0.0,2026,2026-36,0.4,0.516667,0.091667,0.608333,0.608333,0.0,0.108333,0.44925,0.534961,0.420377
difficulty,0.0,2026,2026-37,0.366667,0.475,0.158333,0.633333,0.625,0.0,0.1,0.457141,0.598922,0.452476
difficulty,0.0,2026,2026-38,0.541667,0.458333,0.433333,0.891667,0.708333,0.0,0.0,0.60544,0.603715,0.548766
difficulty,0.0,2026,2026-39,0.5,0.275,0.583333,0.858333,0.541667,0.016667,0.0,0.674847,0.486762,0.778034
difficulty,0.0,2026,2026-40,0.475,0.491667,0.425,0.916667,0.708333,0.0,0.0,0.575007,0.542928,0.503371
difficulty,0.0,2026,2026-41,0.35,0.508333,0.1,0.608333,0.608333,0.0,0.158333,0.439646,0.568194,0.472431
difficulty,0.0,2026,2026-42,0.291667,0.491667,0.041667,0.533333,0.533333,0.0,0.175,0.413078,0.516438,0.498484
difficulty,0.0,2026,2026-43,0.35,0.008333,0.683333,0.691667,0.35,0.175,0.0,0.748753,0.430382,1.158766
difficulty,0.0,2026,2026-44,0.558333,0.441667,0.483333,0.925,0.7,0.016667,0.0,0.625591,0.558225,0.595684
difficulty,0.0,2026,2026-45,0.608333,0.4,0.55,0.95,0.683333,0.0,0.0,0.637194,0.562216,0.605833
difficulty,0.0,2026,2026-46,0.0,0.0,0.308333,0.308333,0.0,0.408333,0.0,0.837283,0.297543,1.702436
difficulty,0.0,2026,2026-47,0.2,0.433333,0.033333,0.466667,0.466667,0.0,0.25,0.394793,0.593367,0.546425
difficulty,0.0,2026,2026-48,0.0,0.0,0.0,0.0,0.0,0.358333,0.0,0.852686,0.323199,1.791881
difficulty,0.0,2026,2026-49,0.0,0.0,0.0,0.0,0.0,1.0,0.0,0.909955,0.195011,2.365467
difficulty,0.0,2026,2026-50,0.2,0.0,0.691667,0.691667,0.2,0.166667,0.0,0.763538,0.419747,1.220719
difficulty,0.0,2026,2026-51,0.558333,0.275,0.616667,0.891667,0.6,0.016667,0.0,0.674139,0.458282,0.771297
difficulty,0.0,2026,2026-52,0.275,0.541667,0.041667,0.583333,0.583333,0.0,0.166667,0.424729,0.578514,0.456048
difficulty,0.0,2026,2026-53,0.625,0.258333,0.633333,0.891667,0.625,0.041667,0.0,0.672997,0.55562,0.761996
difficulty,0.0,2026,2026-54,0.383333,0.525,0.175,0.7,0.691667,0.0,0.1,0.464268,0.554141,0.429167
difficulty,0.0,2026,2026-55,0.508333,0.508333,0.375,0.883333,0.791667,0.0,0.0,0.545671,0.522063,0.427055
difficulty,0.0,2026,2026-56,0.416667,0.45,0.25,0.7,0.675,0.0,0.108333,0.481412,0.663149,0.46675
difficulty,0.0,2026,2026-57,0.541667,0.491667,0.441667,0.933333,0.758333,0.0,0.0,0.579861,0.560106,0.487169
difficulty,0.0,2026,2026-58,0.466667,0.075,0.683333,0.758333,0.466667,0.1,0.0,0.719109,0.487077,0.993623
difficulty,0.0,2026,2026-59,0.366667,0.55,0.083333,0.633333,0.633333,0.0,0.108333,0.448771,0.523788,0.43174
difficulty,0.0,2026,2026-60,0.175,0.366667,0.008333,0.375,0.375,0.0,0.325,0.36726,0.651548,0.642975
difficulty,0.0,2026,2026-61,0.175,0.433333,0.0,0.433333,0.433333,0.0,0.3,0.369078,0.548214,0.622656
difficulty,0.0,2026,2026-62,0.125,0.466667,0.0,0.466667,0.466667,0.0,0.225,0.378842,0.533005,0.548465
difficulty,0.0,2026,2026-63,0.0,0.158333,0.0,0.158333,0.158333,0.0,0.416667,0.307542,0.3684,0.847624
difficulty,0.0,2026,2026-64,0.191667,0.433333,0.008333,0.441667,0.441667,0.0,0.266667,0.383824,0.554753,0.568492
difficulty,0.0,2026,2026-65,0.416667,0.033333,0.7,0.733333,0.416667,0.033333,0.0,0.72576,0.445534,1.012465
difficulty,0.0,2026,2026-66,0.341667,0.458333,0.116667,0.575,0.575,0.0,0.15,0.434943,0.600021,0.485055
difficulty,0.0,2026,2026-67,0.5,0.541667,0.391667,0.933333,0.8,0.0,0.0,0.57158,0.577005,0.449127
difficulty,0.0,2026,2026-68,0.066667,0.291667,0.0,0.291667,0.291667,0.0,0.416667,0.328254,0.552759,0.761271
difficulty,0.0,2026,2026-69,0.55,0.558333,0.358333,0.916667,0.825,0.0,0.0,0.551352,0.614496,0.409758
difficulty,0.0,2026,2026-70,0.0,0.0,0.0,0.0,0.0,0.0,0.741667,0.240625,0.442757,1.199337
difficulty,0.0,2026,2026-71,0.258333,0.483333,0.066667,0.55,0.55,0.0,0.15,0.419916,0.554318,0.477684
difficulty,0.0,2026,2026-72,0.0,0.0,0.216667,0.216667,0.0,0.45,0.0,0.845594,0.284782,1.766976
difficulty,0.0,2026,2026-73,0.333333,0.558333,0.041667,0.6,0.6,0.0,0.125,0.437199,0.581229,0.436821
difficulty,0.0,2026,2026-74,0.458333,0.1,0.675,0.775,0.458333,0.066667,0.0,0.713099,0.42736,0.956322
difficulty,0.0,2026,2026-75,0.508333,0.475,0.458333,0.933333,0.683333,0.0,0.0,0.610293,0.541327,0.561966
difficulty,0.0,2026,2026-76,0.441667,0.533333,0.225,0.758333,0.7,0.0,0.008333,0.503187,0.614109,0.425479
difficulty,0.0,2026,2026-77,0.3,0.5,0.041667,0.541667,0.541667,0.0,0.175,0.420023,0.633322,0.490542
difficulty,0.0,2026,2026-78,0.375,0.033333,0.675,0.708333,0.375,0.075,0.0,0.735225,0.40704,1.069891
difficulty,0.0,2026,2026-79,0.45,0.475,0.308333,0.783333,0.741667,0.0,0.041667,0.50866,0.606272,0.42557
difficulty,0.0,2026,2026-80,0.341667,0.0,0.65,0.65,0.341667,0.15,0.0,0.755883,0.425015,1.184018
difficulty,0.0,2026,2026-81,0.291667,0.508333,0.058333,0.566667,0.566667,0.0,0.175,0.425964,0.551863,0.481865
difficulty,0.0,2026,2026-82,0.533333,0.525,0.383333,0.908333,0.825,0.0,0.0,0.549653,0.529179,0.419094
difficulty,0.0,2026,2026-83,0.525,0.458333,0.525,0.983333,0.708333,0.0,0.0,0.614858,0.509062,0.562272
difficulty,0.0,2026,2026-84,0.558333,0.541667,0.416667,0.958333,0.8,0.0,0.0,0.592462,0.56272,0.49956
difficulty,0.0,2026,2026-85,0.008333,0.241667,0.0,0.241667,0.241667,0.0,0.441667,0.324995,0.509351,0.765456
difficulty,0.0,2026,2026-86,0.375,0.558333,0.05,0.608333,0.608333,0.0,0.125,0.445102,0.458467,0.401488
difficulty,0.0,2026,2026-87,0.491667,0.541667,0.291667,0.833333,0.791667,0.0,0.016667,0.518261,0.507514,0.400099
difficulty,0.0,2026,2026-88,0.2,0.466667,0.041667,0.508333,0.508333,0.0,0.225,0.401561,0.506089,0.518405
difficulty,0.0,2026,2026-89,0.591667,0.425,0.516667,0.941667,0.708333,0.0,0.0,0.627583,0.577297,0.579484
difficulty,0.0,2026,2026-90,0.583333,0.458333,0.508333,0.966667,0.725,0.0,0.0,0.620122,0.553731,0.543119
difficulty,0.0,2026,2026-91,0.0,0.0,0.0,0.0,0.0,0.0,0.916667,0.210886,0.41331,1.372765
difficulty,0.0,2026,2026-92,0.0,0.0,0.0,0.0,0.0,0.0,0.766667,0.232704,0.490287,1.251245
difficulty,0.0,2026,2026-93,0.0,0.25,0.0,0.25,0.25,0.0,0.391667,0.327143,0.373593,0.753841
difficulty,0.0,2026,2026-94,0.458333,0.433333,0.441667,0.875,0.683333,0.0,0.0,0.573538,0.50597,0.514126
difficulty,0.0,2026,2026-95,0.0,0.0,0.558333,0.558333,0.0,0.225,0.0,0.802823,0.401951,1.454804
difficulty,0.0,2026,2026-96,0.466667,0.483333,0.25,0.733333,0.716667,0.0,0.083333,0.492758,0.515492,0.448527
difficulty,0.0,2026,2026-97,0.5,0.55,0.4,0.95,0.8,0.0,0.0,0.569557,0.591292,0.454886
difficulty,0.0,2026,2026-98,0.125,0.416667,0.0,0.416667,0.416667,0.0,0.325,0.367488,0.563596,0.618229
difficulty,0.0,2026,2026-99,0.116667,0.408333,0.0,0.408333,0.408333,0.0,0.3,0.36708,0.502614,0.596798
difficulty,0.0,2026,2026-100,0.0,0.0,0.0,0.0,0.0,0.0,0.941667,0.211511,0.329257,1.358372
difficulty,0.0,2026,2026-101,0.5,0.558333,0.3,0.858333,0.758333,0.0,0.0,0.534961,0.570034,0.435305
difficulty,0.0,2026,2026-102,0.591667,0.225,0.666667,0.891667,0.591667,0.033333,0.0,0.678407,0.499307,0.787864
difficulty,0.0,2026,2026-103,0.391667,0.533333,0.15,0.683333,0.675,0.0,0.05,0.469778,0.599428,0.410299
difficulty,0.0,2026,2026-104,0.408333,0.0,0.708333,0.708333,0.408333,0.141667,0.0,0.739675,0.452667,1.111701
difficulty,0.0,2026,2026-105,0.516667,0.525,0.383333,0.908333,0.775,0.0,0.0,0.568287,0.570538,0.470229
difficulty,0.0,2026,2026-106,0.533333,0.491667,0.366667,0.858333,0.75,0.0,0.016667,0.544494,0.516925,0.440992
difficulty,0.0,2026,2026-107,0.533333,0.475,0.475,0.95,0.741667,0.0,0.0,0.613728,0.56004,0.566938
difficulty,0.0,2026,2026-108,0.55,0.441667,0.525,0.966667,0.7,0.0,0.0,0.623173,0.48518,0.573975
difficulty,0.0,2026,2026-109,0.541667,0.15,0.641667,0.791667,0.541667,0.05,0.0,0.70115,0.50373,0.902549
difficulty,0.0,2026,2026-110,0.241667,0.475,0.008333,0.483333,0.483333,0.0,0.216667,0.399465,0.554643,0.505708
difficulty,0.0,2026,2026-111,0.0,0.0,0.0,0.0,0.0,0.0,1.0,0.158304,0.215406,1.721825
difficulty,0.0,2026,2026-112,0.533333,0.516667,0.366667,0.883333,0.766667,0.0,0.0,0.553695,0.582105,0.438491
difficulty,0.0,2026,2026-113,0.341667,0.541667,0.083333,0.625,0.625,0.0,0.141667,0.441009,0.524773,0.437268
difficulty,0.0,2026,2026-114,0.441667,0.55,0.266667,0.816667,0.741667,0.0,0.0,0.520034,0.618715,0.40314
difficulty,0.0,2026,2026-115,0.2,0.0,0.608333,0.608333,0.2,0.2,0.0,0.774015,0.397194,1.288437
difficulty,0.0,2026,2026-116,0.1,0.45,0.0,0.45,0.45,0.0,0.316667,0.363836,0.441091,0.601719
difficulty,0.0,2026,2026-117,0.658333,0.425,0.541667,0.966667,0.75,0.0,0.0,0.627609,0.63893,0.581388
difficulty,0.0,2026,2026-118,0.566667,0.216667,0.633333,0.85,0.566667,0.016667,0.0,0.687049,0.462538,0.828318
difficulty,0.0,2026,2026-119,0.525,0.508333,0.45,0.958333,0.741667,0.0,0.0,0.597981,0.593936,0.516575
difficulty,0.0,2026,2026-120,0.516667,0.166667,0.65,0.816667,0.516667,0.066667,0.0,0.701461,0.47271,0.900003
difficulty,0.0,2026,2026-121,0.458333,0.491667,0.166667,0.658333,0.658333,0.0,0.108333,0.468923,0.561217,0.436563
difficulty,0.0,2026,2026-122,0.2,0.441667,0.033333,0.475,0.475,0.0,0.183333,0.402784,0.687467,0.510454
difficulty,0.0,2026,2026-123,0.575,0.225,0.625,0.85,0.575,0.025,0.0,0.683422,0.523637,0.810998
difficulty,0.0,2026,2026-124,0.516667,0.333333,0.525,0.858333,0.6,0.025,0.0,0.659458,0.484642,0.725498
difficulty,0.0,2026,2026-125,0.433333,0.033333,0.691667,0.725,0.433333,0.125,0.0,0.734975,0.465148,1.081448
difficulty,0.0,2026,2026-126,0.541667,0.491667,0.45,0.941667,0.733333,0.0,0.0,0.588123,0.484577,0.506544
difficulty,0.0,2026,2026-127,0.291667,0.0,0.7,0.7,0.291667,0.133333,0.0,0.755697,0.46693,1.182745
difficulty,0.0,2026,2026-128,0.483333,0.466667,0.283333,0.75,0.691667,0.0,0.058333,0.50308,0.563944,0.459039
difficulty,0.0,2026,2026-129,0.108333,0.391667,0.0,0.391667,0.391667,0.0,0.333333,0.361186,0.539704,0.626672
difficulty,0.0,2026,2026-130,0.0,0.0,0.0,0.0,0.0,0.0,1.0,0.189561,0.286703,1.502006
difficulty,0.0,2026,2026-131,0.091667,0.35,0.0,0.35,0.35,0.0,0.35,0.34778,0.594796,0.692862
difficulty,0.0,2026,2026-132,0.566667,0.258333,0.65,0.908333,0.6,0.025,0.0,0.672035,0.460023,0.760541
difficulty,0.0,2026,2026-133,0.0,0.1,0.0,0.1,0.1,0.0,0.508333,0.290612,0.407834,0.931519
difficulty,0.0,2026,2026-134,0.433333,0.525,0.183333,0.708333,0.7,0.0,0.058333,0.475544,0.500302,0.407703
difficulty,0.0,2026,2026-135,0.0,0.0,0.516667,0.516667,0.0,0.241667,0.0,0.813901,0.369866,1.520972
difficulty,0.0,2026,2026-136,0.533333,0.258333,0.566667,0.825,0.558333,0.025,0.0,0.680728,0.435935,0.804909
difficulty,0.0,2026,2026-137,0.1,0.0,0.6,0.6,0.1,0.233333,0.0,0.786261,0.392843,1.362704
difficulty,0.0,2026,2026-138,0.125,0.391667,0.0,0.391667,0.391667,0.0,0.316667,0.365879,0.60819,0.6158
difficulty,0.0,2026,2026-139,0.0,0.0,0.0,0.0,0.0,0.0,1.0,0.141353,0.350712,1.861333
difficulty,0.0,2026,2026-140,0.383333,0.0,0.683333,0.683333,0.383333,0.158333,0.0,0.750419,0.456603,1.166827
difficulty,0.0,2026,2026-141,0.0,0.158333,0.0,0.158333,0.158333,0.0,0.466667,0.303086,0.507575,0.869964
difficulty,0.0,2026,2026-142,0.508333,0.533333,0.341667,0.875,0.766667,0.0,0.0,0.551094,0.568793,0.440066
difficulty,0.0,2026,2026-143,0.458333,0.425,0.416667,0.841667,0.666667,0.0,0.0,0.582839,0.54944,0.55238
difficulty,0.0,2026,2026-144,0.191667,0.508333,0.0,0.508333,0.508333,0.0,0.241667,0.394065,0.374467,0.509517
difficulty,0.0,2026,2026-145,0.266667,0.0,0.583333,0.583333,0.266667,0.233333,0.0,0.771675,0.374503,1.288085
difficulty,0.0,2026,2026-146,0.308333,0.0,0.75,0.75,0.308333,0.125,0.0,0.74102,0.498027,1.092816
difficulty,0.0,2026,2026-147,0.516667,0.541667,0.425,0.966667,0.783333,0.0,0.0,0.599874,0.644105,0.492161
difficulty,0.0,2026,2026-148,0.491667,0.483333,0.341667,0.825,0.733333,0.0,0.008333,0.537554,0.548147,0.440291
difficulty,0.0,2026,2026-149,0.508333,0.508333,0.4,0.908333,0.75,0.0,0.0,0.567858,0.575902,0.471364
difficulty,0.0,2026,2026-150,0.108333,0.358333,0.0,0.358333,0.358333,0.0,0.358333,0.350249,0.609937,0.681573
difficulty,0.0,2026,2026-151,0.408333,0.591667,0.166667,0.758333,0.741667,0.0,0.058333,0.483114,0.647993,0.425502
difficulty,0.0,2026,2026-152,0.533333,0.525,0.358333,0.883333,0.816667,0.0,0.008333,0.538051,0.489812,0.40303
difficulty,0.0,2026,2026-153,0.258333,0.508333,0.016667,0.525,0.525,0.0,0.216667,0.405442,0.502129,0.496639
difficulty,0.0,2026,2026-154,0.516667,0.316667,0.541667,0.858333,0.583333,0.016667,0.0,0.665701,0.518077,0.749902
difficulty,0.0,2026,2026-155,0.0,0.2,0.0,0.2,0.2,0.0,0.466667,0.302903,0.511862,0.889046
difficulty,0.0,2026,2026-156,0.45,0.558333,0.166667,0.725,0.716667,0.0,0.066667,0.481484,0.469928,0.408314
difficulty,0.0,2026,2026-157,0.0,0.0,0.0,0.0,0.0,0.0,1.0,0.161521,0.316888,1.705378
difficulty,0.0,2026,2026-158,0.55,0.408333,0.558333,0.966667,0.675,0.0,0.0,0.61853,0.522895,0.571299
difficulty,0.0,2026,2026-159,0.541667,0.333333,0.575,0.908333,0.625,0.016667,0.0,0.65858,0.488884,0.708034
difficulty,0.0,2026,2026-160,0.508333,0.383333,0.516667,0.9,0.65,0.008333,0.0,0.636291,0.535708,0.653383
difficulty,0.0,2026,2026-161,0.0,0.0,0.0,0.0,0.0,1.0,0.0,0.894289,0.220221,2.18081
difficulty,0.0,2026,2026-162,0.541667,0.241667,0.591667,0.833333,0.558333,0.033333,0.0,0.685489,0.469118,0.823764
difficulty,0.0,2026,2026-163,0.216667,0.458333,0.008333,0.466667,0.466667,0.0,0.291667,0.384411,0.593303,0.588868
difficulty,0.0,2026,2026-164,0.0,0.0,0.0,0.0,0.0,0.533333,0.0,0.862134,0.305472,1.868407
difficulty,0.0,2026,2026-165,0.2,0.433333,0.016667,0.45,0.45,0.0,0.283333,0.385111,0.538774,0.572399
difficulty,0.0,2026,2026-166,0.55,0.35,0.525,0.875,0.608333,0.041667,0.0,0.661187,0.505401,0.725528
difficulty,0.0,2026,2026-167,0.558333,0.391667,0.541667,0.933333,0.666667,0.008333,0.0,0.643696,0.558901,0.661061
difficulty,0.0,2026,2026-168,0.191667,0.458333,0.0,0.458333,0.458333,0.0,0.25,0.386222,0.562495,0.553522
difficulty,0.0,2026,2026-169,0.341667,0.008333,0.683333,0.691667,0.341667,0.116667,0.0,0.747415,0.412421,1.142296
difficulty,0.0,2026,2026-170,0.491667,0.45,0.475,0.925,0.716667,0.0,0.0,0.59847,0.532593,0.538848
difficulty,0.0,2026,2026-171,0.533333,0.383333,0.55,0.933333,0.633333,0.008333,0.0,0.646993,0.43783,0.664508
difficulty,0.0,2026,2026-172,0.25,0.491667,0.05,0.541667,0.541667,0.0,0.158333,0.420191,0.592903,0.473615
difficulty,0.0,2026,2026-173,0.45,0.025,0.75,0.775,0.45,0.075,0.0,0.723742,0.464034,1.007633
difficulty,0.0,2026,2026-174,0.25,0.425,0.041667,0.466667,0.466667,0.0,0.25,0.394657,0.625083,0.57358
difficulty,0.0,2026,2026-175,0.0,0.0,0.0,0.0,0.0,0.0,0.791667,0.23035,0.288315,1.250327
difficulty,0.0,2026,2026-176,0.391667,0.016667,0.683333,0.7,0.391667,0.116667,0.0,0.740541,0.454985,1.105462
difficulty,0.0,2026,2026-177,0.358333,0.441667,0.183333,0.625,0.608333,0.0,0.108333,0.46225,0.616328,0.455169
difficulty,0.0,2026,2026-178,0.483333,0.525,0.333333,0.858333,0.725,0.0,0.0,0.545159,0.571641,0.449924
difficulty,0.0,2026,2026-179,0.0,0.0,0.491667,0.491667,0.0,0.275,0.0,0.807052,0.346205,1.491858
difficulty,0.0,2026,2026-180,0.5,0.141667,0.641667,0.783333,0.5,0.066667,0.0,0.70825,0.463613,0.9357
difficulty,0.0,2026,2026-181,0.558333,0.425,0.491667,0.916667,0.7,0.016667,0.0,0.627333,0.57942,0.602287
difficulty,0.0,2026,2026-182,0.575,0.2,0.658333,0.858333,0.575,0.05,0.0,0.691018,0.504989,0.850197
difficulty,0.0,2026,2026-183,0.258333,0.508333,0.041667,0.55,0.55,0.0,0.158333,0.412918,0.535611,0.471401
difficulty,0.0,2026,2026-184,0.6,0.366667,0.558333,0.925,0.65,0.033333,0.0,0.650381,0.528867,0.665807
difficulty,0.0,2026,2026-185,0.55,0.175,0.658333,0.833333,0.55,0.041667,0.0,0.694766,0.505387,0.866624
difficulty,0.0,2026,2026-186,0.583333,0.408333,0.491667,0.9,0.633333,0.025,0.0,0.648647,0.535895,0.659648
difficulty,0.0,2026,2026-187,0.516667,0.5,0.3,0.8,0.766667,0.0,0.016667,0.519376,0.506473,0.415151
difficulty,0.0,2026,2026-188,0.0,0.0,0.0,0.0,0.0,0.0,1.0,0.042431,0.133359,3.176058
difficulty,0.0,2026,2026-189,0.575,0.383333,0.583333,0.966667,0.675,0.0,0.0,0.635413,0.472454,0.614959
difficulty,0.0,2026,2026-190,0.516667,0.508333,0.375,0.883333,0.758333,0.0,0.0,0.556862,0.551817,0.456677
difficulty,0.0,2026,2026-191,0.466667,0.5,0.233333,0.733333,0.716667,0.0,0.041667,0.496165,0.479602,0.412804
difficulty,0.0,2026,2026-192,0.541667,0.35,0.558333,0.908333,0.65,0.008333,0.0,0.65288,0.530694,0.689976
difficulty,0.0,2026,2026-193,0.558333,0.575,0.391667,0.966667,0.825,0.0,0.0,0.568616,0.594023,0.419033
difficulty,0.0,2026,2026-194,0.508333,0.483333,0.466667,0.95,0.733333,0.0,0.0,0.5882,0.478108,0.50294
difficulty,0.0,2026,2026-195,0.0,0.116667,0.0,0.116667,0.116667,0.0,0.55,0.285795,0.483626,0.959363
difficulty,0.0,2026,2026-196,0.0,0.133333,0.0,0.133333,0.133333,0.0,0.516667,0.297558,0.405397,0.904568
difficulty,0.0,2026,2026-197,0.566667,0.475,0.5,0.975,0.716667,0.0,0.0,0.608893,0.482958,0.532001
difficulty,0.0,2026,2026-198,0.525,0.516667,0.366667,0.883333,0.775,0.0,0.0,0.55152,0.541449,0.430904
difficulty,0.0,2026,2026-199,0.583333,0.466667,0.491667,0.958333,0.816667,0.0,0.0,0.582814,0.448079,0.461899
difficulty,0.5,42,42-0,0.475,0.55,0.358333,0.908333,0.733333,0.025,0.0,0.590415,0.620355,0.502065
difficulty,0.5,42,42-1,0.283333,0.366667,0.166667,0.533333,0.516667,0.0,0.216667,0.432738,0.484803,0.583018
difficulty,0.5,42,42-2,0.508333,0.25,0.533333,0.783333,0.533333,0.041667,0.0,0.690084,0.429267,0.861331
difficulty,0.5,42,42-3,0.475,0.25,0.491667,0.741667,0.491667,0.15,0.0,0.703716,0.48697,0.94893
difficulty,0.5,42,42-4,0.058333,0.216667,0.016667,0.233333,0.225,0.0,0.641667,0.290606,0.502269,1.085127
difficulty,0.5,42,42-5,0.225,0.358333,0.108333,0.466667,0.458333,0.0,0.333333,0.387598,0.462369,0.672223
difficulty,0.5,42,42-6,0.433333,0.4,0.475,0.875,0.591667,0.05,0.0,0.625483,0.391934,0.650948
difficulty,0.5,42,42-7,0.391667,0.391667,0.35,0.741667,0.608333,0.008333,0.058333,0.544659,0.500795,0.594451
difficulty,0.5,42,42-8,0.491667,0.5,0.375,0.875,0.733333,0.008333,0.0,0.57886,0.480849,0.521505
difficulty,0.5,42,42-9,0.283333,0.366667,0.158333,0.525,0.458333,0.0,0.233333,0.435552,0.618025,0.617073
difficulty,0.5,42,42-10,0.508333,0.275,0.533333,0.808333,0.541667,0.1,0.0,0.684826,0.535742,0.845008
difficulty,0.5,42,42-11,0.566667,0.316667,0.541667,0.858333,0.616667,0.041667,0.0,0.662517,0.549299,0.723553
difficulty,0.5,42,42-12,0.425,0.491667,0.375,0.866667,0.691667,0.016667,0.0,0.571756,0.56893,0.520933
difficulty,0.5,42,42-13,0.433333,0.108333,0.6,0.708333,0.433333,0.125,0.0,0.730767,0.428202,1.067864
difficulty,0.5,42,42-14,0.516667,0.491667,0.408333,0.9,0.708333,0.033333,0.0,0.62619,0.563939,0.614834
difficulty,0.5,42,42-15,0.316667,0.366667,0.208333,0.575,0.508333,0.0,0.166667,0.465692,0.442269,0.57535
difficulty,0.5,42,42-16,0.533333,0.458333,0.466667,0.925,0.666667,0.016667,0.0,0.625252,0.495279,0.601976
difficulty,0.5,42,42-17,0.275,0.416667,0.141667,0.558333,0.516667,0.0,0.166667,0.433819,0.499947,0.534752
difficulty,0.5,42,42-18,0.525,0.208333,0.6,0.808333,0.525,0.066667,0.0,0.69354,0.470063,0.868773
difficulty,0.5,42,42-19,0.458333,0.458333,0.4,0.858333,0.675,0.008333,0.0,0.583651,0.464412,0.547824
difficulty,0.5,42,42-20,0.383333,0.466667,0.316667,0.783333,0.65,0.008333,0.008333,0.544764,0.546672,0.51521
difficulty,0.5,42,42-21,0.383333,0.416667,0.191667,0.608333,0.541667,0.0,0.091667,0.469628,0.54595,0.509756
difficulty,0.5,42,42-22,0.4,0.033333,0.691667,0.725,0.4,0.108333,0.0,0.734636,0.442529,1.076099
difficulty,0.5,42,42-23,0.375,0.483333,0.291667,0.775,0.666667,0.016667,0.0,0.541765,0.585581,0.513322
difficulty,0.5,42,42-24,0.441667,0.466667,0.333333,0.8,0.7,0.0,0.05,0.526464,0.453572,0.500651
difficulty,0.5,42,42-25,0.383333,0.416667,0.341667,0.758333,0.641667,0.0,0.041667,0.536256,0.474867,0.538246
difficulty,0.5,42,42-26,0.533333,0.433333,0.458333,0.891667,0.683333,0.016667,0.0,0.633202,0.563669,0.624846
difficulty,0.5,42,42-27,0.475,0.341667,0.533333,0.875,0.625,0.05,0.0,0.645297,0.446992,0.719741
difficulty,0.5,42,42-28,0.491667,0.408333,0.483333,0.891667,0.625,0.05,0.0,0.644674,0.456926,0.690836
difficulty,0.5,42,42-29,0.558333,0.458333,0.416667,0.875,0.675,0.025,0.0,0.631461,0.516462,0.62204
difficulty,0.5,42,42-30,0.0,0.0,0.283333,0.283333,0.0,0.316667,0.0,0.83267,0.337108,1.665584
difficulty,0.5,42,42-31,0.416667,0.416667,0.291667,0.708333,0.616667,0.008333,0.066667,0.525947,0.503586,0.536602
difficulty,0.5,42,42-32,0.391667,0.441667,0.258333,0.7,0.616667,0.0,0.05,0.50142,0.523532,0.505693
difficulty,0.5,42,42-33,0.308333,0.366667,0.2,0.566667,0.475,0.0,0.166667,0.458267,0.535448,0.581369
difficulty,0.5,42,42-34,0.616667,0.441667,0.45,0.891667,0.708333,0.033333,0.0,0.637849,0.574959,0.627511
difficulty,0.5,42,42-35,0.4,0.066667,0.641667,0.708333,0.4,0.166667,0.0,0.736329,0.407014,1.096912
difficulty,0.5,42,42-36,0.416667,0.475,0.341667,0.816667,0.691667,0.008333,0.0,0.547933,0.574116,0.509304
difficulty,0.5,42,42-37,0.3,0.408333,0.158333,0.566667,0.5,0.008333,0.2,0.44891,0.563742,0.589462
difficulty,0.5,42,42-38,0.3,0.433333,0.133333,0.566667,0.516667,0.0,0.175,0.43993,0.571442,0.551317
difficulty,0.5,42,42-39,0.591667,0.4,0.475,0.875,0.691667,0.025,0.0,0.644242,0.571248,0.654355
difficulty,0.5,42,42-40,0.466667,0.316667,0.483333,0.8,0.533333,0.125,0.0,0.681258,0.47762,0.836056
difficulty,0.5,42,42-41,0.525,0.366667,0.516667,0.883333,0.65,0.025,0.0,0.648813,0.506665,0.69676
difficulty,0.5,42,42-42,0.3,0.416667,0.216667,0.633333,0.516667,0.025,0.133333,0.488597,0.491262,0.584684
difficulty,0.5,42,42-43,0.5,0.541667,0.358333,0.9,0.775,0.008333,0.0,0.578829,0.62921,0.483207
difficulty,0.5,42,42-44,0.433333,0.458333,0.375,0.833333,0.658333,0.033333,0.0,0.585667,0.571829,0.577038
difficulty,0.5,42,42-45,0.491667,0.533333,0.433333,0.966667,0.75,0.033333,0.0,0.598577,0.531145,0.540825
difficulty,0.5,42,42-46,0.533333,0.208333,0.6,0.808333,0.541667,0.058333,0.0,0.690989,0.47284,0.857131
difficulty,0.5,42,42-47,0.5,0.475,0.416667,0.891667,0.716667,0.025,0.0,0.604844,0.515804,0.574362
difficulty,0.5,42,42-48,0.525,0.283333,0.533333,0.816667,0.6,0.05,0.0,0.678788,0.455513,0.826217
difficulty,0.5,42,42-49,0.483333,0.541667,0.325,0.866667,0.741667,0.008333,0.0,0.557537,0.634207,0.483418
difficulty,0.5,42,42-50,0.483333,0.5,0.425,0.925,0.716667,0.05,0.0,0.606198,0.541697,0.564407
difficulty,0.5,42,42-51,0.575,0.383333,0.491667,0.875,0.641667,0.033333,0.0,0.654111,0.52082,0.700866
difficulty,0.5,42,42-52,0.225,0.266667,0.075,0.341667,0.325,0.025,0.391667,0.373413,0.434294,0.812635
difficulty,0.5,42,42-53,0.4,0.466667,0.283333,0.75,0.65,0.0,0.008333,0.53182,0.520138,0.506826
difficulty,0.5,42,42-54,0.391667,0.441667,0.275,0.716667,0.625,0.0,0.05,0.501452,0.551714,0.508125
difficulty,0.5,42,42-55,0.35,0.358333,0.225,0.583333,0.508333,0.008333,0.133333,0.479991,0.580364,0.599251
difficulty,0.5,42,42-56,0.391667,0.45,0.3,0.75,0.616667,0.0,0.016667,0.544921,0.506369,0.539732
difficulty,0.5,42,42-57,0.175,0.0,0.591667,0.591667,0.175,0.258333,0.0,0.783095,0.349966,1.357224
difficulty,0.5,42,42-58,0.291667,0.425,0.116667,0.541667,0.483333,0.0,0.216667,0.430154,0.629479,0.584136
difficulty,0.5,42,42-59,0.475,0.216667,0.533333,0.75,0.475,0.141667,0.0,0.708005,0.468606,0.963266
difficulty,0.5,42,42-60,0.125,0.208333,0.025,0.233333,0.225,0.016667,0.55,0.318879,0.522892,0.960148
difficulty,0.5,42,42-61,0.391667,0.433333,0.3,0.733333,0.641667,0.008333,0.008333,0.529993,0.495072,0.511285
difficulty,0.5,42,42-62,0.45,0.491667,0.383333,0.875,0.733333,0.025,0.0,0.584799,0.586453,0.562308
difficulty,0.5,42,42-63,0.516667,0.358333,0.466667,0.825,0.65,0.033333,0.0,0.658833,0.490885,0.738345
difficulty,0.5,42,42-64,0.55,0.35,0.491667,0.841667,0.616667,0.033333,0.0,0.660554,0.537596,0.725377
difficulty,0.5,42,42-65,0.591667,0.325,0.541667,0.866667,0.633333,0.033333,0.0,0.665775,0.540112,0.739852
difficulty,0.5,42,42-66,0.383333,0.466667,0.3,0.766667,0.666667,0.0,0.016667,0.513994,0.550761,0.49199
difficulty,0.5,42,42-67,0.383333,0.433333,0.258333,0.691667,0.575,0.0,0.058333,0.520385,0.487607,0.547389
difficulty,0.5,42,42-68,0.533333,0.241667,0.533333,0.775,0.541667,0.091667,0.0,0.698361,0.450418,0.90902
difficulty,0.5,42,42-69,0.375,0.458333,0.308333,0.766667,0.641667,0.008333,0.008333,0.53036,0.609401,0.515029
difficulty,0.5,42,42-70,0.166667,0.333333,0.058333,0.391667,0.391667,0.0,0.416667,0.365266,0.59324,0.725022
difficulty,0.5,42,42-71,0.191667,0.341667,0.091667,0.433333,0.416667,0.008333,0.341667,0.392657,0.608026,0.685308
difficulty,0.5,42,42-72,0.325,0.408333,0.15,0.558333,0.508333,0.008333,0.175,0.444861,0.500659,0.569218
difficulty,0.5,42,42-73,0.541667,0.366667,0.525,0.891667,0.641667,0.008333,0.0,0.648301,0.468829,0.682711
difficulty,0.5,42,42-74,0.441667,0.441667,0.433333,0.875,0.65,0.033333,0.0,0.599364,0.511657,0.589755
difficulty,0.5,42,42-75,0.55,0.341667,0.466667,0.808333,0.583333,0.05,0.0,0.672895,0.473821,0.792438
difficulty,0.5,42,42-76,0.416667,0.475,0.25,0.725,0.641667,0.0,0.016667,0.509741,0.523097,0.482168
difficulty,0.5,42,42-77,0.466667,0.466667,0.375,0.841667,0.675,0.033333,0.0,0.5747,0.63399,0.546056
difficulty,0.5,42,42-78,0.6,0.358333,0.516667,0.875,0.641667,0.041667,0.0,0.657202,0.498624,0.709273
difficulty,0.5,42,42-79,0.4,0.441667,0.275,0.716667,0.641667,0.008333,0.016667,0.528056,0.542795,0.500052
difficulty,0.5,42,42-80,0.508333,0.4,0.483333,0.883333,0.65,0.025,0.0,0.64179,0.485233,0.67126
difficulty,0.5,42,42-81,0.325,0.45,0.141667,0.591667,0.533333,0.008333,0.133333,0.462229,0.588914,0.530093
difficulty,0.5,42,42-82,0.408333,0.416667,0.4,0.816667,0.666667,0.0,0.008333,0.544036,0.435458,0.510306
difficulty,0.5,42,42-83,0.375,0.391667,0.291667,0.683333,0.6,0.0,0.066667,0.511108,0.575477,0.535809
difficulty,0.5,42,42-84,0.241667,0.375,0.15,0.525,0.491667,0.0,0.333333,0.408864,0.477504,0.654394
difficulty,0.5,42,42-85,0.541667,0.425,0.45,0.875,0.683333,0.033333,0.0,0.637199,0.532306,0.659093
difficulty,0.5,42,42-86,0.383333,0.45,0.208333,0.658333,0.558333,0.0,0.075,0.495133,0.579283,0.518739
difficulty,0.5,42,42-87,0.466667,0.466667,0.383333,0.85,0.691667,0.033333,0.0,0.595665,0.441408,0.577418
difficulty,0.5,42,42-88,0.491667,0.433333,0.408333,0.841667,0.633333,0.041667,0.0,0.650162,0.467572,0.703713
difficulty,0.5,42,42-89,0.508333,0.466667,0.433333,0.9,0.683333,0.025,0.0,0.618534,0.592044,0.596255
difficulty,0.5,42,42-90,0.616667,0.3,0.6,0.9,0.65,0.016667,0.0,0.665267,0.473626,0.734913
difficulty,0.5,42,42-91,0.441667,0.441667,0.35,0.791667,0.65,0.025,0.0,0.568724,0.501642,0.551862
difficulty,0.5,42,42-92,0.366667,0.475,0.191667,0.666667,0.608333,0.0,0.05,0.482798,0.641741,0.473148
difficulty,0.5,42,42-93,0.4,0.45,0.341667,0.791667,0.65,0.016667,0.025,0.540152,0.641946,0.516356
difficulty,0.5,42,42-94,0.125,0.258333,0.025,0.283333,0.275,0.0,0.491667,0.325052,0.451857,0.905756
difficulty,0.5,42,42-95,0.208333,0.291667,0.041667,0.333333,0.325,0.016667,0.391667,0.366812,0.463892,0.758308
difficulty,0.5,42,42-96,0.191667,0.25,0.075,0.325,0.325,0.008333,0.408333,0.369024,0.541842,0.766949
difficulty,0.5,42,42-97,0.308333,0.391667,0.125,0.516667,0.516667,0.0,0.225,0.417968,0.557155,0.565133
difficulty,0.5,42,42-98,0.525,0.408333,0.516667,0.925,0.675,0.033333,0.0,0.635092,0.487391,0.647055
difficulty,0.5,42,42-99,0.291667,0.4,0.216667,0.616667,0.533333,0.0,0.125,0.470108,0.38186,0.549741
difficulty,0.5,42,42-100,0.375,0.458333,0.275,0.733333,0.625,0.0,0.033333,0.510452,0.554505,0.50261
difficulty,0.5,42,42-101,0.391667,0.008333,0.708333,0.716667,0.391667,0.116667,0.0,0.73907,0.451672,1.094003
difficulty,0.5,42,42-102,0.408333,0.458333,0.358333,0.816667,0.7,0.0,0.016667,0.541268,0.44712,0.51188
difficulty,0.5,42,42-103,0.558333,0.3,0.541667,0.841667,0.608333,0.041667,0.0,0.670496,0.497694,0.770463
difficulty,0.5,42,42-104,0.275,0.425,0.15,0.575,0.5,0.0,0.175,0.449485,0.452816,0.556632
difficulty,0.5,42,42-105,0.383333,0.425,0.325,0.75,0.6,0.008333,0.016667,0.549996,0.531456,0.548345
difficulty,0.5,42,42-106,0.191667,0.4,0.141667,0.541667,0.475,0.0,0.258333,0.426406,0.562183,0.610501
difficulty,0.5,42,42-107,0.4,0.416667,0.35,0.766667,0.683333,0.008333,0.041667,0.522691,0.536478,0.495855
difficulty,0.5,42,42-108,0.525,0.25,0.566667,0.816667,0.525,0.1,0.0,0.694005,0.449742,0.883313
difficulty,0.5,42,42-109,0.116667,0.241667,0.058333,0.3,0.3,0.008333,0.516667,0.330799,0.361014,0.90917
difficulty,0.5,42,42-110,0.491667,0.458333,0.441667,0.9,0.716667,0.016667,0.0,0.616491,0.600443,0.604099
difficulty,0.5,42,42-111,0.45,0.541667,0.375,0.916667,0.741667,0.033333,0.0,0.591782,0.571562,0.535365
difficulty,0.5,42,42-112,0.358333,0.433333,0.233333,0.666667,0.566667,0.0,0.091667,0.485248,0.548858,0.52014
difficulty,0.5,42,42-113,0.175,0.283333,0.058333,0.341667,0.325,0.008333,0.391667,0.361205,0.476407,0.793369
difficulty,0.5,42,42-114,0.45,0.566667,0.325,0.891667,0.733333,0.0,0.0,0.558711,0.629529,0.467173
difficulty,0.5,42,42-115,0.358333,0.441667,0.208333,0.65,0.583333,0.0,0.075,0.483551,0.57657,0.514616
difficulty,0.5,42,42-116,0.483333,0.516667,0.383333,0.9,0.733333,0.025,0.0,0.59521,0.578103,0.552769
difficulty,0.5,42,42-117,0.45,0.5,0.35,0.85,0.683333,0.025,0.0,0.569896,0.564463,0.534972
difficulty,0.5,42,42-118,0.116667,0.0,0.575,0.575,0.116667,0.25,0.0,0.785821,0.371962,1.36748
difficulty,0.5,42,42-119,0.408333,0.433333,0.283333,0.716667,0.666667,0.008333,0.041667,0.522056,0.611104,0.501834
difficulty,0.5,42,42-120,0.275,0.366667,0.158333,0.525,0.483333,0.008333,0.25,0.430424,0.508127,0.631084
difficulty,0.5,42,42-121,0.458333,0.491667,0.383333,0.875,0.691667,0.025,0.0,0.583542,0.602271,0.555985
difficulty,0.5,42,42-122,0.441667,0.458333,0.4,0.858333,0.666667,0.025,0.0,0.601588,0.548807,0.596622
difficulty,0.5,42,42-123,0.383333,0.0,0.716667,0.716667,0.383333,0.133333,0.0,0.747283,0.434353,1.138613
difficulty,0.5,42,42-124,0.533333,0.241667,0.566667,0.808333,0.55,0.075,0.0,0.689662,0.462727,0.857144
difficulty,0.5,42,42-125,0.483333,0.508333,0.4,0.908333,0.716667,0.05,0.0,0.608572,0.591041,0.585184
difficulty,0.5,42,42-126,0.275,0.0,0.675,0.675,0.275,0.175,0.0,0.760398,0.429322,1.22178
difficulty,0.5,42,42-127,0.2,0.316667,0.166667,0.483333,0.433333,0.0,0.275,0.400071,0.544311,0.691437
difficulty,0.5,42,42-128,0.35,0.408333,0.191667,0.6,0.5,0.0,0.1,0.480767,0.525248,0.517926
difficulty,0.5,42,42-129,0.308333,0.375,0.166667,0.541667,0.5,0.008333,0.2,0.438223,0.546121,0.597834
difficulty,0.5,42,42-130,0.383333,0.45,0.275,0.725,0.616667,0.0,0.033333,0.529354,0.50104,0.54952
difficulty,0.5,42,42-131,0.183333,0.308333,0.041667,0.35,0.341667,0.008333,0.4,0.362726,0.519232,0.764907
difficulty,0.5,42,42-132,0.55,0.391667,0.5,0.891667,0.641667,0.05,0.0,0.648851,0.545637,0.675245
difficulty,0.5,42,42-133,0.358333,0.383333,0.283333,0.666667,0.583333,0.016667,0.033333,0.526451,0.626459,0.5799
difficulty,0.5,42,42-134,0.183333,0.258333,0.05,0.308333,0.283333,0.008333,0.458333,0.353878,0.553758,0.845393
difficulty,0.5,42,42-135,0.25,0.366667,0.116667,0.483333,0.458333,0.0,0.291667,0.418106,0.552982,0.627333
difficulty,0.5,42,42-136,0.466667,0.391667,0.466667,0.858333,0.658333,0.033333,0.0,0.611794,0.563197,0.62561
difficulty,0.5,42,42-137,0.525,0.291667,0.516667,0.808333,0.55,0.091667,0.0,0.686601,0.488706,0.853579
difficulty,0.5,42,42-138,0.0,0.0,0.483333,0.483333,0.0,0.3,0.0,0.821745,0.338108,1.591997
difficulty,0.5,42,42-139,0.0,0.0,0.0,0.0,0.0,1.0,0.0,0.897777,0.223058,2.211407
difficulty,0.5,42,42-140,0.508333,0.433333,0.475,0.908333,0.691667,0.016667,0.0,0.623779,0.54331,0.610199
difficulty,0.5,42,42-141,0.275,0.358333,0.216667,0.575,0.508333,0.008333,0.208333,0.449077,0.436492,0.597819
difficulty,0.5,42,42-142,0.033333,0.15,0.016667,0.166667,0.15,0.0,0.65,0.261648,0.430193,1.203883
difficulty,0.5,42,42-143,0.475,0.458333,0.441667,0.9,0.658333,0.033333,0.0,0.626439,0.448859,0.635896
difficulty,0.5,42,42-144,0.275,0.408333,0.183333,0.591667,0.525,0.008333,0.15,0.468013,0.452884,0.554327
difficulty,0.5,42,42-145,0.391667,0.425,0.283333,0.708333,0.633333,0.0,0.083333,0.506154,0.598477,0.542262
difficulty,0.5,42,42-146,0.333333,0.408333,0.233333,0.641667,0.566667,0.0,0.15,0.475794,0.606776,0.555624
difficulty,0.5,42,42-147,0.416667,0.45,0.341667,0.791667,0.65,0.008333,0.008333,0.554875,0.540654,0.522583
difficulty,0.5,42,42-148,0.441667,0.133333,0.575,0.708333,0.441667,0.166667,0.0,0.727082,0.432964,1.069387
difficulty,0.5,42,42-149,0.45,0.491667,0.416667,0.908333,0.675,0.025,0.0,0.604631,0.474744,0.570212
difficulty,0.5,42,42-150,0.458333,0.441667,0.383333,0.825,0.716667,0.016667,0.0,0.578213,0.436621,0.569546
difficulty,0.5,42,42-151,0.241667,0.366667,0.15,0.516667,0.475,0.0,0.25,0.420647,0.523449,0.608923
difficulty,0.5,42,42-152,0.083333,0.2,0.008333,0.208333,0.208333,0.016667,0.525,0.309103,0.571076,0.968096
difficulty,0.5,42,42-153,0.358333,0.4,0.191667,0.591667,0.533333,0.0,0.125,0.483896,0.646029,0.545742
difficulty,0.5,42,42-154,0.441667,0.491667,0.341667,0.833333,0.708333,0.016667,0.0,0.556035,0.564809,0.504807
difficulty,0.5,42,42-155,0.008333,0.0,0.483333,0.483333,0.008333,0.291667,0.0,0.810143,0.322401,1.520111
difficulty,0.5,42,42-156,0.425,0.516667,0.341667,0.858333,0.716667,0.016667,0.0,0.566314,0.638941,0.50975
difficulty,0.5,42,42-157,0.516667,0.2,0.591667,0.791667,0.516667,0.116667,0.0,0.70478,0.485642,0.940254
difficulty,0.5,42,42-158,0.375,0.441667,0.225,0.666667,0.6,0.0,0.075,0.495234,0.56062,0.504862
difficulty,0.5,42,42-159,0.208333,0.358333,0.108333,0.466667,0.458333,0.008333,0.308333,0.392521,0.537457,0.678197
difficulty,0.5,42,42-160,0.283333,0.375,0.175,0.55,0.5,0.0,0.208333,0.438065,0.496453,0.587844
difficulty,0.5,42,42-161,0.383333,0.441667,0.191667,0.633333,0.55,0.0,0.1,0.478028,0.4969,0.530986
difficulty,0.5,42,42-162,0.0,0.0,0.341667,0.341667,0.0,0.341667,0.0,0.832888,0.327944,1.671198
difficulty,0.5,42,42-163,0.308333,0.408333,0.125,0.533333,0.491667,0.0,0.175,0.43048,0.634927,0.554144
difficulty,0.5,42,42-164,0.558333,0.258333,0.558333,0.816667,0.575,0.066667,0.0,0.685564,0.49367,0.841228
difficulty,0.5,42,42-165,0.266667,0.391667,0.183333,0.575,0.508333,0.008333,0.158333,0.454344,0.456587,0.567376
difficulty,0.5,42,42-166,0.466667,0.175,0.566667,0.741667,0.466667,0.125,0.0,0.709915,0.437057,0.964423
difficulty,0.5,42,42-167,0.483333,0.458333,0.475,0.933333,0.675,0.025,0.0,0.625322,0.512614,0.604977
difficulty,0.5,42,42-168,0.441667,0.45,0.366667,0.816667,0.691667,0.008333,0.0,0.570786,0.451493,0.550939
difficulty,0.5,42,42-169,0.4,0.45,0.333333,0.783333,0.641667,0.016667,0.0,0.560243,0.572241,0.539849
difficulty,0.5,42,42-170,0.341667,0.458333,0.191667,0.65,0.55,0.0,0.1,0.477356,0.53525,0.505939
difficulty,0.5,42,42-171,0.475,0.533333,0.358333,0.891667,0.741667,0.025,0.0,0.613879,0.616293,0.587194
difficulty,0.5,42,42-172,0.375,0.45,0.258333,0.708333,0.583333,0.0,0.033333,0.518864,0.497237,0.530199
difficulty,0.5,42,42-173,0.225,0.3,0.125,0.425,0.408333,0.0,0.35,0.385802,0.540986,0.714633
difficulty,0.5,42,42-174,0.175,0.258333,0.116667,0.375,0.358333,0.016667,0.383333,0.381762,0.553522,0.760573
difficulty,0.5,42,42-175,0.508333,0.5,0.408333,0.908333,0.725,0.025,0.0,0.59731,0.516425,0.550796
difficulty,0.5,42,42-176,0.208333,0.0,0.691667,0.691667,0.208333,0.2,0.0,0.769357,0.420997,1.258983
difficulty,0.5,42,42-177,0.525,0.491667,0.433333,0.925,0.708333,0.016667,0.0,0.60261,0.484771,0.554616
difficulty,0.5,42,42-178,0.416667,0.391667,0.408333,0.8,0.641667,0.016667,0.0,0.573197,0.470632,0.565707
difficulty,0.5,42,42-179,0.441667,0.483333,0.4,0.883333,0.666667,0.025,0.0,0.605472,0.559025,0.586041
difficulty,0.5,42,42-180,0.383333,0.05,0.625,0.675,0.383333,0.175,0.0,0.747394,0.437749,1.168076
difficulty,0.5,42,42-181,0.458333,0.491667,0.391667,0.883333,0.658333,0.033333,0.0,0.602312,0.530067,0.581728
difficulty,0.5,42,42-182,0.391667,0.458333,0.25,0.708333,0.65,0.0,0.058333,0.501024,0.57181,0.494919
difficulty,0.5,42,42-183,0.533333,0.125,0.666667,0.791667,0.533333,0.091667,0.0,0.708523,0.505208,0.943688
difficulty,0.5,42,42-184,0.525,0.466667,0.475,0.941667,0.708333,0.016667,0.0,0.615203,0.573173,0.573911
difficulty,0.5,42,42-185,0.191667,0.0,0.633333,0.633333,0.191667,0.2,0.0,0.772958,0.399852,1.290252
difficulty,0.5,42,42-186,0.516667,0.491667,0.425,0.916667,0.733333,0.016667,0.0,0.598094,0.510009,0.544502
difficulty,0.5,42,42-187,0.183333,0.308333,0.091667,0.4,0.391667,0.008333,0.341667,0.384809,0.523748,0.691759
difficulty,0.5,42,42-188,0.2,0.35,0.058333,0.408333,0.4,0.0,0.391667,0.371603,0.500598,0.704728
difficulty,0.5,42,42-189,0.15,0.0,0.725,0.725,0.15,0.175,0.0,0.765938,0.466782,1.23698
difficulty,0.5,42,42-190,0.058333,0.0,0.583333,0.583333,0.058333,0.225,0.0,0.791852,0.38068,1.396705
difficulty,0.5,42,42-191,0.45,0.425,0.383333,0.808333,0.683333,0.0,0.008333,0.559661,0.469545,0.513328
difficulty,0.5,42,42-192,0.333333,0.4,0.258333,0.658333,0.558333,0.0,0.125,0.49869,0.66086,0.568819
difficulty,0.5,42,42-193,0.341667,0.0,0.733333,0.733333,0.341667,0.158333,0.0,0.746944,0.488133,1.142465
difficulty,0.5,42,42-194,0.266667,0.383333,0.166667,0.55,0.525,0.008333,0.25,0.428274,0.454228,0.620763
difficulty,0.5,42,42-195,0.333333,0.366667,0.191667,0.558333,0.508333,0.0,0.166667,0.452437,0.492117,0.565458
difficulty,0.5,42,42-196,0.55,0.333333,0.533333,0.866667,0.633333,0.025,0.0,0.658666,0.498465,0.714187
difficulty,0.5,42,42-197,0.383333,0.416667,0.308333,0.725,0.616667,0.0,0.075,0.528617,0.505238,0.564015
difficulty,0.5,42,42-198,0.441667,0.475,0.333333,0.808333,0.691667,0.016667,0.0,0.553717,0.598206,0.491798
difficulty,0.5,42,42-199,0.425,0.466667,0.325,0.791667,0.7,0.008333,0.0,0.547749,0.536182,0.497971
difficulty,0.5,137,137-0,0.333333,0.4,0.183333,0.583333,0.525,0.0,0.166667,0.453758,0.535578,0.572754
difficulty,0.5,137,137-1,0.3,0.375,0.183333,0.558333,0.466667,0.0,0.158333,0.455794,0.592237,0.565833
difficulty,0.5,137,137-2,0.333333,0.416667,0.2,0.616667,0.525,0.0,0.116667,0.490449,0.504016,0.559644
difficulty,0.5,137,137-3,0.45,0.458333,0.366667,0.825,0.683333,0.025,0.0,0.574851,0.533245,0.541539
difficulty,0.5,137,137-4,0.366667,0.433333,0.191667,0.625,0.541667,0.0,0.075,0.488433,0.538782,0.513207
difficulty,0.5,137,137-5,0.208333,0.416667,0.166667,0.583333,0.55,0.0,0.208333,0.429252,0.45219,0.554137
difficulty,0.5,137,137-6,0.466667,0.5,0.433333,0.933333,0.708333,0.041667,0.0,0.608807,0.487927,0.577808
difficulty,0.5,137,137-7,0.35,0.391667,0.2,0.591667,0.533333,0.008333,0.125,0.473272,0.548135,0.558092
difficulty,0.5,137,137-8,0.033333,0.141667,0.016667,0.158333,0.158333,0.0,0.7,0.260512,0.548708,1.152095
difficulty,0.5,137,137-9,0.0,0.0,0.525,0.525,0.0,0.275,0.0,0.814459,0.357428,1.541115
difficulty,0.5,137,137-10,0.175,0.0,0.625,0.625,0.175,0.225,0.0,0.779911,0.406442,1.336962
difficulty,0.5,137,137-11,0.216667,0.35,0.075,0.425,0.416667,0.0,0.333333,0.388442,0.668328,0.673915
difficulty,0.5,137,137-12,0.383333,0.466667,0.225,0.691667,0.625,0.0,0.05,0.503762,0.606796,0.49247
difficulty,0.5,137,137-13,0.425,0.458333,0.341667,0.8,0.683333,0.025,0.0,0.572326,0.508769,0.554581
difficulty,0.5,137,137-14,0.508333,0.225,0.55,0.775,0.508333,0.1,0.0,0.701576,0.487223,0.922672
difficulty,0.5,137,137-15,0.008333,0.058333,0.025,0.083333,0.066667,0.0,0.8,0.199521,0.505054,1.604369
difficulty,0.5,137,137-16,0.283333,0.408333,0.158333,0.566667,0.508333,0.016667,0.175,0.456198,0.513458,0.586907
difficulty,0.5,137,137-17,0.441667,0.491667,0.408333,0.9,0.675,0.025,0.0,0.587101,0.557713,0.542526
difficulty,0.5,137,137-18,0.083333,0.241667,0.033333,0.275,0.275,0.0,0.6,0.308037,0.422069,0.992483
difficulty,0.5,137,137-19,0.3,0.416667,0.175,0.591667,0.508333,0.0,0.166667,0.461726,0.627327,0.564867
difficulty,0.5,137,137-20,0.383333,0.458333,0.266667,0.725,0.633333,0.0,0.016667,0.513261,0.593379,0.490356
difficulty,0.5,137,137-21,0.366667,0.425,0.308333,0.733333,0.616667,0.0,0.05,0.508319,0.53386,0.499914
difficulty,0.5,137,137-22,0.25,0.375,0.133333,0.508333,0.5,0.0,0.258333,0.414278,0.528058,0.581301
difficulty,0.5,137,137-23,0.516667,0.133333,0.65,0.783333,0.516667,0.1,0.0,0.707429,0.485047,0.942264
difficulty,0.5,137,137-24,0.325,0.408333,0.175,0.583333,0.525,0.008333,0.116667,0.463244,0.650262,0.541929
difficulty,0.5,137,137-25,0.508333,0.216667,0.558333,0.775,0.508333,0.066667,0.0,0.698464,0.405959,0.904214
difficulty,0.5,137,137-26,0.408333,0.433333,0.275,0.708333,0.658333,0.0,0.05,0.511968,0.580709,0.506622
difficulty,0.5,137,137-27,0.5,0.5,0.408333,0.908333,0.7,0.025,0.0,0.597491,0.499878,0.544261
difficulty,0.5,137,137-28,0.416667,0.441667,0.3,0.741667,0.65,0.0,0.041667,0.527841,0.438074,0.515762
difficulty,0.5,137,137-29,0.383333,0.091667,0.616667,0.708333,0.383333,0.183333,0.0,0.738323,0.361351,1.116778
difficulty,0.5,137,137-30,0.491667,0.491667,0.45,0.941667,0.716667,0.025,0.0,0.614035,0.523656,0.580745
difficulty,0.5,137,137-31,0.266667,0.383333,0.15,0.533333,0.5,0.0,0.2,0.428614,0.515609,0.561062
difficulty,0.5,137,137-32,0.558333,0.341667,0.516667,0.858333,0.641667,0.008333,0.0,0.658974,0.541548,0.709217
difficulty,0.5,137,137-33,0.0,0.0,0.0,0.0,0.0,0.958333,0.0,0.888963,0.216675,2.1468
difficulty,0.5,137,137-34,0.1,0.241667,0.016667,0.258333,0.258333,0.008333,0.525,0.325251,0.495361,0.927124
difficulty,0.5,137,137-35,0.466667,0.491667,0.35,0.841667,0.725,0.008333,0.0,0.556795,0.536685,0.488875
difficulty,0.5,137,137-36,0.441667,0.458333,0.375,0.833333,0.666667,0.008333,0.016667,0.569073,0.578055,0.537839
difficulty,0.5,137,137-37,0.441667,0.433333,0.35,0.783333,0.666667,0.0,0.025,0.566082,0.482475,0.574473
difficulty,0.5,137,137-38,0.575,0.258333,0.575,0.833333,0.575,0.066667,0.0,0.684916,0.526699,0.829864
difficulty,0.5,137,137-39,0.4,0.441667,0.325,0.766667,0.658333,0.0,0.008333,0.54842,0.529447,0.544171
difficulty,0.5,137,137-40,0.508333,0.233333,0.516667,0.75,0.516667,0.091667,0.0,0.699054,0.44435,0.914732
difficulty,0.5,137,137-41,0.55,0.375,0.508333,0.883333,0.65,0.033333,0.0,0.649566,0.548103,0.679912
difficulty,0.5,137,137-42,0.225,0.416667,0.108333,0.525,0.508333,0.008333,0.208333,0.417322,0.537138,0.579229
difficulty,0.5,137,137-43,0.266667,0.35,0.158333,0.508333,0.483333,0.0,0.308333,0.41766,0.467151,0.629903
difficulty,0.5,137,137-44,0.041667,0.0,0.533333,0.533333,0.041667,0.283333,0.0,0.804481,0.358949,1.489826
difficulty,0.5,137,137-45,0.416667,0.483333,0.333333,0.816667,0.725,0.0,0.025,0.529361,0.597301,0.461123
difficulty,0.5,137,137-46,0.45,0.458333,0.4,0.858333,0.666667,0.033333,0.0,0.591726,0.524367,0.580325
difficulty,0.5,137,137-47,0.158333,0.0,0.675,0.675,0.158333,0.191667,0.0,0.770065,0.408991,1.259562
difficulty,0.5,137,137-48,0.65,0.4,0.508333,0.908333,0.7,0.025,0.0,0.645112,0.560425,0.648469
difficulty,0.5,137,137-49,0.333333,0.416667,0.183333,0.6,0.541667,0.0,0.108333,0.463092,0.622368,0.527302
difficulty,0.5,137,137-50,0.408333,0.416667,0.283333,0.7,0.633333,0.0,0.041667,0.530497,0.521136,0.526735
difficulty,0.5,137,137-51,0.5,0.133333,0.641667,0.775,0.5,0.108333,0.0,0.712304,0.491941,0.978849
difficulty,0.5,137,137-52,0.391667,0.0,0.733333,0.733333,0.391667,0.166667,0.0,0.74529,0.453847,1.127748
difficulty,0.5,137,137-53,0.416667,0.408333,0.3,0.708333,0.633333,0.0,0.033333,0.51959,0.575951,0.514129
difficulty,0.5,137,137-54,0.408333,0.0,0.725,0.725,0.408333,0.116667,0.0,0.741921,0.444057,1.106683
difficulty,0.5,137,137-55,0.383333,0.475,0.241667,0.716667,0.641667,0.008333,0.025,0.515723,0.536266,0.522012
difficulty,0.5,137,137-56,0.458333,0.516667,0.375,0.891667,0.725,0.025,0.0,0.58143,0.603324,0.512688
difficulty,0.5,137,137-57,0.225,0.308333,0.166667,0.475,0.433333,0.025,0.325,0.420765,0.341963,0.710994
difficulty,0.5,137,137-58,0.416667,0.408333,0.333333,0.741667,0.641667,0.0,0.025,0.542242,0.533701,0.523507
difficulty,0.5,137,137-59,0.55,0.433333,0.466667,0.9,0.7,0.016667,0.0,0.633094,0.532379,0.618276
difficulty,0.5,137,137-60,0.533333,0.45,0.483333,0.933333,0.675,0.025,0.0,0.625345,0.502576,0.598299
difficulty,0.5,137,137-61,0.608333,0.333333,0.525,0.858333,0.625,0.041667,0.0,0.66842,0.509031,0.752911
difficulty,0.5,137,137-62,0.25,0.35,0.183333,0.533333,0.441667,0.008333,0.208333,0.450198,0.647769,0.600705
difficulty,0.5,137,137-63,0.433333,0.425,0.308333,0.733333,0.616667,0.025,0.008333,0.547472,0.546203,0.557571
difficulty,0.5,137,137-64,0.441667,0.441667,0.375,0.816667,0.658333,0.025,0.008333,0.56513,0.512421,0.550551
difficulty,0.5,137,137-65,0.05,0.0,0.658333,0.658333,0.05,0.241667,0.0,0.784632,0.413716,1.368971
difficulty,0.5,137,137-66,0.158333,0.291667,0.083333,0.375,0.35,0.008333,0.383333,0.381292,0.601269,0.713374
difficulty,0.5,137,137-67,0.408333,0.416667,0.325,0.741667,0.633333,0.0,0.033333,0.53559,0.52539,0.541263
difficulty,0.5,137,137-68,0.441667,0.441667,0.366667,0.808333,0.658333,0.008333,0.025,0.568393,0.48312,0.543312
difficulty,0.5,137,137-69,0.0,0.0,0.0,0.0,0.0,1.0,0.0,0.912283,0.193294,2.380777
difficulty,0.5,137,137-70,0.566667,0.45,0.425,0.875,0.683333,0.033333,0.0,0.637745,0.58849,0.644563
difficulty,0.5,137,137-71,0.458333,0.483333,0.341667,0.825,0.691667,0.008333,0.0,0.57134,0.503651,0.525217
difficulty,0.5,137,137-72,0.416667,0.433333,0.383333,0.816667,0.658333,0.033333,0.0,0.583233,0.520825,0.573707
difficulty,0.5,137,137-73,0.141667,0.225,0.05,0.275,0.266667,0.0,0.441667,0.330626,0.53059,0.876086
difficulty,0.5,137,137-74,0.408333,0.433333,0.375,0.808333,0.625,0.066667,0.0,0.60047,0.503896,0.640161
difficulty,0.5,137,137-75,0.441667,0.033333,0.716667,0.75,0.441667,0.125,0.0,0.730241,0.489016,1.050095
difficulty,0.5,137,137-76,0.416667,0.441667,0.35,0.791667,0.691667,0.008333,0.008333,0.542059,0.540315,0.502032
difficulty,0.5,137,137-77,0.383333,0.458333,0.241667,0.7,0.591667,0.008333,0.05,0.511117,0.498155,0.53407
difficulty,0.5,137,137-78,0.4,0.425,0.283333,0.708333,0.616667,0.0,0.025,0.527917,0.549375,0.53646
difficulty,0.5,137,137-79,0.541667,0.3,0.525,0.825,0.575,0.075,0.0,0.681232,0.513246,0.83752
difficulty,0.5,137,137-80,0.583333,0.458333,0.416667,0.875,0.691667,0.025,0.0,0.636794,0.590812,0.649043
difficulty,0.5,137,137-81,0.525,0.083333,0.716667,0.8,0.525,0.075,0.0,0.709272,0.506274,0.941226
difficulty,0.5,137,137-82,0.458333,0.5,0.408333,0.908333,0.683333,0.041667,0.0,0.607904,0.488007,0.586129
difficulty,0.5,137,137-83,0.591667,0.391667,0.483333,0.875,0.633333,0.058333,0.0,0.656439,0.568773,0.707373
difficulty,0.5,137,137-84,0.3,0.4,0.158333,0.558333,0.508333,0.0,0.216667,0.442716,0.542039,0.568445
difficulty,0.5,137,137-85,0.4,0.4,0.408333,0.808333,0.6,0.025,0.0,0.578761,0.617626,0.587338
difficulty,0.5,137,137-86,0.2,0.341667,0.133333,0.475,0.45,0.0,0.308333,0.399967,0.57333,0.651519
difficulty,0.5,137,137-87,0.341667,0.375,0.158333,0.533333,0.483333,0.0,0.15,0.455737,0.633193,0.524164
difficulty,0.5,137,137-88,0.241667,0.383333,0.15,0.533333,0.466667,0.0,0.208333,0.431409,0.590211,0.598324
difficulty,0.5,137,137-89,0.441667,0.458333,0.3,0.758333,0.7,0.008333,0.0,0.553063,0.548488,0.515844
difficulty,0.5,137,137-90,0.45,0.083333,0.666667,0.75,0.45,0.1,0.0,0.720089,0.437755,0.999472
difficulty,0.5,137,137-91,0.533333,0.475,0.466667,0.941667,0.7,0.0,0.0,0.621426,0.526105,0.567202
difficulty,0.5,137,137-92,0.208333,0.316667,0.133333,0.45,0.425,0.0,0.316667,0.397961,0.596853,0.669605
difficulty,0.5,137,137-93,0.533333,0.383333,0.508333,0.891667,0.658333,0.041667,0.0,0.643181,0.56432,0.680664
difficulty,0.5,137,137-94,0.0,0.0,0.291667,0.291667,0.0,0.3,0.0,0.8333,0.345826,1.669413
difficulty,0.5,137,137-95,0.325,0.0,0.65,0.65,0.325,0.183333,0.0,0.75756,0.396559,1.214773
difficulty,0.5,137,137-96,0.533333,0.366667,0.483333,0.85,0.633333,0.05,0.0,0.656214,0.564429,0.717122
difficulty,0.5,137,137-97,0.525,0.041667,0.775,0.816667,0.525,0.066667,0.0,0.711889,0.52052,0.942826
difficulty,0.5,137,137-98,0.416667,0.05,0.65,0.7,0.416667,0.133333,0.0,0.734053,0.457031,1.084207
difficulty,0.5,137,137-99,0.5,0.35,0.541667,0.891667,0.608333,0.05,0.0,0.647093,0.420968,0.719749
difficulty,0.5,137,137-100,0.425,0.441667,0.291667,0.733333,0.616667,0.008333,0.033333,0.526179,0.545105,0.540243
difficulty,0.5,137,137-101,0.0,0.0,0.375,0.375,0.0,0.35,0.0,0.83247,0.321822,1.671468
difficulty,0.5,137,137-102,0.525,0.466667,0.475,0.941667,0.725,0.041667,0.0,0.616337,0.5333,0.577584
difficulty,0.5,137,137-103,0.333333,0.008333,0.683333,0.691667,0.333333,0.158333,0.0,0.748628,0.405009,1.151194
difficulty,0.5,137,137-104,0.416667,0.458333,0.366667,0.825,0.675,0.041667,0.0,0.57075,0.559687,0.558462
difficulty,0.5,137,137-105,0.0,0.0,0.3,0.3,0.0,0.35,0.0,0.837273,0.324,1.711886
difficulty,0.5,137,137-106,0.008333,0.0,0.008333,0.008333,0.008333,0.0,0.866667,0.155695,0.289027,1.882407
difficulty,0.5,137,137-107,0.408333,0.45,0.325,0.775,0.675,0.0,0.016667,0.537625,0.517132,0.520905
difficulty,0.5,137,137-108,0.033333,0.025,0.008333,0.033333,0.033333,0.0,0.891667,0.165706,0.303186,1.834348
difficulty,0.5,137,137-109,0.083333,0.0,0.591667,0.591667,0.083333,0.258333,0.0,0.789608,0.382481,1.399427
difficulty,0.5,137,137-110,0.375,0.425,0.158333,0.583333,0.541667,0.0,0.091667,0.459918,0.616642,0.479848
difficulty,0.5,137,137-111,0.441667,0.008333,0.716667,0.725,0.441667,0.141667,0.0,0.732657,0.476725,1.07276
difficulty,0.5,137,137-112,0.341667,0.383333,0.25,0.633333,0.516667,0.008333,0.058333,0.516889,0.520177,0.57237
difficulty,0.5,137,137-113,0.383333,0.425,0.208333,0.633333,0.558333,0.0,0.1,0.474627,0.547411,0.511854
difficulty,0.5,137,137-114,0.375,0.441667,0.241667,0.683333,0.608333,0.0,0.05,0.512884,0.58682,0.539362
difficulty,0.5,137,137-115,0.425,0.483333,0.316667,0.8,0.708333,0.008333,0.025,0.540584,0.50795,0.49728
difficulty,0.5,137,137-116,0.366667,0.0,0.708333,0.708333,0.366667,0.133333,0.0,0.740631,0.424565,1.10759
difficulty,0.5,137,137-117,0.341667,0.45,0.116667,0.566667,0.508333,0.0,0.133333,0.46106,0.580591,0.523234
difficulty,0.5,137,137-118,0.075,0.233333,0.033333,0.266667,0.258333,0.0,0.575,0.299101,0.484504,0.992677
difficulty,0.5,137,137-119,0.366667,0.425,0.3,0.725,0.616667,0.008333,0.083333,0.519626,0.615752,0.551549
difficulty,0.5,137,137-120,0.0,0.0,0.541667,0.541667,0.0,0.275,0.0,0.811692,0.370338,1.523918
difficulty,0.5,137,137-121,0.0,0.0,0.191667,0.191667,0.0,0.425,0.0,0.847824,0.294098,1.782969
difficulty,0.5,137,137-122,0.425,0.45,0.4,0.85,0.633333,0.05,0.0,0.611359,0.44252,0.62934
difficulty,0.5,137,137-123,0.241667,0.316667,0.141667,0.458333,0.425,0.0,0.341667,0.405176,0.420158,0.668925
difficulty,0.5,137,137-124,0.166667,0.241667,0.033333,0.275,0.275,0.008333,0.441667,0.340579,0.49355,0.870735
difficulty,0.5,137,137-125,0.45,0.466667,0.4,0.866667,0.675,0.016667,0.0,0.591667,0.49934,0.547498
difficulty,0.5,137,137-126,0.466667,0.5,0.366667,0.866667,0.725,0.033333,0.0,0.597194,0.562653,0.571845
difficulty,0.5,137,137-127,0.258333,0.383333,0.141667,0.525,0.483333,0.008333,0.216667,0.433737,0.588257,0.604064
difficulty,0.5,137,137-128,0.45,0.466667,0.333333,0.8,0.716667,0.0,0.008333,0.543047,0.551587,0.486465
difficulty,0.5,137,137-129,0.566667,0.158333,0.658333,0.816667,0.566667,0.058333,0.0,0.695109,0.510367,0.869145
difficulty,0.5,137,137-130,0.391667,0.416667,0.341667,0.758333,0.633333,0.016667,0.025,0.561411,0.508786,0.565174
difficulty,0.5,137,137-131,0.416667,0.4,0.35,0.75,0.633333,0.008333,0.016667,0.553173,0.466178,0.572453
difficulty,0.5,137,137-132,0.541667,0.316667,0.525,0.841667,0.6,0.058333,0.0,0.671298,0.435386,0.793221
difficulty,0.5,137,137-133,0.233333,0.316667,0.125,0.441667,0.416667,0.0,0.341667,0.396054,0.572776,0.705666
difficulty,0.5,137,137-134,0.441667,0.441667,0.383333,0.825,0.633333,0.041667,0.0,0.598954,0.530194,0.615973
difficulty,0.5,137,137-135,0.491667,0.533333,0.416667,0.95,0.725,0.033333,0.0,0.609083,0.552446,0.555802
difficulty,0.5,137,137-136,0.466667,0.475,0.383333,0.858333,0.708333,0.016667,0.0,0.575292,0.520984,0.52376
difficulty,0.5,137,137-137,0.425,0.425,0.408333,0.833333,0.708333,0.0,0.016667,0.558514,0.403742,0.525842
difficulty,0.5,137,137-138,0.45,0.5,0.358333,0.858333,0.683333,0.0,0.0,0.559885,0.570036,0.506612
difficulty,0.5,137,137-139,0.458333,0.108333,0.633333,0.741667,0.458333,0.125,0.0,0.720639,0.453694,1.022779
difficulty,0.5,137,137-140,0.016667,0.05,0.05,0.1,0.058333,0.0,0.716667,0.237951,0.387768,1.405714
difficulty,0.5,137,137-141,0.533333,0.15,0.666667,0.816667,0.533333,0.091667,0.0,0.699043,0.483512,0.897597
difficulty,0.5,137,137-142,0.433333,0.416667,0.383333,0.8,0.65,0.033333,0.0,0.57274,0.5028,0.554886
difficulty,0.5,137,137-143,0.341667,0.416667,0.233333,0.65,0.55,0.008333,0.1,0.495745,0.53669,0.55837
difficulty,0.5,137,137-144,0.483333,0.525,0.391667,0.916667,0.766667,0.008333,0.0,0.576849,0.613516,0.48882
difficulty,0.5,137,137-145,0.5,0.35,0.458333,0.808333,0.583333,0.05,0.0,0.667195,0.467515,0.763366
difficulty,0.5,137,137-146,0.558333,0.266667,0.541667,0.808333,0.558333,0.066667,0.0,0.685036,0.53963,0.829733
difficulty,0.5,137,137-147,0.416667,0.458333,0.258333,0.716667,0.625,0.0,0.033333,0.515643,0.531823,0.504306
difficulty,0.5,137,137-148,0.275,0.408333,0.183333,0.591667,0.491667,0.008333,0.175,0.467275,0.524377,0.597309
difficulty,0.5,137,137-149,0.491667,0.558333,0.358333,0.916667,0.766667,0.0,0.0,0.562174,0.596609,0.457309
difficulty,0.5,137,137-150,0.258333,0.391667,0.15,0.541667,0.508333,0.0,0.225,0.42935,0.49251,0.577704
difficulty,0.5,137,137-151,0.025,0.0,0.541667,0.541667,0.025,0.275,0.0,0.798359,0.343305,1.441466
difficulty,0.5,137,137-152,0.0,0.0,0.0,0.0,0.0,1.0,0.0,0.945467,0.123895,2.882233
difficulty,0.5,137,137-153,0.258333,0.45,0.133333,0.583333,0.516667,0.0,0.175,0.44683,0.507889,0.550331
difficulty,0.5,137,137-154,0.066667,0.0,0.541667,0.541667,0.066667,0.266667,0.0,0.796691,0.349431,1.42943
difficulty,0.5,137,137-155,0.566667,0.358333,0.5,0.858333,0.6,0.05,0.0,0.661263,0.529876,0.723605
difficulty,0.5,137,137-156,0.416667,0.483333,0.333333,0.816667,0.641667,0.008333,0.008333,0.562305,0.574517,0.538372
difficulty,0.5,137,137-157,0.566667,0.216667,0.6,0.816667,0.566667,0.075,0.0,0.692193,0.519133,0.87128
difficulty,0.5,137,137-158,0.508333,0.175,0.608333,0.783333,0.508333,0.091667,0.0,0.704435,0.465896,0.923382
difficulty,0.5,137,137-159,0.45,0.425,0.45,0.875,0.658333,0.058333,0.0,0.626915,0.531214,0.670946
difficulty,0.5,137,137-160,0.275,0.425,0.125,0.55,0.483333,0.0,0.125,0.449986,0.700005,0.551136
difficulty,0.5,137,137-161,0.491667,0.533333,0.408333,0.941667,0.758333,0.016667,0.0,0.594419,0.513374,0.522937
difficulty,0.5,137,137-162,0.241667,0.35,0.175,0.525,0.508333,0.0,0.25,0.421221,0.483625,0.60632
difficulty,0.5,137,137-163,0.608333,0.383333,0.525,0.908333,0.658333,0.05,0.0,0.652479,0.542367,0.684054
difficulty,0.5,137,137-164,0.416667,0.45,0.325,0.775,0.691667,0.008333,0.025,0.530276,0.552759,0.507086
difficulty,0.5,137,137-165,0.458333,0.091667,0.625,0.716667,0.458333,0.125,0.0,0.72741,0.410699,1.049683
difficulty,0.5,137,137-166,0.458333,0.45,0.425,0.875,0.658333,0.008333,0.0,0.585418,0.552805,0.560365
difficulty,0.5,137,137-167,0.441667,0.441667,0.308333,0.75,0.666667,0.025,0.0,0.565025,0.510195,0.55379
difficulty,0.5,137,137-168,0.25,0.35,0.15,0.5,0.433333,0.0,0.233333,0.431143,0.650432,0.596218
difficulty,0.5,137,137-169,0.516667,0.425,0.491667,0.916667,0.666667,0.041667,0.0,0.637236,0.559918,0.627972
difficulty,0.5,137,137-170,0.441667,0.466667,0.45,0.916667,0.658333,0.016667,0.0,0.60521,0.534684,0.578417
difficulty,0.5,137,137-171,0.433333,0.383333,0.341667,0.725,0.625,0.008333,0.033333,0.542064,0.513223,0.536472
difficulty,0.5,137,137-172,0.433333,0.491667,0.325,0.816667,0.608333,0.0,0.0,0.572658,0.543109,0.557716
difficulty,0.5,137,137-173,0.583333,0.2,0.625,0.825,0.583333,0.033333,0.0,0.690263,0.516502,0.850284
difficulty,0.5,137,137-174,0.416667,0.425,0.341667,0.766667,0.666667,0.008333,0.016667,0.537805,0.576277,0.513712
difficulty,0.5,137,137-175,0.283333,0.375,0.2,0.575,0.525,0.008333,0.133333,0.453403,0.438677,0.547745
difficulty,0.5,137,137-176,0.55,0.325,0.516667,0.841667,0.591667,0.058333,0.0,0.673876,0.464756,0.797545
difficulty,0.5,137,137-177,0.416667,0.433333,0.466667,0.9,0.583333,0.025,0.0,0.617807,0.462867,0.632676
difficulty,0.5,137,137-178,0.175,0.275,0.091667,0.366667,0.35,0.008333,0.425,0.366152,0.592894,0.793075
difficulty,0.5,137,137-179,0.0,0.0,0.0,0.0,0.0,1.0,0.0,0.897544,0.213425,2.218217
difficulty,0.5,137,137-180,0.3,0.391667,0.208333,0.6,0.525,0.0,0.133333,0.465559,0.694151,0.548157
difficulty,0.5,137,137-181,0.441667,0.466667,0.358333,0.825,0.691667,0.016667,0.0,0.571543,0.482255,0.530601
difficulty,0.5,137,137-182,0.191667,0.283333,0.033333,0.316667,0.308333,0.016667,0.4,0.367975,0.403273,0.787829
difficulty,0.5,137,137-183,0.4,0.425,0.35,0.775,0.6,0.008333,0.008333,0.557286,0.531336,0.553451
difficulty,0.5,137,137-184,0.383333,0.4,0.233333,0.633333,0.541667,0.0,0.108333,0.482297,0.499949,0.521029
difficulty,0.5,137,137-185,0.35,0.416667,0.266667,0.683333,0.541667,0.008333,0.066667,0.517186,0.456285,0.568512
difficulty,0.5,137,137-186,0.258333,0.325,0.133333,0.458333,0.45,0.008333,0.35,0.403589,0.51768,0.691199
difficulty,0.5,137,137-187,0.366667,0.433333,0.258333,0.691667,0.641667,0.0,0.075,0.488793,0.654449,0.49393
difficulty,0.5,137,137-188,0.408333,0.433333,0.241667,0.675,0.625,0.0,0.091667,0.481836,0.574693,0.483749
difficulty,0.5,137,137-189,0.358333,0.408333,0.183333,0.591667,0.516667,0.0,0.125,0.466664,0.58976,0.539226
difficulty,0.5,137,137-190,0.358333,0.425,0.25,0.675,0.541667,0.0,0.083333,0.499163,0.453054,0.541677
difficulty,0.5,137,137-191,0.191667,0.308333,0.083333,0.391667,0.391667,0.016667,0.391667,0.376292,0.548852,0.750935
difficulty,0.5,137,137-192,0.058333,0.183333,0.0,0.183333,0.183333,0.0,0.641667,0.277985,0.499876,1.08547
difficulty,0.5,137,137-193,0.291667,0.391667,0.208333,0.6,0.508333,0.0,0.15,0.476197,0.582423,0.564568
difficulty,0.5,137,137-194,0.0,0.0,0.533333,0.533333,0.0,0.283333,0.0,0.805727,0.364468,1.494012
difficulty,0.5,137,137-195,0.558333,0.433333,0.466667,0.9,0.683333,0.041667,0.0,0.637643,0.537077,0.649982
difficulty,0.5,137,137-196,0.408333,0.458333,0.241667,0.7,0.641667,0.008333,0.05,0.512357,0.512692,0.537334
difficulty,0.5,137,137-197,0.191667,0.333333,0.141667,0.475,0.458333,0.0,0.275,0.399488,0.513875,0.666065
difficulty,0.5,137,137-198,0.458333,0.441667,0.391667,0.833333,0.708333,0.016667,0.0,0.574427,0.432615,0.544034
difficulty,0.5,137,137-199,0.441667,0.466667,0.35,0.816667,0.65,0.033333,0.0,0.586781,0.49563,0.568498
difficulty,0.5,369,369-0,0.458333,0.525,0.4,0.925,0.733333,0.016667,0.0,0.595808,0.558265,0.542204
difficulty,0.5,369,369-1,0.4,0.525,0.333333,0.858333,0.733333,0.0,0.0,0.551178,0.641441,0.472414
difficulty,0.5,369,369-2,0.475,0.083333,0.666667,0.75,0.475,0.116667,0.0,0.723313,0.493416,1.023945
difficulty,0.5,369,369-3,0.35,0.425,0.2,0.625,0.533333,0.0,0.1,0.476264,0.514233,0.522283
difficulty,0.5,369,369-4,0.475,0.516667,0.4,0.916667,0.683333,0.025,0.0,0.606442,0.505875,0.572169
difficulty,0.5,369,369-5,0.45,0.458333,0.433333,0.891667,0.666667,0.016667,0.0,0.606663,0.536886,0.591884
difficulty,0.5,369,369-6,0.35,0.425,0.2,0.625,0.541667,0.0,0.116667,0.47889,0.477889,0.536098
difficulty,0.5,369,369-7,0.475,0.508333,0.391667,0.9,0.725,0.025,0.0,0.59485,0.570038,0.548835
difficulty,0.5,369,369-8,0.45,0.475,0.366667,0.841667,0.683333,0.016667,0.0,0.582424,0.523047,0.579651
difficulty,0.5,369,369-9,0.0,0.0,0.508333,0.508333,0.0,0.283333,0.0,0.812944,0.357441,1.531879
difficulty,0.5,369,369-10,0.625,0.316667,0.541667,0.858333,0.625,0.033333,0.0,0.671032,0.535532,0.760149
difficulty,0.5,369,369-11,0.016667,0.016667,0.0,0.016667,0.016667,0.0,0.983333,0.135273,0.164496,2.078459
difficulty,0.5,369,369-12,0.391667,0.425,0.283333,0.708333,0.625,0.0,0.066667,0.501152,0.547825,0.504982
difficulty,0.5,369,369-13,0.441667,0.533333,0.358333,0.891667,0.7,0.016667,0.0,0.571008,0.616078,0.511268
difficulty,0.5,369,369-14,0.008333,0.016667,0.008333,0.025,0.025,0.0,0.891667,0.163308,0.354582,1.817767
difficulty,0.5,369,369-15,0.033333,0.083333,0.033333,0.116667,0.116667,0.0,0.825,0.214131,0.207788,1.517233
difficulty,0.5,369,369-16,0.458333,0.508333,0.375,0.883333,0.683333,0.016667,0.0,0.591653,0.559214,0.548892
difficulty,0.5,369,369-17,0.116667,0.241667,0.008333,0.25,0.25,0.008333,0.466667,0.33036,0.464203,0.900428
difficulty,0.5,369,369-18,0.375,0.0,0.758333,0.758333,0.375,0.133333,0.0,0.742597,0.483097,1.105564
difficulty,0.5,369,369-19,0.316667,0.458333,0.208333,0.666667,0.55,0.0,0.116667,0.489756,0.491782,0.559314
difficulty,0.5,369,369-20,0.458333,0.491667,0.325,0.816667,0.75,0.0,0.008333,0.529938,0.603803,0.448617
difficulty,0.5,369,369-21,0.508333,0.158333,0.608333,0.766667,0.508333,0.108333,0.0,0.708416,0.497756,0.949452
difficulty,0.5,369,369-22,0.391667,0.475,0.291667,0.766667,0.666667,0.0,0.008333,0.513156,0.555017,0.464312
difficulty,0.5,369,369-23,0.491667,0.1,0.675,0.775,0.491667,0.1,0.0,0.715488,0.474055,0.977062
difficulty,0.5,369,369-24,0.4,0.466667,0.258333,0.725,0.633333,0.016667,0.066667,0.521555,0.466343,0.5683
difficulty,0.5,369,369-25,0.333333,0.425,0.241667,0.666667,0.583333,0.0,0.116667,0.488399,0.61687,0.532744
difficulty,0.5,369,369-26,0.425,0.041667,0.675,0.716667,0.425,0.141667,0.0,0.73262,0.410794,1.071883
difficulty,0.5,369,369-27,0.375,0.408333,0.275,0.683333,0.583333,0.016667,0.058333,0.518007,0.518676,0.555266
difficulty,0.5,369,369-28,0.283333,0.341667,0.108333,0.45,0.441667,0.0,0.266667,0.401795,0.603404,0.6131
difficulty,0.5,369,369-29,0.466667,0.533333,0.375,0.908333,0.758333,0.008333,0.0,0.583733,0.602353,0.517701
difficulty,0.5,369,369-30,0.508333,0.391667,0.508333,0.9,0.65,0.033333,0.0,0.646284,0.489646,0.691288
difficulty,0.5,369,369-31,0.408333,0.483333,0.341667,0.825,0.683333,0.0,0.0,0.557698,0.535124,0.51767
difficulty,0.5,369,369-32,0.408333,0.441667,0.283333,0.725,0.658333,0.008333,0.016667,0.506883,0.526261,0.489976
difficulty,0.5,369,369-33,0.05,0.158333,0.0,0.158333,0.158333,0.0,0.675,0.26861,0.553622,1.16042
difficulty,0.5,369,369-34,0.358333,0.425,0.191667,0.616667,0.558333,0.0,0.108333,0.476205,0.597517,0.506952
difficulty,0.5,369,369-35,0.408333,0.458333,0.3,0.758333,0.658333,0.016667,0.0,0.539678,0.611351,0.526181
difficulty,0.5,369,369-36,0.4,0.483333,0.225,0.708333,0.616667,0.0,0.058333,0.495965,0.516589,0.501472
difficulty,0.5,369,369-37,0.516667,0.408333,0.458333,0.866667,0.666667,0.058333,0.0,0.64102,0.593195,0.665861
difficulty,0.5,369,369-38,0.475,0.508333,0.333333,0.841667,0.716667,0.0,0.008333,0.550848,0.596456,0.459066
difficulty,0.5,369,369-39,0.533333,0.516667,0.383333,0.9,0.75,0.008333,0.0,0.597036,0.63656,0.531695
difficulty,0.5,369,369-40,0.491667,0.3,0.525,0.825,0.583333,0.058333,0.0,0.669588,0.414662,0.788663
difficulty,0.5,369,369-41,0.391667,0.45,0.225,0.675,0.625,0.0,0.091667,0.475214,0.571992,0.495543
difficulty,0.5,369,369-42,0.358333,0.433333,0.275,0.708333,0.591667,0.0,0.075,0.500594,0.485134,0.509027
difficulty,0.5,369,369-43,0.216667,0.35,0.15,0.5,0.491667,0.008333,0.266667,0.408424,0.486327,0.643967
difficulty,0.5,369,369-44,0.358333,0.45,0.158333,0.608333,0.516667,0.0,0.1,0.475458,0.535797,0.520111
difficulty,0.5,369,369-45,0.425,0.441667,0.408333,0.85,0.708333,0.008333,0.0,0.567733,0.475678,0.520275
difficulty,0.5,369,369-46,0.5,0.425,0.466667,0.891667,0.641667,0.05,0.0,0.637756,0.497855,0.663736
difficulty,0.5,369,369-47,0.266667,0.391667,0.191667,0.583333,0.516667,0.008333,0.216667,0.458401,0.502774,0.607931
difficulty,0.5,369,369-48,0.441667,0.5,0.391667,0.891667,0.7,0.008333,0.0,0.578911,0.513822,0.52506
difficulty,0.5,369,369-49,0.15,0.258333,0.041667,0.3,0.291667,0.0,0.458333,0.340009,0.516524,0.816111
difficulty,0.5,369,369-50,0.233333,0.4,0.1,0.5,0.483333,0.008333,0.3,0.41257,0.454069,0.631824
difficulty,0.5,369,369-51,0.425,0.45,0.391667,0.841667,0.641667,0.041667,0.0,0.583783,0.637491,0.572557
difficulty,0.5,369,369-52,0.308333,0.0,0.691667,0.691667,0.308333,0.158333,0.0,0.754013,0.447726,1.178861
difficulty,0.5,369,369-53,0.55,0.333333,0.491667,0.825,0.583333,0.05,0.0,0.674039,0.48701,0.793285
difficulty,0.5,369,369-54,0.358333,0.441667,0.216667,0.658333,0.566667,0.0,0.091667,0.483191,0.536366,0.534923
difficulty,0.5,369,369-55,0.6,0.291667,0.541667,0.833333,0.6,0.075,0.0,0.681267,0.508323,0.817915
difficulty,0.5,369,369-56,0.475,0.441667,0.458333,0.9,0.691667,0.016667,0.0,0.601313,0.49498,0.567924
difficulty,0.5,369,369-57,0.316667,0.408333,0.258333,0.666667,0.533333,0.008333,0.083333,0.507257,0.460531,0.56578
difficulty,0.5,369,369-58,0.275,0.333333,0.241667,0.575,0.541667,0.025,0.175,0.454282,0.373075,0.621235
difficulty,0.5,369,369-59,0.433333,0.441667,0.383333,0.825,0.65,0.041667,0.0,0.590842,0.532932,0.591479
difficulty,0.5,369,369-60,0.391667,0.45,0.25,0.7,0.65,0.0,0.05,0.493813,0.612956,0.481827
difficulty,0.5,369,369-61,0.1,0.225,0.025,0.25,0.25,0.008333,0.575,0.301069,0.505845,0.999139
difficulty,0.5,369,369-62,0.466667,0.525,0.391667,0.916667,0.691667,0.016667,0.0,0.60829,0.464062,0.566418
difficulty,0.5,369,369-63,0.133333,0.25,0.016667,0.266667,0.266667,0.025,0.416667,0.349073,0.434526,0.851657
difficulty,0.5,369,369-64,0.383333,0.433333,0.233333,0.666667,0.608333,0.0,0.066667,0.47799,0.597922,0.504392
difficulty,0.5,369,369-65,0.55,0.291667,0.508333,0.8,0.558333,0.058333,0.0,0.684477,0.4901,0.830431
difficulty,0.5,369,369-66,0.275,0.416667,0.15,0.566667,0.516667,0.0,0.183333,0.440087,0.496023,0.559005
difficulty,0.5,369,369-67,0.458333,0.141667,0.608333,0.75,0.458333,0.166667,0.0,0.720419,0.431751,1.022633
difficulty,0.5,369,369-68,0.558333,0.316667,0.516667,0.833333,0.6,0.05,0.0,0.673427,0.445299,0.784196
difficulty,0.5,369,369-69,0.183333,0.291667,0.083333,0.375,0.366667,0.0,0.408333,0.373717,0.58188,0.740296
difficulty,0.5,369,369-70,0.383333,0.05,0.675,0.725,0.383333,0.133333,0.0,0.737372,0.402061,1.090022
difficulty,0.5,369,369-71,0.366667,0.433333,0.241667,0.675,0.6,0.0,0.091667,0.496193,0.576403,0.516438
difficulty,0.5,369,369-72,0.35,0.416667,0.183333,0.6,0.516667,0.008333,0.1,0.483903,0.493247,0.557767
difficulty,0.5,369,369-73,0.516667,0.391667,0.483333,0.875,0.625,0.033333,0.0,0.634575,0.508927,0.659384
difficulty,0.5,369,369-74,0.25,0.0,0.625,0.625,0.25,0.241667,0.0,0.775476,0.388557,1.306399
difficulty,0.5,369,369-75,0.65,0.475,0.458333,0.933333,0.733333,0.008333,0.0,0.622635,0.627677,0.549724
difficulty,0.5,369,369-76,0.441667,0.466667,0.35,0.816667,0.65,0.008333,0.0,0.576436,0.58441,0.563139
difficulty,0.5,369,369-77,0.466667,0.375,0.491667,0.866667,0.633333,0.058333,0.0,0.649695,0.497991,0.713178
difficulty,0.5,369,369-78,0.566667,0.35,0.508333,0.858333,0.591667,0.066667,0.0,0.668852,0.532364,0.76504
difficulty,0.5,369,369-79,0.0,0.0,0.266667,0.266667,0.0,0.366667,0.0,0.840275,0.321301,1.719937
difficulty,0.5,369,369-80,0.566667,0.341667,0.55,0.891667,0.633333,0.041667,0.0,0.655314,0.494888,0.705927
difficulty,0.5,369,369-81,0.466667,0.475,0.391667,0.866667,0.675,0.025,0.0,0.597584,0.490878,0.576864
difficulty,0.5,369,369-82,0.375,0.025,0.691667,0.716667,0.375,0.125,0.0,0.740562,0.401173,1.106137
difficulty,0.5,369,369-83,0.333333,0.4,0.2,0.6,0.508333,0.0,0.158333,0.463177,0.580781,0.539022
difficulty,0.5,369,369-84,0.466667,0.025,0.716667,0.741667,0.466667,0.108333,0.0,0.724245,0.46835,1.019292
difficulty,0.5,369,369-85,0.0,0.0,0.408333,0.408333,0.0,0.25,0.0,0.820502,0.371758,1.567294
difficulty,0.5,369,369-86,0.316667,0.375,0.141667,0.516667,0.466667,0.0,0.191667,0.444202,0.556879,0.573924
difficulty,0.5,369,369-87,0.633333,0.333333,0.55,0.883333,0.65,0.025,0.0,0.663835,0.550842,0.720896
difficulty,0.5,369,369-88,0.591667,0.275,0.55,0.825,0.616667,0.033333,0.0,0.676056,0.526282,0.784967
difficulty,0.5,369,369-89,0.241667,0.3,0.15,0.45,0.45,0.008333,0.275,0.40767,0.477632,0.655063
difficulty,0.5,369,369-90,0.033333,0.158333,0.033333,0.191667,0.158333,0.0,0.633333,0.276577,0.462663,1.157984
difficulty,0.5,369,369-91,0.0,0.0,0.0,0.0,0.0,1.0,0.0,0.892207,0.238604,2.150294
difficulty,0.5,369,369-92,0.075,0.158333,0.033333,0.191667,0.183333,0.0,0.641667,0.27345,0.40894,1.148231
difficulty,0.5,369,369-93,0.316667,0.0,0.766667,0.766667,0.316667,0.158333,0.0,0.751884,0.453598,1.158615
difficulty,0.5,369,369-94,0.0,0.0,0.525,0.525,0.0,0.241667,0.0,0.804221,0.348445,1.474896
difficulty,0.5,369,369-95,0.191667,0.3,0.158333,0.458333,0.433333,0.008333,0.316667,0.40033,0.574674,0.676728
difficulty,0.5,369,369-96,0.366667,0.416667,0.266667,0.683333,0.608333,0.0,0.1,0.489674,0.629872,0.501199
difficulty,0.5,369,369-97,0.066667,0.233333,0.016667,0.25,0.25,0.008333,0.6,0.304847,0.474704,1.015918
difficulty,0.5,369,369-98,0.391667,0.433333,0.233333,0.666667,0.583333,0.0,0.083333,0.491518,0.518973,0.51238
difficulty,0.5,369,369-99,0.033333,0.083333,0.041667,0.125,0.116667,0.0,0.825,0.216465,0.303294,1.517582
difficulty,0.5,369,369-100,0.0,0.0,0.0,0.0,0.0,0.425,0.0,0.857269,0.303313,1.833978
difficulty,0.5,369,369-101,0.283333,0.408333,0.166667,0.575,0.533333,0.0,0.166667,0.447501,0.573513,0.532544
difficulty,0.5,369,369-102,0.4,0.491667,0.3,0.791667,0.666667,0.008333,0.033333,0.524938,0.461621,0.503182
difficulty,0.5,369,369-103,0.05,0.191667,0.016667,0.208333,0.208333,0.0,0.691667,0.266942,0.477138,1.181877
difficulty,0.5,369,369-104,0.575,0.275,0.575,0.85,0.591667,0.041667,0.0,0.676814,0.524977,0.788169
difficulty,0.5,369,369-105,0.5,0.508333,0.408333,0.916667,0.725,0.025,0.0,0.609903,0.557361,0.577906
difficulty,0.5,369,369-106,0.441667,0.125,0.583333,0.708333,0.441667,0.15,0.0,0.726461,0.409618,1.053945
difficulty,0.5,369,369-107,0.483333,0.45,0.433333,0.883333,0.7,0.05,0.0,0.606142,0.486949,0.589997
difficulty,0.5,369,369-108,0.383333,0.4,0.316667,0.716667,0.641667,0.008333,0.016667,0.541937,0.548613,0.532241
difficulty,0.5,369,369-109,0.458333,0.441667,0.333333,0.775,0.716667,0.025,0.033333,0.541279,0.585781,0.5063
difficulty,0.5,369,369-110,0.016667,0.0,0.5,0.5,0.016667,0.283333,0.0,0.809044,0.341118,1.513953
difficulty,0.5,369,369-111,0.541667,0.366667,0.525,0.891667,0.65,0.05,0.0,0.65191,0.470298,0.717313
difficulty,0.5,369,369-112,0.258333,0.391667,0.125,0.516667,0.491667,0.0,0.266667,0.416421,0.570272,0.623657
difficulty,0.5,369,369-113,0.458333,0.441667,0.45,0.891667,0.641667,0.05,0.0,0.62054,0.531078,0.627555
difficulty,0.5,369,369-114,0.45,0.475,0.391667,0.866667,0.633333,0.025,0.0,0.608256,0.541084,0.60156
difficulty,0.5,369,369-115,0.375,0.425,0.166667,0.591667,0.541667,0.0,0.108333,0.461983,0.571099,0.494791
difficulty,0.5,369,369-116,0.475,0.466667,0.366667,0.833333,0.7,0.0,0.008333,0.55491,0.547607,0.482409
difficulty,0.5,369,369-117,0.291667,0.358333,0.166667,0.525,0.491667,0.008333,0.2,0.439919,0.462382,0.620303
difficulty,0.5,369,369-118,0.525,0.225,0.591667,0.816667,0.525,0.1,0.0,0.701548,0.471049,0.916435
difficulty,0.5,369,369-119,0.566667,0.275,0.575,0.85,0.575,0.066667,0.0,0.682505,0.466539,0.826522
difficulty,0.5,369,369-120,0.158333,0.266667,0.016667,0.283333,0.283333,0.016667,0.433333,0.348082,0.489677,0.856061
difficulty,0.5,369,369-121,0.2,0.291667,0.058333,0.35,0.35,0.008333,0.391667,0.371438,0.475661,0.748941
difficulty,0.5,369,369-122,0.566667,0.216667,0.6,0.816667,0.566667,0.075,0.0,0.694582,0.506242,0.877134
difficulty,0.5,369,369-123,0.333333,0.016667,0.658333,0.675,0.333333,0.166667,0.0,0.751782,0.421857,1.173968
difficulty,0.5,369,369-124,0.05,0.166667,0.008333,0.175,0.175,0.0,0.666667,0.259904,0.440566,1.202506
difficulty,0.5,369,369-125,0.491667,0.125,0.658333,0.783333,0.491667,0.108333,0.0,0.714456,0.471087,0.974284
difficulty,0.5,369,369-126,0.55,0.316667,0.5,0.816667,0.608333,0.058333,0.0,0.670026,0.49077,0.771861
difficulty,0.5,369,369-127,0.391667,0.016667,0.666667,0.683333,0.391667,0.15,0.0,0.744616,0.435419,1.148918
difficulty,0.5,369,369-128,0.541667,0.466667,0.466667,0.933333,0.691667,0.033333,0.0,0.629409,0.512352,0.608873
difficulty,0.5,369,369-129,0.0,0.0,0.533333,0.533333,0.0,0.275,0.0,0.81116,0.377427,1.522949
difficulty,0.5,369,369-130,0.558333,0.333333,0.5,0.833333,0.608333,0.041667,0.0,0.663426,0.524248,0.743783
difficulty,0.5,369,369-131,0.558333,0.441667,0.433333,0.875,0.7,0.033333,0.0,0.634403,0.553051,0.647159
difficulty,0.5,369,369-132,0.541667,0.433333,0.458333,0.891667,0.691667,0.016667,0.0,0.633834,0.537478,0.63621
difficulty,0.5,369,369-133,0.15,0.25,0.058333,0.308333,0.3,0.0,0.45,0.339643,0.465022,0.832377
difficulty,0.5,369,369-134,0.458333,0.475,0.383333,0.858333,0.708333,0.016667,0.0,0.579393,0.668683,0.544791
difficulty,0.5,369,369-135,0.0,0.0,0.225,0.225,0.0,0.375,0.0,0.841489,0.313109,1.730804
difficulty,0.5,369,369-136,0.291667,0.0,0.708333,0.708333,0.291667,0.166667,0.0,0.757422,0.435366,1.19111
difficulty,0.5,369,369-137,0.333333,0.383333,0.158333,0.541667,0.475,0.0,0.166667,0.452413,0.588731,0.557969
difficulty,0.5,369,369-138,0.541667,0.166667,0.616667,0.783333,0.541667,0.091667,0.0,0.701629,0.53314,0.918154
difficulty,0.5,369,369-139,0.541667,0.475,0.45,0.925,0.708333,0.025,0.0,0.622576,0.589656,0.586962
difficulty,0.5,369,369-140,0.191667,0.258333,0.058333,0.316667,0.308333,0.008333,0.4,0.349862,0.45122,0.83703
difficulty,0.5,369,369-141,0.358333,0.475,0.2,0.675,0.625,0.0,0.1,0.476252,0.585648,0.490787
difficulty,0.5,369,369-142,0.108333,0.275,0.033333,0.308333,0.3,0.008333,0.533333,0.325917,0.378822,0.939603
difficulty,0.5,369,369-143,0.508333,0.175,0.583333,0.758333,0.508333,0.1,0.0,0.705594,0.477243,0.935498
difficulty,0.5,369,369-144,0.433333,0.5,0.275,0.775,0.7,0.008333,0.016667,0.517098,0.572912,0.466517
difficulty,0.5,369,369-145,0.225,0.341667,0.108333,0.45,0.45,0.016667,0.333333,0.403655,0.474336,0.676234
difficulty,0.5,369,369-146,0.483333,0.416667,0.475,0.891667,0.675,0.016667,0.0,0.619546,0.536063,0.624144
difficulty,0.5,369,369-147,0.433333,0.466667,0.391667,0.858333,0.666667,0.008333,0.0,0.585784,0.521707,0.556177
difficulty,0.5,369,369-148,0.35,0.375,0.191667,0.566667,0.491667,0.0,0.133333,0.467928,0.507507,0.543598
difficulty,0.5,369,369-149,0.475,0.125,0.65,0.775,0.475,0.116667,0.0,0.714723,0.454753,0.974258
difficulty,0.5,369,369-150,0.541667,0.333333,0.508333,0.841667,0.633333,0.058333,0.0,0.661257,0.459352,0.743658
difficulty,0.5,369,369-151,0.416667,0.425,0.316667,0.741667,0.683333,0.008333,0.033333,0.525817,0.531692,0.509294
difficulty,0.5,369,369-152,0.45,0.541667,0.358333,0.9,0.7,0.016667,0.0,0.580635,0.586393,0.514914
difficulty,0.5,369,369-153,0.425,0.091667,0.658333,0.75,0.425,0.141667,0.0,0.728112,0.458017,1.049133
difficulty,0.5,369,369-154,0.033333,0.075,0.033333,0.108333,0.075,0.0,0.7,0.244147,0.468499,1.351141
difficulty,0.5,369,369-155,0.383333,0.0,0.725,0.725,0.383333,0.15,0.0,0.741788,0.457545,1.113794
difficulty,0.5,369,369-156,0.308333,0.341667,0.2,0.541667,0.491667,0.016667,0.166667,0.457495,0.415757,0.601337
difficulty,0.5,369,369-157,0.375,0.441667,0.35,0.791667,0.65,0.0,0.016667,0.536284,0.432561,0.517607
difficulty,0.5,369,369-158,0.575,0.241667,0.575,0.816667,0.575,0.05,0.0,0.687029,0.467078,0.833077
difficulty,0.5,369,369-159,0.4,0.466667,0.266667,0.733333,0.65,0.0,0.016667,0.522755,0.546204,0.523374
difficulty,0.5,369,369-160,0.266667,0.0,0.741667,0.741667,0.266667,0.15,0.0,0.752985,0.455764,1.159703
difficulty,0.5,369,369-161,0.308333,0.433333,0.166667,0.6,0.516667,0.0,0.15,0.453796,0.535238,0.550203
difficulty,0.5,369,369-162,0.408333,0.433333,0.316667,0.75,0.65,0.016667,0.008333,0.546287,0.507704,0.54502
difficulty,0.5,369,369-163,0.025,0.033333,0.016667,0.05,0.05,0.0,0.833333,0.18845,0.2971,1.659827
difficulty,0.5,369,369-164,0.408333,0.05,0.65,0.7,0.408333,0.133333,0.0,0.738402,0.424803,1.111825
difficulty,0.5,369,369-165,0.183333,0.325,0.108333,0.433333,0.4,0.008333,0.35,0.391004,0.533965,0.707977
difficulty,0.5,369,369-166,0.158333,0.0,0.616667,0.616667,0.158333,0.233333,0.0,0.781267,0.404995,1.341915
difficulty,0.5,369,369-167,0.55,0.325,0.458333,0.783333,0.6,0.058333,0.0,0.675102,0.494687,0.805561
difficulty,0.5,369,369-168,0.4,0.0,0.7,0.7,0.4,0.141667,0.0,0.746342,0.471673,1.148253
difficulty,0.5,369,369-169,0.358333,0.391667,0.216667,0.608333,0.516667,0.0,0.116667,0.490787,0.572247,0.536979
difficulty,0.5,369,369-170,0.525,0.375,0.475,0.85,0.633333,0.033333,0.0,0.649726,0.49402,0.702231
difficulty,0.5,369,369-171,0.4,0.45,0.266667,0.716667,0.625,0.0,0.058333,0.519925,0.494652,0.541624
difficulty,0.5,369,369-172,0.433333,0.475,0.35,0.825,0.675,0.008333,0.0,0.567204,0.494297,0.528651
difficulty,0.5,369,369-173,0.483333,0.458333,0.441667,0.9,0.691667,0.016667,0.0,0.60247,0.429999,0.573551
difficulty,0.5,369,369-174,0.391667,0.425,0.383333,0.808333,0.633333,0.041667,0.0,0.586523,0.621061,0.596745
difficulty,0.5,369,369-175,0.391667,0.433333,0.191667,0.625,0.583333,0.0,0.075,0.476298,0.599308,0.496115
difficulty,0.5,369,369-176,0.483333,0.425,0.475,0.9,0.658333,0.05,0.0,0.630674,0.495772,0.651061
difficulty,0.5,369,369-177,0.466667,0.133333,0.625,0.758333,0.466667,0.1,0.0,0.717825,0.458209,1.00106
difficulty,0.5,369,369-178,0.35,0.433333,0.25,0.683333,0.558333,0.0,0.075,0.490869,0.530006,0.524764
difficulty,0.5,369,369-179,0.125,0.241667,0.05,0.291667,0.283333,0.008333,0.483333,0.339418,0.682206,0.868278
difficulty,0.5,369,369-180,0.466667,0.516667,0.416667,0.933333,0.733333,0.033333,0.0,0.60142,0.549504,0.552548
difficulty,0.5,369,369-181,0.466667,0.516667,0.408333,0.925,0.708333,0.025,0.0,0.603277,0.525874,0.561455
difficulty,0.5,369,369-182,0.541667,0.383333,0.516667,0.9,0.666667,0.025,0.0,0.643135,0.511465,0.660351
difficulty,0.5,369,369-183,0.416667,0.458333,0.366667,0.825,0.65,0.033333,0.0,0.575923,0.549336,0.579227
difficulty,0.5,369,369-184,0.433333,0.433333,0.341667,0.775,0.65,0.016667,0.016667,0.555475,0.555214,0.554216
difficulty,0.5,369,369-185,0.25,0.283333,0.083333,0.366667,0.358333,0.008333,0.375,0.373508,0.412147,0.761918
difficulty,0.5,369,369-186,0.375,0.408333,0.233333,0.641667,0.575,0.008333,0.1,0.489187,0.540135,0.553417
difficulty,0.5,369,369-187,0.416667,0.441667,0.308333,0.75,0.691667,0.016667,0.025,0.534109,0.548819,0.509409
difficulty,0.5,369,369-188,0.325,0.383333,0.158333,0.541667,0.508333,0.0,0.183333,0.441349,0.55298,0.539586
difficulty,0.5,369,369-189,0.491667,0.466667,0.416667,0.883333,0.716667,0.008333,0.0,0.581411,0.563637,0.527458
difficulty,0.5,369,369-190,0.508333,0.458333,0.441667,0.9,0.691667,0.033333,0.0,0.612065,0.571538,0.582883
difficulty,0.5,369,369-191,0.458333,0.516667,0.341667,0.858333,0.716667,0.025,0.0,0.577909,0.590432,0.527786
difficulty,0.5,369,369-192,0.4,0.425,0.283333,0.708333,0.608333,0.016667,0.025,0.532362,0.461194,0.536794
difficulty,0.5,369,369-193,0.433333,0.441667,0.358333,0.8,0.658333,0.0,0.0,0.565214,0.572123,0.544582
difficulty,0.5,369,369-194,0.5,0.45,0.458333,0.908333,0.683333,0.025,0.0,0.628374,0.529757,0.616501
difficulty,0.5,369,369-195,0.033333,0.016667,0.016667,0.033333,0.033333,0.0,0.858333,0.1723,0.266279,1.786974
difficulty,0.5,369,369-196,0.4,0.475,0.216667,0.691667,0.658333,0.008333,0.033333,0.494521,0.609131,0.477203
difficulty,0.5,369,369-197,0.141667,0.275,0.033333,0.308333,0.308333,0.008333,0.441667,0.342348,0.413169,0.87558
difficulty,0.5,369,369-198,0.558333,0.45,0.458333,0.908333,0.7,0.008333,0.0,0.630588,0.544846,0.61172
difficulty,0.5,369,369-199,0.083333,0.2,0.016667,0.216667,0.2,0.0,0.65,0.269158,0.426271,1.208983
difficulty,0.5,1024,1024-0,0.416667,0.433333,0.325,0.758333,0.633333,0.0,0.033333,0.524354,0.474636,0.523439
difficulty,0.5,1024,1024-1,0.45,0.441667,0.35,0.791667,0.708333,0.016667,0.0,0.565579,0.484192,0.548597
difficulty,0.5,1024,1024-2,0.0,0.0,0.0,0.0,0.0,0.458333,0.0,0.860031,0.286792,1.870449
difficulty,0.5,1024,1024-3,0.458333,0.533333,0.366667,0.9,0.733333,0.0,0.0,0.565557,0.602069,0.474522
difficulty,0.5,1024,1024-4,0.2,0.0,0.608333,0.608333,0.2,0.208333,0.0,0.772064,0.391679,1.284507
difficulty,0.5,1024,1024-5,0.458333,0.408333,0.408333,0.816667,0.6,0.05,0.0,0.657033,0.448981,0.757934
difficulty,0.5,1024,1024-6,0.391667,0.433333,0.308333,0.741667,0.625,0.0,0.025,0.544836,0.537726,0.543676
difficulty,0.5,1024,1024-7,0.391667,0.391667,0.241667,0.633333,0.55,0.0,0.091667,0.483062,0.499425,0.520491
difficulty,0.5,1024,1024-8,0.425,0.425,0.341667,0.766667,0.691667,0.0,0.05,0.515118,0.557159,0.496196
difficulty,0.5,1024,1024-9,0.533333,0.375,0.483333,0.858333,0.641667,0.041667,0.0,0.652704,0.438062,0.71527
difficulty,0.5,1024,1024-10,0.216667,0.266667,0.066667,0.333333,0.325,0.0,0.433333,0.360705,0.497629,0.799367
difficulty,0.5,1024,1024-11,0.366667,0.408333,0.275,0.683333,0.6,0.0,0.066667,0.49872,0.643819,0.505993
difficulty,0.5,1024,1024-12,0.175,0.0,0.641667,0.641667,0.175,0.2,0.0,0.774503,0.40693,1.296731
difficulty,0.5,1024,1024-13,0.5,0.241667,0.533333,0.775,0.516667,0.091667,0.0,0.697973,0.415785,0.915496
difficulty,0.5,1024,1024-14,0.491667,0.483333,0.425,0.908333,0.691667,0.025,0.0,0.613895,0.489998,0.583488
difficulty,0.5,1024,1024-15,0.366667,0.483333,0.258333,0.741667,0.658333,0.008333,0.05,0.505933,0.606876,0.49266
difficulty,0.5,1024,1024-16,0.225,0.316667,0.141667,0.458333,0.425,0.008333,0.266667,0.424946,0.61839,0.621039
difficulty,0.5,1024,1024-17,0.0,0.0,0.425,0.425,0.0,0.308333,0.0,0.824278,0.343773,1.606899
difficulty,0.5,1024,1024-18,0.541667,0.441667,0.45,0.891667,0.675,0.025,0.0,0.640403,0.563531,0.654461
difficulty,0.5,1024,1024-19,0.266667,0.35,0.158333,0.508333,0.483333,0.016667,0.266667,0.431723,0.499599,0.642315
difficulty,0.5,1024,1024-20,0.283333,0.383333,0.116667,0.5,0.475,0.0,0.208333,0.423827,0.636495,0.546115
difficulty,0.5,1024,1024-21,0.358333,0.433333,0.283333,0.716667,0.6,0.008333,0.083333,0.507459,0.497388,0.54474
difficulty,0.5,1024,1024-22,0.4,0.408333,0.283333,0.691667,0.616667,0.0,0.058333,0.511899,0.516891,0.520154
difficulty,0.5,1024,1024-23,0.558333,0.416667,0.466667,0.883333,0.691667,0.025,0.0,0.639428,0.567243,0.640151
difficulty,0.5,1024,1024-24,0.466667,0.133333,0.633333,0.766667,0.466667,0.133333,0.0,0.719732,0.49733,1.009012
difficulty,0.5,1024,1024-25,0.425,0.466667,0.366667,0.833333,0.691667,0.0,0.0,0.553222,0.527998,0.492417
difficulty,0.5,1024,1024-26,0.525,0.125,0.633333,0.758333,0.525,0.083333,0.0,0.714331,0.475251,0.977838
difficulty,0.5,1024,1024-27,0.208333,0.308333,0.1,0.408333,0.4,0.016667,0.325,0.395593,0.516991,0.709829
difficulty,0.5,1024,1024-28,0.575,0.441667,0.466667,0.908333,0.75,0.016667,0.0,0.622545,0.6004,0.584128
difficulty,0.5,1024,1024-29,0.6,0.425,0.458333,0.883333,0.675,0.025,0.0,0.645625,0.576645,0.663605
difficulty,0.5,1024,1024-30,0.508333,0.091667,0.691667,0.783333,0.508333,0.083333,0.0,0.715533,0.501586,0.9753
difficulty,0.5,1024,1024-31,0.533333,0.191667,0.591667,0.783333,0.533333,0.108333,0.0,0.70423,0.492898,0.936453
difficulty,0.5,1024,1024-32,0.65,0.275,0.591667,0.866667,0.65,0.041667,0.0,0.671482,0.599808,0.758308
difficulty,0.5,1024,1024-33,0.058333,0.208333,0.008333,0.216667,0.208333,0.0,0.616667,0.296366,0.418738,1.070182
difficulty,0.5,1024,1024-34,0.358333,0.433333,0.191667,0.625,0.566667,0.0,0.066667,0.476765,0.627306,0.509994
difficulty,0.5,1024,1024-35,0.166667,0.266667,0.033333,0.3,0.3,0.033333,0.408333,0.368226,0.358555,0.834155
difficulty,0.5,1024,1024-36,0.441667,0.408333,0.375,0.783333,0.691667,0.0,0.025,0.535804,0.531797,0.492991
difficulty,0.5,1024,1024-37,0.083333,0.225,0.041667,0.266667,0.266667,0.0,0.608333,0.299785,0.367386,1.031904
difficulty,0.5,1024,1024-38,0.516667,0.225,0.55,0.775,0.516667,0.091667,0.0,0.694601,0.475167,0.885996
difficulty,0.5,1024,1024-39,0.391667,0.45,0.275,0.725,0.65,0.0,0.033333,0.519262,0.525649,0.508969
difficulty,0.5,1024,1024-40,0.516667,0.158333,0.65,0.808333,0.516667,0.083333,0.0,0.699828,0.46671,0.901478
difficulty,0.5,1024,1024-41,0.341667,0.441667,0.166667,0.608333,0.508333,0.0,0.1,0.474445,0.549421,0.542207
difficulty,0.5,1024,1024-42,0.391667,0.441667,0.3,0.741667,0.591667,0.025,0.0,0.548214,0.582453,0.548553
difficulty,0.5,1024,1024-43,0.55,0.233333,0.583333,0.816667,0.566667,0.05,0.0,0.69207,0.432353,0.865054
difficulty,0.5,1024,1024-44,0.3,0.383333,0.208333,0.591667,0.533333,0.008333,0.141667,0.45838,0.421033,0.556684
difficulty,0.5,1024,1024-45,0.05,0.208333,0.025,0.233333,0.233333,0.0,0.633333,0.29461,0.473757,1.078921
difficulty,0.5,1024,1024-46,0.0,0.0,0.0,0.0,0.0,0.483333,0.0,0.860408,0.287174,1.877646
difficulty,0.5,1024,1024-47,0.158333,0.258333,0.033333,0.291667,0.283333,0.008333,0.483333,0.337093,0.472071,0.891425
difficulty,0.5,1024,1024-48,0.475,0.358333,0.516667,0.875,0.591667,0.025,0.0,0.643436,0.446125,0.696072
difficulty,0.5,1024,1024-49,0.491667,0.241667,0.558333,0.8,0.516667,0.133333,0.0,0.69993,0.469899,0.920394
difficulty,0.5,1024,1024-50,0.525,0.441667,0.45,0.891667,0.65,0.033333,0.0,0.636135,0.557586,0.635551
difficulty,0.5,1024,1024-51,0.075,0.241667,0.008333,0.25,0.241667,0.0,0.583333,0.312998,0.408961,0.961938
difficulty,0.5,1024,1024-52,0.525,0.325,0.525,0.85,0.583333,0.083333,0.0,0.669744,0.471596,0.778818
difficulty,0.5,1024,1024-53,0.475,0.483333,0.441667,0.925,0.666667,0.025,0.0,0.623652,0.489613,0.594812
difficulty,0.5,1024,1024-54,0.5,0.325,0.466667,0.791667,0.575,0.075,0.0,0.673773,0.498668,0.811501
difficulty,0.5,1024,1024-55,0.041667,0.125,0.033333,0.158333,0.125,0.0,0.658333,0.261838,0.409984,1.259393
difficulty,0.5,1024,1024-56,0.425,0.416667,0.366667,0.783333,0.625,0.016667,0.016667,0.560863,0.546278,0.533251
difficulty,0.5,1024,1024-57,0.333333,0.4,0.216667,0.616667,0.533333,0.0,0.166667,0.475416,0.529481,0.561422
difficulty,0.5,1024,1024-58,0.258333,0.358333,0.05,0.408333,0.4,0.033333,0.341667,0.401738,0.393043,0.731293
difficulty,0.5,1024,1024-59,0.416667,0.433333,0.333333,0.766667,0.658333,0.008333,0.008333,0.552794,0.545768,0.535216
difficulty,0.5,1024,1024-60,0.141667,0.25,0.041667,0.291667,0.291667,0.0,0.408333,0.341286,0.541016,0.827117
difficulty,0.5,1024,1024-61,0.491667,0.466667,0.408333,0.875,0.758333,0.008333,0.0,0.575437,0.471069,0.515028
difficulty,0.5,1024,1024-62,0.275,0.433333,0.15,0.583333,0.541667,0.016667,0.158333,0.450172,0.482111,0.55691
difficulty,0.5,1024,1024-63,0.408333,0.466667,0.3,0.766667,0.658333,0.0,0.025,0.530068,0.503039,0.49979
difficulty,0.5,1024,1024-64,0.375,0.45,0.266667,0.716667,0.608333,0.0,0.025,0.514816,0.642674,0.490594
difficulty,0.5,1024,1024-65,0.041667,0.141667,0.033333,0.175,0.158333,0.0,0.641667,0.287722,0.43549,1.125075
difficulty,0.5,1024,1024-66,0.4,0.466667,0.3,0.766667,0.625,0.025,0.0,0.562399,0.553426,0.565257
difficulty,0.5,1024,1024-67,0.533333,0.458333,0.458333,0.916667,0.683333,0.016667,0.0,0.629232,0.539646,0.609571
difficulty,0.5,1024,1024-68,0.341667,0.416667,0.191667,0.608333,0.533333,0.0,0.108333,0.468653,0.522001,0.50315
difficulty,0.5,1024,1024-69,0.408333,0.441667,0.358333,0.8,0.658333,0.016667,0.0,0.56326,0.546444,0.534047
difficulty,0.5,1024,1024-70,0.483333,0.525,0.375,0.9,0.716667,0.041667,0.0,0.594734,0.551952,0.547896
difficulty,0.5,1024,1024-71,0.516667,0.5,0.425,0.925,0.733333,0.025,0.0,0.594359,0.583664,0.522843
difficulty,0.5,1024,1024-72,0.308333,0.425,0.216667,0.641667,0.541667,0.0,0.133333,0.476784,0.53762,0.54543
difficulty,0.5,1024,1024-73,0.416667,0.483333,0.308333,0.791667,0.683333,0.016667,0.0,0.558655,0.55961,0.53706
difficulty,0.5,1024,1024-74,0.358333,0.416667,0.258333,0.675,0.583333,0.0,0.075,0.507339,0.55956,0.530128
difficulty,0.5,1024,1024-75,0.416667,0.458333,0.416667,0.875,0.675,0.041667,0.0,0.598399,0.542598,0.585638
difficulty,0.5,1024,1024-76,0.0,0.0,0.325,0.325,0.0,0.291667,0.0,0.830371,0.347387,1.636579
difficulty,0.5,1024,1024-77,0.466667,0.125,0.608333,0.733333,0.466667,0.125,0.0,0.716518,0.470259,0.996717
difficulty,0.5,1024,1024-78,0.558333,0.433333,0.466667,0.9,0.683333,0.025,0.0,0.63661,0.530024,0.638065
difficulty,0.5,1024,1024-79,0.475,0.408333,0.466667,0.875,0.65,0.041667,0.0,0.637752,0.514443,0.673135
difficulty,0.5,1024,1024-80,0.391667,0.408333,0.358333,0.766667,0.616667,0.025,0.0,0.55341,0.553825,0.541057
difficulty,0.5,1024,1024-81,0.45,0.458333,0.416667,0.875,0.65,0.025,0.0,0.616281,0.490274,0.61058
difficulty,0.5,1024,1024-82,0.591667,0.458333,0.491667,0.95,0.7,0.008333,0.0,0.629969,0.553547,0.594434
difficulty,0.5,1024,1024-83,0.458333,0.4,0.491667,0.891667,0.65,0.025,0.0,0.620994,0.500615,0.656464
difficulty,0.5,1024,1024-84,0.0,0.0,0.45,0.45,0.0,0.225,0.0,0.819039,0.382372,1.551099
difficulty,0.5,1024,1024-85,0.4,0.475,0.233333,0.708333,0.616667,0.0,0.025,0.504921,0.504924,0.482169
difficulty,0.5,1024,1024-86,0.575,0.416667,0.45,0.866667,0.675,0.025,0.0,0.645997,0.572598,0.675463
difficulty,0.5,1024,1024-87,0.366667,0.391667,0.175,0.566667,0.516667,0.0,0.125,0.466697,0.604805,0.511502
difficulty,0.5,1024,1024-88,0.541667,0.283333,0.533333,0.816667,0.575,0.075,0.0,0.680286,0.514517,0.814625
difficulty,0.5,1024,1024-89,0.408333,0.45,0.283333,0.733333,0.641667,0.008333,0.008333,0.535312,0.538721,0.527257
difficulty,0.5,1024,1024-90,0.241667,0.266667,0.083333,0.35,0.341667,0.033333,0.375,0.397844,0.422176,0.764974
difficulty,0.5,1024,1024-91,0.525,0.408333,0.466667,0.875,0.691667,0.025,0.0,0.630875,0.580609,0.646992
difficulty,0.5,1024,1024-92,0.483333,0.525,0.375,0.9,0.791667,0.0,0.0,0.557006,0.554218,0.454971
difficulty,0.5,1024,1024-93,0.075,0.208333,0.033333,0.241667,0.233333,0.0,0.6,0.295719,0.493221,1.000116
difficulty,0.5,1024,1024-94,0.491667,0.541667,0.366667,0.908333,0.758333,0.016667,0.0,0.574951,0.574165,0.489166
difficulty,0.5,1024,1024-95,0.433333,0.433333,0.45,0.883333,0.675,0.033333,0.0,0.606582,0.577554,0.622118
difficulty,0.5,1024,1024-96,0.558333,0.508333,0.425,0.933333,0.733333,0.008333,0.0,0.604049,0.589491,0.526439
difficulty,0.5,1024,1024-97,0.458333,0.5,0.375,0.875,0.658333,0.016667,0.0,0.584479,0.570729,0.526875
difficulty,0.5,1024,1024-98,0.216667,0.333333,0.05,0.383333,0.383333,0.0,0.4,0.36857,0.503805,0.720239
difficulty,0.5,1024,1024-99,0.541667,0.2,0.6,0.8,0.541667,0.091667,0.0,0.696495,0.488159,0.887893
difficulty,0.5,1024,1024-100,0.441667,0.483333,0.391667,0.875,0.708333,0.016667,0.0,0.575465,0.542522,0.518415
difficulty,0.5,1024,1024-101,0.366667,0.458333,0.258333,0.716667,0.616667,0.008333,0.041667,0.515406,0.50451,0.523312
difficulty,0.5,1024,1024-102,0.4,0.466667,0.275,0.741667,0.666667,0.0,0.008333,0.509019,0.592562,0.470481
difficulty,0.5,1024,1024-103,0.483333,0.475,0.425,0.9,0.675,0.008333,0.0,0.600828,0.45135,0.557586
difficulty,0.5,1024,1024-104,0.4,0.458333,0.233333,0.691667,0.625,0.008333,0.0,0.528445,0.548559,0.528558
difficulty,0.5,1024,1024-105,0.541667,0.083333,0.733333,0.816667,0.541667,0.041667,0.0,0.705856,0.534275,0.916872
difficulty,0.5,1024,1024-106,0.425,0.475,0.391667,0.866667,0.691667,0.05,0.0,0.59973,0.58527,0.598168
difficulty,0.5,1024,1024-107,0.308333,0.425,0.15,0.575,0.525,0.0,0.183333,0.439687,0.588825,0.57951
difficulty,0.5,1024,1024-108,0.466667,0.441667,0.433333,0.875,0.65,0.033333,0.0,0.621286,0.461317,0.638325
difficulty,0.5,1024,1024-109,0.291667,0.4,0.175,0.575,0.508333,0.0,0.166667,0.454808,0.540741,0.548014
difficulty,0.5,1024,1024-110,0.458333,0.425,0.333333,0.758333,0.658333,0.0,0.025,0.550909,0.523475,0.525771
difficulty,0.5,1024,1024-111,0.358333,0.416667,0.291667,0.708333,0.608333,0.025,0.016667,0.532001,0.612065,0.538224
difficulty,0.5,1024,1024-112,0.4,0.408333,0.3,0.708333,0.608333,0.0,0.033333,0.511139,0.527975,0.490679
difficulty,0.5,1024,1024-113,0.458333,0.483333,0.4,0.883333,0.675,0.033333,0.0,0.596598,0.598606,0.55985
difficulty,0.5,1024,1024-114,0.516667,0.4,0.475,0.875,0.633333,0.033333,0.0,0.651487,0.487194,0.698331
difficulty,0.5,1024,1024-115,0.466667,0.475,0.408333,0.883333,0.658333,0.041667,0.0,0.621426,0.495195,0.618701
difficulty,0.5,1024,1024-116,0.466667,0.083333,0.658333,0.741667,0.466667,0.125,0.0,0.725754,0.463908,1.037035
difficulty,0.5,1024,1024-117,0.2,0.0,0.6,0.6,0.2,0.233333,0.0,0.78105,0.380129,1.341895
difficulty,0.5,1024,1024-118,0.566667,0.3,0.541667,0.841667,0.616667,0.033333,0.0,0.671337,0.487502,0.782798
difficulty,0.5,1024,1024-119,0.2,0.275,0.041667,0.316667,0.291667,0.016667,0.408333,0.36726,0.462799,0.810428
difficulty,0.5,1024,1024-120,0.516667,0.475,0.475,0.95,0.741667,0.016667,0.0,0.602995,0.536125,0.561578
difficulty,0.5,1024,1024-121,0.025,0.108333,0.025,0.133333,0.108333,0.0,0.683333,0.242338,0.478204,1.333076
difficulty,0.5,1024,1024-122,0.425,0.441667,0.383333,0.825,0.616667,0.033333,0.0,0.600503,0.463799,0.624665
difficulty,0.5,1024,1024-123,0.558333,0.408333,0.525,0.933333,0.683333,0.025,0.0,0.637693,0.547442,0.630742
difficulty,0.5,1024,1024-124,0.266667,0.416667,0.158333,0.575,0.516667,0.0,0.208333,0.445758,0.459873,0.556457
difficulty,0.5,1024,1024-125,0.158333,0.225,0.05,0.275,0.258333,0.016667,0.425,0.355822,0.377646,0.845985
difficulty,0.5,1024,1024-126,0.341667,0.358333,0.225,0.583333,0.525,0.0,0.158333,0.472858,0.443624,0.563141
difficulty,0.5,1024,1024-127,0.416667,0.433333,0.341667,0.775,0.658333,0.008333,0.008333,0.548605,0.456556,0.516343
difficulty,0.5,1024,1024-128,0.466667,0.083333,0.675,0.758333,0.466667,0.108333,0.0,0.72414,0.491891,1.033445
difficulty,0.5,1024,1024-129,0.366667,0.433333,0.183333,0.616667,0.516667,0.016667,0.075,0.487329,0.506194,0.53612
difficulty,0.5,1024,1024-130,0.458333,0.083333,0.65,0.733333,0.458333,0.108333,0.0,0.725922,0.47537,1.037131
difficulty,0.5,1024,1024-131,0.458333,0.5,0.341667,0.841667,0.725,0.016667,0.0,0.554137,0.62086,0.469888
difficulty,0.5,1024,1024-132,0.483333,0.466667,0.441667,0.908333,0.666667,0.033333,0.0,0.628599,0.533585,0.608104
difficulty,0.5,1024,1024-133,0.0,0.0,0.4,0.4,0.0,0.333333,0.0,0.82549,0.303865,1.619487
difficulty,0.5,1024,1024-134,0.366667,0.408333,0.275,0.683333,0.591667,0.016667,0.075,0.509501,0.563003,0.554919
difficulty,0.5,1024,1024-135,0.391667,0.441667,0.283333,0.725,0.641667,0.0,0.041667,0.515525,0.546269,0.51491
difficulty,0.5,1024,1024-136,0.35,0.0,0.683333,0.683333,0.35,0.158333,0.0,0.751593,0.450611,1.174711
difficulty,0.5,1024,1024-137,0.308333,0.316667,0.216667,0.533333,0.491667,0.008333,0.158333,0.465175,0.425076,0.635533
difficulty,0.5,1024,1024-138,0.0,0.0,0.275,0.275,0.0,0.408333,0.0,0.838686,0.306524,1.714603
difficulty,0.5,1024,1024-139,0.533333,0.366667,0.491667,0.858333,0.65,0.033333,0.0,0.656069,0.488508,0.717154
difficulty,0.5,1024,1024-140,0.483333,0.408333,0.433333,0.841667,0.658333,0.058333,0.0,0.64129,0.537803,0.709363
difficulty,0.5,1024,1024-141,0.6,0.366667,0.5,0.866667,0.65,0.025,0.0,0.657349,0.492241,0.708993
difficulty,0.5,1024,1024-142,0.541667,0.308333,0.533333,0.841667,0.558333,0.075,0.0,0.680962,0.485776,0.820931
difficulty,0.5,1024,1024-143,0.241667,0.358333,0.166667,0.525,0.491667,0.008333,0.258333,0.423237,0.511302,0.617805
difficulty,0.5,1024,1024-144,0.2,0.258333,0.041667,0.3,0.291667,0.033333,0.375,0.376002,0.430574,0.795559
difficulty,0.5,1024,1024-145,0.441667,0.475,0.291667,0.766667,0.691667,0.0,0.008333,0.52327,0.524344,0.483537
difficulty,0.5,1024,1024-146,0.508333,0.208333,0.583333,0.791667,0.508333,0.116667,0.0,0.703645,0.47296,0.926318
difficulty,0.5,1024,1024-147,0.391667,0.458333,0.283333,0.741667,0.65,0.016667,0.016667,0.53626,0.535633,0.546235
difficulty,0.5,1024,1024-148,0.416667,0.425,0.333333,0.758333,0.666667,0.0,0.033333,0.523644,0.532181,0.493976
difficulty,0.5,1024,1024-149,0.191667,0.233333,0.066667,0.3,0.291667,0.016667,0.466667,0.350988,0.366927,0.865795
difficulty,0.5,1024,1024-150,0.491667,0.458333,0.425,0.883333,0.708333,0.025,0.0,0.583646,0.5581,0.541551
difficulty,0.5,1024,1024-151,0.233333,0.35,0.108333,0.458333,0.433333,0.0,0.3,0.402197,0.599216,0.637317
difficulty,0.5,1024,1024-152,0.5,0.491667,0.425,0.916667,0.708333,0.016667,0.0,0.616338,0.538073,0.579187
difficulty,0.5,1024,1024-153,0.108333,0.216667,0.033333,0.25,0.25,0.0,0.625,0.302172,0.474717,1.03084
difficulty,0.5,1024,1024-154,0.441667,0.233333,0.483333,0.716667,0.458333,0.166667,0.0,0.714706,0.424691,1.01245
difficulty,0.5,1024,1024-155,0.541667,0.333333,0.55,0.883333,0.625,0.05,0.0,0.659291,0.494647,0.730213
difficulty,0.5,1024,1024-156,0.225,0.416667,0.15,0.566667,0.525,0.0,0.275,0.427789,0.443095,0.622099
difficulty,0.5,1024,1024-157,0.225,0.358333,0.133333,0.491667,0.466667,0.0,0.35,0.399736,0.484592,0.667639
difficulty,0.5,1024,1024-158,0.408333,0.491667,0.283333,0.775,0.666667,0.016667,0.025,0.532103,0.628013,0.519037
difficulty,0.5,1024,1024-159,0.108333,0.266667,0.033333,0.3,0.3,0.0,0.541667,0.33425,0.385386,0.911669
difficulty,0.5,1024,1024-160,0.325,0.416667,0.2,0.616667,0.533333,0.0,0.133333,0.470377,0.489836,0.5384
difficulty,0.5,1024,1024-161,0.058333,0.125,0.016667,0.141667,0.125,0.0,0.625,0.270588,0.362166,1.16152
difficulty,0.5,1024,1024-162,0.383333,0.416667,0.266667,0.683333,0.583333,0.016667,0.066667,0.50801,0.440996,0.545659
difficulty,0.5,1024,1024-163,0.566667,0.441667,0.466667,0.908333,0.708333,0.008333,0.0,0.629753,0.569512,0.627229
difficulty,0.5,1024,1024-164,0.116667,0.25,0.066667,0.316667,0.308333,0.0,0.55,0.317482,0.448134,0.96441
difficulty,0.5,1024,1024-165,0.508333,0.441667,0.433333,0.875,0.683333,0.025,0.0,0.628411,0.508926,0.635903
difficulty,0.5,1024,1024-166,0.341667,0.4,0.241667,0.641667,0.558333,0.008333,0.058333,0.504445,0.627346,0.527005
difficulty,0.5,1024,1024-167,0.358333,0.45,0.25,0.7,0.608333,0.0,0.075,0.501402,0.587305,0.527336
difficulty,0.5,1024,1024-168,0.491667,0.491667,0.383333,0.875,0.691667,0.016667,0.0,0.597104,0.519658,0.560654
difficulty,0.5,1024,1024-169,0.616667,0.358333,0.525,0.883333,0.666667,0.05,0.0,0.659214,0.541738,0.714739
difficulty,0.5,1024,1024-170,0.066667,0.2,0.008333,0.208333,0.2,0.0,0.658333,0.270894,0.425411,1.125204
difficulty,0.5,1024,1024-171,0.008333,0.083333,0.033333,0.116667,0.083333,0.0,0.675,0.244754,0.332016,1.330306
difficulty,0.5,1024,1024-172,0.425,0.433333,0.35,0.783333,0.683333,0.0,0.008333,0.549376,0.43462,0.513488
difficulty,0.5,1024,1024-173,0.35,0.483333,0.191667,0.675,0.591667,0.0,0.133333,0.482673,0.543595,0.550717
difficulty,0.5,1024,1024-174,0.141667,0.241667,0.058333,0.3,0.266667,0.008333,0.441667,0.351418,0.413957,0.866472
difficulty,0.5,1024,1024-175,0.391667,0.425,0.283333,0.708333,0.65,0.008333,0.066667,0.498165,0.555506,0.526465
difficulty,0.5,1024,1024-176,0.458333,0.433333,0.433333,0.866667,0.641667,0.016667,0.0,0.594213,0.517237,0.576568
difficulty,0.5,1024,1024-177,0.375,0.4,0.333333,0.733333,0.591667,0.008333,0.033333,0.554273,0.541533,0.587276
difficulty,0.5,1024,1024-178,0.483333,0.5,0.4,0.9,0.683333,0.025,0.0,0.611019,0.448654,0.570845
difficulty,0.5,1024,1024-179,0.4,0.441667,0.316667,0.758333,0.658333,0.0,0.033333,0.519414,0.535583,0.47337
difficulty,0.5,1024,1024-180,0.275,0.4,0.2,0.6,0.491667,0.0,0.15,0.463062,0.512649,0.545133
difficulty,0.5,1024,1024-181,0.166667,0.241667,0.1,0.341667,0.333333,0.0,0.408333,0.360235,0.694302,0.756922
difficulty,0.5,1024,1024-182,0.358333,0.408333,0.183333,0.591667,0.525,0.0,0.141667,0.467195,0.542568,0.537619
difficulty,0.5,1024,1024-183,0.425,0.458333,0.341667,0.8,0.591667,0.016667,0.0,0.581021,0.499702,0.596914
difficulty,0.5,1024,1024-184,0.466667,0.466667,0.416667,0.883333,0.65,0.05,0.0,0.612727,0.455371,0.616755
difficulty,0.5,1024,1024-185,0.425,0.416667,0.366667,0.783333,0.658333,0.025,0.016667,0.558012,0.438889,0.558597
difficulty,0.5,1024,1024-186,0.225,0.316667,0.166667,0.483333,0.45,0.008333,0.316667,0.409477,0.499129,0.700783
difficulty,0.5,1024,1024-187,0.191667,0.0,0.608333,0.608333,0.191667,0.233333,0.0,0.777456,0.375703,1.317758
difficulty,0.5,1024,1024-188,0.408333,0.483333,0.291667,0.775,0.708333,0.016667,0.025,0.532486,0.596414,0.514987
difficulty,0.5,1024,1024-189,0.225,0.35,0.158333,0.508333,0.458333,0.016667,0.258333,0.4282,0.507306,0.643522
difficulty,0.5,1024,1024-190,0.566667,0.325,0.5,0.825,0.583333,0.075,0.0,0.671354,0.482168,0.774574
difficulty,0.5,1024,1024-191,0.233333,0.391667,0.133333,0.525,0.458333,0.008333,0.216667,0.435461,0.576998,0.604246
difficulty,0.5,1024,1024-192,0.366667,0.433333,0.225,0.658333,0.55,0.008333,0.108333,0.49436,0.517971,0.538752
difficulty,0.5,1024,1024-193,0.391667,0.033333,0.691667,0.725,0.391667,0.108333,0.0,0.741574,0.445308,1.105466
difficulty,0.5,1024,1024-194,0.25,0.35,0.158333,0.508333,0.441667,0.008333,0.183333,0.435714,0.570589,0.616086
difficulty,0.5,1024,1024-195,0.241667,0.358333,0.175,0.533333,0.491667,0.0,0.275,0.424425,0.531656,0.621772
difficulty,0.5,1024,1024-196,0.55,0.291667,0.533333,0.825,0.575,0.058333,0.0,0.677956,0.494556,0.800748
difficulty,0.5,1024,1024-197,0.258333,0.4,0.158333,0.558333,0.525,0.0,0.241667,0.430977,0.462049,0.590242
difficulty,0.5,1024,1024-198,0.35,0.408333,0.233333,0.641667,0.558333,0.0,0.058333,0.50309,0.651563,0.556138
difficulty,0.5,1024,1024-199,0.483333,0.5,0.375,0.875,0.708333,0.0,0.0,0.586104,0.467921,0.533552
difficulty,0.5,2026,2026-0,0.291667,0.425,0.166667,0.591667,0.533333,0.0,0.191667,0.452618,0.553436,0.558281
difficulty,0.5,2026,2026-1,0.441667,0.475,0.416667,0.891667,0.666667,0.033333,0.0,0.602421,0.549219,0.593899
difficulty,0.5,2026,2026-2,0.058333,0.191667,0.016667,0.208333,0.2,0.008333,0.625,0.292922,0.524258,1.088371
difficulty,0.5,2026,2026-3,0.333333,0.0,0.716667,0.716667,0.333333,0.15,0.0,0.747796,0.453983,1.141433
difficulty,0.5,2026,2026-4,0.608333,0.408333,0.475,0.883333,0.7,0.016667,0.0,0.643095,0.572493,0.657292
difficulty,0.5,2026,2026-5,0.383333,0.441667,0.325,0.766667,0.666667,0.0,0.041667,0.526265,0.552779,0.511925
difficulty,0.5,2026,2026-6,0.358333,0.425,0.266667,0.691667,0.6,0.0,0.033333,0.502024,0.640139,0.495846
difficulty,0.5,2026,2026-7,0.483333,0.433333,0.483333,0.916667,0.708333,0.033333,0.0,0.623772,0.484625,0.628173
difficulty,0.5,2026,2026-8,0.4,0.458333,0.291667,0.75,0.666667,0.0,0.008333,0.514479,0.603055,0.472904
difficulty,0.5,2026,2026-9,0.366667,0.433333,0.291667,0.725,0.6,0.008333,0.041667,0.527426,0.616335,0.539017
difficulty,0.5,2026,2026-10,0.591667,0.358333,0.483333,0.841667,0.641667,0.025,0.0,0.662955,0.523688,0.734697
difficulty,0.5,2026,2026-11,0.475,0.433333,0.441667,0.875,0.65,0.025,0.0,0.638554,0.536164,0.648281
difficulty,0.5,2026,2026-12,0.441667,0.483333,0.316667,0.8,0.675,0.016667,0.0,0.56506,0.531532,0.543026
difficulty,0.5,2026,2026-13,0.416667,0.441667,0.333333,0.775,0.675,0.025,0.0,0.548992,0.575057,0.506088
difficulty,0.5,2026,2026-14,0.408333,0.425,0.366667,0.791667,0.6,0.025,0.0,0.598101,0.553436,0.628787
difficulty,0.5,2026,2026-15,0.333333,0.425,0.158333,0.583333,0.533333,0.0,0.133333,0.452761,0.66537,0.509066
difficulty,0.5,2026,2026-16,0.325,0.4,0.266667,0.666667,0.558333,0.016667,0.05,0.511723,0.543857,0.536815
difficulty,0.5,2026,2026-17,0.516667,0.391667,0.458333,0.85,0.641667,0.058333,0.0,0.650661,0.502109,0.700774
difficulty,0.5,2026,2026-18,0.475,0.466667,0.358333,0.825,0.675,0.025,0.0,0.570275,0.475894,0.548814
difficulty,0.5,2026,2026-19,0.141667,0.283333,0.05,0.333333,0.325,0.008333,0.425,0.356836,0.585287,0.770841
difficulty,0.5,2026,2026-20,0.375,0.45,0.191667,0.641667,0.608333,0.0,0.1,0.477605,0.629241,0.497885
difficulty,0.5,2026,2026-21,0.533333,0.325,0.475,0.8,0.608333,0.025,0.0,0.665975,0.491605,0.756613
difficulty,0.5,2026,2026-22,0.425,0.441667,0.291667,0.733333,0.666667,0.016667,0.05,0.533328,0.593617,0.542904
difficulty,0.5,2026,2026-23,0.45,0.483333,0.275,0.758333,0.675,0.0,0.025,0.515917,0.687261,0.451881
difficulty,0.5,2026,2026-24,0.591667,0.325,0.541667,0.866667,0.675,0.008333,0.0,0.65682,0.504321,0.70981
difficulty,0.5,2026,2026-25,0.0,0.0,0.6,0.6,0.0,0.208333,0.0,0.795235,0.404511,1.410826
difficulty,0.5,2026,2026-26,0.316667,0.425,0.183333,0.608333,0.508333,0.0,0.116667,0.469704,0.544976,0.540209
difficulty,0.5,2026,2026-27,0.358333,0.016667,0.691667,0.708333,0.358333,0.141667,0.0,0.747106,0.429881,1.138679
difficulty,0.5,2026,2026-28,0.183333,0.316667,0.108333,0.425,0.408333,0.008333,0.375,0.385902,0.553094,0.725448
difficulty,0.5,2026,2026-29,0.441667,0.55,0.35,0.9,0.725,0.016667,0.0,0.582608,0.58659,0.510505
difficulty,0.5,2026,2026-30,0.233333,0.375,0.116667,0.491667,0.483333,0.0,0.333333,0.402674,0.481239,0.63222
difficulty,0.5,2026,2026-31,0.35,0.0,0.683333,0.683333,0.35,0.166667,0.0,0.751009,0.425612,1.169655
difficulty,0.5,2026,2026-32,0.583333,0.275,0.541667,0.816667,0.583333,0.033333,0.0,0.681919,0.492317,0.815552
difficulty,0.5,2026,2026-33,0.366667,0.1,0.625,0.725,0.366667,0.175,0.0,0.734403,0.414169,1.084414
difficulty,0.5,2026,2026-34,0.308333,0.366667,0.191667,0.558333,0.5,0.008333,0.125,0.464077,0.425445,0.554503
difficulty,0.5,2026,2026-35,0.6,0.383333,0.491667,0.875,0.666667,0.033333,0.0,0.646317,0.575775,0.661642
difficulty,0.5,2026,2026-36,0.408333,0.483333,0.191667,0.675,0.616667,0.0,0.083333,0.492327,0.524935,0.482767
difficulty,0.5,2026,2026-37,0.366667,0.433333,0.216667,0.65,0.575,0.008333,0.083333,0.496353,0.568866,0.522323
difficulty,0.5,2026,2026-38,0.541667,0.475,0.433333,0.908333,0.708333,0.033333,0.0,0.626103,0.586837,0.614014
difficulty,0.5,2026,2026-39,0.491667,0.241667,0.525,0.766667,0.5,0.125,0.0,0.697131,0.469361,0.898846
difficulty,0.5,2026,2026-40,0.4,0.45,0.416667,0.866667,0.625,0.058333,0.0,0.607222,0.515903,0.622723
difficulty,0.5,2026,2026-41,0.375,0.408333,0.233333,0.641667,0.558333,0.0,0.125,0.481474,0.554519,0.540188
difficulty,0.5,2026,2026-42,0.308333,0.366667,0.208333,0.575,0.483333,0.0,0.166667,0.464173,0.507224,0.591293
difficulty,0.5,2026,2026-43,0.3,0.0,0.633333,0.633333,0.3,0.225,0.0,0.766012,0.408616,1.271545
difficulty,0.5,2026,2026-44,0.575,0.408333,0.491667,0.9,0.683333,0.025,0.0,0.644049,0.548754,0.663768
difficulty,0.5,2026,2026-45,0.65,0.425,0.45,0.875,0.675,0.033333,0.0,0.649592,0.581214,0.66649
difficulty,0.5,2026,2026-46,0.0,0.0,0.158333,0.158333,0.0,0.433333,0.0,0.848419,0.280286,1.789874
difficulty,0.5,2026,2026-47,0.325,0.383333,0.166667,0.55,0.5,0.0,0.2,0.443984,0.564796,0.562842
difficulty,0.5,2026,2026-48,0.0,0.0,0.0,0.0,0.0,0.6,0.0,0.864737,0.296822,1.896335
difficulty,0.5,2026,2026-49,0.0,0.0,0.0,0.0,0.0,1.0,0.0,0.916205,0.184242,2.441482
difficulty,0.5,2026,2026-50,0.175,0.0,0.625,0.625,0.175,0.216667,0.0,0.778481,0.39828,1.312484
difficulty,0.5,2026,2026-51,0.525,0.208333,0.6,0.808333,0.533333,0.058333,0.0,0.692798,0.44731,0.868395
difficulty,0.5,2026,2026-52,0.35,0.391667,0.166667,0.558333,0.483333,0.008333,0.083333,0.4675,0.556177,0.507289
difficulty,0.5,2026,2026-53,0.566667,0.216667,0.625,0.841667,0.566667,0.041667,0.0,0.689954,0.53746,0.847807
difficulty,0.5,2026,2026-54,0.383333,0.433333,0.258333,0.691667,0.625,0.0,0.075,0.492912,0.581687,0.48901
difficulty,0.5,2026,2026-55,0.483333,0.433333,0.391667,0.825,0.691667,0.025,0.0,0.589556,0.457771,0.581099
difficulty,0.5,2026,2026-56,0.433333,0.416667,0.3,0.716667,0.641667,0.0,0.1,0.513792,0.631703,0.514831
difficulty,0.5,2026,2026-57,0.458333,0.466667,0.441667,0.908333,0.683333,0.025,0.0,0.604771,0.550589,0.581467
difficulty,0.5,2026,2026-58,0.408333,0.033333,0.683333,0.716667,0.408333,0.125,0.0,0.738143,0.457927,1.105448
difficulty,0.5,2026,2026-59,0.383333,0.433333,0.208333,0.641667,0.575,0.008333,0.116667,0.492838,0.51116,0.529256
difficulty,0.5,2026,2026-60,0.225,0.375,0.108333,0.483333,0.441667,0.0,0.308333,0.404093,0.654244,0.641515
difficulty,0.5,2026,2026-61,0.25,0.325,0.183333,0.508333,0.441667,0.0,0.216667,0.424099,0.568143,0.655127
difficulty,0.5,2026,2026-62,0.283333,0.391667,0.15,0.541667,0.516667,0.016667,0.191667,0.440038,0.475457,0.590644
difficulty,0.5,2026,2026-63,0.216667,0.266667,0.075,0.341667,0.325,0.016667,0.391667,0.378668,0.405941,0.778083
difficulty,0.5,2026,2026-64,0.283333,0.308333,0.183333,0.491667,0.441667,0.008333,0.233333,0.434108,0.569801,0.632511
difficulty,0.5,2026,2026-65,0.341667,0.008333,0.708333,0.716667,0.341667,0.15,0.0,0.74797,0.404546,1.138288
difficulty,0.5,2026,2026-66,0.35,0.425,0.183333,0.608333,0.533333,0.0,0.125,0.466841,0.621738,0.548876
difficulty,0.5,2026,2026-67,0.483333,0.533333,0.383333,0.916667,0.733333,0.016667,0.0,0.602735,0.539975,0.544306
difficulty,0.5,2026,2026-68,0.2,0.275,0.15,0.425,0.4,0.0,0.358333,0.389518,0.535198,0.727346
difficulty,0.5,2026,2026-69,0.5,0.541667,0.366667,0.908333,0.725,0.025,0.0,0.584512,0.559664,0.505347
difficulty,0.5,2026,2026-70,0.108333,0.225,0.041667,0.266667,0.266667,0.0,0.508333,0.315653,0.463372,0.936748
difficulty,0.5,2026,2026-71,0.325,0.425,0.183333,0.608333,0.525,0.0,0.141667,0.464176,0.559502,0.534543
difficulty,0.5,2026,2026-72,0.0,0.0,0.15,0.15,0.0,0.483333,0.0,0.855702,0.274079,1.857904
difficulty,0.5,2026,2026-73,0.358333,0.425,0.208333,0.633333,0.566667,0.0,0.116667,0.477857,0.58366,0.525854
difficulty,0.5,2026,2026-74,0.425,0.041667,0.641667,0.683333,0.425,0.125,0.0,0.734946,0.394818,1.081241
difficulty,0.5,2026,2026-75,0.45,0.391667,0.516667,0.908333,0.625,0.025,0.0,0.635962,0.512481,0.66232
difficulty,0.5,2026,2026-76,0.408333,0.45,0.341667,0.791667,0.7,0.008333,0.016667,0.528245,0.618089,0.468897
difficulty,0.5,2026,2026-77,0.308333,0.383333,0.208333,0.591667,0.508333,0.0,0.15,0.461962,0.594969,0.541927
difficulty,0.5,2026,2026-78,0.366667,0.008333,0.675,0.683333,0.366667,0.166667,0.0,0.746971,0.411546,1.145042
difficulty,0.5,2026,2026-79,0.441667,0.466667,0.316667,0.783333,0.691667,0.0,0.033333,0.534368,0.596455,0.476738
difficulty,0.5,2026,2026-80,0.2,0.0,0.666667,0.666667,0.2,0.175,0.0,0.766402,0.426672,1.250179
difficulty,0.5,2026,2026-81,0.341667,0.408333,0.216667,0.625,0.541667,0.016667,0.116667,0.478684,0.524442,0.588071
difficulty,0.5,2026,2026-82,0.466667,0.491667,0.391667,0.883333,0.708333,0.025,0.0,0.584928,0.501069,0.529054
difficulty,0.5,2026,2026-83,0.491667,0.433333,0.45,0.883333,0.65,0.025,0.0,0.638443,0.504924,0.660057
difficulty,0.5,2026,2026-84,0.491667,0.475,0.416667,0.891667,0.708333,0.025,0.0,0.616117,0.552627,0.584725
difficulty,0.5,2026,2026-85,0.158333,0.341667,0.083333,0.425,0.425,0.0,0.383333,0.374055,0.5586,0.680031
difficulty,0.5,2026,2026-86,0.375,0.458333,0.233333,0.691667,0.541667,0.008333,0.075,0.505436,0.4245,0.5425
difficulty,0.5,2026,2026-87,0.458333,0.45,0.391667,0.841667,0.775,0.008333,0.0,0.557068,0.465097,0.490562
difficulty,0.5,2026,2026-88,0.3,0.383333,0.175,0.558333,0.483333,0.008333,0.191667,0.449406,0.536587,0.597935
difficulty,0.5,2026,2026-89,0.575,0.375,0.516667,0.891667,0.65,0.041667,0.0,0.654674,0.530856,0.696159
difficulty,0.5,2026,2026-90,0.583333,0.4,0.508333,0.908333,0.641667,0.025,0.0,0.647349,0.514812,0.657994
difficulty,0.5,2026,2026-91,0.066667,0.233333,0.008333,0.241667,0.241667,0.0,0.591667,0.295914,0.488947,1.047359
difficulty,0.5,2026,2026-92,0.125,0.216667,0.033333,0.25,0.25,0.008333,0.6,0.307341,0.507468,1.009531
difficulty,0.5,2026,2026-93,0.208333,0.316667,0.116667,0.433333,0.408333,0.008333,0.341667,0.393084,0.451364,0.732992
difficulty,0.5,2026,2026-94,0.433333,0.416667,0.4,0.816667,0.641667,0.05,0.0,0.605273,0.48558,0.631472
difficulty,0.5,2026,2026-95,0.0,0.0,0.525,0.525,0.0,0.258333,0.0,0.815801,0.379793,1.544387
difficulty,0.5,2026,2026-96,0.366667,0.408333,0.325,0.733333,0.633333,0.016667,0.041667,0.534447,0.487431,0.568101
difficulty,0.5,2026,2026-97,0.475,0.5,0.408333,0.908333,0.716667,0.008333,0.0,0.594028,0.575583,0.522871
difficulty,0.5,2026,2026-98,0.216667,0.341667,0.15,0.491667,0.425,0.0,0.266667,0.41659,0.544921,0.637023
difficulty,0.5,2026,2026-99,0.241667,0.375,0.15,0.525,0.491667,0.0,0.291667,0.417084,0.526915,0.619351
difficulty,0.5,2026,2026-100,0.066667,0.208333,0.016667,0.225,0.216667,0.0,0.616667,0.302319,0.366903,1.083846
difficulty,0.5,2026,2026-101,0.433333,0.5,0.35,0.85,0.7,0.008333,0.0,0.559427,0.565448,0.498089
difficulty,0.5,2026,2026-102,0.5,0.175,0.591667,0.766667,0.5,0.066667,0.0,0.703111,0.457599,0.919093
difficulty,0.5,2026,2026-103,0.375,0.466667,0.283333,0.75,0.683333,0.0,0.041667,0.505271,0.583932,0.471875
difficulty,0.5,2026,2026-104,0.35,0.0,0.683333,0.683333,0.35,0.175,0.0,0.75593,0.43209,1.21476
difficulty,0.5,2026,2026-105,0.5,0.475,0.416667,0.891667,0.725,0.033333,0.0,0.598197,0.534979,0.561636
difficulty,0.5,2026,2026-106,0.441667,0.466667,0.358333,0.825,0.65,0.008333,0.0,0.581655,0.488128,0.576084
difficulty,0.5,2026,2026-107,0.541667,0.458333,0.433333,0.891667,0.691667,0.033333,0.0,0.635112,0.543874,0.639202
difficulty,0.5,2026,2026-108,0.475,0.375,0.508333,0.883333,0.608333,0.041667,0.0,0.656532,0.435704,0.720438
difficulty,0.5,2026,2026-109,0.483333,0.108333,0.641667,0.75,0.483333,0.108333,0.0,0.721771,0.474268,1.023276
difficulty,0.5,2026,2026-110,0.333333,0.391667,0.191667,0.583333,0.55,0.0,0.158333,0.454137,0.517468,0.538666
difficulty,0.5,2026,2026-111,0.066667,0.108333,0.008333,0.116667,0.108333,0.0,0.666667,0.246147,0.372183,1.270338
difficulty,0.5,2026,2026-112,0.425,0.483333,0.4,0.883333,0.666667,0.033333,0.0,0.585194,0.551014,0.547182
difficulty,0.5,2026,2026-113,0.383333,0.45,0.216667,0.666667,0.583333,0.0,0.075,0.493317,0.478896,0.516901
difficulty,0.5,2026,2026-114,0.416667,0.525,0.333333,0.858333,0.733333,0.0,0.0,0.543427,0.639383,0.465947
difficulty,0.5,2026,2026-115,0.075,0.0,0.575,0.575,0.075,0.258333,0.0,0.792669,0.362904,1.415138
difficulty,0.5,2026,2026-116,0.25,0.366667,0.158333,0.525,0.508333,0.0,0.266667,0.417641,0.496543,0.617836
difficulty,0.5,2026,2026-117,0.566667,0.366667,0.5,0.866667,0.658333,0.033333,0.0,0.650304,0.608397,0.681188
difficulty,0.5,2026,2026-118,0.466667,0.166667,0.6,0.766667,0.466667,0.108333,0.0,0.709582,0.433743,0.955816
difficulty,0.5,2026,2026-119,0.525,0.466667,0.425,0.891667,0.7,0.025,0.0,0.623641,0.570598,0.615474
difficulty,0.5,2026,2026-120,0.466667,0.066667,0.675,0.741667,0.466667,0.133333,0.0,0.724967,0.43717,1.035854
difficulty,0.5,2026,2026-121,0.366667,0.425,0.25,0.675,0.591667,0.0,0.083333,0.502373,0.568467,0.535016
difficulty,0.5,2026,2026-122,0.325,0.416667,0.116667,0.533333,0.5,0.0,0.141667,0.438984,0.678459,0.52683
difficulty,0.5,2026,2026-123,0.525,0.15,0.65,0.8,0.525,0.075,0.0,0.706556,0.482507,0.93498
difficulty,0.5,2026,2026-124,0.491667,0.308333,0.5,0.808333,0.55,0.1,0.0,0.681238,0.466083,0.837422
difficulty,0.5,2026,2026-125,0.391667,0.0,0.708333,0.708333,0.391667,0.166667,0.0,0.749988,0.447235,1.177563
difficulty,0.5,2026,2026-126,0.45,0.416667,0.475,0.891667,0.641667,0.025,0.0,0.616551,0.47027,0.627854
difficulty,0.5,2026,2026-127,0.175,0.0,0.7,0.7,0.175,0.191667,0.0,0.770058,0.448661,1.268408
difficulty,0.5,2026,2026-128,0.391667,0.425,0.283333,0.708333,0.625,0.008333,0.058333,0.538144,0.548965,0.562795
difficulty,0.5,2026,2026-129,0.233333,0.375,0.158333,0.533333,0.5,0.0,0.3,0.417129,0.504586,0.618008
difficulty,0.5,2026,2026-130,0.058333,0.125,0.041667,0.166667,0.133333,0.0,0.625,0.27978,0.336895,1.154366
difficulty,0.5,2026,2026-131,0.216667,0.366667,0.15,0.516667,0.491667,0.0,0.325,0.401622,0.574697,0.646396
difficulty,0.5,2026,2026-132,0.541667,0.208333,0.566667,0.775,0.55,0.033333,0.0,0.695319,0.425047,0.876792
difficulty,0.5,2026,2026-133,0.241667,0.291667,0.066667,0.358333,0.35,0.0,0.366667,0.371113,0.385918,0.762741
difficulty,0.5,2026,2026-134,0.433333,0.458333,0.241667,0.7,0.633333,0.0,0.033333,0.512449,0.501965,0.499278
difficulty,0.5,2026,2026-135,0.0,0.0,0.35,0.35,0.0,0.283333,0.0,0.826966,0.346283,1.61214
difficulty,0.5,2026,2026-136,0.491667,0.25,0.516667,0.766667,0.5,0.125,0.0,0.700244,0.434087,0.919971
difficulty,0.5,2026,2026-137,0.05,0.0,0.533333,0.533333,0.05,0.258333,0.0,0.801676,0.364788,1.462995
difficulty,0.5,2026,2026-138,0.233333,0.35,0.133333,0.483333,0.458333,0.016667,0.283333,0.423784,0.542969,0.649751
difficulty,0.5,2026,2026-139,0.008333,0.058333,0.033333,0.091667,0.058333,0.0,0.741667,0.222992,0.378879,1.467465
difficulty,0.5,2026,2026-140,0.3,0.0,0.65,0.65,0.3,0.183333,0.0,0.765271,0.434712,1.255202
difficulty,0.5,2026,2026-141,0.208333,0.3,0.058333,0.358333,0.341667,0.0,0.4,0.367862,0.488359,0.744463
difficulty,0.5,2026,2026-142,0.45,0.516667,0.375,0.891667,0.725,0.025,0.0,0.58097,0.535385,0.521981
difficulty,0.5,2026,2026-143,0.425,0.433333,0.4,0.833333,0.6,0.05,0.0,0.608374,0.529541,0.633243
difficulty,0.5,2026,2026-144,0.316667,0.383333,0.183333,0.566667,0.533333,0.008333,0.166667,0.459764,0.38726,0.575725
difficulty,0.5,2026,2026-145,0.191667,0.0,0.533333,0.533333,0.191667,0.266667,0.0,0.788546,0.350344,1.405837
difficulty,0.5,2026,2026-146,0.225,0.0,0.7,0.7,0.225,0.15,0.0,0.757697,0.473344,1.191303
difficulty,0.5,2026,2026-147,0.583333,0.475,0.433333,0.908333,0.725,0.016667,0.0,0.622402,0.619206,0.571714
difficulty,0.5,2026,2026-148,0.466667,0.5,0.366667,0.866667,0.7,0.016667,0.0,0.572771,0.515293,0.530791
difficulty,0.5,2026,2026-149,0.458333,0.508333,0.391667,0.9,0.716667,0.016667,0.0,0.589881,0.565906,0.539693
difficulty,0.5,2026,2026-150,0.191667,0.366667,0.116667,0.483333,0.45,0.0,0.325,0.396885,0.602371,0.66012
difficulty,0.5,2026,2026-151,0.416667,0.433333,0.316667,0.75,0.683333,0.008333,0.05,0.517172,0.613489,0.481459
difficulty,0.5,2026,2026-152,0.475,0.45,0.391667,0.841667,0.666667,0.008333,0.0,0.579729,0.441774,0.543451
difficulty,0.5,2026,2026-153,0.308333,0.425,0.158333,0.583333,0.516667,0.008333,0.158333,0.449244,0.538069,0.586923
difficulty,0.5,2026,2026-154,0.458333,0.25,0.558333,0.808333,0.5,0.125,0.0,0.692121,0.476751,0.882603
difficulty,0.5,2026,2026-155,0.183333,0.291667,0.066667,0.358333,0.35,0.008333,0.408333,0.360762,0.559118,0.794142
difficulty,0.5,2026,2026-156,0.416667,0.466667,0.3,0.766667,0.658333,0.0,0.025,0.522502,0.468183,0.5134
difficulty,0.5,2026,2026-157,0.041667,0.1,0.033333,0.133333,0.1,0.0,0.641667,0.256769,0.339321,1.283471
difficulty,0.5,2026,2026-158,0.516667,0.383333,0.533333,0.916667,0.641667,0.041667,0.0,0.644548,0.496665,0.679732
difficulty,0.5,2026,2026-159,0.516667,0.258333,0.533333,0.791667,0.558333,0.05,0.0,0.682659,0.459779,0.828582
difficulty,0.5,2026,2026-160,0.533333,0.391667,0.45,0.841667,0.633333,0.083333,0.0,0.648535,0.56937,0.709716
difficulty,0.5,2026,2026-161,0.0,0.0,0.0,0.0,0.0,1.0,0.0,0.902486,0.205647,2.274429
difficulty,0.5,2026,2026-162,0.483333,0.191667,0.566667,0.758333,0.483333,0.091667,0.0,0.709163,0.432918,0.952875
difficulty,0.5,2026,2026-163,0.266667,0.341667,0.158333,0.5,0.425,0.0,0.25,0.427993,0.583616,0.626568
difficulty,0.5,2026,2026-164,0.0,0.0,0.0,0.0,0.0,0.9,0.0,0.873527,0.280217,1.971877
difficulty,0.5,2026,2026-165,0.308333,0.35,0.175,0.525,0.491667,0.008333,0.2,0.436458,0.537359,0.602812
difficulty,0.5,2026,2026-166,0.55,0.3,0.5,0.8,0.575,0.066667,0.0,0.682469,0.488681,0.84151
difficulty,0.5,2026,2026-167,0.525,0.308333,0.525,0.833333,0.591667,0.066667,0.0,0.669793,0.514039,0.776719
difficulty,0.5,2026,2026-168,0.308333,0.383333,0.175,0.558333,0.525,0.008333,0.191667,0.446184,0.517865,0.601732
difficulty,0.5,2026,2026-169,0.266667,0.0,0.625,0.625,0.266667,0.216667,0.0,0.767949,0.375635,1.268846
difficulty,0.5,2026,2026-170,0.491667,0.408333,0.475,0.883333,0.675,0.025,0.0,0.628007,0.500641,0.652603
difficulty,0.5,2026,2026-171,0.533333,0.35,0.508333,0.858333,0.608333,0.025,0.0,0.660577,0.454324,0.729047
difficulty,0.5,2026,2026-172,0.333333,0.416667,0.141667,0.558333,0.491667,0.0,0.133333,0.459924,0.593721,0.516298
difficulty,0.5,2026,2026-173,0.441667,0.0,0.75,0.75,0.441667,0.108333,0.0,0.734317,0.470225,1.070242
difficulty,0.5,2026,2026-174,0.3,0.366667,0.15,0.516667,0.466667,0.0,0.225,0.43513,0.638179,0.609826
difficulty,0.5,2026,2026-175,0.091667,0.216667,0.0,0.216667,0.216667,0.008333,0.566667,0.309742,0.468198,0.987087
difficulty,0.5,2026,2026-176,0.341667,0.0,0.708333,0.708333,0.341667,0.166667,0.0,0.751066,0.455104,1.163961
difficulty,0.5,2026,2026-177,0.366667,0.408333,0.258333,0.666667,0.591667,0.0,0.058333,0.499823,0.602583,0.517033
difficulty,0.5,2026,2026-178,0.391667,0.491667,0.35,0.841667,0.683333,0.025,0.0,0.577013,0.533588,0.532733
difficulty,0.5,2026,2026-179,0.0,0.0,0.466667,0.466667,0.0,0.341667,0.0,0.821322,0.322086,1.594136
difficulty,0.5,2026,2026-180,0.466667,0.083333,0.666667,0.75,0.466667,0.075,0.0,0.719255,0.469107,0.997722
difficulty,0.5,2026,2026-181,0.558333,0.4,0.441667,0.841667,0.683333,0.058333,0.0,0.650884,0.554216,0.708188
difficulty,0.5,2026,2026-182,0.516667,0.125,0.658333,0.783333,0.516667,0.091667,0.0,0.706446,0.495412,0.934324
difficulty,0.5,2026,2026-183,0.325,0.408333,0.15,0.558333,0.483333,0.0,0.15,0.462058,0.525474,0.523946
difficulty,0.5,2026,2026-184,0.583333,0.316667,0.533333,0.85,0.6,0.05,0.0,0.671306,0.507076,0.769825
difficulty,0.5,2026,2026-185,0.475,0.1,0.65,0.75,0.475,0.133333,0.0,0.718397,0.46425,0.998749
difficulty,0.5,2026,2026-186,0.583333,0.316667,0.541667,0.858333,0.6,0.058333,0.0,0.66976,0.505989,0.756591
difficulty,0.5,2026,2026-187,0.433333,0.433333,0.375,0.808333,0.683333,0.0,0.016667,0.563082,0.454197,0.53471
difficulty,0.5,2026,2026-188,0.0,0.025,0.0,0.025,0.025,0.0,0.966667,0.090923,0.250383,2.580688
difficulty,0.5,2026,2026-189,0.55,0.358333,0.541667,0.9,0.641667,0.05,0.0,0.655607,0.471724,0.716049
difficulty,0.5,2026,2026-190,0.441667,0.508333,0.383333,0.891667,0.691667,0.025,0.0,0.584673,0.53953,0.535086
difficulty,0.5,2026,2026-191,0.383333,0.441667,0.325,0.766667,0.625,0.0,0.0,0.543286,0.439048,0.530507
difficulty,0.5,2026,2026-192,0.55,0.283333,0.575,0.858333,0.608333,0.05,0.0,0.670431,0.521529,0.76495
difficulty,0.5,2026,2026-193,0.508333,0.533333,0.441667,0.975,0.75,0.0,0.0,0.587595,0.594691,0.481652
difficulty,0.5,2026,2026-194,0.441667,0.391667,0.475,0.866667,0.608333,0.041667,0.0,0.611577,0.506696,0.63019
difficulty,0.5,2026,2026-195,0.216667,0.25,0.083333,0.333333,0.308333,0.008333,0.416667,0.366879,0.474411,0.798959
difficulty,0.5,2026,2026-196,0.208333,0.275,0.075,0.35,0.341667,0.016667,0.4,0.368214,0.486961,0.800062
difficulty,0.5,2026,2026-197,0.525,0.416667,0.525,0.941667,0.658333,0.016667,0.0,0.635108,0.46264,0.642047
difficulty,0.5,2026,2026-198,0.458333,0.5,0.375,0.875,0.725,0.008333,0.0,0.587866,0.496433,0.549695
difficulty,0.5,2026,2026-199,0.55,0.466667,0.466667,0.933333,0.708333,0.016667,0.0,0.615947,0.409852,0.579419
difficulty,1.0,42,42-0,0.5,0.5,0.416667,0.916667,0.708333,0.058333,0.0,0.619606,0.572683,0.610879
difficulty,1.0,42,42-1,0.333333,0.366667,0.125,0.491667,0.425,0.0,0.208333,0.475447,0.46119,0.661274
difficulty,1.0,42,42-2,0.483333,0.216667,0.533333,0.75,0.483333,0.166667,0.0,0.708891,0.417753,0.97901
difficulty,1.0,42,42-3,0.458333,0.158333,0.558333,0.716667,0.458333,0.158333,0.0,0.720557,0.468973,1.052431
difficulty,1.0,42,42-4,0.183333,0.141667,0.108333,0.25,0.25,0.008333,0.541667,0.329105,0.485348,1.062816
difficulty,1.0,42,42-5,0.15,0.358333,0.175,0.533333,0.425,0.0,0.308333,0.431327,0.454988,0.690881
difficulty,1.0,42,42-6,0.433333,0.383333,0.491667,0.875,0.591667,0.041667,0.0,0.642292,0.403045,0.73373
difficulty,1.0,42,42-7,0.366667,0.391667,0.291667,0.683333,0.516667,0.108333,0.008333,0.582186,0.459806,0.735428
difficulty,1.0,42,42-8,0.4,0.458333,0.408333,0.866667,0.566667,0.058333,0.0,0.614886,0.423019,0.639644
difficulty,1.0,42,42-9,0.316667,0.3,0.191667,0.491667,0.441667,0.033333,0.166667,0.479975,0.561848,0.667644
difficulty,1.0,42,42-10,0.5,0.208333,0.566667,0.775,0.5,0.133333,0.0,0.701334,0.515157,0.929994
difficulty,1.0,42,42-11,0.575,0.258333,0.566667,0.825,0.591667,0.058333,0.0,0.681377,0.525771,0.813158
difficulty,1.0,42,42-12,0.433333,0.5,0.383333,0.883333,0.675,0.025,0.0,0.599288,0.531124,0.590434
difficulty,1.0,42,42-13,0.375,0.058333,0.625,0.683333,0.375,0.158333,0.0,0.746636,0.411059,1.166611
difficulty,1.0,42,42-14,0.516667,0.425,0.45,0.875,0.658333,0.066667,0.0,0.643162,0.558856,0.681608
difficulty,1.0,42,42-15,0.341667,0.325,0.2,0.525,0.466667,0.025,0.166667,0.500254,0.453524,0.666383
difficulty,1.0,42,42-16,0.533333,0.383333,0.425,0.808333,0.633333,0.05,0.0,0.655336,0.448066,0.732807
difficulty,1.0,42,42-17,0.366667,0.383333,0.141667,0.525,0.458333,0.0,0.158333,0.460616,0.531677,0.585748
difficulty,1.0,42,42-18,0.491667,0.158333,0.6,0.758333,0.491667,0.125,0.0,0.70808,0.462588,0.950544
difficulty,1.0,42,42-19,0.408333,0.458333,0.425,0.883333,0.6,0.05,0.0,0.607881,0.44872,0.628794
difficulty,1.0,42,42-20,0.35,0.416667,0.333333,0.75,0.558333,0.033333,0.0,0.568183,0.545269,0.601402
difficulty,1.0,42,42-21,0.375,0.4,0.158333,0.558333,0.533333,0.008333,0.083333,0.472839,0.618942,0.559057
difficulty,1.0,42,42-22,0.325,0.0,0.675,0.675,0.325,0.191667,0.0,0.755574,0.404574,1.201099
difficulty,1.0,42,42-23,0.391667,0.475,0.316667,0.791667,0.658333,0.041667,0.0,0.566068,0.576102,0.583598
difficulty,1.0,42,42-24,0.366667,0.375,0.366667,0.741667,0.633333,0.05,0.016667,0.558691,0.439618,0.604919
difficulty,1.0,42,42-25,0.391667,0.358333,0.333333,0.691667,0.616667,0.075,0.008333,0.578246,0.434196,0.674007
difficulty,1.0,42,42-26,0.5,0.383333,0.441667,0.825,0.616667,0.091667,0.0,0.657912,0.535504,0.743872
difficulty,1.0,42,42-27,0.458333,0.325,0.425,0.75,0.583333,0.083333,0.0,0.673402,0.413828,0.855041
difficulty,1.0,42,42-28,0.516667,0.366667,0.425,0.791667,0.616667,0.075,0.0,0.6636,0.445516,0.779054
difficulty,1.0,42,42-29,0.55,0.425,0.433333,0.858333,0.641667,0.083333,0.0,0.652274,0.49946,0.716201
difficulty,1.0,42,42-30,0.0,0.0,0.183333,0.183333,0.0,0.383333,0.0,0.84625,0.309523,1.774303
difficulty,1.0,42,42-31,0.383333,0.416667,0.316667,0.733333,0.691667,0.05,0.033333,0.539036,0.546553,0.588975
difficulty,1.0,42,42-32,0.35,0.333333,0.333333,0.666667,0.591667,0.033333,0.025,0.536628,0.495803,0.587957
difficulty,1.0,42,42-33,0.316667,0.383333,0.208333,0.591667,0.508333,0.041667,0.108333,0.50111,0.500477,0.659745
difficulty,1.0,42,42-34,0.575,0.383333,0.466667,0.85,0.633333,0.066667,0.0,0.658361,0.551197,0.723328
difficulty,1.0,42,42-35,0.366667,0.058333,0.616667,0.675,0.366667,0.183333,0.0,0.747558,0.414936,1.174379
difficulty,1.0,42,42-36,0.366667,0.5,0.325,0.825,0.616667,0.041667,0.0,0.578556,0.529326,0.585904
difficulty,1.0,42,42-37,0.333333,0.316667,0.208333,0.525,0.475,0.008333,0.166667,0.485868,0.548582,0.673011
difficulty,1.0,42,42-38,0.358333,0.35,0.216667,0.566667,0.483333,0.016667,0.133333,0.485414,0.509095,0.596552
difficulty,1.0,42,42-39,0.591667,0.333333,0.508333,0.841667,0.633333,0.058333,0.0,0.665308,0.5396,0.746033
difficulty,1.0,42,42-40,0.525,0.241667,0.533333,0.775,0.55,0.141667,0.0,0.698016,0.46542,0.925831
difficulty,1.0,42,42-41,0.5,0.341667,0.466667,0.808333,0.591667,0.091667,0.0,0.667254,0.503687,0.789954
difficulty,1.0,42,42-42,0.358333,0.358333,0.25,0.608333,0.558333,0.033333,0.075,0.503517,0.530974,0.595406
difficulty,1.0,42,42-43,0.466667,0.5,0.375,0.875,0.666667,0.041667,0.0,0.602726,0.61095,0.572414
difficulty,1.0,42,42-44,0.45,0.408333,0.366667,0.775,0.633333,0.058333,0.0,0.617799,0.518964,0.68705
difficulty,1.0,42,42-45,0.483333,0.5,0.4,0.9,0.7,0.016667,0.0,0.620025,0.513878,0.600921
difficulty,1.0,42,42-46,0.491667,0.15,0.6,0.75,0.491667,0.116667,0.0,0.710121,0.449552,0.960528
difficulty,1.0,42,42-47,0.483333,0.45,0.416667,0.866667,0.666667,0.033333,0.0,0.622937,0.51248,0.636471
difficulty,1.0,42,42-48,0.508333,0.258333,0.516667,0.775,0.541667,0.116667,0.0,0.691009,0.456436,0.883082
difficulty,1.0,42,42-49,0.4,0.483333,0.341667,0.825,0.658333,0.041667,0.0,0.579847,0.631959,0.561695
difficulty,1.0,42,42-50,0.491667,0.458333,0.4,0.858333,0.675,0.041667,0.0,0.625792,0.533248,0.639684
difficulty,1.0,42,42-51,0.558333,0.316667,0.516667,0.833333,0.6,0.075,0.0,0.677375,0.484908,0.806037
difficulty,1.0,42,42-52,0.15,0.25,0.191667,0.441667,0.35,0.016667,0.383333,0.407775,0.503936,0.831923
difficulty,1.0,42,42-53,0.366667,0.433333,0.341667,0.775,0.625,0.025,0.008333,0.553073,0.521071,0.565494
difficulty,1.0,42,42-54,0.366667,0.375,0.341667,0.716667,0.625,0.041667,0.033333,0.532193,0.51757,0.57135
difficulty,1.0,42,42-55,0.35,0.366667,0.208333,0.575,0.533333,0.05,0.1,0.50597,0.5741,0.676028
difficulty,1.0,42,42-56,0.391667,0.441667,0.333333,0.775,0.641667,0.058333,0.008333,0.567131,0.50853,0.610013
difficulty,1.0,42,42-57,0.1,0.0,0.483333,0.483333,0.1,0.291667,0.0,0.801962,0.317187,1.492975
difficulty,1.0,42,42-58,0.325,0.325,0.208333,0.533333,0.475,0.008333,0.183333,0.472737,0.569214,0.629106
difficulty,1.0,42,42-59,0.466667,0.141667,0.583333,0.725,0.466667,0.15,0.0,0.720282,0.461762,1.031667
difficulty,1.0,42,42-60,0.141667,0.191667,0.116667,0.308333,0.266667,0.008333,0.466667,0.350379,0.561208,0.941681
difficulty,1.0,42,42-61,0.316667,0.416667,0.283333,0.7,0.566667,0.075,0.016667,0.549952,0.529424,0.604085
difficulty,1.0,42,42-62,0.433333,0.5,0.366667,0.866667,0.691667,0.066667,0.0,0.609816,0.555,0.627599
difficulty,1.0,42,42-63,0.525,0.283333,0.483333,0.766667,0.583333,0.108333,0.0,0.683758,0.452734,0.858085
difficulty,1.0,42,42-64,0.575,0.308333,0.491667,0.8,0.6,0.091667,0.0,0.67778,0.533196,0.815783
difficulty,1.0,42,42-65,0.575,0.3,0.525,0.825,0.6,0.108333,0.0,0.68112,0.541255,0.82811
difficulty,1.0,42,42-66,0.358333,0.391667,0.3,0.691667,0.591667,0.033333,0.008333,0.539341,0.565815,0.570881
difficulty,1.0,42,42-67,0.35,0.391667,0.241667,0.633333,0.525,0.1,0.05,0.543789,0.521947,0.642823
difficulty,1.0,42,42-68,0.45,0.208333,0.533333,0.741667,0.45,0.191667,0.0,0.720466,0.424121,1.04858
difficulty,1.0,42,42-69,0.341667,0.45,0.316667,0.766667,0.6,0.033333,0.008333,0.564628,0.555984,0.592721
difficulty,1.0,42,42-70,0.216667,0.375,0.125,0.5,0.425,0.008333,0.316667,0.41271,0.558344,0.686879
difficulty,1.0,42,42-71,0.233333,0.341667,0.125,0.466667,0.425,0.016667,0.3,0.432532,0.582601,0.721754
difficulty,1.0,42,42-72,0.35,0.4,0.133333,0.533333,0.475,0.016667,0.141667,0.482848,0.495616,0.643416
difficulty,1.0,42,42-73,0.558333,0.333333,0.483333,0.816667,0.633333,0.041667,0.0,0.664502,0.472294,0.763031
difficulty,1.0,42,42-74,0.491667,0.433333,0.433333,0.866667,0.641667,0.025,0.0,0.613669,0.514074,0.621151
difficulty,1.0,42,42-75,0.55,0.275,0.5,0.775,0.55,0.133333,0.0,0.693376,0.449751,0.90211
difficulty,1.0,42,42-76,0.383333,0.358333,0.35,0.708333,0.608333,0.041667,0.008333,0.54019,0.506137,0.551975
difficulty,1.0,42,42-77,0.441667,0.458333,0.391667,0.85,0.666667,0.033333,0.0,0.599496,0.599045,0.614542
difficulty,1.0,42,42-78,0.541667,0.291667,0.541667,0.833333,0.575,0.083333,0.0,0.678114,0.475843,0.810644
difficulty,1.0,42,42-79,0.383333,0.45,0.333333,0.783333,0.658333,0.041667,0.016667,0.562202,0.49541,0.57811
difficulty,1.0,42,42-80,0.525,0.35,0.416667,0.766667,0.6,0.058333,0.0,0.666834,0.455488,0.790618
difficulty,1.0,42,42-81,0.35,0.341667,0.275,0.616667,0.566667,0.016667,0.091667,0.502029,0.551554,0.616222
difficulty,1.0,42,42-82,0.408333,0.391667,0.366667,0.758333,0.666667,0.066667,0.008333,0.577663,0.420836,0.627971
difficulty,1.0,42,42-83,0.375,0.425,0.266667,0.691667,0.541667,0.058333,0.05,0.542682,0.550833,0.603836
difficulty,1.0,42,42-84,0.2,0.341667,0.158333,0.5,0.416667,0.008333,0.275,0.429074,0.543143,0.679628
difficulty,1.0,42,42-85,0.508333,0.383333,0.45,0.833333,0.6,0.108333,0.0,0.665045,0.486397,0.786893
difficulty,1.0,42,42-86,0.333333,0.4,0.291667,0.691667,0.608333,0.058333,0.058333,0.529045,0.548655,0.596104
difficulty,1.0,42,42-87,0.4,0.483333,0.391667,0.875,0.6,0.066667,0.0,0.617608,0.438943,0.671353
difficulty,1.0,42,42-88,0.516667,0.341667,0.425,0.766667,0.591667,0.091667,0.0,0.672001,0.44779,0.812572
difficulty,1.0,42,42-89,0.5,0.416667,0.425,0.841667,0.641667,0.058333,0.0,0.645973,0.544857,0.710068
difficulty,1.0,42,42-90,0.583333,0.25,0.508333,0.758333,0.591667,0.058333,0.0,0.692411,0.429852,0.878631
difficulty,1.0,42,42-91,0.375,0.441667,0.375,0.816667,0.55,0.05,0.0,0.602462,0.468089,0.667671
difficulty,1.0,42,42-92,0.35,0.391667,0.3,0.691667,0.608333,0.016667,0.025,0.519069,0.583241,0.531349
difficulty,1.0,42,42-93,0.366667,0.483333,0.308333,0.791667,0.658333,0.016667,0.008333,0.556331,0.64831,0.544191
difficulty,1.0,42,42-94,0.191667,0.116667,0.175,0.291667,0.241667,0.016667,0.416667,0.376802,0.465703,0.976845
difficulty,1.0,42,42-95,0.091667,0.3,0.15,0.45,0.341667,0.0,0.433333,0.386967,0.563005,0.80652
difficulty,1.0,42,42-96,0.125,0.366667,0.125,0.491667,0.4,0.0,0.391667,0.392447,0.585503,0.750493
difficulty,1.0,42,42-97,0.333333,0.375,0.158333,0.533333,0.45,0.0,0.158333,0.459565,0.521735,0.609683
difficulty,1.0,42,42-98,0.55,0.433333,0.441667,0.875,0.666667,0.033333,0.0,0.64347,0.507038,0.672667
difficulty,1.0,42,42-99,0.383333,0.408333,0.15,0.558333,0.508333,0.0,0.1,0.500811,0.395071,0.589818
difficulty,1.0,42,42-100,0.325,0.383333,0.325,0.708333,0.583333,0.025,0.008333,0.541465,0.526569,0.565482
difficulty,1.0,42,42-101,0.3,0.0,0.675,0.675,0.3,0.2,0.0,0.758769,0.41602,1.210501
difficulty,1.0,42,42-102,0.366667,0.4,0.325,0.725,0.633333,0.058333,0.016667,0.564492,0.469138,0.609519
difficulty,1.0,42,42-103,0.583333,0.291667,0.525,0.816667,0.608333,0.066667,0.0,0.679067,0.515852,0.805646
difficulty,1.0,42,42-104,0.325,0.366667,0.15,0.516667,0.441667,0.033333,0.133333,0.49351,0.451239,0.669638
difficulty,1.0,42,42-105,0.35,0.458333,0.325,0.783333,0.6,0.033333,0.0,0.56716,0.535186,0.580907
difficulty,1.0,42,42-106,0.3,0.35,0.15,0.5,0.441667,0.008333,0.183333,0.470238,0.514582,0.651905
difficulty,1.0,42,42-107,0.35,0.416667,0.333333,0.75,0.616667,0.041667,0.016667,0.555342,0.512818,0.593149
difficulty,1.0,42,42-108,0.508333,0.2,0.541667,0.741667,0.508333,0.141667,0.0,0.712067,0.436256,0.984626
difficulty,1.0,42,42-109,0.233333,0.058333,0.225,0.283333,0.266667,0.041667,0.358333,0.402973,0.383395,0.95977
difficulty,1.0,42,42-110,0.483333,0.458333,0.366667,0.825,0.691667,0.066667,0.0,0.631949,0.612598,0.672138
difficulty,1.0,42,42-111,0.433333,0.491667,0.383333,0.875,0.683333,0.033333,0.0,0.614919,0.544483,0.606508
difficulty,1.0,42,42-112,0.35,0.45,0.25,0.7,0.65,0.016667,0.041667,0.507277,0.554157,0.576906
difficulty,1.0,42,42-113,0.166667,0.291667,0.15,0.441667,0.383333,0.008333,0.408333,0.392877,0.52139,0.815655
difficulty,1.0,42,42-114,0.391667,0.541667,0.341667,0.883333,0.666667,0.025,0.0,0.586073,0.598341,0.55181
difficulty,1.0,42,42-115,0.341667,0.366667,0.241667,0.608333,0.55,0.041667,0.05,0.511779,0.56982,0.598828
difficulty,1.0,42,42-116,0.458333,0.475,0.375,0.85,0.675,0.041667,0.0,0.621452,0.544404,0.639871
difficulty,1.0,42,42-117,0.4,0.491667,0.366667,0.858333,0.658333,0.041667,0.0,0.595595,0.53998,0.606673
difficulty,1.0,42,42-118,0.041667,0.0,0.558333,0.558333,0.041667,0.25,0.0,0.798709,0.355932,1.452857
difficulty,1.0,42,42-119,0.383333,0.441667,0.3,0.741667,0.633333,0.041667,0.016667,0.541356,0.620612,0.554191
difficulty,1.0,42,42-120,0.258333,0.341667,0.15,0.491667,0.433333,0.016667,0.258333,0.454552,0.559497,0.681965
difficulty,1.0,42,42-121,0.433333,0.458333,0.383333,0.841667,0.691667,0.025,0.0,0.59916,0.600852,0.57849
difficulty,1.0,42,42-122,0.45,0.441667,0.383333,0.825,0.658333,0.05,0.0,0.622158,0.543543,0.680942
difficulty,1.0,42,42-123,0.3,0.0,0.683333,0.683333,0.3,0.183333,0.0,0.764231,0.411081,1.244467
difficulty,1.0,42,42-124,0.475,0.183333,0.558333,0.741667,0.475,0.166667,0.0,0.714714,0.424569,1.002302
difficulty,1.0,42,42-125,0.483333,0.466667,0.375,0.841667,0.683333,0.075,0.0,0.635389,0.559129,0.698763
difficulty,1.0,42,42-126,0.2,0.0,0.641667,0.641667,0.2,0.233333,0.0,0.775868,0.405424,1.313402
difficulty,1.0,42,42-127,0.208333,0.325,0.158333,0.483333,0.4,0.025,0.275,0.444553,0.514021,0.729822
difficulty,1.0,42,42-128,0.391667,0.416667,0.208333,0.625,0.6,0.016667,0.091667,0.502296,0.547833,0.571361
difficulty,1.0,42,42-129,0.308333,0.35,0.133333,0.483333,0.408333,0.008333,0.166667,0.478473,0.508279,0.681854
difficulty,1.0,42,42-130,0.375,0.4,0.308333,0.708333,0.616667,0.091667,0.025,0.565902,0.4631,0.659775
difficulty,1.0,42,42-131,0.15,0.316667,0.15,0.466667,0.391667,0.008333,0.375,0.40775,0.493385,0.756182
difficulty,1.0,42,42-132,0.616667,0.35,0.483333,0.833333,0.633333,0.066667,0.0,0.665375,0.538285,0.753797
difficulty,1.0,42,42-133,0.333333,0.383333,0.291667,0.675,0.516667,0.075,0.0,0.555843,0.59657,0.647092
difficulty,1.0,42,42-134,0.1,0.283333,0.158333,0.441667,0.366667,0.025,0.408333,0.395781,0.549522,0.825927
difficulty,1.0,42,42-135,0.258333,0.35,0.125,0.475,0.425,0.0,0.208333,0.451629,0.548144,0.653197
difficulty,1.0,42,42-136,0.491667,0.441667,0.375,0.816667,0.666667,0.05,0.0,0.63297,0.542791,0.700315
difficulty,1.0,42,42-137,0.525,0.225,0.533333,0.758333,0.525,0.15,0.0,0.705715,0.474608,0.968196
difficulty,1.0,42,42-138,0.0,0.0,0.416667,0.416667,0.0,0.308333,0.0,0.828562,0.339996,1.638695
difficulty,1.0,42,42-139,0.0,0.0,0.0,0.0,0.0,1.0,0.0,0.905653,0.208129,2.302309
difficulty,1.0,42,42-140,0.541667,0.4,0.425,0.825,0.683333,0.041667,0.0,0.645344,0.525536,0.698487
difficulty,1.0,42,42-141,0.308333,0.375,0.158333,0.533333,0.425,0.008333,0.166667,0.491071,0.415093,0.694597
difficulty,1.0,42,42-142,0.216667,0.233333,0.066667,0.3,0.275,0.0,0.608333,0.323696,0.416165,1.087366
difficulty,1.0,42,42-143,0.491667,0.4,0.458333,0.858333,0.625,0.041667,0.0,0.648445,0.427857,0.714134
difficulty,1.0,42,42-144,0.358333,0.366667,0.15,0.516667,0.458333,0.008333,0.1,0.481665,0.536665,0.60431
difficulty,1.0,42,42-145,0.341667,0.375,0.308333,0.683333,0.566667,0.05,0.05,0.542623,0.543667,0.621777
difficulty,1.0,42,42-146,0.333333,0.391667,0.241667,0.633333,0.583333,0.033333,0.116667,0.500848,0.604708,0.60552
difficulty,1.0,42,42-147,0.375,0.458333,0.341667,0.8,0.6,0.066667,0.008333,0.590241,0.501326,0.642568
difficulty,1.0,42,42-148,0.416667,0.083333,0.591667,0.675,0.416667,0.166667,0.0,0.738747,0.424282,1.129334
difficulty,1.0,42,42-149,0.458333,0.425,0.408333,0.833333,0.641667,0.058333,0.0,0.6295,0.478309,0.709271
difficulty,1.0,42,42-150,0.366667,0.441667,0.358333,0.8,0.575,0.091667,0.0,0.605042,0.434471,0.69058
difficulty,1.0,42,42-151,0.291667,0.358333,0.141667,0.5,0.425,0.016667,0.183333,0.474343,0.478167,0.692732
difficulty,1.0,42,42-152,0.141667,0.15,0.141667,0.291667,0.25,0.008333,0.441667,0.357056,0.534663,0.933949
difficulty,1.0,42,42-153,0.358333,0.408333,0.258333,0.666667,0.591667,0.025,0.075,0.503051,0.648137,0.566482
difficulty,1.0,42,42-154,0.375,0.525,0.341667,0.866667,0.691667,0.025,0.0,0.57546,0.561364,0.541629
difficulty,1.0,42,42-155,0.0,0.0,0.441667,0.441667,0.0,0.341667,0.0,0.821958,0.311108,1.612235
difficulty,1.0,42,42-156,0.425,0.533333,0.35,0.883333,0.725,0.025,0.0,0.585261,0.633661,0.555134
difficulty,1.0,42,42-157,0.475,0.15,0.566667,0.716667,0.475,0.133333,0.0,0.719103,0.490403,1.039049
difficulty,1.0,42,42-158,0.358333,0.391667,0.333333,0.725,0.633333,0.008333,0.05,0.528579,0.530525,0.576834
difficulty,1.0,42,42-159,0.208333,0.341667,0.158333,0.5,0.391667,0.0,0.266667,0.434952,0.520736,0.682994
difficulty,1.0,42,42-160,0.258333,0.383333,0.141667,0.525,0.433333,0.025,0.183333,0.469785,0.513065,0.665323
difficulty,1.0,42,42-161,0.358333,0.366667,0.241667,0.608333,0.55,0.016667,0.1,0.491108,0.546039,0.588315
difficulty,1.0,42,42-162,0.0,0.0,0.175,0.175,0.0,0.325,0.0,0.840632,0.325541,1.734491
difficulty,1.0,42,42-163,0.333333,0.316667,0.216667,0.533333,0.475,0.025,0.15,0.474132,0.575463,0.618804
difficulty,1.0,42,42-164,0.5,0.2,0.566667,0.766667,0.5,0.125,0.0,0.706587,0.464895,0.96149
difficulty,1.0,42,42-165,0.366667,0.383333,0.141667,0.525,0.458333,0.033333,0.1,0.504546,0.410898,0.667092
difficulty,1.0,42,42-166,0.416667,0.141667,0.575,0.716667,0.416667,0.183333,0.0,0.729298,0.41585,1.08917
difficulty,1.0,42,42-167,0.5,0.408333,0.433333,0.841667,0.616667,0.066667,0.0,0.655888,0.467695,0.744747
difficulty,1.0,42,42-168,0.358333,0.441667,0.358333,0.8,0.583333,0.033333,0.0,0.583815,0.503174,0.617124
difficulty,1.0,42,42-169,0.391667,0.5,0.325,0.825,0.658333,0.05,0.0,0.578857,0.574894,0.589914
difficulty,1.0,42,42-170,0.375,0.35,0.266667,0.616667,0.591667,0.025,0.091667,0.503354,0.538948,0.5875
difficulty,1.0,42,42-171,0.466667,0.483333,0.375,0.858333,0.7,0.066667,0.0,0.625619,0.633822,0.617656
difficulty,1.0,42,42-172,0.358333,0.35,0.316667,0.666667,0.608333,0.025,0.016667,0.535901,0.504786,0.579342
difficulty,1.0,42,42-173,0.191667,0.325,0.158333,0.483333,0.391667,0.0,0.308333,0.429373,0.519652,0.722935
difficulty,1.0,42,42-174,0.133333,0.333333,0.15,0.483333,0.375,0.016667,0.383333,0.420148,0.53761,0.771163
difficulty,1.0,42,42-175,0.45,0.466667,0.4,0.866667,0.658333,0.025,0.0,0.616171,0.519317,0.62759
difficulty,1.0,42,42-176,0.041667,0.0,0.6,0.6,0.041667,0.225,0.0,0.787267,0.387214,1.375993
difficulty,1.0,42,42-177,0.466667,0.441667,0.416667,0.858333,0.641667,0.033333,0.0,0.628285,0.455252,0.647525
difficulty,1.0,42,42-178,0.341667,0.425,0.366667,0.791667,0.591667,0.05,0.0,0.59266,0.4743,0.62419
difficulty,1.0,42,42-179,0.483333,0.425,0.4,0.825,0.65,0.058333,0.0,0.628045,0.540409,0.666286
difficulty,1.0,42,42-180,0.333333,0.0,0.625,0.625,0.333333,0.225,0.0,0.765502,0.408503,1.287501
difficulty,1.0,42,42-181,0.416667,0.466667,0.391667,0.858333,0.641667,0.058333,0.0,0.62705,0.509522,0.681133
difficulty,1.0,42,42-182,0.333333,0.416667,0.308333,0.725,0.608333,0.025,0.041667,0.518572,0.607568,0.545401
difficulty,1.0,42,42-183,0.466667,0.041667,0.708333,0.75,0.466667,0.133333,0.0,0.727399,0.474186,1.049494
difficulty,1.0,42,42-184,0.541667,0.425,0.433333,0.858333,0.675,0.025,0.0,0.643124,0.527805,0.685431
difficulty,1.0,42,42-185,0.1,0.0,0.608333,0.608333,0.1,0.225,0.0,0.785047,0.389107,1.363146
difficulty,1.0,42,42-186,0.475,0.441667,0.408333,0.85,0.666667,0.041667,0.0,0.626916,0.472324,0.655665
difficulty,1.0,42,42-187,0.191667,0.366667,0.15,0.516667,0.433333,0.0,0.333333,0.425953,0.529663,0.677249
difficulty,1.0,42,42-188,0.125,0.366667,0.191667,0.558333,0.433333,0.016667,0.358333,0.431795,0.418577,0.726068
difficulty,1.0,42,42-189,0.033333,0.0,0.675,0.675,0.033333,0.183333,0.0,0.781102,0.439904,1.32891
difficulty,1.0,42,42-190,0.0,0.0,0.541667,0.541667,0.0,0.258333,0.0,0.803914,0.366425,1.475668
difficulty,1.0,42,42-191,0.366667,0.416667,0.358333,0.775,0.55,0.058333,0.0,0.594658,0.441623,0.644235
difficulty,1.0,42,42-192,0.308333,0.375,0.283333,0.658333,0.55,0.041667,0.083333,0.5227,0.650192,0.60918
difficulty,1.0,42,42-193,0.216667,0.0,0.691667,0.691667,0.216667,0.191667,0.0,0.763366,0.460375,1.240535
difficulty,1.0,42,42-194,0.241667,0.35,0.191667,0.541667,0.408333,0.0,0.191667,0.471508,0.44062,0.645768
difficulty,1.0,42,42-195,0.341667,0.35,0.158333,0.508333,0.425,0.0,0.133333,0.488259,0.46853,0.635052
difficulty,1.0,42,42-196,0.533333,0.308333,0.5,0.808333,0.591667,0.083333,0.0,0.674924,0.499021,0.797555
difficulty,1.0,42,42-197,0.358333,0.375,0.308333,0.683333,0.558333,0.066667,0.033333,0.552535,0.506848,0.624361
difficulty,1.0,42,42-198,0.433333,0.575,0.341667,0.916667,0.75,0.025,0.0,0.575074,0.592426,0.524482
difficulty,1.0,42,42-199,0.408333,0.45,0.366667,0.816667,0.633333,0.041667,0.0,0.569818,0.546601,0.569719
difficulty,1.0,137,137-0,0.316667,0.341667,0.183333,0.525,0.483333,0.033333,0.175,0.474433,0.588164,0.661901
difficulty,1.0,137,137-1,0.3,0.316667,0.233333,0.55,0.491667,0.025,0.15,0.492976,0.573961,0.661818
difficulty,1.0,137,137-2,0.35,0.375,0.225,0.6,0.55,0.05,0.058333,0.526945,0.478067,0.651201
difficulty,1.0,137,137-3,0.383333,0.416667,0.391667,0.808333,0.575,0.041667,0.0,0.594919,0.543441,0.631097
difficulty,1.0,137,137-4,0.375,0.35,0.308333,0.658333,0.6,0.05,0.041667,0.526981,0.491503,0.600681
difficulty,1.0,137,137-5,0.325,0.375,0.166667,0.541667,0.45,0.008333,0.158333,0.472754,0.432955,0.590144
difficulty,1.0,137,137-6,0.483333,0.458333,0.425,0.883333,0.675,0.05,0.0,0.630952,0.482575,0.677106
difficulty,1.0,137,137-7,0.333333,0.316667,0.266667,0.583333,0.508333,0.041667,0.125,0.512803,0.529932,0.66145
difficulty,1.0,137,137-8,0.133333,0.15,0.083333,0.233333,0.216667,0.008333,0.558333,0.30944,0.543011,1.061634
difficulty,1.0,137,137-9,0.0,0.0,0.425,0.425,0.0,0.308333,0.0,0.827377,0.336421,1.637471
difficulty,1.0,137,137-10,0.05,0.0,0.6,0.6,0.05,0.258333,0.0,0.792549,0.393324,1.426247
difficulty,1.0,137,137-11,0.216667,0.35,0.116667,0.466667,0.416667,0.008333,0.283333,0.434032,0.604273,0.669983
difficulty,1.0,137,137-12,0.35,0.425,0.325,0.75,0.616667,0.025,0.041667,0.537536,0.579917,0.561463
difficulty,1.0,137,137-13,0.366667,0.45,0.325,0.775,0.6,0.091667,0.0,0.59736,0.510698,0.67084
difficulty,1.0,137,137-14,0.491667,0.166667,0.591667,0.758333,0.491667,0.133333,0.0,0.718931,0.471772,1.026907
difficulty,1.0,137,137-15,0.05,0.191667,0.016667,0.208333,0.208333,0.025,0.716667,0.24949,0.524848,1.466276
difficulty,1.0,137,137-16,0.35,0.35,0.191667,0.541667,0.5,0.008333,0.125,0.494557,0.503757,0.664253
difficulty,1.0,137,137-17,0.475,0.458333,0.383333,0.841667,0.708333,0.025,0.0,0.607965,0.550657,0.616989
difficulty,1.0,137,137-18,0.208333,0.091667,0.15,0.241667,0.233333,0.025,0.441667,0.350961,0.505312,1.021144
difficulty,1.0,137,137-19,0.3,0.35,0.225,0.575,0.525,0.033333,0.141667,0.482094,0.653144,0.617042
difficulty,1.0,137,137-20,0.375,0.416667,0.316667,0.733333,0.616667,0.041667,0.008333,0.54724,0.548794,0.568699
difficulty,1.0,137,137-21,0.391667,0.391667,0.35,0.741667,0.641667,0.025,0.025,0.540974,0.512915,0.587254
difficulty,1.0,137,137-22,0.291667,0.391667,0.141667,0.533333,0.433333,0.0,0.166667,0.468169,0.469199,0.626968
difficulty,1.0,137,137-23,0.466667,0.075,0.675,0.75,0.466667,0.125,0.0,0.724463,0.459543,1.028632
difficulty,1.0,137,137-24,0.341667,0.375,0.241667,0.616667,0.558333,0.025,0.091667,0.495779,0.624454,0.611794
difficulty,1.0,137,137-25,0.433333,0.175,0.533333,0.708333,0.433333,0.183333,0.0,0.72472,0.365323,1.063932
difficulty,1.0,137,137-26,0.291667,0.416667,0.275,0.691667,0.525,0.033333,0.041667,0.540474,0.57515,0.590491
difficulty,1.0,137,137-27,0.466667,0.441667,0.441667,0.883333,0.641667,0.05,0.0,0.631366,0.446343,0.67905
difficulty,1.0,137,137-28,0.408333,0.383333,0.366667,0.75,0.666667,0.075,0.025,0.557652,0.434558,0.617374
difficulty,1.0,137,137-29,0.316667,0.025,0.591667,0.616667,0.316667,0.208333,0.0,0.757324,0.336654,1.243983
difficulty,1.0,137,137-30,0.5,0.458333,0.383333,0.841667,0.666667,0.05,0.0,0.635027,0.512721,0.672931
difficulty,1.0,137,137-31,0.325,0.375,0.166667,0.541667,0.441667,0.008333,0.15,0.469447,0.481831,0.592188
difficulty,1.0,137,137-32,0.566667,0.258333,0.558333,0.816667,0.566667,0.108333,0.0,0.68121,0.512037,0.818769
difficulty,1.0,137,137-33,0.0,0.0,0.0,0.0,0.0,1.0,0.0,0.899071,0.196743,2.262894
difficulty,1.0,137,137-34,0.191667,0.091667,0.183333,0.275,0.233333,0.008333,0.383333,0.371781,0.461039,0.932476
difficulty,1.0,137,137-35,0.408333,0.5,0.358333,0.858333,0.675,0.05,0.0,0.586723,0.506868,0.583311
difficulty,1.0,137,137-36,0.433333,0.475,0.35,0.825,0.616667,0.033333,0.0,0.595502,0.548931,0.617321
difficulty,1.0,137,137-37,0.366667,0.441667,0.35,0.791667,0.558333,0.066667,0.016667,0.580747,0.506332,0.632848
difficulty,1.0,137,137-38,0.508333,0.233333,0.55,0.783333,0.508333,0.116667,0.0,0.704975,0.502306,0.941404
difficulty,1.0,137,137-39,0.358333,0.458333,0.325,0.783333,0.591667,0.058333,0.0,0.57462,0.5071,0.606929
difficulty,1.0,137,137-40,0.491667,0.216667,0.541667,0.758333,0.491667,0.158333,0.0,0.707731,0.454458,0.970325
difficulty,1.0,137,137-41,0.525,0.308333,0.525,0.833333,0.575,0.1,0.0,0.67225,0.515617,0.785872
difficulty,1.0,137,137-42,0.341667,0.366667,0.133333,0.5,0.441667,0.008333,0.166667,0.450917,0.530395,0.609025
difficulty,1.0,137,137-43,0.191667,0.35,0.2,0.55,0.408333,0.016667,0.225,0.465139,0.428365,0.660436
difficulty,1.0,137,137-44,0.0,0.0,0.525,0.525,0.0,0.3,0.0,0.811609,0.365037,1.541846
difficulty,1.0,137,137-45,0.408333,0.491667,0.35,0.841667,0.691667,0.016667,0.0,0.563192,0.538104,0.523924
difficulty,1.0,137,137-46,0.425,0.408333,0.408333,0.816667,0.608333,0.041667,0.0,0.620387,0.482676,0.675305
difficulty,1.0,137,137-47,0.083333,0.0,0.641667,0.641667,0.083333,0.216667,0.0,0.783821,0.39648,1.350704
difficulty,1.0,137,137-48,0.6,0.341667,0.508333,0.85,0.65,0.05,0.0,0.662131,0.556192,0.729953
difficulty,1.0,137,137-49,0.358333,0.375,0.225,0.6,0.558333,0.025,0.091667,0.488252,0.623132,0.58199
difficulty,1.0,137,137-50,0.341667,0.416667,0.316667,0.733333,0.591667,0.041667,0.008333,0.562983,0.501354,0.61179
difficulty,1.0,137,137-51,0.475,0.066667,0.65,0.716667,0.475,0.125,0.0,0.728382,0.476958,1.079236
difficulty,1.0,137,137-52,0.275,0.0,0.691667,0.691667,0.275,0.191667,0.0,0.761568,0.430122,1.226688
difficulty,1.0,137,137-53,0.358333,0.441667,0.3,0.741667,0.625,0.033333,0.016667,0.547857,0.552663,0.580147
difficulty,1.0,137,137-54,0.35,0.0,0.7,0.7,0.35,0.158333,0.0,0.756936,0.426177,1.19378
difficulty,1.0,137,137-55,0.35,0.366667,0.316667,0.683333,0.583333,0.025,0.008333,0.531773,0.571362,0.552008
difficulty,1.0,137,137-56,0.475,0.541667,0.366667,0.908333,0.75,0.025,0.0,0.595201,0.626354,0.565316
difficulty,1.0,137,137-57,0.066667,0.333333,0.233333,0.566667,0.375,0.033333,0.216667,0.466774,0.375723,0.809211
difficulty,1.0,137,137-58,0.375,0.458333,0.35,0.808333,0.616667,0.066667,0.0,0.573564,0.507416,0.616707
difficulty,1.0,137,137-59,0.583333,0.35,0.475,0.825,0.65,0.066667,0.0,0.656601,0.501679,0.720643
difficulty,1.0,137,137-60,0.533333,0.416667,0.416667,0.833333,0.675,0.05,0.0,0.644718,0.500338,0.692434
difficulty,1.0,137,137-61,0.541667,0.275,0.5,0.775,0.541667,0.116667,0.0,0.694329,0.464546,0.893767
difficulty,1.0,137,137-62,0.325,0.35,0.183333,0.533333,0.5,0.025,0.125,0.478772,0.618721,0.608728
difficulty,1.0,137,137-63,0.341667,0.433333,0.3,0.733333,0.55,0.066667,0.0,0.571844,0.560492,0.666825
difficulty,1.0,137,137-64,0.358333,0.466667,0.366667,0.833333,0.575,0.05,0.0,0.591904,0.5014,0.641038
difficulty,1.0,137,137-65,0.0,0.0,0.591667,0.591667,0.0,0.241667,0.0,0.799467,0.385796,1.461203
difficulty,1.0,137,137-66,0.175,0.375,0.1,0.475,0.408333,0.008333,0.358333,0.404223,0.625031,0.728045
difficulty,1.0,137,137-67,0.366667,0.4,0.325,0.725,0.55,0.058333,0.008333,0.565912,0.500373,0.622364
difficulty,1.0,137,137-68,0.4,0.466667,0.383333,0.85,0.625,0.033333,0.0,0.589029,0.476465,0.586152
difficulty,1.0,137,137-69,0.0,0.0,0.0,0.0,0.0,1.0,0.0,0.920184,0.175816,2.48702
difficulty,1.0,137,137-70,0.541667,0.391667,0.483333,0.875,0.616667,0.083333,0.0,0.659463,0.55684,0.738734
difficulty,1.0,137,137-71,0.383333,0.525,0.35,0.875,0.666667,0.033333,0.0,0.584063,0.532176,0.567092
difficulty,1.0,137,137-72,0.4,0.45,0.383333,0.833333,0.633333,0.066667,0.0,0.611653,0.495423,0.676468
difficulty,1.0,137,137-73,0.15,0.241667,0.1,0.341667,0.283333,0.008333,0.416667,0.371238,0.532778,0.851426
difficulty,1.0,137,137-74,0.4,0.391667,0.408333,0.8,0.583333,0.083333,0.0,0.622573,0.495237,0.745077
difficulty,1.0,137,137-75,0.333333,0.0,0.708333,0.708333,0.333333,0.158333,0.0,0.747263,0.4617,1.144823
difficulty,1.0,137,137-76,0.391667,0.425,0.366667,0.791667,0.641667,0.033333,0.0,0.577936,0.484941,0.590502
difficulty,1.0,137,137-77,0.35,0.358333,0.308333,0.666667,0.591667,0.05,0.041667,0.524306,0.549165,0.577363
difficulty,1.0,137,137-78,0.308333,0.416667,0.3,0.716667,0.55,0.058333,0.008333,0.549828,0.548011,0.597113
difficulty,1.0,137,137-79,0.491667,0.233333,0.533333,0.766667,0.508333,0.15,0.0,0.70522,0.472429,0.973883
difficulty,1.0,137,137-80,0.566667,0.425,0.433333,0.858333,0.65,0.066667,0.0,0.655549,0.571017,0.724189
difficulty,1.0,137,137-81,0.441667,0.05,0.7,0.75,0.441667,0.133333,0.0,0.730259,0.467817,1.058759
difficulty,1.0,137,137-82,0.45,0.475,0.391667,0.866667,0.658333,0.041667,0.0,0.626418,0.490131,0.661647
difficulty,1.0,137,137-83,0.616667,0.333333,0.516667,0.85,0.616667,0.1,0.0,0.67585,0.550379,0.812345
difficulty,1.0,137,137-84,0.358333,0.358333,0.2,0.558333,0.5,0.016667,0.141667,0.471615,0.539005,0.604081
difficulty,1.0,137,137-85,0.4,0.441667,0.35,0.791667,0.633333,0.025,0.0,0.591639,0.637353,0.61491
difficulty,1.0,137,137-86,0.25,0.341667,0.15,0.491667,0.4,0.008333,0.241667,0.451568,0.50509,0.673513
difficulty,1.0,137,137-87,0.358333,0.375,0.191667,0.566667,0.516667,0.025,0.083333,0.487642,0.58991,0.570357
difficulty,1.0,137,137-88,0.308333,0.366667,0.116667,0.483333,0.458333,0.008333,0.175,0.457117,0.5952,0.622714
difficulty,1.0,137,137-89,0.383333,0.483333,0.333333,0.816667,0.625,0.05,0.0,0.580225,0.52075,0.592375
difficulty,1.0,137,137-90,0.366667,0.05,0.65,0.7,0.366667,0.158333,0.0,0.742298,0.404156,1.129629
difficulty,1.0,137,137-91,0.583333,0.425,0.458333,0.883333,0.675,0.016667,0.0,0.639051,0.516809,0.630795
difficulty,1.0,137,137-92,0.25,0.358333,0.116667,0.475,0.416667,0.0,0.283333,0.443275,0.53649,0.674832
difficulty,1.0,137,137-93,0.516667,0.341667,0.483333,0.825,0.625,0.075,0.0,0.665963,0.530866,0.776016
difficulty,1.0,137,137-94,0.0,0.0,0.1,0.1,0.0,0.325,0.0,0.846906,0.317719,1.783588
difficulty,1.0,137,137-95,0.233333,0.0,0.583333,0.583333,0.233333,0.25,0.0,0.777434,0.363281,1.351092
difficulty,1.0,137,137-96,0.575,0.325,0.525,0.85,0.6,0.083333,0.0,0.668452,0.567166,0.762168
difficulty,1.0,137,137-97,0.5,0.0,0.8,0.8,0.5,0.1,0.0,0.726136,0.506429,1.018478
difficulty,1.0,137,137-98,0.391667,0.0,0.666667,0.666667,0.391667,0.175,0.0,0.751443,0.430065,1.191093
difficulty,1.0,137,137-99,0.5,0.308333,0.483333,0.791667,0.608333,0.058333,0.0,0.66725,0.406232,0.810636
difficulty,1.0,137,137-100,0.366667,0.391667,0.3,0.691667,0.541667,0.033333,0.008333,0.533667,0.608776,0.584358
difficulty,1.0,137,137-101,0.0,0.0,0.216667,0.216667,0.0,0.366667,0.0,0.842666,0.308454,1.75193
difficulty,1.0,137,137-102,0.508333,0.475,0.425,0.9,0.683333,0.033333,0.0,0.635821,0.523227,0.655826
difficulty,1.0,137,137-103,0.308333,0.0,0.7,0.7,0.308333,0.2,0.0,0.760523,0.397987,1.221649
difficulty,1.0,137,137-104,0.408333,0.441667,0.341667,0.783333,0.633333,0.058333,0.0,0.600588,0.520482,0.655954
difficulty,1.0,137,137-105,0.0,0.0,0.133333,0.133333,0.0,0.383333,0.0,0.849305,0.302361,1.813367
difficulty,1.0,137,137-106,0.066667,0.033333,0.05,0.083333,0.066667,0.033333,0.625,0.238497,0.32772,1.663042
difficulty,1.0,137,137-107,0.358333,0.416667,0.341667,0.758333,0.608333,0.058333,0.008333,0.567039,0.513234,0.602424
difficulty,1.0,137,137-108,0.066667,0.066667,0.025,0.091667,0.091667,0.041667,0.641667,0.238623,0.364695,1.654704
difficulty,1.0,137,137-109,0.016667,0.0,0.533333,0.533333,0.016667,0.275,0.0,0.80186,0.365948,1.481014
difficulty,1.0,137,137-110,0.375,0.4,0.25,0.65,0.608333,0.016667,0.05,0.500279,0.553864,0.537867
difficulty,1.0,137,137-111,0.375,0.0,0.683333,0.683333,0.375,0.183333,0.0,0.750373,0.446176,1.175626
difficulty,1.0,137,137-112,0.341667,0.358333,0.258333,0.616667,0.525,0.075,0.05,0.547135,0.50091,0.676909
difficulty,1.0,137,137-113,0.366667,0.275,0.333333,0.608333,0.558333,0.025,0.075,0.52,0.484616,0.608393
difficulty,1.0,137,137-114,0.35,0.416667,0.291667,0.708333,0.583333,0.058333,0.05,0.542839,0.562066,0.609516
difficulty,1.0,137,137-115,0.383333,0.416667,0.375,0.791667,0.616667,0.033333,0.016667,0.567757,0.493039,0.575456
difficulty,1.0,137,137-116,0.333333,0.0,0.683333,0.683333,0.333333,0.208333,0.0,0.755828,0.408663,1.19854
difficulty,1.0,137,137-117,0.358333,0.366667,0.275,0.641667,0.616667,0.008333,0.091667,0.495395,0.545413,0.573956
difficulty,1.0,137,137-118,0.183333,0.133333,0.108333,0.241667,0.225,0.016667,0.433333,0.345044,0.445592,0.970201
difficulty,1.0,137,137-119,0.333333,0.433333,0.291667,0.725,0.6,0.05,0.05,0.550772,0.577316,0.614873
difficulty,1.0,137,137-120,0.0,0.0,0.458333,0.458333,0.0,0.325,0.0,0.827024,0.337985,1.633343
difficulty,1.0,137,137-121,0.0,0.0,0.033333,0.033333,0.0,0.466667,0.0,0.860867,0.268542,1.898608
difficulty,1.0,137,137-122,0.416667,0.433333,0.45,0.883333,0.625,0.058333,0.0,0.633108,0.429983,0.712987
difficulty,1.0,137,137-123,0.183333,0.325,0.166667,0.491667,0.4,0.008333,0.283333,0.430238,0.482652,0.713386
difficulty,1.0,137,137-124,0.15,0.233333,0.158333,0.391667,0.341667,0.025,0.408333,0.39784,0.455935,0.920011
difficulty,1.0,137,137-125,0.45,0.533333,0.391667,0.925,0.691667,0.041667,0.0,0.609467,0.496971,0.593901
difficulty,1.0,137,137-126,0.466667,0.483333,0.366667,0.85,0.683333,0.05,0.0,0.627395,0.513917,0.678023
difficulty,1.0,137,137-127,0.325,0.341667,0.166667,0.508333,0.45,0.025,0.158333,0.469034,0.557624,0.647164
difficulty,1.0,137,137-128,0.408333,0.491667,0.333333,0.825,0.683333,0.033333,0.0,0.565924,0.545119,0.544606
difficulty,1.0,137,137-129,0.508333,0.125,0.666667,0.791667,0.508333,0.116667,0.0,0.714443,0.485816,0.975942
difficulty,1.0,137,137-130,0.35,0.441667,0.333333,0.775,0.591667,0.058333,0.0,0.580441,0.51627,0.615243
difficulty,1.0,137,137-131,0.391667,0.425,0.333333,0.758333,0.616667,0.066667,0.008333,0.577216,0.468565,0.64735
difficulty,1.0,137,137-132,0.525,0.283333,0.483333,0.766667,0.566667,0.083333,0.0,0.68593,0.42852,0.855921
difficulty,1.0,137,137-133,0.216667,0.275,0.166667,0.441667,0.35,0.016667,0.283333,0.439836,0.576958,0.773434
difficulty,1.0,137,137-134,0.441667,0.408333,0.408333,0.816667,0.625,0.05,0.0,0.622959,0.505315,0.702039
difficulty,1.0,137,137-135,0.525,0.441667,0.425,0.866667,0.691667,0.025,0.0,0.63499,0.514126,0.650277
difficulty,1.0,137,137-136,0.366667,0.466667,0.383333,0.85,0.583333,0.058333,0.0,0.611115,0.468143,0.647898
difficulty,1.0,137,137-137,0.383333,0.408333,0.383333,0.791667,0.616667,0.05,0.0,0.592264,0.387615,0.632952
difficulty,1.0,137,137-138,0.4,0.466667,0.366667,0.833333,0.608333,0.025,0.0,0.593233,0.51674,0.599506
difficulty,1.0,137,137-139,0.408333,0.025,0.65,0.675,0.408333,0.15,0.0,0.74069,0.425432,1.153069
difficulty,1.0,137,137-140,0.075,0.191667,0.033333,0.225,0.216667,0.033333,0.675,0.286568,0.402207,1.303319
difficulty,1.0,137,137-141,0.5,0.1,0.65,0.75,0.5,0.116667,0.0,0.715992,0.464402,0.988216
difficulty,1.0,137,137-142,0.4,0.433333,0.383333,0.816667,0.608333,0.058333,0.0,0.596751,0.49049,0.632197
difficulty,1.0,137,137-143,0.341667,0.308333,0.308333,0.616667,0.541667,0.058333,0.075,0.527943,0.518755,0.656617
difficulty,1.0,137,137-144,0.475,0.5,0.391667,0.891667,0.708333,0.008333,0.0,0.603274,0.579043,0.571392
difficulty,1.0,137,137-145,0.516667,0.283333,0.483333,0.766667,0.533333,0.133333,0.0,0.691126,0.434934,0.891035
difficulty,1.0,137,137-146,0.558333,0.2,0.6,0.8,0.558333,0.108333,0.0,0.698459,0.534552,0.900902
difficulty,1.0,137,137-147,0.366667,0.383333,0.341667,0.725,0.6,0.058333,0.008333,0.55397,0.490791,0.605568
difficulty,1.0,137,137-148,0.341667,0.366667,0.208333,0.575,0.516667,0.033333,0.15,0.482542,0.559089,0.641346
difficulty,1.0,137,137-149,0.466667,0.55,0.35,0.9,0.7,0.0,0.0,0.583632,0.58363,0.510528
difficulty,1.0,137,137-150,0.325,0.358333,0.15,0.508333,0.441667,0.008333,0.158333,0.48139,0.443682,0.638682
difficulty,1.0,137,137-151,0.0,0.0,0.5,0.5,0.0,0.283333,0.0,0.808665,0.336292,1.510235
difficulty,1.0,137,137-152,0.0,0.0,0.0,0.0,0.0,1.0,0.0,0.950646,0.112117,2.98992
difficulty,1.0,137,137-153,0.366667,0.325,0.2,0.525,0.475,0.016667,0.133333,0.488687,0.475977,0.634063
difficulty,1.0,137,137-154,0.0,0.0,0.483333,0.483333,0.0,0.291667,0.0,0.813766,0.318744,1.553314
difficulty,1.0,137,137-155,0.591667,0.325,0.483333,0.808333,0.608333,0.091667,0.0,0.680025,0.511868,0.818289
difficulty,1.0,137,137-156,0.425,0.475,0.366667,0.841667,0.641667,0.033333,0.0,0.578187,0.576718,0.568179
difficulty,1.0,137,137-157,0.533333,0.125,0.633333,0.758333,0.533333,0.116667,0.0,0.708444,0.50071,0.961236
difficulty,1.0,137,137-158,0.5,0.1,0.641667,0.741667,0.5,0.141667,0.0,0.720274,0.453353,1.014027
difficulty,1.0,137,137-159,0.45,0.416667,0.416667,0.833333,0.65,0.058333,0.0,0.640255,0.544376,0.722499
difficulty,1.0,137,137-160,0.258333,0.358333,0.158333,0.516667,0.491667,0.016667,0.125,0.470141,0.740184,0.601348
difficulty,1.0,137,137-161,0.475,0.466667,0.408333,0.875,0.666667,0.033333,0.0,0.623939,0.479581,0.637767
difficulty,1.0,137,137-162,0.283333,0.35,0.15,0.5,0.391667,0.008333,0.175,0.467872,0.450096,0.673338
difficulty,1.0,137,137-163,0.625,0.358333,0.483333,0.841667,0.641667,0.058333,0.0,0.665766,0.551955,0.751128
difficulty,1.0,137,137-164,0.391667,0.433333,0.366667,0.8,0.658333,0.025,0.016667,0.553833,0.533233,0.542244
difficulty,1.0,137,137-165,0.383333,0.066667,0.625,0.691667,0.383333,0.175,0.0,0.741533,0.4038,1.138117
difficulty,1.0,137,137-166,0.45,0.45,0.391667,0.841667,0.666667,0.016667,0.0,0.605037,0.540523,0.609812
difficulty,1.0,137,137-167,0.358333,0.441667,0.35,0.791667,0.633333,0.066667,0.0,0.591565,0.492428,0.63087
difficulty,1.0,137,137-168,0.291667,0.35,0.125,0.475,0.433333,0.016667,0.191667,0.450343,0.680082,0.63922
difficulty,1.0,137,137-169,0.591667,0.425,0.416667,0.841667,0.65,0.05,0.0,0.651595,0.563576,0.686396
difficulty,1.0,137,137-170,0.491667,0.416667,0.433333,0.85,0.641667,0.033333,0.0,0.635555,0.483596,0.69048
difficulty,1.0,137,137-171,0.333333,0.391667,0.358333,0.75,0.558333,0.05,0.0,0.57745,0.467231,0.623227
difficulty,1.0,137,137-172,0.383333,0.408333,0.375,0.783333,0.525,0.058333,0.0,0.601689,0.524566,0.68661
difficulty,1.0,137,137-173,0.533333,0.116667,0.65,0.766667,0.533333,0.083333,0.0,0.710002,0.485557,0.952475
difficulty,1.0,137,137-174,0.325,0.433333,0.291667,0.725,0.583333,0.066667,0.0,0.57342,0.539277,0.624476
difficulty,1.0,137,137-175,0.375,0.391667,0.133333,0.525,0.441667,0.008333,0.116667,0.48676,0.445082,0.614421
difficulty,1.0,137,137-176,0.5,0.275,0.508333,0.783333,0.558333,0.108333,0.0,0.686939,0.474729,0.873303
difficulty,1.0,137,137-177,0.441667,0.366667,0.408333,0.775,0.591667,0.05,0.0,0.646416,0.434732,0.7537
difficulty,1.0,137,137-178,0.141667,0.291667,0.141667,0.433333,0.366667,0.016667,0.341667,0.415691,0.550182,0.817811
difficulty,1.0,137,137-179,0.0,0.0,0.0,0.0,0.0,1.0,0.0,0.905618,0.198725,2.313354
difficulty,1.0,137,137-180,0.275,0.358333,0.25,0.608333,0.516667,0.041667,0.125,0.495471,0.673433,0.594756
difficulty,1.0,137,137-181,0.366667,0.475,0.391667,0.866667,0.633333,0.041667,0.0,0.586617,0.500704,0.578141
difficulty,1.0,137,137-182,0.141667,0.233333,0.208333,0.441667,0.3,0.025,0.35,0.425887,0.380274,0.842206
difficulty,1.0,137,137-183,0.375,0.458333,0.366667,0.825,0.6,0.041667,0.0,0.575777,0.532198,0.595269
difficulty,1.0,137,137-184,0.333333,0.341667,0.258333,0.6,0.508333,0.033333,0.116667,0.511355,0.506052,0.623566
difficulty,1.0,137,137-185,0.375,0.325,0.325,0.65,0.591667,0.075,0.041667,0.543155,0.466677,0.644569
difficulty,1.0,137,137-186,0.208333,0.358333,0.15,0.508333,0.416667,0.0,0.291667,0.433018,0.551196,0.682602
difficulty,1.0,137,137-187,0.35,0.408333,0.275,0.683333,0.566667,0.008333,0.041667,0.512831,0.642922,0.533158
difficulty,1.0,137,137-188,0.375,0.391667,0.275,0.666667,0.6,0.016667,0.05,0.516643,0.543144,0.563031
difficulty,1.0,137,137-189,0.333333,0.35,0.233333,0.583333,0.541667,0.041667,0.116667,0.495596,0.579909,0.601255
difficulty,1.0,137,137-190,0.333333,0.35,0.3,0.65,0.566667,0.058333,0.05,0.543806,0.416637,0.65504
difficulty,1.0,137,137-191,0.15,0.308333,0.15,0.458333,0.358333,0.016667,0.383333,0.411698,0.578948,0.813588
difficulty,1.0,137,137-192,0.175,0.1,0.15,0.25,0.241667,0.008333,0.491667,0.339562,0.488355,1.044505
difficulty,1.0,137,137-193,0.366667,0.358333,0.25,0.608333,0.566667,0.041667,0.1,0.504064,0.564897,0.617822
difficulty,1.0,137,137-194,0.0,0.0,0.475,0.475,0.0,0.333333,0.0,0.819359,0.341107,1.591072
difficulty,1.0,137,137-195,0.558333,0.383333,0.458333,0.841667,0.65,0.075,0.0,0.650187,0.544797,0.694354
difficulty,1.0,137,137-196,0.325,0.383333,0.316667,0.7,0.583333,0.091667,0.066667,0.549627,0.487556,0.667852
difficulty,1.0,137,137-197,0.233333,0.358333,0.158333,0.516667,0.4,0.008333,0.283333,0.440704,0.49731,0.703464
difficulty,1.0,137,137-198,0.4,0.441667,0.391667,0.833333,0.608333,0.058333,0.0,0.60559,0.401196,0.644502
difficulty,1.0,137,137-199,0.425,0.508333,0.391667,0.9,0.65,0.033333,0.0,0.604904,0.485522,0.594513
difficulty,1.0,369,369-0,0.508333,0.483333,0.4,0.883333,0.708333,0.033333,0.0,0.622591,0.521826,0.63727
difficulty,1.0,369,369-1,0.4,0.491667,0.341667,0.833333,0.675,0.025,0.0,0.573117,0.640036,0.545674
difficulty,1.0,369,369-2,0.425,0.008333,0.7,0.708333,0.425,0.166667,0.0,0.743376,0.458536,1.144482
difficulty,1.0,369,369-3,0.341667,0.358333,0.225,0.583333,0.533333,0.025,0.108333,0.517691,0.491663,0.648109
difficulty,1.0,369,369-4,0.425,0.483333,0.375,0.858333,0.616667,0.05,0.0,0.632074,0.491036,0.697483
difficulty,1.0,369,369-5,0.475,0.433333,0.4,0.833333,0.675,0.058333,0.0,0.628638,0.533271,0.689221
difficulty,1.0,369,369-6,0.35,0.366667,0.216667,0.583333,0.533333,0.058333,0.108333,0.521881,0.452635,0.664658
difficulty,1.0,369,369-7,0.433333,0.475,0.366667,0.841667,0.641667,0.05,0.0,0.625554,0.521127,0.666901
difficulty,1.0,369,369-8,0.433333,0.475,0.375,0.85,0.641667,0.05,0.0,0.607124,0.496619,0.668161
difficulty,1.0,369,369-9,0.0,0.0,0.408333,0.408333,0.0,0.316667,0.0,0.826245,0.334711,1.628855
difficulty,1.0,369,369-10,0.566667,0.208333,0.575,0.783333,0.566667,0.1,0.0,0.695331,0.493713,0.895719
difficulty,1.0,369,369-11,0.066667,0.091667,0.008333,0.1,0.091667,0.041667,0.783333,0.224906,0.28015,1.786313
difficulty,1.0,369,369-12,0.391667,0.375,0.35,0.725,0.658333,0.025,0.041667,0.530726,0.529509,0.567545
difficulty,1.0,369,369-13,0.416667,0.491667,0.35,0.841667,0.65,0.041667,0.0,0.59659,0.592958,0.599214
difficulty,1.0,369,369-14,0.066667,0.116667,0.058333,0.175,0.166667,0.008333,0.725,0.224446,0.47107,1.617874
difficulty,1.0,369,369-15,0.058333,0.216667,0.058333,0.275,0.258333,0.041667,0.616667,0.291183,0.291597,1.406555
difficulty,1.0,369,369-16,0.458333,0.441667,0.433333,0.875,0.658333,0.025,0.0,0.609044,0.566203,0.60865
difficulty,1.0,369,369-17,0.158333,0.158333,0.166667,0.325,0.258333,0.008333,0.408333,0.372745,0.481728,0.908328
difficulty,1.0,369,369-18,0.241667,0.0,0.725,0.725,0.241667,0.175,0.0,0.757127,0.468654,1.192454
difficulty,1.0,369,369-19,0.366667,0.341667,0.258333,0.6,0.566667,0.058333,0.108333,0.522348,0.481577,0.648798
difficulty,1.0,369,369-20,0.375,0.483333,0.358333,0.841667,0.641667,0.016667,0.0,0.556958,0.578872,0.510588
difficulty,1.0,369,369-21,0.483333,0.108333,0.625,0.733333,0.483333,0.125,0.0,0.724237,0.482614,1.042776
difficulty,1.0,369,369-22,0.366667,0.4,0.366667,0.766667,0.683333,0.016667,0.0,0.549597,0.503709,0.54012
difficulty,1.0,369,369-23,0.425,0.041667,0.691667,0.733333,0.425,0.125,0.0,0.732218,0.455269,1.070644
difficulty,1.0,369,369-24,0.4,0.35,0.383333,0.733333,0.666667,0.05,0.05,0.541239,0.483545,0.590436
difficulty,1.0,369,369-25,0.325,0.391667,0.275,0.666667,0.591667,0.041667,0.066667,0.523379,0.568505,0.595023
difficulty,1.0,369,369-26,0.4,0.016667,0.675,0.691667,0.4,0.141667,0.0,0.744026,0.409776,1.145905
difficulty,1.0,369,369-27,0.358333,0.35,0.333333,0.683333,0.591667,0.033333,0.016667,0.543824,0.499603,0.583892
difficulty,1.0,369,369-28,0.3,0.375,0.125,0.5,0.425,0.008333,0.225,0.446006,0.542615,0.597458
difficulty,1.0,369,369-29,0.441667,0.508333,0.366667,0.875,0.691667,0.025,0.0,0.604583,0.593306,0.591505
difficulty,1.0,369,369-30,0.5,0.333333,0.441667,0.775,0.591667,0.091667,0.0,0.671182,0.460913,0.812869
difficulty,1.0,369,369-31,0.4,0.491667,0.35,0.841667,0.633333,0.058333,0.0,0.590011,0.493062,0.61122
difficulty,1.0,369,369-32,0.358333,0.433333,0.333333,0.766667,0.666667,0.033333,0.025,0.52962,0.548146,0.539496
difficulty,1.0,369,369-33,0.141667,0.133333,0.075,0.208333,0.191667,0.008333,0.575,0.311107,0.567225,1.098221
difficulty,1.0,369,369-34,0.383333,0.425,0.266667,0.691667,0.633333,0.025,0.05,0.513202,0.540001,0.567343
difficulty,1.0,369,369-35,0.366667,0.441667,0.358333,0.8,0.591667,0.033333,0.0,0.5678,0.567902,0.574716
difficulty,1.0,369,369-36,0.325,0.358333,0.3,0.658333,0.583333,0.025,0.083333,0.514927,0.56881,0.596492
difficulty,1.0,369,369-37,0.558333,0.391667,0.45,0.841667,0.633333,0.083333,0.0,0.656076,0.581675,0.722559
difficulty,1.0,369,369-38,0.408333,0.541667,0.358333,0.9,0.683333,0.008333,0.0,0.571245,0.592075,0.509275
difficulty,1.0,369,369-39,0.525,0.475,0.391667,0.866667,0.7,0.05,0.0,0.624231,0.593804,0.62903
difficulty,1.0,369,369-40,0.491667,0.308333,0.441667,0.75,0.575,0.083333,0.0,0.681173,0.435084,0.85577
difficulty,1.0,369,369-41,0.341667,0.425,0.233333,0.658333,0.591667,0.016667,0.075,0.49812,0.592982,0.564739
difficulty,1.0,369,369-42,0.375,0.383333,0.25,0.633333,0.6,0.033333,0.033333,0.526313,0.496498,0.60864
difficulty,1.0,369,369-43,0.308333,0.358333,0.15,0.508333,0.425,0.0,0.241667,0.448775,0.483272,0.654002
difficulty,1.0,369,369-44,0.358333,0.333333,0.266667,0.6,0.558333,0.025,0.091667,0.507263,0.524676,0.608604
difficulty,1.0,369,369-45,0.383333,0.466667,0.375,0.841667,0.616667,0.075,0.0,0.601583,0.447849,0.645291
difficulty,1.0,369,369-46,0.516667,0.358333,0.425,0.783333,0.616667,0.083333,0.0,0.667816,0.448772,0.802079
difficulty,1.0,369,369-47,0.341667,0.366667,0.175,0.541667,0.458333,0.025,0.15,0.493752,0.484478,0.667859
difficulty,1.0,369,369-48,0.416667,0.433333,0.408333,0.841667,0.616667,0.041667,0.0,0.609109,0.482634,0.640585
difficulty,1.0,369,369-49,0.166667,0.233333,0.166667,0.4,0.35,0.016667,0.383333,0.396463,0.458908,0.812363
difficulty,1.0,369,369-50,0.216667,0.375,0.175,0.55,0.441667,0.016667,0.25,0.454591,0.439084,0.690527
difficulty,1.0,369,369-51,0.475,0.4,0.375,0.775,0.666667,0.041667,0.0,0.61294,0.583646,0.65803
difficulty,1.0,369,369-52,0.208333,0.0,0.716667,0.716667,0.208333,0.166667,0.0,0.762318,0.449916,1.222491
difficulty,1.0,369,369-53,0.5,0.241667,0.533333,0.775,0.508333,0.133333,0.0,0.69967,0.440342,0.926353
difficulty,1.0,369,369-54,0.35,0.4,0.258333,0.658333,0.608333,0.016667,0.091667,0.516716,0.503245,0.615064
difficulty,1.0,369,369-55,0.558333,0.216667,0.591667,0.808333,0.558333,0.108333,0.0,0.698661,0.492957,0.918127
difficulty,1.0,369,369-56,0.45,0.458333,0.416667,0.875,0.65,0.033333,0.0,0.629857,0.458313,0.672545
difficulty,1.0,369,369-57,0.375,0.366667,0.275,0.641667,0.608333,0.033333,0.066667,0.531173,0.467818,0.611372
difficulty,1.0,369,369-58,0.275,0.358333,0.183333,0.541667,0.425,0.008333,0.133333,0.485888,0.383643,0.644549
difficulty,1.0,369,369-59,0.433333,0.45,0.391667,0.841667,0.666667,0.058333,0.0,0.611728,0.522703,0.658167
difficulty,1.0,369,369-60,0.3,0.4,0.316667,0.716667,0.591667,0.016667,0.058333,0.526082,0.590004,0.553687
difficulty,1.0,369,369-61,0.191667,0.141667,0.1,0.241667,0.233333,0.008333,0.441667,0.350057,0.466575,0.942375
difficulty,1.0,369,369-62,0.458333,0.458333,0.441667,0.9,0.625,0.041667,0.0,0.634058,0.437349,0.666548
difficulty,1.0,369,369-63,0.2,0.166667,0.225,0.391667,0.308333,0.0,0.391667,0.392802,0.448851,0.862637
difficulty,1.0,369,369-64,0.35,0.383333,0.291667,0.675,0.608333,0.016667,0.066667,0.502787,0.584915,0.538993
difficulty,1.0,369,369-65,0.558333,0.208333,0.566667,0.775,0.558333,0.125,0.0,0.702145,0.475992,0.932118
difficulty,1.0,369,369-66,0.383333,0.375,0.141667,0.516667,0.458333,0.0,0.116667,0.491606,0.436426,0.610192
difficulty,1.0,369,369-67,0.466667,0.116667,0.633333,0.75,0.466667,0.15,0.0,0.72535,0.45564,1.052569
difficulty,1.0,369,369-68,0.558333,0.25,0.516667,0.766667,0.575,0.083333,0.0,0.694122,0.421007,0.892867
difficulty,1.0,369,369-69,0.116667,0.358333,0.133333,0.491667,0.383333,0.008333,0.383333,0.408482,0.586743,0.752254
difficulty,1.0,369,369-70,0.4,0.016667,0.708333,0.725,0.4,0.141667,0.0,0.74184,0.432862,1.124774
difficulty,1.0,369,369-71,0.308333,0.375,0.291667,0.666667,0.558333,0.05,0.041667,0.534179,0.525894,0.604085
difficulty,1.0,369,369-72,0.333333,0.375,0.225,0.6,0.541667,0.025,0.1,0.512509,0.507024,0.634949
difficulty,1.0,369,369-73,0.516667,0.35,0.458333,0.808333,0.616667,0.075,0.0,0.660174,0.476338,0.780827
difficulty,1.0,369,369-74,0.05,0.0,0.566667,0.566667,0.05,0.258333,0.0,0.791129,0.364047,1.409698
difficulty,1.0,369,369-75,0.633333,0.425,0.483333,0.908333,0.683333,0.025,0.0,0.645351,0.596289,0.651686
difficulty,1.0,369,369-76,0.4,0.425,0.35,0.775,0.608333,0.041667,0.0,0.605523,0.544412,0.65865
difficulty,1.0,369,369-77,0.525,0.333333,0.441667,0.775,0.591667,0.066667,0.0,0.669876,0.470254,0.79435
difficulty,1.0,369,369-78,0.55,0.283333,0.525,0.808333,0.55,0.133333,0.0,0.69325,0.48939,0.898057
difficulty,1.0,369,369-79,0.0,0.0,0.066667,0.066667,0.0,0.341667,0.0,0.84789,0.316428,1.779074
difficulty,1.0,369,369-80,0.558333,0.3,0.516667,0.816667,0.591667,0.058333,0.0,0.675004,0.475488,0.803306
difficulty,1.0,369,369-81,0.408333,0.466667,0.416667,0.883333,0.633333,0.041667,0.0,0.619646,0.479946,0.650674
difficulty,1.0,369,369-82,0.291667,0.016667,0.633333,0.65,0.291667,0.2,0.0,0.762146,0.364648,1.239532
difficulty,1.0,369,369-83,0.35,0.366667,0.216667,0.583333,0.541667,0.008333,0.083333,0.502513,0.532951,0.597109
difficulty,1.0,369,369-84,0.408333,0.0,0.758333,0.758333,0.408333,0.133333,0.0,0.737413,0.462861,1.094796
difficulty,1.0,369,369-85,0.0,0.0,0.283333,0.283333,0.0,0.283333,0.0,0.832923,0.348193,1.655288
difficulty,1.0,369,369-86,0.333333,0.366667,0.158333,0.525,0.5,0.008333,0.191667,0.4603,0.618194,0.63585
difficulty,1.0,369,369-87,0.591667,0.291667,0.516667,0.808333,0.591667,0.091667,0.0,0.683962,0.525721,0.82623
difficulty,1.0,369,369-88,0.558333,0.25,0.558333,0.808333,0.558333,0.091667,0.0,0.690362,0.525413,0.861988
difficulty,1.0,369,369-89,0.175,0.341667,0.15,0.491667,0.391667,0.008333,0.266667,0.447399,0.456953,0.686781
difficulty,1.0,369,369-90,0.183333,0.175,0.141667,0.316667,0.266667,0.016667,0.583333,0.336696,0.436412,1.101805
difficulty,1.0,369,369-91,0.0,0.0,0.0,0.0,0.0,1.0,0.0,0.901622,0.217795,2.256922
difficulty,1.0,369,369-92,0.208333,0.191667,0.091667,0.283333,0.25,0.0,0.591667,0.322803,0.453648,1.076962
difficulty,1.0,369,369-93,0.158333,0.0,0.691667,0.691667,0.158333,0.183333,0.0,0.765353,0.438899,1.237567
difficulty,1.0,369,369-94,0.0,0.0,0.516667,0.516667,0.0,0.283333,0.0,0.816035,0.335877,1.561352
difficulty,1.0,369,369-95,0.191667,0.35,0.158333,0.508333,0.375,0.0,0.25,0.445783,0.523732,0.689261
difficulty,1.0,369,369-96,0.308333,0.408333,0.283333,0.691667,0.558333,0.033333,0.05,0.51783,0.625066,0.574979
difficulty,1.0,369,369-97,0.2,0.083333,0.166667,0.25,0.241667,0.016667,0.433333,0.353701,0.451627,1.016855
difficulty,1.0,369,369-98,0.358333,0.375,0.325,0.7,0.616667,0.05,0.066667,0.529341,0.493608,0.605483
difficulty,1.0,369,369-99,0.083333,0.225,0.058333,0.283333,0.275,0.041667,0.6,0.297995,0.301288,1.380532
difficulty,1.0,369,369-100,0.0,0.0,0.0,0.0,0.0,0.691667,0.0,0.869079,0.27786,1.937542
difficulty,1.0,369,369-101,0.358333,0.366667,0.225,0.591667,0.5,0.016667,0.116667,0.492768,0.513227,0.599326
difficulty,1.0,369,369-102,0.366667,0.433333,0.325,0.758333,0.675,0.05,0.008333,0.559368,0.442652,0.597117
difficulty,1.0,369,369-103,0.2,0.166667,0.091667,0.258333,0.225,0.016667,0.55,0.329139,0.461313,1.097723
difficulty,1.0,369,369-104,0.6,0.216667,0.616667,0.833333,0.6,0.083333,0.0,0.689209,0.525882,0.847956
difficulty,1.0,369,369-105,0.483333,0.441667,0.408333,0.85,0.65,0.058333,0.0,0.637011,0.52018,0.685126
difficulty,1.0,369,369-106,0.408333,0.083333,0.633333,0.716667,0.408333,0.15,0.0,0.734076,0.421427,1.092495
difficulty,1.0,369,369-107,0.441667,0.475,0.383333,0.858333,0.658333,0.058333,0.0,0.628411,0.478562,0.679481
difficulty,1.0,369,369-108,0.358333,0.425,0.333333,0.758333,0.625,0.058333,0.008333,0.568242,0.528041,0.590153
difficulty,1.0,369,369-109,0.366667,0.475,0.333333,0.808333,0.608333,0.033333,0.0,0.561573,0.586347,0.551033
difficulty,1.0,369,369-110,0.0,0.0,0.458333,0.458333,0.0,0.341667,0.0,0.820319,0.327812,1.594492
difficulty,1.0,369,369-111,0.475,0.308333,0.458333,0.766667,0.583333,0.075,0.0,0.6777,0.438003,0.842481
difficulty,1.0,369,369-112,0.316667,0.341667,0.158333,0.5,0.45,0.0,0.233333,0.444902,0.573324,0.637556
difficulty,1.0,369,369-113,0.458333,0.441667,0.375,0.816667,0.658333,0.066667,0.0,0.635158,0.543471,0.680458
difficulty,1.0,369,369-114,0.483333,0.458333,0.391667,0.85,0.641667,0.033333,0.0,0.625145,0.537829,0.649654
difficulty,1.0,369,369-115,0.341667,0.341667,0.216667,0.558333,0.516667,0.025,0.091667,0.499109,0.559369,0.613574
difficulty,1.0,369,369-116,0.35,0.475,0.366667,0.841667,0.641667,0.041667,0.0,0.576831,0.55287,0.56913
difficulty,1.0,369,369-117,0.35,0.35,0.133333,0.483333,0.416667,0.033333,0.141667,0.492275,0.43463,0.714027
difficulty,1.0,369,369-118,0.5,0.166667,0.583333,0.75,0.5,0.141667,0.0,0.713508,0.481123,0.991553
difficulty,1.0,369,369-119,0.525,0.216667,0.558333,0.775,0.525,0.1,0.0,0.701879,0.446434,0.934044
difficulty,1.0,369,369-120,0.125,0.241667,0.141667,0.383333,0.316667,0.0,0.416667,0.376422,0.533705,0.811833
difficulty,1.0,369,369-121,0.116667,0.308333,0.175,0.483333,0.358333,0.025,0.366667,0.42487,0.461713,0.838716
difficulty,1.0,369,369-122,0.516667,0.1,0.658333,0.758333,0.516667,0.091667,0.0,0.713381,0.478806,0.981242
difficulty,1.0,369,369-123,0.258333,0.0,0.658333,0.658333,0.258333,0.191667,0.0,0.762985,0.414406,1.236889
difficulty,1.0,369,369-124,0.183333,0.208333,0.075,0.283333,0.258333,0.016667,0.616667,0.320831,0.472999,1.128387
difficulty,1.0,369,369-125,0.466667,0.058333,0.675,0.733333,0.466667,0.133333,0.0,0.726801,0.471416,1.049084
difficulty,1.0,369,369-126,0.608333,0.35,0.5,0.85,0.616667,0.091667,0.0,0.675936,0.522782,0.807322
difficulty,1.0,369,369-127,0.333333,0.0,0.633333,0.633333,0.333333,0.183333,0.0,0.764907,0.399583,1.283286
difficulty,1.0,369,369-128,0.566667,0.383333,0.466667,0.85,0.65,0.033333,0.0,0.650503,0.491348,0.696392
difficulty,1.0,369,369-129,0.0,0.0,0.483333,0.483333,0.0,0.266667,0.0,0.821479,0.364322,1.593303
difficulty,1.0,369,369-130,0.566667,0.316667,0.491667,0.808333,0.583333,0.116667,0.0,0.685358,0.492402,0.856796
difficulty,1.0,369,369-131,0.583333,0.4,0.441667,0.841667,0.666667,0.066667,0.0,0.65415,0.530804,0.731084
difficulty,1.0,369,369-132,0.558333,0.391667,0.441667,0.833333,0.658333,0.075,0.0,0.65133,0.524875,0.699832
difficulty,1.0,369,369-133,0.158333,0.233333,0.125,0.358333,0.316667,0.008333,0.416667,0.382719,0.501289,0.853762
difficulty,1.0,369,369-134,0.483333,0.533333,0.35,0.883333,0.741667,0.033333,0.0,0.595021,0.654546,0.553987
difficulty,1.0,369,369-135,0.0,0.0,0.116667,0.116667,0.0,0.408333,0.0,0.853775,0.288624,1.833117
difficulty,1.0,369,369-136,0.125,0.0,0.658333,0.658333,0.125,0.2,0.0,0.773034,0.41145,1.28627
difficulty,1.0,369,369-137,0.325,0.375,0.175,0.55,0.5,0.041667,0.108333,0.493732,0.549138,0.633023
difficulty,1.0,369,369-138,0.508333,0.1,0.666667,0.766667,0.508333,0.141667,0.0,0.720505,0.500501,1.021511
difficulty,1.0,369,369-139,0.566667,0.408333,0.433333,0.841667,0.691667,0.033333,0.0,0.644597,0.564201,0.674254
difficulty,1.0,369,369-140,0.15,0.233333,0.175,0.408333,0.341667,0.025,0.4,0.403576,0.457226,0.871519
difficulty,1.0,369,369-141,0.383333,0.383333,0.275,0.658333,0.591667,0.025,0.066667,0.508371,0.57308,0.567289
difficulty,1.0,369,369-142,0.2,0.116667,0.158333,0.275,0.25,0.016667,0.416667,0.372173,0.389182,0.964223
difficulty,1.0,369,369-143,0.5,0.133333,0.633333,0.766667,0.5,0.125,0.0,0.714749,0.491541,0.98774
difficulty,1.0,369,369-144,0.391667,0.458333,0.316667,0.775,0.683333,0.033333,0.0,0.543235,0.555777,0.529373
difficulty,1.0,369,369-145,0.166667,0.35,0.2,0.55,0.391667,0.008333,0.266667,0.452694,0.429082,0.704159
difficulty,1.0,369,369-146,0.508333,0.408333,0.416667,0.825,0.683333,0.025,0.0,0.637697,0.524391,0.682755
difficulty,1.0,369,369-147,0.433333,0.441667,0.425,0.866667,0.65,0.041667,0.0,0.610379,0.501533,0.645869
difficulty,1.0,369,369-148,0.325,0.408333,0.191667,0.6,0.516667,0.033333,0.091667,0.513292,0.469533,0.657458
difficulty,1.0,369,369-149,0.4,0.075,0.641667,0.716667,0.4,0.183333,0.0,0.7373,0.415426,1.10622
difficulty,1.0,369,369-150,0.533333,0.308333,0.491667,0.8,0.575,0.108333,0.0,0.679743,0.442778,0.832539
difficulty,1.0,369,369-151,0.341667,0.425,0.341667,0.766667,0.583333,0.041667,0.016667,0.555086,0.521832,0.583407
difficulty,1.0,369,369-152,0.466667,0.5,0.4,0.9,0.725,0.025,0.0,0.601423,0.576977,0.57887
difficulty,1.0,369,369-153,0.358333,0.016667,0.658333,0.675,0.358333,0.191667,0.0,0.748953,0.420562,1.173319
difficulty,1.0,369,369-154,0.175,0.233333,0.033333,0.266667,0.25,0.025,0.683333,0.304336,0.440648,1.23414
difficulty,1.0,369,369-155,0.3,0.0,0.65,0.65,0.3,0.183333,0.0,0.76131,0.421841,1.232949
difficulty,1.0,369,369-156,0.3,0.35,0.166667,0.516667,0.416667,0.016667,0.141667,0.495085,0.436301,0.685978
difficulty,1.0,369,369-157,0.4,0.358333,0.333333,0.691667,0.625,0.066667,0.025,0.56516,0.440347,0.627231
difficulty,1.0,369,369-158,0.533333,0.191667,0.575,0.766667,0.533333,0.108333,0.0,0.70503,0.449366,0.93222
difficulty,1.0,369,369-159,0.341667,0.4,0.3,0.7,0.541667,0.033333,0.016667,0.543252,0.568484,0.598734
difficulty,1.0,369,369-160,0.141667,0.0,0.675,0.675,0.141667,0.2,0.0,0.771475,0.420691,1.271941
difficulty,1.0,369,369-161,0.35,0.375,0.15,0.525,0.475,0.025,0.133333,0.478308,0.539948,0.605859
difficulty,1.0,369,369-162,0.358333,0.433333,0.333333,0.766667,0.591667,0.066667,0.0,0.580521,0.464951,0.659757
difficulty,1.0,369,369-163,0.066667,0.175,0.05,0.225,0.208333,0.025,0.625,0.265856,0.32725,1.450024
difficulty,1.0,369,369-164,0.35,0.008333,0.658333,0.666667,0.35,0.2,0.0,0.756335,0.403146,1.231649
difficulty,1.0,369,369-165,0.158333,0.341667,0.141667,0.483333,0.4,0.025,0.308333,0.439371,0.510277,0.772105
difficulty,1.0,369,369-166,0.066667,0.0,0.625,0.625,0.066667,0.233333,0.0,0.791003,0.402732,1.410411
difficulty,1.0,369,369-167,0.5,0.291667,0.491667,0.783333,0.525,0.133333,0.0,0.690843,0.4796,0.880052
difficulty,1.0,369,369-168,0.333333,0.0,0.7,0.7,0.333333,0.183333,0.0,0.761144,0.445729,1.226086
difficulty,1.0,369,369-169,0.358333,0.35,0.25,0.6,0.533333,0.066667,0.058333,0.524834,0.539805,0.620243
difficulty,1.0,369,369-170,0.525,0.35,0.433333,0.783333,0.591667,0.091667,0.0,0.675012,0.459069,0.830872
difficulty,1.0,369,369-171,0.308333,0.35,0.358333,0.708333,0.575,0.033333,0.05,0.542781,0.508156,0.606786
difficulty,1.0,369,369-172,0.391667,0.416667,0.416667,0.833333,0.616667,0.05,0.0,0.599889,0.45261,0.629551
difficulty,1.0,369,369-173,0.433333,0.458333,0.416667,0.875,0.583333,0.041667,0.0,0.622314,0.430086,0.657924
difficulty,1.0,369,369-174,0.383333,0.491667,0.358333,0.85,0.666667,0.041667,0.0,0.6092,0.597937,0.663691
difficulty,1.0,369,369-175,0.375,0.441667,0.266667,0.708333,0.616667,0.025,0.058333,0.514741,0.550049,0.561309
difficulty,1.0,369,369-176,0.5,0.375,0.466667,0.841667,0.641667,0.058333,0.0,0.653417,0.475283,0.758392
difficulty,1.0,369,369-177,0.425,0.191667,0.516667,0.708333,0.425,0.183333,0.0,0.726483,0.482048,1.062316
difficulty,1.0,369,369-178,0.341667,0.375,0.258333,0.633333,0.583333,0.033333,0.05,0.515604,0.540105,0.613162
difficulty,1.0,369,369-179,0.116667,0.283333,0.116667,0.4,0.308333,0.016667,0.441667,0.384225,0.629151,0.873339
difficulty,1.0,369,369-180,0.5,0.45,0.408333,0.858333,0.691667,0.05,0.0,0.62658,0.526605,0.658674
difficulty,1.0,369,369-181,0.433333,0.5,0.358333,0.858333,0.633333,0.05,0.0,0.621598,0.529892,0.634289
difficulty,1.0,369,369-182,0.566667,0.358333,0.458333,0.816667,0.625,0.075,0.0,0.660565,0.5044,0.737197
difficulty,1.0,369,369-183,0.375,0.45,0.366667,0.816667,0.616667,0.033333,0.0,0.586306,0.581679,0.601143
difficulty,1.0,369,369-184,0.408333,0.45,0.333333,0.783333,0.6,0.058333,0.008333,0.585994,0.513304,0.642501
difficulty,1.0,369,369-185,0.166667,0.275,0.175,0.45,0.358333,0.008333,0.366667,0.418467,0.41402,0.789086
difficulty,1.0,369,369-186,0.35,0.325,0.316667,0.641667,0.583333,0.066667,0.108333,0.523615,0.513845,0.627059
difficulty,1.0,369,369-187,0.366667,0.441667,0.3,0.741667,0.566667,0.058333,0.025,0.563871,0.536649,0.604351
difficulty,1.0,369,369-188,0.358333,0.341667,0.191667,0.533333,0.475,0.033333,0.175,0.486523,0.5229,0.642653
difficulty,1.0,369,369-189,0.408333,0.466667,0.358333,0.825,0.666667,0.033333,0.0,0.60084,0.571088,0.618206
difficulty,1.0,369,369-190,0.516667,0.416667,0.416667,0.833333,0.666667,0.025,0.0,0.64098,0.519631,0.69261
difficulty,1.0,369,369-191,0.433333,0.483333,0.375,0.858333,0.666667,0.05,0.0,0.603993,0.560524,0.612223
difficulty,1.0,369,369-192,0.366667,0.408333,0.283333,0.691667,0.6,0.066667,0.033333,0.54916,0.499191,0.613244
difficulty,1.0,369,369-193,0.333333,0.408333,0.375,0.783333,0.566667,0.05,0.0,0.593078,0.546646,0.624044
difficulty,1.0,369,369-194,0.541667,0.408333,0.433333,0.841667,0.658333,0.066667,0.0,0.646725,0.522115,0.688792
difficulty,1.0,369,369-195,0.083333,0.058333,0.033333,0.091667,0.091667,0.05,0.625,0.262893,0.298763,1.567999
difficulty,1.0,369,369-196,0.35,0.408333,0.308333,0.716667,0.633333,0.016667,0.025,0.515092,0.616301,0.519015
difficulty,1.0,369,369-197,0.241667,0.091667,0.216667,0.308333,0.266667,0.033333,0.375,0.404701,0.380429,0.939245
difficulty,1.0,369,369-198,0.55,0.391667,0.408333,0.8,0.658333,0.066667,0.0,0.656071,0.5158,0.734374
difficulty,1.0,369,369-199,0.2,0.2,0.058333,0.258333,0.225,0.033333,0.591667,0.33956,0.406905,1.204248
difficulty,1.0,1024,1024-0,0.333333,0.391667,0.3,0.691667,0.566667,0.058333,0.033333,0.54281,0.509084,0.605853
difficulty,1.0,1024,1024-1,0.366667,0.441667,0.333333,0.775,0.616667,0.058333,0.0,0.585769,0.486248,0.618558
difficulty,1.0,1024,1024-2,0.0,0.0,0.0,0.0,0.0,0.566667,0.0,0.865065,0.290358,1.911645
difficulty,1.0,1024,1024-3,0.416667,0.533333,0.391667,0.925,0.683333,0.025,0.0,0.597019,0.549023,0.565702
difficulty,1.0,1024,1024-4,0.141667,0.0,0.55,0.55,0.141667,0.241667,0.0,0.787377,0.369254,1.385131
difficulty,1.0,1024,1024-5,0.441667,0.308333,0.433333,0.741667,0.55,0.116667,0.0,0.680136,0.420719,0.866925
difficulty,1.0,1024,1024-6,0.366667,0.433333,0.341667,0.775,0.6,0.075,0.016667,0.574721,0.513729,0.634765
difficulty,1.0,1024,1024-7,0.358333,0.408333,0.241667,0.65,0.575,0.041667,0.066667,0.520038,0.474724,0.626984
difficulty,1.0,1024,1024-8,0.358333,0.416667,0.341667,0.758333,0.616667,0.016667,0.025,0.541141,0.542442,0.54249
difficulty,1.0,1024,1024-9,0.525,0.341667,0.466667,0.808333,0.6,0.091667,0.0,0.675887,0.418494,0.84124
difficulty,1.0,1024,1024-10,0.141667,0.283333,0.175,0.458333,0.375,0.016667,0.366667,0.412137,0.4837,0.838282
difficulty,1.0,1024,1024-11,0.341667,0.425,0.258333,0.683333,0.558333,0.033333,0.041667,0.525698,0.632849,0.572918
difficulty,1.0,1024,1024-12,0.083333,0.0,0.591667,0.591667,0.083333,0.241667,0.0,0.787253,0.394116,1.383956
difficulty,1.0,1024,1024-13,0.508333,0.208333,0.533333,0.741667,0.508333,0.166667,0.0,0.713325,0.414387,1.017341
difficulty,1.0,1024,1024-14,0.466667,0.45,0.45,0.9,0.683333,0.025,0.0,0.626132,0.510136,0.634845
difficulty,1.0,1024,1024-15,0.366667,0.441667,0.291667,0.733333,0.65,0.041667,0.016667,0.534312,0.581916,0.538765
difficulty,1.0,1024,1024-16,0.283333,0.358333,0.125,0.483333,0.425,0.016667,0.2,0.46453,0.581053,0.697232
difficulty,1.0,1024,1024-17,0.0,0.0,0.275,0.275,0.0,0.358333,0.0,0.83487,0.33026,1.686189
difficulty,1.0,1024,1024-18,0.558333,0.375,0.475,0.85,0.625,0.075,0.0,0.661443,0.540803,0.753349
difficulty,1.0,1024,1024-19,0.25,0.325,0.158333,0.483333,0.366667,0.008333,0.233333,0.46275,0.517461,0.710326
difficulty,1.0,1024,1024-20,0.366667,0.383333,0.133333,0.516667,0.458333,0.008333,0.125,0.465291,0.577027,0.570733
difficulty,1.0,1024,1024-21,0.358333,0.358333,0.291667,0.65,0.591667,0.066667,0.041667,0.538399,0.481182,0.629084
difficulty,1.0,1024,1024-22,0.341667,0.4,0.308333,0.708333,0.608333,0.041667,0.058333,0.536631,0.531095,0.604544
difficulty,1.0,1024,1024-23,0.541667,0.4,0.45,0.85,0.616667,0.075,0.0,0.658004,0.556814,0.730467
difficulty,1.0,1024,1024-24,0.408333,0.066667,0.641667,0.708333,0.408333,0.158333,0.0,0.736691,0.471338,1.105439
difficulty,1.0,1024,1024-25,0.375,0.458333,0.366667,0.825,0.591667,0.033333,0.0,0.583319,0.504133,0.574468
difficulty,1.0,1024,1024-26,0.4,0.041667,0.666667,0.708333,0.4,0.15,0.0,0.732932,0.446198,1.080332
difficulty,1.0,1024,1024-27,0.175,0.375,0.125,0.5,0.408333,0.008333,0.325,0.431205,0.525964,0.710643
difficulty,1.0,1024,1024-28,0.575,0.433333,0.433333,0.866667,0.666667,0.05,0.0,0.64449,0.568455,0.667299
difficulty,1.0,1024,1024-29,0.6,0.35,0.516667,0.866667,0.641667,0.066667,0.0,0.664451,0.551134,0.746424
difficulty,1.0,1024,1024-30,0.433333,0.041667,0.691667,0.733333,0.433333,0.133333,0.0,0.734476,0.474842,1.085777
difficulty,1.0,1024,1024-31,0.483333,0.141667,0.608333,0.75,0.483333,0.141667,0.0,0.721214,0.480806,1.048691
difficulty,1.0,1024,1024-32,0.591667,0.166667,0.666667,0.833333,0.591667,0.083333,0.0,0.691216,0.570384,0.859816
difficulty,1.0,1024,1024-33,0.183333,0.191667,0.066667,0.258333,0.25,0.033333,0.525,0.34982,0.412022,1.108566
difficulty,1.0,1024,1024-34,0.341667,0.341667,0.3,0.641667,0.575,0.025,0.058333,0.515074,0.56564,0.562059
difficulty,1.0,1024,1024-35,0.216667,0.158333,0.233333,0.391667,0.325,0.025,0.375,0.419039,0.361996,0.925366
difficulty,1.0,1024,1024-36,0.366667,0.458333,0.341667,0.8,0.616667,0.041667,0.008333,0.570416,0.489666,0.581358
difficulty,1.0,1024,1024-37,0.2,0.166667,0.108333,0.275,0.258333,0.016667,0.491667,0.356049,0.39276,1.041785
difficulty,1.0,1024,1024-38,0.491667,0.183333,0.575,0.758333,0.491667,0.15,0.0,0.712987,0.455561,0.991025
difficulty,1.0,1024,1024-39,0.325,0.416667,0.291667,0.708333,0.575,0.025,0.016667,0.536903,0.556578,0.562498
difficulty,1.0,1024,1024-40,0.475,0.083333,0.641667,0.725,0.475,0.125,0.0,0.720662,0.43525,1.019674
difficulty,1.0,1024,1024-41,0.35,0.383333,0.233333,0.616667,0.55,0.05,0.075,0.506126,0.526418,0.615388
difficulty,1.0,1024,1024-42,0.375,0.45,0.325,0.775,0.633333,0.05,0.0,0.569303,0.587182,0.604212
difficulty,1.0,1024,1024-43,0.516667,0.191667,0.55,0.741667,0.516667,0.125,0.0,0.70829,0.429127,0.962078
difficulty,1.0,1024,1024-44,0.35,0.366667,0.191667,0.558333,0.425,0.016667,0.116667,0.500218,0.404431,0.649496
difficulty,1.0,1024,1024-45,0.183333,0.15,0.108333,0.258333,0.25,0.016667,0.508333,0.333623,0.476911,1.047061
difficulty,1.0,1024,1024-46,0.0,0.0,0.0,0.0,0.0,0.6,0.0,0.870574,0.268019,1.965361
difficulty,1.0,1024,1024-47,0.191667,0.166667,0.191667,0.358333,0.291667,0.025,0.391667,0.39636,0.442221,0.935112
difficulty,1.0,1024,1024-48,0.491667,0.341667,0.458333,0.8,0.608333,0.05,0.0,0.660456,0.443675,0.767183
difficulty,1.0,1024,1024-49,0.5,0.216667,0.525,0.741667,0.5,0.133333,0.0,0.711996,0.479567,0.995131
difficulty,1.0,1024,1024-50,0.55,0.408333,0.45,0.858333,0.633333,0.075,0.0,0.656322,0.536007,0.721492
difficulty,1.0,1024,1024-51,0.208333,0.125,0.15,0.275,0.25,0.025,0.4,0.371656,0.423459,0.981663
difficulty,1.0,1024,1024-52,0.591667,0.3,0.516667,0.816667,0.6,0.091667,0.0,0.679909,0.487606,0.831122
difficulty,1.0,1024,1024-53,0.5,0.458333,0.425,0.883333,0.633333,0.033333,0.0,0.643441,0.482379,0.678986
difficulty,1.0,1024,1024-54,0.508333,0.3,0.466667,0.766667,0.541667,0.133333,0.0,0.693334,0.475785,0.917624
difficulty,1.0,1024,1024-55,0.191667,0.233333,0.066667,0.3,0.266667,0.016667,0.633333,0.322795,0.38968,1.14624
difficulty,1.0,1024,1024-56,0.366667,0.5,0.358333,0.858333,0.625,0.025,0.0,0.57565,0.567581,0.570869
difficulty,1.0,1024,1024-57,0.325,0.383333,0.25,0.633333,0.533333,0.033333,0.1,0.51538,0.502899,0.65751
difficulty,1.0,1024,1024-58,0.116667,0.341667,0.191667,0.533333,0.416667,0.016667,0.333333,0.429283,0.42501,0.747668
difficulty,1.0,1024,1024-59,0.375,0.508333,0.325,0.833333,0.625,0.033333,0.008333,0.568225,0.568807,0.571165
difficulty,1.0,1024,1024-60,0.141667,0.266667,0.15,0.416667,0.341667,0.008333,0.408333,0.390425,0.509331,0.804667
difficulty,1.0,1024,1024-61,0.425,0.475,0.375,0.85,0.633333,0.033333,0.0,0.601138,0.461928,0.611058
difficulty,1.0,1024,1024-62,0.383333,0.358333,0.208333,0.566667,0.475,0.008333,0.116667,0.493425,0.445073,0.627715
difficulty,1.0,1024,1024-63,0.366667,0.441667,0.341667,0.783333,0.641667,0.058333,0.008333,0.569953,0.455616,0.614316
difficulty,1.0,1024,1024-64,0.383333,0.475,0.283333,0.758333,0.641667,0.025,0.008333,0.541671,0.619427,0.539008
difficulty,1.0,1024,1024-65,0.183333,0.2,0.083333,0.283333,0.266667,0.025,0.525,0.345716,0.394583,1.082393
difficulty,1.0,1024,1024-66,0.383333,0.466667,0.333333,0.8,0.666667,0.075,0.0,0.580285,0.557861,0.618263
difficulty,1.0,1024,1024-67,0.55,0.4,0.433333,0.833333,0.658333,0.066667,0.0,0.648124,0.538834,0.700046
difficulty,1.0,1024,1024-68,0.35,0.383333,0.241667,0.625,0.575,0.025,0.083333,0.503533,0.518369,0.588305
difficulty,1.0,1024,1024-69,0.383333,0.525,0.358333,0.883333,0.666667,0.033333,0.0,0.583877,0.534216,0.561824
difficulty,1.0,1024,1024-70,0.483333,0.433333,0.441667,0.875,0.675,0.05,0.0,0.622576,0.512052,0.641762
difficulty,1.0,1024,1024-71,0.491667,0.525,0.4,0.925,0.733333,0.033333,0.0,0.601433,0.627462,0.537843
difficulty,1.0,1024,1024-72,0.341667,0.366667,0.233333,0.6,0.541667,0.016667,0.1,0.503189,0.537529,0.608843
difficulty,1.0,1024,1024-73,0.358333,0.458333,0.35,0.808333,0.616667,0.05,0.0,0.58389,0.53012,0.602476
difficulty,1.0,1024,1024-74,0.383333,0.366667,0.291667,0.658333,0.591667,0.058333,0.033333,0.538884,0.530258,0.605954
difficulty,1.0,1024,1024-75,0.45,0.533333,0.366667,0.9,0.725,0.033333,0.0,0.609144,0.558005,0.604933
difficulty,1.0,1024,1024-76,0.0,0.0,0.125,0.125,0.0,0.291667,0.0,0.840435,0.334054,1.712364
difficulty,1.0,1024,1024-77,0.408333,0.091667,0.608333,0.7,0.408333,0.175,0.0,0.735652,0.445892,1.116285
difficulty,1.0,1024,1024-78,0.55,0.383333,0.441667,0.825,0.625,0.066667,0.0,0.659817,0.503768,0.74627
difficulty,1.0,1024,1024-79,0.483333,0.383333,0.416667,0.8,0.633333,0.091667,0.0,0.653902,0.522048,0.745408
difficulty,1.0,1024,1024-80,0.391667,0.458333,0.35,0.808333,0.608333,0.033333,0.0,0.580939,0.523347,0.615246
difficulty,1.0,1024,1024-81,0.508333,0.408333,0.433333,0.841667,0.666667,0.05,0.0,0.637673,0.477533,0.700015
difficulty,1.0,1024,1024-82,0.575,0.366667,0.483333,0.85,0.658333,0.041667,0.0,0.652216,0.53564,0.698097
difficulty,1.0,1024,1024-83,0.491667,0.408333,0.383333,0.791667,0.658333,0.066667,0.0,0.644035,0.47444,0.743939
difficulty,1.0,1024,1024-84,0.0,0.0,0.241667,0.241667,0.0,0.266667,0.0,0.833064,0.352493,1.653397
difficulty,1.0,1024,1024-85,0.408333,0.333333,0.383333,0.716667,0.666667,0.033333,0.016667,0.539403,0.467051,0.568556
difficulty,1.0,1024,1024-86,0.541667,0.316667,0.508333,0.825,0.608333,0.1,0.0,0.667826,0.540496,0.775661
difficulty,1.0,1024,1024-87,0.366667,0.391667,0.225,0.616667,0.575,0.033333,0.091667,0.488231,0.632161,0.588658
difficulty,1.0,1024,1024-88,0.541667,0.2,0.575,0.775,0.541667,0.141667,0.0,0.701601,0.484919,0.934607
difficulty,1.0,1024,1024-89,0.383333,0.433333,0.333333,0.766667,0.6,0.058333,0.008333,0.567395,0.520534,0.618451
difficulty,1.0,1024,1024-90,0.091667,0.325,0.191667,0.516667,0.366667,0.033333,0.325,0.441066,0.444224,0.856243
difficulty,1.0,1024,1024-91,0.533333,0.4,0.441667,0.841667,0.641667,0.075,0.0,0.653901,0.547327,0.742252
difficulty,1.0,1024,1024-92,0.441667,0.55,0.358333,0.908333,0.7,0.016667,0.0,0.585359,0.52442,0.541217
difficulty,1.0,1024,1024-93,0.166667,0.108333,0.133333,0.241667,0.225,0.008333,0.475,0.341268,0.515097,0.975279
difficulty,1.0,1024,1024-94,0.416667,0.55,0.375,0.925,0.666667,0.016667,0.0,0.59955,0.545641,0.554358
difficulty,1.0,1024,1024-95,0.466667,0.425,0.375,0.8,0.666667,0.066667,0.0,0.632054,0.542575,0.70322
difficulty,1.0,1024,1024-96,0.533333,0.466667,0.433333,0.9,0.683333,0.033333,0.0,0.628814,0.552486,0.614102
difficulty,1.0,1024,1024-97,0.45,0.483333,0.391667,0.875,0.675,0.033333,0.0,0.611897,0.531082,0.612936
difficulty,1.0,1024,1024-98,0.108333,0.333333,0.175,0.508333,0.4,0.0,0.341667,0.416299,0.468484,0.722595
difficulty,1.0,1024,1024-99,0.508333,0.133333,0.625,0.758333,0.508333,0.116667,0.0,0.713922,0.469903,0.983703
difficulty,1.0,1024,1024-100,0.441667,0.516667,0.358333,0.875,0.691667,0.025,0.0,0.590242,0.562566,0.565896
difficulty,1.0,1024,1024-101,0.35,0.375,0.341667,0.716667,0.641667,0.041667,0.016667,0.53672,0.515423,0.592372
difficulty,1.0,1024,1024-102,0.35,0.425,0.333333,0.758333,0.633333,0.016667,0.0,0.537723,0.574667,0.535511
difficulty,1.0,1024,1024-103,0.433333,0.441667,0.45,0.891667,0.616667,0.058333,0.0,0.628846,0.430059,0.690301
difficulty,1.0,1024,1024-104,0.383333,0.458333,0.3,0.758333,0.65,0.05,0.0,0.547855,0.55681,0.566331
difficulty,1.0,1024,1024-105,0.475,0.033333,0.741667,0.775,0.475,0.091667,0.0,0.724208,0.507173,1.016456
difficulty,1.0,1024,1024-106,0.466667,0.45,0.391667,0.841667,0.683333,0.041667,0.0,0.622122,0.55545,0.656987
difficulty,1.0,1024,1024-107,0.325,0.275,0.25,0.525,0.458333,0.008333,0.166667,0.482829,0.541554,0.644561
difficulty,1.0,1024,1024-108,0.475,0.416667,0.425,0.841667,0.625,0.075,0.0,0.647505,0.43545,0.75445
difficulty,1.0,1024,1024-109,0.325,0.375,0.216667,0.591667,0.5,0.025,0.125,0.500644,0.497847,0.649564
difficulty,1.0,1024,1024-110,0.366667,0.425,0.358333,0.783333,0.566667,0.058333,0.0,0.584908,0.485389,0.630662
difficulty,1.0,1024,1024-111,0.358333,0.441667,0.325,0.766667,0.591667,0.033333,0.008333,0.550092,0.608727,0.564538
difficulty,1.0,1024,1024-112,0.375,0.416667,0.325,0.741667,0.633333,0.016667,0.016667,0.531969,0.54486,0.555175
difficulty,1.0,1024,1024-113,0.483333,0.475,0.358333,0.833333,0.725,0.033333,0.0,0.6161,0.591375,0.627063
difficulty,1.0,1024,1024-114,0.525,0.308333,0.5,0.808333,0.575,0.108333,0.0,0.675968,0.452384,0.816093
difficulty,1.0,1024,1024-115,0.483333,0.425,0.45,0.875,0.641667,0.041667,0.0,0.642438,0.481607,0.703475
difficulty,1.0,1024,1024-116,0.416667,0.041667,0.658333,0.7,0.416667,0.166667,0.0,0.741815,0.443761,1.127992
difficulty,1.0,1024,1024-117,0.083333,0.0,0.583333,0.583333,0.083333,0.266667,0.0,0.792684,0.371698,1.421142
difficulty,1.0,1024,1024-118,0.55,0.25,0.575,0.825,0.575,0.083333,0.0,0.685428,0.477643,0.839546
difficulty,1.0,1024,1024-119,0.108333,0.266667,0.183333,0.45,0.341667,0.016667,0.391667,0.412114,0.467622,0.809318
difficulty,1.0,1024,1024-120,0.5,0.466667,0.4,0.866667,0.708333,0.033333,0.0,0.627069,0.509861,0.645337
difficulty,1.0,1024,1024-121,0.158333,0.241667,0.033333,0.275,0.266667,0.025,0.633333,0.309391,0.451049,1.20692
difficulty,1.0,1024,1024-122,0.4,0.408333,0.425,0.833333,0.575,0.091667,0.0,0.633427,0.424638,0.766341
difficulty,1.0,1024,1024-123,0.558333,0.366667,0.466667,0.833333,0.625,0.05,0.0,0.661467,0.514612,0.734037
difficulty,1.0,1024,1024-124,0.375,0.408333,0.158333,0.566667,0.491667,0.008333,0.108333,0.496175,0.396483,0.60686
difficulty,1.0,1024,1024-125,0.141667,0.25,0.15,0.4,0.308333,0.008333,0.408333,0.387252,0.494719,0.88415
difficulty,1.0,1024,1024-126,0.35,0.35,0.166667,0.516667,0.45,0.025,0.1,0.516545,0.404494,0.651626
difficulty,1.0,1024,1024-127,0.391667,0.433333,0.358333,0.791667,0.625,0.033333,0.008333,0.56756,0.479771,0.583953
difficulty,1.0,1024,1024-128,0.458333,0.008333,0.758333,0.766667,0.458333,0.133333,0.0,0.727613,0.511033,1.033883
difficulty,1.0,1024,1024-129,0.366667,0.341667,0.266667,0.608333,0.575,0.025,0.058333,0.514802,0.505866,0.59522
difficulty,1.0,1024,1024-130,0.383333,0.033333,0.641667,0.675,0.383333,0.158333,0.0,0.746123,0.438465,1.154948
difficulty,1.0,1024,1024-131,0.408333,0.55,0.308333,0.858333,0.7,0.008333,0.0,0.575433,0.6178,0.535635
difficulty,1.0,1024,1024-132,0.558333,0.433333,0.425,0.858333,0.666667,0.025,0.0,0.645284,0.527961,0.672694
difficulty,1.0,1024,1024-133,0.0,0.0,0.341667,0.341667,0.0,0.4,0.0,0.836573,0.290612,1.703877
difficulty,1.0,1024,1024-134,0.35,0.391667,0.291667,0.683333,0.583333,0.033333,0.033333,0.539282,0.529747,0.602934
difficulty,1.0,1024,1024-135,0.325,0.383333,0.308333,0.691667,0.575,0.041667,0.025,0.551122,0.507705,0.611114
difficulty,1.0,1024,1024-136,0.225,0.0,0.675,0.675,0.225,0.208333,0.0,0.767477,0.425395,1.2739
difficulty,1.0,1024,1024-137,0.341667,0.35,0.166667,0.516667,0.425,0.016667,0.158333,0.498446,0.442745,0.711105
difficulty,1.0,1024,1024-138,0.0,0.0,0.183333,0.183333,0.0,0.416667,0.0,0.848347,0.297336,1.798046
difficulty,1.0,1024,1024-139,0.508333,0.316667,0.475,0.791667,0.566667,0.091667,0.0,0.680034,0.455841,0.834855
difficulty,1.0,1024,1024-140,0.483333,0.375,0.433333,0.808333,0.616667,0.091667,0.0,0.661331,0.516976,0.79218
difficulty,1.0,1024,1024-141,0.591667,0.316667,0.533333,0.85,0.608333,0.1,0.0,0.676423,0.478546,0.809625
difficulty,1.0,1024,1024-142,0.566667,0.291667,0.533333,0.825,0.566667,0.116667,0.0,0.693761,0.495682,0.905658
difficulty,1.0,1024,1024-143,0.275,0.375,0.141667,0.516667,0.416667,0.0,0.2,0.459986,0.51462,0.639034
difficulty,1.0,1024,1024-144,0.133333,0.341667,0.2,0.541667,0.433333,0.016667,0.366667,0.422001,0.407183,0.792567
difficulty,1.0,1024,1024-145,0.383333,0.45,0.341667,0.791667,0.65,0.033333,0.0,0.553461,0.497848,0.559636
difficulty,1.0,1024,1024-146,0.45,0.125,0.608333,0.733333,0.45,0.15,0.0,0.724195,0.448464,1.048955
difficulty,1.0,1024,1024-147,0.383333,0.408333,0.308333,0.716667,0.608333,0.058333,0.016667,0.555882,0.550363,0.594387
difficulty,1.0,1024,1024-148,0.375,0.425,0.325,0.75,0.625,0.025,0.016667,0.543666,0.542499,0.563246
difficulty,1.0,1024,1024-149,0.216667,0.141667,0.2,0.341667,0.308333,0.033333,0.358333,0.418472,0.353203,0.913751
difficulty,1.0,1024,1024-150,0.466667,0.475,0.391667,0.866667,0.716667,0.016667,0.0,0.60259,0.545335,0.580269
difficulty,1.0,1024,1024-151,0.3,0.35,0.125,0.475,0.433333,0.008333,0.233333,0.446102,0.556125,0.666878
difficulty,1.0,1024,1024-152,0.516667,0.441667,0.433333,0.875,0.658333,0.033333,0.0,0.638498,0.511747,0.659947
difficulty,1.0,1024,1024-153,0.175,0.125,0.141667,0.266667,0.241667,0.016667,0.433333,0.361694,0.489066,1.000945
difficulty,1.0,1024,1024-154,0.45,0.175,0.541667,0.716667,0.45,0.225,0.0,0.729239,0.419664,1.112104
difficulty,1.0,1024,1024-155,0.566667,0.3,0.516667,0.816667,0.591667,0.083333,0.0,0.679513,0.473719,0.823667
difficulty,1.0,1024,1024-156,0.283333,0.375,0.158333,0.533333,0.433333,0.008333,0.183333,0.47289,0.421476,0.651575
difficulty,1.0,1024,1024-157,0.208333,0.375,0.141667,0.516667,0.425,0.0,0.308333,0.438177,0.495011,0.6655
difficulty,1.0,1024,1024-158,0.383333,0.466667,0.3,0.766667,0.625,0.058333,0.0,0.56268,0.59373,0.618256
difficulty,1.0,1024,1024-159,0.183333,0.125,0.175,0.3,0.266667,0.0,0.391667,0.363394,0.459936,0.881926
difficulty,1.0,1024,1024-160,0.325,0.391667,0.2,0.591667,0.475,0.016667,0.116667,0.505652,0.473608,0.648842
difficulty,1.0,1024,1024-161,0.191667,0.225,0.041667,0.266667,0.241667,0.025,0.675,0.319315,0.441438,1.167287
difficulty,1.0,1024,1024-162,0.383333,0.35,0.3,0.65,0.583333,0.066667,0.058333,0.543569,0.433155,0.665371
difficulty,1.0,1024,1024-163,0.558333,0.383333,0.466667,0.85,0.658333,0.083333,0.0,0.652714,0.538946,0.722912
difficulty,1.0,1024,1024-164,0.183333,0.083333,0.166667,0.25,0.241667,0.016667,0.416667,0.362821,0.504776,0.989374
difficulty,1.0,1024,1024-165,0.466667,0.408333,0.416667,0.825,0.633333,0.075,0.0,0.651232,0.485865,0.725344
difficulty,1.0,1024,1024-166,0.325,0.416667,0.308333,0.725,0.6,0.033333,0.041667,0.527479,0.623265,0.565844
difficulty,1.0,1024,1024-167,0.333333,0.366667,0.283333,0.65,0.575,0.041667,0.05,0.518348,0.621341,0.58523
difficulty,1.0,1024,1024-168,0.483333,0.475,0.383333,0.858333,0.666667,0.041667,0.0,0.615518,0.513387,0.613097
difficulty,1.0,1024,1024-169,0.55,0.283333,0.525,0.808333,0.575,0.075,0.0,0.679516,0.523245,0.82276
difficulty,1.0,1024,1024-170,0.208333,0.25,0.066667,0.316667,0.266667,0.016667,0.591667,0.344719,0.36789,1.062026
difficulty,1.0,1024,1024-171,0.133333,0.216667,0.033333,0.25,0.233333,0.025,0.658333,0.301442,0.427652,1.21285
difficulty,1.0,1024,1024-172,0.391667,0.391667,0.4,0.791667,0.666667,0.083333,0.008333,0.590295,0.389895,0.634156
difficulty,1.0,1024,1024-173,0.333333,0.341667,0.308333,0.65,0.566667,0.025,0.091667,0.512875,0.526233,0.616185
difficulty,1.0,1024,1024-174,0.191667,0.175,0.166667,0.341667,0.291667,0.025,0.383333,0.392783,0.420482,0.890544
difficulty,1.0,1024,1024-175,0.333333,0.35,0.358333,0.708333,0.608333,0.041667,0.041667,0.537226,0.510869,0.622079
difficulty,1.0,1024,1024-176,0.416667,0.4,0.383333,0.783333,0.591667,0.05,0.0,0.621004,0.49519,0.683644
difficulty,1.0,1024,1024-177,0.341667,0.416667,0.316667,0.733333,0.525,0.066667,0.025,0.576684,0.53549,0.664376
difficulty,1.0,1024,1024-178,0.466667,0.483333,0.383333,0.866667,0.65,0.041667,0.0,0.625114,0.470274,0.643726
difficulty,1.0,1024,1024-179,0.358333,0.425,0.325,0.75,0.6,0.025,0.016667,0.541214,0.545185,0.528897
difficulty,1.0,1024,1024-180,0.333333,0.4,0.141667,0.541667,0.483333,0.016667,0.083333,0.513571,0.442933,0.65794
difficulty,1.0,1024,1024-181,0.166667,0.333333,0.1,0.433333,0.375,0.0,0.408333,0.395294,0.697074,0.751722
difficulty,1.0,1024,1024-182,0.341667,0.383333,0.283333,0.666667,0.6,0.025,0.1,0.510379,0.500234,0.637985
difficulty,1.0,1024,1024-183,0.383333,0.408333,0.383333,0.791667,0.541667,0.05,0.0,0.605546,0.483957,0.671758
difficulty,1.0,1024,1024-184,0.45,0.441667,0.366667,0.808333,0.616667,0.091667,0.0,0.642398,0.42475,0.753428
difficulty,1.0,1024,1024-185,0.383333,0.425,0.375,0.8,0.6,0.05,0.0,0.577306,0.467461,0.616064
difficulty,1.0,1024,1024-186,0.158333,0.35,0.175,0.525,0.383333,0.025,0.291667,0.454149,0.462879,0.743233
difficulty,1.0,1024,1024-187,0.108333,0.0,0.55,0.55,0.108333,0.283333,0.0,0.790825,0.365745,1.414328
difficulty,1.0,1024,1024-188,0.375,0.475,0.333333,0.808333,0.641667,0.016667,0.016667,0.55826,0.566639,0.542132
difficulty,1.0,1024,1024-189,0.3,0.416667,0.108333,0.525,0.458333,0.016667,0.183333,0.461699,0.489722,0.643877
difficulty,1.0,1024,1024-190,0.566667,0.316667,0.483333,0.8,0.575,0.116667,0.0,0.687656,0.475975,0.86578
difficulty,1.0,1024,1024-191,0.316667,0.366667,0.133333,0.5,0.466667,0.016667,0.191667,0.461506,0.586609,0.650949
difficulty,1.0,1024,1024-192,0.358333,0.375,0.258333,0.633333,0.6,0.041667,0.058333,0.514646,0.54615,0.596513
difficulty,1.0,1024,1024-193,0.283333,0.0,0.7,0.7,0.283333,0.208333,0.0,0.760849,0.413689,1.224987
difficulty,1.0,1024,1024-194,0.3,0.383333,0.1,0.483333,0.433333,0.025,0.133333,0.481913,0.508143,0.666634
difficulty,1.0,1024,1024-195,0.283333,0.316667,0.158333,0.475,0.383333,0.016667,0.225,0.462471,0.52659,0.696756
difficulty,1.0,1024,1024-196,0.508333,0.241667,0.55,0.791667,0.508333,0.141667,0.0,0.698439,0.469804,0.914168
difficulty,1.0,1024,1024-197,0.283333,0.325,0.166667,0.491667,0.416667,0.016667,0.216667,0.481674,0.435902,0.689815
difficulty,1.0,1024,1024-198,0.325,0.416667,0.291667,0.708333,0.575,0.033333,0.025,0.5298,0.621139,0.58062
difficulty,1.0,1024,1024-199,0.383333,0.508333,0.358333,0.866667,0.608333,0.05,0.0,0.611225,0.463492,0.640054
difficulty,1.0,2026,2026-0,0.333333,0.333333,0.208333,0.541667,0.5,0.016667,0.125,0.477631,0.570206,0.612312
difficulty,1.0,2026,2026-1,0.466667,0.441667,0.4,0.841667,0.675,0.033333,0.0,0.61806,0.549482,0.632543
difficulty,1.0,2026,2026-2,0.191667,0.091667,0.175,0.266667,0.266667,0.033333,0.491667,0.354666,0.450662,1.090911
difficulty,1.0,2026,2026-3,0.225,0.0,0.675,0.675,0.225,0.191667,0.0,0.763592,0.429442,1.23477
difficulty,1.0,2026,2026-4,0.591667,0.316667,0.483333,0.8,0.65,0.05,0.0,0.668007,0.52993,0.768689
difficulty,1.0,2026,2026-5,0.366667,0.425,0.325,0.75,0.625,0.041667,0.05,0.550639,0.551558,0.573851
difficulty,1.0,2026,2026-6,0.375,0.433333,0.283333,0.716667,0.616667,0.033333,0.033333,0.528268,0.619183,0.535548
difficulty,1.0,2026,2026-7,0.475,0.425,0.391667,0.816667,0.641667,0.041667,0.0,0.642834,0.473771,0.697628
difficulty,1.0,2026,2026-8,0.4,0.433333,0.325,0.758333,0.666667,0.041667,0.0,0.544451,0.567834,0.538395
difficulty,1.0,2026,2026-9,0.358333,0.416667,0.3,0.716667,0.558333,0.033333,0.025,0.560547,0.575624,0.612929
difficulty,1.0,2026,2026-10,0.566667,0.308333,0.5,0.808333,0.583333,0.108333,0.0,0.679335,0.515187,0.812762
difficulty,1.0,2026,2026-11,0.541667,0.383333,0.433333,0.816667,0.608333,0.091667,0.0,0.659808,0.517584,0.745307
difficulty,1.0,2026,2026-12,0.375,0.458333,0.383333,0.841667,0.608333,0.05,0.0,0.59195,0.505223,0.624394
difficulty,1.0,2026,2026-13,0.391667,0.491667,0.35,0.841667,0.666667,0.033333,0.0,0.570815,0.558302,0.544324
difficulty,1.0,2026,2026-14,0.45,0.408333,0.391667,0.8,0.616667,0.066667,0.0,0.621635,0.524667,0.70067
difficulty,1.0,2026,2026-15,0.341667,0.358333,0.216667,0.575,0.525,0.016667,0.1,0.493635,0.604405,0.578091
difficulty,1.0,2026,2026-16,0.341667,0.4,0.291667,0.691667,0.625,0.075,0.033333,0.547805,0.506456,0.619546
difficulty,1.0,2026,2026-17,0.541667,0.341667,0.458333,0.8,0.608333,0.083333,0.0,0.665885,0.501495,0.771281
difficulty,1.0,2026,2026-18,0.375,0.441667,0.4,0.841667,0.591667,0.041667,0.0,0.597491,0.439913,0.613272
difficulty,1.0,2026,2026-19,0.166667,0.341667,0.125,0.466667,0.391667,0.008333,0.375,0.400206,0.553826,0.747258
difficulty,1.0,2026,2026-20,0.341667,0.366667,0.291667,0.658333,0.591667,0.041667,0.066667,0.512286,0.601206,0.56256
difficulty,1.0,2026,2026-21,0.5,0.258333,0.5,0.758333,0.533333,0.158333,0.0,0.69278,0.446512,0.893491
difficulty,1.0,2026,2026-22,0.35,0.408333,0.308333,0.716667,0.55,0.05,0.033333,0.560141,0.591168,0.638318
difficulty,1.0,2026,2026-23,0.383333,0.516667,0.3,0.816667,0.683333,0.008333,0.0,0.539503,0.673591,0.489542
difficulty,1.0,2026,2026-24,0.508333,0.275,0.5,0.775,0.558333,0.066667,0.0,0.682643,0.460962,0.830055
difficulty,1.0,2026,2026-25,0.0,0.0,0.516667,0.516667,0.0,0.266667,0.0,0.810901,0.37289,1.517002
difficulty,1.0,2026,2026-26,0.375,0.383333,0.191667,0.575,0.525,0.033333,0.083333,0.502423,0.512447,0.6038
difficulty,1.0,2026,2026-27,0.291667,0.0,0.716667,0.716667,0.291667,0.191667,0.0,0.756211,0.436582,1.194954
difficulty,1.0,2026,2026-28,0.191667,0.35,0.158333,0.508333,0.408333,0.008333,0.3,0.429638,0.530782,0.707151
difficulty,1.0,2026,2026-29,0.458333,0.516667,0.366667,0.883333,0.65,0.016667,0.0,0.609444,0.546736,0.595085
difficulty,1.0,2026,2026-30,0.233333,0.366667,0.166667,0.533333,0.458333,0.0,0.308333,0.441639,0.481684,0.640364
difficulty,1.0,2026,2026-31,0.266667,0.0,0.666667,0.666667,0.266667,0.216667,0.0,0.768122,0.399526,1.279302
difficulty,1.0,2026,2026-32,0.516667,0.2,0.575,0.775,0.516667,0.125,0.0,0.706783,0.451064,0.959723
difficulty,1.0,2026,2026-33,0.333333,0.05,0.6,0.65,0.333333,0.225,0.0,0.755923,0.379308,1.221937
difficulty,1.0,2026,2026-34,0.358333,0.35,0.141667,0.491667,0.433333,0.025,0.15,0.490548,0.451713,0.640341
difficulty,1.0,2026,2026-35,0.566667,0.35,0.491667,0.841667,0.6,0.083333,0.0,0.6711,0.532153,0.780757
difficulty,1.0,2026,2026-36,0.383333,0.383333,0.341667,0.725,0.658333,0.025,0.033333,0.522238,0.514053,0.570479
difficulty,1.0,2026,2026-37,0.366667,0.408333,0.275,0.683333,0.608333,0.041667,0.066667,0.520407,0.584705,0.583554
difficulty,1.0,2026,2026-38,0.533333,0.425,0.45,0.875,0.675,0.058333,0.0,0.641003,0.590488,0.67309
difficulty,1.0,2026,2026-39,0.475,0.175,0.591667,0.766667,0.475,0.15,0.0,0.70938,0.465467,0.966395
difficulty,1.0,2026,2026-40,0.466667,0.425,0.391667,0.816667,0.658333,0.083333,0.0,0.63332,0.494409,0.738685
difficulty,1.0,2026,2026-41,0.35,0.383333,0.258333,0.641667,0.575,0.008333,0.066667,0.516365,0.51992,0.608124
difficulty,1.0,2026,2026-42,0.3,0.383333,0.166667,0.55,0.466667,0.025,0.116667,0.500539,0.497864,0.678805
difficulty,1.0,2026,2026-43,0.208333,0.0,0.608333,0.608333,0.208333,0.241667,0.0,0.774341,0.409795,1.313715
difficulty,1.0,2026,2026-44,0.541667,0.366667,0.491667,0.858333,0.608333,0.066667,0.0,0.660549,0.540119,0.735531
difficulty,1.0,2026,2026-45,0.608333,0.35,0.491667,0.841667,0.608333,0.091667,0.0,0.671618,0.552157,0.775756
difficulty,1.0,2026,2026-46,0.0,0.0,0.066667,0.066667,0.0,0.458333,0.0,0.857664,0.270747,1.872388
difficulty,1.0,2026,2026-47,0.358333,0.333333,0.175,0.508333,0.483333,0.016667,0.158333,0.473352,0.573948,0.611938
difficulty,1.0,2026,2026-48,0.0,0.0,0.0,0.0,0.0,0.85,0.0,0.873244,0.284123,1.97029
difficulty,1.0,2026,2026-49,0.0,0.0,0.0,0.0,0.0,1.0,0.0,0.923835,0.167498,2.551022
difficulty,1.0,2026,2026-50,0.041667,0.0,0.558333,0.558333,0.041667,0.241667,0.0,0.795831,0.365856,1.426635
difficulty,1.0,2026,2026-51,0.458333,0.183333,0.575,0.758333,0.458333,0.141667,0.0,0.710204,0.434634,0.969598
difficulty,1.0,2026,2026-52,0.35,0.383333,0.225,0.608333,0.541667,0.016667,0.083333,0.504337,0.522093,0.578718
difficulty,1.0,2026,2026-53,0.533333,0.108333,0.666667,0.775,0.533333,0.1,0.0,0.708457,0.512982,0.949023
difficulty,1.0,2026,2026-54,0.358333,0.416667,0.283333,0.7,0.575,0.025,0.033333,0.524821,0.572576,0.571162
difficulty,1.0,2026,2026-55,0.425,0.458333,0.383333,0.841667,0.608333,0.05,0.0,0.607869,0.472252,0.655111
difficulty,1.0,2026,2026-56,0.333333,0.433333,0.3,0.733333,0.55,0.033333,0.025,0.536948,0.641962,0.583644
difficulty,1.0,2026,2026-57,0.491667,0.441667,0.433333,0.875,0.675,0.025,0.0,0.63109,0.51244,0.66617
difficulty,1.0,2026,2026-58,0.358333,0.0,0.658333,0.658333,0.358333,0.175,0.0,0.757884,0.42196,1.228449
difficulty,1.0,2026,2026-59,0.375,0.425,0.316667,0.741667,0.666667,0.016667,0.033333,0.520262,0.499089,0.566205
difficulty,1.0,2026,2026-60,0.308333,0.325,0.133333,0.458333,0.433333,0.0,0.25,0.43675,0.654395,0.673889
difficulty,1.0,2026,2026-61,0.275,0.283333,0.15,0.433333,0.366667,0.016667,0.233333,0.453923,0.598231,0.748245
difficulty,1.0,2026,2026-62,0.333333,0.366667,0.15,0.516667,0.425,0.016667,0.15,0.472664,0.472406,0.65293
difficulty,1.0,2026,2026-63,0.116667,0.333333,0.166667,0.5,0.366667,0.016667,0.375,0.415825,0.437159,0.791824
difficulty,1.0,2026,2026-64,0.291667,0.358333,0.133333,0.491667,0.441667,0.008333,0.241667,0.458002,0.596134,0.661154
difficulty,1.0,2026,2026-65,0.3,0.0,0.7,0.7,0.3,0.191667,0.0,0.757855,0.41092,1.199523
difficulty,1.0,2026,2026-66,0.308333,0.316667,0.241667,0.558333,0.533333,0.041667,0.108333,0.497043,0.63569,0.633554
difficulty,1.0,2026,2026-67,0.458333,0.483333,0.391667,0.875,0.633333,0.05,0.0,0.631548,0.497528,0.661925
difficulty,1.0,2026,2026-68,0.15,0.316667,0.166667,0.483333,0.366667,0.008333,0.341667,0.425952,0.55432,0.749785
difficulty,1.0,2026,2026-69,0.508333,0.5,0.4,0.9,0.708333,0.033333,0.0,0.608971,0.533858,0.585727
difficulty,1.0,2026,2026-70,0.2,0.1,0.15,0.25,0.225,0.025,0.408333,0.381138,0.432214,0.964666
difficulty,1.0,2026,2026-71,0.308333,0.366667,0.175,0.541667,0.483333,0.033333,0.116667,0.488621,0.580881,0.617429
difficulty,1.0,2026,2026-72,0.0,0.0,0.058333,0.058333,0.0,0.575,0.0,0.868266,0.249774,1.975126
difficulty,1.0,2026,2026-73,0.35,0.383333,0.275,0.658333,0.608333,0.033333,0.058333,0.511174,0.538233,0.57711
difficulty,1.0,2026,2026-74,0.366667,0.016667,0.65,0.666667,0.366667,0.158333,0.0,0.751366,0.380117,1.185905
difficulty,1.0,2026,2026-75,0.5,0.408333,0.4,0.808333,0.65,0.058333,0.0,0.650255,0.521931,0.714212
difficulty,1.0,2026,2026-76,0.375,0.475,0.341667,0.816667,0.641667,0.0,0.008333,0.555182,0.586758,0.510458
difficulty,1.0,2026,2026-77,0.333333,0.341667,0.233333,0.575,0.516667,0.025,0.141667,0.489137,0.598841,0.610949
difficulty,1.0,2026,2026-78,0.316667,0.0,0.658333,0.658333,0.316667,0.233333,0.0,0.767788,0.375725,1.277347
difficulty,1.0,2026,2026-79,0.375,0.475,0.333333,0.808333,0.591667,0.025,0.0,0.558114,0.586212,0.554739
difficulty,1.0,2026,2026-80,0.116667,0.0,0.625,0.625,0.116667,0.241667,0.0,0.784473,0.393002,1.367378
difficulty,1.0,2026,2026-81,0.341667,0.35,0.216667,0.566667,0.516667,0.016667,0.116667,0.503073,0.52379,0.620862
difficulty,1.0,2026,2026-82,0.425,0.5,0.4,0.9,0.65,0.041667,0.0,0.603819,0.503244,0.597966
difficulty,1.0,2026,2026-83,0.466667,0.366667,0.433333,0.8,0.6,0.083333,0.0,0.661106,0.494695,0.78052
difficulty,1.0,2026,2026-84,0.525,0.466667,0.4,0.866667,0.691667,0.075,0.0,0.638925,0.536755,0.688131
difficulty,1.0,2026,2026-85,0.2,0.375,0.125,0.5,0.408333,0.0,0.333333,0.411534,0.562438,0.676498
difficulty,1.0,2026,2026-86,0.316667,0.358333,0.25,0.608333,0.566667,0.033333,0.058333,0.549508,0.387208,0.69193
difficulty,1.0,2026,2026-87,0.425,0.45,0.391667,0.841667,0.65,0.05,0.0,0.588731,0.430754,0.580026
difficulty,1.0,2026,2026-88,0.333333,0.35,0.166667,0.516667,0.441667,0.025,0.141667,0.492743,0.483109,0.676568
difficulty,1.0,2026,2026-89,0.575,0.308333,0.516667,0.825,0.6,0.058333,0.0,0.673292,0.515298,0.789774
difficulty,1.0,2026,2026-90,0.591667,0.333333,0.483333,0.816667,0.633333,0.066667,0.0,0.666787,0.504487,0.75696
difficulty,1.0,2026,2026-91,0.191667,0.158333,0.125,0.283333,0.258333,0.025,0.525,0.350674,0.444625,1.077532
difficulty,1.0,2026,2026-92,0.183333,0.133333,0.125,0.258333,0.233333,0.016667,0.466667,0.346009,0.535278,0.980926
difficulty,1.0,2026,2026-93,0.133333,0.333333,0.166667,0.5,0.358333,0.016667,0.341667,0.437949,0.477986,0.772482
difficulty,1.0,2026,2026-94,0.458333,0.458333,0.4,0.858333,0.683333,0.041667,0.0,0.618747,0.49516,0.658476
difficulty,1.0,2026,2026-95,0.0,0.0,0.333333,0.333333,0.0,0.283333,0.0,0.828239,0.356232,1.630078
difficulty,1.0,2026,2026-96,0.391667,0.391667,0.316667,0.708333,0.6,0.058333,0.025,0.560156,0.486493,0.627591
difficulty,1.0,2026,2026-97,0.475,0.491667,0.391667,0.883333,0.675,0.033333,0.0,0.621482,0.537645,0.623446
difficulty,1.0,2026,2026-98,0.266667,0.366667,0.108333,0.475,0.4,0.0,0.233333,0.441994,0.575902,0.671229
difficulty,1.0,2026,2026-99,0.225,0.333333,0.15,0.483333,0.416667,0.016667,0.241667,0.464016,0.498371,0.695823
difficulty,1.0,2026,2026-100,0.216667,0.208333,0.1,0.308333,0.258333,0.033333,0.516667,0.371886,0.343844,1.090021
difficulty,1.0,2026,2026-101,0.408333,0.45,0.4,0.85,0.641667,0.025,0.0,0.587076,0.542173,0.584258
difficulty,1.0,2026,2026-102,0.458333,0.141667,0.616667,0.758333,0.458333,0.133333,0.0,0.720971,0.435894,1.016292
difficulty,1.0,2026,2026-103,0.375,0.425,0.3,0.725,0.65,0.016667,0.025,0.520615,0.611234,0.510128
difficulty,1.0,2026,2026-104,0.258333,0.0,0.6,0.6,0.258333,0.25,0.0,0.775108,0.39796,1.347576
difficulty,1.0,2026,2026-105,0.441667,0.45,0.4,0.85,0.65,0.058333,0.0,0.616529,0.548649,0.659049
difficulty,1.0,2026,2026-106,0.383333,0.466667,0.366667,0.833333,0.583333,0.041667,0.0,0.596841,0.515513,0.639803
difficulty,1.0,2026,2026-107,0.558333,0.366667,0.475,0.841667,0.658333,0.058333,0.0,0.655483,0.515989,0.718716
difficulty,1.0,2026,2026-108,0.533333,0.325,0.433333,0.758333,0.6,0.05,0.0,0.674506,0.437173,0.819278
difficulty,1.0,2026,2026-109,0.45,0.033333,0.691667,0.725,0.45,0.15,0.0,0.734627,0.46584,1.095423
difficulty,1.0,2026,2026-110,0.391667,0.3,0.275,0.575,0.516667,0.0,0.141667,0.482755,0.538237,0.588548
difficulty,1.0,2026,2026-111,0.158333,0.216667,0.05,0.266667,0.241667,0.016667,0.666667,0.305649,0.373188,1.184228
difficulty,1.0,2026,2026-112,0.458333,0.5,0.375,0.875,0.683333,0.025,0.0,0.60945,0.523193,0.613019
difficulty,1.0,2026,2026-113,0.383333,0.4,0.233333,0.633333,0.575,0.033333,0.066667,0.514147,0.496923,0.583001
difficulty,1.0,2026,2026-114,0.391667,0.491667,0.358333,0.85,0.675,0.008333,0.0,0.570048,0.621749,0.544873
difficulty,1.0,2026,2026-115,0.008333,0.0,0.541667,0.541667,0.008333,0.283333,0.0,0.805445,0.347998,1.509316
difficulty,1.0,2026,2026-116,0.241667,0.375,0.141667,0.516667,0.441667,0.0,0.225,0.450878,0.494629,0.652532
difficulty,1.0,2026,2026-117,0.591667,0.291667,0.55,0.841667,0.633333,0.058333,0.0,0.670536,0.576582,0.773838
difficulty,1.0,2026,2026-118,0.45,0.091667,0.641667,0.733333,0.45,0.15,0.0,0.722388,0.436986,1.031615
difficulty,1.0,2026,2026-119,0.541667,0.425,0.416667,0.841667,0.675,0.058333,0.0,0.643624,0.552594,0.691483
difficulty,1.0,2026,2026-120,0.408333,0.016667,0.7,0.716667,0.408333,0.133333,0.0,0.739136,0.427802,1.112532
difficulty,1.0,2026,2026-121,0.366667,0.391667,0.316667,0.708333,0.616667,0.041667,0.058333,0.538269,0.522107,0.612011
difficulty,1.0,2026,2026-122,0.325,0.35,0.208333,0.558333,0.525,0.008333,0.125,0.469573,0.646875,0.558472
difficulty,1.0,2026,2026-123,0.483333,0.091667,0.65,0.741667,0.483333,0.125,0.0,0.723088,0.46855,1.032429
difficulty,1.0,2026,2026-124,0.508333,0.225,0.533333,0.758333,0.516667,0.133333,0.0,0.703012,0.431488,0.952292
difficulty,1.0,2026,2026-125,0.233333,0.0,0.683333,0.683333,0.233333,0.208333,0.0,0.76499,0.434166,1.274485
difficulty,1.0,2026,2026-126,0.466667,0.4,0.425,0.825,0.625,0.041667,0.0,0.641289,0.441003,0.711623
difficulty,1.0,2026,2026-127,0.058333,0.0,0.641667,0.641667,0.058333,0.208333,0.0,0.784567,0.425204,1.360227
difficulty,1.0,2026,2026-128,0.35,0.425,0.333333,0.758333,0.608333,0.041667,0.025,0.558229,0.541937,0.590229
difficulty,1.0,2026,2026-129,0.233333,0.358333,0.125,0.483333,0.416667,0.008333,0.225,0.438367,0.554885,0.651209
difficulty,1.0,2026,2026-130,0.208333,0.208333,0.066667,0.275,0.258333,0.016667,0.616667,0.349377,0.337866,1.100694
difficulty,1.0,2026,2026-131,0.191667,0.375,0.125,0.5,0.416667,0.016667,0.241667,0.439939,0.542017,0.66514
difficulty,1.0,2026,2026-132,0.491667,0.166667,0.6,0.766667,0.491667,0.133333,0.0,0.709682,0.421375,0.956838
difficulty,1.0,2026,2026-133,0.15,0.291667,0.166667,0.458333,0.366667,0.025,0.358333,0.418444,0.418084,0.775971
difficulty,1.0,2026,2026-134,0.391667,0.35,0.366667,0.716667,0.625,0.033333,0.008333,0.551798,0.452687,0.587052
difficulty,1.0,2026,2026-135,0.0,0.0,0.166667,0.166667,0.0,0.325,0.0,0.838762,0.326587,1.700716
difficulty,1.0,2026,2026-136,0.491667,0.208333,0.558333,0.766667,0.491667,0.175,0.0,0.713034,0.437959,1.005071
difficulty,1.0,2026,2026-137,0.0,0.0,0.5,0.5,0.0,0.308333,0.0,0.815245,0.344138,1.562023
difficulty,1.0,2026,2026-138,0.316667,0.333333,0.133333,0.466667,0.425,0.008333,0.225,0.454582,0.562792,0.661901
difficulty,1.0,2026,2026-139,0.1,0.208333,0.033333,0.241667,0.208333,0.016667,0.666667,0.276134,0.397512,1.323168
difficulty,1.0,2026,2026-140,0.133333,0.0,0.625,0.625,0.133333,0.241667,0.0,0.780513,0.410195,1.354125
difficulty,1.0,2026,2026-141,0.133333,0.308333,0.15,0.458333,0.366667,0.008333,0.383333,0.403019,0.502496,0.775099
difficulty,1.0,2026,2026-142,0.458333,0.533333,0.375,0.908333,0.708333,0.025,0.0,0.595596,0.548641,0.563817
difficulty,1.0,2026,2026-143,0.433333,0.425,0.383333,0.808333,0.625,0.066667,0.0,0.628202,0.522147,0.718599
difficulty,1.0,2026,2026-144,0.341667,0.383333,0.166667,0.55,0.45,0.008333,0.141667,0.497714,0.405589,0.632541
difficulty,1.0,2026,2026-145,0.091667,0.0,0.541667,0.541667,0.091667,0.291667,0.0,0.799386,0.34444,1.485263
difficulty,1.0,2026,2026-146,0.191667,0.0,0.691667,0.691667,0.191667,0.183333,0.0,0.77282,0.449797,1.283924
difficulty,1.0,2026,2026-147,0.583333,0.433333,0.441667,0.875,0.658333,0.05,0.0,0.645082,0.588426,0.663833
difficulty,1.0,2026,2026-148,0.425,0.475,0.375,0.85,0.641667,0.041667,0.0,0.595388,0.506069,0.614576
difficulty,1.0,2026,2026-149,0.475,0.491667,0.391667,0.883333,0.725,0.033333,0.0,0.605762,0.573938,0.587246
difficulty,1.0,2026,2026-150,0.258333,0.358333,0.133333,0.491667,0.416667,0.0,0.25,0.437189,0.588606,0.682496
difficulty,1.0,2026,2026-151,0.341667,0.45,0.308333,0.758333,0.6,0.033333,0.033333,0.54629,0.587248,0.538406
difficulty,1.0,2026,2026-152,0.341667,0.45,0.391667,0.841667,0.55,0.058333,0.0,0.603574,0.446513,0.648999
difficulty,1.0,2026,2026-153,0.308333,0.333333,0.183333,0.516667,0.458333,0.016667,0.158333,0.478009,0.537255,0.6511
difficulty,1.0,2026,2026-154,0.483333,0.208333,0.558333,0.766667,0.483333,0.158333,0.0,0.707858,0.472163,0.972254
difficulty,1.0,2026,2026-155,0.141667,0.3,0.175,0.475,0.375,0.016667,0.375,0.41271,0.515149,0.811751
difficulty,1.0,2026,2026-156,0.35,0.325,0.358333,0.683333,0.566667,0.058333,0.025,0.555045,0.456775,0.612563
difficulty,1.0,2026,2026-157,0.158333,0.225,0.058333,0.283333,0.241667,0.025,0.625,0.335018,0.337316,1.21635
difficulty,1.0,2026,2026-158,0.566667,0.366667,0.441667,0.808333,0.641667,0.05,0.0,0.664793,0.486231,0.783176
difficulty,1.0,2026,2026-159,0.508333,0.208333,0.541667,0.75,0.508333,0.141667,0.0,0.702313,0.434636,0.934605
difficulty,1.0,2026,2026-160,0.533333,0.35,0.475,0.825,0.608333,0.1,0.0,0.66825,0.536517,0.791839
difficulty,1.0,2026,2026-161,0.0,0.0,0.0,0.0,0.0,1.0,0.0,0.909944,0.192236,2.364792
difficulty,1.0,2026,2026-162,0.408333,0.125,0.608333,0.733333,0.408333,0.2,0.0,0.728204,0.414998,1.066035
difficulty,1.0,2026,2026-163,0.25,0.341667,0.108333,0.45,0.4,0.033333,0.233333,0.460956,0.596123,0.715062
difficulty,1.0,2026,2026-164,0.0,0.0,0.0,0.0,0.0,1.0,0.0,0.882074,0.263429,2.047607
difficulty,1.0,2026,2026-165,0.3,0.308333,0.2,0.508333,0.391667,0.008333,0.183333,0.477531,0.508607,0.673341
difficulty,1.0,2026,2026-166,0.525,0.233333,0.55,0.783333,0.525,0.158333,0.0,0.700792,0.463861,0.935195
difficulty,1.0,2026,2026-167,0.491667,0.25,0.525,0.775,0.525,0.108333,0.0,0.691319,0.490103,0.886378
difficulty,1.0,2026,2026-168,0.316667,0.358333,0.2,0.558333,0.466667,0.008333,0.175,0.48079,0.508026,0.669566
difficulty,1.0,2026,2026-169,0.183333,0.0,0.583333,0.583333,0.183333,0.258333,0.0,0.782271,0.362507,1.36672
difficulty,1.0,2026,2026-170,0.466667,0.416667,0.4,0.816667,0.641667,0.066667,0.0,0.647383,0.498591,0.739149
difficulty,1.0,2026,2026-171,0.5,0.3,0.466667,0.766667,0.558333,0.1,0.0,0.680776,0.448463,0.844085
difficulty,1.0,2026,2026-172,0.325,0.325,0.191667,0.516667,0.466667,0.025,0.125,0.495268,0.572855,0.633728
difficulty,1.0,2026,2026-173,0.383333,0.0,0.691667,0.691667,0.383333,0.166667,0.0,0.751185,0.44437,1.167062
difficulty,1.0,2026,2026-174,0.3,0.291667,0.233333,0.525,0.466667,0.016667,0.208333,0.470053,0.626504,0.676718
difficulty,1.0,2026,2026-175,0.191667,0.141667,0.133333,0.275,0.258333,0.025,0.4,0.369193,0.428856,0.9898
difficulty,1.0,2026,2026-176,0.241667,0.0,0.683333,0.683333,0.241667,0.191667,0.0,0.763095,0.448289,1.235544
difficulty,1.0,2026,2026-177,0.341667,0.366667,0.266667,0.633333,0.508333,0.041667,0.058333,0.531414,0.575186,0.588382
difficulty,1.0,2026,2026-178,0.433333,0.491667,0.366667,0.858333,0.666667,0.033333,0.0,0.596706,0.529418,0.587447
difficulty,1.0,2026,2026-179,0.0,0.0,0.375,0.375,0.0,0.4,0.0,0.836449,0.294042,1.713894
difficulty,1.0,2026,2026-180,0.425,0.025,0.691667,0.716667,0.425,0.158333,0.0,0.738585,0.441465,1.113798
difficulty,1.0,2026,2026-181,0.608333,0.35,0.508333,0.858333,0.666667,0.025,0.0,0.662009,0.545729,0.732172
difficulty,1.0,2026,2026-182,0.466667,0.041667,0.666667,0.708333,0.466667,0.133333,0.0,0.728693,0.458486,1.068594
difficulty,1.0,2026,2026-183,0.358333,0.375,0.2,0.575,0.508333,0.008333,0.091667,0.493746,0.521515,0.590147
difficulty,1.0,2026,2026-184,0.55,0.241667,0.55,0.791667,0.55,0.108333,0.0,0.696435,0.464588,0.907547
difficulty,1.0,2026,2026-185,0.433333,0.016667,0.683333,0.7,0.433333,0.15,0.0,0.738011,0.432464,1.113832
difficulty,1.0,2026,2026-186,0.583333,0.266667,0.533333,0.8,0.583333,0.083333,0.0,0.691691,0.469846,0.868057
difficulty,1.0,2026,2026-187,0.383333,0.433333,0.341667,0.775,0.6,0.083333,0.008333,0.592732,0.444955,0.656298
difficulty,1.0,2026,2026-188,0.0,0.108333,0.0,0.108333,0.108333,0.033333,0.825,0.165976,0.228982,2.178989
difficulty,1.0,2026,2026-189,0.533333,0.316667,0.483333,0.8,0.583333,0.066667,0.0,0.676302,0.45451,0.82219
difficulty,1.0,2026,2026-190,0.466667,0.466667,0.408333,0.875,0.675,0.033333,0.0,0.614039,0.502633,0.63224
difficulty,1.0,2026,2026-191,0.391667,0.375,0.358333,0.733333,0.65,0.066667,0.0,0.576321,0.420722,0.642473
difficulty,1.0,2026,2026-192,0.55,0.25,0.525,0.775,0.55,0.083333,0.0,0.688733,0.506446,0.861286
difficulty,1.0,2026,2026-193,0.516667,0.508333,0.416667,0.925,0.725,0.008333,0.0,0.616814,0.544868,0.578024
difficulty,1.0,2026,2026-194,0.475,0.425,0.408333,0.833333,0.658333,0.033333,0.0,0.628492,0.504511,0.678165
difficulty,1.0,2026,2026-195,0.116667,0.216667,0.191667,0.408333,0.3,0.016667,0.4,0.403645,0.509668,0.868439
difficulty,1.0,2026,2026-196,0.1,0.25,0.216667,0.466667,0.308333,0.025,0.316667,0.42957,0.421957,0.827918
difficulty,1.0,2026,2026-197,0.508333,0.333333,0.483333,0.816667,0.625,0.041667,0.0,0.661908,0.426494,0.758197
difficulty,1.0,2026,2026-198,0.383333,0.491667,0.341667,0.833333,0.616667,0.066667,0.0,0.61118,0.494928,0.646823
difficulty,1.0,2026,2026-199,0.441667,0.466667,0.408333,0.875,0.575,0.058333,0.0,0.636003,0.417147,0.689052
difficulty,1.5,42,42-0,0.55,0.441667,0.416667,0.858333,0.691667,0.041667,0.0,0.637241,0.56304,0.678247
difficulty,1.5,42,42-1,0.333333,0.283333,0.216667,0.5,0.441667,0.075,0.125,0.501709,0.456411,0.727344
difficulty,1.5,42,42-2,0.408333,0.175,0.525,0.7,0.408333,0.2,0.0,0.729654,0.386455,1.104207
difficulty,1.5,42,42-3,0.45,0.1,0.591667,0.691667,0.45,0.2,0.0,0.732875,0.463998,1.134541
difficulty,1.5,42,42-4,0.058333,0.166667,0.141667,0.308333,0.183333,0.008333,0.466667,0.353436,0.560946,1.076454
difficulty,1.5,42,42-5,0.308333,0.358333,0.108333,0.466667,0.4,0.066667,0.233333,0.470862,0.451732,0.753881
difficulty,1.5,42,42-6,0.491667,0.4,0.35,0.75,0.633333,0.058333,0.0,0.648835,0.435294,0.760371
difficulty,1.5,42,42-7,0.316667,0.366667,0.35,0.716667,0.491667,0.091667,0.016667,0.595251,0.48765,0.766231
difficulty,1.5,42,42-8,0.441667,0.475,0.341667,0.816667,0.625,0.05,0.0,0.62632,0.449029,0.698794
difficulty,1.5,42,42-9,0.308333,0.3,0.241667,0.541667,0.483333,0.083333,0.125,0.516146,0.513389,0.755355
difficulty,1.5,42,42-10,0.508333,0.166667,0.6,0.766667,0.508333,0.125,0.0,0.715659,0.504029,1.015264
difficulty,1.5,42,42-11,0.558333,0.208333,0.608333,0.816667,0.558333,0.108333,0.0,0.695008,0.522611,0.884699
difficulty,1.5,42,42-12,0.433333,0.458333,0.325,0.783333,0.65,0.041667,0.0,0.622513,0.520055,0.68661
difficulty,1.5,42,42-13,0.316667,0.0,0.641667,0.641667,0.316667,0.258333,0.0,0.767413,0.372283,1.301271
difficulty,1.5,42,42-14,0.525,0.358333,0.45,0.808333,0.608333,0.091667,0.0,0.665303,0.527646,0.781734
difficulty,1.5,42,42-15,0.333333,0.291667,0.25,0.541667,0.475,0.083333,0.108333,0.516362,0.499391,0.729624
difficulty,1.5,42,42-16,0.525,0.333333,0.441667,0.775,0.591667,0.125,0.0,0.67567,0.425464,0.827653
difficulty,1.5,42,42-17,0.383333,0.266667,0.266667,0.533333,0.466667,0.033333,0.125,0.498549,0.478099,0.655936
difficulty,1.5,42,42-18,0.508333,0.091667,0.658333,0.75,0.508333,0.125,0.0,0.721482,0.454428,1.024344
difficulty,1.5,42,42-19,0.408333,0.425,0.366667,0.791667,0.583333,0.058333,0.0,0.638186,0.412342,0.767888
difficulty,1.5,42,42-20,0.366667,0.433333,0.316667,0.75,0.566667,0.05,0.0,0.591147,0.527834,0.667167
difficulty,1.5,42,42-21,0.275,0.325,0.291667,0.616667,0.516667,0.025,0.066667,0.499217,0.615195,0.596966
difficulty,1.5,42,42-22,0.283333,0.0,0.675,0.675,0.283333,0.2,0.0,0.763696,0.412214,1.25011
difficulty,1.5,42,42-23,0.358333,0.475,0.3,0.775,0.641667,0.058333,0.0,0.592081,0.540856,0.643275
difficulty,1.5,42,42-24,0.308333,0.408333,0.316667,0.725,0.525,0.075,0.016667,0.585139,0.437567,0.716303
difficulty,1.5,42,42-25,0.258333,0.4,0.3,0.7,0.483333,0.091667,0.0,0.587888,0.472989,0.73203
difficulty,1.5,42,42-26,0.558333,0.341667,0.475,0.816667,0.608333,0.133333,0.0,0.674163,0.520226,0.816478
difficulty,1.5,42,42-27,0.508333,0.3,0.441667,0.741667,0.6,0.166667,0.0,0.682818,0.423741,0.878407
difficulty,1.5,42,42-28,0.558333,0.325,0.458333,0.783333,0.6,0.133333,0.0,0.679513,0.43461,0.841427
difficulty,1.5,42,42-29,0.558333,0.325,0.491667,0.816667,0.591667,0.116667,0.0,0.674586,0.46791,0.827734
difficulty,1.5,42,42-30,0.0,0.0,0.008333,0.008333,0.0,0.433333,0.0,0.857535,0.288643,1.866646
difficulty,1.5,42,42-31,0.258333,0.441667,0.316667,0.758333,0.533333,0.041667,0.016667,0.552836,0.55792,0.602388
difficulty,1.5,42,42-32,0.266667,0.4,0.333333,0.733333,0.566667,0.05,0.025,0.551919,0.512375,0.617158
difficulty,1.5,42,42-33,0.316667,0.266667,0.291667,0.558333,0.491667,0.066667,0.108333,0.532635,0.478096,0.735149
difficulty,1.5,42,42-34,0.591667,0.333333,0.475,0.808333,0.6,0.108333,0.0,0.678949,0.520031,0.826167
difficulty,1.5,42,42-35,0.325,0.0,0.625,0.625,0.325,0.216667,0.0,0.764486,0.388967,1.281309
difficulty,1.5,42,42-36,0.358333,0.483333,0.341667,0.825,0.633333,0.058333,0.0,0.597135,0.530097,0.654619
difficulty,1.5,42,42-37,0.333333,0.283333,0.275,0.558333,0.533333,0.075,0.116667,0.508156,0.556206,0.762761
difficulty,1.5,42,42-38,0.358333,0.258333,0.308333,0.566667,0.525,0.058333,0.083333,0.511926,0.493573,0.667794
difficulty,1.5,42,42-39,0.541667,0.258333,0.533333,0.791667,0.55,0.1,0.0,0.688388,0.496357,0.859515
difficulty,1.5,42,42-40,0.491667,0.2,0.55,0.75,0.491667,0.141667,0.0,0.710546,0.458833,0.995035
difficulty,1.5,42,42-41,0.533333,0.325,0.475,0.8,0.583333,0.125,0.0,0.678773,0.51075,0.84142
difficulty,1.5,42,42-42,0.316667,0.316667,0.333333,0.65,0.558333,0.058333,0.058333,0.539018,0.485914,0.668675
difficulty,1.5,42,42-43,0.475,0.525,0.333333,0.858333,0.691667,0.05,0.0,0.61822,0.610434,0.619716
difficulty,1.5,42,42-44,0.475,0.408333,0.375,0.783333,0.65,0.116667,0.0,0.637571,0.507051,0.769833
difficulty,1.5,42,42-45,0.5,0.416667,0.375,0.791667,0.683333,0.066667,0.0,0.639099,0.507328,0.687808
difficulty,1.5,42,42-46,0.466667,0.091667,0.633333,0.725,0.466667,0.158333,0.0,0.725998,0.439245,1.058591
difficulty,1.5,42,42-47,0.483333,0.425,0.383333,0.808333,0.658333,0.083333,0.0,0.646913,0.485737,0.741971
difficulty,1.5,42,42-48,0.5,0.216667,0.5,0.716667,0.5,0.175,0.0,0.712188,0.427053,1.005157
difficulty,1.5,42,42-49,0.475,0.525,0.333333,0.858333,0.708333,0.05,0.0,0.592423,0.640697,0.571042
difficulty,1.5,42,42-50,0.516667,0.408333,0.408333,0.816667,0.658333,0.083333,0.0,0.649828,0.49728,0.73119
difficulty,1.5,42,42-51,0.558333,0.3,0.483333,0.783333,0.566667,0.125,0.0,0.689047,0.492168,0.874858
difficulty,1.5,42,42-52,0.175,0.291667,0.066667,0.358333,0.316667,0.033333,0.366667,0.444707,0.517816,0.914535
difficulty,1.5,42,42-53,0.341667,0.475,0.325,0.8,0.608333,0.05,0.0,0.569781,0.524005,0.588429
difficulty,1.5,42,42-54,0.291667,0.391667,0.358333,0.75,0.55,0.058333,0.025,0.561899,0.489264,0.641524
difficulty,1.5,42,42-55,0.291667,0.316667,0.291667,0.608333,0.491667,0.066667,0.083333,0.532034,0.553401,0.71587
difficulty,1.5,42,42-56,0.316667,0.416667,0.325,0.741667,0.508333,0.075,0.0,0.589558,0.501516,0.696979
difficulty,1.5,42,42-57,0.058333,0.0,0.458333,0.458333,0.058333,0.358333,0.0,0.816819,0.296981,1.612658
difficulty,1.5,42,42-58,0.341667,0.3,0.241667,0.541667,0.508333,0.041667,0.116667,0.506587,0.526478,0.695845
difficulty,1.5,42,42-59,0.425,0.033333,0.666667,0.7,0.425,0.158333,0.0,0.738802,0.434931,1.146513
difficulty,1.5,42,42-60,0.1,0.275,0.116667,0.391667,0.341667,0.033333,0.433333,0.384834,0.54255,0.873083
difficulty,1.5,42,42-61,0.316667,0.4,0.333333,0.733333,0.541667,0.083333,0.0,0.584493,0.485588,0.699534
difficulty,1.5,42,42-62,0.433333,0.483333,0.333333,0.816667,0.675,0.1,0.0,0.632205,0.538027,0.720961
difficulty,1.5,42,42-63,0.475,0.241667,0.508333,0.75,0.483333,0.166667,0.0,0.697826,0.449746,0.929767
difficulty,1.5,42,42-64,0.558333,0.291667,0.5,0.791667,0.566667,0.125,0.0,0.691272,0.531169,0.8868
difficulty,1.5,42,42-65,0.558333,0.191667,0.6,0.791667,0.558333,0.125,0.0,0.697058,0.521198,0.904057
difficulty,1.5,42,42-66,0.308333,0.4,0.325,0.725,0.55,0.075,0.0,0.574689,0.51543,0.668998
difficulty,1.5,42,42-67,0.291667,0.391667,0.325,0.716667,0.516667,0.083333,0.016667,0.573834,0.480998,0.724942
difficulty,1.5,42,42-68,0.441667,0.125,0.583333,0.708333,0.441667,0.166667,0.0,0.728779,0.424637,1.080195
difficulty,1.5,42,42-69,0.316667,0.45,0.333333,0.783333,0.575,0.041667,0.0,0.575755,0.574598,0.60848
difficulty,1.5,42,42-70,0.291667,0.308333,0.116667,0.425,0.391667,0.05,0.275,0.449578,0.529985,0.741342
difficulty,1.5,42,42-71,0.308333,0.308333,0.183333,0.491667,0.416667,0.041667,0.266667,0.462094,0.560375,0.711038
difficulty,1.5,42,42-72,0.35,0.266667,0.308333,0.575,0.516667,0.041667,0.116667,0.500615,0.509304,0.669227
difficulty,1.5,42,42-73,0.541667,0.283333,0.466667,0.75,0.591667,0.158333,0.0,0.686884,0.439811,0.871802
difficulty,1.5,42,42-74,0.45,0.416667,0.358333,0.775,0.633333,0.05,0.0,0.637586,0.498358,0.742319
difficulty,1.5,42,42-75,0.508333,0.216667,0.558333,0.775,0.508333,0.158333,0.0,0.704862,0.45552,0.97199
difficulty,1.5,42,42-76,0.3,0.408333,0.4,0.808333,0.591667,0.033333,0.0,0.572211,0.461911,0.613959
difficulty,1.5,42,42-77,0.483333,0.466667,0.333333,0.8,0.691667,0.05,0.0,0.618165,0.577639,0.653534
difficulty,1.5,42,42-78,0.541667,0.266667,0.5,0.766667,0.541667,0.141667,0.0,0.698076,0.451481,0.921407
difficulty,1.5,42,42-79,0.333333,0.441667,0.325,0.766667,0.55,0.066667,0.008333,0.585041,0.514395,0.681246
difficulty,1.5,42,42-80,0.508333,0.3,0.45,0.75,0.558333,0.175,0.0,0.690166,0.42872,0.922001
difficulty,1.5,42,42-81,0.316667,0.341667,0.3,0.641667,0.583333,0.05,0.066667,0.529791,0.538717,0.706378
difficulty,1.5,42,42-82,0.291667,0.433333,0.341667,0.775,0.55,0.091667,0.0,0.595539,0.433915,0.70576
difficulty,1.5,42,42-83,0.316667,0.416667,0.291667,0.708333,0.516667,0.083333,0.008333,0.570446,0.529022,0.698851
difficulty,1.5,42,42-84,0.291667,0.341667,0.108333,0.45,0.391667,0.041667,0.233333,0.454628,0.554145,0.735759
difficulty,1.5,42,42-85,0.5,0.308333,0.491667,0.8,0.566667,0.15,0.0,0.68408,0.4759,0.899406
difficulty,1.5,42,42-86,0.283333,0.425,0.275,0.7,0.533333,0.066667,0.025,0.544866,0.567081,0.628723
difficulty,1.5,42,42-87,0.441667,0.4,0.375,0.775,0.583333,0.066667,0.0,0.641431,0.418635,0.781437
difficulty,1.5,42,42-88,0.483333,0.283333,0.483333,0.766667,0.533333,0.175,0.0,0.69165,0.429549,0.908591
difficulty,1.5,42,42-89,0.566667,0.383333,0.441667,0.825,0.65,0.075,0.0,0.659717,0.53992,0.755307
difficulty,1.5,42,42-90,0.5,0.225,0.516667,0.741667,0.5,0.175,0.0,0.710093,0.418332,0.987679
difficulty,1.5,42,42-91,0.383333,0.416667,0.333333,0.75,0.583333,0.066667,0.0,0.61524,0.491004,0.736955
difficulty,1.5,42,42-92,0.333333,0.408333,0.333333,0.741667,0.583333,0.041667,0.008333,0.54991,0.549154,0.602587
difficulty,1.5,42,42-93,0.4,0.5,0.3,0.8,0.658333,0.033333,0.0,0.581731,0.617716,0.606237
difficulty,1.5,42,42-94,0.116667,0.266667,0.108333,0.375,0.333333,0.025,0.441667,0.400771,0.524181,0.971748
difficulty,1.5,42,42-95,0.216667,0.341667,0.083333,0.425,0.383333,0.016667,0.391667,0.419576,0.551373,0.788605
difficulty,1.5,42,42-96,0.225,0.325,0.083333,0.408333,0.375,0.033333,0.341667,0.429128,0.597531,0.770396
difficulty,1.5,42,42-97,0.3,0.258333,0.216667,0.475,0.433333,0.066667,0.158333,0.486594,0.534968,0.726086
difficulty,1.5,42,42-98,0.575,0.391667,0.45,0.841667,0.633333,0.083333,0.0,0.657709,0.514218,0.728298
difficulty,1.5,42,42-99,0.383333,0.325,0.233333,0.558333,0.508333,0.083333,0.066667,0.532224,0.393879,0.709755
difficulty,1.5,42,42-100,0.283333,0.433333,0.291667,0.725,0.525,0.066667,0.016667,0.559273,0.555361,0.634814
difficulty,1.5,42,42-101,0.2,0.0,0.625,0.625,0.2,0.216667,0.0,0.775015,0.393485,1.313808
difficulty,1.5,42,42-102,0.266667,0.45,0.375,0.825,0.55,0.058333,0.0,0.585073,0.452628,0.637754
difficulty,1.5,42,42-103,0.55,0.208333,0.566667,0.775,0.55,0.116667,0.0,0.695695,0.498855,0.892183
difficulty,1.5,42,42-104,0.3,0.266667,0.25,0.516667,0.475,0.116667,0.116667,0.520723,0.456737,0.773242
difficulty,1.5,42,42-105,0.358333,0.425,0.358333,0.783333,0.583333,0.05,0.0,0.595368,0.500674,0.665197
difficulty,1.5,42,42-106,0.341667,0.325,0.158333,0.483333,0.441667,0.091667,0.133333,0.500347,0.48402,0.72472
difficulty,1.5,42,42-107,0.308333,0.391667,0.316667,0.708333,0.541667,0.083333,0.0,0.571863,0.540355,0.681033
difficulty,1.5,42,42-108,0.441667,0.108333,0.6,0.708333,0.441667,0.15,0.0,0.728357,0.418658,1.075176
difficulty,1.5,42,42-109,0.058333,0.225,0.175,0.4,0.258333,0.016667,0.4,0.420826,0.408914,0.966147
difficulty,1.5,42,42-110,0.441667,0.408333,0.408333,0.816667,0.608333,0.133333,0.0,0.652763,0.583965,0.748043
difficulty,1.5,42,42-111,0.466667,0.475,0.35,0.825,0.658333,0.066667,0.0,0.63902,0.5138,0.698451
difficulty,1.5,42,42-112,0.283333,0.366667,0.3,0.666667,0.583333,0.041667,0.058333,0.529659,0.564909,0.623964
difficulty,1.5,42,42-113,0.108333,0.316667,0.075,0.391667,0.35,0.025,0.4,0.4377,0.483387,0.864449
difficulty,1.5,42,42-114,0.416667,0.533333,0.3,0.833333,0.7,0.033333,0.0,0.599979,0.602988,0.577216
difficulty,1.5,42,42-115,0.316667,0.366667,0.308333,0.675,0.558333,0.075,0.033333,0.548269,0.516818,0.689952
difficulty,1.5,42,42-116,0.466667,0.425,0.375,0.8,0.633333,0.108333,0.0,0.649324,0.500381,0.755373
difficulty,1.5,42,42-117,0.441667,0.466667,0.358333,0.825,0.658333,0.05,0.0,0.61354,0.530596,0.658402
difficulty,1.5,42,42-118,0.0,0.0,0.508333,0.508333,0.0,0.291667,0.0,0.81277,0.336307,1.557714
difficulty,1.5,42,42-119,0.341667,0.5,0.3,0.8,0.625,0.05,0.0,0.569825,0.582413,0.618122
difficulty,1.5,42,42-120,0.333333,0.308333,0.225,0.533333,0.483333,0.033333,0.175,0.473756,0.57306,0.691066
difficulty,1.5,42,42-121,0.466667,0.491667,0.35,0.841667,0.7,0.066667,0.0,0.620527,0.578001,0.641218
difficulty,1.5,42,42-122,0.458333,0.375,0.358333,0.733333,0.608333,0.116667,0.0,0.644518,0.526142,0.782872
difficulty,1.5,42,42-123,0.166667,0.0,0.641667,0.641667,0.166667,0.25,0.0,0.776817,0.403544,1.332196
difficulty,1.5,42,42-124,0.433333,0.083333,0.625,0.708333,0.433333,0.166667,0.0,0.731139,0.402617,1.090284
difficulty,1.5,42,42-125,0.491667,0.408333,0.416667,0.825,0.641667,0.108333,0.0,0.65204,0.551023,0.769335
difficulty,1.5,42,42-126,0.141667,0.0,0.591667,0.591667,0.141667,0.258333,0.0,0.790831,0.380906,1.409349
difficulty,1.5,42,42-127,0.3,0.308333,0.116667,0.425,0.375,0.1,0.241667,0.483998,0.476819,0.803709
difficulty,1.5,42,42-128,0.325,0.333333,0.316667,0.65,0.541667,0.058333,0.066667,0.53782,0.497272,0.654408
difficulty,1.5,42,42-129,0.333333,0.275,0.233333,0.508333,0.491667,0.091667,0.133333,0.517129,0.470049,0.797128
difficulty,1.5,42,42-130,0.325,0.433333,0.333333,0.766667,0.566667,0.075,0.008333,0.581728,0.472367,0.693234
difficulty,1.5,42,42-131,0.208333,0.366667,0.1,0.466667,0.4,0.05,0.3,0.449858,0.461387,0.763771
difficulty,1.5,42,42-132,0.608333,0.341667,0.508333,0.85,0.625,0.091667,0.0,0.673556,0.556569,0.792323
difficulty,1.5,42,42-133,0.25,0.391667,0.283333,0.675,0.466667,0.083333,0.0,0.589804,0.545972,0.759235
difficulty,1.5,42,42-134,0.225,0.333333,0.05,0.383333,0.35,0.008333,0.35,0.425297,0.535776,0.803129
difficulty,1.5,42,42-135,0.325,0.283333,0.2,0.483333,0.433333,0.058333,0.175,0.486591,0.52001,0.726713
difficulty,1.5,42,42-136,0.483333,0.441667,0.4,0.841667,0.675,0.108333,0.0,0.642213,0.560538,0.734313
difficulty,1.5,42,42-137,0.466667,0.15,0.566667,0.716667,0.466667,0.175,0.0,0.724623,0.449539,1.085308
difficulty,1.5,42,42-138,0.0,0.0,0.241667,0.241667,0.0,0.35,0.0,0.840773,0.320298,1.735887
difficulty,1.5,42,42-139,0.0,0.0,0.0,0.0,0.0,1.0,0.0,0.914071,0.18956,2.409467
difficulty,1.5,42,42-140,0.5,0.358333,0.466667,0.825,0.6,0.108333,0.0,0.664883,0.50544,0.785128
difficulty,1.5,42,42-141,0.316667,0.291667,0.191667,0.483333,0.425,0.125,0.125,0.52091,0.427793,0.794555
difficulty,1.5,42,42-142,0.116667,0.058333,0.2,0.258333,0.125,0.008333,0.466667,0.3558,0.431407,1.150489
difficulty,1.5,42,42-143,0.516667,0.375,0.383333,0.758333,0.641667,0.066667,0.0,0.658975,0.449657,0.769365
difficulty,1.5,42,42-144,0.341667,0.3,0.241667,0.541667,0.508333,0.091667,0.091667,0.517326,0.498079,0.709958
difficulty,1.5,42,42-145,0.3,0.366667,0.341667,0.708333,0.483333,0.05,0.041667,0.562619,0.540203,0.662978
difficulty,1.5,42,42-146,0.225,0.358333,0.3,0.658333,0.466667,0.05,0.091667,0.532443,0.588873,0.686389
difficulty,1.5,42,42-147,0.4,0.483333,0.3,0.783333,0.616667,0.058333,0.0,0.605715,0.50454,0.693507
difficulty,1.5,42,42-148,0.366667,0.033333,0.641667,0.675,0.366667,0.208333,0.0,0.753211,0.408607,1.220951
difficulty,1.5,42,42-149,0.458333,0.458333,0.308333,0.766667,0.633333,0.075,0.0,0.642145,0.489078,0.757022
difficulty,1.5,42,42-150,0.4,0.45,0.366667,0.816667,0.591667,0.05,0.0,0.60378,0.489567,0.683076
difficulty,1.5,42,42-151,0.358333,0.275,0.216667,0.491667,0.466667,0.091667,0.183333,0.495849,0.488194,0.736639
difficulty,1.5,42,42-152,0.083333,0.291667,0.1,0.391667,0.333333,0.008333,0.408333,0.406623,0.486928,0.901622
difficulty,1.5,42,42-153,0.3,0.416667,0.308333,0.725,0.575,0.041667,0.033333,0.537816,0.595364,0.638476
difficulty,1.5,42,42-154,0.416667,0.5,0.333333,0.833333,0.641667,0.033333,0.0,0.602326,0.527414,0.617373
difficulty,1.5,42,42-155,0.0,0.0,0.366667,0.366667,0.0,0.408333,0.0,0.833584,0.297358,1.702368
difficulty,1.5,42,42-156,0.441667,0.516667,0.341667,0.858333,0.708333,0.083333,0.0,0.612638,0.593586,0.652461
difficulty,1.5,42,42-157,0.466667,0.116667,0.566667,0.683333,0.466667,0.166667,0.0,0.730347,0.492544,1.117748
difficulty,1.5,42,42-158,0.275,0.408333,0.308333,0.716667,0.525,0.058333,0.033333,0.559626,0.5067,0.663318
difficulty,1.5,42,42-159,0.316667,0.3,0.133333,0.433333,0.375,0.05,0.233333,0.456859,0.560154,0.74076
difficulty,1.5,42,42-160,0.366667,0.241667,0.241667,0.483333,0.458333,0.066667,0.15,0.502939,0.479532,0.731265
difficulty,1.5,42,42-161,0.266667,0.333333,0.258333,0.591667,0.491667,0.05,0.108333,0.510385,0.583005,0.65125
difficulty,1.5,42,42-162,0.0,0.0,0.0,0.0,0.0,0.358333,0.0,0.851501,0.307252,1.826814
difficulty,1.5,42,42-163,0.325,0.3,0.333333,0.633333,0.575,0.016667,0.116667,0.508015,0.526095,0.659123
difficulty,1.5,42,42-164,0.491667,0.191667,0.591667,0.783333,0.491667,0.15,0.0,0.71283,0.490386,0.987952
difficulty,1.5,42,42-165,0.358333,0.266667,0.275,0.541667,0.475,0.083333,0.075,0.530261,0.409613,0.763938
difficulty,1.5,42,42-166,0.408333,0.1,0.6,0.7,0.408333,0.183333,0.0,0.744181,0.40299,1.185962
difficulty,1.5,42,42-167,0.533333,0.325,0.45,0.775,0.591667,0.116667,0.0,0.676882,0.445411,0.85122
difficulty,1.5,42,42-168,0.366667,0.425,0.333333,0.758333,0.583333,0.066667,0.0,0.608833,0.477552,0.70492
difficulty,1.5,42,42-169,0.4,0.458333,0.333333,0.791667,0.65,0.066667,0.0,0.610263,0.530483,0.705442
difficulty,1.5,42,42-170,0.291667,0.3,0.333333,0.633333,0.491667,0.041667,0.05,0.531957,0.503022,0.632841
difficulty,1.5,42,42-171,0.475,0.391667,0.433333,0.825,0.608333,0.083333,0.0,0.649562,0.595086,0.712159
difficulty,1.5,42,42-172,0.308333,0.375,0.35,0.725,0.583333,0.058333,0.0,0.565867,0.471715,0.632766
difficulty,1.5,42,42-173,0.258333,0.283333,0.108333,0.391667,0.341667,0.066667,0.241667,0.464899,0.504793,0.796589
difficulty,1.5,42,42-174,0.283333,0.325,0.108333,0.433333,0.391667,0.05,0.308333,0.442773,0.535268,0.733054
difficulty,1.5,42,42-175,0.466667,0.475,0.358333,0.833333,0.658333,0.1,0.0,0.642343,0.481267,0.730188
difficulty,1.5,42,42-176,0.0,0.0,0.558333,0.558333,0.0,0.241667,0.0,0.801252,0.363953,1.46232
difficulty,1.5,42,42-177,0.483333,0.425,0.375,0.8,0.641667,0.066667,0.0,0.649618,0.439424,0.741756
difficulty,1.5,42,42-178,0.375,0.5,0.333333,0.833333,0.608333,0.05,0.0,0.614044,0.460526,0.678891
difficulty,1.5,42,42-179,0.475,0.383333,0.408333,0.791667,0.616667,0.116667,0.0,0.655976,0.494746,0.791956
difficulty,1.5,42,42-180,0.266667,0.0,0.616667,0.616667,0.266667,0.258333,0.0,0.774439,0.419068,1.357687
difficulty,1.5,42,42-181,0.458333,0.441667,0.341667,0.783333,0.65,0.058333,0.0,0.643167,0.49581,0.725447
difficulty,1.5,42,42-182,0.283333,0.425,0.341667,0.766667,0.583333,0.025,0.016667,0.547172,0.565263,0.589154
difficulty,1.5,42,42-183,0.383333,0.008333,0.708333,0.716667,0.383333,0.175,0.0,0.747598,0.437554,1.171983
difficulty,1.5,42,42-184,0.516667,0.341667,0.441667,0.783333,0.625,0.108333,0.0,0.669552,0.485455,0.802997
difficulty,1.5,42,42-185,0.033333,0.0,0.583333,0.583333,0.033333,0.241667,0.0,0.796917,0.373958,1.437275
difficulty,1.5,42,42-186,0.483333,0.458333,0.391667,0.85,0.641667,0.066667,0.0,0.644309,0.465989,0.714013
difficulty,1.5,42,42-187,0.308333,0.333333,0.116667,0.45,0.408333,0.025,0.225,0.452765,0.522004,0.691617
difficulty,1.5,42,42-188,0.283333,0.35,0.083333,0.433333,0.391667,0.025,0.308333,0.452687,0.451544,0.753056
difficulty,1.5,42,42-189,0.0,0.0,0.641667,0.641667,0.0,0.216667,0.0,0.797658,0.405213,1.436818
difficulty,1.5,42,42-190,0.0,0.0,0.583333,0.583333,0.0,0.25,0.0,0.808547,0.379772,1.501152
difficulty,1.5,42,42-191,0.35,0.441667,0.383333,0.825,0.533333,0.075,0.0,0.620758,0.411109,0.72675
difficulty,1.5,42,42-192,0.275,0.45,0.25,0.7,0.533333,0.05,0.041667,0.53647,0.668942,0.63634
difficulty,1.5,42,42-193,0.108333,0.0,0.708333,0.708333,0.108333,0.183333,0.0,0.770619,0.465524,1.276285
difficulty,1.5,42,42-194,0.366667,0.308333,0.166667,0.475,0.408333,0.083333,0.166667,0.500231,0.443736,0.735367
difficulty,1.5,42,42-195,0.333333,0.266667,0.258333,0.525,0.483333,0.075,0.116667,0.516256,0.463961,0.717115
difficulty,1.5,42,42-196,0.55,0.325,0.475,0.8,0.55,0.133333,0.0,0.688392,0.506429,0.876205
difficulty,1.5,42,42-197,0.283333,0.416667,0.316667,0.733333,0.516667,0.075,0.008333,0.582051,0.477843,0.70907
difficulty,1.5,42,42-198,0.408333,0.533333,0.291667,0.825,0.683333,0.041667,0.0,0.598436,0.576563,0.603585
difficulty,1.5,42,42-199,0.366667,0.483333,0.35,0.833333,0.6,0.041667,0.0,0.597294,0.498634,0.615039
difficulty,1.5,137,137-0,0.316667,0.283333,0.266667,0.55,0.491667,0.058333,0.141667,0.501878,0.562778,0.695058
difficulty,1.5,137,137-1,0.3,0.3,0.325,0.625,0.533333,0.058333,0.108333,0.522326,0.553378,0.720899
difficulty,1.5,137,137-2,0.316667,0.316667,0.3,0.616667,0.566667,0.091667,0.05,0.54138,0.491748,0.69116
difficulty,1.5,137,137-3,0.441667,0.433333,0.366667,0.8,0.616667,0.05,0.0,0.624086,0.491378,0.723377
difficulty,1.5,137,137-4,0.258333,0.366667,0.308333,0.675,0.533333,0.058333,0.041667,0.546059,0.512061,0.661605
difficulty,1.5,137,137-5,0.375,0.325,0.2,0.525,0.441667,0.075,0.091667,0.514338,0.397008,0.690619
difficulty,1.5,137,137-6,0.45,0.4,0.4,0.8,0.616667,0.075,0.0,0.651306,0.47105,0.764216
difficulty,1.5,137,137-7,0.291667,0.325,0.35,0.675,0.55,0.058333,0.091667,0.530673,0.539486,0.698682
difficulty,1.5,137,137-8,0.108333,0.108333,0.125,0.233333,0.158333,0.008333,0.441667,0.349672,0.536145,1.012698
difficulty,1.5,137,137-9,0.0,0.0,0.266667,0.266667,0.0,0.341667,0.0,0.839997,0.313576,1.735062
difficulty,1.5,137,137-10,0.0,0.0,0.558333,0.558333,0.0,0.3,0.0,0.806582,0.369537,1.525186
difficulty,1.5,137,137-11,0.3,0.341667,0.125,0.466667,0.425,0.05,0.233333,0.45842,0.609921,0.694755
difficulty,1.5,137,137-12,0.283333,0.433333,0.291667,0.725,0.541667,0.025,0.025,0.540862,0.638732,0.573309
difficulty,1.5,137,137-13,0.391667,0.475,0.341667,0.816667,0.608333,0.075,0.0,0.618758,0.492029,0.73122
difficulty,1.5,137,137-14,0.391667,0.133333,0.575,0.708333,0.391667,0.191667,0.0,0.738015,0.44222,1.142425
difficulty,1.5,137,137-15,0.166667,0.125,0.083333,0.208333,0.2,0.033333,0.708333,0.287348,0.505969,1.443594
difficulty,1.5,137,137-16,0.308333,0.258333,0.308333,0.566667,0.5,0.091667,0.1,0.53125,0.478056,0.747006
difficulty,1.5,137,137-17,0.441667,0.483333,0.333333,0.816667,0.675,0.083333,0.0,0.629512,0.531131,0.690043
difficulty,1.5,137,137-18,0.091667,0.166667,0.158333,0.325,0.225,0.008333,0.433333,0.390619,0.466102,0.992609
difficulty,1.5,137,137-19,0.283333,0.325,0.275,0.6,0.525,0.041667,0.091667,0.512528,0.611925,0.659592
difficulty,1.5,137,137-20,0.35,0.458333,0.3,0.758333,0.6,0.033333,0.0,0.563619,0.547682,0.587773
difficulty,1.5,137,137-21,0.266667,0.416667,0.308333,0.725,0.508333,0.05,0.016667,0.566689,0.496927,0.658483
difficulty,1.5,137,137-22,0.341667,0.25,0.241667,0.491667,0.45,0.066667,0.166667,0.491128,0.493518,0.723838
difficulty,1.5,137,137-23,0.4,0.016667,0.683333,0.7,0.4,0.166667,0.0,0.745538,0.429584,1.169668
difficulty,1.5,137,137-24,0.258333,0.341667,0.291667,0.633333,0.508333,0.05,0.066667,0.523848,0.583117,0.631447
difficulty,1.5,137,137-25,0.391667,0.116667,0.558333,0.675,0.391667,0.216667,0.0,0.741346,0.349638,1.176179
difficulty,1.5,137,137-26,0.35,0.458333,0.291667,0.75,0.583333,0.033333,0.008333,0.555255,0.581543,0.62034
difficulty,1.5,137,137-27,0.466667,0.45,0.341667,0.791667,0.675,0.025,0.0,0.635592,0.490468,0.695919
difficulty,1.5,137,137-28,0.275,0.391667,0.375,0.766667,0.541667,0.091667,0.008333,0.590081,0.402358,0.719681
difficulty,1.5,137,137-29,0.35,0.016667,0.6,0.616667,0.35,0.2,0.0,0.763871,0.348231,1.293616
difficulty,1.5,137,137-30,0.483333,0.383333,0.416667,0.8,0.633333,0.116667,0.0,0.657958,0.499362,0.798436
difficulty,1.5,137,137-31,0.375,0.291667,0.191667,0.483333,0.441667,0.05,0.125,0.491823,0.48342,0.658077
difficulty,1.5,137,137-32,0.533333,0.216667,0.55,0.766667,0.533333,0.133333,0.0,0.698755,0.499093,0.918484
difficulty,1.5,137,137-33,0.0,0.0,0.0,0.0,0.0,1.0,0.0,0.907102,0.182965,2.359865
difficulty,1.5,137,137-34,0.083333,0.233333,0.1,0.333333,0.275,0.016667,0.416667,0.405856,0.458864,0.971655
difficulty,1.5,137,137-35,0.408333,0.483333,0.35,0.833333,0.641667,0.058333,0.0,0.614112,0.474973,0.679806
difficulty,1.5,137,137-36,0.425,0.45,0.333333,0.783333,0.625,0.05,0.0,0.617292,0.530827,0.694142
difficulty,1.5,137,137-37,0.316667,0.441667,0.333333,0.775,0.541667,0.066667,0.008333,0.612969,0.455446,0.733514
difficulty,1.5,137,137-38,0.516667,0.141667,0.625,0.766667,0.516667,0.125,0.0,0.713837,0.510951,0.987021
difficulty,1.5,137,137-39,0.35,0.433333,0.35,0.783333,0.525,0.066667,0.0,0.602347,0.484261,0.699936
difficulty,1.5,137,137-40,0.45,0.075,0.633333,0.708333,0.45,0.183333,0.0,0.72792,0.422049,1.086178
difficulty,1.5,137,137-41,0.558333,0.266667,0.541667,0.808333,0.558333,0.116667,0.0,0.691318,0.486766,0.877137
difficulty,1.5,137,137-42,0.358333,0.258333,0.233333,0.491667,0.475,0.025,0.183333,0.466307,0.57715,0.644791
difficulty,1.5,137,137-43,0.35,0.308333,0.141667,0.45,0.391667,0.083333,0.15,0.495232,0.425791,0.726839
difficulty,1.5,137,137-44,0.0,0.0,0.508333,0.508333,0.0,0.3,0.0,0.820009,0.362099,1.603002
difficulty,1.5,137,137-45,0.391667,0.5,0.308333,0.808333,0.625,0.058333,0.0,0.585099,0.536038,0.610364
difficulty,1.5,137,137-46,0.441667,0.416667,0.35,0.766667,0.616667,0.058333,0.0,0.640573,0.462671,0.7367
difficulty,1.5,137,137-47,0.025,0.0,0.616667,0.616667,0.025,0.216667,0.0,0.795754,0.385885,1.433758
difficulty,1.5,137,137-48,0.608333,0.325,0.491667,0.816667,0.608333,0.075,0.0,0.675953,0.553514,0.798193
difficulty,1.5,137,137-49,0.275,0.341667,0.3,0.641667,0.541667,0.025,0.091667,0.500588,0.65312,0.59473
difficulty,1.5,137,137-50,0.325,0.4,0.358333,0.758333,0.533333,0.083333,0.0,0.588921,0.47303,0.682079
difficulty,1.5,137,137-51,0.408333,0.041667,0.633333,0.675,0.408333,0.191667,0.0,0.746267,0.453247,1.196903
difficulty,1.5,137,137-52,0.166667,0.0,0.641667,0.641667,0.166667,0.208333,0.0,0.774722,0.414471,1.304711
difficulty,1.5,137,137-53,0.325,0.45,0.308333,0.758333,0.558333,0.05,0.033333,0.573388,0.544138,0.661548
difficulty,1.5,137,137-54,0.175,0.0,0.675,0.675,0.175,0.208333,0.0,0.770419,0.413131,1.275915
difficulty,1.5,137,137-55,0.3,0.408333,0.358333,0.766667,0.566667,0.041667,0.0,0.561884,0.531449,0.617286
difficulty,1.5,137,137-56,0.458333,0.491667,0.35,0.841667,0.7,0.066667,0.0,0.622126,0.579099,0.653106
difficulty,1.5,137,137-57,0.25,0.333333,0.075,0.408333,0.35,0.133333,0.241667,0.493084,0.40482,0.83777
difficulty,1.5,137,137-58,0.325,0.441667,0.341667,0.783333,0.583333,0.058333,0.0,0.596846,0.490853,0.695443
difficulty,1.5,137,137-59,0.575,0.316667,0.458333,0.775,0.6,0.15,0.0,0.681774,0.461404,0.846289
difficulty,1.5,137,137-60,0.541667,0.358333,0.441667,0.8,0.633333,0.116667,0.0,0.666194,0.481854,0.805194
difficulty,1.5,137,137-61,0.491667,0.191667,0.541667,0.733333,0.491667,0.158333,0.0,0.71521,0.435821,1.016982
difficulty,1.5,137,137-62,0.35,0.316667,0.275,0.591667,0.533333,0.041667,0.108333,0.509345,0.582119,0.643849
difficulty,1.5,137,137-63,0.325,0.416667,0.291667,0.708333,0.55,0.075,0.0,0.596947,0.542437,0.750468
difficulty,1.5,137,137-64,0.366667,0.475,0.316667,0.791667,0.633333,0.058333,0.0,0.604648,0.522463,0.687156
difficulty,1.5,137,137-65,0.0,0.0,0.625,0.625,0.0,0.241667,0.0,0.806295,0.391338,1.509604
difficulty,1.5,137,137-66,0.275,0.291667,0.116667,0.408333,0.383333,0.025,0.275,0.431475,0.610735,0.702058
difficulty,1.5,137,137-67,0.308333,0.4,0.325,0.725,0.5,0.075,0.0,0.583003,0.511202,0.691568
difficulty,1.5,137,137-68,0.383333,0.491667,0.308333,0.8,0.591667,0.041667,0.0,0.606643,0.489339,0.671707
difficulty,1.5,137,137-69,0.0,0.0,0.0,0.0,0.0,1.0,0.0,0.926499,0.16372,2.577227
difficulty,1.5,137,137-70,0.608333,0.358333,0.491667,0.85,0.633333,0.083333,0.0,0.666915,0.580041,0.763658
difficulty,1.5,137,137-71,0.425,0.5,0.375,0.875,0.65,0.033333,0.0,0.603198,0.522433,0.628103
difficulty,1.5,137,137-72,0.4,0.458333,0.333333,0.791667,0.633333,0.1,0.0,0.633712,0.481211,0.777345
difficulty,1.5,137,137-73,0.125,0.341667,0.116667,0.458333,0.416667,0.025,0.425,0.405885,0.520382,0.846411
difficulty,1.5,137,137-74,0.425,0.4,0.341667,0.741667,0.633333,0.108333,0.0,0.644942,0.482884,0.854587
difficulty,1.5,137,137-75,0.258333,0.0,0.683333,0.683333,0.258333,0.191667,0.0,0.76079,0.447549,1.223201
difficulty,1.5,137,137-76,0.358333,0.458333,0.35,0.808333,0.575,0.041667,0.0,0.596583,0.486904,0.645796
difficulty,1.5,137,137-77,0.283333,0.391667,0.333333,0.725,0.541667,0.05,0.016667,0.552292,0.528107,0.6136
difficulty,1.5,137,137-78,0.3,0.433333,0.3,0.733333,0.55,0.066667,0.0,0.56864,0.55068,0.644717
difficulty,1.5,137,137-79,0.475,0.133333,0.608333,0.741667,0.475,0.141667,0.0,0.717705,0.455561,1.026821
difficulty,1.5,137,137-80,0.541667,0.333333,0.491667,0.825,0.583333,0.108333,0.0,0.675724,0.541229,0.818142
difficulty,1.5,137,137-81,0.375,0.025,0.666667,0.691667,0.375,0.158333,0.0,0.744886,0.45422,1.143858
difficulty,1.5,137,137-82,0.475,0.45,0.35,0.8,0.65,0.091667,0.0,0.644619,0.481795,0.728724
difficulty,1.5,137,137-83,0.583333,0.25,0.55,0.8,0.583333,0.091667,0.0,0.69196,0.533154,0.896973
difficulty,1.5,137,137-84,0.366667,0.325,0.25,0.575,0.525,0.033333,0.1,0.501881,0.510329,0.646024
difficulty,1.5,137,137-85,0.425,0.475,0.325,0.8,0.683333,0.091667,0.0,0.615091,0.605661,0.685521
difficulty,1.5,137,137-86,0.333333,0.325,0.175,0.5,0.433333,0.066667,0.183333,0.487125,0.472773,0.732307
difficulty,1.5,137,137-87,0.316667,0.283333,0.316667,0.6,0.508333,0.033333,0.041667,0.51269,0.572203,0.615136
difficulty,1.5,137,137-88,0.308333,0.258333,0.25,0.508333,0.45,0.041667,0.158333,0.482134,0.608575,0.685627
difficulty,1.5,137,137-89,0.375,0.5,0.35,0.85,0.625,0.05,0.0,0.598514,0.524376,0.641159
difficulty,1.5,137,137-90,0.308333,0.008333,0.65,0.658333,0.308333,0.216667,0.0,0.763147,0.36894,1.26137
difficulty,1.5,137,137-91,0.616667,0.366667,0.466667,0.833333,0.658333,0.075,0.0,0.661553,0.487746,0.734171
difficulty,1.5,137,137-92,0.358333,0.291667,0.175,0.466667,0.416667,0.066667,0.191667,0.47538,0.512799,0.729376
difficulty,1.5,137,137-93,0.516667,0.3,0.483333,0.783333,0.566667,0.141667,0.0,0.683416,0.514785,0.854928
difficulty,1.5,137,137-94,0.0,0.0,0.0,0.0,0.0,0.35,0.0,0.854383,0.311,1.834242
difficulty,1.5,137,137-95,0.208333,0.0,0.583333,0.583333,0.208333,0.258333,0.0,0.783038,0.381402,1.387721
difficulty,1.5,137,137-96,0.608333,0.25,0.558333,0.808333,0.608333,0.091667,0.0,0.685549,0.552509,0.851697
difficulty,1.5,137,137-97,0.416667,0.0,0.741667,0.741667,0.416667,0.141667,0.0,0.745595,0.472012,1.132779
difficulty,1.5,137,137-98,0.325,0.0,0.683333,0.683333,0.325,0.208333,0.0,0.758406,0.452403,1.248011
difficulty,1.5,137,137-99,0.5,0.258333,0.425,0.683333,0.583333,0.15,0.0,0.692268,0.374017,0.935341
difficulty,1.5,137,137-100,0.3,0.416667,0.308333,0.725,0.516667,0.033333,0.0,0.561925,0.569844,0.637733
difficulty,1.5,137,137-101,0.0,0.0,0.075,0.075,0.0,0.408333,0.0,0.854258,0.286114,1.840988
difficulty,1.5,137,137-102,0.516667,0.383333,0.458333,0.841667,0.633333,0.066667,0.0,0.651128,0.530195,0.721217
difficulty,1.5,137,137-103,0.166667,0.0,0.633333,0.633333,0.166667,0.241667,0.0,0.77301,0.388184,1.301273
difficulty,1.5,137,137-104,0.408333,0.45,0.341667,0.791667,0.641667,0.083333,0.0,0.622175,0.503326,0.72041
difficulty,1.5,137,137-105,0.0,0.0,0.0,0.0,0.0,0.441667,0.0,0.862,0.276799,1.931057
difficulty,1.5,137,137-106,0.133333,0.25,0.025,0.275,0.25,0.058333,0.65,0.291922,0.307121,1.570433
difficulty,1.5,137,137-107,0.316667,0.45,0.35,0.8,0.575,0.066667,0.0,0.589471,0.49992,0.671776
difficulty,1.5,137,137-108,0.183333,0.225,0.041667,0.266667,0.225,0.041667,0.641667,0.294479,0.366988,1.57965
difficulty,1.5,137,137-109,0.0,0.0,0.491667,0.491667,0.0,0.333333,0.0,0.817765,0.335963,1.601598
difficulty,1.5,137,137-110,0.308333,0.383333,0.316667,0.7,0.591667,0.033333,0.033333,0.517503,0.578574,0.571831
difficulty,1.5,137,137-111,0.291667,0.0,0.666667,0.666667,0.291667,0.216667,0.0,0.762104,0.43737,1.24353
difficulty,1.5,137,137-112,0.308333,0.383333,0.275,0.658333,0.491667,0.091667,0.041667,0.561828,0.527969,0.731046
difficulty,1.5,137,137-113,0.291667,0.333333,0.358333,0.691667,0.558333,0.058333,0.058333,0.542779,0.495639,0.668408
difficulty,1.5,137,137-114,0.308333,0.425,0.291667,0.716667,0.516667,0.058333,0.033333,0.564205,0.552002,0.662704
difficulty,1.5,137,137-115,0.358333,0.458333,0.341667,0.8,0.558333,0.05,0.0,0.595471,0.466095,0.665957
difficulty,1.5,137,137-116,0.266667,0.0,0.633333,0.633333,0.266667,0.241667,0.0,0.769195,0.396635,1.282721
difficulty,1.5,137,137-117,0.308333,0.35,0.308333,0.658333,0.575,0.05,0.075,0.520601,0.542123,0.650497
difficulty,1.5,137,137-118,0.066667,0.191667,0.175,0.366667,0.225,0.016667,0.408333,0.393458,0.424221,0.981263
difficulty,1.5,137,137-119,0.316667,0.408333,0.333333,0.741667,0.516667,0.066667,0.033333,0.577082,0.553364,0.686909
difficulty,1.5,137,137-120,0.0,0.0,0.266667,0.266667,0.0,0.308333,0.0,0.834974,0.331837,1.682264
difficulty,1.5,137,137-121,0.0,0.0,0.0,0.0,0.0,0.491667,0.0,0.865904,0.271987,1.939912
difficulty,1.5,137,137-122,0.433333,0.383333,0.383333,0.766667,0.608333,0.058333,0.0,0.652638,0.420769,0.790697
difficulty,1.5,137,137-123,0.283333,0.35,0.1,0.45,0.391667,0.033333,0.233333,0.467492,0.451071,0.767592
difficulty,1.5,137,137-124,0.108333,0.341667,0.091667,0.433333,0.375,0.041667,0.4,0.426257,0.462637,0.913114
difficulty,1.5,137,137-125,0.4,0.533333,0.333333,0.866667,0.616667,0.041667,0.0,0.635093,0.463358,0.692669
difficulty,1.5,137,137-126,0.483333,0.408333,0.383333,0.791667,0.658333,0.1,0.0,0.644476,0.500768,0.722071
difficulty,1.5,137,137-127,0.341667,0.283333,0.266667,0.55,0.516667,0.041667,0.15,0.489523,0.564892,0.671573
difficulty,1.5,137,137-128,0.391667,0.516667,0.333333,0.85,0.625,0.041667,0.0,0.58935,0.52517,0.60016
difficulty,1.5,137,137-129,0.433333,0.083333,0.666667,0.75,0.433333,0.158333,0.0,0.729274,0.483427,1.063472
difficulty,1.5,137,137-130,0.383333,0.441667,0.333333,0.775,0.583333,0.083333,0.0,0.606867,0.49844,0.721052
difficulty,1.5,137,137-131,0.308333,0.425,0.308333,0.733333,0.525,0.058333,0.0,0.592329,0.492803,0.703805
difficulty,1.5,137,137-132,0.483333,0.275,0.483333,0.758333,0.541667,0.183333,0.0,0.697955,0.449499,0.932811
difficulty,1.5,137,137-133,0.291667,0.266667,0.15,0.416667,0.358333,0.041667,0.241667,0.466568,0.555395,0.782394
difficulty,1.5,137,137-134,0.45,0.391667,0.375,0.766667,0.608333,0.075,0.0,0.640347,0.496005,0.756553
difficulty,1.5,137,137-135,0.558333,0.391667,0.425,0.816667,0.658333,0.108333,0.0,0.655958,0.495371,0.744841
difficulty,1.5,137,137-136,0.416667,0.508333,0.325,0.833333,0.633333,0.05,0.0,0.625107,0.470388,0.683635
difficulty,1.5,137,137-137,0.291667,0.4,0.366667,0.766667,0.45,0.108333,0.0,0.630768,0.341075,0.786066
difficulty,1.5,137,137-138,0.45,0.45,0.35,0.8,0.65,0.041667,0.0,0.616523,0.487965,0.663026
difficulty,1.5,137,137-139,0.391667,0.0,0.666667,0.666667,0.391667,0.2,0.0,0.754512,0.413752,1.237183
difficulty,1.5,137,137-140,0.208333,0.066667,0.191667,0.258333,0.25,0.058333,0.658333,0.347809,0.332552,1.308288
difficulty,1.5,137,137-141,0.45,0.041667,0.691667,0.733333,0.45,0.133333,0.0,0.728474,0.461366,1.059015
difficulty,1.5,137,137-142,0.425,0.466667,0.333333,0.8,0.625,0.058333,0.0,0.617991,0.47606,0.700173
difficulty,1.5,137,137-143,0.283333,0.391667,0.283333,0.675,0.525,0.041667,0.033333,0.541554,0.538446,0.646485
difficulty,1.5,137,137-144,0.491667,0.5,0.35,0.85,0.716667,0.05,0.0,0.620761,0.577799,0.629353
difficulty,1.5,137,137-145,0.491667,0.25,0.5,0.75,0.491667,0.191667,0.0,0.706441,0.42455,0.969812
difficulty,1.5,137,137-146,0.508333,0.125,0.625,0.75,0.508333,0.125,0.0,0.716252,0.509821,1.001011
difficulty,1.5,137,137-147,0.291667,0.383333,0.341667,0.725,0.541667,0.083333,0.0,0.592287,0.439015,0.724391
difficulty,1.5,137,137-148,0.316667,0.308333,0.241667,0.55,0.483333,0.066667,0.141667,0.51146,0.53436,0.699159
difficulty,1.5,137,137-149,0.45,0.566667,0.35,0.916667,0.725,0.033333,0.0,0.60055,0.581122,0.563003
difficulty,1.5,137,137-150,0.366667,0.3,0.225,0.525,0.458333,0.041667,0.125,0.489225,0.497553,0.686926
difficulty,1.5,137,137-151,0.0,0.0,0.491667,0.491667,0.0,0.341667,0.0,0.821836,0.317831,1.609372
difficulty,1.5,137,137-152,0.0,0.0,0.0,0.0,0.0,1.0,0.0,0.955376,0.101362,3.098145
difficulty,1.5,137,137-153,0.35,0.258333,0.291667,0.55,0.491667,0.075,0.1,0.521814,0.454689,0.71693
difficulty,1.5,137,137-154,0.0,0.0,0.433333,0.433333,0.0,0.358333,0.0,0.82756,0.296397,1.657388
difficulty,1.5,137,137-155,0.541667,0.233333,0.541667,0.775,0.541667,0.141667,0.0,0.699322,0.485819,0.923685
difficulty,1.5,137,137-156,0.425,0.508333,0.316667,0.825,0.658333,0.025,0.0,0.591686,0.582433,0.598477
difficulty,1.5,137,137-157,0.475,0.058333,0.658333,0.716667,0.475,0.141667,0.0,0.729709,0.460726,1.0833
difficulty,1.5,137,137-158,0.416667,0.033333,0.666667,0.7,0.416667,0.158333,0.0,0.741712,0.416716,1.141697
difficulty,1.5,137,137-159,0.491667,0.4,0.391667,0.791667,0.633333,0.116667,0.0,0.658904,0.529965,0.795821
difficulty,1.5,137,137-160,0.283333,0.35,0.216667,0.566667,0.5,0.041667,0.1,0.495187,0.698747,0.609519
difficulty,1.5,137,137-161,0.483333,0.458333,0.358333,0.816667,0.658333,0.066667,0.0,0.637929,0.491407,0.697024
difficulty,1.5,137,137-162,0.341667,0.291667,0.183333,0.475,0.433333,0.1,0.175,0.490701,0.463365,0.751767
difficulty,1.5,137,137-163,0.608333,0.3,0.5,0.8,0.608333,0.1,0.0,0.683933,0.534394,0.849503
difficulty,1.5,137,137-164,0.316667,0.45,0.358333,0.808333,0.583333,0.033333,0.0,0.578278,0.521696,0.612512
difficulty,1.5,137,137-165,0.316667,0.016667,0.641667,0.658333,0.316667,0.258333,0.0,0.762364,0.371766,1.278431
difficulty,1.5,137,137-166,0.466667,0.5,0.333333,0.833333,0.716667,0.025,0.0,0.610443,0.587286,0.616369
difficulty,1.5,137,137-167,0.383333,0.458333,0.341667,0.8,0.591667,0.075,0.0,0.612744,0.480327,0.711093
difficulty,1.5,137,137-168,0.325,0.275,0.258333,0.533333,0.483333,0.033333,0.158333,0.480869,0.644879,0.676908
difficulty,1.5,137,137-169,0.608333,0.383333,0.45,0.833333,0.625,0.125,0.0,0.670666,0.545981,0.781563
difficulty,1.5,137,137-170,0.516667,0.408333,0.383333,0.791667,0.691667,0.066667,0.0,0.64166,0.524175,0.713056
difficulty,1.5,137,137-171,0.358333,0.408333,0.366667,0.775,0.541667,0.066667,0.0,0.599002,0.468422,0.73817
difficulty,1.5,137,137-172,0.425,0.341667,0.35,0.691667,0.566667,0.05,0.0,0.617557,0.536035,0.74627
difficulty,1.5,137,137-173,0.45,0.041667,0.708333,0.75,0.45,0.125,0.0,0.725822,0.464272,1.031397
difficulty,1.5,137,137-174,0.375,0.45,0.358333,0.808333,0.583333,0.066667,0.0,0.592731,0.533509,0.667179
difficulty,1.5,137,137-175,0.341667,0.275,0.275,0.55,0.483333,0.091667,0.083333,0.529276,0.401921,0.74793
difficulty,1.5,137,137-176,0.516667,0.241667,0.541667,0.783333,0.533333,0.15,0.0,0.697548,0.474977,0.908336
difficulty,1.5,137,137-177,0.475,0.375,0.375,0.75,0.625,0.083333,0.0,0.660611,0.43946,0.817936
difficulty,1.5,137,137-178,0.225,0.266667,0.1,0.366667,0.325,0.058333,0.308333,0.444583,0.567172,0.862413
difficulty,1.5,137,137-179,0.0,0.0,0.0,0.0,0.0,1.0,0.0,0.914193,0.180639,2.424726
difficulty,1.5,137,137-180,0.325,0.4,0.233333,0.633333,0.5,0.041667,0.091667,0.517179,0.65986,0.629292
difficulty,1.5,137,137-181,0.391667,0.5,0.333333,0.833333,0.641667,0.033333,0.0,0.605457,0.504253,0.648508
difficulty,1.5,137,137-182,0.175,0.366667,0.108333,0.475,0.441667,0.033333,0.333333,0.448684,0.399521,0.82653
difficulty,1.5,137,137-183,0.35,0.483333,0.283333,0.766667,0.575,0.008333,0.0,0.593547,0.544614,0.642394
difficulty,1.5,137,137-184,0.3,0.325,0.275,0.6,0.508333,0.058333,0.066667,0.537122,0.496212,0.690177
difficulty,1.5,137,137-185,0.258333,0.375,0.308333,0.683333,0.491667,0.108333,0.016667,0.571097,0.463199,0.758811
difficulty,1.5,137,137-186,0.3,0.3,0.158333,0.458333,0.383333,0.066667,0.241667,0.46943,0.525156,0.747373
difficulty,1.5,137,137-187,0.3,0.425,0.3,0.725,0.533333,0.025,0.016667,0.541974,0.604717,0.5906
difficulty,1.5,137,137-188,0.291667,0.375,0.325,0.7,0.533333,0.05,0.05,0.535528,0.555474,0.619067
difficulty,1.5,137,137-189,0.3,0.325,0.291667,0.616667,0.508333,0.05,0.083333,0.527239,0.55374,0.670347
difficulty,1.5,137,137-190,0.3,0.291667,0.316667,0.608333,0.525,0.141667,0.025,0.584745,0.367442,0.841088
difficulty,1.5,137,137-191,0.25,0.325,0.083333,0.408333,0.366667,0.041667,0.308333,0.435137,0.58908,0.816075
difficulty,1.5,137,137-192,0.05,0.158333,0.133333,0.291667,0.166667,0.008333,0.425,0.372413,0.482608,1.019258
difficulty,1.5,137,137-193,0.283333,0.35,0.308333,0.658333,0.533333,0.066667,0.058333,0.539102,0.529275,0.686142
difficulty,1.5,137,137-194,0.0,0.0,0.425,0.425,0.0,0.35,0.0,0.829932,0.325926,1.663805
difficulty,1.5,137,137-195,0.566667,0.375,0.433333,0.808333,0.608333,0.116667,0.0,0.670582,0.529923,0.806771
difficulty,1.5,137,137-196,0.266667,0.408333,0.291667,0.7,0.5,0.075,0.025,0.572332,0.474296,0.710019
difficulty,1.5,137,137-197,0.341667,0.325,0.125,0.45,0.408333,0.083333,0.225,0.463265,0.511144,0.734802
difficulty,1.5,137,137-198,0.358333,0.466667,0.366667,0.833333,0.55,0.075,0.0,0.630523,0.396413,0.771792
difficulty,1.5,137,137-199,0.45,0.491667,0.325,0.816667,0.675,0.025,0.0,0.622001,0.480247,0.646812
difficulty,1.5,369,369-0,0.5,0.458333,0.383333,0.841667,0.683333,0.066667,0.0,0.633949,0.535313,0.668973
difficulty,1.5,369,369-1,0.425,0.541667,0.3,0.841667,0.716667,0.025,0.0,0.586049,0.644299,0.551848
difficulty,1.5,369,369-2,0.308333,0.0,0.675,0.675,0.308333,0.216667,0.0,0.760178,0.430991,1.24694
difficulty,1.5,369,369-3,0.291667,0.333333,0.308333,0.641667,0.541667,0.091667,0.033333,0.549915,0.464802,0.714587
difficulty,1.5,369,369-4,0.475,0.4,0.35,0.75,0.616667,0.075,0.0,0.65331,0.465874,0.775532
difficulty,1.5,369,369-5,0.475,0.425,0.391667,0.816667,0.666667,0.066667,0.0,0.640709,0.539985,0.719938
difficulty,1.5,369,369-6,0.308333,0.283333,0.325,0.608333,0.516667,0.091667,0.083333,0.541671,0.475906,0.74422
difficulty,1.5,369,369-7,0.458333,0.458333,0.375,0.833333,0.658333,0.091667,0.0,0.638782,0.526627,0.711936
difficulty,1.5,369,369-8,0.383333,0.45,0.35,0.8,0.633333,0.058333,0.0,0.61918,0.525143,0.696364
difficulty,1.5,369,369-9,0.0,0.0,0.366667,0.366667,0.0,0.325,0.0,0.832633,0.337685,1.670992
difficulty,1.5,369,369-10,0.483333,0.141667,0.608333,0.75,0.483333,0.133333,0.0,0.718127,0.454854,1.03321
difficulty,1.5,369,369-11,0.025,0.241667,0.05,0.291667,0.25,0.05,0.616667,0.287005,0.2783,1.677373
difficulty,1.5,369,369-12,0.283333,0.408333,0.366667,0.775,0.6,0.033333,0.025,0.560462,0.487945,0.608336
difficulty,1.5,369,369-13,0.45,0.433333,0.333333,0.766667,0.641667,0.058333,0.0,0.624543,0.543119,0.689405
difficulty,1.5,369,369-14,0.175,0.141667,0.058333,0.2,0.183333,0.025,0.683333,0.280128,0.473929,1.547301
difficulty,1.5,369,369-15,0.25,0.158333,0.116667,0.275,0.275,0.066667,0.616667,0.352622,0.273699,1.478669
difficulty,1.5,369,369-16,0.483333,0.433333,0.383333,0.816667,0.683333,0.033333,0.0,0.629459,0.544072,0.674309
difficulty,1.5,369,369-17,0.141667,0.291667,0.116667,0.408333,0.35,0.008333,0.425,0.407068,0.52062,0.895444
difficulty,1.5,369,369-18,0.158333,0.0,0.7,0.7,0.158333,0.175,0.0,0.772784,0.440776,1.283752
difficulty,1.5,369,369-19,0.258333,0.35,0.341667,0.691667,0.516667,0.041667,0.066667,0.536073,0.505513,0.638159
difficulty,1.5,369,369-20,0.425,0.533333,0.333333,0.866667,0.666667,0.008333,0.0,0.584424,0.536976,0.569861
difficulty,1.5,369,369-21,0.416667,0.033333,0.683333,0.716667,0.416667,0.183333,0.0,0.744312,0.443957,1.160724
difficulty,1.5,369,369-22,0.308333,0.433333,0.35,0.783333,0.55,0.058333,0.0,0.573027,0.501021,0.602151
difficulty,1.5,369,369-23,0.4,0.0,0.708333,0.708333,0.4,0.175,0.0,0.749179,0.432153,1.173357
difficulty,1.5,369,369-24,0.25,0.383333,0.375,0.758333,0.516667,0.066667,0.025,0.579232,0.426465,0.690087
difficulty,1.5,369,369-25,0.341667,0.366667,0.3,0.666667,0.541667,0.05,0.016667,0.539808,0.583547,0.631134
difficulty,1.5,369,369-26,0.341667,0.0,0.641667,0.641667,0.341667,0.191667,0.0,0.759717,0.394438,1.246174
difficulty,1.5,369,369-27,0.308333,0.408333,0.341667,0.75,0.55,0.05,0.008333,0.558456,0.529309,0.646898
difficulty,1.5,369,369-28,0.333333,0.241667,0.283333,0.525,0.45,0.025,0.166667,0.479342,0.527189,0.679764
difficulty,1.5,369,369-29,0.466667,0.475,0.333333,0.808333,0.691667,0.066667,0.0,0.627981,0.561253,0.668585
difficulty,1.5,369,369-30,0.516667,0.325,0.458333,0.783333,0.558333,0.158333,0.0,0.680895,0.474867,0.861656
difficulty,1.5,369,369-31,0.383333,0.483333,0.341667,0.825,0.608333,0.05,0.0,0.618401,0.446924,0.689874
difficulty,1.5,369,369-32,0.308333,0.416667,0.341667,0.758333,0.525,0.041667,0.016667,0.566651,0.497056,0.630469
difficulty,1.5,369,369-33,0.058333,0.15,0.116667,0.266667,0.183333,0.016667,0.491667,0.336305,0.628479,1.089566
difficulty,1.5,369,369-34,0.275,0.35,0.333333,0.683333,0.533333,0.058333,0.033333,0.551909,0.481456,0.655777
difficulty,1.5,369,369-35,0.375,0.45,0.316667,0.766667,0.6,0.016667,0.0,0.578828,0.605646,0.622655
difficulty,1.5,369,369-36,0.308333,0.366667,0.291667,0.658333,0.533333,0.058333,0.066667,0.544566,0.53203,0.651242
difficulty,1.5,369,369-37,0.583333,0.341667,0.466667,0.808333,0.608333,0.091667,0.0,0.672888,0.568076,0.809397
difficulty,1.5,369,369-38,0.45,0.491667,0.333333,0.825,0.691667,0.025,0.0,0.598759,0.553703,0.599144
difficulty,1.5,369,369-39,0.5,0.425,0.416667,0.841667,0.658333,0.116667,0.0,0.644172,0.572713,0.716703
difficulty,1.5,369,369-40,0.45,0.283333,0.433333,0.716667,0.5,0.216667,0.0,0.703899,0.414828,0.990951
difficulty,1.5,369,369-41,0.275,0.375,0.258333,0.633333,0.5,0.033333,0.058333,0.523185,0.58345,0.621762
difficulty,1.5,369,369-42,0.275,0.358333,0.316667,0.675,0.541667,0.075,0.016667,0.555485,0.475547,0.667202
difficulty,1.5,369,369-43,0.35,0.291667,0.166667,0.458333,0.433333,0.05,0.2,0.462932,0.532007,0.708838
difficulty,1.5,369,369-44,0.333333,0.3,0.366667,0.666667,0.583333,0.05,0.058333,0.527475,0.528791,0.637104
difficulty,1.5,369,369-45,0.375,0.475,0.341667,0.816667,0.566667,0.058333,0.0,0.623853,0.429891,0.712195
difficulty,1.5,369,369-46,0.533333,0.35,0.425,0.775,0.591667,0.125,0.0,0.680028,0.458153,0.857332
difficulty,1.5,369,369-47,0.35,0.258333,0.283333,0.541667,0.491667,0.075,0.108333,0.509277,0.500925,0.705759
difficulty,1.5,369,369-48,0.441667,0.433333,0.358333,0.791667,0.65,0.058333,0.0,0.636104,0.449126,0.737462
difficulty,1.5,369,369-49,0.175,0.358333,0.083333,0.441667,0.375,0.016667,0.383333,0.424913,0.482436,0.785837
difficulty,1.5,369,369-50,0.333333,0.35,0.116667,0.466667,0.391667,0.083333,0.183333,0.487401,0.432865,0.77054
difficulty,1.5,369,369-51,0.483333,0.466667,0.35,0.816667,0.725,0.108333,0.0,0.62658,0.582205,0.685262
difficulty,1.5,369,369-52,0.125,0.0,0.683333,0.683333,0.125,0.175,0.0,0.77426,0.436396,1.28548
difficulty,1.5,369,369-53,0.483333,0.166667,0.55,0.716667,0.483333,0.191667,0.0,0.721005,0.41388,1.052993
difficulty,1.5,369,369-54,0.283333,0.325,0.3,0.625,0.483333,0.075,0.075,0.542208,0.506209,0.692934
difficulty,1.5,369,369-55,0.5,0.1,0.625,0.725,0.5,0.125,0.0,0.717314,0.467723,1.029038
difficulty,1.5,369,369-56,0.466667,0.425,0.375,0.8,0.658333,0.075,0.0,0.639423,0.483479,0.708209
difficulty,1.5,369,369-57,0.291667,0.3,0.316667,0.616667,0.483333,0.116667,0.058333,0.567521,0.441511,0.76382
difficulty,1.5,369,369-58,0.35,0.35,0.091667,0.441667,0.4,0.133333,0.083333,0.523955,0.360821,0.760523
difficulty,1.5,369,369-59,0.458333,0.441667,0.333333,0.775,0.641667,0.075,0.0,0.637948,0.481282,0.745476
difficulty,1.5,369,369-60,0.283333,0.45,0.308333,0.758333,0.525,0.041667,0.033333,0.551436,0.579753,0.624021
difficulty,1.5,369,369-61,0.1,0.233333,0.158333,0.391667,0.325,0.008333,0.425,0.38322,0.47904,0.911986
difficulty,1.5,369,369-62,0.458333,0.433333,0.35,0.783333,0.616667,0.058333,0.0,0.653586,0.433184,0.761506
difficulty,1.5,369,369-63,0.108333,0.3,0.133333,0.433333,0.366667,0.05,0.358333,0.44391,0.412549,0.903347
difficulty,1.5,369,369-64,0.258333,0.391667,0.308333,0.7,0.541667,0.025,0.05,0.529287,0.579379,0.593995
difficulty,1.5,369,369-65,0.475,0.116667,0.6,0.716667,0.475,0.15,0.0,0.725038,0.433797,1.058934
difficulty,1.5,369,369-66,0.391667,0.283333,0.258333,0.541667,0.475,0.05,0.058333,0.518432,0.425775,0.675642
difficulty,1.5,369,369-67,0.408333,0.041667,0.658333,0.7,0.408333,0.175,0.0,0.743263,0.433886,1.171003
difficulty,1.5,369,369-68,0.5,0.175,0.55,0.725,0.5,0.158333,0.0,0.712202,0.402229,0.9955
difficulty,1.5,369,369-69,0.258333,0.3,0.066667,0.366667,0.341667,0.041667,0.316667,0.441526,0.579624,0.82475
difficulty,1.5,369,369-70,0.325,0.0,0.641667,0.641667,0.325,0.183333,0.0,0.759349,0.408369,1.235544
difficulty,1.5,369,369-71,0.308333,0.408333,0.291667,0.7,0.558333,0.066667,0.016667,0.56025,0.504813,0.646348
difficulty,1.5,369,369-72,0.283333,0.333333,0.3,0.633333,0.508333,0.066667,0.075,0.538991,0.49645,0.691852
difficulty,1.5,369,369-73,0.508333,0.333333,0.425,0.758333,0.591667,0.133333,0.0,0.679673,0.466273,0.881572
difficulty,1.5,369,369-74,0.016667,0.0,0.533333,0.533333,0.016667,0.291667,0.0,0.805273,0.343837,1.511732
difficulty,1.5,369,369-75,0.616667,0.333333,0.533333,0.866667,0.633333,0.075,0.0,0.668796,0.554158,0.765369
difficulty,1.5,369,369-76,0.475,0.425,0.358333,0.783333,0.658333,0.075,0.0,0.622928,0.536826,0.705177
difficulty,1.5,369,369-77,0.541667,0.283333,0.45,0.733333,0.575,0.158333,0.0,0.6932,0.442481,0.919661
difficulty,1.5,369,369-78,0.5,0.208333,0.516667,0.725,0.5,0.15,0.0,0.716294,0.450283,1.036457
difficulty,1.5,369,369-79,0.0,0.0,0.0,0.0,0.0,0.416667,0.0,0.86051,0.290162,1.890154
difficulty,1.5,369,369-80,0.558333,0.291667,0.491667,0.783333,0.583333,0.125,0.0,0.687377,0.482793,0.866648
difficulty,1.5,369,369-81,0.425,0.45,0.35,0.8,0.625,0.041667,0.0,0.642119,0.456321,0.733259
difficulty,1.5,369,369-82,0.241667,0.0,0.6,0.6,0.241667,0.241667,0.0,0.775928,0.351414,1.328302
difficulty,1.5,369,369-83,0.316667,0.316667,0.3,0.616667,0.566667,0.075,0.083333,0.534193,0.513288,0.69117
difficulty,1.5,369,369-84,0.383333,0.0,0.7,0.7,0.383333,0.158333,0.0,0.746648,0.470534,1.148073
difficulty,1.5,369,369-85,0.0,0.0,0.1,0.1,0.0,0.3,0.0,0.844127,0.328645,1.741192
difficulty,1.5,369,369-86,0.25,0.308333,0.275,0.583333,0.483333,0.058333,0.133333,0.493238,0.601519,0.712793
difficulty,1.5,369,369-87,0.558333,0.15,0.641667,0.791667,0.558333,0.116667,0.0,0.700124,0.514046,0.916543
difficulty,1.5,369,369-88,0.525,0.125,0.658333,0.783333,0.525,0.1,0.0,0.701732,0.530772,0.920879
difficulty,1.5,369,369-89,0.325,0.35,0.108333,0.458333,0.433333,0.075,0.225,0.478917,0.451722,0.736562
difficulty,1.5,369,369-90,0.133333,0.075,0.175,0.25,0.141667,0.05,0.425,0.384383,0.431523,1.240376
difficulty,1.5,369,369-91,0.0,0.0,0.0,0.0,0.0,1.0,0.0,0.907349,0.209976,2.310513
difficulty,1.5,369,369-92,0.125,0.066667,0.208333,0.275,0.15,0.041667,0.391667,0.385949,0.380963,1.144774
difficulty,1.5,369,369-93,0.058333,0.0,0.633333,0.633333,0.058333,0.208333,0.0,0.783105,0.404957,1.350229
difficulty,1.5,369,369-94,0.0,0.0,0.408333,0.408333,0.0,0.391667,0.0,0.831282,0.306434,1.677107
difficulty,1.5,369,369-95,0.333333,0.275,0.166667,0.441667,0.4,0.075,0.175,0.479,0.502066,0.727901
difficulty,1.5,369,369-96,0.316667,0.4,0.266667,0.666667,0.525,0.041667,0.016667,0.545837,0.605849,0.649389
difficulty,1.5,369,369-97,0.091667,0.2,0.1,0.3,0.225,0.008333,0.416667,0.385997,0.455042,0.991534
difficulty,1.5,369,369-98,0.283333,0.35,0.325,0.675,0.55,0.058333,0.041667,0.557915,0.489041,0.681049
difficulty,1.5,369,369-99,0.233333,0.166667,0.116667,0.283333,0.266667,0.066667,0.625,0.351571,0.301118,1.432593
difficulty,1.5,369,369-100,0.0,0.0,0.0,0.0,0.0,0.866667,0.0,0.880098,0.254287,2.042055
difficulty,1.5,369,369-101,0.325,0.291667,0.308333,0.6,0.533333,0.058333,0.091667,0.525498,0.488356,0.693296
difficulty,1.5,369,369-102,0.325,0.416667,0.333333,0.75,0.591667,0.066667,0.008333,0.572931,0.465466,0.645944
difficulty,1.5,369,369-103,0.108333,0.066667,0.158333,0.225,0.125,0.008333,0.425,0.35414,0.458855,1.09532
difficulty,1.5,369,369-104,0.508333,0.125,0.65,0.775,0.508333,0.108333,0.0,0.709353,0.500283,0.960669
difficulty,1.5,369,369-105,0.508333,0.4,0.4,0.8,0.65,0.058333,0.0,0.650555,0.520444,0.72784
difficulty,1.5,369,369-106,0.383333,0.033333,0.65,0.683333,0.383333,0.2,0.0,0.748834,0.409892,1.187543
difficulty,1.5,369,369-107,0.458333,0.458333,0.35,0.808333,0.658333,0.058333,0.0,0.637312,0.496107,0.695673
difficulty,1.5,369,369-108,0.383333,0.483333,0.341667,0.825,0.616667,0.058333,0.0,0.59332,0.504822,0.659566
difficulty,1.5,369,369-109,0.375,0.483333,0.325,0.808333,0.616667,0.033333,0.0,0.588227,0.553226,0.621377
difficulty,1.5,369,369-110,0.0,0.0,0.4,0.4,0.0,0.358333,0.0,0.830531,0.317364,1.671272
difficulty,1.5,369,369-111,0.525,0.275,0.475,0.75,0.566667,0.166667,0.0,0.694151,0.424721,0.923726
difficulty,1.5,369,369-112,0.35,0.3,0.208333,0.508333,0.441667,0.025,0.175,0.471793,0.567947,0.690224
difficulty,1.5,369,369-113,0.5,0.416667,0.383333,0.8,0.641667,0.116667,0.0,0.653542,0.537038,0.766377
difficulty,1.5,369,369-114,0.491667,0.45,0.383333,0.833333,0.666667,0.058333,0.0,0.637935,0.546763,0.687352
difficulty,1.5,369,369-115,0.258333,0.3,0.283333,0.583333,0.466667,0.058333,0.1,0.523291,0.55907,0.681065
difficulty,1.5,369,369-116,0.45,0.475,0.333333,0.808333,0.675,0.033333,0.0,0.594304,0.549459,0.606177
difficulty,1.5,369,369-117,0.341667,0.25,0.233333,0.483333,0.45,0.1,0.175,0.510273,0.468059,0.811548
difficulty,1.5,369,369-118,0.433333,0.058333,0.616667,0.675,0.433333,0.141667,0.0,0.73199,0.455256,1.101444
difficulty,1.5,369,369-119,0.5,0.166667,0.583333,0.75,0.5,0.15,0.0,0.714125,0.455093,1.010472
difficulty,1.5,369,369-120,0.183333,0.358333,0.075,0.433333,0.408333,0.008333,0.425,0.411534,0.521902,0.784461
difficulty,1.5,369,369-121,0.241667,0.341667,0.091667,0.433333,0.391667,0.058333,0.308333,0.455551,0.47796,0.875402
difficulty,1.5,369,369-122,0.475,0.05,0.675,0.725,0.475,0.133333,0.0,0.728607,0.468389,1.076269
difficulty,1.5,369,369-123,0.191667,0.0,0.633333,0.633333,0.191667,0.225,0.0,0.776577,0.397936,1.317405
difficulty,1.5,369,369-124,0.133333,0.058333,0.225,0.283333,0.15,0.025,0.441667,0.380092,0.406182,1.164547
difficulty,1.5,369,369-125,0.458333,0.008333,0.733333,0.741667,0.458333,0.133333,0.0,0.733237,0.483922,1.076369
difficulty,1.5,369,369-126,0.575,0.291667,0.5,0.791667,0.575,0.125,0.0,0.693737,0.505862,0.902111
difficulty,1.5,369,369-127,0.241667,0.0,0.625,0.625,0.241667,0.258333,0.0,0.778199,0.381138,1.361007
difficulty,1.5,369,369-128,0.591667,0.341667,0.458333,0.8,0.633333,0.091667,0.0,0.667475,0.480245,0.769109
difficulty,1.5,369,369-129,0.0,0.0,0.291667,0.291667,0.0,0.325,0.0,0.83561,0.335213,1.702054
difficulty,1.5,369,369-130,0.508333,0.241667,0.516667,0.758333,0.508333,0.15,0.0,0.704984,0.462164,0.958941
difficulty,1.5,369,369-131,0.533333,0.341667,0.491667,0.833333,0.591667,0.125,0.0,0.676002,0.502653,0.844403
difficulty,1.5,369,369-132,0.558333,0.341667,0.483333,0.825,0.591667,0.108333,0.0,0.672167,0.496808,0.797296
difficulty,1.5,369,369-133,0.116667,0.316667,0.141667,0.458333,0.383333,0.025,0.416667,0.414649,0.49538,0.849766
difficulty,1.5,369,369-134,0.516667,0.5,0.375,0.875,0.725,0.058333,0.0,0.608909,0.67018,0.608602
difficulty,1.5,369,369-135,0.0,0.0,0.0,0.0,0.0,0.441667,0.0,0.859868,0.28924,1.877112
difficulty,1.5,369,369-136,0.058333,0.0,0.633333,0.633333,0.058333,0.216667,0.0,0.783164,0.411314,1.354442
difficulty,1.5,369,369-137,0.308333,0.333333,0.291667,0.625,0.575,0.033333,0.1,0.510052,0.557063,0.633764
difficulty,1.5,369,369-138,0.425,0.041667,0.666667,0.708333,0.425,0.191667,0.0,0.74083,0.466729,1.149568
difficulty,1.5,369,369-139,0.55,0.391667,0.441667,0.833333,0.625,0.116667,0.0,0.661143,0.561705,0.75746
difficulty,1.5,369,369-140,0.141667,0.325,0.075,0.4,0.358333,0.025,0.383333,0.434166,0.479268,0.862311
difficulty,1.5,369,369-141,0.283333,0.375,0.316667,0.691667,0.533333,0.025,0.041667,0.531381,0.558201,0.59976
difficulty,1.5,369,369-142,0.083333,0.166667,0.15,0.316667,0.2,0.025,0.4,0.397259,0.433199,0.976553
difficulty,1.5,369,369-143,0.433333,0.066667,0.666667,0.733333,0.433333,0.166667,0.0,0.735751,0.45386,1.112592
difficulty,1.5,369,369-144,0.358333,0.5,0.291667,0.791667,0.616667,0.016667,0.016667,0.555935,0.605653,0.566396
difficulty,1.5,369,369-145,0.325,0.316667,0.116667,0.433333,0.391667,0.083333,0.183333,0.482237,0.447421,0.747124
difficulty,1.5,369,369-146,0.5,0.366667,0.433333,0.8,0.616667,0.108333,0.0,0.664133,0.484766,0.79185
difficulty,1.5,369,369-147,0.416667,0.425,0.35,0.775,0.616667,0.05,0.0,0.636174,0.466779,0.737285
difficulty,1.5,369,369-148,0.341667,0.258333,0.341667,0.6,0.55,0.108333,0.058333,0.543422,0.442136,0.7479
difficulty,1.5,369,369-149,0.366667,0.041667,0.65,0.691667,0.366667,0.183333,0.0,0.749441,0.412938,1.182005
difficulty,1.5,369,369-150,0.541667,0.291667,0.475,0.766667,0.55,0.158333,0.0,0.693465,0.4383,0.898451
difficulty,1.5,369,369-151,0.35,0.45,0.325,0.775,0.583333,0.041667,0.008333,0.573115,0.534153,0.641394
difficulty,1.5,369,369-152,0.466667,0.458333,0.375,0.833333,0.675,0.033333,0.0,0.623308,0.558105,0.662754
difficulty,1.5,369,369-153,0.3,0.0,0.616667,0.616667,0.3,0.208333,0.0,0.763455,0.406459,1.2649
difficulty,1.5,369,369-154,0.108333,0.1,0.125,0.225,0.15,0.016667,0.558333,0.320531,0.546664,1.224703
difficulty,1.5,369,369-155,0.241667,0.0,0.625,0.625,0.241667,0.233333,0.0,0.777661,0.397155,1.33946
difficulty,1.5,369,369-156,0.333333,0.275,0.291667,0.566667,0.475,0.091667,0.083333,0.530093,0.396654,0.736868
difficulty,1.5,369,369-157,0.325,0.416667,0.35,0.766667,0.533333,0.058333,0.016667,0.578199,0.468711,0.666744
difficulty,1.5,369,369-158,0.441667,0.083333,0.633333,0.716667,0.441667,0.166667,0.0,0.727902,0.410874,1.065614
difficulty,1.5,369,369-159,0.325,0.383333,0.325,0.708333,0.525,0.066667,0.0,0.568474,0.550559,0.67214
difficulty,1.5,369,369-160,0.033333,0.0,0.608333,0.608333,0.033333,0.208333,0.0,0.788995,0.387529,1.38523
difficulty,1.5,369,369-161,0.375,0.241667,0.308333,0.55,0.533333,0.083333,0.108333,0.519119,0.483254,0.704897
difficulty,1.5,369,369-162,0.341667,0.425,0.325,0.75,0.566667,0.1,0.0,0.607613,0.445612,0.786547
difficulty,1.5,369,369-163,0.233333,0.208333,0.058333,0.266667,0.266667,0.058333,0.616667,0.327952,0.315496,1.485722
difficulty,1.5,369,369-164,0.3,0.0,0.633333,0.633333,0.3,0.233333,0.0,0.767784,0.396306,1.292966
difficulty,1.5,369,369-165,0.333333,0.333333,0.108333,0.441667,0.4,0.058333,0.241667,0.472003,0.488643,0.782326
difficulty,1.5,369,369-166,0.0,0.0,0.566667,0.566667,0.0,0.266667,0.0,0.805151,0.375603,1.493234
difficulty,1.5,369,369-167,0.466667,0.2,0.55,0.75,0.5,0.158333,0.0,0.707457,0.470861,0.975739
difficulty,1.5,369,369-168,0.116667,0.0,0.616667,0.616667,0.116667,0.241667,0.0,0.779164,0.41203,1.341912
difficulty,1.5,369,369-169,0.283333,0.408333,0.283333,0.691667,0.541667,0.075,0.025,0.547883,0.539857,0.677332
difficulty,1.5,369,369-170,0.541667,0.325,0.433333,0.758333,0.566667,0.175,0.0,0.685773,0.476046,0.892673
difficulty,1.5,369,369-171,0.316667,0.383333,0.308333,0.691667,0.516667,0.058333,0.033333,0.566891,0.50698,0.685136
difficulty,1.5,369,369-172,0.441667,0.425,0.366667,0.791667,0.608333,0.05,0.0,0.626923,0.42066,0.718182
difficulty,1.5,369,369-173,0.416667,0.458333,0.35,0.808333,0.583333,0.033333,0.0,0.637791,0.440206,0.723557
difficulty,1.5,369,369-174,0.425,0.491667,0.325,0.816667,0.683333,0.116667,0.0,0.630462,0.581285,0.742702
difficulty,1.5,369,369-175,0.308333,0.383333,0.308333,0.691667,0.525,0.033333,0.05,0.544112,0.530416,0.642559
difficulty,1.5,369,369-176,0.525,0.366667,0.366667,0.733333,0.633333,0.133333,0.0,0.669111,0.471253,0.825225
difficulty,1.5,369,369-177,0.391667,0.008333,0.7,0.708333,0.391667,0.183333,0.0,0.737953,0.475342,1.120429
difficulty,1.5,369,369-178,0.291667,0.333333,0.275,0.608333,0.525,0.066667,0.058333,0.538652,0.538198,0.671691
difficulty,1.5,369,369-179,0.2,0.275,0.083333,0.358333,0.325,0.041667,0.375,0.415932,0.630077,0.848631
difficulty,1.5,369,369-180,0.5,0.425,0.391667,0.816667,0.658333,0.05,0.0,0.645809,0.503191,0.716977
difficulty,1.5,369,369-181,0.516667,0.441667,0.375,0.816667,0.641667,0.075,0.0,0.631363,0.548044,0.66136
difficulty,1.5,369,369-182,0.558333,0.333333,0.475,0.808333,0.6,0.158333,0.0,0.679116,0.489444,0.83213
difficulty,1.5,369,369-183,0.425,0.483333,0.308333,0.791667,0.65,0.05,0.0,0.611532,0.543172,0.67674
difficulty,1.5,369,369-184,0.366667,0.441667,0.325,0.766667,0.575,0.075,0.0,0.608668,0.512602,0.747134
difficulty,1.5,369,369-185,0.15,0.316667,0.091667,0.408333,0.375,0.05,0.308333,0.455078,0.429603,0.847473
difficulty,1.5,369,369-186,0.258333,0.375,0.316667,0.691667,0.525,0.066667,0.05,0.555201,0.485958,0.705529
difficulty,1.5,369,369-187,0.358333,0.45,0.325,0.775,0.525,0.083333,0.0,0.597758,0.487124,0.718763
difficulty,1.5,369,369-188,0.291667,0.266667,0.283333,0.55,0.458333,0.075,0.125,0.508911,0.534327,0.734389
difficulty,1.5,369,369-189,0.425,0.516667,0.325,0.841667,0.708333,0.058333,0.0,0.621561,0.551166,0.680486
difficulty,1.5,369,369-190,0.558333,0.383333,0.425,0.808333,0.658333,0.125,0.0,0.657868,0.528029,0.777523
difficulty,1.5,369,369-191,0.475,0.45,0.366667,0.816667,0.666667,0.05,0.0,0.625877,0.534511,0.68756
difficulty,1.5,369,369-192,0.283333,0.425,0.325,0.75,0.516667,0.075,0.008333,0.576763,0.473892,0.674211
difficulty,1.5,369,369-193,0.416667,0.416667,0.375,0.791667,0.625,0.058333,0.0,0.620702,0.508574,0.716774
difficulty,1.5,369,369-194,0.533333,0.358333,0.433333,0.791667,0.591667,0.125,0.0,0.672951,0.479028,0.817014
difficulty,1.5,369,369-195,0.216667,0.241667,0.033333,0.275,0.25,0.058333,0.641667,0.306455,0.344203,1.516593
difficulty,1.5,369,369-196,0.316667,0.391667,0.358333,0.75,0.566667,0.033333,0.008333,0.548876,0.564941,0.580417
difficulty,1.5,369,369-197,0.116667,0.225,0.175,0.4,0.3,0.016667,0.391667,0.416796,0.410835,0.899335
difficulty,1.5,369,369-198,0.516667,0.341667,0.425,0.766667,0.6,0.141667,0.0,0.678851,0.486217,0.845056
difficulty,1.5,369,369-199,0.091667,0.058333,0.183333,0.241667,0.108333,0.041667,0.458333,0.371587,0.436119,1.287672
difficulty,1.5,1024,1024-0,0.283333,0.408333,0.316667,0.725,0.475,0.066667,0.033333,0.570398,0.48917,0.678506
difficulty,1.5,1024,1024-1,0.383333,0.5,0.341667,0.841667,0.608333,0.05,0.0,0.592022,0.535574,0.63983
difficulty,1.5,1024,1024-2,0.0,0.0,0.0,0.0,0.0,0.766667,0.0,0.872074,0.282391,1.963664
difficulty,1.5,1024,1024-3,0.441667,0.508333,0.316667,0.825,0.666667,0.025,0.0,0.617355,0.535484,0.638468
difficulty,1.5,1024,1024-4,0.066667,0.0,0.575,0.575,0.066667,0.275,0.0,0.799448,0.360147,1.473874
difficulty,1.5,1024,1024-5,0.475,0.291667,0.45,0.741667,0.508333,0.158333,0.0,0.695932,0.413468,0.951385
difficulty,1.5,1024,1024-6,0.366667,0.45,0.325,0.775,0.566667,0.066667,0.008333,0.604052,0.478398,0.724983
difficulty,1.5,1024,1024-7,0.291667,0.3,0.35,0.65,0.541667,0.075,0.041667,0.547901,0.468624,0.705377
difficulty,1.5,1024,1024-8,0.3,0.433333,0.358333,0.791667,0.5,0.041667,0.025,0.576333,0.493054,0.644075
difficulty,1.5,1024,1024-9,0.533333,0.283333,0.475,0.758333,0.566667,0.15,0.0,0.686912,0.421319,0.8812
difficulty,1.5,1024,1024-10,0.175,0.316667,0.116667,0.433333,0.366667,0.033333,0.316667,0.454899,0.43839,0.835306
difficulty,1.5,1024,1024-11,0.316667,0.433333,0.275,0.708333,0.508333,0.033333,0.016667,0.547668,0.611967,0.60755
difficulty,1.5,1024,1024-12,0.041667,0.0,0.55,0.55,0.041667,0.266667,0.0,0.801456,0.371376,1.477822
difficulty,1.5,1024,1024-13,0.45,0.166667,0.533333,0.7,0.45,0.208333,0.0,0.731565,0.394582,1.133991
difficulty,1.5,1024,1024-14,0.5,0.408333,0.425,0.833333,0.675,0.075,0.0,0.645519,0.504853,0.717846
difficulty,1.5,1024,1024-15,0.291667,0.466667,0.316667,0.783333,0.55,0.041667,0.0,0.561612,0.543948,0.582469
difficulty,1.5,1024,1024-16,0.283333,0.325,0.208333,0.533333,0.508333,0.058333,0.158333,0.48194,0.610644,0.707802
difficulty,1.5,1024,1024-17,0.0,0.0,0.166667,0.166667,0.0,0.375,0.0,0.848355,0.302947,1.796384
difficulty,1.5,1024,1024-18,0.541667,0.316667,0.483333,0.8,0.566667,0.1,0.0,0.682291,0.510577,0.858708
difficulty,1.5,1024,1024-19,0.3,0.3,0.175,0.475,0.441667,0.108333,0.166667,0.508044,0.464467,0.833814
difficulty,1.5,1024,1024-20,0.325,0.308333,0.3,0.608333,0.541667,0.025,0.116667,0.486973,0.599838,0.633593
difficulty,1.5,1024,1024-21,0.283333,0.366667,0.325,0.691667,0.525,0.066667,0.033333,0.553624,0.510172,0.665932
difficulty,1.5,1024,1024-22,0.291667,0.391667,0.341667,0.733333,0.525,0.033333,0.041667,0.553885,0.539618,0.6229
difficulty,1.5,1024,1024-23,0.55,0.3,0.516667,0.816667,0.566667,0.125,0.0,0.681778,0.515349,0.856048
difficulty,1.5,1024,1024-24,0.375,0.0,0.675,0.675,0.375,0.166667,0.0,0.747926,0.464657,1.16647
difficulty,1.5,1024,1024-25,0.375,0.5,0.341667,0.841667,0.6,0.05,0.0,0.605927,0.48876,0.657189
difficulty,1.5,1024,1024-26,0.4,0.0,0.716667,0.716667,0.4,0.166667,0.0,0.746925,0.433169,1.164542
difficulty,1.5,1024,1024-27,0.325,0.35,0.083333,0.433333,0.408333,0.1,0.283333,0.464363,0.515568,0.756389
difficulty,1.5,1024,1024-28,0.566667,0.4,0.433333,0.833333,0.633333,0.116667,0.0,0.660477,0.567868,0.748788
difficulty,1.5,1024,1024-29,0.575,0.283333,0.533333,0.816667,0.583333,0.108333,0.0,0.684534,0.518087,0.839424
difficulty,1.5,1024,1024-30,0.366667,0.0,0.691667,0.691667,0.366667,0.175,0.0,0.748864,0.46072,1.171233
difficulty,1.5,1024,1024-31,0.425,0.075,0.616667,0.691667,0.425,0.175,0.0,0.739456,0.449988,1.158918
difficulty,1.5,1024,1024-32,0.558333,0.1,0.691667,0.791667,0.558333,0.108333,0.0,0.70639,0.552924,0.938553
difficulty,1.5,1024,1024-33,0.083333,0.091667,0.183333,0.275,0.116667,0.033333,0.375,0.396139,0.394055,1.126628
difficulty,1.5,1024,1024-34,0.275,0.366667,0.291667,0.658333,0.483333,0.05,0.016667,0.535876,0.57454,0.618825
difficulty,1.5,1024,1024-35,0.075,0.291667,0.125,0.416667,0.325,0.033333,0.366667,0.465202,0.334104,1.00803
difficulty,1.5,1024,1024-36,0.35,0.466667,0.341667,0.808333,0.55,0.075,0.0,0.595756,0.474718,0.679475
difficulty,1.5,1024,1024-37,0.041667,0.075,0.216667,0.291667,0.083333,0.033333,0.366667,0.409349,0.345484,1.076822
difficulty,1.5,1024,1024-38,0.441667,0.141667,0.575,0.716667,0.441667,0.175,0.0,0.733009,0.429157,1.117565
difficulty,1.5,1024,1024-39,0.325,0.425,0.308333,0.733333,0.533333,0.058333,0.0,0.568691,0.521348,0.666672
difficulty,1.5,1024,1024-40,0.408333,0.058333,0.666667,0.725,0.408333,0.133333,0.0,0.734554,0.424759,1.092488
difficulty,1.5,1024,1024-41,0.316667,0.325,0.3,0.625,0.541667,0.041667,0.083333,0.52368,0.538907,0.65586
difficulty,1.5,1024,1024-42,0.4,0.483333,0.3,0.783333,0.666667,0.041667,0.0,0.586855,0.576258,0.623154
difficulty,1.5,1024,1024-43,0.425,0.116667,0.608333,0.725,0.425,0.158333,0.0,0.725554,0.409027,1.053356
difficulty,1.5,1024,1024-44,0.358333,0.275,0.216667,0.491667,0.458333,0.133333,0.075,0.532849,0.3834,0.764062
difficulty,1.5,1024,1024-45,0.083333,0.175,0.125,0.3,0.225,0.008333,0.408333,0.363077,0.493099,0.970409
difficulty,1.5,1024,1024-46,0.0,0.0,0.0,0.0,0.0,0.85,0.0,0.881625,0.244892,2.073857
difficulty,1.5,1024,1024-47,0.041667,0.258333,0.175,0.433333,0.275,0.033333,0.383333,0.441073,0.413057,1.02141
difficulty,1.5,1024,1024-48,0.516667,0.325,0.433333,0.758333,0.583333,0.141667,0.0,0.67797,0.440554,0.858697
difficulty,1.5,1024,1024-49,0.45,0.158333,0.55,0.708333,0.45,0.15,0.0,0.727068,0.457796,1.070102
difficulty,1.5,1024,1024-50,0.608333,0.333333,0.491667,0.825,0.625,0.091667,0.0,0.67321,0.513869,0.792326
difficulty,1.5,1024,1024-51,0.083333,0.183333,0.183333,0.366667,0.241667,0.025,0.408333,0.403651,0.431988,0.958307
difficulty,1.5,1024,1024-52,0.5,0.266667,0.483333,0.75,0.525,0.15,0.0,0.702154,0.464376,0.969522
difficulty,1.5,1024,1024-53,0.516667,0.35,0.425,0.775,0.583333,0.1,0.0,0.669154,0.450859,0.808245
difficulty,1.5,1024,1024-54,0.508333,0.258333,0.5,0.758333,0.508333,0.183333,0.0,0.706574,0.472392,0.988823
difficulty,1.5,1024,1024-55,0.125,0.066667,0.216667,0.283333,0.158333,0.041667,0.5,0.374751,0.380927,1.243979
difficulty,1.5,1024,1024-56,0.391667,0.466667,0.316667,0.783333,0.625,0.033333,0.0,0.602843,0.535803,0.659684
difficulty,1.5,1024,1024-57,0.325,0.291667,0.3,0.591667,0.541667,0.075,0.083333,0.545985,0.478301,0.738578
difficulty,1.5,1024,1024-58,0.266667,0.333333,0.108333,0.441667,0.391667,0.083333,0.3,0.463754,0.463558,0.783836
difficulty,1.5,1024,1024-59,0.358333,0.491667,0.308333,0.8,0.616667,0.033333,0.0,0.595276,0.529072,0.644194
difficulty,1.5,1024,1024-60,0.158333,0.366667,0.133333,0.5,0.433333,0.016667,0.391667,0.425246,0.472162,0.773619
difficulty,1.5,1024,1024-61,0.391667,0.508333,0.341667,0.85,0.65,0.058333,0.0,0.605903,0.513742,0.637799
difficulty,1.5,1024,1024-62,0.375,0.316667,0.275,0.591667,0.533333,0.058333,0.091667,0.520205,0.447031,0.686713
difficulty,1.5,1024,1024-63,0.275,0.391667,0.341667,0.733333,0.466667,0.1,0.025,0.598784,0.450574,0.750179
difficulty,1.5,1024,1024-64,0.375,0.491667,0.283333,0.775,0.641667,0.033333,0.0,0.568697,0.583323,0.596975
difficulty,1.5,1024,1024-65,0.066667,0.066667,0.191667,0.258333,0.083333,0.033333,0.383333,0.385388,0.368722,1.140325
difficulty,1.5,1024,1024-66,0.45,0.45,0.358333,0.808333,0.675,0.058333,0.0,0.601231,0.531511,0.656924
difficulty,1.5,1024,1024-67,0.558333,0.35,0.458333,0.808333,0.625,0.108333,0.0,0.668991,0.507488,0.786886
difficulty,1.5,1024,1024-68,0.283333,0.316667,0.358333,0.675,0.533333,0.041667,0.075,0.528621,0.507772,0.640139
difficulty,1.5,1024,1024-69,0.425,0.5,0.333333,0.833333,0.7,0.033333,0.0,0.603006,0.540269,0.637893
difficulty,1.5,1024,1024-70,0.5,0.433333,0.35,0.783333,0.658333,0.05,0.0,0.647584,0.477711,0.743291
difficulty,1.5,1024,1024-71,0.55,0.491667,0.416667,0.908333,0.733333,0.025,0.0,0.620224,0.603348,0.589299
difficulty,1.5,1024,1024-72,0.308333,0.341667,0.333333,0.675,0.575,0.033333,0.041667,0.520745,0.532564,0.610693
difficulty,1.5,1024,1024-73,0.4,0.475,0.333333,0.808333,0.616667,0.075,0.0,0.60938,0.50649,0.691109
difficulty,1.5,1024,1024-74,0.275,0.383333,0.333333,0.716667,0.508333,0.058333,0.033333,0.558261,0.529055,0.649903
difficulty,1.5,1024,1024-75,0.45,0.45,0.366667,0.816667,0.666667,0.066667,0.0,0.628747,0.539918,0.666974
difficulty,1.5,1024,1024-76,0.0,0.0,0.0,0.0,0.0,0.333333,0.0,0.853362,0.306259,1.81621
difficulty,1.5,1024,1024-77,0.375,0.058333,0.633333,0.691667,0.375,0.183333,0.0,0.747073,0.43938,1.176756
difficulty,1.5,1024,1024-78,0.55,0.341667,0.45,0.791667,0.616667,0.125,0.0,0.673571,0.507487,0.807464
difficulty,1.5,1024,1024-79,0.541667,0.383333,0.416667,0.8,0.625,0.116667,0.0,0.665066,0.528183,0.78412
difficulty,1.5,1024,1024-80,0.383333,0.458333,0.291667,0.75,0.625,0.041667,0.0,0.605393,0.503038,0.698448
difficulty,1.5,1024,1024-81,0.508333,0.358333,0.358333,0.716667,0.616667,0.1,0.0,0.660589,0.460251,0.805241
difficulty,1.5,1024,1024-82,0.616667,0.35,0.475,0.825,0.65,0.058333,0.0,0.665377,0.530881,0.747805
difficulty,1.5,1024,1024-83,0.45,0.35,0.4,0.75,0.591667,0.141667,0.0,0.661215,0.475775,0.825925
difficulty,1.5,1024,1024-84,0.0,0.0,0.033333,0.033333,0.0,0.283333,0.0,0.844174,0.334706,1.742699
difficulty,1.5,1024,1024-85,0.316667,0.4,0.358333,0.758333,0.625,0.066667,0.0,0.571777,0.432309,0.654549
difficulty,1.5,1024,1024-86,0.591667,0.275,0.575,0.85,0.625,0.066667,0.0,0.671302,0.57239,0.772322
difficulty,1.5,1024,1024-87,0.3,0.341667,0.266667,0.608333,0.516667,0.058333,0.066667,0.51986,0.599177,0.656848
difficulty,1.5,1024,1024-88,0.5,0.15,0.608333,0.758333,0.5,0.15,0.0,0.716039,0.478515,1.017778
difficulty,1.5,1024,1024-89,0.308333,0.425,0.316667,0.741667,0.525,0.058333,0.0,0.59366,0.492353,0.685376
difficulty,1.5,1024,1024-90,0.216667,0.333333,0.066667,0.4,0.375,0.041667,0.308333,0.463055,0.458527,0.799599
difficulty,1.5,1024,1024-91,0.533333,0.333333,0.483333,0.816667,0.616667,0.125,0.0,0.672319,0.523614,0.820087
difficulty,1.5,1024,1024-92,0.433333,0.475,0.366667,0.841667,0.633333,0.041667,0.0,0.617224,0.473615,0.650942
difficulty,1.5,1024,1024-93,0.066667,0.225,0.141667,0.366667,0.266667,0.008333,0.425,0.378572,0.507054,0.952655
difficulty,1.5,1024,1024-94,0.466667,0.5,0.341667,0.841667,0.675,0.033333,0.0,0.629464,0.498891,0.663939
difficulty,1.5,1024,1024-95,0.466667,0.408333,0.375,0.783333,0.633333,0.141667,0.0,0.653808,0.523722,0.805829
difficulty,1.5,1024,1024-96,0.591667,0.425,0.45,0.875,0.675,0.058333,0.0,0.643576,0.548793,0.664983
difficulty,1.5,1024,1024-97,0.516667,0.466667,0.383333,0.85,0.708333,0.066667,0.0,0.628937,0.520569,0.665342
difficulty,1.5,1024,1024-98,0.258333,0.366667,0.083333,0.45,0.4,0.058333,0.291667,0.459796,0.434975,0.755302
difficulty,1.5,1024,1024-99,0.433333,0.091667,0.641667,0.733333,0.433333,0.15,0.0,0.729504,0.452965,1.07276
difficulty,1.5,1024,1024-100,0.416667,0.533333,0.333333,0.866667,0.683333,0.05,0.0,0.600942,0.591034,0.61125
difficulty,1.5,1024,1024-101,0.291667,0.416667,0.358333,0.775,0.6,0.058333,0.008333,0.557255,0.510279,0.615784
difficulty,1.5,1024,1024-102,0.283333,0.416667,0.341667,0.758333,0.533333,0.041667,0.0,0.567023,0.534812,0.593784
difficulty,1.5,1024,1024-103,0.45,0.408333,0.333333,0.741667,0.608333,0.058333,0.0,0.652796,0.413897,0.810309
difficulty,1.5,1024,1024-104,0.316667,0.441667,0.333333,0.775,0.575,0.066667,0.0,0.574737,0.535289,0.636771
difficulty,1.5,1024,1024-105,0.433333,0.0,0.766667,0.766667,0.433333,0.141667,0.0,0.735574,0.50704,1.079684
difficulty,1.5,1024,1024-106,0.491667,0.425,0.375,0.8,0.666667,0.075,0.0,0.645073,0.522365,0.747555
difficulty,1.5,1024,1024-107,0.341667,0.3,0.3,0.6,0.55,0.058333,0.125,0.510926,0.518328,0.700824
difficulty,1.5,1024,1024-108,0.483333,0.366667,0.375,0.741667,0.625,0.1,0.0,0.660771,0.446681,0.816444
difficulty,1.5,1024,1024-109,0.333333,0.275,0.283333,0.558333,0.508333,0.083333,0.091667,0.521235,0.491413,0.693926
difficulty,1.5,1024,1024-110,0.333333,0.475,0.333333,0.808333,0.575,0.058333,0.0,0.606757,0.472305,0.698066
difficulty,1.5,1024,1024-111,0.358333,0.475,0.291667,0.766667,0.608333,0.016667,0.0,0.575337,0.582092,0.61706
difficulty,1.5,1024,1024-112,0.275,0.416667,0.366667,0.783333,0.558333,0.025,0.016667,0.55873,0.51321,0.588332
difficulty,1.5,1024,1024-113,0.558333,0.5,0.35,0.85,0.733333,0.108333,0.0,0.63056,0.585796,0.653336
difficulty,1.5,1024,1024-114,0.533333,0.275,0.508333,0.783333,0.541667,0.158333,0.0,0.697664,0.423419,0.938303
difficulty,1.5,1024,1024-115,0.508333,0.375,0.416667,0.791667,0.633333,0.1,0.0,0.663429,0.470397,0.798854
difficulty,1.5,1024,1024-116,0.375,0.0,0.708333,0.708333,0.375,0.183333,0.0,0.749875,0.451044,1.173285
difficulty,1.5,1024,1024-117,0.008333,0.0,0.541667,0.541667,0.008333,0.275,0.0,0.804363,0.35815,1.501739
difficulty,1.5,1024,1024-118,0.458333,0.166667,0.566667,0.733333,0.475,0.133333,0.0,0.709189,0.436475,0.966566
difficulty,1.5,1024,1024-119,0.166667,0.333333,0.058333,0.391667,0.35,0.016667,0.325,0.449238,0.46687,0.861918
difficulty,1.5,1024,1024-120,0.475,0.458333,0.4,0.858333,0.658333,0.1,0.0,0.642908,0.515565,0.715521
difficulty,1.5,1024,1024-121,0.125,0.083333,0.191667,0.275,0.183333,0.025,0.575,0.346878,0.454906,1.236001
difficulty,1.5,1024,1024-122,0.45,0.408333,0.358333,0.766667,0.608333,0.075,0.0,0.648537,0.42201,0.807002
difficulty,1.5,1024,1024-123,0.558333,0.3,0.5,0.8,0.575,0.125,0.0,0.683416,0.482055,0.846848
difficulty,1.5,1024,1024-124,0.366667,0.283333,0.266667,0.55,0.5,0.1,0.108333,0.52592,0.421791,0.745228
difficulty,1.5,1024,1024-125,0.15,0.308333,0.116667,0.425,0.391667,0.033333,0.391667,0.42962,0.460064,0.859798
difficulty,1.5,1024,1024-126,0.341667,0.308333,0.258333,0.566667,0.516667,0.066667,0.091667,0.523378,0.474427,0.709874
difficulty,1.5,1024,1024-127,0.275,0.45,0.35,0.8,0.516667,0.075,0.0,0.598884,0.435112,0.668989
difficulty,1.5,1024,1024-128,0.333333,0.0,0.716667,0.716667,0.333333,0.141667,0.0,0.746545,0.474335,1.140351
difficulty,1.5,1024,1024-129,0.291667,0.333333,0.308333,0.641667,0.541667,0.075,0.041667,0.549982,0.474327,0.689563
difficulty,1.5,1024,1024-130,0.3,0.0,0.658333,0.658333,0.3,0.233333,0.0,0.762935,0.408482,1.251484
difficulty,1.5,1024,1024-131,0.4,0.483333,0.283333,0.766667,0.658333,0.05,0.0,0.602279,0.591139,0.634585
difficulty,1.5,1024,1024-132,0.566667,0.358333,0.466667,0.825,0.616667,0.075,0.0,0.665169,0.513173,0.771487
difficulty,1.5,1024,1024-133,0.0,0.0,0.216667,0.216667,0.0,0.4,0.0,0.846233,0.28153,1.784696
difficulty,1.5,1024,1024-134,0.291667,0.416667,0.316667,0.733333,0.525,0.041667,0.025,0.547898,0.566629,0.629909
difficulty,1.5,1024,1024-135,0.3,0.408333,0.325,0.733333,0.525,0.058333,0.008333,0.568079,0.523104,0.664577
difficulty,1.5,1024,1024-136,0.133333,0.0,0.633333,0.633333,0.133333,0.216667,0.0,0.779793,0.411112,1.35186
difficulty,1.5,1024,1024-137,0.308333,0.25,0.283333,0.533333,0.5,0.1,0.158333,0.523874,0.464614,0.795685
difficulty,1.5,1024,1024-138,0.0,0.0,0.091667,0.091667,0.0,0.466667,0.0,0.859097,0.279153,1.889878
difficulty,1.5,1024,1024-139,0.525,0.266667,0.491667,0.758333,0.541667,0.175,0.0,0.69499,0.456409,0.916744
difficulty,1.5,1024,1024-140,0.516667,0.375,0.441667,0.816667,0.6,0.133333,0.0,0.668744,0.533831,0.806597
difficulty,1.5,1024,1024-141,0.575,0.275,0.508333,0.783333,0.575,0.125,0.0,0.692513,0.479659,0.911803
difficulty,1.5,1024,1024-142,0.508333,0.208333,0.55,0.758333,0.508333,0.133333,0.0,0.712703,0.464416,1.007423
difficulty,1.5,1024,1024-143,0.325,0.258333,0.191667,0.45,0.4,0.083333,0.158333,0.494923,0.490236,0.739845
difficulty,1.5,1024,1024-144,0.166667,0.35,0.066667,0.416667,0.391667,0.05,0.358333,0.442764,0.446298,0.812082
difficulty,1.5,1024,1024-145,0.291667,0.441667,0.35,0.791667,0.516667,0.066667,0.0,0.588828,0.453898,0.674817
difficulty,1.5,1024,1024-146,0.416667,0.066667,0.616667,0.683333,0.416667,0.175,0.0,0.741743,0.42264,1.153766
difficulty,1.5,1024,1024-147,0.333333,0.441667,0.316667,0.758333,0.583333,0.083333,0.008333,0.584966,0.513745,0.661332
difficulty,1.5,1024,1024-148,0.316667,0.458333,0.333333,0.791667,0.591667,0.025,0.008333,0.562098,0.530338,0.570604
difficulty,1.5,1024,1024-149,0.091667,0.291667,0.125,0.416667,0.366667,0.016667,0.391667,0.436221,0.399219,0.887185
difficulty,1.5,1024,1024-150,0.508333,0.5,0.391667,0.891667,0.716667,0.041667,0.0,0.610774,0.571113,0.596851
difficulty,1.5,1024,1024-151,0.316667,0.241667,0.241667,0.483333,0.441667,0.075,0.175,0.483193,0.525703,0.737423
difficulty,1.5,1024,1024-152,0.516667,0.425,0.425,0.85,0.633333,0.091667,0.0,0.652258,0.525719,0.732794
difficulty,1.5,1024,1024-153,0.066667,0.216667,0.166667,0.383333,0.25,0.033333,0.408333,0.402747,0.464451,1.007691
difficulty,1.5,1024,1024-154,0.416667,0.116667,0.541667,0.658333,0.416667,0.225,0.0,0.744642,0.400919,1.205871
difficulty,1.5,1024,1024-155,0.583333,0.283333,0.491667,0.775,0.591667,0.116667,0.0,0.689845,0.476753,0.868855
difficulty,1.5,1024,1024-156,0.358333,0.325,0.141667,0.466667,0.4,0.1,0.15,0.500935,0.417407,0.746073
difficulty,1.5,1024,1024-157,0.383333,0.35,0.116667,0.466667,0.408333,0.025,0.183333,0.470975,0.451499,0.667407
difficulty,1.5,1024,1024-158,0.375,0.491667,0.275,0.766667,0.625,0.033333,0.0,0.576456,0.598052,0.607547
difficulty,1.5,1024,1024-159,0.091667,0.25,0.15,0.4,0.308333,0.0,0.4,0.414917,0.414817,0.89148
difficulty,1.5,1024,1024-160,0.325,0.3,0.283333,0.583333,0.525,0.058333,0.083333,0.534193,0.471288,0.741118
difficulty,1.5,1024,1024-161,0.125,0.066667,0.175,0.241667,0.15,0.008333,0.466667,0.345191,0.453808,1.149101
difficulty,1.5,1024,1024-162,0.3,0.316667,0.333333,0.65,0.483333,0.066667,0.041667,0.554782,0.474083,0.692806
difficulty,1.5,1024,1024-163,0.533333,0.316667,0.475,0.791667,0.591667,0.125,0.0,0.677989,0.493974,0.836774
difficulty,1.5,1024,1024-164,0.075,0.233333,0.141667,0.375,0.275,0.016667,0.425,0.397788,0.4857,0.977145
difficulty,1.5,1024,1024-165,0.533333,0.366667,0.441667,0.808333,0.65,0.091667,0.0,0.658868,0.511529,0.75943
difficulty,1.5,1024,1024-166,0.3,0.441667,0.258333,0.7,0.525,0.025,0.025,0.542121,0.64325,0.593651
difficulty,1.5,1024,1024-167,0.266667,0.416667,0.308333,0.725,0.541667,0.025,0.025,0.533747,0.629561,0.573686
difficulty,1.5,1024,1024-168,0.475,0.458333,0.366667,0.825,0.641667,0.066667,0.0,0.63561,0.498549,0.694333
difficulty,1.5,1024,1024-169,0.558333,0.216667,0.541667,0.758333,0.558333,0.116667,0.0,0.699,0.493778,0.933638
difficulty,1.5,1024,1024-170,0.133333,0.05,0.216667,0.266667,0.133333,0.066667,0.366667,0.411544,0.293172,1.186104
difficulty,1.5,1024,1024-171,0.166667,0.1,0.175,0.275,0.2,0.041667,0.541667,0.358279,0.376653,1.265233
difficulty,1.5,1024,1024-172,0.291667,0.45,0.391667,0.841667,0.491667,0.033333,0.0,0.594087,0.438761,0.637638
difficulty,1.5,1024,1024-173,0.283333,0.333333,0.35,0.683333,0.55,0.066667,0.066667,0.541504,0.502905,0.679051
difficulty,1.5,1024,1024-174,0.083333,0.275,0.116667,0.391667,0.316667,0.008333,0.425,0.411315,0.490505,0.884819
difficulty,1.5,1024,1024-175,0.3,0.383333,0.341667,0.725,0.533333,0.058333,0.033333,0.552285,0.523494,0.629203
difficulty,1.5,1024,1024-176,0.45,0.4,0.366667,0.766667,0.625,0.075,0.0,0.64344,0.478592,0.789906
difficulty,1.5,1024,1024-177,0.358333,0.408333,0.341667,0.75,0.55,0.075,0.0,0.600485,0.512631,0.735166
difficulty,1.5,1024,1024-178,0.466667,0.433333,0.366667,0.8,0.625,0.058333,0.0,0.651871,0.433286,0.750639
difficulty,1.5,1024,1024-179,0.333333,0.433333,0.358333,0.791667,0.566667,0.033333,0.0,0.565918,0.522277,0.592996
difficulty,1.5,1024,1024-180,0.333333,0.241667,0.291667,0.533333,0.491667,0.1,0.091667,0.532437,0.474853,0.745005
difficulty,1.5,1024,1024-181,0.241667,0.308333,0.083333,0.391667,0.383333,0.025,0.341667,0.410055,0.70652,0.731526
difficulty,1.5,1024,1024-182,0.341667,0.283333,0.35,0.633333,0.558333,0.041667,0.1,0.535907,0.499017,0.696872
difficulty,1.5,1024,1024-183,0.408333,0.366667,0.35,0.716667,0.575,0.058333,0.0,0.631582,0.460198,0.767775
difficulty,1.5,1024,1024-184,0.491667,0.408333,0.366667,0.775,0.633333,0.075,0.0,0.651956,0.439837,0.789009
difficulty,1.5,1024,1024-185,0.333333,0.425,0.35,0.775,0.55,0.058333,0.0,0.589999,0.492229,0.681117
difficulty,1.5,1024,1024-186,0.275,0.283333,0.108333,0.391667,0.325,0.125,0.2,0.493359,0.452243,0.893252
difficulty,1.5,1024,1024-187,0.058333,0.0,0.508333,0.508333,0.058333,0.3,0.0,0.805256,0.345628,1.518154
difficulty,1.5,1024,1024-188,0.35,0.508333,0.341667,0.85,0.608333,0.016667,0.0,0.582922,0.535339,0.589245
difficulty,1.5,1024,1024-189,0.341667,0.275,0.208333,0.483333,0.45,0.108333,0.15,0.50214,0.459316,0.792719
difficulty,1.5,1024,1024-190,0.508333,0.283333,0.483333,0.766667,0.508333,0.175,0.0,0.70476,0.467651,0.974482
difficulty,1.5,1024,1024-191,0.333333,0.308333,0.208333,0.516667,0.483333,0.058333,0.158333,0.486562,0.573463,0.675483
difficulty,1.5,1024,1024-192,0.241667,0.333333,0.316667,0.65,0.5,0.075,0.041667,0.552727,0.509212,0.710386
difficulty,1.5,1024,1024-193,0.158333,0.0,0.625,0.625,0.158333,0.233333,0.0,0.774223,0.398676,1.306924
difficulty,1.5,1024,1024-194,0.316667,0.241667,0.283333,0.525,0.483333,0.05,0.125,0.496385,0.5412,0.70101
difficulty,1.5,1024,1024-195,0.375,0.291667,0.191667,0.483333,0.45,0.066667,0.158333,0.489309,0.504913,0.729123
difficulty,1.5,1024,1024-196,0.5,0.166667,0.6,0.766667,0.5,0.141667,0.0,0.713044,0.461515,0.99889
difficulty,1.5,1024,1024-197,0.341667,0.333333,0.183333,0.516667,0.425,0.083333,0.133333,0.508995,0.437823,0.77878
difficulty,1.5,1024,1024-198,0.291667,0.416667,0.308333,0.725,0.55,0.041667,0.008333,0.557177,0.585944,0.6187
difficulty,1.5,1024,1024-199,0.416667,0.458333,0.341667,0.8,0.625,0.075,0.0,0.634507,0.454734,0.743785
difficulty,1.5,2026,2026-0,0.308333,0.266667,0.291667,0.558333,0.475,0.05,0.091667,0.51378,0.522383,0.686815
difficulty,1.5,2026,2026-1,0.491667,0.383333,0.391667,0.775,0.633333,0.075,0.0,0.64204,0.521247,0.733718
difficulty,1.5,2026,2026-2,0.066667,0.141667,0.158333,0.3,0.141667,0.033333,0.391667,0.406186,0.389897,1.115549
difficulty,1.5,2026,2026-3,0.15,0.0,0.633333,0.633333,0.15,0.233333,0.0,0.779486,0.406835,1.338383
difficulty,1.5,2026,2026-4,0.508333,0.25,0.541667,0.791667,0.541667,0.125,0.0,0.691955,0.488446,0.887072
difficulty,1.5,2026,2026-5,0.333333,0.45,0.35,0.8,0.558333,0.058333,0.025,0.578664,0.512427,0.632919
difficulty,1.5,2026,2026-6,0.308333,0.433333,0.325,0.758333,0.541667,0.05,0.016667,0.561476,0.569758,0.612756
difficulty,1.5,2026,2026-7,0.483333,0.408333,0.408333,0.816667,0.6,0.116667,0.0,0.660621,0.465291,0.783947
difficulty,1.5,2026,2026-8,0.325,0.408333,0.325,0.733333,0.566667,0.05,0.008333,0.568423,0.569462,0.623948
difficulty,1.5,2026,2026-9,0.341667,0.408333,0.316667,0.725,0.55,0.075,0.016667,0.586126,0.554609,0.685009
difficulty,1.5,2026,2026-10,0.558333,0.266667,0.508333,0.775,0.558333,0.141667,0.0,0.696484,0.501796,0.907774
difficulty,1.5,2026,2026-11,0.575,0.333333,0.458333,0.791667,0.591667,0.133333,0.0,0.682162,0.484069,0.86376
difficulty,1.5,2026,2026-12,0.375,0.416667,0.341667,0.758333,0.625,0.05,0.0,0.613206,0.500677,0.713588
difficulty,1.5,2026,2026-13,0.416667,0.5,0.358333,0.858333,0.666667,0.033333,0.0,0.597863,0.523281,0.616058
difficulty,1.5,2026,2026-14,0.433333,0.441667,0.3,0.741667,0.641667,0.083333,0.0,0.638336,0.516552,0.766441
difficulty,1.5,2026,2026-15,0.283333,0.35,0.283333,0.633333,0.5,0.041667,0.091667,0.5152,0.625792,0.646373
difficulty,1.5,2026,2026-16,0.308333,0.425,0.316667,0.741667,0.566667,0.108333,0.025,0.583053,0.460237,0.718255
difficulty,1.5,2026,2026-17,0.566667,0.35,0.458333,0.808333,0.575,0.133333,0.0,0.680665,0.506379,0.864016
difficulty,1.5,2026,2026-18,0.383333,0.45,0.375,0.825,0.583333,0.041667,0.0,0.615539,0.447064,0.671564
difficulty,1.5,2026,2026-19,0.216667,0.316667,0.058333,0.375,0.366667,0.041667,0.325,0.439076,0.516494,0.788442
difficulty,1.5,2026,2026-20,0.283333,0.375,0.325,0.7,0.525,0.05,0.025,0.548579,0.545604,0.636837
difficulty,1.5,2026,2026-21,0.508333,0.25,0.525,0.775,0.516667,0.15,0.0,0.698389,0.477686,0.923621
difficulty,1.5,2026,2026-22,0.316667,0.4,0.325,0.725,0.55,0.058333,0.016667,0.58243,0.573155,0.693024
difficulty,1.5,2026,2026-23,0.416667,0.516667,0.316667,0.833333,0.691667,0.008333,0.0,0.559303,0.654785,0.511685
difficulty,1.5,2026,2026-24,0.491667,0.183333,0.566667,0.75,0.491667,0.175,0.0,0.707079,0.420648,0.959715
difficulty,1.5,2026,2026-25,0.0,0.0,0.433333,0.433333,0.0,0.333333,0.0,0.825718,0.343063,1.624205
difficulty,1.5,2026,2026-26,0.325,0.3,0.3,0.6,0.541667,0.066667,0.066667,0.526238,0.519884,0.68236
difficulty,1.5,2026,2026-27,0.175,0.0,0.65,0.65,0.175,0.208333,0.0,0.774699,0.402338,1.313595
difficulty,1.5,2026,2026-28,0.283333,0.325,0.075,0.4,0.35,0.075,0.241667,0.468974,0.490866,0.769674
difficulty,1.5,2026,2026-29,0.45,0.458333,0.35,0.808333,0.658333,0.066667,0.0,0.62776,0.538222,0.654853
difficulty,1.5,2026,2026-30,0.341667,0.325,0.15,0.475,0.391667,0.066667,0.175,0.49222,0.416909,0.727005
difficulty,1.5,2026,2026-31,0.183333,0.0,0.591667,0.591667,0.183333,0.258333,0.0,0.784256,0.373998,1.387857
difficulty,1.5,2026,2026-32,0.483333,0.108333,0.633333,0.741667,0.483333,0.141667,0.0,0.719764,0.448844,1.037919
difficulty,1.5,2026,2026-33,0.283333,0.0,0.608333,0.608333,0.283333,0.233333,0.0,0.770576,0.368003,1.321057
difficulty,1.5,2026,2026-34,0.35,0.308333,0.258333,0.566667,0.516667,0.075,0.083333,0.519971,0.453469,0.720604
difficulty,1.5,2026,2026-35,0.525,0.266667,0.5,0.766667,0.541667,0.125,0.0,0.695006,0.488188,0.905439
difficulty,1.5,2026,2026-36,0.25,0.408333,0.341667,0.75,0.575,0.05,0.025,0.556535,0.469946,0.629634
difficulty,1.5,2026,2026-37,0.3,0.383333,0.341667,0.725,0.583333,0.05,0.041667,0.550396,0.549982,0.638899
difficulty,1.5,2026,2026-38,0.533333,0.366667,0.483333,0.85,0.616667,0.1,0.0,0.66522,0.547688,0.78232
difficulty,1.5,2026,2026-39,0.491667,0.133333,0.608333,0.741667,0.491667,0.15,0.0,0.718591,0.481836,1.022344
difficulty,1.5,2026,2026-40,0.45,0.383333,0.375,0.758333,0.633333,0.083333,0.0,0.654554,0.466313,0.814845
difficulty,1.5,2026,2026-41,0.258333,0.333333,0.283333,0.616667,0.491667,0.083333,0.058333,0.535056,0.531413,0.681229
difficulty,1.5,2026,2026-42,0.308333,0.25,0.283333,0.533333,0.483333,0.1,0.141667,0.524668,0.528046,0.782692
difficulty,1.5,2026,2026-43,0.133333,0.0,0.616667,0.616667,0.133333,0.25,0.0,0.7874,0.390621,1.395596
difficulty,1.5,2026,2026-44,0.525,0.3,0.516667,0.816667,0.575,0.1,0.0,0.678441,0.528439,0.830137
difficulty,1.5,2026,2026-45,0.591667,0.308333,0.516667,0.825,0.591667,0.108333,0.0,0.682111,0.55848,0.828475
difficulty,1.5,2026,2026-46,0.0,0.0,0.0,0.0,0.0,0.508333,0.0,0.866648,0.259719,1.953694
difficulty,1.5,2026,2026-47,0.341667,0.266667,0.258333,0.525,0.466667,0.058333,0.1,0.509749,0.525524,0.694801
difficulty,1.5,2026,2026-48,0.0,0.0,0.0,0.0,0.0,1.0,0.0,0.882464,0.266625,2.058549
difficulty,1.5,2026,2026-49,0.0,0.0,0.0,0.0,0.0,1.0,0.0,0.929832,0.156078,2.642386
difficulty,1.5,2026,2026-50,0.0,0.0,0.516667,0.516667,0.0,0.283333,0.0,0.809992,0.343794,1.524459
difficulty,1.5,2026,2026-51,0.458333,0.125,0.6,0.725,0.458333,0.175,0.0,0.727327,0.420839,1.08046
difficulty,1.5,2026,2026-52,0.3,0.341667,0.283333,0.625,0.541667,0.066667,0.05,0.528985,0.534179,0.660486
difficulty,1.5,2026,2026-53,0.466667,0.05,0.683333,0.733333,0.466667,0.133333,0.0,0.726834,0.483806,1.051127
difficulty,1.5,2026,2026-54,0.333333,0.408333,0.291667,0.7,0.558333,0.05,0.008333,0.544471,0.569776,0.604369
difficulty,1.5,2026,2026-55,0.408333,0.458333,0.316667,0.775,0.608333,0.066667,0.0,0.633125,0.447963,0.752368
difficulty,1.5,2026,2026-56,0.316667,0.416667,0.308333,0.725,0.533333,0.025,0.0,0.556235,0.641744,0.630514
difficulty,1.5,2026,2026-57,0.45,0.441667,0.391667,0.833333,0.658333,0.108333,0.0,0.641865,0.543232,0.717564
difficulty,1.5,2026,2026-58,0.258333,0.0,0.675,0.675,0.258333,0.216667,0.0,0.766034,0.421845,1.263024
difficulty,1.5,2026,2026-59,0.283333,0.383333,0.316667,0.7,0.566667,0.058333,0.033333,0.555466,0.472604,0.66261
difficulty,1.5,2026,2026-60,0.3,0.275,0.208333,0.483333,0.45,0.041667,0.183333,0.472157,0.618526,0.730588
difficulty,1.5,2026,2026-61,0.291667,0.25,0.25,0.5,0.458333,0.075,0.225,0.483673,0.569354,0.782714
difficulty,1.5,2026,2026-62,0.325,0.266667,0.25,0.516667,0.458333,0.075,0.158333,0.502303,0.476817,0.729958
difficulty,1.5,2026,2026-63,0.225,0.341667,0.108333,0.45,0.4,0.025,0.316667,0.448638,0.435535,0.759376
difficulty,1.5,2026,2026-64,0.316667,0.3,0.225,0.525,0.475,0.041667,0.175,0.47903,0.593169,0.683277
difficulty,1.5,2026,2026-65,0.191667,0.0,0.625,0.625,0.191667,0.233333,0.0,0.776856,0.377321,1.320626
difficulty,1.5,2026,2026-66,0.241667,0.35,0.275,0.625,0.475,0.066667,0.083333,0.522932,0.632091,0.686818
difficulty,1.5,2026,2026-67,0.483333,0.425,0.391667,0.816667,0.641667,0.1,0.0,0.651567,0.477185,0.744487
difficulty,1.5,2026,2026-68,0.266667,0.283333,0.083333,0.366667,0.325,0.1,0.25,0.463824,0.544119,0.830629
difficulty,1.5,2026,2026-69,0.458333,0.433333,0.4,0.833333,0.641667,0.033333,0.0,0.6349,0.4987,0.687539
difficulty,1.5,2026,2026-70,0.091667,0.241667,0.141667,0.383333,0.316667,0.041667,0.425,0.410448,0.472808,1.0583
difficulty,1.5,2026,2026-71,0.325,0.308333,0.291667,0.6,0.533333,0.033333,0.075,0.505757,0.586165,0.632405
difficulty,1.5,2026,2026-72,0.0,0.0,0.0,0.0,0.0,0.641667,0.0,0.875234,0.242591,2.031467
difficulty,1.5,2026,2026-73,0.291667,0.366667,0.308333,0.675,0.533333,0.033333,0.058333,0.535104,0.54795,0.631911
difficulty,1.5,2026,2026-74,0.308333,0.0,0.633333,0.633333,0.308333,0.233333,0.0,0.768559,0.35724,1.29756
difficulty,1.5,2026,2026-75,0.575,0.383333,0.441667,0.825,0.633333,0.108333,0.0,0.666045,0.509872,0.779467
difficulty,1.5,2026,2026-76,0.383333,0.508333,0.341667,0.85,0.641667,0.033333,0.0,0.579582,0.56567,0.57548
difficulty,1.5,2026,2026-77,0.325,0.333333,0.291667,0.625,0.541667,0.058333,0.075,0.519304,0.562623,0.64154
difficulty,1.5,2026,2026-78,0.233333,0.0,0.575,0.575,0.233333,0.275,0.0,0.784761,0.353634,1.397474
difficulty,1.5,2026,2026-79,0.383333,0.466667,0.3,0.766667,0.6,0.041667,0.0,0.586313,0.555853,0.64979
difficulty,1.5,2026,2026-80,0.041667,0.0,0.566667,0.566667,0.041667,0.283333,0.0,0.799219,0.370642,1.468427
difficulty,1.5,2026,2026-81,0.325,0.316667,0.316667,0.633333,0.516667,0.05,0.1,0.533741,0.508513,0.685285
difficulty,1.5,2026,2026-82,0.458333,0.458333,0.366667,0.825,0.658333,0.05,0.0,0.634895,0.456468,0.721358
difficulty,1.5,2026,2026-83,0.516667,0.325,0.45,0.775,0.591667,0.125,0.0,0.678515,0.470097,0.83928
difficulty,1.5,2026,2026-84,0.525,0.408333,0.45,0.858333,0.65,0.058333,0.0,0.646985,0.546469,0.689476
difficulty,1.5,2026,2026-85,0.3,0.316667,0.108333,0.425,0.391667,0.033333,0.3,0.437537,0.578571,0.721338
difficulty,1.5,2026,2026-86,0.316667,0.283333,0.325,0.608333,0.525,0.091667,0.058333,0.56308,0.425186,0.735122
difficulty,1.5,2026,2026-87,0.358333,0.458333,0.358333,0.816667,0.516667,0.066667,0.0,0.617976,0.416162,0.718823
difficulty,1.5,2026,2026-88,0.358333,0.291667,0.308333,0.6,0.583333,0.041667,0.133333,0.495413,0.542343,0.653092
difficulty,1.5,2026,2026-89,0.591667,0.258333,0.541667,0.8,0.591667,0.133333,0.0,0.693485,0.486325,0.90177
difficulty,1.5,2026,2026-90,0.591667,0.308333,0.5,0.808333,0.608333,0.133333,0.0,0.681651,0.506146,0.84537
difficulty,1.5,2026,2026-91,0.091667,0.125,0.133333,0.258333,0.166667,0.008333,0.441667,0.359727,0.533158,1.046322
difficulty,1.5,2026,2026-92,0.1,0.208333,0.125,0.333333,0.258333,0.016667,0.45,0.372738,0.555306,0.952213
difficulty,1.5,2026,2026-93,0.275,0.35,0.025,0.375,0.35,0.083333,0.233333,0.476684,0.453574,0.846114
difficulty,1.5,2026,2026-94,0.458333,0.391667,0.375,0.766667,0.633333,0.058333,0.0,0.637715,0.497294,0.740829
difficulty,1.5,2026,2026-95,0.0,0.0,0.15,0.15,0.0,0.316667,0.0,0.841866,0.327765,1.736028
difficulty,1.5,2026,2026-96,0.316667,0.416667,0.316667,0.733333,0.533333,0.091667,0.025,0.578975,0.499908,0.711243
difficulty,1.5,2026,2026-97,0.516667,0.433333,0.341667,0.775,0.666667,0.083333,0.0,0.649854,0.495635,0.749442
difficulty,1.5,2026,2026-98,0.325,0.275,0.166667,0.441667,0.416667,0.083333,0.191667,0.47574,0.549023,0.728888
difficulty,1.5,2026,2026-99,0.308333,0.333333,0.158333,0.491667,0.425,0.091667,0.2,0.486261,0.509278,0.744255
difficulty,1.5,2026,2026-100,0.091667,0.058333,0.2,0.258333,0.108333,0.05,0.391667,0.40101,0.395475,1.117615
difficulty,1.5,2026,2026-101,0.466667,0.458333,0.35,0.808333,0.683333,0.041667,0.0,0.617984,0.493893,0.688606
difficulty,1.5,2026,2026-102,0.408333,0.091667,0.625,0.716667,0.408333,0.191667,0.0,0.736834,0.419696,1.109537
difficulty,1.5,2026,2026-103,0.325,0.45,0.325,0.775,0.608333,0.033333,0.0,0.553126,0.557622,0.556256
difficulty,1.5,2026,2026-104,0.133333,0.0,0.591667,0.591667,0.133333,0.291667,0.0,0.789659,0.377102,1.446121
difficulty,1.5,2026,2026-105,0.458333,0.441667,0.358333,0.8,0.658333,0.091667,0.0,0.634882,0.547861,0.739742
difficulty,1.5,2026,2026-106,0.4,0.483333,0.308333,0.791667,0.583333,0.033333,0.0,0.61317,0.498993,0.658558
difficulty,1.5,2026,2026-107,0.55,0.341667,0.45,0.791667,0.6,0.108333,0.0,0.670036,0.52346,0.788513
difficulty,1.5,2026,2026-108,0.525,0.275,0.475,0.75,0.558333,0.183333,0.0,0.694035,0.425257,0.932729
difficulty,1.5,2026,2026-109,0.391667,0.0,0.708333,0.708333,0.391667,0.175,0.0,0.750328,0.446625,1.188576
difficulty,1.5,2026,2026-110,0.325,0.3,0.308333,0.608333,0.533333,0.033333,0.116667,0.522082,0.497656,0.669679
difficulty,1.5,2026,2026-111,0.15,0.05,0.191667,0.241667,0.183333,0.033333,0.591667,0.347164,0.391435,1.22995
difficulty,1.5,2026,2026-112,0.466667,0.441667,0.366667,0.808333,0.658333,0.041667,0.0,0.626351,0.517816,0.667384
difficulty,1.5,2026,2026-113,0.316667,0.341667,0.325,0.666667,0.558333,0.05,0.05,0.541581,0.494423,0.664258
difficulty,1.5,2026,2026-114,0.391667,0.5,0.308333,0.808333,0.65,0.041667,0.0,0.591335,0.601196,0.598074
difficulty,1.5,2026,2026-115,0.0,0.0,0.483333,0.483333,0.0,0.333333,0.0,0.819351,0.325623,1.615282
difficulty,1.5,2026,2026-116,0.35,0.333333,0.108333,0.441667,0.408333,0.075,0.191667,0.479502,0.476943,0.714379
difficulty,1.5,2026,2026-117,0.583333,0.241667,0.55,0.791667,0.583333,0.091667,0.0,0.692759,0.536184,0.893312
difficulty,1.5,2026,2026-118,0.408333,0.05,0.65,0.7,0.408333,0.15,0.0,0.738649,0.420153,1.12519
difficulty,1.5,2026,2026-119,0.516667,0.375,0.441667,0.816667,0.608333,0.116667,0.0,0.66591,0.524421,0.795978
difficulty,1.5,2026,2026-120,0.366667,0.008333,0.658333,0.666667,0.366667,0.2,0.0,0.759432,0.393216,1.238649
difficulty,1.5,2026,2026-121,0.266667,0.383333,0.308333,0.691667,0.5,0.066667,0.041667,0.562389,0.520592,0.689946
difficulty,1.5,2026,2026-122,0.316667,0.325,0.291667,0.616667,0.541667,0.025,0.091667,0.497064,0.620953,0.60134
difficulty,1.5,2026,2026-123,0.416667,0.041667,0.666667,0.708333,0.416667,0.158333,0.0,0.738928,0.456448,1.132678
difficulty,1.5,2026,2026-124,0.425,0.175,0.525,0.7,0.425,0.191667,0.0,0.726573,0.393873,1.097682
difficulty,1.5,2026,2026-125,0.133333,0.0,0.625,0.625,0.133333,0.25,0.0,0.780005,0.408232,1.362733
difficulty,1.5,2026,2026-126,0.491667,0.375,0.375,0.75,0.633333,0.116667,0.0,0.663411,0.425838,0.820217
difficulty,1.5,2026,2026-127,0.0,0.0,0.608333,0.608333,0.0,0.258333,0.0,0.800936,0.392785,1.471627
difficulty,1.5,2026,2026-128,0.341667,0.45,0.333333,0.783333,0.55,0.033333,0.008333,0.570372,0.568799,0.62419
difficulty,1.5,2026,2026-129,0.325,0.316667,0.175,0.491667,0.433333,0.075,0.208333,0.477203,0.520321,0.726943
difficulty,1.5,2026,2026-130,0.075,0.083333,0.175,0.258333,0.1,0.041667,0.441667,0.376239,0.434116,1.211731
difficulty,1.5,2026,2026-131,0.325,0.308333,0.125,0.433333,0.391667,0.066667,0.208333,0.472939,0.51212,0.7114
difficulty,1.5,2026,2026-132,0.416667,0.1,0.591667,0.691667,0.416667,0.191667,0.0,0.732849,0.383558,1.091743
difficulty,1.5,2026,2026-133,0.216667,0.375,0.083333,0.458333,0.416667,0.041667,0.333333,0.453011,0.417773,0.766434
difficulty,1.5,2026,2026-134,0.308333,0.4,0.358333,0.758333,0.583333,0.075,0.0,0.583538,0.426723,0.686381
difficulty,1.5,2026,2026-135,0.0,0.0,0.033333,0.033333,0.0,0.375,0.0,0.851872,0.299698,1.806836
difficulty,1.5,2026,2026-136,0.441667,0.1,0.591667,0.691667,0.441667,0.183333,0.0,0.733039,0.411527,1.137859
difficulty,1.5,2026,2026-137,0.0,0.0,0.416667,0.416667,0.0,0.391667,0.0,0.830431,0.315256,1.680369
difficulty,1.5,2026,2026-138,0.308333,0.283333,0.2,0.483333,0.425,0.066667,0.175,0.484555,0.564249,0.760654
difficulty,1.5,2026,2026-139,0.175,0.058333,0.191667,0.25,0.225,0.025,0.658333,0.320074,0.426165,1.321351
difficulty,1.5,2026,2026-140,0.041667,0.0,0.566667,0.566667,0.041667,0.258333,0.0,0.795409,0.382621,1.44207
difficulty,1.5,2026,2026-141,0.208333,0.325,0.066667,0.391667,0.35,0.041667,0.375,0.432924,0.531314,0.814105
difficulty,1.5,2026,2026-142,0.5,0.466667,0.358333,0.825,0.7,0.041667,0.0,0.624771,0.501529,0.661005
difficulty,1.5,2026,2026-143,0.5,0.458333,0.375,0.833333,0.683333,0.091667,0.0,0.637865,0.541576,0.751397
difficulty,1.5,2026,2026-144,0.358333,0.316667,0.208333,0.525,0.458333,0.1,0.083333,0.525587,0.389415,0.716484
difficulty,1.5,2026,2026-145,0.008333,0.0,0.483333,0.483333,0.008333,0.341667,0.0,0.814328,0.321337,1.60087
difficulty,1.5,2026,2026-146,0.075,0.0,0.608333,0.608333,0.075,0.233333,0.0,0.789606,0.415918,1.3914
difficulty,1.5,2026,2026-147,0.6,0.383333,0.475,0.858333,0.666667,0.075,0.0,0.658827,0.584532,0.723948
difficulty,1.5,2026,2026-148,0.408333,0.441667,0.375,0.816667,0.641667,0.041667,0.0,0.61768,0.490223,0.698669
difficulty,1.5,2026,2026-149,0.45,0.475,0.366667,0.841667,0.683333,0.066667,0.0,0.626291,0.557071,0.650189
difficulty,1.5,2026,2026-150,0.35,0.283333,0.175,0.458333,0.416667,0.058333,0.191667,0.467997,0.557889,0.723683
difficulty,1.5,2026,2026-151,0.358333,0.5,0.316667,0.816667,0.558333,0.041667,0.0,0.578462,0.533018,0.615661
difficulty,1.5,2026,2026-152,0.391667,0.466667,0.316667,0.783333,0.583333,0.058333,0.0,0.63405,0.4019,0.753084
difficulty,1.5,2026,2026-153,0.316667,0.325,0.266667,0.591667,0.533333,0.05,0.141667,0.505531,0.53453,0.685344
difficulty,1.5,2026,2026-154,0.441667,0.133333,0.591667,0.725,0.441667,0.175,0.0,0.72999,0.434673,1.109459
difficulty,1.5,2026,2026-155,0.2,0.358333,0.091667,0.45,0.383333,0.025,0.35,0.431517,0.528292,0.794019
difficulty,1.5,2026,2026-156,0.3,0.4,0.35,0.75,0.541667,0.091667,0.008333,0.590708,0.412633,0.722502
difficulty,1.5,2026,2026-157,0.125,0.075,0.166667,0.241667,0.15,0.05,0.525,0.356932,0.428324,1.280077
difficulty,1.5,2026,2026-158,0.558333,0.291667,0.466667,0.758333,0.616667,0.133333,0.0,0.684114,0.461887,0.873262
difficulty,1.5,2026,2026-159,0.433333,0.175,0.533333,0.708333,0.433333,0.216667,0.0,0.726707,0.394819,1.084217
difficulty,1.5,2026,2026-160,0.558333,0.333333,0.466667,0.8,0.616667,0.108333,0.0,0.678948,0.541444,0.835577
difficulty,1.5,2026,2026-161,0.0,0.0,0.0,0.0,0.0,1.0,0.0,0.915758,0.183873,2.436415
difficulty,1.5,2026,2026-162,0.383333,0.058333,0.625,0.683333,0.383333,0.2,0.0,0.744118,0.402253,1.16841
difficulty,1.5,2026,2026-163,0.233333,0.241667,0.216667,0.458333,0.416667,0.1,0.225,0.496325,0.580324,0.810345
difficulty,1.5,2026,2026-164,0.0,0.0,0.0,0.0,0.0,1.0,0.0,0.892091,0.241041,2.151073
difficulty,1.5,2026,2026-165,0.291667,0.266667,0.25,0.516667,0.491667,0.1,0.175,0.514595,0.474311,0.775893
difficulty,1.5,2026,2026-166,0.5,0.15,0.591667,0.741667,0.5,0.15,0.0,0.716453,0.447913,1.024458
difficulty,1.5,2026,2026-167,0.516667,0.225,0.541667,0.766667,0.516667,0.15,0.0,0.703491,0.493312,0.957513
difficulty,1.5,2026,2026-168,0.316667,0.308333,0.216667,0.525,0.491667,0.091667,0.133333,0.524156,0.454326,0.788833
difficulty,1.5,2026,2026-169,0.125,0.0,0.558333,0.558333,0.125,0.291667,0.0,0.79394,0.355165,1.443887
difficulty,1.5,2026,2026-170,0.466667,0.366667,0.425,0.791667,0.591667,0.175,0.0,0.67157,0.467693,0.847088
difficulty,1.5,2026,2026-171,0.558333,0.258333,0.525,0.783333,0.558333,0.15,0.0,0.69365,0.436858,0.891271
difficulty,1.5,2026,2026-172,0.325,0.341667,0.266667,0.608333,0.541667,0.058333,0.075,0.520119,0.561148,0.669164
difficulty,1.5,2026,2026-173,0.233333,0.0,0.691667,0.691667,0.233333,0.225,0.0,0.764582,0.431766,1.249618
difficulty,1.5,2026,2026-174,0.208333,0.3,0.241667,0.541667,0.425,0.041667,0.191667,0.492806,0.637332,0.737179
difficulty,1.5,2026,2026-175,0.1,0.191667,0.158333,0.35,0.233333,0.025,0.383333,0.423218,0.396758,1.03827
difficulty,1.5,2026,2026-176,0.133333,0.0,0.65,0.65,0.133333,0.2,0.0,0.77831,0.420181,1.323959
difficulty,1.5,2026,2026-177,0.308333,0.416667,0.308333,0.725,0.525,0.066667,0.033333,0.561366,0.543072,0.666997
difficulty,1.5,2026,2026-178,0.466667,0.508333,0.316667,0.825,0.7,0.05,0.0,0.611559,0.538183,0.644902
difficulty,1.5,2026,2026-179,0.0,0.0,0.241667,0.241667,0.0,0.416667,0.0,0.846406,0.28161,1.79207
difficulty,1.5,2026,2026-180,0.416667,0.0,0.716667,0.716667,0.416667,0.183333,0.0,0.748797,0.447489,1.186902
difficulty,1.5,2026,2026-181,0.541667,0.325,0.483333,0.808333,0.566667,0.108333,0.0,0.67646,0.555044,0.814778
difficulty,1.5,2026,2026-182,0.441667,0.008333,0.7,0.708333,0.441667,0.175,0.0,0.743819,0.44016,1.156512
difficulty,1.5,2026,2026-183,0.325,0.258333,0.333333,0.591667,0.508333,0.05,0.075,0.528001,0.492935,0.682019
difficulty,1.5,2026,2026-184,0.5,0.183333,0.558333,0.741667,0.5,0.133333,0.0,0.713589,0.450443,1.006385
difficulty,1.5,2026,2026-185,0.416667,0.0,0.7,0.7,0.416667,0.183333,0.0,0.745668,0.447532,1.154076
difficulty,1.5,2026,2026-186,0.541667,0.2,0.575,0.775,0.541667,0.108333,0.0,0.701148,0.485058,0.924801
difficulty,1.5,2026,2026-187,0.35,0.466667,0.358333,0.825,0.558333,0.066667,0.0,0.604676,0.461029,0.687876
difficulty,1.5,2026,2026-188,0.075,0.033333,0.083333,0.116667,0.075,0.033333,0.641667,0.229818,0.268831,2.020334
difficulty,1.5,2026,2026-189,0.516667,0.266667,0.5,0.766667,0.525,0.166667,0.0,0.699591,0.426328,0.96028
difficulty,1.5,2026,2026-190,0.475,0.425,0.375,0.8,0.65,0.041667,0.0,0.634507,0.483525,0.697196
difficulty,1.5,2026,2026-191,0.241667,0.391667,0.383333,0.775,0.491667,0.083333,0.0,0.598075,0.416619,0.718416
difficulty,1.5,2026,2026-192,0.516667,0.2,0.566667,0.766667,0.516667,0.133333,0.0,0.704558,0.489878,0.946337
difficulty,1.5,2026,2026-193,0.541667,0.416667,0.383333,0.8,0.683333,0.05,0.0,0.642651,0.511263,0.68411
difficulty,1.5,2026,2026-194,0.491667,0.4,0.35,0.75,0.65,0.1,0.0,0.654256,0.469618,0.795166
difficulty,1.5,2026,2026-195,0.183333,0.35,0.1,0.45,0.408333,0.008333,0.383333,0.417942,0.53041,0.758712
difficulty,1.5,2026,2026-196,0.183333,0.316667,0.091667,0.408333,0.366667,0.058333,0.358333,0.454576,0.448327,0.834785
difficulty,1.5,2026,2026-197,0.525,0.283333,0.475,0.758333,0.6,0.116667,0.0,0.675631,0.43375,0.826404
difficulty,1.5,2026,2026-198,0.408333,0.4,0.391667,0.791667,0.6,0.091667,0.0,0.643317,0.448983,0.784326
difficulty,1.5,2026,2026-199,0.483333,0.45,0.383333,0.833333,0.658333,0.041667,0.0,0.639617,0.466494,0.70779
