dataset,variant,student,outcome,u_escaped,p_escaped,u_escape_step,p_escape_step,u_zpd_ratio,p_zpd_ratio,scaffold_count
ASSISTments,revised,179041,,0,0,-1,-1,0.96,1.0,6
ASSISTments,revised,125556,,0,0,-1,-1,1.0,1.0,2
ASSISTments,revised,118604,,0,0,-1,-1,1.0,1.0,2
ASSISTments,revised,180040,,0,0,-1,-1,1.0,1.0,1
ASSISTments,revised,174598,,0,0,-1,-1,1.0,1.0,1
ASSISTments,revised,171149,,0,0,-1,-1,1.0,1.0,2
ASSISTments,revised,170983,,0,0,-1,-1,0.96,1.0,5
ASSISTments,revised,125875,,0,0,-1,-1,1.0,1.0,0
ASSISTments,revised,179948,,1,0,8,-1,0.28,1.0,13
ASSISTments,revised,125491,,0,0,-1,-1,1.0,1.0,3
ASSISTments,revised,179447,,0,0,-1,-1,1.0,1.0,5
ASSISTments,revised,180034,,1,0,11,-1,0.36,1.0,8
ASSISTments,revised,221587,,1,0,10,-1,0.32,1.0,12
ASSISTments,revised,178429,,0,0,-1,-1,1.0,1.0,2
ASSISTments,revised,124749,,0,0,-1,-1,1.0,1.0,0
ASSISTments,revised,178802,,1,0,24,-1,0.88,1.0,6
ASSISTments,revised,176923,,1,0,19,-1,0.72,1.0,7
ASSISTments,revised,118645,,1,0,17,-1,0.56,1.0,9
ASSISTments,revised,118642,,0,0,-1,-1,1.0,1.0,0
ASSISTments,revised,125422,,1,0,9,-1,0.32,1.0,9
ASSISTments,revised,170974,,0,0,-1,-1,1.0,1.0,1
ASSISTments,revised,170998,,0,0,-1,-1,1.0,1.0,5
ASSISTments,revised,178037,,0,0,-1,-1,1.0,1.0,3
ASSISTments,revised,178842,,0,0,-1,-1,1.0,1.0,3
ASSISTments,revised,118633,,0,0,-1,-1,0.96,1.0,3
ASSISTments,revised,178545,,0,0,-1,-1,1.0,1.0,1
ASSISTments,revised,170143,,0,0,-1,-1,0.96,1.0,4
ASSISTments,revised,179764,,1,0,14,-1,0.4,1.0,10
ASSISTments,revised,179167,,0,0,-1,-1,1.0,1.0,3
ASSISTments,revised,179651,,0,0,-1,-1,1.0,1.0,2
ASSISTments,revised,93794,,0,0,-1,-1,1.0,1.0,0
ASSISTments,revised,176903,,0,0,-1,-1,1.0,1.0,1
ASSISTments,revised,170978,,0,0,-1,-1,1.0,1.0,0
ASSISTments,revised,177126,,0,0,-1,-1,1.0,1.0,5
ASSISTments,revised,178791,,0,0,-1,-1,1.0,1.0,0
ASSISTments,revised,174807,,0,0,-1,-1,1.0,1.0,4
ASSISTments,revised,185977,,1,0,12,-1,0.4,1.0,2
ASSISTments,revised,189486,,1,0,12,-1,0.44,1.0,11
ASSISTments,revised,103643,,1,0,12,-1,0.36,1.0,2
ASSISTments,revised,181570,,0,0,-1,-1,1.0,1.0,5
ASSISTments,revised,184902,,0,0,-1,-1,1.0,1.0,2
ASSISTments,revised,126164,,0,0,-1,-1,1.0,1.0,0
ASSISTments,revised,179647,,1,0,11,-1,0.4,1.0,4
ASSISTments,revised,93780,,0,0,-1,-1,1.0,1.0,2
ASSISTments,revised,176223,,0,0,-1,-1,1.0,1.0,1
ASSISTments,revised,93574,,0,0,-1,-1,1.0,1.0,1
ASSISTments,revised,126159,,0,0,-1,-1,1.0,1.0,4
ASSISTments,revised,170961,,0,0,-1,-1,1.0,1.0,2
ASSISTments,revised,181942,,0,0,-1,-1,1.0,1.0,0
ASSISTments,revised,176173,,0,0,-1,-1,1.0,1.0,3
ASSISTments,revised,96359,,1,0,18,-1,0.64,1.0,4
ASSISTments,revised,125421,,0,0,-1,-1,1.0,1.0,0
ASSISTments,revised,176522,,0,0,-1,-1,1.0,1.0,1
ASSISTments,revised,125430,,0,0,-1,-1,1.0,1.0,2
ASSISTments,revised,176410,,0,0,-1,-1,1.0,1.0,2
ASSISTments,revised,186984,,0,0,-1,-1,1.0,1.0,3
ASSISTments,revised,176240,,0,0,-1,-1,1.0,1.0,0
ASSISTments,revised,178845,,0,0,-1,-1,1.0,1.0,1
ASSISTments,revised,174565,,1,0,19,-1,0.72,1.0,9
ASSISTments,revised,184905,,0,0,-1,-1,1.0,1.0,2
ASSISTments,revised,121040,,1,0,12,-1,0.44,1.0,5
ASSISTments,revised,179869,,0,0,-1,-1,1.0,1.0,0
ASSISTments,revised,177459,,0,0,-1,-1,1.0,1.0,0
ASSISTments,revised,178241,,1,0,12,-1,0.4,1.0,10
ASSISTments,revised,125586,,0,0,-1,-1,1.0,1.0,2
ASSISTments,revised,176513,,0,0,-1,-1,1.0,1.0,1
ASSISTments,revised,124325,,0,0,-1,-1,1.0,1.0,5
ASSISTments,revised,178485,,0,0,-1,-1,1.0,1.0,0
ASSISTments,revised,175656,,0,0,-1,-1,1.0,1.0,0
ASSISTments,revised,186873,,0,0,-1,-1,1.0,1.0,3
ASSISTments,revised,179014,,0,0,-1,-1,1.0,1.0,0
ASSISTments,revised,178890,,0,0,-1,-1,1.0,1.0,0
ASSISTments,revised,220427,,0,0,-1,-1,1.0,1.0,0
ASSISTments,revised,187433,,0,0,-1,-1,1.0,1.0,0
ASSISTments,revised,176416,,0,0,-1,-1,1.0,1.0,1
ASSISTments,revised,178645,,0,0,-1,-1,1.0,1.0,0
ASSISTments,revised,144394,,0,0,-1,-1,1.0,1.0,0
ASSISTments,revised,179664,,0,0,-1,-1,1.0,1.0,8
ASSISTments,revised,123285,,0,0,-1,-1,1.0,1.0,3
ASSISTments,revised,121370,,0,0,-1,-1,1.0,1.0,3
ASSISTments,revised,179235,,1,0,15,-1,0.56,1.0,7
ASSISTments,revised,170991,,0,0,-1,-1,1.0,1.0,1
ASSISTments,revised,183634,,0,0,-1,-1,1.0,1.0,3
ASSISTments,revised,175651,,0,0,-1,-1,1.0,1.0,0
ASSISTments,revised,124336,,0,0,-1,-1,1.0,1.0,1
ASSISTments,revised,186997,,0,0,-1,-1,1.0,1.0,5
ASSISTments,revised,93680,,0,0,-1,-1,1.0,1.0,3
ASSISTments,revised,187933,,1,0,13,-1,0.48,1.0,9
ASSISTments,revised,125490,,0,0,-1,-1,1.0,1.0,6
ASSISTments,revised,92806,,1,0,10,-1,0.32,1.0,5
ASSISTments,revised,93516,,0,0,-1,-1,1.0,1.0,0
ASSISTments,revised,177166,,0,0,-1,-1,1.0,1.0,1
ASSISTments,revised,179023,,0,0,-1,-1,1.0,1.0,1
ASSISTments,revised,186880,,0,0,-1,-1,1.0,1.0,3
ASSISTments,revised,176419,,0,0,-1,-1,1.0,1.0,4
ASSISTments,revised,126213,,1,0,12,-1,0.32,1.0,10
ASSISTments,revised,176459,,0,0,-1,-1,1.0,1.0,1
ASSISTments,revised,176267,,0,0,-1,-1,1.0,1.0,1
ASSISTments,revised,170955,,1,0,17,-1,0.6,1.0,8
ASSISTments,revised,179247,,0,0,-1,-1,1.0,1.0,0
ASSISTments,revised,174574,,0,0,-1,-1,1.0,1.0,1
ASSISTments,revised,93584,,0,0,-1,-1,1.0,1.0,2
ASSISTments,revised,179555,,0,0,-1,-1,1.0,1.0,1
ASSISTments,revised,179164,,0,0,-1,-1,1.0,1.0,0
ASSISTments,revised,123940,,1,0,22,-1,0.84,1.0,6
ASSISTments,revised,178865,,0,0,-1,-1,1.0,1.0,1
ASSISTments,revised,220712,,0,0,-1,-1,1.0,1.0,0
ASSISTments,revised,126230,,1,0,13,-1,0.48,1.0,10
ASSISTments,revised,178205,,1,0,13,-1,0.36,1.0,9
ASSISTments,revised,179860,,1,0,17,-1,0.64,1.0,8
ASSISTments,revised,96984,,0,0,-1,-1,1.0,1.0,2
ASSISTments,revised,126217,,0,0,-1,-1,1.0,1.0,2
ASSISTments,revised,177463,,0,0,-1,-1,1.0,1.0,1
ASSISTments,revised,176515,,0,0,-1,-1,1.0,1.0,1
ASSISTments,revised,174581,,0,0,-1,-1,1.0,1.0,2
ASSISTments,revised,179044,,0,0,-1,-1,1.0,1.0,0
ASSISTments,revised,179564,,0,0,-1,-1,1.0,1.0,0
ASSISTments,revised,178497,,0,0,-1,-1,1.0,1.0,1
ASSISTments,revised,170977,,0,0,-1,-1,1.0,1.0,0
ASSISTments,revised,179557,,0,0,-1,-1,1.0,1.0,2
ASSISTments,revised,176090,,0,0,-1,-1,1.0,1.0,1
ASSISTments,revised,186940,,0,0,-1,-1,1.0,1.0,1
ASSISTments,revised,182972,,0,0,-1,-1,1.0,1.0,3
ASSISTments,revised,184630,,0,0,-1,-1,1.0,1.0,6
ASSISTments,revised,122766,,0,0,-1,-1,1.0,1.0,0
ASSISTments,revised,170992,,0,0,-1,-1,1.0,1.0,3
ASSISTments,revised,186845,,1,0,19,-1,0.72,1.0,9
ASSISTments,revised,93703,,0,0,-1,-1,1.0,1.0,2
ASSISTments,revised,184898,,0,0,-1,-1,1.0,1.0,1
ASSISTments,revised,176020,,0,0,-1,-1,1.0,1.0,1
ASSISTments,revised,176620,,0,0,-1,-1,1.0,1.0,2
ASSISTments,revised,174575,,0,0,-1,-1,1.0,1.0,1
ASSISTments,revised,123162,,0,0,-1,-1,1.0,1.0,1
ASSISTments,revised,170957,,0,0,-1,-1,1.0,1.0,0
ASSISTments,revised,178554,,0,0,-1,-1,1.0,1.0,1
ASSISTments,revised,179844,,0,0,-1,-1,1.0,1.0,1
ASSISTments,revised,176014,,0,0,-1,-1,1.0,1.0,2
ASSISTments,revised,170958,,0,0,-1,-1,1.0,1.0,1
ASSISTments,revised,179227,,0,0,-1,-1,1.0,1.0,1
ASSISTments,revised,177912,,0,0,-1,-1,1.0,1.0,0
ASSISTments,revised,176611,,0,0,-1,-1,1.0,1.0,1
ASSISTments,revised,179155,,0,0,-1,-1,1.0,1.0,2
ASSISTments,revised,177458,,1,0,21,-1,0.8,1.0,6
ASSISTments,revised,125886,,0,0,-1,-1,1.0,1.0,2
ASSISTments,revised,174569,,0,0,-1,-1,1.0,1.0,1
ASSISTments,revised,96835,,0,0,-1,-1,1.0,1.0,2
ASSISTments,revised,171151,,0,0,-1,-1,1.0,1.0,2
ASSISTments,revised,180048,,1,0,19,-1,0.68,1.0,8
ASSISTments,revised,93670,,0,0,-1,-1,1.0,1.0,5
ASSISTments,revised,178254,,0,0,-1,-1,1.0,1.0,1
ASSISTments,revised,174549,,0,0,-1,-1,1.0,1.0,3
ASSISTments,revised,180503,,0,0,-1,-1,1.0,1.0,1
ASSISTments,revised,178701,,0,0,-1,-1,1.0,1.0,1
ASSISTments,revised,176963,,0,0,-1,-1,1.0,1.0,3
ASSISTments,revised,178693,,1,0,14,-1,0.48,1.0,10
ASSISTments,revised,176617,,0,0,-1,-1,1.0,1.0,2
ASSISTments,revised,92690,,1,0,23,-1,0.88,1.0,7
ASSISTments,revised,187111,,0,0,-1,-1,0.96,1.0,3
ASSISTments,revised,125848,,0,0,-1,-1,1.0,1.0,2
ASSISTments,revised,178051,,1,0,15,-1,0.56,1.0,9
ASSISTments,revised,177887,,0,0,-1,-1,1.0,1.0,1
ASSISTments,revised,125419,,0,0,-1,-1,1.0,1.0,0
ASSISTments,revised,181184,,1,0,19,-1,0.72,1.0,9
ASSISTments,revised,122039,,0,0,-1,-1,1.0,1.0,0
ASSISTments,revised,125506,,0,0,-1,-1,1.0,1.0,1
ASSISTments,revised,126155,,0,0,-1,-1,1.0,1.0,2
ASSISTments,revised,179013,,0,0,-1,-1,1.0,1.0,0
ASSISTments,revised,93525,,0,0,-1,-1,1.0,1.0,0
ASSISTments,revised,184813,,0,0,-1,-1,1.0,1.0,1
ASSISTments,revised,179453,,0,0,-1,-1,1.0,1.0,4
ASSISTments,revised,93520,,0,0,-1,-1,1.0,1.0,2
ASSISTments,revised,178824,,0,0,-1,-1,1.0,1.0,0
ASSISTments,revised,123148,,0,0,-1,-1,1.0,1.0,0
ASSISTments,revised,176589,,0,0,-1,-1,1.0,1.0,0
ASSISTments,revised,176575,,1,0,22,-1,0.84,1.0,9
ASSISTments,revised,93567,,0,0,-1,-1,1.0,1.0,0
ASSISTments,revised,177472,,0,0,-1,-1,1.0,1.0,0
ASSISTments,revised,178191,,1,0,19,-1,0.76,1.0,8
ASSISTments,revised,172495,,1,0,15,-1,0.56,1.0,8
ASSISTments,revised,178486,,0,0,-1,-1,1.0,1.0,1
ASSISTments,revised,103648,,0,0,-1,-1,1.0,1.0,0
ASSISTments,revised,186355,,1,0,17,-1,0.64,1.0,11
ASSISTments,revised,179849,,0,0,-1,-1,1.0,1.0,2
ASSISTments,revised,125562,,0,0,-1,-1,1.0,1.0,1
ASSISTments,revised,179472,,0,0,-1,-1,1.0,1.0,2
ASSISTments,revised,92763,,0,0,-1,-1,1.0,1.0,0
ASSISTments,revised,180976,,0,0,-1,-1,1.0,1.0,1
ASSISTments,revised,198816,,0,0,-1,-1,1.0,1.0,2
ASSISTments,revised,183333,,0,0,-1,-1,1.0,1.0,2
ASSISTments,revised,179073,,0,0,-1,-1,1.0,1.0,3
ASSISTments,revised,93519,,0,0,-1,-1,1.0,1.0,2
ASSISTments,revised,97524,,0,0,-1,-1,1.0,1.0,1
ASSISTments,revised,92711,,1,0,21,-1,0.76,1.0,6
ASSISTments,revised,177021,,1,0,14,-1,0.36,1.0,11
ASSISTments,revised,126162,,1,0,19,-1,0.64,1.0,7
ASSISTments,revised,220970,,0,0,-1,-1,1.0,1.0,0
ASSISTments,revised,102073,,0,0,-1,-1,1.0,1.0,5
ASSISTments,revised,179850,,0,0,-1,-1,1.0,1.0,2
ASSISTments,revised,179845,,0,0,-1,-1,1.0,1.0,3
ASSISTments,revised,92710,,0,0,-1,-1,1.0,1.0,2
ASSISTments,revised,177913,,1,0,11,-1,0.4,1.0,11
ASSISTments,revised,181886,,0,0,-1,-1,1.0,1.0,2
ASSISTments,revised,126557,,0,0,-1,-1,1.0,1.0,1
ASSISTments,revised,178045,,1,0,18,-1,0.64,1.0,8
ASSISTments,revised,125496,,0,0,-1,-1,1.0,1.0,3
ASSISTments,revised,179011,,0,0,-1,-1,1.0,1.0,0
ASSISTments,revised,175669,,0,0,-1,-1,1.0,1.0,1
ASSISTments,revised,98752,,0,0,-1,-1,1.0,1.0,3
ASSISTments,revised,184724,,0,0,-1,-1,1.0,1.0,2
ASSISTments,revised,189850,,1,0,15,-1,0.52,1.0,9
ASSISTments,revised,93657,,0,0,-1,-1,1.0,1.0,5
ASSISTments,revised,186541,,0,0,-1,-1,1.0,1.0,3
ASSISTments,revised,176490,,0,0,-1,-1,1.0,1.0,1
ASSISTments,revised,184731,,0,0,-1,-1,1.0,1.0,2
ASSISTments,revised,126167,,0,0,-1,-1,1.0,1.0,1
ASSISTments,revised,178259,,0,0,-1,-1,1.0,1.0,2
ASSISTments,revised,178199,,1,0,17,-1,0.56,1.0,8
ASSISTments,revised,101712,,1,0,21,-1,0.76,1.0,9
ASSISTments,revised,178827,,0,0,-1,-1,1.0,1.0,1
ASSISTments,revised,176077,,1,0,11,-1,0.36,1.0,10
ASSISTments,revised,177733,,0,0,-1,-1,1.0,1.0,2
ASSISTments,revised,118457,,0,0,-1,-1,0.92,1.0,6
ASSISTments,revised,184775,,0,0,-1,-1,1.0,1.0,1
ASSISTments,revised,176417,,1,0,22,-1,0.88,1.0,7
ASSISTments,revised,175877,,0,0,-1,-1,1.0,1.0,2
ASSISTments,revised,171140,,0,0,-1,-1,1.0,1.0,1
ASSISTments,revised,122886,,0,0,-1,-1,1.0,1.0,2
ASSISTments,revised,171143,,0,0,-1,-1,1.0,1.0,4
ASSISTments,revised,186944,,0,0,-1,-1,1.0,1.0,2
ASSISTments,revised,92717,,0,0,-1,-1,1.0,1.0,3
ASSISTments,revised,124713,,0,0,-1,-1,1.0,1.0,2
ASSISTments,revised,179887,,0,0,-1,-1,1.0,1.0,2
ASSISTments,revised,177712,,1,0,20,-1,0.76,1.0,7
ASSISTments,revised,123244,,0,0,-1,-1,1.0,1.0,3
ASSISTments,revised,178201,,0,0,-1,-1,1.0,1.0,4
ASSISTments,revised,125590,,0,0,-1,-1,1.0,1.0,1
ASSISTments,revised,125599,,0,0,-1,-1,1.0,1.0,1
ASSISTments,revised,179231,,0,0,-1,-1,1.0,1.0,0
ASSISTments,revised,177480,,0,0,-1,-1,1.0,1.0,1
ASSISTments,revised,178451,,0,0,-1,-1,1.0,1.0,3
ASSISTments,revised,126222,,0,0,-1,-1,1.0,1.0,1
ASSISTments,revised,186881,,0,0,-1,-1,1.0,1.0,2
ASSISTments,revised,178188,,1,0,17,-1,0.64,1.0,8
ASSISTments,revised,178858,,0,0,-1,-1,0.96,1.0,1
ASSISTments,revised,176924,,1,0,14,-1,0.48,1.0,10
ASSISTments,revised,186947,,0,0,-1,-1,1.0,1.0,2
ASSISTments,revised,182162,,1,0,20,-1,0.68,1.0,9
ASSISTments,revised,92774,,0,0,-1,-1,1.0,1.0,1
ASSISTments,revised,179569,,0,0,-1,-1,1.0,1.0,0
ASSISTments,revised,170945,,0,0,-1,-1,1.0,1.0,0
ASSISTments,revised,179751,,1,0,15,-1,0.56,1.0,9
ASSISTments,revised,176005,,1,0,21,-1,0.76,1.0,9
ASSISTments,revised,186868,,0,0,-1,-1,1.0,1.0,3
ASSISTments,revised,179351,,0,0,-1,-1,1.0,1.0,1
ASSISTments,revised,93608,,0,0,-1,-1,1.0,1.0,2
ASSISTments,revised,186359,,0,0,-1,-1,1.0,1.0,3
ASSISTments,revised,177065,,0,0,-1,-1,1.0,1.0,2
ASSISTments,revised,178133,,0,0,-1,-1,1.0,1.0,3
ASSISTments,revised,177145,,0,0,-1,-1,1.0,1.0,4
ASSISTments,revised,125581,,0,0,-1,-1,1.0,1.0,1
ASSISTments,revised,171154,,0,0,-1,-1,1.0,1.0,1
ASSISTments,revised,170987,,0,0,-1,-1,1.0,1.0,3
ASSISTments,revised,185115,,0,0,-1,-1,1.0,1.0,1
ASSISTments,revised,176176,,0,0,-1,-1,1.0,1.0,1
ASSISTments,revised,118560,,1,0,9,-1,0.28,1.0,10
ASSISTments,revised,178727,,0,0,-1,-1,1.0,1.0,0
ASSISTments,revised,178488,,0,0,-1,-1,1.0,1.0,0
ASSISTments,revised,170994,,0,0,-1,-1,1.0,1.0,2
ASSISTments,revised,179772,,0,0,-1,-1,1.0,1.0,1
ASSISTments,revised,93579,,0,0,-1,-1,1.0,1.0,0
ASSISTments,revised,103644,,0,0,-1,-1,0.96,1.0,5
ASSISTments,revised,123936,,0,0,-1,-1,1.0,1.0,1
ASSISTments,revised,179670,,0,0,-1,-1,1.0,1.0,2
ASSISTments,revised,179017,,0,0,-1,-1,1.0,1.0,2
ASSISTments,revised,122971,,0,0,-1,-1,1.0,1.0,2
ASSISTments,revised,186993,,0,0,-1,-1,1.0,1.0,4
ASSISTments,revised,123208,,0,0,-1,-1,1.0,1.0,0
ASSISTments,revised,186991,,1,0,20,-1,0.76,1.0,5
ASSISTments,revised,176160,,0,0,-1,-1,1.0,1.0,0
ASSISTments,revised,179749,,0,0,-1,-1,1.0,1.0,3
ASSISTments,revised,178071,,1,0,22,-1,0.8,1.0,7
ASSISTments,revised,171137,,0,0,-1,-1,1.0,1.0,0
ASSISTments,revised,175072,,0,0,-1,-1,1.0,1.0,0
ASSISTments,revised,179246,,0,0,-1,-1,1.0,1.0,1
ASSISTments,revised,180722,,0,0,-1,-1,1.0,1.0,2
ASSISTments,revised,170960,,0,0,-1,-1,1.0,1.0,1
ASSISTments,revised,179947,,0,0,-1,-1,1.0,1.0,2
ASSISTments,revised,125801,,0,0,-1,-1,1.0,1.0,0
ASSISTments,revised,178577,,0,0,-1,-1,1.0,1.0,0
ASSISTments,revised,178639,,0,0,-1,-1,1.0,1.0,2
ASSISTments,revised,177478,,0,0,-1,-1,1.0,1.0,3
ASSISTments,revised,171145,,0,0,-1,-1,1.0,1.0,0
ASSISTments,revised,179572,,0,0,-1,-1,1.0,1.0,0
ASSISTments,revised,176713,,0,0,-1,-1,1.0,1.0,0
ASSISTments,revised,139275,,0,0,-1,-1,1.0,1.0,2
ASSISTments,revised,125424,,0,0,-1,-1,1.0,1.0,2
ASSISTments,revised,92804,,1,0,19,-1,0.72,1.0,5
ASSISTments,revised,179230,,0,0,-1,-1,1.0,1.0,1
ASSISTments,revised,176982,,0,0,-1,-1,1.0,1.0,1
ASSISTments,revised,176264,,0,0,-1,-1,1.0,1.0,1
ASSISTments,revised,179951,,0,0,-1,-1,1.0,1.0,3
ASSISTments,revised,176848,,0,0,-1,-1,0.96,1.0,5
ASSISTments,revised,177468,,0,0,-1,-1,1.0,1.0,1
ASSISTments,revised,122616,,0,0,-1,-1,1.0,1.0,1
ASSISTments,revised,179439,,0,0,-1,-1,1.0,1.0,3
ASSISTments,revised,179225,,0,0,-1,-1,1.0,1.0,2
ASSISTments,revised,179159,,0,0,-1,-1,1.0,1.0,2
ASSISTments,revised,125435,,0,0,-1,-1,1.0,1.0,1
ASSISTments,revised,122989,,0,0,-1,-1,1.0,1.0,3
ASSISTments,revised,176627,,0,0,-1,-1,1.0,1.0,3
ASSISTments,revised,176190,,0,0,-1,-1,0.96,1.0,2
ASSISTments,revised,125502,,0,0,-1,-1,1.0,1.0,0
ASSISTments,revised,172465,,0,0,-1,-1,1.0,1.0,1
ASSISTments,revised,92684,,0,0,-1,-1,1.0,1.0,2
ASSISTments,revised,179565,,0,0,-1,-1,1.0,1.0,0
ASSISTments,revised,184827,,0,0,-1,-1,1.0,1.0,0
ASSISTments,revised,93578,,0,0,-1,-1,1.0,1.0,1
ASSISTments,revised,125876,,0,0,-1,-1,1.0,1.0,1
ASSISTments,revised,186249,,1,0,12,-1,0.44,1.0,6
ASSISTments,revised,134296,,0,0,-1,-1,1.0,1.0,0
ASSISTments,revised,179650,,0,0,-1,-1,1.0,1.0,0
ASSISTments,revised,221581,,0,0,-1,-1,1.0,1.0,0
ASSISTments,revised,172477,,0,0,-1,-1,1.0,1.0,0
ASSISTments,revised,124244,,0,0,-1,-1,0.92,1.0,9
ASSISTments,revised,177109,,0,0,-1,-1,1.0,1.0,0
ASSISTments,revised,178453,,0,0,-1,-1,1.0,1.0,0
ASSISTments,revised,93808,,0,0,-1,-1,1.0,1.0,1
ASSISTments,revised,122107,,0,0,-1,-1,1.0,1.0,2
ASSISTments,revised,179190,,1,0,13,-1,0.48,1.0,3
ASSISTments,revised,178269,,1,0,16,-1,0.6,1.0,8
ASSISTments,revised,106647,,0,0,-1,-1,1.0,1.0,2
ASSISTments,revised,93682,,0,0,-1,-1,1.0,1.0,0
ASSISTments,revised,171135,,1,0,17,-1,0.64,1.0,9
ASSISTments,revised,126223,,0,0,-1,-1,1.0,1.0,0
ASSISTments,revised,179940,,0,0,-1,-1,1.0,1.0,0
ASSISTments,revised,179648,,0,0,-1,-1,1.0,1.0,3
ASSISTments,revised,177637,,1,0,20,-1,0.76,1.0,8
ASSISTments,revised,170959,,0,0,-1,-1,1.0,1.0,0
ASSISTments,revised,186988,,0,0,-1,-1,1.0,1.0,3
ASSISTments,revised,179672,,1,0,17,-1,0.64,1.0,10
ASSISTments,revised,126221,,0,0,-1,-1,1.0,1.0,1
ASSISTments,revised,187729,,0,0,-1,-1,1.0,1.0,3
ASSISTments,revised,102061,,0,0,-1,-1,1.0,1.0,0
ASSISTments,revised,176599,,0,0,-1,-1,1.0,1.0,3
ASSISTments,revised,93801,,0,0,-1,-1,1.0,1.0,1
ASSISTments,revised,177171,,0,0,-1,-1,1.0,1.0,0
ASSISTments,revised,175315,,1,0,14,-1,0.52,1.0,9
ASSISTments,revised,192308,,0,0,-1,-1,1.0,1.0,0
ASSISTments,revised,178491,,0,0,-1,-1,1.0,1.0,1
ASSISTments,revised,177715,,0,0,-1,-1,1.0,1.0,0
ASSISTments,revised,126158,,0,0,-1,-1,1.0,1.0,1
ASSISTments,revised,179649,,1,0,19,-1,0.68,1.0,7
ASSISTments,revised,175662,,0,0,-1,-1,1.0,1.0,1
ASSISTments,revised,170963,,0,0,-1,-1,1.0,1.0,5
ASSISTments,revised,186837,,0,0,-1,-1,1.0,1.0,3
ASSISTments,revised,178649,,0,0,-1,-1,1.0,1.0,1
ASSISTments,revised,178346,,0,0,-1,-1,1.0,1.0,0
ASSISTments,revised,179445,,0,0,-1,-1,1.0,1.0,2
ASSISTments,revised,176010,,0,0,-1,-1,1.0,1.0,0
ASSISTments,revised,122885,,0,0,-1,-1,1.0,1.0,4
ASSISTments,revised,179228,,0,0,-1,-1,1.0,1.0,0
ASSISTments,revised,186871,,0,0,-1,-1,0.96,1.0,5
ASSISTments,revised,177544,,0,0,-1,-1,0.92,1.0,6
ASSISTments,revised,178021,,1,0,16,-1,0.56,1.0,10
ASSISTments,revised,182052,,0,0,-1,-1,1.0,1.0,1
ASSISTments,revised,184749,,0,0,-1,-1,1.0,1.0,2
ASSISTments,revised,186998,,1,0,23,-1,0.84,1.0,7
ASSISTments,revised,178046,,0,0,-1,-1,1.0,1.0,3
ASSISTments,revised,124357,,0,0,-1,-1,0.88,1.0,7
ASSISTments,revised,134725,,0,0,-1,-1,1.0,1.0,0
ASSISTments,revised,180514,,0,0,-1,-1,1.0,1.0,3
ASSISTments,revised,178823,,0,0,-1,-1,1.0,1.0,1
ASSISTments,revised,179669,,0,0,-1,-1,1.0,1.0,1
ASSISTments,revised,171132,,0,0,-1,-1,1.0,1.0,0
ASSISTments,revised,176629,,0,0,-1,-1,1.0,1.0,3
ASSISTments,revised,125580,,0,0,-1,-1,1.0,1.0,0
ASSISTments,revised,178576,,0,0,-1,-1,1.0,1.0,3
ASSISTments,revised,186878,,0,0,-1,-1,1.0,1.0,1
ASSISTments,revised,178647,,0,0,-1,-1,1.0,1.0,2
ASSISTments,revised,178822,,0,0,-1,-1,1.0,1.0,1
ASSISTments,revised,120487,,1,0,10,-1,0.32,1.0,10
ASSISTments,revised,124462,,0,0,-1,-1,1.0,1.0,0
ASSISTments,revised,93580,,0,0,-1,-1,1.0,1.0,3
ASSISTments,revised,186869,,0,0,-1,-1,1.0,1.0,1
ASSISTments,revised,178551,,0,0,-1,-1,1.0,1.0,0
ASSISTments,revised,178167,,1,0,23,-1,0.84,1.0,7
ASSISTments,revised,186989,,0,0,-1,-1,1.0,1.0,0
ASSISTments,revised,174538,,0,0,-1,-1,1.0,1.0,2
ASSISTments,revised,170949,,0,0,-1,-1,1.0,1.0,0
ASSISTments,revised,179012,,0,0,-1,-1,1.0,1.0,2
ASSISTments,revised,171139,,0,0,-1,-1,1.0,1.0,3
ASSISTments,revised,187661,,1,0,14,-1,0.52,1.0,11
ASSISTments,revised,186887,,0,0,-1,-1,1.0,1.0,2
ASSISTments,revised,125800,,0,0,-1,-1,1.0,1.0,3
ASSISTments,revised,175783,,0,0,-1,-1,1.0,1.0,3
ASSISTments,revised,177430,,1,0,10,-1,0.32,1.0,11
ASSISTments,revised,92813,,0,0,-1,-1,1.0,1.0,1
ASSISTments,revised,123977,,1,0,20,-1,0.72,1.0,6
ASSISTments,revised,103646,,0,0,-1,-1,1.0,1.0,1
ASSISTments,revised,186885,,0,0,-1,-1,1.0,1.0,1
ASSISTments,revised,178547,,1,0,14,-1,0.52,1.0,11
ASSISTments,revised,125488,,0,0,-1,-1,1.0,1.0,1
ASSISTments,revised,124217,,0,0,-1,-1,1.0,1.0,4
ASSISTments,revised,178247,,1,0,19,-1,0.68,1.0,10
ASSISTments,revised,179161,,0,0,-1,-1,1.0,1.0,0
ASSISTments,revised,178038,,1,0,12,-1,0.36,1.0,10
ASSISTments,revised,178857,,0,0,-1,-1,1.0,1.0,1
ASSISTments,revised,179595,,0,0,-1,-1,1.0,1.0,3
ASSISTments,revised,176249,,0,0,-1,-1,1.0,1.0,2
ASSISTments,revised,178885,,0,0,-1,-1,1.0,1.0,3
ASSISTments,revised,189264,,0,0,-1,-1,1.0,1.0,2
ASSISTments,revised,176458,,0,0,-1,-1,1.0,1.0,0
ASSISTments,revised,175226,,0,0,-1,-1,1.0,1.0,1
ASSISTments,revised,178945,,1,0,16,-1,0.6,1.0,9
ASSISTments,revised,179856,,0,0,-1,-1,1.0,1.0,1
ASSISTments,revised,178384,,1,0,18,-1,0.72,1.0,7
ASSISTments,revised,175796,,1,0,9,-1,0.32,1.0,12
ASSISTments,revised,184885,,0,0,-1,-1,0.96,1.0,3
ASSISTments,revised,103645,,0,0,-1,-1,0.96,1.0,4
ASSISTments,revised,93655,,1,0,14,-1,0.52,1.0,9
ASSISTments,revised,175710,,1,0,9,-1,0.32,1.0,11
ASSISTments,revised,125494,,0,0,-1,-1,1.0,1.0,0
ASSISTments,revised,125811,,0,0,-1,-1,1.0,1.0,2
ASSISTments,revised,92794,,0,0,-1,-1,1.0,1.0,1
ASSISTments,revised,125563,,0,0,-1,-1,0.96,1.0,6
ASSISTments,revised,125497,,0,0,-1,-1,1.0,1.0,3
ASSISTments,revised,184877,,0,0,-1,-1,1.0,1.0,1
ASSISTments,revised,93509,,0,0,-1,-1,0.96,1.0,7
ASSISTments,revised,174588,,1,0,21,-1,0.8,1.0,6
ASSISTments,revised,175188,,0,0,-1,-1,1.0,1.0,3
ASSISTments,revised,170956,,0,0,-1,-1,1.0,1.0,0
ASSISTments,revised,176235,,0,0,-1,-1,1.0,1.0,0
ASSISTments,revised,170948,,0,0,-1,-1,1.0,1.0,1
ASSISTments,revised,178712,,0,0,-1,-1,1.0,1.0,2
ASSISTments,revised,93678,,0,0,-1,-1,1.0,1.0,2
ASSISTments,revised,181885,,1,0,19,-1,0.72,1.0,7
ASSISTments,revised,184883,,0,0,-1,-1,1.0,1.0,2
ASSISTments,revised,122182,,0,0,-1,-1,1.0,1.0,1
ASSISTments,revised,92809,,0,0,-1,-1,1.0,1.0,0
ASSISTments,revised,179025,,0,0,-1,-1,1.0,1.0,0
ASSISTments,revised,174604,,0,0,-1,-1,1.0,1.0,1
ASSISTments,revised,121365,,0,0,-1,-1,1.0,1.0,2
ASSISTments,revised,184742,,0,0,-1,-1,1.0,1.0,1
ASSISTments,revised,176166,,0,0,-1,-1,1.0,1.0,1
ASSISTments,revised,125672,,0,0,-1,-1,1.0,1.0,0
ASSISTments,revised,174540,,0,0,-1,-1,1.0,1.0,1
ASSISTments,revised,182180,,0,0,-1,-1,1.0,1.0,1
ASSISTments,revised,177080,,1,0,20,-1,0.76,1.0,4
ASSISTments,revised,176956,,1,0,11,-1,0.32,1.0,9
ASSISTments,revised,178723,,0,0,-1,-1,1.0,1.0,0
ASSISTments,revised,93549,,0,0,-1,-1,1.0,1.0,2
ASSISTments,revised,179232,,0,0,-1,-1,1.0,1.0,2
ASSISTments,revised,126145,,0,0,-1,-1,1.0,1.0,0
ASSISTments,revised,119823,,0,0,-1,-1,1.0,1.0,2
ASSISTments,revised,178637,,0,0,-1,-1,1.0,1.0,0
ASSISTments,revised,125984,,0,0,-1,-1,1.0,1.0,1
ASSISTments,revised,176974,,0,0,-1,-1,1.0,1.0,0
ASSISTments,revised,125598,,0,0,-1,-1,1.0,1.0,1
ASSISTments,revised,120650,,0,0,-1,-1,1.0,1.0,2
ASSISTments,revised,175878,,0,0,-1,-1,1.0,1.0,0
ASSISTments,revised,220421,,0,0,-1,-1,1.0,1.0,0
ASSISTments,revised,178854,,0,0,-1,-1,1.0,1.0,0
ASSISTments,revised,176407,,0,0,-1,-1,1.0,1.0,1
ASSISTments,revised,179024,,0,0,-1,-1,1.0,1.0,0
ASSISTments,revised,78401,,1,0,20,-1,0.76,1.0,8
ASSISTments,revised,125493,,1,0,9,-1,0.28,1.0,11
ASSISTments,revised,179556,,0,0,-1,-1,1.0,1.0,0
ASSISTments,revised,179859,,0,0,-1,-1,1.0,1.0,0
ASSISTments,revised,179022,,0,0,-1,-1,1.0,1.0,0
ASSISTments,revised,186937,,0,0,-1,-1,1.0,1.0,3
ASSISTments,revised,220017,,0,0,-1,-1,1.0,1.0,0
ASSISTments,revised,126455,,0,0,-1,-1,1.0,1.0,7
ASSISTments,revised,176852,,0,0,-1,-1,1.0,1.0,0
ASSISTments,revised,97522,,0,0,-1,-1,1.0,1.0,5
ASSISTments,revised,126671,,0,0,-1,-1,1.0,1.0,2
ASSISTments,revised,176164,,0,0,-1,-1,1.0,1.0,1
ASSISTments,revised,176851,,0,0,-1,-1,1.0,1.0,2
ASSISTments,revised,93566,,1,0,16,-1,0.6,1.0,9
ASSISTments,revised,184822,,0,0,-1,-1,1.0,1.0,2
ASSISTments,revised,186419,,0,0,-1,-1,1.0,1.0,4
ASSISTments,revised,125500,,0,0,-1,-1,1.0,1.0,2
ASSISTments,revised,176585,,1,0,9,-1,0.28,1.0,12
ASSISTments,revised,120455,,0,0,-1,-1,1.0,1.0,1
ASSISTments,revised,177474,,0,0,-1,-1,1.0,1.0,1
ASSISTments,revised,170982,,0,0,-1,-1,1.0,1.0,3
ASSISTments,revised,170943,,0,0,-1,-1,0.96,1.0,2
ASSISTments,revised,177460,,0,0,-1,-1,1.0,1.0,1
ASSISTments,revised,176252,,0,0,-1,-1,1.0,1.0,0
ASSISTments,revised,175862,,0,0,-1,-1,1.0,1.0,3
ASSISTments,revised,184828,,0,0,-1,-1,1.0,1.0,0
ASSISTments,revised,176616,,0,0,-1,-1,1.0,1.0,1
ASSISTments,revised,177038,,0,0,-1,-1,1.0,1.0,2
ASSISTments,revised,125558,,0,0,-1,-1,1.0,1.0,5
ASSISTments,revised,179245,,0,0,-1,-1,1.0,1.0,0
ASSISTments,revised,103651,,0,0,-1,-1,1.0,1.0,1
ASSISTments,revised,176159,,0,0,-1,-1,1.0,1.0,2
ASSISTments,revised,125427,,0,0,-1,-1,1.0,1.0,3
ASSISTments,revised,179007,,0,0,-1,-1,1.0,1.0,1
ASSISTments,revised,179157,,0,0,-1,-1,1.0,1.0,3
ASSISTments,revised,92706,,0,0,-1,-1,1.0,1.0,1
ASSISTments,revised,177006,,0,0,-1,-1,1.0,1.0,1
ASSISTments,revised,119478,,0,0,-1,-1,1.0,1.0,3
ASSISTments,revised,177700,,1,0,16,-1,0.48,1.0,10
ASSISTments,revised,176590,,0,0,-1,-1,1.0,1.0,1
ASSISTments,revised,178465,,1,0,15,-1,0.56,1.0,11
ASSISTments,revised,126240,,0,0,-1,-1,1.0,1.0,2
ASSISTments,revised,176055,,0,0,-1,-1,1.0,1.0,2
ASSISTments,revised,172831,,0,0,-1,-1,1.0,1.0,1
ASSISTments,revised,177777,,0,0,-1,-1,1.0,1.0,2
ASSISTments,revised,179452,,0,0,-1,-1,1.0,1.0,2
ASSISTments,revised,176921,,0,0,-1,-1,1.0,1.0,2
ASSISTments,revised,186985,,0,0,-1,-1,1.0,1.0,6
ASSISTments,revised,97521,,0,0,-1,-1,1.0,1.0,2
ASSISTments,revised,177473,,0,0,-1,-1,1.0,1.0,1
ASSISTments,revised,103656,,0,0,-1,-1,1.0,1.0,3
ASSISTments,revised,179016,,0,0,-1,-1,1.0,1.0,0
ASSISTments,revised,177071,,0,0,-1,-1,1.0,1.0,1
ASSISTments,revised,92709,,0,0,-1,-1,1.0,1.0,3
ASSISTments,revised,125417,,0,0,-1,-1,1.0,1.0,1
ASSISTments,revised,175652,,0,0,-1,-1,1.0,1.0,2
ASSISTments,revised,179953,,0,0,-1,-1,1.0,1.0,2
ASSISTments,revised,181743,,0,0,-1,-1,1.0,1.0,3
ASSISTments,revised,184842,,0,0,-1,-1,1.0,1.0,1
ASSISTments,revised,183923,,0,0,-1,-1,1.0,1.0,2
ASSISTments,revised,179744,,0,0,-1,-1,1.0,1.0,1
ASSISTments,revised,126231,,0,0,-1,-1,1.0,1.0,1
ASSISTments,revised,178180,,1,0,23,-1,0.88,1.0,5
ASSISTments,revised,176603,,0,0,-1,-1,1.0,1.0,2
ASSISTments,revised,126161,,0,0,-1,-1,1.0,1.0,2
ASSISTments,revised,93681,,0,0,-1,-1,1.0,1.0,1
ASSISTments,revised,175806,,0,0,-1,-1,1.0,1.0,4
ASSISTments,revised,172992,,1,0,9,-1,0.32,1.0,6
ASSISTments,revised,179570,,0,0,-1,-1,1.0,1.0,0
ASSISTments,revised,145405,,0,0,-1,-1,1.0,1.0,0
ASSISTments,revised,177127,,0,0,-1,-1,1.0,1.0,1
ASSISTments,revised,175433,,0,0,-1,-1,1.0,1.0,1
ASSISTments,revised,125426,,0,0,-1,-1,1.0,1.0,1
ASSISTments,revised,178197,,0,0,-1,-1,1.0,1.0,1
ASSISTments,revised,118563,,1,0,12,-1,0.44,1.0,12
ASSISTments,revised,178154,,1,0,9,-1,0.28,1.0,12
ASSISTments,revised,92768,,0,0,-1,-1,1.0,1.0,2
ASSISTments,revised,181965,,0,0,-1,-1,1.0,1.0,0
ASSISTments,revised,174537,,0,0,-1,-1,1.0,1.0,2
ASSISTments,revised,179443,,0,0,-1,-1,1.0,1.0,1
ASSISTments,revised,174577,,0,0,-1,-1,1.0,1.0,5
ASSISTments,revised,178490,,0,0,-1,-1,1.0,1.0,1
ASSISTments,revised,176413,,0,0,-1,-1,1.0,1.0,1
ASSISTments,revised,220015,,0,0,-1,-1,1.0,1.0,0
ASSISTments,revised,176455,,0,0,-1,-1,1.0,1.0,0
ASSISTments,revised,176172,,0,0,-1,-1,1.0,1.0,3
ASSISTments,revised,179229,,0,0,-1,-1,1.0,1.0,0
ASSISTments,revised,134237,,0,0,-1,-1,1.0,1.0,0
ASSISTments,revised,92814,,1,0,19,-1,0.72,1.0,6
ASSISTments,revised,189826,,0,0,-1,-1,1.0,1.0,2
ASSISTments,revised,178064,,1,0,8,-1,0.28,1.0,11
ASSISTments,revised,177489,,0,0,-1,-1,1.0,1.0,2
ASSISTments,revised,179878,,0,0,-1,-1,1.0,1.0,4
ASSISTments,revised,177993,,0,0,-1,-1,1.0,1.0,1
ASSISTments,revised,176163,,0,0,-1,-1,1.0,1.0,2
ASSISTments,revised,176930,,0,0,-1,-1,1.0,1.0,1
ASSISTments,revised,122995,,0,0,-1,-1,1.0,1.0,2
ASSISTments,revised,186877,,0,0,-1,-1,1.0,1.0,0
ASSISTments,revised,126146,,0,0,-1,-1,1.0,1.0,1
ASSISTments,revised,172671,,0,0,-1,-1,1.0,1.0,0
ASSISTments,revised,178149,,1,0,9,-1,0.32,1.0,9
ASSISTments,revised,179590,,1,0,22,-1,0.84,1.0,9
ASSISTments,revised,178825,,0,0,-1,-1,1.0,1.0,0
ASSISTments,revised,189190,,0,0,-1,-1,1.0,1.0,1
ASSISTments,revised,170946,,0,0,-1,-1,1.0,1.0,2
ASSISTments,revised,176247,,1,0,24,-1,0.92,1.0,5
ASSISTments,revised,178200,,1,0,23,-1,0.88,1.0,8
ASSISTments,revised,178436,,0,0,-1,-1,1.0,1.0,3
ASSISTments,revised,179846,,0,0,-1,-1,1.0,1.0,5
ASSISTments,revised,177806,,1,0,16,-1,0.56,1.0,6
ASSISTments,revised,178171,,1,0,24,-1,0.92,1.0,6
ASSISTments,revised,184757,,0,0,-1,-1,1.0,1.0,2
ASSISTments,revised,179021,,0,0,-1,-1,1.0,1.0,0
ASSISTments,revised,184739,,0,0,-1,-1,1.0,1.0,1
ASSISTments,revised,176491,,0,0,-1,-1,1.0,1.0,2
ASSISTments,revised,93790,,0,0,-1,-1,1.0,1.0,0
ASSISTments,revised,180029,,0,0,-1,-1,1.0,1.0,5
ASSISTments,revised,178596,,0,0,-1,-1,1.0,1.0,0
ASSISTments,revised,126147,,0,0,-1,-1,1.0,1.0,3
ASSISTments,revised,170947,,0,0,-1,-1,1.0,1.0,3
ASSISTments,revised,174594,,0,0,-1,-1,1.0,1.0,0
ASSISTments,revised,177123,,0,0,-1,-1,1.0,1.0,1
ASSISTments,revised,126154,,0,0,-1,-1,1.0,1.0,0
ASSISTments,revised,186884,,1,0,15,-1,0.52,1.0,9
ASSISTments,revised,125495,,0,0,-1,-1,1.0,1.0,1
ASSISTments,revised,177064,,1,0,14,-1,0.52,1.0,8
ASSISTments,revised,177462,,0,0,-1,-1,1.0,1.0,2
ASSISTments,revised,222748,,1,0,15,-1,0.48,1.0,9
ASSISTments,revised,178719,,1,0,22,-1,0.8,1.0,9
ASSISTments,revised,176123,,0,0,-1,-1,1.0,1.0,2
ASSISTments,revised,126166,,0,0,-1,-1,1.0,1.0,0
ASSISTments,revised,93795,,0,0,-1,-1,1.0,1.0,1
ASSISTments,revised,170980,,0,0,-1,-1,1.0,1.0,1
ASSISTments,revised,176605,,0,0,-1,-1,1.0,1.0,0
ASSISTments,revised,176175,,0,0,-1,-1,1.0,1.0,2
ASSISTments,revised,186876,,0,0,-1,-1,1.0,1.0,2
ASSISTments,revised,93783,,0,0,-1,-1,1.0,1.0,1
ASSISTments,revised,178138,,0,0,-1,-1,1.0,1.0,3
ASSISTments,revised,176445,,0,0,-1,-1,1.0,1.0,5
ASSISTments,revised,124677,,0,0,-1,-1,1.0,1.0,2
ASSISTments,revised,177858,,0,0,-1,-1,1.0,1.0,2
ASSISTments,revised,120669,,1,0,22,-1,0.84,1.0,8
ASSISTments,revised,125884,,0,0,-1,-1,1.0,1.0,0
ASSISTments,revised,173932,,0,0,-1,-1,1.0,1.0,1
ASSISTments,revised,187109,,0,0,-1,-1,1.0,1.0,1
ASSISTments,revised,176021,,1,0,20,-1,0.76,1.0,8
ASSISTments,revised,176000,,0,0,-1,-1,1.0,1.0,4
ASSISTments,revised,126226,,1,0,14,-1,0.52,1.0,11
ASSISTments,revised,122035,,0,0,-1,-1,1.0,1.0,4
ASSISTments,revised,176494,,0,0,-1,-1,1.0,1.0,1
ASSISTments,revised,125565,,0,0,-1,-1,1.0,1.0,1
ASSISTments,revised,92812,,1,0,21,-1,0.76,1.0,8
ASSISTments,revised,176940,,1,0,19,-1,0.68,1.0,7
ASSISTments,revised,125557,,0,0,-1,-1,1.0,1.0,2
ASSISTments,revised,125487,,1,0,16,-1,0.56,1.0,11
ASSISTments,revised,93673,,0,0,-1,-1,1.0,1.0,2
ASSISTments,revised,186842,,0,0,-1,-1,1.0,1.0,2
ASSISTments,revised,118578,,0,0,-1,-1,1.0,1.0,2
ASSISTments,revised,125584,,0,0,-1,-1,1.0,1.0,1
ASSISTments,revised,193613,,0,0,-1,-1,1.0,1.0,3
ASSISTments,revised,186889,,0,0,-1,-1,1.0,1.0,1
ASSISTments,revised,120126,,0,0,-1,-1,1.0,1.0,1
ASSISTments,revised,223733,,1,0,8,-1,0.24,1.0,13
ASSISTments,revised,170953,,0,0,-1,-1,1.0,1.0,3
ASSISTments,revised,187105,,0,0,-1,-1,1.0,1.0,2
ASSISTments,revised,175429,,0,0,-1,-1,1.0,1.0,0
ASSISTments,revised,179563,,0,0,-1,-1,1.0,1.0,3
ASSISTments,revised,92800,,0,0,-1,-1,1.0,1.0,5
ASSISTments,revised,176908,,0,0,-1,-1,1.0,1.0,0
ASSISTments,revised,201576,,0,0,-1,-1,1.0,1.0,3
ASSISTments,revised,184741,,0,0,-1,-1,1.0,1.0,1
ASSISTments,revised,177631,,0,0,-1,-1,1.0,1.0,1
ASSISTments,revised,125583,,0,0,-1,-1,1.0,1.0,3
ASSISTments,revised,176467,,0,0,-1,-1,1.0,1.0,1
ASSISTments,revised,176614,,0,0,-1,-1,1.0,1.0,0
ASSISTments,revised,92796,,0,0,-1,-1,1.0,1.0,2
ASSISTments,revised,179076,,0,0,-1,-1,1.0,1.0,1
ASSISTments,revised,122255,,0,0,-1,-1,1.0,1.0,3
ASSISTments,revised,186939,,0,0,-1,-1,1.0,1.0,1
ASSISTments,revised,186834,,1,0,14,-1,0.52,1.0,9
ASSISTments,revised,125416,,0,0,-1,-1,1.0,1.0,2
ASSISTments,revised,174107,,0,0,-1,-1,1.0,1.0,2
ASSISTments,revised,170997,,0,0,-1,-1,1.0,1.0,2
ASSISTments,revised,179654,,0,0,-1,-1,1.0,1.0,3
ASSISTments,revised,179237,,0,0,-1,-1,1.0,1.0,1
ASSISTments,revised,92724,,0,0,-1,-1,1.0,1.0,1
ASSISTments,revised,186508,,0,0,-1,-1,1.0,1.0,2
ASSISTments,revised,179236,,0,0,-1,-1,1.0,1.0,2
ASSISTments,revised,123173,,0,0,-1,-1,1.0,1.0,6
ASSISTments,revised,176242,,0,0,-1,-1,1.0,1.0,1
ASSISTments,revised,179006,,1,0,12,-1,0.4,1.0,3
ASSISTments,revised,179015,,0,0,-1,-1,1.0,1.0,1
ASSISTments,revised,175098,,0,0,-1,-1,1.0,1.0,4
ASSISTments,revised,175664,,0,0,-1,-1,1.0,1.0,2
ASSISTments,revised,126163,,0,0,-1,-1,0.96,1.0,1
ASSISTments,revised,176618,,0,0,-1,-1,1.0,1.0,2
ASSISTments,revised,175875,,0,0,-1,-1,1.0,1.0,5
ASSISTments,revised,172596,,0,0,-1,-1,0.96,1.0,0
ASSISTments,revised,178667,,1,0,19,-1,0.72,1.0,8
ASSISTments,revised,176705,,0,0,-1,-1,1.0,1.0,3
ASSISTments,revised,96960,,1,0,24,-1,0.92,1.0,8
ASSISTments,revised,222248,,0,0,-1,-1,1.0,1.0,1
ASSISTments,revised,176592,,0,0,-1,-1,1.0,1.0,0
ASSISTments,revised,184841,,1,0,15,-1,0.52,1.0,10
ASSISTments,revised,125665,,0,0,-1,-1,1.0,1.0,2
ASSISTments,revised,125585,,0,0,-1,-1,1.0,1.0,4
ASSISTments,revised,176026,,1,0,17,-1,0.6,1.0,9
ASSISTments,revised,186992,,0,0,-1,-1,1.0,1.0,2
ASSISTments,revised,177121,,1,0,14,-1,0.52,1.0,9
ASSISTments,revised,179571,,0,0,-1,-1,1.0,1.0,0
ASSISTments,revised,176007,,0,0,-1,-1,1.0,1.0,1
ASSISTments,revised,178872,,0,0,-1,-1,1.0,1.0,1
ASSISTments,revised,125845,,0,0,-1,-1,1.0,1.0,1
ASSISTments,revised,184826,,0,0,-1,-1,1.0,1.0,0
ASSISTments,revised,92713,,0,0,-1,-1,1.0,1.0,1
ASSISTments,revised,177119,,0,0,-1,-1,1.0,1.0,0
ASSISTments,revised,176503,,0,0,-1,-1,1.0,1.0,0
ASSISTments,revised,125813,,0,0,-1,-1,1.0,1.0,0
ASSISTments,revised,186886,,0,0,-1,-1,1.0,1.0,3
ASSISTments,revised,178889,,0,0,-1,-1,1.0,1.0,2
ASSISTments,revised,187714,,1,0,23,-1,0.88,1.0,9
ASSISTments,revised,120488,,0,0,-1,-1,1.0,1.0,3
ASSISTments,revised,179575,,1,0,13,-1,0.44,1.0,11
ASSISTments,revised,178219,,0,0,-1,-1,1.0,1.0,0
ASSISTments,revised,178546,,0,0,-1,-1,1.0,1.0,2
ASSISTments,revised,178176,,1,0,18,-1,0.64,1.0,8
ASSISTments,revised,124254,,1,0,20,-1,0.72,1.0,8
ASSISTments,revised,176600,,0,0,-1,-1,1.0,1.0,2
ASSISTments,revised,179668,,0,0,-1,-1,1.0,1.0,3
ASSISTments,revised,176418,,0,0,-1,-1,1.0,1.0,4
ASSISTments,revised,181162,,1,0,12,-1,0.44,1.0,10
ASSISTments,revised,177020,,0,0,-1,-1,1.0,1.0,2
ASSISTments,revised,174584,,0,0,-1,-1,1.0,1.0,2
ASSISTments,revised,176606,,0,0,-1,-1,1.0,1.0,1
ASSISTments,revised,178553,,1,0,14,-1,0.52,1.0,11
ASSISTments,revised,118643,,1,0,24,-1,0.92,1.0,7
ASSISTments,revised,178166,,1,0,9,-1,0.32,1.0,11
ASSISTments,revised,176881,,1,0,23,-1,0.84,1.0,6
ASSISTments,revised,151464,,0,0,-1,-1,0.96,1.0,6
ASSISTments,revised,103647,,0,0,-1,-1,1.0,1.0,0
ASSISTments,revised,186867,,0,0,-1,-1,1.0,1.0,1
ASSISTments,revised,176854,,0,0,-1,-1,1.0,1.0,2
ASSISTments,revised,178878,,0,0,-1,-1,1.0,1.0,0
ASSISTments,revised,178424,,0,0,-1,-1,1.0,1.0,0
ASSISTments,revised,126299,,0,0,-1,-1,1.0,1.0,1
ASSISTments,revised,178206,,1,0,9,-1,0.28,1.0,11
ASSISTments,revised,180044,,1,0,23,-1,0.84,1.0,5
ASSISTments,revised,218757,,0,0,-1,-1,1.0,1.0,0
ASSISTments,revised,177114,,0,0,-1,-1,1.0,1.0,2
ASSISTments,revised,174591,,0,0,-1,-1,1.0,1.0,2
ASSISTments,revised,186870,,0,0,-1,-1,1.0,1.0,2
ASSISTments,revised,171146,,0,0,-1,-1,1.0,1.0,1
ASSISTments,revised,177110,,0,0,-1,-1,1.0,1.0,1
ASSISTments,revised,176001,,0,0,-1,-1,1.0,1.0,1
ASSISTments,revised,179244,,0,0,-1,-1,1.0,1.0,0
ASSISTments,revised,176059,,0,0,-1,-1,1.0,1.0,2
ASSISTments,revised,177479,,0,0,-1,-1,1.0,1.0,1
ASSISTments,revised,175206,,0,0,-1,-1,1.0,1.0,1
ASSISTments,revised,126227,,0,0,-1,-1,1.0,1.0,1
ASSISTments,revised,178153,,0,0,-1,-1,1.0,1.0,2
ASSISTments,revised,124571,,0,0,-1,-1,1.0,1.0,2
ASSISTments,revised,171068,,0,0,-1,-1,1.0,1.0,1
ASSISTments,revised,176886,,1,0,9,-1,0.32,1.0,10
ASSISTments,revised,103652,,0,0,-1,-1,1.0,1.0,2
ASSISTments,revised,169659,,0,0,-1,-1,1.0,1.0,2
ASSISTments,revised,174571,,0,0,-1,-1,1.0,1.0,1
ASSISTments,revised,178573,,0,0,-1,-1,1.0,1.0,2
ASSISTments,revised,93523,,0,0,-1,-1,1.0,1.0,1
ASSISTments,revised,178877,,0,0,-1,-1,1.0,1.0,0
ASSISTments,revised,170996,,0,0,-1,-1,1.0,1.0,1
ASSISTments,revised,186839,,0,0,-1,-1,1.0,1.0,2
ASSISTments,revised,176255,,0,0,-1,-1,1.0,1.0,2
ASSISTments,revised,177476,,0,0,-1,-1,1.0,1.0,1
ASSISTments,revised,184743,,0,0,-1,-1,1.0,1.0,1
ASSISTments,revised,179240,,0,0,-1,-1,1.0,1.0,5
ASSISTments,revised,184633,,1,0,24,-1,0.8,1.0,7
ASSISTments,revised,170990,,1,0,9,-1,0.32,1.0,12
ASSISTments,revised,184789,,0,0,-1,-1,1.0,1.0,0
ASSISTments,revised,179018,,0,0,-1,-1,1.0,1.0,1
ASSISTments,revised,173138,,0,0,-1,-1,1.0,1.0,2
ASSISTments,revised,179166,,0,0,-1,-1,1.0,1.0,2
ASSISTments,revised,138924,,0,0,-1,-1,1.0,1.0,5
ASSISTments,revised,176095,,1,0,24,-1,0.88,1.0,6
ASSISTments,revised,175660,,0,0,-1,-1,1.0,1.0,2
ASSISTments,revised,176622,,0,0,-1,-1,1.0,1.0,2
ASSISTments,revised,123147,,0,0,-1,-1,1.0,1.0,1
ASSISTments,revised,170954,,0,0,-1,-1,1.0,1.0,1
ASSISTments,revised,118525,,0,0,-1,-1,1.0,1.0,2
ASSISTments,revised,177007,,1,0,8,-1,0.24,1.0,8
ASSISTments,revised,102088,,0,0,-1,-1,1.0,1.0,1
ASSISTments,revised,138102,,1,0,9,-1,0.32,1.0,6
ASSISTments,revised,125812,,0,0,-1,-1,1.0,1.0,0
ASSISTments,revised,178544,,0,0,-1,-1,1.0,1.0,2
ASSISTments,revised,177908,,0,0,-1,-1,1.0,1.0,0
ASSISTments,revised,222242,,0,0,-1,-1,1.0,1.0,0
ASSISTments,revised,179854,,0,0,-1,-1,1.0,1.0,0
ASSISTments,revised,118403,,1,0,14,-1,0.44,1.0,10
ASSISTments,revised,178541,,0,0,-1,-1,0.92,1.0,7
ASSISTments,revised,178876,,0,0,-1,-1,1.0,1.0,1
ASSISTments,revised,179946,,0,0,-1,-1,1.0,1.0,3
ASSISTments,revised,138927,,0,0,-1,-1,1.0,1.0,4
ASSISTments,revised,179750,,0,0,-1,-1,1.0,1.0,4
ASSISTments,revised,176971,,0,0,-1,-1,1.0,1.0,2
ASSISTments,revised,179010,,0,0,-1,-1,1.0,1.0,0
ASSISTments,revised,92699,,0,0,-1,-1,1.0,1.0,1
ASSISTments,revised,102347,,1,0,17,-1,0.56,1.0,9
ASSISTments,revised,178542,,0,0,-1,-1,1.0,1.0,1
ASSISTments,revised,186990,,0,0,-1,-1,1.0,1.0,3
ASSISTments,revised,122978,,1,0,12,-1,0.48,1.0,11
ASSISTments,revised,178819,,0,0,-1,-1,1.0,1.0,0
ASSISTments,revised,125566,,0,0,-1,-1,1.0,1.0,0
ASSISTments,revised,221069,,0,0,-1,-1,1.0,1.0,0
ASSISTments,revised,118636,,1,0,19,-1,0.72,1.0,9
ASSISTments,revised,125878,,0,0,-1,-1,1.0,1.0,2
ASSISTments,revised,177467,,0,0,-1,-1,0.96,1.0,5
ASSISTments,revised,125564,,0,0,-1,-1,1.0,1.0,1
ASSISTments,revised,177697,,1,0,16,-1,0.56,1.0,8
ASSISTments,revised,186844,,0,0,-1,-1,1.0,1.0,3
ASSISTments,revised,177904,,0,0,-1,-1,1.0,1.0,0
ASSISTments,revised,178449,,0,0,-1,-1,1.0,1.0,0
ASSISTments,revised,184734,,0,0,-1,-1,1.0,1.0,4
ASSISTments,revised,178874,,0,0,-1,-1,1.0,1.0,1
ASSISTments,revised,170989,,0,0,-1,-1,1.0,1.0,3
ASSISTments,revised,181196,,0,0,-1,-1,1.0,1.0,3
ASSISTments,revised,178069,,1,0,10,-1,0.28,1.0,10
ASSISTments,revised,96987,,1,0,23,-1,0.76,1.0,5
ASSISTments,revised,175661,,0,0,-1,-1,1.0,1.0,2
ASSISTments,revised,181266,,1,0,9,-1,0.32,1.0,11
ASSISTments,revised,124317,,1,0,18,-1,0.68,1.0,9
ASSISTments,revised,93671,,0,0,-1,-1,1.0,1.0,1
ASSISTments,revised,125890,,0,0,-1,-1,1.0,1.0,2
ASSISTments,revised,93551,,1,0,19,-1,0.64,1.0,6
ASSISTments,revised,176842,,0,0,-1,-1,1.0,1.0,1
ASSISTments,revised,125887,,0,0,-1,-1,1.0,1.0,2
ASSISTments,revised,126228,,0,0,-1,-1,1.0,1.0,0
ASSISTments,revised,187655,,0,0,-1,-1,1.0,1.0,2
ASSISTments,revised,176487,,0,0,-1,-1,1.0,1.0,1
ASSISTments,revised,170951,,0,0,-1,-1,1.0,1.0,3
ASSISTments,revised,122103,,1,0,8,-1,0.28,1.0,12
ASSISTments,revised,179455,,0,0,-1,-1,1.0,1.0,0
ASSISTments,revised,178844,,0,0,-1,-1,1.0,1.0,3
ASSISTments,revised,177464,,0,0,-1,-1,1.0,1.0,1
ASSISTments,revised,177716,,0,0,-1,-1,1.0,1.0,0
ASSISTments,revised,176225,,0,0,-1,-1,1.0,1.0,2
ASSISTments,revised,118617,,0,0,-1,-1,1.0,1.0,0
ASSISTments,revised,126233,,0,0,-1,-1,1.0,1.0,2
ASSISTments,revised,176421,,0,0,-1,-1,1.0,1.0,4
ASSISTments,revised,189824,,0,0,-1,-1,1.0,1.0,1
ASSISTments,revised,186875,,0,0,-1,-1,1.0,1.0,0
ASSISTments,revised,93684,,0,0,-1,-1,1.0,1.0,3
ASSISTments,revised,177465,,1,0,17,-1,0.56,1.0,7
ASSISTments,revised,176028,,0,0,-1,-1,1.0,1.0,1
ASSISTments,revised,124714,,0,0,-1,-1,1.0,1.0,0
ASSISTments,revised,125802,,0,0,-1,-1,1.0,1.0,1
ASSISTments,revised,175784,,0,0,-1,-1,1.0,1.0,3
ASSISTments,revised,176167,,0,0,-1,-1,1.0,1.0,0
ASSISTments,revised,96400,,0,0,-1,-1,1.0,1.0,1
ASSISTments,revised,179008,,0,0,-1,-1,1.0,1.0,1
ASSISTments,revised,125591,,0,0,-1,-1,1.0,1.0,4
ASSISTments,revised,179226,,0,0,-1,-1,1.0,1.0,3
ASSISTments,revised,181145,,0,0,-1,-1,1.0,1.0,1
ASSISTments,revised,179026,,0,0,-1,-1,1.0,1.0,1
ASSISTments,revised,171150,,0,0,-1,-1,1.0,1.0,1
ASSISTments,revised,177078,,0,0,-1,-1,1.0,1.0,5
ASSISTments,revised,177597,,0,0,-1,-1,1.0,1.0,1
ASSISTments,revised,223010,,0,0,-1,-1,1.0,1.0,1
ASSISTments,revised,125418,,0,0,-1,-1,1.0,1.0,2
ASSISTments,revised,176601,,0,0,-1,-1,1.0,1.0,1
ASSISTments,revised,184829,,0,0,-1,-1,1.0,1.0,0
ASSISTments,revised,176262,,0,0,-1,-1,1.0,1.0,1
ASSISTments,revised,179438,,0,0,-1,-1,1.0,1.0,3
ASSISTments,revised,93581,,1,0,14,-1,0.52,1.0,4
ASSISTments,revised,176586,,0,0,-1,-1,1.0,1.0,0
ASSISTments,revised,178826,,1,0,13,-1,0.44,1.0,11
ASSISTments,revised,126157,,1,0,18,-1,0.6,1.0,9
ASSISTments,revised,178550,,0,0,-1,-1,1.0,1.0,1
ASSISTments,revised,179851,,0,0,-1,-1,1.0,1.0,0
ASSISTments,revised,179448,,0,0,-1,-1,1.0,1.0,1
ASSISTments,revised,172488,,0,0,-1,-1,1.0,1.0,0
ASSISTments,revised,142621,,1,0,10,-1,0.32,1.0,12
ASSISTments,revised,177626,,0,0,-1,-1,1.0,1.0,0
ASSISTments,revised,178888,,0,0,-1,-1,1.0,1.0,1
ASSISTments,revised,178056,,0,0,-1,-1,1.0,1.0,1
ASSISTments,revised,177142,,0,0,-1,-1,1.0,1.0,0
ASSISTments,revised,92677,,0,0,-1,-1,1.0,1.0,6
ASSISTments,revised,179857,,0,0,-1,-1,1.0,1.0,1
ASSISTments,revised,179239,,0,0,-1,-1,1.0,1.0,1
ASSISTments,revised,175815,,0,0,-1,-1,1.0,1.0,1
ASSISTments,revised,176588,,0,0,-1,-1,1.0,1.0,3
ASSISTments,revised,177151,,0,0,-1,-1,1.0,1.0,3
ASSISTments,revised,176591,,0,0,-1,-1,1.0,1.0,2
ASSISTments,revised,179748,,0,0,-1,-1,1.0,1.0,6
ASSISTments,revised,176060,,0,0,-1,-1,1.0,1.0,0
ASSISTments,revised,92795,,0,0,-1,-1,1.0,1.0,4
ASSISTments,revised,92113,,1,0,7,-1,0.24,1.0,13
ASSISTments,revised,220012,,0,0,-1,-1,1.0,1.0,0
ASSISTments,revised,184733,,1,0,22,-1,0.8,1.0,7
ASSISTments,revised,176246,,1,0,9,-1,0.32,1.0,10
ASSISTments,revised,123151,,0,0,-1,-1,1.0,1.0,1
ASSISTments,revised,134658,,0,0,-1,-1,1.0,1.0,0
ASSISTments,revised,183343,,0,0,-1,-1,1.0,1.0,1
ASSISTments,revised,178656,,0,0,-1,-1,1.0,1.0,0
ASSISTments,revised,176253,,0,0,-1,-1,1.0,1.0,2
ASSISTments,revised,187104,,0,0,-1,-1,1.0,1.0,1
ASSISTments,revised,186835,,1,0,20,-1,0.76,1.0,8
ASSISTments,revised,186941,,0,0,-1,-1,1.0,1.0,1
ASSISTments,revised,178026,,0,0,-1,-1,0.96,1.0,6
ASSISTments,revised,92810,,0,0,-1,-1,1.0,1.0,3
ASSISTments,revised,179560,,0,0,-1,-1,1.0,1.0,1
ASSISTments,revised,184894,,0,0,-1,-1,1.0,1.0,3
ASSISTments,revised,176024,,0,0,-1,-1,1.0,1.0,2
ASSISTments,revised,178579,,0,0,-1,-1,1.0,1.0,1
ASSISTments,revised,148313,,0,0,-1,-1,1.0,1.0,1
ASSISTments,revised,179158,,1,0,14,-1,0.52,1.0,10
ASSISTments,revised,176714,,1,0,19,-1,0.68,1.0,3
ASSISTments,revised,178032,,0,0,-1,-1,1.0,1.0,3
ASSISTments,revised,125893,,0,0,-1,-1,1.0,1.0,1
ASSISTments,revised,171134,,0,0,-1,-1,1.0,1.0,1
ASSISTments,revised,178444,,0,0,-1,-1,1.0,1.0,2
ASSISTments,revised,175884,,1,0,14,-1,0.52,1.0,5
ASSISTments,revised,184860,,0,0,-1,-1,1.0,1.0,2
ASSISTments,revised,176420,,0,0,-1,-1,1.0,1.0,2
ASSISTments,revised,118634,,0,0,-1,-1,1.0,1.0,1
ASSISTments,revised,176949,,1,0,21,-1,0.8,1.0,5
ASSISTments,revised,170986,,0,0,-1,-1,1.0,1.0,0
ASSISTments,revised,184770,,0,0,-1,-1,1.0,1.0,0
ASSISTments,revised,178074,,0,0,-1,-1,1.0,1.0,4
ASSISTments,revised,175117,,0,0,-1,-1,1.0,1.0,4
ASSISTments,revised,179753,,1,0,23,-1,0.88,1.0,4
ASSISTments,revised,92723,,0,0,-1,-1,1.0,1.0,1
ASSISTments,revised,93526,,0,0,-1,-1,1.0,1.0,2
ASSISTments,revised,178820,,0,0,-1,-1,1.0,1.0,1
ASSISTments,revised,92799,,0,0,-1,-1,1.0,1.0,1
ASSISTments,revised,92776,,0,0,-1,-1,1.0,1.0,1
ASSISTments,revised,174599,,0,0,-1,-1,1.0,1.0,0
ASSISTments,revised,179194,,0,0,-1,-1,1.0,1.0,2
ASSISTments,revised,186872,,0,0,-1,-1,1.0,1.0,2
ASSISTments,revised,175653,,0,0,-1,-1,1.0,1.0,0
ASSISTments,revised,178821,,1,0,23,-1,0.84,1.0,5
ASSISTments,revised,176595,,1,0,22,-1,0.84,1.0,4
ASSISTments,revised,92707,,0,0,-1,-1,0.96,1.0,3
ASSISTments,revised,119334,,0,0,-1,-1,1.0,1.0,0
ASSISTments,revised,178078,,0,0,-1,-1,1.0,1.0,1
ASSISTments,revised,176873,,0,0,-1,-1,1.0,1.0,2
ASSISTments,revised,170950,,0,0,-1,-1,1.0,1.0,2
ASSISTments,revised,179451,,0,0,-1,-1,1.0,1.0,1
ASSISTments,revised,118600,,0,0,-1,-1,1.0,1.0,1
ASSISTments,revised,178179,,1,0,11,-1,0.36,1.0,10
ASSISTments,revised,175426,,1,0,13,-1,0.48,1.0,11
ASSISTments,revised,221054,,0,0,-1,-1,1.0,1.0,0
ASSISTments,revised,180511,,1,0,10,-1,0.32,1.0,9
ASSISTments,revised,169527,,0,0,-1,-1,1.0,1.0,2
ASSISTments,revised,186866,,0,0,-1,-1,1.0,1.0,1
ASSISTments,revised,126232,,0,0,-1,-1,1.0,1.0,1
ASSISTments,revised,177897,,0,0,-1,-1,1.0,1.0,0
ASSISTments,revised,183826,,0,0,-1,-1,1.0,1.0,3
ASSISTments,revised,221579,,1,0,9,-1,0.28,1.0,12
ASSISTments,revised,124227,,0,0,-1,-1,0.96,1.0,7
ASSISTments,revised,189783,,0,0,-1,-1,1.0,1.0,2
ASSISTments,revised,179611,,0,0,-1,-1,1.0,1.0,1
ASSISTments,revised,192080,,0,0,-1,-1,1.0,1.0,4
ASSISTments,revised,177892,,0,0,-1,-1,1.0,1.0,2
ASSISTments,revised,171144,,0,0,-1,-1,1.0,1.0,1
ASSISTments,revised,177687,,1,0,13,-1,0.48,1.0,8
ASSISTments,revised,175210,,0,0,-1,-1,1.0,1.0,1
ASSISTments,revised,120400,,1,0,24,-1,0.92,1.0,7
ASSISTments,revised,101944,,0,0,-1,-1,1.0,1.0,0
ASSISTments,revised,169808,,0,0,-1,-1,1.0,1.0,1
ASSISTments,revised,117497,,1,0,9,-1,0.32,1.0,10
ASSISTments,revised,176101,,0,0,-1,-1,1.0,1.0,2
ASSISTments,revised,187107,,1,0,11,-1,0.36,1.0,11
ASSISTments,revised,176309,,0,0,-1,-1,1.0,1.0,3
ASSISTments,revised,176504,,0,0,-1,-1,1.0,1.0,0
ASSISTments,revised,179009,,0,0,-1,-1,1.0,1.0,0
ASSISTments,revised,175655,,0,0,-1,-1,1.0,1.0,2
ASSISTments,revised,178555,,0,0,-1,-1,1.0,1.0,0
ASSISTments,revised,178582,,0,0,-1,-1,1.0,1.0,1
ASSISTments,revised,170962,,0,0,-1,-1,1.0,1.0,2
ASSISTments,revised,180121,,1,0,14,-1,0.52,1.0,10
ASSISTments,revised,179178,,1,0,13,-1,0.48,1.0,9
ASSISTments,revised,178638,,0,0,-1,-1,1.0,1.0,1
ASSISTments,revised,176678,,0,0,-1,-1,1.0,1.0,1
ASSISTments,revised,134716,,0,0,-1,-1,1.0,1.0,3
ASSISTments,revised,118426,,1,0,8,-1,0.28,1.0,12
ASSISTments,revised,93575,,0,0,-1,-1,1.0,1.0,2
ASSISTments,revised,176901,,0,0,-1,-1,1.0,1.0,2
ASSISTments,revised,125553,,0,0,-1,-1,1.0,1.0,5
ASSISTments,revised,179852,,0,0,-1,-1,1.0,1.0,0
ASSISTments,revised,125919,,1,0,22,-1,0.8,1.0,8
ASSISTments,revised,126229,,0,0,-1,-1,1.0,1.0,1
ASSISTments,revised,183429,,0,0,-1,-1,1.0,1.0,5
ASSISTments,revised,177193,,1,0,22,-1,0.8,1.0,7
ASSISTments,revised,129769,,0,0,-1,-1,1.0,1.0,2
ASSISTments,revised,181183,,0,0,-1,-1,1.0,1.0,2
ASSISTments,revised,174023,,0,0,-1,-1,1.0,1.0,0
ASSISTments,revised,122712,,0,0,-1,-1,1.0,1.0,6
ASSISTments,revised,176885,,0,0,-1,-1,1.0,1.0,6
ASSISTments,revised,122186,,0,0,-1,-1,1.0,1.0,0
ASSISTments,revised,179657,,0,0,-1,-1,1.0,1.0,0
ASSISTments,revised,178692,,0,0,-1,-1,1.0,1.0,0
ASSISTments,revised,176415,,0,0,-1,-1,1.0,1.0,0
ASSISTments,revised,92685,,0,0,-1,-1,1.0,1.0,7
ASSISTments,revised,177707,,0,0,-1,-1,0.96,1.0,4
ASSISTments,revised,184729,,0,0,-1,-1,1.0,1.0,1
ASSISTments,revised,92777,,0,0,-1,-1,1.0,1.0,1
ASSISTments,revised,178887,,0,0,-1,-1,1.0,1.0,0
ASSISTments,revised,181155,,1,0,16,-1,0.52,1.0,9
ASSISTments,revised,176321,,1,0,17,-1,0.64,1.0,9
ASSISTments,revised,178286,,1,0,13,-1,0.48,1.0,10
ASSISTments,revised,178828,,1,0,20,-1,0.76,1.0,8
ASSISTments,revised,177466,,0,0,-1,-1,1.0,1.0,5
ASSISTments,revised,178859,,0,0,-1,-1,1.0,1.0,3
ASSISTments,revised,177205,,0,0,-1,-1,1.0,1.0,0
ASSISTments,revised,176230,,0,0,-1,-1,1.0,1.0,2
ASSISTments,revised,183456,,1,0,24,-1,0.92,1.0,7
ASSISTments,revised,177075,,1,0,14,-1,0.52,1.0,10
ASSISTments,revised,176158,,0,0,-1,-1,1.0,1.0,0
ASSISTments,revised,179758,,0,0,-1,-1,1.0,1.0,4
ASSISTments,revised,122100,,0,0,-1,-1,1.0,1.0,1
ASSISTments,revised,180043,,0,0,-1,-1,1.0,1.0,3
ASSISTments,revised,177757,,0,0,-1,-1,1.0,1.0,5
ASSISTments,revised,179242,,0,0,-1,-1,1.0,1.0,0
ASSISTments,revised,178829,,0,0,-1,-1,1.0,1.0,0
ASSISTments,revised,176723,,1,0,22,-1,0.76,1.0,5
ASSISTments,revised,184782,,1,0,18,-1,0.68,1.0,8
ASSISTments,revised,126737,,0,0,-1,-1,1.0,1.0,2
ASSISTments,revised,178058,,1,0,16,-1,0.56,1.0,2
ASSISTments,revised,176243,,0,0,-1,-1,1.0,1.0,0
ASSISTments,revised,179938,,0,0,-1,-1,1.0,1.0,1
ASSISTments,revised,124637,,0,0,-1,-1,1.0,1.0,0
ASSISTments,revised,177477,,0,0,-1,-1,1.0,1.0,0
ASSISTments,revised,118666,,0,0,-1,-1,1.0,1.0,1
ASSISTments,revised,92680,,1,0,16,-1,0.56,1.0,10
ASSISTments,revised,190047,,1,0,22,-1,0.8,1.0,7
ASSISTments,revised,177893,,0,0,-1,-1,1.0,1.0,0
ASSISTments,revised,181380,,0,0,-1,-1,1.0,1.0,1
ASSISTments,legacy_z_reset,179041,,0,0,-1,-1,0.96,1.0,6
ASSISTments,legacy_z_reset,125556,,0,0,-1,-1,1.0,1.0,2
ASSISTments,legacy_z_reset,118604,,0,0,-1,-1,1.0,1.0,2
ASSISTments,legacy_z_reset,180040,,0,0,-1,-1,1.0,1.0,1
ASSISTments,legacy_z_reset,174598,,0,0,-1,-1,1.0,1.0,1
ASSISTments,legacy_z_reset,171149,,0,0,-1,-1,1.0,1.0,2
ASSISTments,legacy_z_reset,170983,,0,0,-1,-1,0.96,1.0,5
ASSISTments,legacy_z_reset,125875,,0,0,-1,-1,1.0,1.0,0
ASSISTments,legacy_z_reset,179948,,1,0,8,-1,0.28,1.0,13
ASSISTments,legacy_z_reset,125491,,0,0,-1,-1,1.0,1.0,3
ASSISTments,legacy_z_reset,179447,,0,0,-1,-1,1.0,1.0,5
ASSISTments,legacy_z_reset,180034,,1,0,11,-1,0.36,1.0,8
ASSISTments,legacy_z_reset,221587,,1,0,10,-1,0.32,1.0,12
ASSISTments,legacy_z_reset,178429,,0,0,-1,-1,1.0,1.0,2
ASSISTments,legacy_z_reset,124749,,0,0,-1,-1,1.0,1.0,0
ASSISTments,legacy_z_reset,178802,,1,0,24,-1,0.88,1.0,6
ASSISTments,legacy_z_reset,176923,,1,0,19,-1,0.72,1.0,7
ASSISTments,legacy_z_reset,118645,,1,0,17,-1,0.56,1.0,9
ASSISTments,legacy_z_reset,118642,,0,0,-1,-1,1.0,1.0,0
ASSISTments,legacy_z_reset,125422,,1,0,9,-1,0.32,1.0,9
ASSISTments,legacy_z_reset,170974,,0,0,-1,-1,1.0,1.0,1
ASSISTments,legacy_z_reset,170998,,0,0,-1,-1,1.0,1.0,5
ASSISTments,legacy_z_reset,178037,,0,0,-1,-1,1.0,1.0,3
ASSISTments,legacy_z_reset,178842,,0,0,-1,-1,1.0,1.0,3
ASSISTments,legacy_z_reset,118633,,0,0,-1,-1,0.96,1.0,3
ASSISTments,legacy_z_reset,178545,,0,0,-1,-1,1.0,1.0,1
ASSISTments,legacy_z_reset,170143,,0,0,-1,-1,0.96,1.0,4
ASSISTments,legacy_z_reset,179764,,1,0,14,-1,0.4,1.0,10
ASSISTments,legacy_z_reset,179167,,0,0,-1,-1,1.0,1.0,3
ASSISTments,legacy_z_reset,179651,,0,0,-1,-1,1.0,1.0,2
ASSISTments,legacy_z_reset,93794,,0,0,-1,-1,1.0,1.0,0
ASSISTments,legacy_z_reset,176903,,0,0,-1,-1,1.0,1.0,1
ASSISTments,legacy_z_reset,170978,,0,0,-1,-1,1.0,1.0,0
ASSISTments,legacy_z_reset,177126,,0,0,-1,-1,1.0,1.0,5
ASSISTments,legacy_z_reset,178791,,0,0,-1,-1,1.0,1.0,0
ASSISTments,legacy_z_reset,174807,,0,0,-1,-1,1.0,1.0,4
ASSISTments,legacy_z_reset,185977,,1,0,12,-1,0.4,1.0,2
ASSISTments,legacy_z_reset,189486,,1,0,12,-1,0.44,1.0,11
ASSISTments,legacy_z_reset,103643,,1,0,12,-1,0.36,1.0,2
ASSISTments,legacy_z_reset,181570,,0,0,-1,-1,1.0,1.0,5
ASSISTments,legacy_z_reset,184902,,0,0,-1,-1,1.0,1.0,2
ASSISTments,legacy_z_reset,126164,,0,0,-1,-1,1.0,1.0,0
ASSISTments,legacy_z_reset,179647,,1,0,11,-1,0.4,1.0,4
ASSISTments,legacy_z_reset,93780,,0,0,-1,-1,1.0,1.0,2
ASSISTments,legacy_z_reset,176223,,0,0,-1,-1,1.0,1.0,1
ASSISTments,legacy_z_reset,93574,,0,0,-1,-1,1.0,1.0,1
ASSISTments,legacy_z_reset,126159,,0,0,-1,-1,1.0,1.0,4
ASSISTments,legacy_z_reset,170961,,0,0,-1,-1,1.0,1.0,2
ASSISTments,legacy_z_reset,181942,,0,0,-1,-1,1.0,1.0,0
ASSISTments,legacy_z_reset,176173,,0,0,-1,-1,1.0,1.0,3
ASSISTments,legacy_z_reset,96359,,1,0,18,-1,0.64,1.0,4
ASSISTments,legacy_z_reset,125421,,0,0,-1,-1,1.0,1.0,0
ASSISTments,legacy_z_reset,176522,,0,0,-1,-1,1.0,1.0,1
ASSISTments,legacy_z_reset,125430,,0,0,-1,-1,1.0,1.0,2
ASSISTments,legacy_z_reset,176410,,0,0,-1,-1,1.0,1.0,2
ASSISTments,legacy_z_reset,186984,,0,0,-1,-1,1.0,1.0,3
ASSISTments,legacy_z_reset,176240,,0,0,-1,-1,1.0,1.0,0
ASSISTments,legacy_z_reset,178845,,0,0,-1,-1,1.0,1.0,1
ASSISTments,legacy_z_reset,174565,,1,0,19,-1,0.72,1.0,9
ASSISTments,legacy_z_reset,184905,,0,0,-1,-1,1.0,1.0,2
ASSISTments,legacy_z_reset,121040,,1,0,12,-1,0.44,1.0,5
ASSISTments,legacy_z_reset,179869,,0,0,-1,-1,1.0,1.0,0
ASSISTments,legacy_z_reset,177459,,0,0,-1,-1,1.0,1.0,0
ASSISTments,legacy_z_reset,178241,,1,0,12,-1,0.4,1.0,10
ASSISTments,legacy_z_reset,125586,,0,0,-1,-1,1.0,1.0,2
ASSISTments,legacy_z_reset,176513,,0,0,-1,-1,1.0,1.0,1
ASSISTments,legacy_z_reset,124325,,0,0,-1,-1,1.0,1.0,5
ASSISTments,legacy_z_reset,178485,,0,0,-1,-1,1.0,1.0,0
ASSISTments,legacy_z_reset,175656,,0,0,-1,-1,1.0,1.0,0
ASSISTments,legacy_z_reset,186873,,0,0,-1,-1,1.0,1.0,3
ASSISTments,legacy_z_reset,179014,,0,0,-1,-1,1.0,1.0,0
ASSISTments,legacy_z_reset,178890,,0,0,-1,-1,1.0,1.0,0
ASSISTments,legacy_z_reset,220427,,0,0,-1,-1,1.0,1.0,0
ASSISTments,legacy_z_reset,187433,,0,0,-1,-1,1.0,1.0,0
ASSISTments,legacy_z_reset,176416,,0,0,-1,-1,1.0,1.0,1
ASSISTments,legacy_z_reset,178645,,0,0,-1,-1,1.0,1.0,0
ASSISTments,legacy_z_reset,144394,,0,0,-1,-1,1.0,1.0,0
ASSISTments,legacy_z_reset,179664,,0,0,-1,-1,1.0,1.0,8
ASSISTments,legacy_z_reset,123285,,0,0,-1,-1,1.0,1.0,3
ASSISTments,legacy_z_reset,121370,,0,0,-1,-1,1.0,1.0,3
ASSISTments,legacy_z_reset,179235,,1,0,15,-1,0.56,1.0,7
ASSISTments,legacy_z_reset,170991,,0,0,-1,-1,1.0,1.0,1
ASSISTments,legacy_z_reset,183634,,0,0,-1,-1,1.0,1.0,3
ASSISTments,legacy_z_reset,175651,,0,0,-1,-1,1.0,1.0,0
ASSISTments,legacy_z_reset,124336,,0,0,-1,-1,1.0,1.0,1
ASSISTments,legacy_z_reset,186997,,0,0,-1,-1,1.0,1.0,5
ASSISTments,legacy_z_reset,93680,,0,0,-1,-1,1.0,1.0,3
ASSISTments,legacy_z_reset,187933,,1,0,13,-1,0.48,1.0,9
ASSISTments,legacy_z_reset,125490,,0,0,-1,-1,1.0,1.0,6
ASSISTments,legacy_z_reset,92806,,1,0,10,-1,0.32,1.0,5
ASSISTments,legacy_z_reset,93516,,0,0,-1,-1,1.0,1.0,0
ASSISTments,legacy_z_reset,177166,,0,0,-1,-1,1.0,1.0,1
ASSISTments,legacy_z_reset,179023,,0,0,-1,-1,1.0,1.0,1
ASSISTments,legacy_z_reset,186880,,0,0,-1,-1,1.0,1.0,3
ASSISTments,legacy_z_reset,176419,,0,0,-1,-1,1.0,1.0,4
ASSISTments,legacy_z_reset,126213,,1,0,12,-1,0.32,1.0,10
ASSISTments,legacy_z_reset,176459,,0,0,-1,-1,1.0,1.0,1
ASSISTments,legacy_z_reset,176267,,0,0,-1,-1,1.0,1.0,1
ASSISTments,legacy_z_reset,170955,,1,0,17,-1,0.6,1.0,8
ASSISTments,legacy_z_reset,179247,,0,0,-1,-1,1.0,1.0,0
ASSISTments,legacy_z_reset,174574,,0,0,-1,-1,1.0,1.0,1
ASSISTments,legacy_z_reset,93584,,0,0,-1,-1,1.0,1.0,2
ASSISTments,legacy_z_reset,179555,,0,0,-1,-1,1.0,1.0,1
ASSISTments,legacy_z_reset,179164,,0,0,-1,-1,1.0,1.0,0
ASSISTments,legacy_z_reset,123940,,1,0,22,-1,0.84,1.0,6
ASSISTments,legacy_z_reset,178865,,0,0,-1,-1,1.0,1.0,1
ASSISTments,legacy_z_reset,220712,,0,0,-1,-1,1.0,1.0,0
ASSISTments,legacy_z_reset,126230,,1,0,13,-1,0.48,1.0,10
ASSISTments,legacy_z_reset,178205,,1,0,13,-1,0.36,1.0,9
ASSISTments,legacy_z_reset,179860,,1,0,17,-1,0.64,1.0,8
ASSISTments,legacy_z_reset,96984,,0,0,-1,-1,1.0,1.0,2
ASSISTments,legacy_z_reset,126217,,0,0,-1,-1,1.0,1.0,2
ASSISTments,legacy_z_reset,177463,,0,0,-1,-1,1.0,1.0,1
ASSISTments,legacy_z_reset,176515,,0,0,-1,-1,1.0,1.0,1
ASSISTments,legacy_z_reset,174581,,0,0,-1,-1,1.0,1.0,2
ASSISTments,legacy_z_reset,179044,,0,0,-1,-1,1.0,1.0,0
ASSISTments,legacy_z_reset,179564,,0,0,-1,-1,1.0,1.0,0
ASSISTments,legacy_z_reset,178497,,0,0,-1,-1,1.0,1.0,1
ASSISTments,legacy_z_reset,170977,,0,0,-1,-1,1.0,1.0,0
ASSISTments,legacy_z_reset,179557,,0,0,-1,-1,1.0,1.0,2
ASSISTments,legacy_z_reset,176090,,0,0,-1,-1,1.0,1.0,1
ASSISTments,legacy_z_reset,186940,,0,0,-1,-1,1.0,1.0,1
ASSISTments,legacy_z_reset,182972,,0,0,-1,-1,1.0,1.0,3
ASSISTments,legacy_z_reset,184630,,0,0,-1,-1,1.0,1.0,6
ASSISTments,legacy_z_reset,122766,,0,0,-1,-1,1.0,1.0,0
ASSISTments,legacy_z_reset,170992,,0,0,-1,-1,1.0,1.0,3
ASSISTments,legacy_z_reset,186845,,1,0,19,-1,0.72,1.0,9
ASSISTments,legacy_z_reset,93703,,0,0,-1,-1,1.0,1.0,2
ASSISTments,legacy_z_reset,184898,,0,0,-1,-1,1.0,1.0,1
ASSISTments,legacy_z_reset,176020,,0,0,-1,-1,1.0,1.0,1
ASSISTments,legacy_z_reset,176620,,0,0,-1,-1,1.0,1.0,2
ASSISTments,legacy_z_reset,174575,,0,0,-1,-1,1.0,1.0,1
ASSISTments,legacy_z_reset,123162,,0,0,-1,-1,1.0,1.0,1
ASSISTments,legacy_z_reset,170957,,0,0,-1,-1,1.0,1.0,0
ASSISTments,legacy_z_reset,178554,,0,0,-1,-1,1.0,1.0,1
ASSISTments,legacy_z_reset,179844,,0,0,-1,-1,1.0,1.0,1
ASSISTments,legacy_z_reset,176014,,0,0,-1,-1,1.0,1.0,2
ASSISTments,legacy_z_reset,170958,,0,0,-1,-1,1.0,1.0,1
ASSISTments,legacy_z_reset,179227,,0,0,-1,-1,1.0,1.0,1
ASSISTments,legacy_z_reset,177912,,0,0,-1,-1,1.0,1.0,0
ASSISTments,legacy_z_reset,176611,,0,0,-1,-1,1.0,1.0,1
ASSISTments,legacy_z_reset,179155,,0,0,-1,-1,1.0,1.0,2
ASSISTments,legacy_z_reset,177458,,1,0,21,-1,0.8,1.0,6
ASSISTments,legacy_z_reset,125886,,0,0,-1,-1,1.0,1.0,2
ASSISTments,legacy_z_reset,174569,,0,0,-1,-1,1.0,1.0,1
ASSISTments,legacy_z_reset,96835,,0,0,-1,-1,1.0,1.0,2
ASSISTments,legacy_z_reset,171151,,0,0,-1,-1,1.0,1.0,2
ASSISTments,legacy_z_reset,180048,,1,0,19,-1,0.68,1.0,8
ASSISTments,legacy_z_reset,93670,,0,0,-1,-1,1.0,1.0,5
ASSISTments,legacy_z_reset,178254,,0,0,-1,-1,1.0,1.0,1
ASSISTments,legacy_z_reset,174549,,0,0,-1,-1,1.0,1.0,3
ASSISTments,legacy_z_reset,180503,,0,0,-1,-1,1.0,1.0,1
ASSISTments,legacy_z_reset,178701,,0,0,-1,-1,1.0,1.0,1
ASSISTments,legacy_z_reset,176963,,0,0,-1,-1,1.0,1.0,3
ASSISTments,legacy_z_reset,178693,,1,0,14,-1,0.48,1.0,10
ASSISTments,legacy_z_reset,176617,,0,0,-1,-1,1.0,1.0,2
ASSISTments,legacy_z_reset,92690,,1,0,23,-1,0.88,1.0,7
ASSISTments,legacy_z_reset,187111,,0,0,-1,-1,0.96,1.0,3
ASSISTments,legacy_z_reset,125848,,0,0,-1,-1,1.0,1.0,2
ASSISTments,legacy_z_reset,178051,,1,0,15,-1,0.56,1.0,9
ASSISTments,legacy_z_reset,177887,,0,0,-1,-1,1.0,1.0,1
ASSISTments,legacy_z_reset,125419,,0,0,-1,-1,1.0,1.0,0
ASSISTments,legacy_z_reset,181184,,1,0,19,-1,0.72,1.0,9
ASSISTments,legacy_z_reset,122039,,0,0,-1,-1,1.0,1.0,0
ASSISTments,legacy_z_reset,125506,,0,0,-1,-1,1.0,1.0,1
ASSISTments,legacy_z_reset,126155,,0,0,-1,-1,1.0,1.0,2
ASSISTments,legacy_z_reset,179013,,0,0,-1,-1,1.0,1.0,0
ASSISTments,legacy_z_reset,93525,,0,0,-1,-1,1.0,1.0,0
ASSISTments,legacy_z_reset,184813,,0,0,-1,-1,1.0,1.0,1
ASSISTments,legacy_z_reset,179453,,0,0,-1,-1,1.0,1.0,4
ASSISTments,legacy_z_reset,93520,,0,0,-1,-1,1.0,1.0,2
ASSISTments,legacy_z_reset,178824,,0,0,-1,-1,1.0,1.0,0
ASSISTments,legacy_z_reset,123148,,0,0,-1,-1,1.0,1.0,0
ASSISTments,legacy_z_reset,176589,,0,0,-1,-1,1.0,1.0,0
ASSISTments,legacy_z_reset,176575,,1,0,22,-1,0.84,1.0,9
ASSISTments,legacy_z_reset,93567,,0,0,-1,-1,1.0,1.0,0
ASSISTments,legacy_z_reset,177472,,0,0,-1,-1,1.0,1.0,0
ASSISTments,legacy_z_reset,178191,,1,0,19,-1,0.76,1.0,8
ASSISTments,legacy_z_reset,172495,,1,0,15,-1,0.56,1.0,8
ASSISTments,legacy_z_reset,178486,,0,0,-1,-1,1.0,1.0,1
ASSISTments,legacy_z_reset,103648,,0,0,-1,-1,1.0,1.0,0
ASSISTments,legacy_z_reset,186355,,1,0,17,-1,0.64,1.0,11
ASSISTments,legacy_z_reset,179849,,0,0,-1,-1,1.0,1.0,2
ASSISTments,legacy_z_reset,125562,,0,0,-1,-1,1.0,1.0,1
ASSISTments,legacy_z_reset,179472,,0,0,-1,-1,1.0,1.0,2
ASSISTments,legacy_z_reset,92763,,0,0,-1,-1,1.0,1.0,0
ASSISTments,legacy_z_reset,180976,,0,0,-1,-1,1.0,1.0,1
ASSISTments,legacy_z_reset,198816,,0,0,-1,-1,1.0,1.0,2
ASSISTments,legacy_z_reset,183333,,0,0,-1,-1,1.0,1.0,2
ASSISTments,legacy_z_reset,179073,,0,0,-1,-1,1.0,1.0,3
ASSISTments,legacy_z_reset,93519,,0,0,-1,-1,1.0,1.0,2
ASSISTments,legacy_z_reset,97524,,0,0,-1,-1,1.0,1.0,1
ASSISTments,legacy_z_reset,92711,,1,0,21,-1,0.76,1.0,6
ASSISTments,legacy_z_reset,177021,,1,0,14,-1,0.36,1.0,11
ASSISTments,legacy_z_reset,126162,,1,0,19,-1,0.64,1.0,7
ASSISTments,legacy_z_reset,220970,,0,0,-1,-1,1.0,1.0,0
ASSISTments,legacy_z_reset,102073,,0,0,-1,-1,1.0,1.0,5
ASSISTments,legacy_z_reset,179850,,0,0,-1,-1,1.0,1.0,2
ASSISTments,legacy_z_reset,179845,,0,0,-1,-1,1.0,1.0,3
ASSISTments,legacy_z_reset,92710,,0,0,-1,-1,1.0,1.0,2
ASSISTments,legacy_z_reset,177913,,1,0,11,-1,0.4,1.0,11
ASSISTments,legacy_z_reset,181886,,0,0,-1,-1,1.0,1.0,2
ASSISTments,legacy_z_reset,126557,,0,0,-1,-1,1.0,1.0,1
ASSISTments,legacy_z_reset,178045,,1,0,18,-1,0.64,1.0,8
ASSISTments,legacy_z_reset,125496,,0,0,-1,-1,1.0,1.0,3
ASSISTments,legacy_z_reset,179011,,0,0,-1,-1,1.0,1.0,0
ASSISTments,legacy_z_reset,175669,,0,0,-1,-1,1.0,1.0,1
ASSISTments,legacy_z_reset,98752,,0,0,-1,-1,1.0,1.0,3
ASSISTments,legacy_z_reset,184724,,0,0,-1,-1,1.0,1.0,2
ASSISTments,legacy_z_reset,189850,,1,0,15,-1,0.52,1.0,9
ASSISTments,legacy_z_reset,93657,,0,0,-1,-1,1.0,1.0,5
ASSISTments,legacy_z_reset,186541,,0,0,-1,-1,1.0,1.0,3
ASSISTments,legacy_z_reset,176490,,0,0,-1,-1,1.0,1.0,1
ASSISTments,legacy_z_reset,184731,,0,0,-1,-1,1.0,1.0,2
ASSISTments,legacy_z_reset,126167,,0,0,-1,-1,1.0,1.0,1
ASSISTments,legacy_z_reset,178259,,0,0,-1,-1,1.0,1.0,2
ASSISTments,legacy_z_reset,178199,,1,0,17,-1,0.56,1.0,8
ASSISTments,legacy_z_reset,101712,,1,0,21,-1,0.76,1.0,9
ASSISTments,legacy_z_reset,178827,,0,0,-1,-1,1.0,1.0,1
ASSISTments,legacy_z_reset,176077,,1,0,11,-1,0.36,1.0,10
ASSISTments,legacy_z_reset,177733,,0,0,-1,-1,1.0,1.0,2
ASSISTments,legacy_z_reset,118457,,0,0,-1,-1,0.92,1.0,6
ASSISTments,legacy_z_reset,184775,,0,0,-1,-1,1.0,1.0,1
ASSISTments,legacy_z_reset,176417,,1,0,22,-1,0.88,1.0,7
ASSISTments,legacy_z_reset,175877,,0,0,-1,-1,1.0,1.0,2
ASSISTments,legacy_z_reset,171140,,0,0,-1,-1,1.0,1.0,1
ASSISTments,legacy_z_reset,122886,,0,0,-1,-1,1.0,1.0,2
ASSISTments,legacy_z_reset,171143,,0,0,-1,-1,1.0,1.0,4
ASSISTments,legacy_z_reset,186944,,0,0,-1,-1,1.0,1.0,2
ASSISTments,legacy_z_reset,92717,,0,0,-1,-1,1.0,1.0,3
ASSISTments,legacy_z_reset,124713,,0,0,-1,-1,1.0,1.0,2
ASSISTments,legacy_z_reset,179887,,0,0,-1,-1,1.0,1.0,2
ASSISTments,legacy_z_reset,177712,,1,0,20,-1,0.76,1.0,7
ASSISTments,legacy_z_reset,123244,,0,0,-1,-1,1.0,1.0,3
ASSISTments,legacy_z_reset,178201,,0,0,-1,-1,1.0,1.0,4
ASSISTments,legacy_z_reset,125590,,0,0,-1,-1,1.0,1.0,1
ASSISTments,legacy_z_reset,125599,,0,0,-1,-1,1.0,1.0,1
ASSISTments,legacy_z_reset,179231,,0,0,-1,-1,1.0,1.0,0
ASSISTments,legacy_z_reset,177480,,0,0,-1,-1,1.0,1.0,1
ASSISTments,legacy_z_reset,178451,,0,0,-1,-1,1.0,1.0,3
ASSISTments,legacy_z_reset,126222,,0,0,-1,-1,1.0,1.0,1
ASSISTments,legacy_z_reset,186881,,0,0,-1,-1,1.0,1.0,2
ASSISTments,legacy_z_reset,178188,,1,0,17,-1,0.64,1.0,8
ASSISTments,legacy_z_reset,178858,,0,0,-1,-1,0.96,1.0,1
ASSISTments,legacy_z_reset,176924,,1,0,14,-1,0.48,1.0,10
ASSISTments,legacy_z_reset,186947,,0,0,-1,-1,1.0,1.0,2
ASSISTments,legacy_z_reset,182162,,1,0,20,-1,0.68,1.0,9
ASSISTments,legacy_z_reset,92774,,0,0,-1,-1,1.0,1.0,1
ASSISTments,legacy_z_reset,179569,,0,0,-1,-1,1.0,1.0,0
ASSISTments,legacy_z_reset,170945,,0,0,-1,-1,1.0,1.0,0
ASSISTments,legacy_z_reset,179751,,1,0,15,-1,0.56,1.0,9
ASSISTments,legacy_z_reset,176005,,1,0,21,-1,0.76,1.0,9
ASSISTments,legacy_z_reset,186868,,0,0,-1,-1,1.0,1.0,3
ASSISTments,legacy_z_reset,179351,,0,0,-1,-1,1.0,1.0,1
ASSISTments,legacy_z_reset,93608,,0,0,-1,-1,1.0,1.0,2
ASSISTments,legacy_z_reset,186359,,0,0,-1,-1,1.0,1.0,3
ASSISTments,legacy_z_reset,177065,,0,0,-1,-1,1.0,1.0,2
ASSISTments,legacy_z_reset,178133,,0,0,-1,-1,1.0,1.0,3
ASSISTments,legacy_z_reset,177145,,0,0,-1,-1,1.0,1.0,4
ASSISTments,legacy_z_reset,125581,,0,0,-1,-1,1.0,1.0,1
ASSISTments,legacy_z_reset,171154,,0,0,-1,-1,1.0,1.0,1
ASSISTments,legacy_z_reset,170987,,0,0,-1,-1,1.0,1.0,3
ASSISTments,legacy_z_reset,185115,,0,0,-1,-1,1.0,1.0,1
ASSISTments,legacy_z_reset,176176,,0,0,-1,-1,1.0,1.0,1
ASSISTments,legacy_z_reset,118560,,1,0,9,-1,0.28,1.0,10
ASSISTments,legacy_z_reset,178727,,0,0,-1,-1,1.0,1.0,0
ASSISTments,legacy_z_reset,178488,,0,0,-1,-1,1.0,1.0,0
ASSISTments,legacy_z_reset,170994,,0,0,-1,-1,1.0,1.0,2
ASSISTments,legacy_z_reset,179772,,0,0,-1,-1,1.0,1.0,1
ASSISTments,legacy_z_reset,93579,,0,0,-1,-1,1.0,1.0,0
ASSISTments,legacy_z_reset,103644,,0,0,-1,-1,0.96,1.0,5
ASSISTments,legacy_z_reset,123936,,0,0,-1,-1,1.0,1.0,1
ASSISTments,legacy_z_reset,179670,,0,0,-1,-1,1.0,1.0,2
ASSISTments,legacy_z_reset,179017,,0,0,-1,-1,1.0,1.0,2
ASSISTments,legacy_z_reset,122971,,0,0,-1,-1,1.0,1.0,2
ASSISTments,legacy_z_reset,186993,,0,0,-1,-1,1.0,1.0,4
ASSISTments,legacy_z_reset,123208,,0,0,-1,-1,1.0,1.0,0
ASSISTments,legacy_z_reset,186991,,1,0,20,-1,0.76,1.0,5
ASSISTments,legacy_z_reset,176160,,0,0,-1,-1,1.0,1.0,0
ASSISTments,legacy_z_reset,179749,,0,0,-1,-1,1.0,1.0,3
ASSISTments,legacy_z_reset,178071,,1,0,22,-1,0.8,1.0,7
ASSISTments,legacy_z_reset,171137,,0,0,-1,-1,1.0,1.0,0
ASSISTments,legacy_z_reset,175072,,0,0,-1,-1,1.0,1.0,0
ASSISTments,legacy_z_reset,179246,,0,0,-1,-1,1.0,1.0,1
ASSISTments,legacy_z_reset,180722,,0,0,-1,-1,1.0,1.0,2
ASSISTments,legacy_z_reset,170960,,0,0,-1,-1,1.0,1.0,1
ASSISTments,legacy_z_reset,179947,,0,0,-1,-1,1.0,1.0,2
ASSISTments,legacy_z_reset,125801,,0,0,-1,-1,1.0,1.0,0
ASSISTments,legacy_z_reset,178577,,0,0,-1,-1,1.0,1.0,0
ASSISTments,legacy_z_reset,178639,,0,0,-1,-1,1.0,1.0,2
ASSISTments,legacy_z_reset,177478,,0,0,-1,-1,1.0,1.0,3
ASSISTments,legacy_z_reset,171145,,0,0,-1,-1,1.0,1.0,0
ASSISTments,legacy_z_reset,179572,,0,0,-1,-1,1.0,1.0,0
ASSISTments,legacy_z_reset,176713,,0,0,-1,-1,1.0,1.0,0
ASSISTments,legacy_z_reset,139275,,0,0,-1,-1,1.0,1.0,2
ASSISTments,legacy_z_reset,125424,,0,0,-1,-1,1.0,1.0,2
ASSISTments,legacy_z_reset,92804,,1,0,19,-1,0.72,1.0,5
ASSISTments,legacy_z_reset,179230,,0,0,-1,-1,1.0,1.0,1
ASSISTments,legacy_z_reset,176982,,0,0,-1,-1,1.0,1.0,1
ASSISTments,legacy_z_reset,176264,,0,0,-1,-1,1.0,1.0,1
ASSISTments,legacy_z_reset,179951,,0,0,-1,-1,1.0,1.0,3
ASSISTments,legacy_z_reset,176848,,0,0,-1,-1,0.96,1.0,5
ASSISTments,legacy_z_reset,177468,,0,0,-1,-1,1.0,1.0,1
ASSISTments,legacy_z_reset,122616,,0,0,-1,-1,1.0,1.0,1
ASSISTments,legacy_z_reset,179439,,0,0,-1,-1,1.0,1.0,3
ASSISTments,legacy_z_reset,179225,,0,0,-1,-1,1.0,1.0,2
ASSISTments,legacy_z_reset,179159,,0,0,-1,-1,1.0,1.0,2
ASSISTments,legacy_z_reset,125435,,0,0,-1,-1,1.0,1.0,1
ASSISTments,legacy_z_reset,122989,,0,0,-1,-1,1.0,1.0,3
ASSISTments,legacy_z_reset,176627,,0,0,-1,-1,1.0,1.0,3
ASSISTments,legacy_z_reset,176190,,0,0,-1,-1,0.96,1.0,2
ASSISTments,legacy_z_reset,125502,,0,0,-1,-1,1.0,1.0,0
ASSISTments,legacy_z_reset,172465,,0,0,-1,-1,1.0,1.0,1
ASSISTments,legacy_z_reset,92684,,0,0,-1,-1,1.0,1.0,2
ASSISTments,legacy_z_reset,179565,,0,0,-1,-1,1.0,1.0,0
ASSISTments,legacy_z_reset,184827,,0,0,-1,-1,1.0,1.0,0
ASSISTments,legacy_z_reset,93578,,0,0,-1,-1,1.0,1.0,1
ASSISTments,legacy_z_reset,125876,,0,0,-1,-1,1.0,1.0,1
ASSISTments,legacy_z_reset,186249,,1,0,12,-1,0.44,1.0,6
ASSISTments,legacy_z_reset,134296,,0,0,-1,-1,1.0,1.0,0
ASSISTments,legacy_z_reset,179650,,0,0,-1,-1,1.0,1.0,0
ASSISTments,legacy_z_reset,221581,,0,0,-1,-1,1.0,1.0,0
ASSISTments,legacy_z_reset,172477,,0,0,-1,-1,1.0,1.0,0
ASSISTments,legacy_z_reset,124244,,0,0,-1,-1,0.92,1.0,9
ASSISTments,legacy_z_reset,177109,,0,0,-1,-1,1.0,1.0,0
ASSISTments,legacy_z_reset,178453,,0,0,-1,-1,1.0,1.0,0
ASSISTments,legacy_z_reset,93808,,0,0,-1,-1,1.0,1.0,1
ASSISTments,legacy_z_reset,122107,,0,0,-1,-1,1.0,1.0,2
ASSISTments,legacy_z_reset,179190,,1,0,13,-1,0.48,1.0,3
ASSISTments,legacy_z_reset,178269,,1,0,16,-1,0.6,1.0,8
ASSISTments,legacy_z_reset,106647,,0,0,-1,-1,1.0,1.0,2
ASSISTments,legacy_z_reset,93682,,0,0,-1,-1,1.0,1.0,0
ASSISTments,legacy_z_reset,171135,,1,0,17,-1,0.64,1.0,9
ASSISTments,legacy_z_reset,126223,,0,0,-1,-1,1.0,1.0,0
ASSISTments,legacy_z_reset,179940,,0,0,-1,-1,1.0,1.0,0
ASSISTments,legacy_z_reset,179648,,0,0,-1,-1,1.0,1.0,3
ASSISTments,legacy_z_reset,177637,,1,0,20,-1,0.76,1.0,8
ASSISTments,legacy_z_reset,170959,,0,0,-1,-1,1.0,1.0,0
ASSISTments,legacy_z_reset,186988,,0,0,-1,-1,1.0,1.0,3
ASSISTments,legacy_z_reset,179672,,1,0,17,-1,0.64,1.0,10
ASSISTments,legacy_z_reset,126221,,0,0,-1,-1,1.0,1.0,1
ASSISTments,legacy_z_reset,187729,,0,0,-1,-1,1.0,1.0,3
ASSISTments,legacy_z_reset,102061,,0,0,-1,-1,1.0,1.0,0
ASSISTments,legacy_z_reset,176599,,0,0,-1,-1,1.0,1.0,3
ASSISTments,legacy_z_reset,93801,,0,0,-1,-1,1.0,1.0,1
ASSISTments,legacy_z_reset,177171,,0,0,-1,-1,1.0,1.0,0
ASSISTments,legacy_z_reset,175315,,1,0,14,-1,0.52,1.0,9
ASSISTments,legacy_z_reset,192308,,0,0,-1,-1,1.0,1.0,0
ASSISTments,legacy_z_reset,178491,,0,0,-1,-1,1.0,1.0,1
ASSISTments,legacy_z_reset,177715,,0,0,-1,-1,1.0,1.0,0
ASSISTments,legacy_z_reset,126158,,0,0,-1,-1,1.0,1.0,1
ASSISTments,legacy_z_reset,179649,,1,0,19,-1,0.68,1.0,7
ASSISTments,legacy_z_reset,175662,,0,0,-1,-1,1.0,1.0,1
ASSISTments,legacy_z_reset,170963,,0,0,-1,-1,1.0,1.0,5
ASSISTments,legacy_z_reset,186837,,0,0,-1,-1,1.0,1.0,3
ASSISTments,legacy_z_reset,178649,,0,0,-1,-1,1.0,1.0,1
ASSISTments,legacy_z_reset,178346,,0,0,-1,-1,1.0,1.0,0
ASSISTments,legacy_z_reset,179445,,0,0,-1,-1,1.0,1.0,2
ASSISTments,legacy_z_reset,176010,,0,0,-1,-1,1.0,1.0,0
ASSISTments,legacy_z_reset,122885,,0,0,-1,-1,1.0,1.0,4
ASSISTments,legacy_z_reset,179228,,0,0,-1,-1,1.0,1.0,0
ASSISTments,legacy_z_reset,186871,,0,0,-1,-1,0.96,1.0,5
ASSISTments,legacy_z_reset,177544,,0,0,-1,-1,0.92,1.0,6
ASSISTments,legacy_z_reset,178021,,1,0,16,-1,0.56,1.0,10
ASSISTments,legacy_z_reset,182052,,0,0,-1,-1,1.0,1.0,1
ASSISTments,legacy_z_reset,184749,,0,0,-1,-1,1.0,1.0,2
ASSISTments,legacy_z_reset,186998,,1,0,23,-1,0.84,1.0,7
ASSISTments,legacy_z_reset,178046,,0,0,-1,-1,1.0,1.0,3
ASSISTments,legacy_z_reset,124357,,0,0,-1,-1,0.88,1.0,7
ASSISTments,legacy_z_reset,134725,,0,0,-1,-1,1.0,1.0,0
ASSISTments,legacy_z_reset,180514,,0,0,-1,-1,1.0,1.0,3
ASSISTments,legacy_z_reset,178823,,0,0,-1,-1,1.0,1.0,1
ASSISTments,legacy_z_reset,179669,,0,0,-1,-1,1.0,1.0,1
ASSISTments,legacy_z_reset,171132,,0,0,-1,-1,1.0,1.0,0
ASSISTments,legacy_z_reset,176629,,0,0,-1,-1,1.0,1.0,3
ASSISTments,legacy_z_reset,125580,,0,0,-1,-1,1.0,1.0,0
ASSISTments,legacy_z_reset,178576,,0,0,-1,-1,1.0,1.0,3
ASSISTments,legacy_z_reset,186878,,0,0,-1,-1,1.0,1.0,1
ASSISTments,legacy_z_reset,178647,,0,0,-1,-1,1.0,1.0,2
ASSISTments,legacy_z_reset,178822,,0,0,-1,-1,1.0,1.0,1
ASSISTments,legacy_z_reset,120487,,1,0,10,-1,0.32,1.0,10
ASSISTments,legacy_z_reset,124462,,0,0,-1,-1,1.0,1.0,0
ASSISTments,legacy_z_reset,93580,,0,0,-1,-1,1.0,1.0,3
ASSISTments,legacy_z_reset,186869,,0,0,-1,-1,1.0,1.0,1
ASSISTments,legacy_z_reset,178551,,0,0,-1,-1,1.0,1.0,0
ASSISTments,legacy_z_reset,178167,,1,0,23,-1,0.84,1.0,7
ASSISTments,legacy_z_reset,186989,,0,0,-1,-1,1.0,1.0,0
ASSISTments,legacy_z_reset,174538,,0,0,-1,-1,1.0,1.0,2
ASSISTments,legacy_z_reset,170949,,0,0,-1,-1,1.0,1.0,0
ASSISTments,legacy_z_reset,179012,,0,0,-1,-1,1.0,1.0,2
ASSISTments,legacy_z_reset,171139,,0,0,-1,-1,1.0,1.0,3
ASSISTments,legacy_z_reset,187661,,1,0,14,-1,0.52,1.0,11
ASSISTments,legacy_z_reset,186887,,0,0,-1,-1,1.0,1.0,2
ASSISTments,legacy_z_reset,125800,,0,0,-1,-1,1.0,1.0,3
ASSISTments,legacy_z_reset,175783,,0,0,-1,-1,1.0,1.0,3
ASSISTments,legacy_z_reset,177430,,1,0,10,-1,0.32,1.0,11
ASSISTments,legacy_z_reset,92813,,0,0,-1,-1,1.0,1.0,1
ASSISTments,legacy_z_reset,123977,,1,0,20,-1,0.72,1.0,6
ASSISTments,legacy_z_reset,103646,,0,0,-1,-1,1.0,1.0,1
ASSISTments,legacy_z_reset,186885,,0,0,-1,-1,1.0,1.0,1
ASSISTments,legacy_z_reset,178547,,1,0,14,-1,0.52,1.0,11
ASSISTments,legacy_z_reset,125488,,0,0,-1,-1,1.0,1.0,1
ASSISTments,legacy_z_reset,124217,,0,0,-1,-1,1.0,1.0,4
ASSISTments,legacy_z_reset,178247,,1,0,19,-1,0.68,1.0,10
ASSISTments,legacy_z_reset,179161,,0,0,-1,-1,1.0,1.0,0
ASSISTments,legacy_z_reset,178038,,1,0,12,-1,0.36,1.0,10
ASSISTments,legacy_z_reset,178857,,0,0,-1,-1,1.0,1.0,1
ASSISTments,legacy_z_reset,179595,,0,0,-1,-1,1.0,1.0,3
ASSISTments,legacy_z_reset,176249,,0,0,-1,-1,1.0,1.0,2
ASSISTments,legacy_z_reset,178885,,0,0,-1,-1,1.0,1.0,3
ASSISTments,legacy_z_reset,189264,,0,0,-1,-1,1.0,1.0,2
ASSISTments,legacy_z_reset,176458,,0,0,-1,-1,1.0,1.0,0
ASSISTments,legacy_z_reset,175226,,0,0,-1,-1,1.0,1.0,1
ASSISTments,legacy_z_reset,178945,,1,0,16,-1,0.6,1.0,9
ASSISTments,legacy_z_reset,179856,,0,0,-1,-1,1.0,1.0,1
ASSISTments,legacy_z_reset,178384,,1,0,18,-1,0.72,1.0,7
ASSISTments,legacy_z_reset,175796,,1,0,9,-1,0.32,1.0,12
ASSISTments,legacy_z_reset,184885,,0,0,-1,-1,0.96,1.0,3
ASSISTments,legacy_z_reset,103645,,0,0,-1,-1,0.96,1.0,4
ASSISTments,legacy_z_reset,93655,,1,0,14,-1,0.52,1.0,9
ASSISTments,legacy_z_reset,175710,,1,0,9,-1,0.32,1.0,11
ASSISTments,legacy_z_reset,125494,,0,0,-1,-1,1.0,1.0,0
ASSISTments,legacy_z_reset,125811,,0,0,-1,-1,1.0,1.0,2
ASSISTments,legacy_z_reset,92794,,0,0,-1,-1,1.0,1.0,1
ASSISTments,legacy_z_reset,125563,,0,0,-1,-1,0.96,1.0,6
ASSISTments,legacy_z_reset,125497,,0,0,-1,-1,1.0,1.0,3
ASSISTments,legacy_z_reset,184877,,0,0,-1,-1,1.0,1.0,1
ASSISTments,legacy_z_reset,93509,,0,0,-1,-1,0.96,1.0,7
ASSISTments,legacy_z_reset,174588,,1,0,21,-1,0.8,1.0,6
ASSISTments,legacy_z_reset,175188,,0,0,-1,-1,1.0,1.0,3
ASSISTments,legacy_z_reset,170956,,0,0,-1,-1,1.0,1.0,0
ASSISTments,legacy_z_reset,176235,,0,0,-1,-1,1.0,1.0,0
ASSISTments,legacy_z_reset,170948,,0,0,-1,-1,1.0,1.0,1
ASSISTments,legacy_z_reset,178712,,0,0,-1,-1,1.0,1.0,2
ASSISTments,legacy_z_reset,93678,,0,0,-1,-1,1.0,1.0,2
ASSISTments,legacy_z_reset,181885,,1,0,19,-1,0.72,1.0,7
ASSISTments,legacy_z_reset,184883,,0,0,-1,-1,1.0,1.0,2
ASSISTments,legacy_z_reset,122182,,0,0,-1,-1,1.0,1.0,1
ASSISTments,legacy_z_reset,92809,,0,0,-1,-1,1.0,1.0,0
ASSISTments,legacy_z_reset,179025,,0,0,-1,-1,1.0,1.0,0
ASSISTments,legacy_z_reset,174604,,0,0,-1,-1,1.0,1.0,1
ASSISTments,legacy_z_reset,121365,,0,0,-1,-1,1.0,1.0,2
ASSISTments,legacy_z_reset,184742,,0,0,-1,-1,1.0,1.0,1
ASSISTments,legacy_z_reset,176166,,0,0,-1,-1,1.0,1.0,1
ASSISTments,legacy_z_reset,125672,,0,0,-1,-1,1.0,1.0,0
ASSISTments,legacy_z_reset,174540,,0,0,-1,-1,1.0,1.0,1
ASSISTments,legacy_z_reset,182180,,0,0,-1,-1,1.0,1.0,1
ASSISTments,legacy_z_reset,177080,,1,0,20,-1,0.76,1.0,4
ASSISTments,legacy_z_reset,176956,,1,0,11,-1,0.32,1.0,9
ASSISTments,legacy_z_reset,178723,,0,0,-1,-1,1.0,1.0,0
ASSISTments,legacy_z_reset,93549,,0,0,-1,-1,1.0,1.0,2
ASSISTments,legacy_z_reset,179232,,0,0,-1,-1,1.0,1.0,2
ASSISTments,legacy_z_reset,126145,,0,0,-1,-1,1.0,1.0,0
ASSISTments,legacy_z_reset,119823,,0,0,-1,-1,1.0,1.0,2
ASSISTments,legacy_z_reset,178637,,0,0,-1,-1,1.0,1.0,0
ASSISTments,legacy_z_reset,125984,,0,0,-1,-1,1.0,1.0,1
ASSISTments,legacy_z_reset,176974,,0,0,-1,-1,1.0,1.0,0
ASSISTments,legacy_z_reset,125598,,0,0,-1,-1,1.0,1.0,1
ASSISTments,legacy_z_reset,120650,,0,0,-1,-1,1.0,1.0,2
ASSISTments,legacy_z_reset,175878,,0,0,-1,-1,1.0,1.0,0
ASSISTments,legacy_z_reset,220421,,0,0,-1,-1,1.0,1.0,0
ASSISTments,legacy_z_reset,178854,,0,0,-1,-1,1.0,1.0,0
ASSISTments,legacy_z_reset,176407,,0,0,-1,-1,1.0,1.0,1
ASSISTments,legacy_z_reset,179024,,0,0,-1,-1,1.0,1.0,0
ASSISTments,legacy_z_reset,78401,,1,0,20,-1,0.76,1.0,8
ASSISTments,legacy_z_reset,125493,,1,0,9,-1,0.28,1.0,11
ASSISTments,legacy_z_reset,179556,,0,0,-1,-1,1.0,1.0,0
ASSISTments,legacy_z_reset,179859,,0,0,-1,-1,1.0,1.0,0
ASSISTments,legacy_z_reset,179022,,0,0,-1,-1,1.0,1.0,0
ASSISTments,legacy_z_reset,186937,,0,0,-1,-1,1.0,1.0,3
ASSISTments,legacy_z_reset,220017,,0,0,-1,-1,1.0,1.0,0
ASSISTments,legacy_z_reset,126455,,0,0,-1,-1,1.0,1.0,7
ASSISTments,legacy_z_reset,176852,,0,0,-1,-1,1.0,1.0,0
ASSISTments,legacy_z_reset,97522,,0,0,-1,-1,1.0,1.0,5
ASSISTments,legacy_z_reset,126671,,0,0,-1,-1,1.0,1.0,2
ASSISTments,legacy_z_reset,176164,,0,0,-1,-1,1.0,1.0,1
ASSISTments,legacy_z_reset,176851,,0,0,-1,-1,1.0,1.0,2
ASSISTments,legacy_z_reset,93566,,1,0,16,-1,0.6,1.0,9
ASSISTments,legacy_z_reset,184822,,0,0,-1,-1,1.0,1.0,2
ASSISTments,legacy_z_reset,186419,,0,0,-1,-1,1.0,1.0,4
ASSISTments,legacy_z_reset,125500,,0,0,-1,-1,1.0,1.0,2
ASSISTments,legacy_z_reset,176585,,1,0,9,-1,0.28,1.0,12
ASSISTments,legacy_z_reset,120455,,0,0,-1,-1,1.0,1.0,1
ASSISTments,legacy_z_reset,177474,,0,0,-1,-1,1.0,1.0,1
ASSISTments,legacy_z_reset,170982,,0,0,-1,-1,1.0,1.0,3
ASSISTments,legacy_z_reset,170943,,0,0,-1,-1,0.96,1.0,2
ASSISTments,legacy_z_reset,177460,,0,0,-1,-1,1.0,1.0,1
ASSISTments,legacy_z_reset,176252,,0,0,-1,-1,1.0,1.0,0
ASSISTments,legacy_z_reset,175862,,0,0,-1,-1,1.0,1.0,3
ASSISTments,legacy_z_reset,184828,,0,0,-1,-1,1.0,1.0,0
ASSISTments,legacy_z_reset,176616,,0,0,-1,-1,1.0,1.0,1
ASSISTments,legacy_z_reset,177038,,0,0,-1,-1,1.0,1.0,2
ASSISTments,legacy_z_reset,125558,,0,0,-1,-1,1.0,1.0,5
ASSISTments,legacy_z_reset,179245,,0,0,-1,-1,1.0,1.0,0
ASSISTments,legacy_z_reset,103651,,0,0,-1,-1,1.0,1.0,1
ASSISTments,legacy_z_reset,176159,,0,0,-1,-1,1.0,1.0,2
ASSISTments,legacy_z_reset,125427,,0,0,-1,-1,1.0,1.0,3
ASSISTments,legacy_z_reset,179007,,0,0,-1,-1,1.0,1.0,1
ASSISTments,legacy_z_reset,179157,,0,0,-1,-1,1.0,1.0,3
ASSISTments,legacy_z_reset,92706,,0,0,-1,-1,1.0,1.0,1
ASSISTments,legacy_z_reset,177006,,0,0,-1,-1,1.0,1.0,1
ASSISTments,legacy_z_reset,119478,,0,0,-1,-1,1.0,1.0,3
ASSISTments,legacy_z_reset,177700,,1,0,16,-1,0.48,1.0,10
ASSISTments,legacy_z_reset,176590,,0,0,-1,-1,1.0,1.0,1
ASSISTments,legacy_z_reset,178465,,1,0,15,-1,0.56,1.0,11
ASSISTments,legacy_z_reset,126240,,0,0,-1,-1,1.0,1.0,2
ASSISTments,legacy_z_reset,176055,,0,0,-1,-1,1.0,1.0,2
ASSISTments,legacy_z_reset,172831,,0,0,-1,-1,1.0,1.0,1
ASSISTments,legacy_z_reset,177777,,0,0,-1,-1,1.0,1.0,2
ASSISTments,legacy_z_reset,179452,,0,0,-1,-1,1.0,1.0,2
ASSISTments,legacy_z_reset,176921,,0,0,-1,-1,1.0,1.0,2
ASSISTments,legacy_z_reset,186985,,0,0,-1,-1,1.0,1.0,6
ASSISTments,legacy_z_reset,97521,,0,0,-1,-1,1.0,1.0,2
ASSISTments,legacy_z_reset,177473,,0,0,-1,-1,1.0,1.0,1
ASSISTments,legacy_z_reset,103656,,0,0,-1,-1,1.0,1.0,3
ASSISTments,legacy_z_reset,179016,,0,0,-1,-1,1.0,1.0,0
ASSISTments,legacy_z_reset,177071,,0,0,-1,-1,1.0,1.0,1
ASSISTments,legacy_z_reset,92709,,0,0,-1,-1,1.0,1.0,3
ASSISTments,legacy_z_reset,125417,,0,0,-1,-1,1.0,1.0,1
ASSISTments,legacy_z_reset,175652,,0,0,-1,-1,1.0,1.0,2
ASSISTments,legacy_z_reset,179953,,0,0,-1,-1,1.0,1.0,2
ASSISTments,legacy_z_reset,181743,,0,0,-1,-1,1.0,1.0,3
ASSISTments,legacy_z_reset,184842,,0,0,-1,-1,1.0,1.0,1
ASSISTments,legacy_z_reset,183923,,0,0,-1,-1,1.0,1.0,2
ASSISTments,legacy_z_reset,179744,,0,0,-1,-1,1.0,1.0,1
ASSISTments,legacy_z_reset,126231,,0,0,-1,-1,1.0,1.0,1
ASSISTments,legacy_z_reset,178180,,1,0,23,-1,0.88,1.0,5
ASSISTments,legacy_z_reset,176603,,0,0,-1,-1,1.0,1.0,2
ASSISTments,legacy_z_reset,126161,,0,0,-1,-1,1.0,1.0,2
ASSISTments,legacy_z_reset,93681,,0,0,-1,-1,1.0,1.0,1
ASSISTments,legacy_z_reset,175806,,0,0,-1,-1,1.0,1.0,4
ASSISTments,legacy_z_reset,172992,,1,0,9,-1,0.32,1.0,6
ASSISTments,legacy_z_reset,179570,,0,0,-1,-1,1.0,1.0,0
ASSISTments,legacy_z_reset,145405,,0,0,-1,-1,1.0,1.0,0
ASSISTments,legacy_z_reset,177127,,0,0,-1,-1,1.0,1.0,1
ASSISTments,legacy_z_reset,175433,,0,0,-1,-1,1.0,1.0,1
ASSISTments,legacy_z_reset,125426,,0,0,-1,-1,1.0,1.0,1
ASSISTments,legacy_z_reset,178197,,0,0,-1,-1,1.0,1.0,1
ASSISTments,legacy_z_reset,118563,,1,0,12,-1,0.44,1.0,12
ASSISTments,legacy_z_reset,178154,,1,0,9,-1,0.28,1.0,12
ASSISTments,legacy_z_reset,92768,,0,0,-1,-1,1.0,1.0,2
ASSISTments,legacy_z_reset,181965,,0,0,-1,-1,1.0,1.0,0
ASSISTments,legacy_z_reset,174537,,0,0,-1,-1,1.0,1.0,2
ASSISTments,legacy_z_reset,179443,,0,0,-1,-1,1.0,1.0,1
ASSISTments,legacy_z_reset,174577,,0,0,-1,-1,1.0,1.0,5
ASSISTments,legacy_z_reset,178490,,0,0,-1,-1,1.0,1.0,1
ASSISTments,legacy_z_reset,176413,,0,0,-1,-1,1.0,1.0,1
ASSISTments,legacy_z_reset,220015,,0,0,-1,-1,1.0,1.0,0
ASSISTments,legacy_z_reset,176455,,0,0,-1,-1,1.0,1.0,0
ASSISTments,legacy_z_reset,176172,,0,0,-1,-1,1.0,1.0,3
ASSISTments,legacy_z_reset,179229,,0,0,-1,-1,1.0,1.0,0
ASSISTments,legacy_z_reset,134237,,0,0,-1,-1,1.0,1.0,0
ASSISTments,legacy_z_reset,92814,,1,0,19,-1,0.72,1.0,6
ASSISTments,legacy_z_reset,189826,,0,0,-1,-1,1.0,1.0,2
ASSISTments,legacy_z_reset,178064,,1,0,8,-1,0.28,1.0,11
ASSISTments,legacy_z_reset,177489,,0,0,-1,-1,1.0,1.0,2
ASSISTments,legacy_z_reset,179878,,0,0,-1,-1,1.0,1.0,4
ASSISTments,legacy_z_reset,177993,,0,0,-1,-1,1.0,1.0,1
ASSISTments,legacy_z_reset,176163,,0,0,-1,-1,1.0,1.0,2
ASSISTments,legacy_z_reset,176930,,0,0,-1,-1,1.0,1.0,1
ASSISTments,legacy_z_reset,122995,,0,0,-1,-1,1.0,1.0,2
ASSISTments,legacy_z_reset,186877,,0,0,-1,-1,1.0,1.0,0
ASSISTments,legacy_z_reset,126146,,0,0,-1,-1,1.0,1.0,1
ASSISTments,legacy_z_reset,172671,,0,0,-1,-1,1.0,1.0,0
ASSISTments,legacy_z_reset,178149,,1,0,9,-1,0.32,1.0,9
ASSISTments,legacy_z_reset,179590,,1,0,22,-1,0.84,1.0,9
ASSISTments,legacy_z_reset,178825,,0,0,-1,-1,1.0,1.0,0
ASSISTments,legacy_z_reset,189190,,0,0,-1,-1,1.0,1.0,1
ASSISTments,legacy_z_reset,170946,,0,0,-1,-1,1.0,1.0,2
ASSISTments,legacy_z_reset,176247,,1,0,24,-1,0.92,1.0,5
ASSISTments,legacy_z_reset,178200,,1,0,23,-1,0.88,1.0,8
ASSISTments,legacy_z_reset,178436,,0,0,-1,-1,1.0,1.0,3
ASSISTments,legacy_z_reset,179846,,0,0,-1,-1,1.0,1.0,5
ASSISTments,legacy_z_reset,177806,,1,0,16,-1,0.56,1.0,6
ASSISTments,legacy_z_reset,178171,,1,0,24,-1,0.92,1.0,6
ASSISTments,legacy_z_reset,184757,,0,0,-1,-1,1.0,1.0,2
ASSISTments,legacy_z_reset,179021,,0,0,-1,-1,1.0,1.0,0
ASSISTments,legacy_z_reset,184739,,0,0,-1,-1,1.0,1.0,1
ASSISTments,legacy_z_reset,176491,,0,0,-1,-1,1.0,1.0,2
ASSISTments,legacy_z_reset,93790,,0,0,-1,-1,1.0,1.0,0
ASSISTments,legacy_z_reset,180029,,0,0,-1,-1,1.0,1.0,5
ASSISTments,legacy_z_reset,178596,,0,0,-1,-1,1.0,1.0,0
ASSISTments,legacy_z_reset,126147,,0,0,-1,-1,1.0,1.0,3
ASSISTments,legacy_z_reset,170947,,0,0,-1,-1,1.0,1.0,3
ASSISTments,legacy_z_reset,174594,,0,0,-1,-1,1.0,1.0,0
ASSISTments,legacy_z_reset,177123,,0,0,-1,-1,1.0,1.0,1
ASSISTments,legacy_z_reset,126154,,0,0,-1,-1,1.0,1.0,0
ASSISTments,legacy_z_reset,186884,,1,0,15,-1,0.52,1.0,9
ASSISTments,legacy_z_reset,125495,,0,0,-1,-1,1.0,1.0,1
ASSISTments,legacy_z_reset,177064,,1,0,14,-1,0.52,1.0,8
ASSISTments,legacy_z_reset,177462,,0,0,-1,-1,1.0,1.0,2
ASSISTments,legacy_z_reset,222748,,1,0,15,-1,0.48,1.0,9
ASSISTments,legacy_z_reset,178719,,1,0,22,-1,0.8,1.0,9
ASSISTments,legacy_z_reset,176123,,0,0,-1,-1,1.0,1.0,2
ASSISTments,legacy_z_reset,126166,,0,0,-1,-1,1.0,1.0,0
ASSISTments,legacy_z_reset,93795,,0,0,-1,-1,1.0,1.0,1
ASSISTments,legacy_z_reset,170980,,0,0,-1,-1,1.0,1.0,1
ASSISTments,legacy_z_reset,176605,,0,0,-1,-1,1.0,1.0,0
ASSISTments,legacy_z_reset,176175,,0,0,-1,-1,1.0,1.0,2
ASSISTments,legacy_z_reset,186876,,0,0,-1,-1,1.0,1.0,2
ASSISTments,legacy_z_reset,93783,,0,0,-1,-1,1.0,1.0,1
ASSISTments,legacy_z_reset,178138,,0,0,-1,-1,1.0,1.0,3
ASSISTments,legacy_z_reset,176445,,0,0,-1,-1,1.0,1.0,5
ASSISTments,legacy_z_reset,124677,,0,0,-1,-1,1.0,1.0,2
ASSISTments,legacy_z_reset,177858,,0,0,-1,-1,1.0,1.0,2
ASSISTments,legacy_z_reset,120669,,1,0,22,-1,0.84,1.0,8
ASSISTments,legacy_z_reset,125884,,0,0,-1,-1,1.0,1.0,0
ASSISTments,legacy_z_reset,173932,,0,0,-1,-1,1.0,1.0,1
ASSISTments,legacy_z_reset,187109,,0,0,-1,-1,1.0,1.0,1
ASSISTments,legacy_z_reset,176021,,1,0,20,-1,0.76,1.0,8
ASSISTments,legacy_z_reset,176000,,0,0,-1,-1,1.0,1.0,4
ASSISTments,legacy_z_reset,126226,,1,0,14,-1,0.52,1.0,11
ASSISTments,legacy_z_reset,122035,,0,0,-1,-1,1.0,1.0,4
ASSISTments,legacy_z_reset,176494,,0,0,-1,-1,1.0,1.0,1
ASSISTments,legacy_z_reset,125565,,0,0,-1,-1,1.0,1.0,1
ASSISTments,legacy_z_reset,92812,,1,0,21,-1,0.76,1.0,8
ASSISTments,legacy_z_reset,176940,,1,0,19,-1,0.68,1.0,7
ASSISTments,legacy_z_reset,125557,,0,0,-1,-1,1.0,1.0,2
ASSISTments,legacy_z_reset,125487,,1,0,16,-1,0.56,1.0,11
ASSISTments,legacy_z_reset,93673,,0,0,-1,-1,1.0,1.0,2
ASSISTments,legacy_z_reset,186842,,0,0,-1,-1,1.0,1.0,2
ASSISTments,legacy_z_reset,118578,,0,0,-1,-1,1.0,1.0,2
ASSISTments,legacy_z_reset,125584,,0,0,-1,-1,1.0,1.0,1
ASSISTments,legacy_z_reset,193613,,0,0,-1,-1,1.0,1.0,3
ASSISTments,legacy_z_reset,186889,,0,0,-1,-1,1.0,1.0,1
ASSISTments,legacy_z_reset,120126,,0,0,-1,-1,1.0,1.0,1
ASSISTments,legacy_z_reset,223733,,1,0,8,-1,0.24,1.0,13
ASSISTments,legacy_z_reset,170953,,0,0,-1,-1,1.0,1.0,3
ASSISTments,legacy_z_reset,187105,,0,0,-1,-1,1.0,1.0,2
ASSISTments,legacy_z_reset,175429,,0,0,-1,-1,1.0,1.0,0
ASSISTments,legacy_z_reset,179563,,0,0,-1,-1,1.0,1.0,3
ASSISTments,legacy_z_reset,92800,,0,0,-1,-1,1.0,1.0,5
ASSISTments,legacy_z_reset,176908,,0,0,-1,-1,1.0,1.0,0
ASSISTments,legacy_z_reset,201576,,0,0,-1,-1,1.0,1.0,3
ASSISTments,legacy_z_reset,184741,,0,0,-1,-1,1.0,1.0,1
ASSISTments,legacy_z_reset,177631,,0,0,-1,-1,1.0,1.0,1
ASSISTments,legacy_z_reset,125583,,0,0,-1,-1,1.0,1.0,3
ASSISTments,legacy_z_reset,176467,,0,0,-1,-1,1.0,1.0,1
ASSISTments,legacy_z_reset,176614,,0,0,-1,-1,1.0,1.0,0
ASSISTments,legacy_z_reset,92796,,0,0,-1,-1,1.0,1.0,2
ASSISTments,legacy_z_reset,179076,,0,0,-1,-1,1.0,1.0,1
ASSISTments,legacy_z_reset,122255,,0,0,-1,-1,1.0,1.0,3
ASSISTments,legacy_z_reset,186939,,0,0,-1,-1,1.0,1.0,1
ASSISTments,legacy_z_reset,186834,,1,0,14,-1,0.52,1.0,9
ASSISTments,legacy_z_reset,125416,,0,0,-1,-1,1.0,1.0,2
ASSISTments,legacy_z_reset,174107,,0,0,-1,-1,1.0,1.0,2
ASSISTments,legacy_z_reset,170997,,0,0,-1,-1,1.0,1.0,2
ASSISTments,legacy_z_reset,179654,,0,0,-1,-1,1.0,1.0,3
ASSISTments,legacy_z_reset,179237,,0,0,-1,-1,1.0,1.0,1
ASSISTments,legacy_z_reset,92724,,0,0,-1,-1,1.0,1.0,1
ASSISTments,legacy_z_reset,186508,,0,0,-1,-1,1.0,1.0,2
ASSISTments,legacy_z_reset,179236,,0,0,-1,-1,1.0,1.0,2
ASSISTments,legacy_z_reset,123173,,0,0,-1,-1,1.0,1.0,6
ASSISTments,legacy_z_reset,176242,,0,0,-1,-1,1.0,1.0,1
ASSISTments,legacy_z_reset,179006,,1,0,12,-1,0.4,1.0,3
ASSISTments,legacy_z_reset,179015,,0,0,-1,-1,1.0,1.0,1
ASSISTments,legacy_z_reset,175098,,0,0,-1,-1,1.0,1.0,4
ASSISTments,legacy_z_reset,175664,,0,0,-1,-1,1.0,1.0,2
ASSISTments,legacy_z_reset,126163,,0,0,-1,-1,0.96,1.0,1
ASSISTments,legacy_z_reset,176618,,0,0,-1,-1,1.0,1.0,2
ASSISTments,legacy_z_reset,175875,,0,0,-1,-1,1.0,1.0,5
ASSISTments,legacy_z_reset,172596,,0,0,-1,-1,0.96,1.0,0
ASSISTments,legacy_z_reset,178667,,1,0,19,-1,0.72,1.0,8
ASSISTments,legacy_z_reset,176705,,0,0,-1,-1,1.0,1.0,3
ASSISTments,legacy_z_reset,96960,,1,0,24,-1,0.92,1.0,8
ASSISTments,legacy_z_reset,222248,,0,0,-1,-1,1.0,1.0,1
ASSISTments,legacy_z_reset,176592,,0,0,-1,-1,1.0,1.0,0
ASSISTments,legacy_z_reset,184841,,1,0,15,-1,0.52,1.0,10
ASSISTments,legacy_z_reset,125665,,0,0,-1,-1,1.0,1.0,2
ASSISTments,legacy_z_reset,125585,,0,0,-1,-1,1.0,1.0,4
ASSISTments,legacy_z_reset,176026,,1,0,17,-1,0.6,1.0,9
ASSISTments,legacy_z_reset,186992,,0,0,-1,-1,1.0,1.0,2
ASSISTments,legacy_z_reset,177121,,1,0,14,-1,0.52,1.0,9
ASSISTments,legacy_z_reset,179571,,0,0,-1,-1,1.0,1.0,0
ASSISTments,legacy_z_reset,176007,,0,0,-1,-1,1.0,1.0,1
ASSISTments,legacy_z_reset,178872,,0,0,-1,-1,1.0,1.0,1
ASSISTments,legacy_z_reset,125845,,0,0,-1,-1,1.0,1.0,1
ASSISTments,legacy_z_reset,184826,,0,0,-1,-1,1.0,1.0,0
ASSISTments,legacy_z_reset,92713,,0,0,-1,-1,1.0,1.0,1
ASSISTments,legacy_z_reset,177119,,0,0,-1,-1,1.0,1.0,0
ASSISTments,legacy_z_reset,176503,,0,0,-1,-1,1.0,1.0,0
ASSISTments,legacy_z_reset,125813,,0,0,-1,-1,1.0,1.0,0
ASSISTments,legacy_z_reset,186886,,0,0,-1,-1,1.0,1.0,3
ASSISTments,legacy_z_reset,178889,,0,0,-1,-1,1.0,1.0,2
ASSISTments,legacy_z_reset,187714,,1,0,23,-1,0.88,1.0,9
ASSISTments,legacy_z_reset,120488,,0,0,-1,-1,1.0,1.0,3
ASSISTments,legacy_z_reset,179575,,1,0,13,-1,0.44,1.0,11
ASSISTments,legacy_z_reset,178219,,0,0,-1,-1,1.0,1.0,0
ASSISTments,legacy_z_reset,178546,,0,0,-1,-1,1.0,1.0,2
ASSISTments,legacy_z_reset,178176,,1,0,18,-1,0.64,1.0,8
ASSISTments,legacy_z_reset,124254,,1,0,20,-1,0.72,1.0,8
ASSISTments,legacy_z_reset,176600,,0,0,-1,-1,1.0,1.0,2
ASSISTments,legacy_z_reset,179668,,0,0,-1,-1,1.0,1.0,3
ASSISTments,legacy_z_reset,176418,,0,0,-1,-1,1.0,1.0,4
ASSISTments,legacy_z_reset,181162,,1,0,12,-1,0.44,1.0,10
ASSISTments,legacy_z_reset,177020,,0,0,-1,-1,1.0,1.0,2
ASSISTments,legacy_z_reset,174584,,0,0,-1,-1,1.0,1.0,2
ASSISTments,legacy_z_reset,176606,,0,0,-1,-1,1.0,1.0,1
ASSISTments,legacy_z_reset,178553,,1,0,14,-1,0.52,1.0,11
ASSISTments,legacy_z_reset,118643,,1,0,24,-1,0.92,1.0,7
ASSISTments,legacy_z_reset,178166,,1,0,9,-1,0.32,1.0,11
ASSISTments,legacy_z_reset,176881,,1,0,23,-1,0.84,1.0,6
ASSISTments,legacy_z_reset,151464,,0,0,-1,-1,0.96,1.0,6
ASSISTments,legacy_z_reset,103647,,0,0,-1,-1,1.0,1.0,0
ASSISTments,legacy_z_reset,186867,,0,0,-1,-1,1.0,1.0,1
ASSISTments,legacy_z_reset,176854,,0,0,-1,-1,1.0,1.0,2
ASSISTments,legacy_z_reset,178878,,0,0,-1,-1,1.0,1.0,0
ASSISTments,legacy_z_reset,178424,,0,0,-1,-1,1.0,1.0,0
ASSISTments,legacy_z_reset,126299,,0,0,-1,-1,1.0,1.0,1
ASSISTments,legacy_z_reset,178206,,1,0,9,-1,0.28,1.0,11
ASSISTments,legacy_z_reset,180044,,1,0,23,-1,0.84,1.0,5
ASSISTments,legacy_z_reset,218757,,0,0,-1,-1,1.0,1.0,0
ASSISTments,legacy_z_reset,177114,,0,0,-1,-1,1.0,1.0,2
ASSISTments,legacy_z_reset,174591,,0,0,-1,-1,1.0,1.0,2
ASSISTments,legacy_z_reset,186870,,0,0,-1,-1,1.0,1.0,2
ASSISTments,legacy_z_reset,171146,,0,0,-1,-1,1.0,1.0,1
ASSISTments,legacy_z_reset,177110,,0,0,-1,-1,1.0,1.0,1
ASSISTments,legacy_z_reset,176001,,0,0,-1,-1,1.0,1.0,1
ASSISTments,legacy_z_reset,179244,,0,0,-1,-1,1.0,1.0,0
ASSISTments,legacy_z_reset,176059,,0,0,-1,-1,1.0,1.0,2
ASSISTments,legacy_z_reset,177479,,0,0,-1,-1,1.0,1.0,1
ASSISTments,legacy_z_reset,175206,,0,0,-1,-1,1.0,1.0,1
ASSISTments,legacy_z_reset,126227,,0,0,-1,-1,1.0,1.0,1
ASSISTments,legacy_z_reset,178153,,0,0,-1,-1,1.0,1.0,2
ASSISTments,legacy_z_reset,124571,,0,0,-1,-1,1.0,1.0,2
ASSISTments,legacy_z_reset,171068,,0,0,-1,-1,1.0,1.0,1
ASSISTments,legacy_z_reset,176886,,1,0,9,-1,0.32,1.0,10
ASSISTments,legacy_z_reset,103652,,0,0,-1,-1,1.0,1.0,2
ASSISTments,legacy_z_reset,169659,,0,0,-1,-1,1.0,1.0,2
ASSISTments,legacy_z_reset,174571,,0,0,-1,-1,1.0,1.0,1
ASSISTments,legacy_z_reset,178573,,0,0,-1,-1,1.0,1.0,2
ASSISTments,legacy_z_reset,93523,,0,0,-1,-1,1.0,1.0,1
ASSISTments,legacy_z_reset,178877,,0,0,-1,-1,1.0,1.0,0
ASSISTments,legacy_z_reset,170996,,0,0,-1,-1,1.0,1.0,1
ASSISTments,legacy_z_reset,186839,,0,0,-1,-1,1.0,1.0,2
ASSISTments,legacy_z_reset,176255,,0,0,-1,-1,1.0,1.0,2
ASSISTments,legacy_z_reset,177476,,0,0,-1,-1,1.0,1.0,1
ASSISTments,legacy_z_reset,184743,,0,0,-1,-1,1.0,1.0,1
ASSISTments,legacy_z_reset,179240,,0,0,-1,-1,1.0,1.0,5
ASSISTments,legacy_z_reset,184633,,1,0,24,-1,0.8,1.0,7
ASSISTments,legacy_z_reset,170990,,1,0,9,-1,0.32,1.0,12
ASSISTments,legacy_z_reset,184789,,0,0,-1,-1,1.0,1.0,0
ASSISTments,legacy_z_reset,179018,,0,0,-1,-1,1.0,1.0,1
ASSISTments,legacy_z_reset,173138,,0,0,-1,-1,1.0,1.0,2
ASSISTments,legacy_z_reset,179166,,0,0,-1,-1,1.0,1.0,2
ASSISTments,legacy_z_reset,138924,,0,0,-1,-1,1.0,1.0,5
ASSISTments,legacy_z_reset,176095,,1,0,24,-1,0.88,1.0,6
ASSISTments,legacy_z_reset,175660,,0,0,-1,-1,1.0,1.0,2
ASSISTments,legacy_z_reset,176622,,0,0,-1,-1,1.0,1.0,2
ASSISTments,legacy_z_reset,123147,,0,0,-1,-1,1.0,1.0,1
ASSISTments,legacy_z_reset,170954,,0,0,-1,-1,1.0,1.0,1
ASSISTments,legacy_z_reset,118525,,0,0,-1,-1,1.0,1.0,2
ASSISTments,legacy_z_reset,177007,,1,0,8,-1,0.24,1.0,8
ASSISTments,legacy_z_reset,102088,,0,0,-1,-1,1.0,1.0,1
ASSISTments,legacy_z_reset,138102,,1,0,9,-1,0.32,1.0,6
ASSISTments,legacy_z_reset,125812,,0,0,-1,-1,1.0,1.0,0
ASSISTments,legacy_z_reset,178544,,0,0,-1,-1,1.0,1.0,2
ASSISTments,legacy_z_reset,177908,,0,0,-1,-1,1.0,1.0,0
ASSISTments,legacy_z_reset,222242,,0,0,-1,-1,1.0,1.0,0
ASSISTments,legacy_z_reset,179854,,0,0,-1,-1,1.0,1.0,0
ASSISTments,legacy_z_reset,118403,,1,0,14,-1,0.44,1.0,10
ASSISTments,legacy_z_reset,178541,,0,0,-1,-1,0.92,1.0,7
ASSISTments,legacy_z_reset,178876,,0,0,-1,-1,1.0,1.0,1
ASSISTments,legacy_z_reset,179946,,0,0,-1,-1,1.0,1.0,3
ASSISTments,legacy_z_reset,138927,,0,0,-1,-1,1.0,1.0,4
ASSISTments,legacy_z_reset,179750,,0,0,-1,-1,1.0,1.0,4
ASSISTments,legacy_z_reset,176971,,0,0,-1,-1,1.0,1.0,2
ASSISTments,legacy_z_reset,179010,,0,0,-1,-1,1.0,1.0,0
ASSISTments,legacy_z_reset,92699,,0,0,-1,-1,1.0,1.0,1
ASSISTments,legacy_z_reset,102347,,1,0,17,-1,0.56,1.0,9
ASSISTments,legacy_z_reset,178542,,0,0,-1,-1,1.0,1.0,1
ASSISTments,legacy_z_reset,186990,,0,0,-1,-1,1.0,1.0,3
ASSISTments,legacy_z_reset,122978,,1,0,12,-1,0.48,1.0,11
ASSISTments,legacy_z_reset,178819,,0,0,-1,-1,1.0,1.0,0
ASSISTments,legacy_z_reset,125566,,0,0,-1,-1,1.0,1.0,0
ASSISTments,legacy_z_reset,221069,,0,0,-1,-1,1.0,1.0,0
ASSISTments,legacy_z_reset,118636,,1,0,19,-1,0.72,1.0,9
ASSISTments,legacy_z_reset,125878,,0,0,-1,-1,1.0,1.0,2
ASSISTments,legacy_z_reset,177467,,0,0,-1,-1,0.96,1.0,5
ASSISTments,legacy_z_reset,125564,,0,0,-1,-1,1.0,1.0,1
ASSISTments,legacy_z_reset,177697,,1,0,16,-1,0.56,1.0,8
ASSISTments,legacy_z_reset,186844,,0,0,-1,-1,1.0,1.0,3
ASSISTments,legacy_z_reset,177904,,0,0,-1,-1,1.0,1.0,0
ASSISTments,legacy_z_reset,178449,,0,0,-1,-1,1.0,1.0,0
ASSISTments,legacy_z_reset,184734,,0,0,-1,-1,1.0,1.0,4
ASSISTments,legacy_z_reset,178874,,0,0,-1,-1,1.0,1.0,1
ASSISTments,legacy_z_reset,170989,,0,0,-1,-1,1.0,1.0,3
ASSISTments,legacy_z_reset,181196,,0,0,-1,-1,1.0,1.0,3
ASSISTments,legacy_z_reset,178069,,1,0,10,-1,0.28,1.0,10
ASSISTments,legacy_z_reset,96987,,1,0,23,-1,0.76,1.0,5
ASSISTments,legacy_z_reset,175661,,0,0,-1,-1,1.0,1.0,2
ASSISTments,legacy_z_reset,181266,,1,0,9,-1,0.32,1.0,11
ASSISTments,legacy_z_reset,124317,,1,0,18,-1,0.68,1.0,9
ASSISTments,legacy_z_reset,93671,,0,0,-1,-1,1.0,1.0,1
ASSISTments,legacy_z_reset,125890,,0,0,-1,-1,1.0,1.0,2
ASSISTments,legacy_z_reset,93551,,1,0,19,-1,0.64,1.0,6
ASSISTments,legacy_z_reset,176842,,0,0,-1,-1,1.0,1.0,1
ASSISTments,legacy_z_reset,125887,,0,0,-1,-1,1.0,1.0,2
ASSISTments,legacy_z_reset,126228,,0,0,-1,-1,1.0,1.0,0
ASSISTments,legacy_z_reset,187655,,0,0,-1,-1,1.0,1.0,2
ASSISTments,legacy_z_reset,176487,,0,0,-1,-1,1.0,1.0,1
ASSISTments,legacy_z_reset,170951,,0,0,-1,-1,1.0,1.0,3
ASSISTments,legacy_z_reset,122103,,1,0,8,-1,0.28,1.0,12
ASSISTments,legacy_z_reset,179455,,0,0,-1,-1,1.0,1.0,0
ASSISTments,legacy_z_reset,178844,,0,0,-1,-1,1.0,1.0,3
ASSISTments,legacy_z_reset,177464,,0,0,-1,-1,1.0,1.0,1
ASSISTments,legacy_z_reset,177716,,0,0,-1,-1,1.0,1.0,0
ASSISTments,legacy_z_reset,176225,,0,0,-1,-1,1.0,1.0,2
ASSISTments,legacy_z_reset,118617,,0,0,-1,-1,1.0,1.0,0
ASSISTments,legacy_z_reset,126233,,0,0,-1,-1,1.0,1.0,2
ASSISTments,legacy_z_reset,176421,,0,0,-1,-1,1.0,1.0,4
ASSISTments,legacy_z_reset,189824,,0,0,-1,-1,1.0,1.0,1
ASSISTments,legacy_z_reset,186875,,0,0,-1,-1,1.0,1.0,0
ASSISTments,legacy_z_reset,93684,,0,0,-1,-1,1.0,1.0,3
ASSISTments,legacy_z_reset,177465,,1,0,17,-1,0.56,1.0,7
ASSISTments,legacy_z_reset,176028,,0,0,-1,-1,1.0,1.0,1
ASSISTments,legacy_z_reset,124714,,0,0,-1,-1,1.0,1.0,0
ASSISTments,legacy_z_reset,125802,,0,0,-1,-1,1.0,1.0,1
ASSISTments,legacy_z_reset,175784,,0,0,-1,-1,1.0,1.0,3
ASSISTments,legacy_z_reset,176167,,0,0,-1,-1,1.0,1.0,0
ASSISTments,legacy_z_reset,96400,,0,0,-1,-1,1.0,1.0,1
ASSISTments,legacy_z_reset,179008,,0,0,-1,-1,1.0,1.0,1
ASSISTments,legacy_z_reset,125591,,0,0,-1,-1,1.0,1.0,4
ASSISTments,legacy_z_reset,179226,,0,0,-1,-1,1.0,1.0,3
ASSISTments,legacy_z_reset,181145,,0,0,-1,-1,1.0,1.0,1
ASSISTments,legacy_z_reset,179026,,0,0,-1,-1,1.0,1.0,1
ASSISTments,legacy_z_reset,171150,,0,0,-1,-1,1.0,1.0,1
ASSISTments,legacy_z_reset,177078,,0,0,-1,-1,1.0,1.0,5
ASSISTments,legacy_z_reset,177597,,0,0,-1,-1,1.0,1.0,1
ASSISTments,legacy_z_reset,223010,,0,0,-1,-1,1.0,1.0,1
ASSISTments,legacy_z_reset,125418,,0,0,-1,-1,1.0,1.0,2
ASSISTments,legacy_z_reset,176601,,0,0,-1,-1,1.0,1.0,1
ASSISTments,legacy_z_reset,184829,,0,0,-1,-1,1.0,1.0,0
ASSISTments,legacy_z_reset,176262,,0,0,-1,-1,1.0,1.0,1
ASSISTments,legacy_z_reset,179438,,0,0,-1,-1,1.0,1.0,3
ASSISTments,legacy_z_reset,93581,,1,0,14,-1,0.52,1.0,4
ASSISTments,legacy_z_reset,176586,,0,0,-1,-1,1.0,1.0,0
ASSISTments,legacy_z_reset,178826,,1,0,13,-1,0.44,1.0,11
ASSISTments,legacy_z_reset,126157,,1,0,18,-1,0.6,1.0,9
ASSISTments,legacy_z_reset,178550,,0,0,-1,-1,1.0,1.0,1
ASSISTments,legacy_z_reset,179851,,0,0,-1,-1,1.0,1.0,0
ASSISTments,legacy_z_reset,179448,,0,0,-1,-1,1.0,1.0,1
ASSISTments,legacy_z_reset,172488,,0,0,-1,-1,1.0,1.0,0
ASSISTments,legacy_z_reset,142621,,1,0,10,-1,0.32,1.0,12
ASSISTments,legacy_z_reset,177626,,0,0,-1,-1,1.0,1.0,0
ASSISTments,legacy_z_reset,178888,,0,0,-1,-1,1.0,1.0,1
ASSISTments,legacy_z_reset,178056,,0,0,-1,-1,1.0,1.0,1
ASSISTments,legacy_z_reset,177142,,0,0,-1,-1,1.0,1.0,0
ASSISTments,legacy_z_reset,92677,,0,0,-1,-1,1.0,1.0,6
ASSISTments,legacy_z_reset,179857,,0,0,-1,-1,1.0,1.0,1
ASSISTments,legacy_z_reset,179239,,0,0,-1,-1,1.0,1.0,1
ASSISTments,legacy_z_reset,175815,,0,0,-1,-1,1.0,1.0,1
ASSISTments,legacy_z_reset,176588,,0,0,-1,-1,1.0,1.0,3
ASSISTments,legacy_z_reset,177151,,0,0,-1,-1,1.0,1.0,3
ASSISTments,legacy_z_reset,176591,,0,0,-1,-1,1.0,1.0,2
ASSISTments,legacy_z_reset,179748,,0,0,-1,-1,1.0,1.0,6
ASSISTments,legacy_z_reset,176060,,0,0,-1,-1,1.0,1.0,0
ASSISTments,legacy_z_reset,92795,,0,0,-1,-1,1.0,1.0,4
ASSISTments,legacy_z_reset,92113,,1,0,7,-1,0.24,1.0,13
ASSISTments,legacy_z_reset,220012,,0,0,-1,-1,1.0,1.0,0
ASSISTments,legacy_z_reset,184733,,1,0,22,-1,0.8,1.0,7
ASSISTments,legacy_z_reset,176246,,1,0,9,-1,0.32,1.0,10
ASSISTments,legacy_z_reset,123151,,0,0,-1,-1,1.0,1.0,1
ASSISTments,legacy_z_reset,134658,,0,0,-1,-1,1.0,1.0,0
ASSISTments,legacy_z_reset,183343,,0,0,-1,-1,1.0,1.0,1
ASSISTments,legacy_z_reset,178656,,0,0,-1,-1,1.0,1.0,0
ASSISTments,legacy_z_reset,176253,,0,0,-1,-1,1.0,1.0,2
ASSISTments,legacy_z_reset,187104,,0,0,-1,-1,1.0,1.0,1
ASSISTments,legacy_z_reset,186835,,1,0,20,-1,0.76,1.0,8
ASSISTments,legacy_z_reset,186941,,0,0,-1,-1,1.0,1.0,1
ASSISTments,legacy_z_reset,178026,,0,0,-1,-1,0.96,1.0,6
ASSISTments,legacy_z_reset,92810,,0,0,-1,-1,1.0,1.0,3
ASSISTments,legacy_z_reset,179560,,0,0,-1,-1,1.0,1.0,1
ASSISTments,legacy_z_reset,184894,,0,0,-1,-1,1.0,1.0,3
ASSISTments,legacy_z_reset,176024,,0,0,-1,-1,1.0,1.0,2
ASSISTments,legacy_z_reset,178579,,0,0,-1,-1,1.0,1.0,1
ASSISTments,legacy_z_reset,148313,,0,0,-1,-1,1.0,1.0,1
ASSISTments,legacy_z_reset,179158,,1,0,14,-1,0.52,1.0,10
ASSISTments,legacy_z_reset,176714,,1,0,19,-1,0.68,1.0,3
ASSISTments,legacy_z_reset,178032,,0,0,-1,-1,1.0,1.0,3
ASSISTments,legacy_z_reset,125893,,0,0,-1,-1,1.0,1.0,1
ASSISTments,legacy_z_reset,171134,,0,0,-1,-1,1.0,1.0,1
ASSISTments,legacy_z_reset,178444,,0,0,-1,-1,1.0,1.0,2
ASSISTments,legacy_z_reset,175884,,1,0,14,-1,0.52,1.0,5
ASSISTments,legacy_z_reset,184860,,0,0,-1,-1,1.0,1.0,2
ASSISTments,legacy_z_reset,176420,,0,0,-1,-1,1.0,1.0,2
ASSISTments,legacy_z_reset,118634,,0,0,-1,-1,1.0,1.0,1
ASSISTments,legacy_z_reset,176949,,1,0,21,-1,0.8,1.0,5
ASSISTments,legacy_z_reset,170986,,0,0,-1,-1,1.0,1.0,0
ASSISTments,legacy_z_reset,184770,,0,0,-1,-1,1.0,1.0,0
ASSISTments,legacy_z_reset,178074,,0,0,-1,-1,1.0,1.0,4
ASSISTments,legacy_z_reset,175117,,0,0,-1,-1,1.0,1.0,4
ASSISTments,legacy_z_reset,179753,,1,0,23,-1,0.88,1.0,4
ASSISTments,legacy_z_reset,92723,,0,0,-1,-1,1.0,1.0,1
ASSISTments,legacy_z_reset,93526,,0,0,-1,-1,1.0,1.0,2
ASSISTments,legacy_z_reset,178820,,0,0,-1,-1,1.0,1.0,1
ASSISTments,legacy_z_reset,92799,,0,0,-1,-1,1.0,1.0,1
ASSISTments,legacy_z_reset,92776,,0,0,-1,-1,1.0,1.0,1
ASSISTments,legacy_z_reset,174599,,0,0,-1,-1,1.0,1.0,0
ASSISTments,legacy_z_reset,179194,,0,0,-1,-1,1.0,1.0,2
ASSISTments,legacy_z_reset,186872,,0,0,-1,-1,1.0,1.0,2
ASSISTments,legacy_z_reset,175653,,0,0,-1,-1,1.0,1.0,0
ASSISTments,legacy_z_reset,178821,,1,0,23,-1,0.84,1.0,5
ASSISTments,legacy_z_reset,176595,,1,0,22,-1,0.84,1.0,4
ASSISTments,legacy_z_reset,92707,,0,0,-1,-1,0.96,1.0,3
ASSISTments,legacy_z_reset,119334,,0,0,-1,-1,1.0,1.0,0
ASSISTments,legacy_z_reset,178078,,0,0,-1,-1,1.0,1.0,1
ASSISTments,legacy_z_reset,176873,,0,0,-1,-1,1.0,1.0,2
ASSISTments,legacy_z_reset,170950,,0,0,-1,-1,1.0,1.0,2
ASSISTments,legacy_z_reset,179451,,0,0,-1,-1,1.0,1.0,1
ASSISTments,legacy_z_reset,118600,,0,0,-1,-1,1.0,1.0,1
ASSISTments,legacy_z_reset,178179,,1,0,11,-1,0.36,1.0,10
ASSISTments,legacy_z_reset,175426,,1,0,13,-1,0.48,1.0,11
ASSISTments,legacy_z_reset,221054,,0,0,-1,-1,1.0,1.0,0
ASSISTments,legacy_z_reset,180511,,1,0,10,-1,0.32,1.0,9
ASSISTments,legacy_z_reset,169527,,0,0,-1,-1,1.0,1.0,2
ASSISTments,legacy_z_reset,186866,,0,0,-1,-1,1.0,1.0,1
ASSISTments,legacy_z_reset,126232,,0,0,-1,-1,1.0,1.0,1
ASSISTments,legacy_z_reset,177897,,0,0,-1,-1,1.0,1.0,0
ASSISTments,legacy_z_reset,183826,,0,0,-1,-1,1.0,1.0,3
ASSISTments,legacy_z_reset,221579,,1,0,9,-1,0.28,1.0,12
ASSISTments,legacy_z_reset,124227,,0,0,-1,-1,0.96,1.0,7
ASSISTments,legacy_z_reset,189783,,0,0,-1,-1,1.0,1.0,2
ASSISTments,legacy_z_reset,179611,,0,0,-1,-1,1.0,1.0,1
ASSISTments,legacy_z_reset,192080,,0,0,-1,-1,1.0,1.0,4
ASSISTments,legacy_z_reset,177892,,0,0,-1,-1,1.0,1.0,2
ASSISTments,legacy_z_reset,171144,,0,0,-1,-1,1.0,1.0,1
ASSISTments,legacy_z_reset,177687,,1,0,13,-1,0.48,1.0,8
ASSISTments,legacy_z_reset,175210,,0,0,-1,-1,1.0,1.0,1
ASSISTments,legacy_z_reset,120400,,1,0,24,-1,0.92,1.0,7
ASSISTments,legacy_z_reset,101944,,0,0,-1,-1,1.0,1.0,0
ASSISTments,legacy_z_reset,169808,,0,0,-1,-1,1.0,1.0,1
ASSISTments,legacy_z_reset,117497,,1,0,9,-1,0.32,1.0,10
ASSISTments,legacy_z_reset,176101,,0,0,-1,-1,1.0,1.0,2
ASSISTments,legacy_z_reset,187107,,1,0,11,-1,0.36,1.0,11
ASSISTments,legacy_z_reset,176309,,0,0,-1,-1,1.0,1.0,3
ASSISTments,legacy_z_reset,176504,,0,0,-1,-1,1.0,1.0,0
ASSISTments,legacy_z_reset,179009,,0,0,-1,-1,1.0,1.0,0
ASSISTments,legacy_z_reset,175655,,0,0,-1,-1,1.0,1.0,2
ASSISTments,legacy_z_reset,178555,,0,0,-1,-1,1.0,1.0,0
ASSISTments,legacy_z_reset,178582,,0,0,-1,-1,1.0,1.0,1
ASSISTments,legacy_z_reset,170962,,0,0,-1,-1,1.0,1.0,2
ASSISTments,legacy_z_reset,180121,,1,0,14,-1,0.52,1.0,10
ASSISTments,legacy_z_reset,179178,,1,0,13,-1,0.48,1.0,9
ASSISTments,legacy_z_reset,178638,,0,0,-1,-1,1.0,1.0,1
ASSISTments,legacy_z_reset,176678,,0,0,-1,-1,1.0,1.0,1
ASSISTments,legacy_z_reset,134716,,0,0,-1,-1,1.0,1.0,3
ASSISTments,legacy_z_reset,118426,,1,0,8,-1,0.28,1.0,12
ASSISTments,legacy_z_reset,93575,,0,0,-1,-1,1.0,1.0,2
ASSISTments,legacy_z_reset,176901,,0,0,-1,-1,1.0,1.0,2
ASSISTments,legacy_z_reset,125553,,0,0,-1,-1,1.0,1.0,5
ASSISTments,legacy_z_reset,179852,,0,0,-1,-1,1.0,1.0,0
ASSISTments,legacy_z_reset,125919,,1,0,22,-1,0.8,1.0,8
ASSISTments,legacy_z_reset,126229,,0,0,-1,-1,1.0,1.0,1
ASSISTments,legacy_z_reset,183429,,0,0,-1,-1,1.0,1.0,5
ASSISTments,legacy_z_reset,177193,,1,0,22,-1,0.8,1.0,7
ASSISTments,legacy_z_reset,129769,,0,0,-1,-1,1.0,1.0,2
ASSISTments,legacy_z_reset,181183,,0,0,-1,-1,1.0,1.0,2
ASSISTments,legacy_z_reset,174023,,0,0,-1,-1,1.0,1.0,0
ASSISTments,legacy_z_reset,122712,,0,0,-1,-1,1.0,1.0,6
ASSISTments,legacy_z_reset,176885,,0,0,-1,-1,1.0,1.0,6
ASSISTments,legacy_z_reset,122186,,0,0,-1,-1,1.0,1.0,0
ASSISTments,legacy_z_reset,179657,,0,0,-1,-1,1.0,1.0,0
ASSISTments,legacy_z_reset,178692,,0,0,-1,-1,1.0,1.0,0
ASSISTments,legacy_z_reset,176415,,0,0,-1,-1,1.0,1.0,0
ASSISTments,legacy_z_reset,92685,,0,0,-1,-1,1.0,1.0,7
ASSISTments,legacy_z_reset,177707,,0,0,-1,-1,0.96,1.0,4
ASSISTments,legacy_z_reset,184729,,0,0,-1,-1,1.0,1.0,1
ASSISTments,legacy_z_reset,92777,,0,0,-1,-1,1.0,1.0,1
ASSISTments,legacy_z_reset,178887,,0,0,-1,-1,1.0,1.0,0
ASSISTments,legacy_z_reset,181155,,1,0,16,-1,0.52,1.0,9
ASSISTments,legacy_z_reset,176321,,1,0,17,-1,0.64,1.0,9
ASSISTments,legacy_z_reset,178286,,1,0,13,-1,0.48,1.0,10
ASSISTments,legacy_z_reset,178828,,1,0,20,-1,0.76,1.0,8
ASSISTments,legacy_z_reset,177466,,0,0,-1,-1,1.0,1.0,5
ASSISTments,legacy_z_reset,178859,,0,0,-1,-1,1.0,1.0,3
ASSISTments,legacy_z_reset,177205,,0,0,-1,-1,1.0,1.0,0
ASSISTments,legacy_z_reset,176230,,0,0,-1,-1,1.0,1.0,2
ASSISTments,legacy_z_reset,183456,,1,0,24,-1,0.92,1.0,7
ASSISTments,legacy_z_reset,177075,,1,0,14,-1,0.52,1.0,10
ASSISTments,legacy_z_reset,176158,,0,0,-1,-1,1.0,1.0,0
ASSISTments,legacy_z_reset,179758,,0,0,-1,-1,1.0,1.0,4
ASSISTments,legacy_z_reset,122100,,0,0,-1,-1,1.0,1.0,1
ASSISTments,legacy_z_reset,180043,,0,0,-1,-1,1.0,1.0,3
ASSISTments,legacy_z_reset,177757,,0,0,-1,-1,1.0,1.0,5
ASSISTments,legacy_z_reset,179242,,0,0,-1,-1,1.0,1.0,0
ASSISTments,legacy_z_reset,178829,,0,0,-1,-1,1.0,1.0,0
ASSISTments,legacy_z_reset,176723,,1,0,22,-1,0.76,1.0,5
ASSISTments,legacy_z_reset,184782,,1,0,18,-1,0.68,1.0,8
ASSISTments,legacy_z_reset,126737,,0,0,-1,-1,1.0,1.0,2
ASSISTments,legacy_z_reset,178058,,1,0,16,-1,0.56,1.0,2
ASSISTments,legacy_z_reset,176243,,0,0,-1,-1,1.0,1.0,0
ASSISTments,legacy_z_reset,179938,,0,0,-1,-1,1.0,1.0,1
ASSISTments,legacy_z_reset,124637,,0,0,-1,-1,1.0,1.0,0
ASSISTments,legacy_z_reset,177477,,0,0,-1,-1,1.0,1.0,0
ASSISTments,legacy_z_reset,118666,,0,0,-1,-1,1.0,1.0,1
ASSISTments,legacy_z_reset,92680,,1,0,16,-1,0.56,1.0,10
ASSISTments,legacy_z_reset,190047,,1,0,22,-1,0.8,1.0,7
ASSISTments,legacy_z_reset,177893,,0,0,-1,-1,1.0,1.0,0
ASSISTments,legacy_z_reset,181380,,0,0,-1,-1,1.0,1.0,1
OULAD,revised,FFF|2013B|496491,Distinction,0,0,-1,-1,1.0,1.0,5
OULAD,revised,BBB|2013J|566346,Distinction,0,0,-1,-1,1.0,1.0,4
OULAD,revised,AAA|2014J|287210,Pass,0,0,-1,-1,1.0,1.0,2
OULAD,revised,FFF|2014B|416302,Pass,0,0,-1,-1,1.0,1.0,6
OULAD,revised,CCC|2014B|554951,Pass,0,0,-1,-1,1.0,1.0,0
OULAD,revised,BBB|2014J|689139,Pass,0,0,-1,-1,1.0,1.0,1
OULAD,revised,BBB|2014J|644069,Pass,0,0,-1,-1,1.0,1.0,0
OULAD,revised,BBB|2013J|609815,Pass,0,0,-1,-1,1.0,1.0,0
OULAD,revised,FFF|2014B|2561862,Distinction,0,0,-1,-1,1.0,1.0,6
OULAD,revised,BBB|2013J|517352,Pass,0,0,-1,-1,1.0,1.0,1
OULAD,revised,FFF|2013J|283953,Distinction,0,0,-1,-1,1.0,1.0,3
OULAD,revised,FFF|2014B|39882,Pass,0,0,-1,-1,1.0,1.0,1
OULAD,revised,GGG|2014B|624714,Distinction,0,0,-1,-1,1.0,1.0,1
OULAD,revised,EEE|2013J|594199,Pass,0,0,-1,-1,1.0,1.0,6
OULAD,revised,BBB|2013J|2420909,Pass,0,0,-1,-1,1.0,1.0,0
OULAD,revised,EEE|2014J|620782,Pass,0,0,-1,-1,1.0,1.0,1
OULAD,revised,DDD|2013J|576949,Pass,0,0,-1,-1,1.0,1.0,0
OULAD,revised,AAA|2014J|687698,Pass,0,0,-1,-1,1.0,1.0,0
OULAD,revised,AAA|2014J|470982,Pass,0,0,-1,-1,1.0,1.0,1
OULAD,revised,BBB|2013J|385820,Pass,0,0,-1,-1,1.0,1.0,2
OULAD,revised,BBB|2014J|626139,Pass,0,0,-1,-1,1.0,1.0,0
OULAD,revised,BBB|2014J|656200,Pass,0,0,-1,-1,1.0,1.0,0
OULAD,revised,DDD|2014J|675993,Pass,0,0,-1,-1,1.0,1.0,1
OULAD,revised,EEE|2014J|653801,Pass,0,0,-1,-1,1.0,1.0,2
OULAD,revised,AAA|2014J|330594,Pass,0,0,-1,-1,1.0,1.0,1
OULAD,revised,EEE|2014B|555756,Distinction,0,0,-1,-1,1.0,1.0,0
OULAD,revised,BBB|2014J|401317,Pass,0,0,-1,-1,1.0,1.0,0
OULAD,revised,FFF|2013J|594547,Pass,0,0,-1,-1,1.0,1.0,4
OULAD,revised,FFF|2013B|538202,Pass,0,0,-1,-1,1.0,1.0,0
OULAD,revised,FFF|2013J|574874,Distinction,0,0,-1,-1,1.0,1.0,11
OULAD,revised,EEE|2013J|592997,Pass,0,0,-1,-1,1.0,1.0,1
OULAD,revised,DDD|2013J|572697,Pass,0,0,-1,-1,1.0,1.0,0
OULAD,revised,BBB|2014J|634772,Pass,0,0,-1,-1,1.0,1.0,1
OULAD,revised,DDD|2014B|539451,Pass,0,0,-1,-1,1.0,1.0,1
OULAD,revised,EEE|2014J|605294,Distinction,0,0,-1,-1,1.0,1.0,3
OULAD,revised,CCC|2014B|575824,Pass,0,0,-1,-1,1.0,1.0,3
OULAD,revised,FFF|2014J|646074,Pass,0,0,-1,-1,1.0,1.0,6
OULAD,revised,GGG|2013J|602711,Distinction,0,0,-1,-1,1.0,1.0,1
OULAD,revised,AAA|2013J|241649,Pass,0,0,-1,-1,1.0,1.0,1
OULAD,revised,FFF|2014B|622442,Pass,0,0,-1,-1,1.0,1.0,3
OULAD,revised,FFF|2014J|641401,Distinction,0,0,-1,-1,1.0,1.0,2
OULAD,revised,BBB|2014B|542547,Pass,0,0,-1,-1,1.0,1.0,0
OULAD,revised,FFF|2013J|571831,Pass,0,0,-1,-1,1.0,1.0,3
OULAD,revised,DDD|2013J|578906,Distinction,0,0,-1,-1,1.0,1.0,1
OULAD,revised,CCC|2014J|645334,Distinction,0,0,-1,-1,1.0,1.0,4
OULAD,revised,CCC|2014B|573558,Pass,0,0,-1,-1,1.0,1.0,1
OULAD,revised,BBB|2014B|437171,Pass,0,0,-1,-1,1.0,1.0,0
OULAD,revised,BBB|2014J|606391,Pass,0,0,-1,-1,1.0,1.0,1
OULAD,revised,FFF|2014B|628117,Pass,0,0,-1,-1,1.0,1.0,0
OULAD,revised,CCC|2014J|633179,Pass,0,0,-1,-1,1.0,1.0,1
OULAD,revised,BBB|2013J|514864,Pass,0,0,-1,-1,1.0,1.0,1
OULAD,revised,BBB|2013J|365631,Pass,0,0,-1,-1,1.0,1.0,1
OULAD,revised,DDD|2013B|542293,Pass,0,0,-1,-1,1.0,1.0,1
OULAD,revised,BBB|2013J|440563,Pass,0,0,-1,-1,1.0,1.0,11
OULAD,revised,DDD|2013B|166988,Pass,0,0,-1,-1,1.0,1.0,1
OULAD,revised,GGG|2013J|522731,Pass,0,0,-1,-1,1.0,1.0,1
OULAD,revised,CCC|2014J|654016,Pass,0,0,-1,-1,1.0,1.0,0
OULAD,revised,EEE|2014J|656134,Distinction,0,0,-1,-1,1.0,1.0,1
OULAD,revised,CCC|2014B|329673,Pass,0,0,-1,-1,1.0,1.0,3
OULAD,revised,FFF|2014J|643273,Pass,0,0,-1,-1,1.0,1.0,5
OULAD,revised,BBB|2013B|374234,Pass,0,0,-1,-1,1.0,1.0,1
OULAD,revised,FFF|2013J|610258,Pass,0,0,-1,-1,1.0,1.0,2
OULAD,revised,DDD|2014B|623164,Pass,0,0,-1,-1,1.0,1.0,1
OULAD,revised,EEE|2013J|573336,Pass,0,0,-1,-1,1.0,1.0,1
OULAD,revised,BBB|2013J|590667,Distinction,0,0,-1,-1,1.0,1.0,1
OULAD,revised,GGG|2014J|682001,Pass,0,0,-1,-1,1.0,1.0,1
OULAD,revised,DDD|2013B|536926,Pass,0,0,-1,-1,1.0,1.0,1
OULAD,revised,BBB|2013B|561452,Distinction,0,0,-1,-1,1.0,1.0,1
OULAD,revised,EEE|2013J|610503,Pass,0,0,-1,-1,1.0,1.0,0
OULAD,revised,CCC|2014B|633281,Distinction,0,0,-1,-1,1.0,1.0,0
OULAD,revised,FFF|2014J|683352,Pass,0,0,-1,-1,1.0,1.0,2
OULAD,revised,FFF|2013B|308363,Pass,0,0,-1,-1,1.0,1.0,1
OULAD,revised,FFF|2013B|144747,Distinction,0,0,-1,-1,1.0,1.0,2
OULAD,revised,GGG|2014B|611612,Pass,0,0,-1,-1,1.0,1.0,0
OULAD,revised,GGG|2013J|591804,Distinction,0,0,-1,-1,1.0,1.0,1
OULAD,revised,DDD|2013B|2377623,Pass,0,0,-1,-1,1.0,1.0,3
OULAD,revised,EEE|2014J|2173643,Pass,0,0,-1,-1,1.0,1.0,2
OULAD,revised,BBB|2014J|2401304,Pass,0,0,-1,-1,1.0,1.0,1
OULAD,revised,FFF|2013J|579737,Pass,0,0,-1,-1,1.0,1.0,2
OULAD,revised,BBB|2013B|550708,Pass,0,0,-1,-1,1.0,1.0,1
OULAD,revised,BBB|2013B|426650,Pass,0,0,-1,-1,1.0,1.0,0
OULAD,revised,FFF|2013B|558098,Pass,0,0,-1,-1,1.0,1.0,4
OULAD,revised,BBB|2014J|649824,Distinction,0,0,-1,-1,1.0,1.0,1
OULAD,revised,FFF|2014J|1603549,Pass,0,0,-1,-1,1.0,1.0,1
OULAD,revised,CCC|2014B|625782,Pass,0,0,-1,-1,1.0,1.0,1
OULAD,revised,BBB|2013B|74695,Distinction,0,0,-1,-1,1.0,1.0,4
OULAD,revised,GGG|2013J|583607,Pass,0,0,-1,-1,1.0,1.0,0
OULAD,revised,BBB|2014J|656227,Distinction,0,0,-1,-1,1.0,1.0,1
OULAD,revised,GGG|2013J|598139,Pass,0,0,-1,-1,1.0,1.0,0
OULAD,revised,BBB|2013J|501208,Pass,0,0,-1,-1,1.0,1.0,1
OULAD,revised,DDD|2013B|543340,Pass,0,0,-1,-1,1.0,1.0,4
OULAD,revised,CCC|2014B|574817,Distinction,0,0,-1,-1,1.0,1.0,0
OULAD,revised,DDD|2014B|594078,Pass,0,0,-1,-1,1.0,1.0,1
OULAD,revised,FFF|2013B|446440,Pass,0,0,-1,-1,1.0,1.0,2
OULAD,revised,FFF|2014J|690628,Pass,0,0,-1,-1,1.0,1.0,3
OULAD,revised,DDD|2013B|2683836,Pass,0,0,-1,-1,1.0,1.0,0
OULAD,revised,BBB|2014B|569864,Pass,0,0,-1,-1,1.0,1.0,0
OULAD,revised,DDD|2013B|441201,Pass,0,0,-1,-1,1.0,1.0,1
OULAD,revised,CCC|2014J|693938,Pass,0,0,-1,-1,1.0,1.0,4
OULAD,revised,BBB|2014J|581866,Pass,0,0,-1,-1,1.0,1.0,1
OULAD,revised,FFF|2013J|2239746,Pass,0,0,-1,-1,1.0,1.0,8
OULAD,revised,CCC|2014B|417820,Pass,0,0,-1,-1,1.0,1.0,0
OULAD,revised,FFF|2013J|575956,Pass,0,0,-1,-1,1.0,1.0,1
OULAD,revised,FFF|2013J|465893,Distinction,0,0,-1,-1,1.0,1.0,4
OULAD,revised,FFF|2013B|534431,Pass,0,0,-1,-1,1.0,1.0,5
OULAD,revised,BBB|2013B|552929,Pass,0,0,-1,-1,1.0,1.0,1
OULAD,revised,EEE|2014J|684567,Pass,0,0,-1,-1,1.0,1.0,0
OULAD,revised,FFF|2013B|432222,Pass,0,0,-1,-1,1.0,1.0,3
OULAD,revised,BBB|2014B|616670,Pass,0,0,-1,-1,1.0,1.0,3
OULAD,revised,EEE|2013J|564700,Pass,0,0,-1,-1,1.0,1.0,2
OULAD,revised,FFF|2013J|609537,Distinction,0,0,-1,-1,1.0,1.0,6
OULAD,revised,BBB|2014J|689131,Pass,0,0,-1,-1,1.0,1.0,0
OULAD,revised,BBB|2014B|573496,Pass,0,0,-1,-1,1.0,1.0,0
OULAD,revised,DDD|2014B|627397,Distinction,0,0,-1,-1,1.0,1.0,1
OULAD,revised,DDD|2013B|540605,Pass,0,0,-1,-1,1.0,1.0,0
OULAD,revised,CCC|2014B|494919,Pass,0,0,-1,-1,1.0,1.0,0
OULAD,revised,GGG|2014J|689433,Pass,0,0,-1,-1,1.0,1.0,1
OULAD,revised,FFF|2013B|500230,Distinction,0,0,-1,-1,1.0,1.0,8
OULAD,revised,FFF|2013J|524974,Pass,0,0,-1,-1,1.0,1.0,1
OULAD,revised,EEE|2014B|291674,Distinction,0,0,-1,-1,1.0,1.0,1
OULAD,revised,BBB|2014J|630834,Pass,0,0,-1,-1,1.0,1.0,0
OULAD,revised,FFF|2013J|485885,Pass,0,0,-1,-1,1.0,1.0,2
OULAD,revised,CCC|2014J|592310,Distinction,0,0,-1,-1,1.0,1.0,2
OULAD,revised,GGG|2013J|279747,Distinction,0,0,-1,-1,1.0,1.0,9
OULAD,revised,FFF|2014B|632705,Pass,0,0,-1,-1,1.0,1.0,1
OULAD,revised,FFF|2014J|2140300,Pass,0,0,-1,-1,1.0,1.0,5
OULAD,revised,BBB|2013B|517617,Pass,0,0,-1,-1,1.0,1.0,1
OULAD,revised,BBB|2014J|651324,Pass,0,0,-1,-1,1.0,1.0,0
OULAD,revised,FFF|2014J|675225,Pass,0,0,-1,-1,1.0,1.0,2
OULAD,revised,AAA|2014J|85144,Pass,0,0,-1,-1,1.0,1.0,0
OULAD,revised,FFF|2014J|640278,Pass,0,0,-1,-1,1.0,1.0,11
OULAD,revised,CCC|2014J|549706,Pass,0,0,-1,-1,1.0,1.0,0
OULAD,revised,DDD|2013J|379124,Pass,0,0,-1,-1,1.0,1.0,0
OULAD,revised,CCC|2014B|429185,Distinction,0,0,-1,-1,1.0,1.0,3
OULAD,revised,BBB|2013B|547390,Pass,0,0,-1,-1,1.0,1.0,1
OULAD,revised,BBB|2014J|586652,Pass,0,0,-1,-1,1.0,1.0,0
OULAD,revised,GGG|2014J|642989,Pass,0,0,-1,-1,1.0,1.0,0
OULAD,revised,EEE|2014B|617455,Pass,0,0,-1,-1,1.0,1.0,0
OULAD,revised,GGG|2014B|2392554,Pass,0,0,-1,-1,1.0,1.0,1
OULAD,revised,FFF|2013J|596687,Distinction,0,0,-1,-1,1.0,1.0,2
OULAD,revised,CCC|2014J|537811,Distinction,0,0,-1,-1,1.0,1.0,7
OULAD,revised,BBB|2014J|596513,Pass,0,0,-1,-1,1.0,1.0,1
OULAD,revised,FFF|2013B|549626,Pass,0,0,-1,-1,1.0,1.0,4
OULAD,revised,DDD|2014J|647166,Pass,0,0,-1,-1,1.0,1.0,7
OULAD,revised,DDD|2013J|248961,Pass,0,0,-1,-1,1.0,1.0,0
OULAD,revised,GGG|2014B|607762,Distinction,0,0,-1,-1,1.0,1.0,0
OULAD,revised,GGG|2014J|645730,Pass,0,0,-1,-1,1.0,1.0,0
OULAD,revised,FFF|2013B|522923,Pass,0,0,-1,-1,1.0,1.0,2
OULAD,revised,DDD|2014B|621883,Distinction,0,0,-1,-1,1.0,1.0,1
OULAD,revised,BBB|2013J|614064,Pass,0,0,-1,-1,1.0,1.0,0
OULAD,revised,CCC|2014B|351577,Pass,0,0,-1,-1,1.0,1.0,0
OULAD,revised,BBB|2013J|609817,Pass,0,0,-1,-1,1.0,1.0,0
OULAD,revised,BBB|2014J|690469,Pass,0,0,-1,-1,1.0,1.0,2
OULAD,revised,FFF|2014B|511912,Distinction,0,0,-1,-1,1.0,1.0,4
OULAD,revised,EEE|2014B|559518,Pass,0,0,-1,-1,1.0,1.0,0
OULAD,revised,EEE|2013J|578820,Pass,0,0,-1,-1,1.0,1.0,0
OULAD,revised,CCC|2014B|2639310,Pass,0,0,-1,-1,1.0,1.0,0
OULAD,revised,FFF|2014B|550097,Pass,0,0,-1,-1,1.0,1.0,1
OULAD,revised,EEE|2014J|515977,Distinction,0,0,-1,-1,1.0,1.0,1
OULAD,revised,DDD|2013J|591891,Pass,0,0,-1,-1,1.0,1.0,1
OULAD,revised,GGG|2014B|631392,Distinction,0,0,-1,-1,1.0,1.0,2
OULAD,revised,EEE|2014J|472762,Distinction,0,0,-1,-1,1.0,1.0,1
OULAD,revised,DDD|2013J|331404,Pass,0,0,-1,-1,1.0,1.0,1
OULAD,revised,DDD|2013B|241922,Pass,0,0,-1,-1,1.0,1.0,0
OULAD,revised,BBB|2014J|629053,Pass,0,0,-1,-1,1.0,1.0,1
OULAD,revised,BBB|2013J|607892,Distinction,0,0,-1,-1,1.0,1.0,0
OULAD,revised,DDD|2014J|684854,Pass,0,0,-1,-1,1.0,1.0,1
OULAD,revised,DDD|2014J|625283,Pass,0,0,-1,-1,1.0,1.0,0
OULAD,revised,BBB|2013J|30091,Pass,0,0,-1,-1,1.0,1.0,1
OULAD,revised,FFF|2014B|617201,Pass,0,0,-1,-1,1.0,1.0,1
OULAD,revised,BBB|2013B|441255,Distinction,0,0,-1,-1,1.0,1.0,1
OULAD,revised,GGG|2013J|590864,Pass,0,0,-1,-1,1.0,1.0,0
OULAD,revised,BBB|2013J|560773,Pass,0,0,-1,-1,1.0,1.0,0
OULAD,revised,BBB|2014B|355147,Pass,0,0,-1,-1,1.0,1.0,1
OULAD,revised,FFF|2013B|2678429,Pass,0,0,-1,-1,1.0,1.0,6
OULAD,revised,BBB|2014B|549190,Pass,0,0,-1,-1,1.0,1.0,0
OULAD,revised,FFF|2014J|561231,Pass,0,0,-1,-1,1.0,1.0,6
OULAD,revised,FFF|2013J|379843,Pass,0,0,-1,-1,1.0,1.0,4
OULAD,revised,DDD|2013J|577414,Pass,0,0,-1,-1,1.0,1.0,1
OULAD,revised,EEE|2014J|646502,Pass,0,0,-1,-1,1.0,1.0,0
OULAD,revised,BBB|2013B|541764,Pass,0,0,-1,-1,1.0,1.0,0
OULAD,revised,DDD|2013B|555740,Pass,0,0,-1,-1,1.0,1.0,1
OULAD,revised,DDD|2013B|547445,Pass,0,0,-1,-1,1.0,1.0,0
OULAD,revised,EEE|2014J|645889,Pass,0,0,-1,-1,1.0,1.0,0
OULAD,revised,DDD|2014B|90537,Pass,0,0,-1,-1,1.0,1.0,0
OULAD,revised,EEE|2013J|499881,Pass,0,0,-1,-1,1.0,1.0,0
OULAD,revised,BBB|2014J|695535,Pass,0,0,-1,-1,1.0,1.0,0
OULAD,revised,EEE|2013J|943374,Pass,0,0,-1,-1,1.0,1.0,4
OULAD,revised,GGG|2013J|590540,Distinction,0,0,-1,-1,1.0,1.0,2
OULAD,revised,AAA|2013J|306107,Pass,0,0,-1,-1,1.0,1.0,1
OULAD,revised,FFF|2013J|371247,Pass,0,0,-1,-1,1.0,1.0,0
OULAD,revised,FFF|2013J|599663,Pass,0,0,-1,-1,1.0,1.0,3
OULAD,revised,BBB|2013J|572447,Pass,0,0,-1,-1,1.0,1.0,0
OULAD,revised,FFF|2013J|400145,Pass,0,0,-1,-1,1.0,1.0,1
OULAD,revised,GGG|2014B|608263,Distinction,0,0,-1,-1,1.0,1.0,0
OULAD,revised,EEE|2013J|574608,Pass,0,0,-1,-1,1.0,1.0,2
OULAD,revised,FFF|2014B|596601,Pass,0,0,-1,-1,1.0,1.0,1
OULAD,revised,CCC|2014B|410699,Pass,0,0,-1,-1,1.0,1.0,1
OULAD,revised,FFF|2014B|632947,Pass,0,0,-1,-1,1.0,1.0,1
OULAD,revised,FFF|2013B|508068,Pass,0,0,-1,-1,1.0,1.0,0
OULAD,revised,CCC|2014J|645216,Distinction,0,0,-1,-1,1.0,1.0,1
OULAD,revised,BBB|2013J|566415,Pass,0,0,-1,-1,1.0,1.0,0
OULAD,revised,CCC|2014B|633942,Distinction,0,0,-1,-1,1.0,1.0,3
OULAD,revised,DDD|2013J|604055,Pass,0,0,-1,-1,1.0,1.0,0
OULAD,revised,BBB|2014B|517679,Distinction,0,0,-1,-1,1.0,1.0,0
OULAD,revised,DDD|2014B|598179,Pass,0,0,-1,-1,1.0,1.0,0
OULAD,revised,AAA|2013J|184271,Pass,0,0,-1,-1,1.0,1.0,1
OULAD,revised,FFF|2013J|601388,Pass,0,0,-1,-1,1.0,1.0,1
OULAD,revised,GGG|2014B|204738,Distinction,0,0,-1,-1,1.0,1.0,2
OULAD,revised,FFF|2013J|598555,Pass,0,0,-1,-1,1.0,1.0,1
OULAD,revised,CCC|2014B|281801,Distinction,0,0,-1,-1,1.0,1.0,2
OULAD,revised,DDD|2014J|649321,Pass,0,0,-1,-1,1.0,1.0,1
OULAD,revised,FFF|2014B|626881,Pass,0,0,-1,-1,1.0,1.0,2
OULAD,revised,BBB|2014B|627647,Pass,0,0,-1,-1,1.0,1.0,2
OULAD,revised,DDD|2014J|681440,Pass,0,0,-1,-1,1.0,1.0,1
OULAD,revised,GGG|2014J|642694,Pass,0,0,-1,-1,1.0,1.0,1
OULAD,revised,BBB|2013J|541274,Distinction,0,0,-1,-1,1.0,1.0,1
OULAD,revised,GGG|2013J|604498,Pass,0,0,-1,-1,1.0,1.0,0
OULAD,revised,FFF|2013B|249362,Distinction,0,0,-1,-1,1.0,1.0,7
OULAD,revised,CCC|2014J|1826819,Distinction,0,0,-1,-1,1.0,1.0,2
OULAD,revised,GGG|2013J|24391,Distinction,0,0,-1,-1,1.0,1.0,0
OULAD,revised,FFF|2013B|490195,Pass,0,0,-1,-1,1.0,1.0,5
OULAD,revised,EEE|2014J|684504,Pass,0,0,-1,-1,1.0,1.0,0
OULAD,revised,BBB|2014J|402180,Pass,0,0,-1,-1,1.0,1.0,1
OULAD,revised,DDD|2013B|499056,Pass,0,0,-1,-1,1.0,1.0,0
OULAD,revised,FFF|2014B|627417,Distinction,0,0,-1,-1,1.0,1.0,6
OULAD,revised,BBB|2014B|563487,Pass,0,0,-1,-1,1.0,1.0,1
OULAD,revised,EEE|2013J|580970,Pass,0,0,-1,-1,1.0,1.0,1
OULAD,revised,FFF|2014J|2529419,Pass,0,0,-1,-1,1.0,1.0,3
OULAD,revised,GGG|2014J|682321,Pass,0,0,-1,-1,1.0,1.0,0
OULAD,revised,EEE|2013J|522994,Pass,0,0,-1,-1,1.0,1.0,0
OULAD,revised,GGG|2014J|653943,Distinction,0,0,-1,-1,1.0,1.0,1
OULAD,revised,AAA|2013J|111717,Pass,0,0,-1,-1,1.0,1.0,1
OULAD,revised,EEE|2014J|649943,Pass,0,0,-1,-1,1.0,1.0,1
OULAD,revised,CCC|2014J|591891,Pass,0,0,-1,-1,1.0,1.0,0
OULAD,revised,DDD|2014J|590562,Pass,0,0,-1,-1,1.0,1.0,0
OULAD,revised,AAA|2014J|1757766,Pass,0,0,-1,-1,1.0,1.0,2
OULAD,revised,BBB|2013J|567262,Pass,0,0,-1,-1,1.0,1.0,0
OULAD,revised,DDD|2013B|251999,Pass,0,0,-1,-1,1.0,1.0,1
OULAD,revised,GGG|2014B|417096,Pass,0,0,-1,-1,1.0,1.0,0
OULAD,revised,FFF|2014J|686344,Pass,0,0,-1,-1,1.0,1.0,4
OULAD,revised,FFF|2014J|642872,Pass,0,0,-1,-1,1.0,1.0,6
OULAD,revised,CCC|2014J|393142,Distinction,0,0,-1,-1,1.0,1.0,1
OULAD,revised,BBB|2014J|683145,Pass,0,0,-1,-1,1.0,1.0,0
OULAD,revised,BBB|2013B|528261,Distinction,0,0,-1,-1,1.0,1.0,1
OULAD,revised,BBB|2014J|684375,Pass,0,0,-1,-1,1.0,1.0,0
OULAD,revised,GGG|2014B|383420,Pass,0,0,-1,-1,1.0,1.0,1
OULAD,revised,EEE|2014B|618583,Pass,0,0,-1,-1,1.0,1.0,0
OULAD,revised,BBB|2013B|561448,Pass,0,0,-1,-1,1.0,1.0,0
OULAD,revised,BBB|2013J|2226301,Pass,0,0,-1,-1,1.0,1.0,0
OULAD,revised,FFF|2014B|131538,Pass,0,0,-1,-1,1.0,1.0,0
OULAD,revised,DDD|2014J|576885,Pass,0,0,-1,-1,1.0,1.0,2
OULAD,revised,FFF|2014J|652625,Distinction,0,0,-1,-1,1.0,1.0,7
OULAD,revised,BBB|2013B|550403,Pass,0,0,-1,-1,1.0,1.0,1
OULAD,revised,FFF|2014B|625349,Pass,0,0,-1,-1,1.0,1.0,3
OULAD,revised,EEE|2013J|554583,Pass,0,0,-1,-1,1.0,1.0,0
OULAD,revised,FFF|2014B|630655,Pass,0,0,-1,-1,1.0,1.0,1
OULAD,revised,BBB|2013J|591820,Pass,0,0,-1,-1,1.0,1.0,1
OULAD,revised,BBB|2013J|594693,Distinction,0,0,-1,-1,1.0,1.0,0
OULAD,revised,FFF|2013B|556251,Pass,0,0,-1,-1,1.0,1.0,2
OULAD,revised,DDD|2014J|2650337,Pass,0,0,-1,-1,1.0,1.0,0
OULAD,revised,EEE|2013J|603639,Distinction,0,0,-1,-1,1.0,1.0,1
OULAD,revised,BBB|2014B|588484,Pass,0,0,-1,-1,1.0,1.0,0
OULAD,revised,CCC|2014B|357176,Pass,0,0,-1,-1,1.0,1.0,4
OULAD,revised,EEE|2013J|478562,Pass,0,0,-1,-1,1.0,1.0,0
OULAD,revised,GGG|2013J|607483,Distinction,0,0,-1,-1,1.0,1.0,0
OULAD,revised,EEE|2014J|678194,Distinction,0,0,-1,-1,1.0,1.0,3
OULAD,revised,DDD|2013J|579717,Pass,0,0,-1,-1,1.0,1.0,0
OULAD,revised,BBB|2014J|592258,Pass,0,0,-1,-1,1.0,1.0,1
OULAD,revised,EEE|2013J|579723,Pass,0,0,-1,-1,1.0,1.0,1
OULAD,revised,FFF|2014B|615241,Pass,0,0,-1,-1,1.0,1.0,2
OULAD,revised,FFF|2013J|610324,Pass,0,0,-1,-1,1.0,1.0,3
OULAD,revised,FFF|2013J|543763,Pass,0,0,-1,-1,1.0,1.0,1
OULAD,revised,BBB|2014J|484252,Pass,0,0,-1,-1,0.96,1.0,2
OULAD,revised,FFF|2013J|590989,Pass,0,0,-1,-1,1.0,1.0,1
OULAD,revised,CCC|2014J|498828,Pass,0,0,-1,-1,1.0,1.0,0
OULAD,revised,DDD|2013J|315625,Pass,0,0,-1,-1,1.0,1.0,0
OULAD,revised,FFF|2013J|2357629,Distinction,0,0,-1,-1,1.0,1.0,3
OULAD,revised,DDD|2013B|494637,Distinction,0,0,-1,-1,1.0,1.0,6
OULAD,revised,DDD|2013J|611162,Pass,0,0,-1,-1,1.0,1.0,0
OULAD,revised,GGG|2014B|633453,Distinction,0,0,-1,-1,1.0,1.0,1
OULAD,revised,EEE|2013J|173710,Distinction,0,0,-1,-1,1.0,1.0,2
OULAD,revised,DDD|2014B|571397,Pass,0,0,-1,-1,1.0,1.0,2
OULAD,revised,BBB|2013J|583645,Pass,0,0,-1,-1,1.0,1.0,1
OULAD,revised,BBB|2014J|692484,Pass,0,0,-1,-1,1.0,1.0,0
OULAD,revised,BBB|2014J|646781,Pass,0,0,-1,-1,1.0,1.0,0
OULAD,revised,BBB|2013B|543165,Pass,0,0,-1,-1,1.0,1.0,1
OULAD,revised,CCC|2014J|636387,Distinction,0,0,-1,-1,1.0,1.0,1
OULAD,revised,AAA|2014J|228383,Pass,0,0,-1,-1,1.0,1.0,1
OULAD,revised,EEE|2014J|591761,Pass,0,0,-1,-1,1.0,1.0,1
OULAD,revised,EEE|2014B|158831,Pass,0,0,-1,-1,1.0,1.0,0
OULAD,revised,BBB|2014J|652090,Distinction,0,0,-1,-1,1.0,1.0,1
OULAD,revised,EEE|2014J|592843,Distinction,0,0,-1,-1,1.0,1.0,2
OULAD,revised,BBB|2014J|633949,Distinction,0,0,-1,-1,1.0,1.0,1
OULAD,revised,AAA|2013J|2482700,Pass,0,0,-1,-1,1.0,1.0,1
OULAD,revised,BBB|2013B|552701,Pass,0,0,-1,-1,1.0,1.0,0
OULAD,revised,FFF|2013J|584214,Distinction,0,0,-1,-1,1.0,1.0,5
OULAD,revised,FFF|2013B|366492,Pass,0,0,-1,-1,1.0,1.0,1
OULAD,revised,BBB|2013B|533324,Pass,0,0,-1,-1,1.0,1.0,1
OULAD,revised,BBB|2014J|651209,Pass,0,0,-1,-1,1.0,1.0,0
OULAD,revised,BBB|2013B|548504,Distinction,0,0,-1,-1,1.0,1.0,0
OULAD,revised,GGG|2014J|372141,Pass,0,0,-1,-1,1.0,1.0,0
OULAD,revised,AAA|2014J|63165,Pass,0,0,-1,-1,1.0,1.0,0
OULAD,revised,GGG|2013J|588781,Pass,0,0,-1,-1,1.0,1.0,0
OULAD,revised,CCC|2014J|613237,Pass,0,0,-1,-1,1.0,1.0,2
OULAD,revised,BBB|2013B|552273,Pass,0,0,-1,-1,1.0,1.0,0
OULAD,revised,DDD|2014J|693501,Distinction,0,0,-1,-1,1.0,1.0,6
OULAD,revised,BBB|2014J|680723,Distinction,0,0,-1,-1,1.0,1.0,1
OULAD,revised,CCC|2014B|576780,Distinction,0,0,-1,-1,1.0,1.0,3
OULAD,revised,FFF|2013J|1982166,Distinction,0,0,-1,-1,1.0,1.0,6
OULAD,revised,DDD|2014J|573742,Pass,0,0,-1,-1,1.0,1.0,0
OULAD,revised,BBB|2014J|603200,Pass,0,0,-1,-1,1.0,1.0,0
OULAD,revised,EEE|2013J|579343,Distinction,0,0,-1,-1,1.0,1.0,6
OULAD,revised,BBB|2013J|600121,Pass,0,0,-1,-1,1.0,1.0,1
OULAD,revised,FFF|2013J|602719,Pass,0,0,-1,-1,1.0,1.0,0
OULAD,revised,GGG|2014B|593785,Pass,0,0,-1,-1,1.0,1.0,1
OULAD,revised,EEE|2014B|627711,Pass,0,0,-1,-1,1.0,1.0,1
OULAD,revised,EEE|2014J|159287,Pass,0,0,-1,-1,1.0,1.0,2
OULAD,revised,DDD|2014J|2285527,Pass,0,0,-1,-1,1.0,1.0,0
OULAD,revised,BBB|2014J|687157,Pass,0,0,-1,-1,1.0,1.0,1
OULAD,revised,FFF|2014J|398550,Distinction,0,0,-1,-1,1.0,1.0,2
OULAD,revised,DDD|2014J|2338290,Pass,0,0,-1,-1,1.0,1.0,1
OULAD,revised,FFF|2014J|643653,Pass,0,0,-1,-1,1.0,1.0,2
OULAD,revised,DDD|2013J|485519,Pass,0,0,-1,-1,1.0,1.0,0
OULAD,revised,BBB|2014J|1989014,Pass,0,0,-1,-1,1.0,1.0,1
OULAD,revised,BBB|2013J|402993,Pass,0,0,-1,-1,1.0,1.0,0
OULAD,revised,BBB|2013J|447086,Pass,0,0,-1,-1,1.0,1.0,0
OULAD,revised,FFF|2013B|554664,Pass,0,0,-1,-1,1.0,1.0,3
OULAD,revised,DDD|2013J|597571,Pass,0,0,-1,-1,1.0,1.0,0
OULAD,revised,CCC|2014J|691069,Pass,0,0,-1,-1,1.0,1.0,1
OULAD,revised,DDD|2013J|580916,Pass,0,0,-1,-1,1.0,1.0,1
OULAD,revised,DDD|2013J|527574,Pass,0,0,-1,-1,1.0,1.0,4
OULAD,revised,DDD|2014B|634420,Pass,0,0,-1,-1,1.0,1.0,0
OULAD,revised,GGG|2013J|595335,Distinction,0,0,-1,-1,1.0,1.0,2
OULAD,revised,FFF|2013J|609439,Pass,0,0,-1,-1,1.0,1.0,5
OULAD,revised,BBB|2013B|509226,Pass,0,0,-1,-1,1.0,1.0,1
OULAD,revised,FFF|2013J|2469688,Pass,0,0,-1,-1,1.0,1.0,4
OULAD,revised,FFF|2013B|545909,Pass,0,0,-1,-1,1.0,1.0,0
OULAD,revised,FFF|2013B|530802,Distinction,0,0,-1,-1,1.0,1.0,7
OULAD,revised,BBB|2013J|483876,Pass,0,0,-1,-1,1.0,1.0,0
OULAD,revised,BBB|2013B|536452,Pass,0,0,-1,-1,1.0,1.0,0
OULAD,revised,DDD|2013J|406224,Pass,0,0,-1,-1,1.0,1.0,0
OULAD,revised,FFF|2013J|608681,Pass,0,0,-1,-1,1.0,1.0,1
OULAD,revised,CCC|2014J|643403,Distinction,0,0,-1,-1,1.0,1.0,4
OULAD,revised,FFF|2014J|625743,Pass,0,0,-1,-1,1.0,1.0,1
OULAD,revised,GGG|2013J|591602,Pass,0,0,-1,-1,1.0,1.0,0
OULAD,revised,BBB|2013J|559382,Pass,0,0,-1,-1,1.0,1.0,1
OULAD,revised,BBB|2014J|692920,Pass,0,0,-1,-1,1.0,1.0,0
OULAD,revised,BBB|2014J|230383,Pass,0,0,-1,-1,1.0,1.0,2
OULAD,revised,BBB|2014J|195345,Pass,0,0,-1,-1,1.0,1.0,1
OULAD,revised,EEE|2013J|573377,Pass,0,0,-1,-1,1.0,1.0,1
OULAD,revised,DDD|2014B|522840,Pass,0,0,-1,-1,1.0,1.0,0
OULAD,revised,BBB|2013J|610745,Pass,0,0,-1,-1,1.0,1.0,0
OULAD,revised,BBB|2014B|633130,Pass,0,0,-1,-1,1.0,1.0,0
OULAD,revised,CCC|2014B|577035,Distinction,0,0,-1,-1,1.0,1.0,3
OULAD,revised,DDD|2014B|628008,Pass,0,0,-1,-1,1.0,1.0,1
OULAD,revised,BBB|2014J|694561,Pass,0,0,-1,-1,1.0,1.0,1
OULAD,revised,GGG|2013J|87929,Pass,0,0,-1,-1,1.0,1.0,0
OULAD,revised,GGG|2014J|684341,Pass,0,0,-1,-1,1.0,1.0,0
OULAD,revised,BBB|2013B|557528,Pass,0,0,-1,-1,1.0,1.0,1
OULAD,revised,DDD|2014B|264723,Pass,0,0,-1,-1,1.0,1.0,1
OULAD,revised,FFF|2014J|644369,Pass,0,0,-1,-1,1.0,1.0,1
OULAD,revised,GGG|2013J|591243,Pass,0,0,-1,-1,1.0,1.0,1
OULAD,revised,GGG|2013J|584710,Pass,0,0,-1,-1,1.0,1.0,1
OULAD,revised,EEE|2013J|605361,Distinction,0,0,-1,-1,1.0,1.0,2
OULAD,revised,BBB|2013J|479305,Pass,0,0,-1,-1,1.0,1.0,1
OULAD,revised,BBB|2013B|486099,Pass,0,0,-1,-1,1.0,1.0,1
OULAD,revised,FFF|2013B|543019,Pass,0,0,-1,-1,1.0,1.0,9
OULAD,revised,EEE|2013J|583238,Distinction,0,0,-1,-1,1.0,1.0,3
OULAD,revised,FFF|2014J|693903,Distinction,0,0,-1,-1,1.0,1.0,3
OULAD,revised,AAA|2013J|444677,Distinction,0,0,-1,-1,1.0,1.0,1
OULAD,revised,BBB|2013J|375960,Pass,0,0,-1,-1,1.0,1.0,0
OULAD,revised,GGG|2014J|692018,Pass,0,0,-1,-1,1.0,1.0,0
OULAD,revised,FFF|2014B|611595,Pass,0,0,-1,-1,1.0,1.0,2
OULAD,revised,GGG|2013J|554967,Pass,0,0,-1,-1,1.0,1.0,0
OULAD,revised,BBB|2014J|678246,Pass,0,0,-1,-1,1.0,1.0,1
OULAD,revised,BBB|2014B|599202,Distinction,0,0,-1,-1,1.0,1.0,2
OULAD,revised,DDD|2013J|479977,Pass,0,0,-1,-1,1.0,1.0,3
OULAD,revised,DDD|2014J|574928,Pass,0,0,-1,-1,1.0,1.0,1
OULAD,revised,DDD|2014J|483136,Pass,0,0,-1,-1,1.0,1.0,0
OULAD,revised,BBB|2014J|602471,Pass,0,0,-1,-1,1.0,1.0,1
OULAD,revised,GGG|2013J|596091,Pass,0,0,-1,-1,1.0,1.0,0
OULAD,revised,DDD|2013J|374636,Pass,0,0,-1,-1,1.0,1.0,0
OULAD,revised,GGG|2014J|125407,Pass,0,0,-1,-1,1.0,1.0,0
OULAD,revised,BBB|2013B|530987,Pass,0,0,-1,-1,1.0,1.0,0
OULAD,revised,BBB|2014B|586712,Pass,0,0,-1,-1,1.0,1.0,1
OULAD,revised,DDD|2013B|539066,Pass,0,0,-1,-1,1.0,1.0,0
OULAD,revised,AAA|2013J|1626710,Distinction,0,0,-1,-1,1.0,1.0,7
OULAD,revised,DDD|2013J|1569426,Pass,0,0,-1,-1,1.0,1.0,1
OULAD,revised,CCC|2014B|362223,Pass,0,0,-1,-1,1.0,1.0,0
OULAD,revised,GGG|2014J|692828,Pass,0,0,-1,-1,1.0,1.0,1
OULAD,revised,FFF|2014J|381257,Pass,0,0,-1,-1,1.0,1.0,4
OULAD,revised,FFF|2014J|410883,Pass,0,0,-1,-1,1.0,1.0,2
OULAD,revised,DDD|2014B|608487,Pass,0,0,-1,-1,1.0,1.0,0
OULAD,revised,CCC|2014B|608735,Pass,0,0,-1,-1,1.0,1.0,0
OULAD,revised,DDD|2013J|579367,Pass,0,0,-1,-1,1.0,1.0,2
OULAD,revised,FFF|2013J|568774,Pass,0,0,-1,-1,1.0,1.0,4
OULAD,revised,FFF|2013J|63295,Pass,0,0,-1,-1,1.0,1.0,1
OULAD,revised,FFF|2014J|355293,Pass,0,0,-1,-1,1.0,1.0,0
OULAD,revised,EEE|2014B|244977,Distinction,0,0,-1,-1,1.0,1.0,1
OULAD,revised,FFF|2013B|558770,Pass,0,0,-1,-1,1.0,1.0,3
OULAD,revised,FFF|2013J|597204,Pass,0,0,-1,-1,1.0,1.0,1
OULAD,revised,DDD|2014J|578857,Pass,0,0,-1,-1,1.0,1.0,0
OULAD,revised,BBB|2014B|405268,Distinction,0,0,-1,-1,1.0,1.0,1
OULAD,revised,BBB|2014J|191973,Pass,0,0,-1,-1,1.0,1.0,0
OULAD,revised,CCC|2014J|144745,Pass,0,0,-1,-1,1.0,1.0,0
OULAD,revised,BBB|2014J|620000,Pass,0,0,-1,-1,1.0,1.0,1
OULAD,revised,BBB|2013B|530226,Pass,0,0,-1,-1,1.0,1.0,1
OULAD,revised,EEE|2014J|2538792,Pass,0,0,-1,-1,1.0,1.0,1
OULAD,revised,FFF|2014B|244961,Pass,0,0,-1,-1,1.0,1.0,2
OULAD,revised,EEE|2013J|586962,Pass,0,0,-1,-1,1.0,1.0,3
OULAD,revised,BBB|2013B|537342,Distinction,0,0,-1,-1,1.0,1.0,1
OULAD,revised,FFF|2014B|561009,Pass,0,0,-1,-1,1.0,1.0,1
OULAD,revised,CCC|2014J|521115,Pass,0,0,-1,-1,1.0,1.0,0
OULAD,revised,BBB|2013B|523672,Pass,0,0,-1,-1,1.0,1.0,0
OULAD,revised,BBB|2013B|483074,Distinction,0,0,-1,-1,1.0,1.0,1
OULAD,revised,EEE|2014J|494270,Pass,0,0,-1,-1,1.0,1.0,2
OULAD,revised,DDD|2014J|334581,Distinction,0,0,-1,-1,1.0,1.0,1
OULAD,revised,DDD|2014J|652617,Pass,0,0,-1,-1,1.0,1.0,0
OULAD,revised,GGG|2014J|657045,Pass,0,0,-1,-1,1.0,1.0,0
OULAD,revised,GGG|2013J|576654,Pass,0,0,-1,-1,1.0,1.0,0
OULAD,revised,EEE|2013J|535259,Distinction,0,0,-1,-1,1.0,1.0,3
OULAD,revised,BBB|2014B|487543,Pass,0,0,-1,-1,1.0,1.0,1
OULAD,revised,BBB|2013B|522090,Pass,0,0,-1,-1,1.0,1.0,1
OULAD,revised,DDD|2014J|681799,Distinction,0,0,-1,-1,1.0,1.0,1
OULAD,revised,BBB|2013B|83254,Pass,0,0,-1,-1,1.0,1.0,0
OULAD,revised,GGG|2013J|573134,Pass,0,0,-1,-1,1.0,1.0,0
OULAD,revised,BBB|2014B|635136,Pass,0,0,-1,-1,1.0,1.0,1
OULAD,revised,BBB|2013B|549391,Distinction,0,0,-1,-1,1.0,1.0,0
OULAD,revised,EEE|2014J|643705,Pass,0,0,-1,-1,1.0,1.0,5
OULAD,revised,BBB|2013B|548884,Pass,0,0,-1,-1,1.0,1.0,0
OULAD,revised,FFF|2013J|262403,Pass,0,0,-1,-1,1.0,1.0,2
OULAD,revised,GGG|2013J|591873,Pass,0,0,-1,-1,1.0,1.0,0
OULAD,revised,BBB|2014J|676401,Distinction,0,0,-1,-1,1.0,1.0,1
OULAD,revised,DDD|2013J|431005,Pass,0,0,-1,-1,1.0,1.0,0
OULAD,revised,BBB|2013J|582406,Pass,0,0,-1,-1,1.0,1.0,0
OULAD,revised,GGG|2014B|621755,Pass,0,0,-1,-1,1.0,1.0,1
OULAD,revised,EEE|2014B|625527,Pass,0,0,-1,-1,1.0,1.0,2
OULAD,revised,BBB|2014J|690089,Pass,0,0,-1,-1,1.0,1.0,1
OULAD,revised,EEE|2014J|250159,Pass,0,0,-1,-1,1.0,1.0,0
OULAD,revised,EEE|2014J|643168,Pass,0,0,-1,-1,1.0,1.0,0
OULAD,revised,BBB|2013B|2639611,Pass,0,0,-1,-1,1.0,1.0,0
OULAD,revised,FFF|2013B|155511,Distinction,0,0,-1,-1,1.0,1.0,6
OULAD,revised,BBB|2013J|1440341,Pass,0,0,-1,-1,1.0,1.0,1
OULAD,revised,DDD|2013J|572348,Distinction,0,0,-1,-1,1.0,1.0,3
OULAD,revised,FFF|2013B|552374,Pass,0,0,-1,-1,1.0,1.0,1
OULAD,revised,EEE|2014J|476438,Pass,0,0,-1,-1,1.0,1.0,3
OULAD,revised,EEE|2014B|604172,Distinction,0,0,-1,-1,1.0,1.0,2
OULAD,revised,EEE|2013J|313501,Pass,0,0,-1,-1,1.0,1.0,1
OULAD,revised,CCC|2014J|555989,Distinction,0,0,-1,-1,1.0,1.0,1
OULAD,revised,CCC|2014B|242858,Pass,0,0,-1,-1,1.0,1.0,0
OULAD,revised,BBB|2014J|537194,Pass,0,0,-1,-1,1.0,1.0,4
OULAD,revised,FFF|2013J|2148540,Pass,0,0,-1,-1,1.0,1.0,1
OULAD,revised,FFF|2013J|594596,Pass,0,0,-1,-1,1.0,1.0,4
OULAD,revised,CCC|2014J|530663,Pass,0,0,-1,-1,1.0,1.0,1
OULAD,revised,BBB|2014J|681798,Pass,0,0,-1,-1,1.0,1.0,1
OULAD,revised,CCC|2014B|374756,Distinction,0,0,-1,-1,1.0,1.0,1
OULAD,revised,DDD|2013J|2505859,Pass,0,0,-1,-1,1.0,1.0,0
OULAD,revised,BBB|2013J|598252,Pass,0,0,-1,-1,1.0,1.0,0
OULAD,revised,FFF|2013B|529644,Pass,0,0,-1,-1,1.0,1.0,2
OULAD,revised,CCC|2014J|2067377,Pass,0,0,-1,-1,1.0,1.0,4
OULAD,revised,DDD|2014B|617801,Pass,0,0,-1,-1,1.0,1.0,0
OULAD,revised,CCC|2014J|555498,Pass,0,0,-1,-1,1.0,1.0,2
OULAD,revised,FFF|2014B|602854,Pass,0,0,-1,-1,1.0,1.0,7
OULAD,revised,BBB|2013B|554374,Distinction,0,0,-1,-1,1.0,1.0,0
OULAD,revised,AAA|2013J|2639449,Pass,0,0,-1,-1,1.0,1.0,0
OULAD,revised,DDD|2014B|620734,Distinction,0,0,-1,-1,1.0,1.0,1
OULAD,revised,FFF|2013B|1919940,Distinction,0,0,-1,-1,1.0,1.0,4
OULAD,revised,EEE|2014B|585397,Distinction,0,0,-1,-1,1.0,1.0,0
OULAD,revised,BBB|2013J|494960,Pass,0,0,-1,-1,1.0,1.0,1
OULAD,revised,BBB|2013B|555670,Pass,0,0,-1,-1,1.0,1.0,1
OULAD,revised,EEE|2013J|575733,Distinction,0,0,-1,-1,1.0,1.0,5
OULAD,revised,BBB|2014J|599355,Pass,0,0,-1,-1,1.0,1.0,0
OULAD,revised,DDD|2014J|676865,Distinction,0,0,-1,-1,1.0,1.0,1
OULAD,revised,BBB|2013J|600490,Distinction,0,0,-1,-1,1.0,1.0,1
OULAD,revised,CCC|2014J|680027,Distinction,0,0,-1,-1,1.0,1.0,6
OULAD,revised,GGG|2014B|552486,Distinction,0,0,-1,-1,1.0,1.0,1
OULAD,revised,BBB|2013B|549862,Pass,0,0,-1,-1,1.0,1.0,0
OULAD,revised,GGG|2014B|480590,Pass,0,0,-1,-1,1.0,1.0,0
OULAD,revised,BBB|2014J|688519,Pass,0,0,-1,-1,1.0,1.0,1
OULAD,revised,DDD|2013B|422768,Pass,0,0,-1,-1,1.0,1.0,0
OULAD,revised,CCC|2014B|607636,Pass,0,0,-1,-1,1.0,1.0,0
OULAD,revised,BBB|2014B|505899,Pass,0,0,-1,-1,1.0,1.0,1
OULAD,revised,DDD|2013J|611284,Distinction,0,0,-1,-1,1.0,1.0,2
OULAD,revised,FFF|2014J|689832,Pass,0,0,-1,-1,1.0,1.0,1
OULAD,revised,EEE|2013J|588676,Pass,0,0,-1,-1,1.0,1.0,0
OULAD,revised,FFF|2013J|577959,Distinction,0,0,-1,-1,1.0,1.0,0
OULAD,revised,CCC|2014J|2464386,Pass,0,0,-1,-1,1.0,1.0,0
OULAD,revised,EEE|2014J|688133,Distinction,0,0,-1,-1,1.0,1.0,4
OULAD,revised,FFF|2013B|546932,Pass,0,0,-1,-1,1.0,1.0,3
OULAD,revised,EEE|2013J|494211,Distinction,0,0,-1,-1,1.0,1.0,3
OULAD,revised,AAA|2013J|2551220,Pass,0,0,-1,-1,1.0,1.0,1
OULAD,revised,FFF|2013J|1759799,Pass,0,0,-1,-1,1.0,1.0,8
OULAD,revised,FFF|2014J|653567,Pass,0,0,-1,-1,1.0,1.0,3
OULAD,revised,EEE|2014B|185057,Pass,0,0,-1,-1,1.0,1.0,3
OULAD,revised,CCC|2014J|1960479,Pass,0,0,-1,-1,1.0,1.0,0
OULAD,revised,FFF|2013B|560046,Pass,0,0,-1,-1,1.0,1.0,3
OULAD,revised,BBB|2013J|522529,Pass,0,0,-1,-1,1.0,1.0,1
OULAD,revised,GGG|2014B|385228,Pass,0,0,-1,-1,1.0,1.0,0
OULAD,revised,BBB|2013J|603123,Pass,0,0,-1,-1,1.0,1.0,0
OULAD,revised,DDD|2014B|546040,Fail,0,0,-1,-1,1.0,1.0,0
OULAD,revised,CCC|2014B|468753,Fail,0,0,-1,-1,1.0,1.0,1
OULAD,revised,CCC|2014B|205398,Fail,0,0,-1,-1,1.0,1.0,1
OULAD,revised,CCC|2014J|483108,Fail,0,0,-1,-1,1.0,1.0,0
OULAD,revised,DDD|2014B|623052,Withdrawn,0,0,-1,-1,1.0,1.0,2
OULAD,revised,DDD|2014J|2400764,Fail,0,0,-1,-1,1.0,1.0,0
OULAD,revised,DDD|2013B|541228,Fail,0,0,-1,-1,1.0,1.0,1
OULAD,revised,EEE|2014J|652442,Fail,0,0,-1,-1,1.0,1.0,1
OULAD,revised,DDD|2013B|475619,Withdrawn,0,0,-1,-1,1.0,1.0,1
OULAD,revised,DDD|2014B|539060,Withdrawn,0,0,-1,-1,1.0,1.0,0
OULAD,revised,GGG|2014B|633498,Fail,0,0,-1,-1,1.0,1.0,0
OULAD,revised,FFF|2014J|695550,Fail,0,0,-1,-1,1.0,1.0,1
OULAD,revised,DDD|2013J|605885,Withdrawn,0,0,-1,-1,1.0,1.0,0
OULAD,revised,BBB|2013J|574708,Fail,0,0,-1,-1,1.0,1.0,0
OULAD,revised,BBB|2014J|648082,Fail,0,0,-1,-1,1.0,1.0,3
OULAD,revised,FFF|2014B|1528232,Withdrawn,0,0,-1,-1,1.0,1.0,0
OULAD,revised,DDD|2014B|632482,Fail,0,0,-1,-1,1.0,1.0,1
OULAD,revised,BBB|2013J|490894,Fail,0,0,-1,-1,1.0,1.0,0
OULAD,revised,AAA|2013J|334333,Withdrawn,0,0,-1,-1,1.0,1.0,0
OULAD,revised,EEE|2014B|632376,Withdrawn,0,0,-1,-1,1.0,1.0,0
OULAD,revised,CCC|2014B|608753,Fail,0,0,-1,-1,1.0,1.0,0
OULAD,revised,DDD|2014B|484130,Withdrawn,0,0,-1,-1,1.0,1.0,0
OULAD,revised,CCC|2014J|556440,Fail,0,0,-1,-1,1.0,1.0,1
OULAD,revised,FFF|2014B|617543,Withdrawn,0,0,-1,-1,1.0,1.0,0
OULAD,revised,FFF|2014B|342303,Withdrawn,0,0,-1,-1,1.0,1.0,0
OULAD,revised,AAA|2014J|852847,Fail,0,0,-1,-1,1.0,1.0,1
OULAD,revised,CCC|2014B|344367,Fail,0,0,-1,-1,0.96,1.0,2
OULAD,revised,BBB|2014B|626917,Fail,0,0,-1,-1,1.0,1.0,1
OULAD,revised,CCC|2014J|322499,Withdrawn,0,0,-1,-1,1.0,1.0,0
OULAD,revised,BBB|2013J|108760,Fail,0,0,-1,-1,1.0,1.0,0
OULAD,revised,FFF|2013B|536046,Fail,0,0,-1,-1,1.0,1.0,1
OULAD,revised,CCC|2014J|275711,Fail,0,0,-1,-1,1.0,1.0,2
OULAD,revised,FFF|2014B|445947,Fail,0,0,-1,-1,1.0,1.0,2
OULAD,revised,CCC|2014B|590914,Fail,0,0,-1,-1,1.0,1.0,1
OULAD,revised,BBB|2013J|380205,Fail,0,0,-1,-1,1.0,1.0,0
OULAD,revised,DDD|2014J|684936,Fail,0,0,-1,-1,1.0,1.0,1
OULAD,revised,FFF|2013B|517486,Fail,0,0,-1,-1,1.0,1.0,1
OULAD,revised,BBB|2013J|2691566,Fail,0,0,-1,-1,1.0,1.0,1
OULAD,revised,FFF|2013B|398118,Fail,0,0,-1,-1,1.0,1.0,1
OULAD,revised,DDD|2013B|540298,Fail,0,0,-1,-1,1.0,1.0,0
OULAD,revised,DDD|2013J|601133,Fail,0,0,-1,-1,1.0,1.0,0
OULAD,revised,BBB|2014J|698198,Fail,0,0,-1,-1,1.0,1.0,0
OULAD,revised,FFF|2013B|2686866,Fail,0,0,-1,-1,1.0,1.0,0
OULAD,revised,FFF|2013J|580477,Withdrawn,0,0,-1,-1,1.0,1.0,0
OULAD,revised,CCC|2014J|472290,Withdrawn,0,0,-1,-1,1.0,1.0,0
OULAD,revised,DDD|2013J|527954,Fail,0,0,-1,-1,1.0,1.0,0
OULAD,revised,CCC|2014J|564649,Fail,0,0,-1,-1,1.0,1.0,1
OULAD,revised,CCC|2014J|633334,Fail,0,0,-1,-1,1.0,1.0,1
OULAD,revised,FFF|2013J|593139,Fail,0,0,-1,-1,1.0,1.0,1
OULAD,revised,BBB|2013B|532396,Withdrawn,0,0,-1,-1,1.0,1.0,0
OULAD,revised,CCC|2014J|646553,Fail,0,0,-1,-1,1.0,1.0,0
OULAD,revised,EEE|2014B|628054,Withdrawn,0,0,-1,-1,1.0,1.0,1
OULAD,revised,FFF|2013J|592142,Fail,0,0,-1,-1,1.0,1.0,0
OULAD,revised,DDD|2013J|595940,Fail,0,0,-1,-1,1.0,1.0,0
OULAD,revised,DDD|2014B|585372,Withdrawn,0,0,-1,-1,1.0,1.0,0
OULAD,revised,CCC|2014J|532846,Withdrawn,0,0,-1,-1,1.0,1.0,0
OULAD,revised,CCC|2014B|2367058,Withdrawn,0,0,-1,-1,1.0,1.0,0
OULAD,revised,FFF|2013J|171304,Fail,0,0,-1,-1,1.0,1.0,1
OULAD,revised,BBB|2013J|2514379,Fail,0,0,-1,-1,1.0,1.0,0
OULAD,revised,FFF|2014J|635903,Fail,0,0,-1,-1,1.0,1.0,1
OULAD,revised,DDD|2013J|2542803,Withdrawn,0,0,-1,-1,1.0,1.0,1
OULAD,revised,DDD|2013B|391638,Withdrawn,0,0,-1,-1,1.0,1.0,1
OULAD,revised,FFF|2014J|423488,Fail,0,0,-1,-1,1.0,1.0,0
OULAD,revised,FFF|2013B|1836988,Withdrawn,0,0,-1,-1,1.0,1.0,0
OULAD,revised,DDD|2014J|676498,Withdrawn,0,0,-1,-1,1.0,1.0,0
OULAD,revised,DDD|2013J|381539,Withdrawn,0,0,-1,-1,1.0,1.0,0
OULAD,revised,DDD|2013J|2561811,Withdrawn,0,0,-1,-1,1.0,1.0,0
OULAD,revised,BBB|2013B|524101,Withdrawn,0,0,-1,-1,1.0,1.0,1
OULAD,revised,DDD|2013B|2375123,Withdrawn,0,0,-1,-1,1.0,1.0,0
OULAD,revised,FFF|2013J|551354,Fail,0,0,-1,-1,1.0,1.0,3
OULAD,revised,EEE|2014B|571789,Withdrawn,0,0,-1,-1,1.0,1.0,1
OULAD,revised,DDD|2014J|131152,Fail,0,0,-1,-1,1.0,1.0,1
OULAD,revised,BBB|2014B|579720,Fail,0,0,-1,-1,1.0,1.0,0
OULAD,revised,DDD|2014J|146943,Withdrawn,0,0,-1,-1,1.0,1.0,1
OULAD,revised,FFF|2013B|2327494,Fail,0,0,-1,-1,1.0,1.0,0
OULAD,revised,GGG|2014J|651259,Withdrawn,0,0,-1,-1,1.0,1.0,0
OULAD,revised,FFF|2013J|562448,Fail,0,0,-1,-1,1.0,1.0,5
OULAD,revised,EEE|2014B|625213,Fail,0,0,-1,-1,1.0,1.0,0
OULAD,revised,BBB|2013B|541973,Fail,0,0,-1,-1,1.0,1.0,0
OULAD,revised,CCC|2014B|466714,Withdrawn,0,0,-1,-1,1.0,1.0,1
OULAD,revised,DDD|2014B|464748,Withdrawn,0,0,-1,-1,1.0,1.0,0
OULAD,revised,CCC|2014J|643690,Withdrawn,0,0,-1,-1,1.0,1.0,0
OULAD,revised,DDD|2014B|555446,Fail,0,0,-1,-1,1.0,1.0,1
OULAD,revised,BBB|2013J|2349825,Withdrawn,0,0,-1,-1,1.0,1.0,1
OULAD,revised,CCC|2014B|2421961,Withdrawn,0,0,-1,-1,1.0,1.0,1
OULAD,revised,FFF|2014B|574605,Fail,0,0,-1,-1,1.0,1.0,0
OULAD,revised,EEE|2014J|687498,Withdrawn,0,0,-1,-1,1.0,1.0,0
OULAD,revised,EEE|2013J|2274938,Fail,0,0,-1,-1,1.0,1.0,1
OULAD,revised,FFF|2014B|593617,Withdrawn,0,0,-1,-1,1.0,1.0,1
OULAD,revised,GGG|2014J|688050,Fail,0,0,-1,-1,1.0,1.0,1
OULAD,revised,CCC|2014B|471580,Withdrawn,0,0,-1,-1,1.0,1.0,0
OULAD,revised,FFF|2013J|2383780,Fail,0,0,-1,-1,1.0,1.0,5
OULAD,revised,DDD|2013B|169894,Withdrawn,0,0,-1,-1,1.0,1.0,1
OULAD,revised,DDD|2014B|1767786,Withdrawn,0,0,-1,-1,1.0,1.0,1
OULAD,revised,BBB|2013J|496334,Fail,0,0,-1,-1,1.0,1.0,0
OULAD,revised,FFF|2014B|592422,Fail,0,0,-1,-1,1.0,1.0,0
OULAD,revised,AAA|2013J|2139353,Withdrawn,0,0,-1,-1,1.0,1.0,0
OULAD,revised,DDD|2013B|307932,Withdrawn,0,0,-1,-1,1.0,1.0,2
OULAD,revised,FFF|2013B|514913,Withdrawn,0,0,-1,-1,1.0,1.0,1
OULAD,revised,FFF|2014B|509292,Withdrawn,0,0,-1,-1,1.0,1.0,4
OULAD,revised,BBB|2014B|591547,Fail,0,0,-1,-1,1.0,1.0,1
OULAD,revised,EEE|2014B|619369,Withdrawn,0,0,-1,-1,1.0,1.0,0
OULAD,revised,EEE|2013J|2604856,Fail,0,0,-1,-1,1.0,1.0,2
OULAD,revised,CCC|2014B|572382,Fail,0,0,-1,-1,1.0,1.0,1
OULAD,revised,DDD|2014J|646589,Fail,0,0,-1,-1,1.0,1.0,1
OULAD,revised,GGG|2014J|500915,Withdrawn,0,0,-1,-1,1.0,1.0,0
OULAD,revised,DDD|2014J|689038,Fail,0,0,-1,-1,1.0,1.0,1
OULAD,revised,FFF|2013J|585724,Withdrawn,0,0,-1,-1,1.0,1.0,2
OULAD,revised,EEE|2014B|437971,Withdrawn,0,0,-1,-1,1.0,1.0,1
OULAD,revised,FFF|2013J|571973,Fail,0,0,-1,-1,1.0,1.0,1
OULAD,revised,DDD|2014J|617249,Withdrawn,0,0,-1,-1,1.0,1.0,0
OULAD,revised,CCC|2014B|589894,Withdrawn,0,0,-1,-1,1.0,1.0,1
OULAD,revised,DDD|2013B|2193231,Fail,0,0,-1,-1,1.0,1.0,0
OULAD,revised,FFF|2013J|606930,Withdrawn,0,0,-1,-1,1.0,1.0,2
OULAD,revised,FFF|2013B|557203,Fail,0,0,-1,-1,1.0,1.0,0
OULAD,revised,CCC|2014J|622384,Fail,0,0,-1,-1,1.0,1.0,0
OULAD,revised,DDD|2014J|647604,Fail,0,0,-1,-1,1.0,1.0,0
OULAD,revised,FFF|2013J|579069,Withdrawn,0,0,-1,-1,1.0,1.0,1
OULAD,revised,AAA|2013J|146188,Fail,0,0,-1,-1,1.0,1.0,0
OULAD,revised,DDD|2014J|656073,Withdrawn,0,0,-1,-1,1.0,1.0,0
OULAD,revised,DDD|2014J|442017,Withdrawn,0,0,-1,-1,1.0,1.0,0
OULAD,revised,DDD|2013B|540547,Fail,0,0,-1,-1,1.0,1.0,0
OULAD,revised,FFF|2014B|466576,Fail,0,0,-1,-1,1.0,1.0,1
OULAD,revised,EEE|2013J|596002,Withdrawn,0,0,-1,-1,1.0,1.0,1
OULAD,revised,FFF|2014J|575710,Withdrawn,0,0,-1,-1,1.0,1.0,0
OULAD,revised,FFF|2014B|617437,Withdrawn,0,0,-1,-1,1.0,1.0,0
OULAD,revised,FFF|2014B|618665,Fail,0,0,-1,-1,1.0,1.0,1
OULAD,revised,DDD|2013B|550893,Fail,0,0,-1,-1,1.0,1.0,0
OULAD,revised,GGG|2014J|685272,Fail,0,0,-1,-1,1.0,1.0,1
OULAD,revised,FFF|2014J|645366,Withdrawn,0,0,-1,-1,1.0,1.0,0
OULAD,revised,CCC|2014J|600350,Withdrawn,0,0,-1,-1,1.0,1.0,1
OULAD,revised,BBB|2014J|500502,Fail,0,0,-1,-1,1.0,1.0,1
OULAD,revised,DDD|2014J|27417,Withdrawn,0,0,-1,-1,1.0,1.0,1
OULAD,revised,EEE|2014J|2338535,Fail,0,0,-1,-1,1.0,1.0,1
OULAD,revised,BBB|2014J|651004,Withdrawn,0,0,-1,-1,1.0,1.0,0
OULAD,revised,DDD|2013J|507115,Fail,0,0,-1,-1,1.0,1.0,0
OULAD,revised,DDD|2014J|693082,Withdrawn,0,0,-1,-1,1.0,1.0,0
OULAD,revised,DDD|2013J|285085,Withdrawn,0,0,-1,-1,1.0,1.0,2
OULAD,revised,DDD|2013B|378953,Fail,0,0,-1,-1,1.0,1.0,0
OULAD,revised,CCC|2014J|2637912,Fail,0,0,-1,-1,1.0,1.0,1
OULAD,revised,BBB|2013B|530153,Fail,0,0,-1,-1,1.0,1.0,0
OULAD,revised,BBB|2013J|520325,Fail,0,0,-1,-1,1.0,1.0,0
OULAD,revised,DDD|2013J|583606,Fail,0,0,-1,-1,1.0,1.0,0
OULAD,revised,FFF|2014J|649141,Withdrawn,0,0,-1,-1,1.0,1.0,1
OULAD,revised,BBB|2014B|618197,Withdrawn,0,0,-1,-1,1.0,1.0,0
OULAD,revised,FFF|2014J|2107747,Withdrawn,0,0,-1,-1,1.0,1.0,1
OULAD,revised,FFF|2013J|595978,Withdrawn,0,0,-1,-1,1.0,1.0,0
OULAD,revised,DDD|2013B|2536214,Fail,0,0,-1,-1,1.0,1.0,0
OULAD,revised,FFF|2013J|2173721,Fail,0,0,-1,-1,1.0,1.0,0
OULAD,revised,GGG|2013J|584844,Fail,0,0,-1,-1,1.0,1.0,0
OULAD,revised,FFF|2013J|561880,Withdrawn,0,0,-1,-1,1.0,1.0,1
OULAD,revised,DDD|2013J|580706,Withdrawn,0,0,-1,-1,1.0,1.0,0
OULAD,revised,CCC|2014J|2650741,Fail,0,0,-1,-1,1.0,1.0,1
OULAD,revised,AAA|2014J|158707,Withdrawn,0,0,-1,-1,1.0,1.0,4
OULAD,revised,CCC|2014B|1969407,Fail,0,0,-1,-1,1.0,1.0,0
OULAD,revised,FFF|2014B|2355214,Fail,0,0,-1,-1,1.0,1.0,1
OULAD,revised,DDD|2013J|1644266,Withdrawn,0,0,-1,-1,1.0,1.0,0
OULAD,revised,CCC|2014J|630073,Withdrawn,0,0,-1,-1,1.0,1.0,0
OULAD,revised,FFF|2014J|570213,Fail,0,0,-1,-1,1.0,1.0,2
OULAD,revised,BBB|2013J|572495,Withdrawn,0,0,-1,-1,1.0,1.0,0
OULAD,revised,DDD|2013J|599837,Withdrawn,0,0,-1,-1,1.0,1.0,1
OULAD,revised,CCC|2014B|544090,Fail,0,0,-1,-1,1.0,1.0,0
OULAD,revised,FFF|2014J|2480886,Fail,0,0,-1,-1,1.0,1.0,2
OULAD,revised,CCC|2014B|62278,Fail,0,0,-1,-1,1.0,1.0,0
OULAD,revised,FFF|2014J|571950,Withdrawn,0,0,-1,-1,1.0,1.0,0
OULAD,revised,EEE|2013J|556709,Fail,0,0,-1,-1,1.0,1.0,1
OULAD,revised,FFF|2014B|619118,Fail,0,0,-1,-1,1.0,1.0,0
OULAD,revised,GGG|2014B|631212,Withdrawn,0,0,-1,-1,1.0,1.0,0
OULAD,revised,FFF|2014B|286484,Withdrawn,0,0,-1,-1,1.0,1.0,0
OULAD,revised,FFF|2014B|626692,Withdrawn,0,0,-1,-1,1.0,1.0,0
OULAD,revised,CCC|2014J|532565,Fail,0,0,-1,-1,1.0,1.0,0
OULAD,revised,FFF|2014J|648661,Fail,0,0,-1,-1,1.0,1.0,0
OULAD,revised,FFF|2014B|632801,Fail,0,0,-1,-1,1.0,1.0,0
OULAD,revised,DDD|2014B|360759,Withdrawn,0,0,-1,-1,1.0,1.0,0
OULAD,revised,DDD|2013J|592709,Fail,0,0,-1,-1,1.0,1.0,0
OULAD,revised,DDD|2014B|633331,Withdrawn,0,0,-1,-1,1.0,1.0,0
OULAD,revised,FFF|2014J|685100,Withdrawn,0,0,-1,-1,1.0,1.0,1
OULAD,revised,DDD|2013J|558140,Fail,0,0,-1,-1,1.0,1.0,0
OULAD,revised,DDD|2014B|627416,Withdrawn,0,0,-1,-1,1.0,1.0,0
OULAD,revised,FFF|2014B|612982,Fail,0,0,-1,-1,1.0,1.0,2
OULAD,revised,BBB|2014B|631341,Fail,0,0,-1,-1,1.0,1.0,0
OULAD,revised,DDD|2014J|386140,Fail,0,0,-1,-1,1.0,1.0,0
OULAD,revised,DDD|2013J|504596,Fail,0,0,-1,-1,1.0,1.0,1
OULAD,revised,DDD|2014B|621908,Fail,0,0,-1,-1,1.0,1.0,0
OULAD,revised,EEE|2014J|322641,Withdrawn,0,0,-1,-1,1.0,1.0,1
OULAD,revised,EEE|2013J|580689,Withdrawn,0,0,-1,-1,1.0,1.0,0
OULAD,revised,BBB|2014J|2049740,Fail,0,0,-1,-1,1.0,1.0,1
OULAD,revised,CCC|2014B|633341,Fail,0,0,-1,-1,1.0,1.0,1
OULAD,revised,CCC|2014J|371439,Fail,0,0,-1,-1,1.0,1.0,0
OULAD,revised,DDD|2013J|468657,Withdrawn,0,0,-1,-1,1.0,1.0,0
OULAD,revised,FFF|2013J|190910,Fail,0,0,-1,-1,1.0,1.0,0
OULAD,revised,CCC|2014J|418971,Fail,0,0,-1,-1,1.0,1.0,0
OULAD,revised,DDD|2013B|552114,Fail,0,0,-1,-1,1.0,1.0,0
OULAD,revised,BBB|2014B|358054,Withdrawn,0,0,-1,-1,1.0,1.0,1
OULAD,revised,FFF|2013J|596521,Fail,0,0,-1,-1,1.0,1.0,1
OULAD,revised,FFF|2013J|583993,Fail,0,0,-1,-1,1.0,1.0,2
OULAD,revised,EEE|2014B|623940,Fail,0,0,-1,-1,1.0,1.0,0
OULAD,revised,FFF|2014J|587654,Withdrawn,0,0,-1,-1,1.0,1.0,1
OULAD,revised,FFF|2013J|598308,Withdrawn,0,0,-1,-1,1.0,1.0,1
OULAD,revised,BBB|2014B|2437428,Fail,0,0,-1,-1,1.0,1.0,1
OULAD,revised,DDD|2013B|520400,Fail,0,0,-1,-1,1.0,1.0,0
OULAD,revised,FFF|2013J|606425,Withdrawn,0,0,-1,-1,1.0,1.0,1
OULAD,revised,FFF|2013J|353790,Fail,0,0,-1,-1,1.0,1.0,0
OULAD,revised,BBB|2013B|482945,Withdrawn,0,0,-1,-1,1.0,1.0,0
OULAD,revised,FFF|2013B|560404,Fail,0,0,-1,-1,1.0,1.0,6
OULAD,revised,FFF|2014J|652336,Withdrawn,0,0,-1,-1,1.0,1.0,1
OULAD,revised,AAA|2014J|1818673,Fail,0,0,-1,-1,1.0,1.0,1
OULAD,revised,FFF|2013B|2392327,Fail,0,0,-1,-1,1.0,1.0,1
OULAD,revised,DDD|2014J|63827,Withdrawn,0,0,-1,-1,1.0,1.0,0
OULAD,revised,FFF|2013J|368935,Fail,0,0,-1,-1,1.0,1.0,1
OULAD,revised,FFF|2013J|604258,Withdrawn,0,0,-1,-1,1.0,1.0,0
OULAD,revised,DDD|2013J|2175266,Withdrawn,0,0,-1,-1,1.0,1.0,0
OULAD,revised,FFF|2014J|69439,Withdrawn,0,0,-1,-1,1.0,1.0,1
OULAD,revised,DDD|2013J|1782581,Withdrawn,0,0,-1,-1,1.0,1.0,1
OULAD,revised,DDD|2014B|624105,Fail,0,0,-1,-1,1.0,1.0,3
OULAD,revised,FFF|2014B|591111,Fail,0,0,-1,-1,1.0,1.0,0
OULAD,revised,FFF|2014J|687341,Withdrawn,0,0,-1,-1,1.0,1.0,1
OULAD,revised,BBB|2013B|545223,Withdrawn,0,0,-1,-1,1.0,1.0,4
OULAD,revised,FFF|2013J|334669,Withdrawn,0,0,-1,-1,1.0,1.0,0
OULAD,revised,EEE|2014J|381983,Fail,0,0,-1,-1,1.0,1.0,0
OULAD,revised,FFF|2013J|574664,Fail,0,0,-1,-1,1.0,1.0,0
OULAD,revised,CCC|2014J|578820,Withdrawn,0,0,-1,-1,1.0,1.0,0
OULAD,revised,FFF|2014J|605228,Fail,0,0,-1,-1,1.0,1.0,0
OULAD,revised,CCC|2014B|591566,Withdrawn,0,0,-1,-1,0.92,1.0,4
OULAD,revised,BBB|2013B|539253,Fail,0,0,-1,-1,1.0,1.0,0
OULAD,revised,FFF|2013J|500099,Withdrawn,0,0,-1,-1,1.0,1.0,0
OULAD,revised,BBB|2013B|540530,Fail,0,0,-1,-1,1.0,1.0,0
OULAD,revised,BBB|2014J|417971,Withdrawn,0,0,-1,-1,1.0,1.0,1
OULAD,revised,FFF|2014B|395188,Fail,0,0,-1,-1,1.0,1.0,2
OULAD,revised,CCC|2014B|628029,Withdrawn,0,0,-1,-1,1.0,1.0,0
OULAD,revised,FFF|2014J|484494,Withdrawn,0,0,-1,-1,1.0,1.0,0
OULAD,revised,CCC|2014J|675495,Withdrawn,0,0,-1,-1,1.0,1.0,0
OULAD,revised,BBB|2013J|572514,Fail,0,0,-1,-1,1.0,1.0,0
OULAD,revised,DDD|2014B|395288,Fail,0,0,-1,-1,1.0,1.0,0
OULAD,revised,EEE|2014B|525332,Fail,0,0,-1,-1,1.0,1.0,0
OULAD,revised,DDD|2013B|545115,Fail,0,0,-1,-1,1.0,1.0,1
OULAD,revised,FFF|2014J|191504,Withdrawn,0,0,-1,-1,1.0,1.0,0
OULAD,revised,EEE|2014B|502640,Withdrawn,0,0,-1,-1,1.0,1.0,1
OULAD,revised,EEE|2014J|554235,Fail,0,0,-1,-1,1.0,1.0,0
OULAD,revised,DDD|2014J|100561,Fail,0,0,-1,-1,1.0,1.0,0
OULAD,revised,FFF|2013J|608866,Withdrawn,0,0,-1,-1,1.0,1.0,1
OULAD,revised,DDD|2013J|610170,Withdrawn,0,0,-1,-1,1.0,1.0,0
OULAD,revised,BBB|2014J|254612,Fail,1,0,10,-1,0.28,1.0,6
OULAD,revised,FFF|2014J|634601,Fail,0,0,-1,-1,1.0,1.0,1
OULAD,revised,BBB|2013B|479519,Fail,0,0,-1,-1,1.0,1.0,4
OULAD,revised,BBB|2013J|578854,Withdrawn,0,0,-1,-1,1.0,1.0,0
OULAD,revised,FFF|2013B|190653,Withdrawn,0,0,-1,-1,1.0,1.0,1
OULAD,revised,DDD|2013J|27417,Withdrawn,0,0,-1,-1,1.0,1.0,0
OULAD,revised,BBB|2014B|562783,Withdrawn,0,0,-1,-1,1.0,1.0,1
OULAD,revised,BBB|2013J|278272,Fail,0,0,-1,-1,1.0,1.0,0
OULAD,revised,BBB|2013B|550429,Fail,0,0,-1,-1,1.0,1.0,4
OULAD,revised,DDD|2013J|59275,Fail,0,0,-1,-1,1.0,1.0,0
OULAD,revised,DDD|2013B|387335,Withdrawn,0,0,-1,-1,1.0,1.0,0
OULAD,revised,BBB|2013B|490152,Fail,0,0,-1,-1,1.0,1.0,1
OULAD,revised,CCC|2014J|409852,Fail,0,0,-1,-1,1.0,1.0,1
OULAD,revised,DDD|2013J|550142,Withdrawn,0,0,-1,-1,1.0,1.0,0
OULAD,revised,CCC|2014B|582108,Fail,0,0,-1,-1,1.0,1.0,0
OULAD,revised,FFF|2014J|646091,Withdrawn,0,0,-1,-1,1.0,1.0,0
OULAD,revised,CCC|2014B|421712,Withdrawn,0,0,-1,-1,1.0,1.0,0
OULAD,revised,DDD|2013J|123957,Withdrawn,0,0,-1,-1,1.0,1.0,0
OULAD,revised,FFF|2014J|577032,Fail,0,0,-1,-1,1.0,1.0,0
OULAD,revised,DDD|2014B|231973,Withdrawn,0,0,-1,-1,1.0,1.0,0
OULAD,revised,FFF|2013B|535052,Withdrawn,0,0,-1,-1,1.0,1.0,1
OULAD,revised,CCC|2014J|588566,Fail,0,0,-1,-1,1.0,1.0,0
OULAD,revised,CCC|2014B|426616,Fail,0,0,-1,-1,1.0,1.0,0
OULAD,revised,CCC|2014J|572599,Withdrawn,0,0,-1,-1,1.0,1.0,0
OULAD,revised,DDD|2014J|696132,Fail,0,0,-1,-1,1.0,1.0,0
OULAD,revised,BBB|2013B|535155,Withdrawn,0,0,-1,-1,1.0,1.0,1
OULAD,revised,DDD|2014J|75427,Fail,0,0,-1,-1,1.0,1.0,1
OULAD,revised,FFF|2013B|550435,Fail,0,0,-1,-1,1.0,1.0,0
OULAD,revised,FFF|2013J|527619,Withdrawn,0,0,-1,-1,1.0,1.0,1
OULAD,revised,DDD|2013B|345568,Fail,0,0,-1,-1,1.0,1.0,1
OULAD,revised,BBB|2014B|628511,Fail,0,0,-1,-1,1.0,1.0,0
OULAD,revised,DDD|2013J|575962,Fail,0,0,-1,-1,1.0,1.0,0
OULAD,revised,BBB|2014J|695434,Fail,0,0,-1,-1,1.0,1.0,1
OULAD,revised,DDD|2014J|649413,Fail,0,0,-1,-1,1.0,1.0,0
OULAD,revised,CCC|2014B|541003,Fail,0,0,-1,-1,1.0,1.0,0
OULAD,revised,BBB|2013J|329030,Fail,0,0,-1,-1,1.0,1.0,0
OULAD,revised,EEE|2014J|697482,Fail,0,0,-1,-1,1.0,1.0,0
OULAD,revised,FFF|2014B|383921,Fail,0,0,-1,-1,1.0,1.0,0
OULAD,revised,FFF|2013B|539953,Fail,0,0,-1,-1,1.0,1.0,0
OULAD,revised,BBB|2014B|570239,Fail,0,0,-1,-1,1.0,1.0,0
OULAD,revised,GGG|2014B|634822,Fail,0,0,-1,-1,1.0,1.0,0
OULAD,revised,EEE|2014J|646109,Withdrawn,0,0,-1,-1,1.0,1.0,0
OULAD,revised,BBB|2013B|2470672,Fail,0,0,-1,-1,1.0,1.0,1
OULAD,revised,FFF|2013J|606386,Fail,0,0,-1,-1,1.0,1.0,2
OULAD,revised,FFF|2014J|85241,Withdrawn,0,0,-1,-1,1.0,1.0,0
OULAD,revised,CCC|2014B|1769985,Withdrawn,0,0,-1,-1,1.0,1.0,0
OULAD,revised,FFF|2014B|559449,Fail,0,0,-1,-1,1.0,1.0,1
OULAD,revised,FFF|2013B|494866,Withdrawn,0,0,-1,-1,1.0,1.0,0
OULAD,revised,FFF|2014J|393141,Fail,0,0,-1,-1,1.0,1.0,1
OULAD,revised,CCC|2014J|422697,Withdrawn,0,0,-1,-1,1.0,1.0,1
OULAD,revised,FFF|2014B|588436,Fail,0,0,-1,-1,1.0,1.0,1
OULAD,revised,CCC|2014J|630891,Withdrawn,1,0,15,-1,0.56,1.0,5
OULAD,revised,DDD|2014B|614633,Withdrawn,0,0,-1,-1,1.0,1.0,1
OULAD,revised,FFF|2014J|683094,Fail,0,0,-1,-1,1.0,1.0,1
OULAD,revised,FFF|2014J|574695,Withdrawn,0,0,-1,-1,1.0,1.0,0
OULAD,revised,FFF|2014B|588913,Withdrawn,0,0,-1,-1,1.0,1.0,2
OULAD,revised,DDD|2014B|606884,Fail,0,0,-1,-1,1.0,1.0,0
OULAD,revised,EEE|2013J|596321,Withdrawn,0,0,-1,-1,1.0,1.0,1
OULAD,revised,DDD|2013J|586022,Fail,0,0,-1,-1,1.0,1.0,1
OULAD,revised,BBB|2014J|578418,Withdrawn,0,0,-1,-1,1.0,1.0,0
OULAD,revised,DDD|2014J|1382719,Fail,0,0,-1,-1,1.0,1.0,1
OULAD,revised,FFF|2014B|633411,Fail,0,0,-1,-1,1.0,1.0,0
OULAD,revised,DDD|2013J|579470,Fail,0,0,-1,-1,1.0,1.0,0
OULAD,revised,FFF|2014J|572265,Fail,0,0,-1,-1,1.0,1.0,0
OULAD,revised,FFF|2013B|556970,Fail,0,0,-1,-1,1.0,1.0,0
OULAD,revised,EEE|2014J|425053,Fail,0,0,-1,-1,1.0,1.0,0
OULAD,revised,BBB|2013B|544519,Fail,0,0,-1,-1,1.0,1.0,0
OULAD,revised,GGG|2013J|583827,Fail,0,0,-1,-1,1.0,1.0,0
OULAD,revised,EEE|2014B|171334,Withdrawn,0,0,-1,-1,1.0,1.0,1
OULAD,revised,CCC|2014J|675915,Fail,0,0,-1,-1,1.0,1.0,2
OULAD,revised,FFF|2014J|691465,Fail,0,0,-1,-1,1.0,1.0,1
OULAD,revised,DDD|2013B|546830,Fail,0,0,-1,-1,1.0,1.0,1
OULAD,revised,FFF|2013B|322106,Fail,0,0,-1,-1,1.0,1.0,0
OULAD,revised,DDD|2014B|31269,Withdrawn,0,0,-1,-1,1.0,1.0,0
OULAD,revised,EEE|2014J|641881,Fail,0,0,-1,-1,1.0,1.0,0
OULAD,revised,DDD|2014J|160181,Withdrawn,0,0,-1,-1,1.0,1.0,2
OULAD,revised,DDD|2014B|631846,Withdrawn,0,0,-1,-1,1.0,1.0,1
OULAD,revised,BBB|2013B|147876,Fail,0,0,-1,-1,1.0,1.0,0
OULAD,revised,DDD|2013B|199782,Fail,1,0,17,-1,0.64,1.0,4
OULAD,revised,BBB|2014J|531450,Fail,0,0,-1,-1,1.0,1.0,1
OULAD,revised,DDD|2013J|572087,Withdrawn,0,0,-1,-1,1.0,1.0,0
OULAD,revised,DDD|2013J|563888,Withdrawn,0,0,-1,-1,1.0,1.0,0
OULAD,revised,FFF|2014J|650123,Withdrawn,0,0,-1,-1,1.0,1.0,0
OULAD,revised,GGG|2013J|2248789,Fail,0,0,-1,-1,1.0,1.0,2
OULAD,revised,FFF|2014B|629879,Fail,0,0,-1,-1,1.0,1.0,0
OULAD,revised,BBB|2013B|406974,Withdrawn,0,0,-1,-1,1.0,1.0,1
OULAD,revised,BBB|2014J|649578,Fail,0,0,-1,-1,1.0,1.0,0
OULAD,revised,DDD|2014J|597779,Withdrawn,0,0,-1,-1,1.0,1.0,0
OULAD,revised,DDD|2013J|242472,Fail,0,0,-1,-1,1.0,1.0,0
OULAD,revised,FFF|2013J|574735,Withdrawn,0,0,-1,-1,1.0,1.0,3
OULAD,revised,DDD|2013J|577570,Withdrawn,0,0,-1,-1,1.0,1.0,0
OULAD,revised,DDD|2014J|678605,Fail,0,0,-1,-1,1.0,1.0,0
OULAD,revised,FFF|2013B|535390,Withdrawn,0,0,-1,-1,1.0,1.0,0
OULAD,revised,FFF|2014J|645433,Withdrawn,0,0,-1,-1,1.0,1.0,0
OULAD,revised,EEE|2014J|674747,Fail,0,0,-1,-1,1.0,1.0,0
OULAD,revised,FFF|2014B|2463282,Withdrawn,0,0,-1,-1,1.0,1.0,0
OULAD,revised,EEE|2014B|623184,Fail,0,0,-1,-1,1.0,1.0,1
OULAD,revised,FFF|2013B|239748,Fail,0,0,-1,-1,1.0,1.0,0
OULAD,revised,FFF|2014J|1514245,Withdrawn,0,0,-1,-1,1.0,1.0,0
OULAD,revised,DDD|2014B|61911,Fail,0,0,-1,-1,1.0,1.0,1
OULAD,revised,DDD|2014J|680331,Fail,0,0,-1,-1,1.0,1.0,0
OULAD,revised,DDD|2013J|607427,Withdrawn,0,0,-1,-1,1.0,1.0,0
OULAD,revised,DDD|2013J|443400,Fail,0,0,-1,-1,1.0,1.0,0
OULAD,revised,CCC|2014B|536536,Withdrawn,0,0,-1,-1,1.0,1.0,0
OULAD,revised,DDD|2013B|233389,Fail,0,0,-1,-1,1.0,1.0,0
OULAD,revised,EEE|2013J|473706,Fail,0,0,-1,-1,1.0,1.0,0
OULAD,revised,CCC|2014B|523710,Fail,0,0,-1,-1,1.0,1.0,1
OULAD,revised,CCC|2014J|691195,Fail,1,0,20,-1,0.72,1.0,3
OULAD,revised,DDD|2013B|2126013,Withdrawn,0,0,-1,-1,1.0,1.0,0
OULAD,revised,DDD|2013B|558610,Withdrawn,0,0,-1,-1,1.0,1.0,1
OULAD,revised,FFF|2014J|684040,Withdrawn,0,0,-1,-1,1.0,1.0,0
OULAD,revised,DDD|2014B|632195,Fail,0,0,-1,-1,1.0,1.0,0
OULAD,revised,DDD|2014J|2612069,Fail,0,0,-1,-1,1.0,1.0,0
OULAD,revised,BBB|2014J|691006,Fail,0,0,-1,-1,1.0,1.0,0
OULAD,revised,DDD|2013B|2502707,Withdrawn,0,0,-1,-1,1.0,1.0,0
OULAD,revised,DDD|2014J|623223,Withdrawn,0,0,-1,-1,1.0,1.0,1
OULAD,revised,DDD|2013J|380138,Fail,0,0,-1,-1,1.0,1.0,0
OULAD,revised,FFF|2013B|473102,Withdrawn,0,0,-1,-1,1.0,1.0,1
OULAD,revised,CCC|2014J|647083,Fail,0,0,-1,-1,1.0,1.0,0
OULAD,revised,DDD|2014J|651672,Fail,0,0,-1,-1,1.0,1.0,0
OULAD,revised,BBB|2013B|292027,Withdrawn,0,0,-1,-1,1.0,1.0,0
OULAD,revised,CCC|2014B|585769,Withdrawn,0,0,-1,-1,1.0,1.0,1
OULAD,revised,DDD|2014B|626723,Fail,0,0,-1,-1,1.0,1.0,0
OULAD,revised,BBB|2013J|510776,Fail,0,0,-1,-1,1.0,1.0,0
OULAD,revised,BBB|2013J|590107,Withdrawn,0,0,-1,-1,1.0,1.0,0
OULAD,revised,DDD|2014J|569749,Withdrawn,0,0,-1,-1,1.0,1.0,0
OULAD,revised,GGG|2013J|2254271,Fail,0,0,-1,-1,1.0,1.0,0
OULAD,revised,BBB|2014J|697561,Fail,0,0,-1,-1,1.0,1.0,0
OULAD,revised,BBB|2013B|237913,Fail,0,0,-1,-1,1.0,1.0,1
OULAD,revised,DDD|2014J|309350,Withdrawn,0,0,-1,-1,1.0,1.0,1
OULAD,revised,FFF|2014J|629522,Withdrawn,0,0,-1,-1,1.0,1.0,1
OULAD,revised,FFF|2014J|656086,Withdrawn,0,0,-1,-1,1.0,1.0,1
OULAD,revised,FFF|2014B|613928,Fail,0,0,-1,-1,1.0,1.0,1
OULAD,revised,EEE|2014J|643416,Fail,0,0,-1,-1,1.0,1.0,0
OULAD,revised,CCC|2014J|688533,Withdrawn,0,0,-1,-1,1.0,1.0,0
OULAD,revised,BBB|2013J|576226,Fail,0,0,-1,-1,1.0,1.0,0
OULAD,revised,DDD|2013J|610537,Fail,0,0,-1,-1,1.0,1.0,0
OULAD,revised,FFF|2014J|653988,Fail,0,0,-1,-1,1.0,1.0,0
OULAD,revised,CCC|2014B|413083,Fail,0,0,-1,-1,1.0,1.0,0
OULAD,revised,BBB|2014B|446296,Fail,0,0,-1,-1,1.0,1.0,0
OULAD,revised,FFF|2013J|567223,Fail,0,0,-1,-1,1.0,1.0,1
OULAD,revised,GGG|2013J|368245,Fail,0,0,-1,-1,1.0,1.0,1
OULAD,revised,BBB|2014B|623177,Fail,0,0,-1,-1,1.0,1.0,0
OULAD,revised,BBB|2013J|584735,Withdrawn,0,0,-1,-1,1.0,1.0,1
OULAD,revised,CCC|2014J|393526,Withdrawn,0,0,-1,-1,1.0,1.0,1
OULAD,revised,CCC|2014J|322907,Fail,0,0,-1,-1,1.0,1.0,1
OULAD,revised,BBB|2014J|509466,Fail,0,0,-1,-1,1.0,1.0,1
OULAD,revised,DDD|2013J|595963,Withdrawn,0,0,-1,-1,1.0,1.0,0
OULAD,revised,CCC|2014B|507671,Withdrawn,0,0,-1,-1,1.0,1.0,1
OULAD,revised,FFF|2013J|598666,Withdrawn,0,0,-1,-1,1.0,1.0,0
OULAD,revised,DDD|2013J|33387,Withdrawn,0,0,-1,-1,1.0,1.0,1
OULAD,revised,FFF|2014B|633292,Fail,0,0,-1,-1,1.0,1.0,0
OULAD,revised,FFF|2014B|619974,Withdrawn,0,0,-1,-1,1.0,1.0,4
OULAD,revised,DDD|2014J|632831,Fail,0,0,-1,-1,1.0,1.0,0
OULAD,revised,FFF|2014B|402449,Fail,0,0,-1,-1,1.0,1.0,2
OULAD,revised,DDD|2014J|676809,Fail,0,0,-1,-1,1.0,1.0,0
OULAD,revised,BBB|2013J|613175,Fail,0,0,-1,-1,1.0,1.0,1
OULAD,revised,BBB|2014J|686953,Fail,0,0,-1,-1,1.0,1.0,0
OULAD,revised,DDD|2013B|527747,Withdrawn,0,0,-1,-1,1.0,1.0,0
OULAD,revised,DDD|2013B|543482,Withdrawn,0,0,-1,-1,1.0,1.0,0
OULAD,revised,DDD|2014B|546403,Withdrawn,0,0,-1,-1,1.0,1.0,0
OULAD,revised,BBB|2014J|229326,Withdrawn,0,0,-1,-1,1.0,1.0,1
OULAD,revised,CCC|2014J|509150,Withdrawn,0,0,-1,-1,1.0,1.0,0
OULAD,revised,DDD|2013J|562064,Fail,0,0,-1,-1,1.0,1.0,0
OULAD,revised,CCC|2014J|621414,Withdrawn,0,0,-1,-1,0.96,1.0,3
OULAD,revised,BBB|2014B|626297,Fail,0,0,-1,-1,1.0,1.0,0
OULAD,revised,CCC|2014J|501146,Fail,0,0,-1,-1,1.0,1.0,3
OULAD,revised,AAA|2013J|2469673,Fail,0,0,-1,-1,1.0,1.0,0
OULAD,revised,FFF|2013J|585942,Fail,0,0,-1,-1,1.0,1.0,0
OULAD,revised,FFF|2014J|631438,Fail,0,0,-1,-1,1.0,1.0,0
OULAD,revised,DDD|2014J|559707,Fail,0,0,-1,-1,1.0,1.0,1
OULAD,revised,BBB|2013B|554830,Fail,0,0,-1,-1,1.0,1.0,0
OULAD,revised,DDD|2013J|472060,Fail,0,0,-1,-1,1.0,1.0,0
OULAD,revised,DDD|2014J|488575,Withdrawn,0,0,-1,-1,1.0,1.0,1
OULAD,revised,DDD|2014J|2561811,Fail,0,0,-1,-1,1.0,1.0,0
OULAD,revised,FFF|2014J|159947,Fail,0,0,-1,-1,1.0,1.0,0
OULAD,revised,BBB|2014B|611586,Withdrawn,0,0,-1,-1,1.0,1.0,0
OULAD,revised,DDD|2013J|493725,Fail,0,0,-1,-1,1.0,1.0,0
OULAD,revised,DDD|2014B|546299,Withdrawn,0,0,-1,-1,1.0,1.0,1
OULAD,revised,DDD|2013B|337414,Withdrawn,0,0,-1,-1,1.0,1.0,1
OULAD,revised,CCC|2014B|435271,Withdrawn,0,0,-1,-1,1.0,1.0,0
OULAD,revised,DDD|2013J|294364,Fail,0,0,-1,-1,1.0,1.0,1
OULAD,revised,CCC|2014J|317801,Fail,0,0,-1,-1,1.0,1.0,1
OULAD,revised,DDD|2014B|558629,Fail,0,0,-1,-1,1.0,1.0,1
OULAD,revised,CCC|2014J|1634278,Withdrawn,0,0,-1,-1,1.0,1.0,0
OULAD,revised,BBB|2014B|612370,Fail,0,0,-1,-1,1.0,1.0,1
OULAD,revised,BBB|2013J|609230,Withdrawn,0,0,-1,-1,1.0,1.0,0
OULAD,revised,CCC|2014J|581770,Withdrawn,0,0,-1,-1,1.0,1.0,0
OULAD,revised,DDD|2014J|682031,Withdrawn,0,0,-1,-1,1.0,1.0,1
OULAD,revised,DDD|2014J|502557,Withdrawn,0,0,-1,-1,1.0,1.0,1
OULAD,revised,FFF|2014B|610778,Withdrawn,0,0,-1,-1,1.0,1.0,1
OULAD,revised,CCC|2014B|571025,Withdrawn,0,0,-1,-1,1.0,1.0,0
OULAD,revised,FFF|2014J|623917,Withdrawn,0,0,-1,-1,1.0,1.0,0
OULAD,revised,DDD|2014J|656393,Fail,0,0,-1,-1,1.0,1.0,0
OULAD,revised,FFF|2013J|572071,Withdrawn,0,0,-1,-1,1.0,1.0,0
OULAD,revised,DDD|2014B|622844,Withdrawn,0,0,-1,-1,1.0,1.0,1
OULAD,revised,GGG|2014B|587287,Fail,0,0,-1,-1,1.0,1.0,0
OULAD,revised,GGG|2013J|578666,Fail,0,0,-1,-1,1.0,1.0,0
OULAD,revised,FFF|2014B|602571,Withdrawn,0,0,-1,-1,1.0,1.0,0
OULAD,revised,BBB|2014J|197527,Fail,0,0,-1,-1,1.0,1.0,1
OULAD,revised,FFF|2014B|530196,Withdrawn,0,0,-1,-1,1.0,1.0,4
OULAD,revised,DDD|2013J|603803,Withdrawn,0,0,-1,-1,1.0,1.0,0
OULAD,revised,BBB|2013B|535396,Withdrawn,0,0,-1,-1,1.0,1.0,0
OULAD,revised,BBB|2014J|644101,Withdrawn,0,0,-1,-1,1.0,1.0,0
OULAD,revised,DDD|2013J|400942,Withdrawn,0,0,-1,-1,1.0,1.0,0
OULAD,revised,BBB|2013B|494927,Withdrawn,0,0,-1,-1,1.0,1.0,0
OULAD,revised,DDD|2014B|612669,Withdrawn,0,0,-1,-1,1.0,1.0,0
OULAD,revised,CCC|2014J|627947,Withdrawn,0,0,-1,-1,1.0,1.0,0
OULAD,revised,FFF|2014J|635410,Fail,0,0,-1,-1,1.0,1.0,0
OULAD,revised,FFF|2014B|618667,Fail,0,0,-1,-1,1.0,1.0,0
OULAD,revised,DDD|2014B|963176,Withdrawn,0,0,-1,-1,1.0,1.0,0
OULAD,revised,CCC|2014J|656954,Withdrawn,0,0,-1,-1,1.0,1.0,0
OULAD,revised,FFF|2014B|591318,Withdrawn,0,0,-1,-1,1.0,1.0,0
OULAD,revised,BBB|2014J|643608,Withdrawn,0,0,-1,-1,1.0,1.0,1
OULAD,revised,FFF|2014J|631524,Fail,0,0,-1,-1,1.0,1.0,1
OULAD,revised,FFF|2013B|1090738,Fail,0,0,-1,-1,1.0,1.0,0
OULAD,revised,FFF|2013J|585615,Fail,0,0,-1,-1,1.0,1.0,1
OULAD,revised,EEE|2014B|632133,Withdrawn,0,0,-1,-1,1.0,1.0,0
OULAD,revised,EEE|2013J|589055,Fail,0,0,-1,-1,1.0,1.0,1
OULAD,revised,CCC|2014B|1551895,Withdrawn,0,0,-1,-1,1.0,1.0,0
OULAD,revised,CCC|2014J|549888,Withdrawn,0,0,-1,-1,1.0,1.0,0
OULAD,revised,EEE|2014B|616700,Withdrawn,0,0,-1,-1,1.0,1.0,0
OULAD,revised,FFF|2013J|592002,Fail,0,0,-1,-1,1.0,1.0,1
OULAD,revised,GGG|2013J|591849,Fail,0,0,-1,-1,1.0,1.0,0
OULAD,revised,DDD|2014J|493650,Withdrawn,0,0,-1,-1,1.0,1.0,0
OULAD,revised,FFF|2013J|565653,Withdrawn,0,0,-1,-1,1.0,1.0,1
OULAD,revised,BBB|2013J|174440,Fail,0,0,-1,-1,1.0,1.0,0
OULAD,revised,FFF|2014J|195246,Fail,0,0,-1,-1,1.0,1.0,1
OULAD,revised,BBB|2014J|600658,Fail,0,0,-1,-1,1.0,1.0,1
OULAD,revised,EEE|2013J|333976,Fail,0,0,-1,-1,1.0,1.0,0
OULAD,revised,DDD|2013J|610469,Withdrawn,0,0,-1,-1,1.0,1.0,0
OULAD,revised,EEE|2013J|602389,Fail,0,0,-1,-1,1.0,1.0,0
OULAD,revised,CCC|2014B|476937,Fail,0,0,-1,-1,1.0,1.0,2
OULAD,revised,FFF|2013J|574282,Withdrawn,0,0,-1,-1,1.0,1.0,0
OULAD,revised,AAA|2013J|188278,Withdrawn,0,0,-1,-1,1.0,1.0,0
OULAD,revised,FFF|2014J|491959,Withdrawn,0,0,-1,-1,1.0,1.0,0
OULAD,revised,FFF|2013J|594406,Fail,0,0,-1,-1,1.0,1.0,4
OULAD,revised,BBB|2013J|587824,Fail,0,0,-1,-1,1.0,1.0,0
OULAD,revised,CCC|2014J|921739,Withdrawn,0,0,-1,-1,1.0,1.0,1
OULAD,revised,FFF|2013B|486145,Fail,0,0,-1,-1,1.0,1.0,1
OULAD,revised,GGG|2014B|122337,Fail,0,0,-1,-1,1.0,1.0,0
OULAD,revised,FFF|2014B|618390,Fail,0,0,-1,-1,1.0,1.0,1
OULAD,revised,BBB|2013J|576935,Fail,0,0,-1,-1,1.0,1.0,1
OULAD,revised,DDD|2014B|586946,Withdrawn,0,0,-1,-1,1.0,1.0,1
OULAD,revised,CCC|2014B|609383,Withdrawn,0,0,-1,-1,1.0,1.0,0
OULAD,revised,DDD|2014J|487607,Fail,0,0,-1,-1,1.0,1.0,1
OULAD,revised,FFF|2014B|603848,Fail,0,0,-1,-1,1.0,1.0,1
OULAD,revised,FFF|2014J|685192,Withdrawn,0,0,-1,-1,1.0,1.0,0
OULAD,revised,CCC|2014B|544467,Withdrawn,1,0,8,-1,0.2,1.0,8
OULAD,revised,BBB|2013B|544859,Fail,0,0,-1,-1,1.0,1.0,0
OULAD,revised,DDD|2013J|558765,Fail,0,0,-1,-1,1.0,1.0,0
OULAD,revised,CCC|2014J|523239,Fail,0,0,-1,-1,1.0,1.0,1
OULAD,revised,DDD|2014J|694147,Withdrawn,0,0,-1,-1,1.0,1.0,0
OULAD,revised,BBB|2013B|2626410,Withdrawn,0,0,-1,-1,1.0,1.0,0
OULAD,revised,FFF|2013J|585050,Withdrawn,0,0,-1,-1,1.0,1.0,5
OULAD,revised,BBB|2014J|649980,Withdrawn,0,0,-1,-1,1.0,1.0,0
OULAD,revised,DDD|2013J|290371,Withdrawn,0,0,-1,-1,1.0,1.0,0
OULAD,revised,CCC|2014B|398487,Fail,0,0,-1,-1,1.0,1.0,0
OULAD,legacy_z_reset,FFF|2013B|496491,Distinction,0,0,-1,-1,1.0,1.0,5
OULAD,legacy_z_reset,BBB|2013J|566346,Distinction,0,0,-1,-1,1.0,1.0,4
OULAD,legacy_z_reset,AAA|2014J|287210,Pass,0,0,-1,-1,1.0,1.0,2
OULAD,legacy_z_reset,FFF|2014B|416302,Pass,0,0,-1,-1,1.0,1.0,6
OULAD,legacy_z_reset,CCC|2014B|554951,Pass,0,0,-1,-1,1.0,1.0,0
OULAD,legacy_z_reset,BBB|2014J|689139,Pass,0,0,-1,-1,1.0,1.0,1
OULAD,legacy_z_reset,BBB|2014J|644069,Pass,0,0,-1,-1,1.0,1.0,0
OULAD,legacy_z_reset,BBB|2013J|609815,Pass,0,0,-1,-1,1.0,1.0,0
OULAD,legacy_z_reset,FFF|2014B|2561862,Distinction,0,0,-1,-1,1.0,1.0,6
OULAD,legacy_z_reset,BBB|2013J|517352,Pass,0,0,-1,-1,1.0,1.0,1
OULAD,legacy_z_reset,FFF|2013J|283953,Distinction,0,0,-1,-1,1.0,1.0,3
OULAD,legacy_z_reset,FFF|2014B|39882,Pass,0,0,-1,-1,1.0,1.0,1
OULAD,legacy_z_reset,GGG|2014B|624714,Distinction,0,0,-1,-1,1.0,1.0,1
OULAD,legacy_z_reset,EEE|2013J|594199,Pass,0,0,-1,-1,1.0,1.0,6
OULAD,legacy_z_reset,BBB|2013J|2420909,Pass,0,0,-1,-1,1.0,1.0,0
OULAD,legacy_z_reset,EEE|2014J|620782,Pass,0,0,-1,-1,1.0,1.0,1
OULAD,legacy_z_reset,DDD|2013J|576949,Pass,0,0,-1,-1,1.0,1.0,0
OULAD,legacy_z_reset,AAA|2014J|687698,Pass,0,0,-1,-1,1.0,1.0,0
OULAD,legacy_z_reset,AAA|2014J|470982,Pass,0,0,-1,-1,1.0,1.0,1
OULAD,legacy_z_reset,BBB|2013J|385820,Pass,0,0,-1,-1,1.0,1.0,2
OULAD,legacy_z_reset,BBB|2014J|626139,Pass,0,0,-1,-1,1.0,1.0,0
OULAD,legacy_z_reset,BBB|2014J|656200,Pass,0,0,-1,-1,1.0,1.0,0
OULAD,legacy_z_reset,DDD|2014J|675993,Pass,0,0,-1,-1,1.0,1.0,1
OULAD,legacy_z_reset,EEE|2014J|653801,Pass,0,0,-1,-1,1.0,1.0,2
OULAD,legacy_z_reset,AAA|2014J|330594,Pass,0,0,-1,-1,1.0,1.0,1
OULAD,legacy_z_reset,EEE|2014B|555756,Distinction,0,0,-1,-1,1.0,1.0,0
OULAD,legacy_z_reset,BBB|2014J|401317,Pass,0,0,-1,-1,1.0,1.0,0
OULAD,legacy_z_reset,FFF|2013J|594547,Pass,0,0,-1,-1,1.0,1.0,4
OULAD,legacy_z_reset,FFF|2013B|538202,Pass,0,0,-1,-1,1.0,1.0,0
OULAD,legacy_z_reset,FFF|2013J|574874,Distinction,0,0,-1,-1,1.0,1.0,11
OULAD,legacy_z_reset,EEE|2013J|592997,Pass,0,0,-1,-1,1.0,1.0,1
OULAD,legacy_z_reset,DDD|2013J|572697,Pass,0,0,-1,-1,1.0,1.0,0
OULAD,legacy_z_reset,BBB|2014J|634772,Pass,0,0,-1,-1,1.0,1.0,1
OULAD,legacy_z_reset,DDD|2014B|539451,Pass,0,0,-1,-1,1.0,1.0,1
OULAD,legacy_z_reset,EEE|2014J|605294,Distinction,0,0,-1,-1,1.0,1.0,3
OULAD,legacy_z_reset,CCC|2014B|575824,Pass,0,0,-1,-1,1.0,1.0,3
OULAD,legacy_z_reset,FFF|2014J|646074,Pass,0,0,-1,-1,1.0,1.0,6
OULAD,legacy_z_reset,GGG|2013J|602711,Distinction,0,0,-1,-1,1.0,1.0,1
OULAD,legacy_z_reset,AAA|2013J|241649,Pass,0,0,-1,-1,1.0,1.0,1
OULAD,legacy_z_reset,FFF|2014B|622442,Pass,0,0,-1,-1,1.0,1.0,3
OULAD,legacy_z_reset,FFF|2014J|641401,Distinction,0,0,-1,-1,1.0,1.0,2
OULAD,legacy_z_reset,BBB|2014B|542547,Pass,0,0,-1,-1,1.0,1.0,0
OULAD,legacy_z_reset,FFF|2013J|571831,Pass,0,0,-1,-1,1.0,1.0,3
OULAD,legacy_z_reset,DDD|2013J|578906,Distinction,0,0,-1,-1,1.0,1.0,1
OULAD,legacy_z_reset,CCC|2014J|645334,Distinction,0,0,-1,-1,1.0,1.0,4
OULAD,legacy_z_reset,CCC|2014B|573558,Pass,0,0,-1,-1,1.0,1.0,1
OULAD,legacy_z_reset,BBB|2014B|437171,Pass,0,0,-1,-1,1.0,1.0,0
OULAD,legacy_z_reset,BBB|2014J|606391,Pass,0,0,-1,-1,1.0,1.0,1
OULAD,legacy_z_reset,FFF|2014B|628117,Pass,0,0,-1,-1,1.0,1.0,0
OULAD,legacy_z_reset,CCC|2014J|633179,Pass,0,0,-1,-1,1.0,1.0,1
OULAD,legacy_z_reset,BBB|2013J|514864,Pass,0,0,-1,-1,1.0,1.0,1
OULAD,legacy_z_reset,BBB|2013J|365631,Pass,0,0,-1,-1,1.0,1.0,1
OULAD,legacy_z_reset,DDD|2013B|542293,Pass,0,0,-1,-1,1.0,1.0,1
OULAD,legacy_z_reset,BBB|2013J|440563,Pass,0,0,-1,-1,1.0,1.0,11
OULAD,legacy_z_reset,DDD|2013B|166988,Pass,0,0,-1,-1,1.0,1.0,1
OULAD,legacy_z_reset,GGG|2013J|522731,Pass,0,0,-1,-1,1.0,1.0,1
OULAD,legacy_z_reset,CCC|2014J|654016,Pass,0,0,-1,-1,1.0,1.0,0
OULAD,legacy_z_reset,EEE|2014J|656134,Distinction,0,0,-1,-1,1.0,1.0,1
OULAD,legacy_z_reset,CCC|2014B|329673,Pass,0,0,-1,-1,1.0,1.0,3
OULAD,legacy_z_reset,FFF|2014J|643273,Pass,0,0,-1,-1,1.0,1.0,5
OULAD,legacy_z_reset,BBB|2013B|374234,Pass,0,0,-1,-1,1.0,1.0,1
OULAD,legacy_z_reset,FFF|2013J|610258,Pass,0,0,-1,-1,1.0,1.0,2
OULAD,legacy_z_reset,DDD|2014B|623164,Pass,0,0,-1,-1,1.0,1.0,1
OULAD,legacy_z_reset,EEE|2013J|573336,Pass,0,0,-1,-1,1.0,1.0,1
OULAD,legacy_z_reset,BBB|2013J|590667,Distinction,0,0,-1,-1,1.0,1.0,1
OULAD,legacy_z_reset,GGG|2014J|682001,Pass,0,0,-1,-1,1.0,1.0,1
OULAD,legacy_z_reset,DDD|2013B|536926,Pass,0,0,-1,-1,1.0,1.0,1
OULAD,legacy_z_reset,BBB|2013B|561452,Distinction,0,0,-1,-1,1.0,1.0,1
OULAD,legacy_z_reset,EEE|2013J|610503,Pass,0,0,-1,-1,1.0,1.0,0
OULAD,legacy_z_reset,CCC|2014B|633281,Distinction,0,0,-1,-1,1.0,1.0,0
OULAD,legacy_z_reset,FFF|2014J|683352,Pass,0,0,-1,-1,1.0,1.0,2
OULAD,legacy_z_reset,FFF|2013B|308363,Pass,0,0,-1,-1,1.0,1.0,1
OULAD,legacy_z_reset,FFF|2013B|144747,Distinction,0,0,-1,-1,1.0,1.0,2
OULAD,legacy_z_reset,GGG|2014B|611612,Pass,0,0,-1,-1,1.0,1.0,0
OULAD,legacy_z_reset,GGG|2013J|591804,Distinction,0,0,-1,-1,1.0,1.0,1
OULAD,legacy_z_reset,DDD|2013B|2377623,Pass,0,0,-1,-1,1.0,1.0,3
OULAD,legacy_z_reset,EEE|2014J|2173643,Pass,0,0,-1,-1,1.0,1.0,2
OULAD,legacy_z_reset,BBB|2014J|2401304,Pass,0,0,-1,-1,1.0,1.0,1
OULAD,legacy_z_reset,FFF|2013J|579737,Pass,0,0,-1,-1,1.0,1.0,2
OULAD,legacy_z_reset,BBB|2013B|550708,Pass,0,0,-1,-1,1.0,1.0,1
OULAD,legacy_z_reset,BBB|2013B|426650,Pass,0,0,-1,-1,1.0,1.0,0
OULAD,legacy_z_reset,FFF|2013B|558098,Pass,0,0,-1,-1,1.0,1.0,4
OULAD,legacy_z_reset,BBB|2014J|649824,Distinction,0,0,-1,-1,1.0,1.0,1
OULAD,legacy_z_reset,FFF|2014J|1603549,Pass,0,0,-1,-1,1.0,1.0,1
OULAD,legacy_z_reset,CCC|2014B|625782,Pass,0,0,-1,-1,1.0,1.0,1
OULAD,legacy_z_reset,BBB|2013B|74695,Distinction,0,0,-1,-1,1.0,1.0,4
OULAD,legacy_z_reset,GGG|2013J|583607,Pass,0,0,-1,-1,1.0,1.0,0
OULAD,legacy_z_reset,BBB|2014J|656227,Distinction,0,0,-1,-1,1.0,1.0,1
OULAD,legacy_z_reset,GGG|2013J|598139,Pass,0,0,-1,-1,1.0,1.0,0
OULAD,legacy_z_reset,BBB|2013J|501208,Pass,0,0,-1,-1,1.0,1.0,1
OULAD,legacy_z_reset,DDD|2013B|543340,Pass,0,0,-1,-1,1.0,1.0,4
OULAD,legacy_z_reset,CCC|2014B|574817,Distinction,0,0,-1,-1,1.0,1.0,0
OULAD,legacy_z_reset,DDD|2014B|594078,Pass,0,0,-1,-1,1.0,1.0,1
OULAD,legacy_z_reset,FFF|2013B|446440,Pass,0,0,-1,-1,1.0,1.0,2
OULAD,legacy_z_reset,FFF|2014J|690628,Pass,0,0,-1,-1,1.0,1.0,3
OULAD,legacy_z_reset,DDD|2013B|2683836,Pass,0,0,-1,-1,1.0,1.0,0
OULAD,legacy_z_reset,BBB|2014B|569864,Pass,0,0,-1,-1,1.0,1.0,0
OULAD,legacy_z_reset,DDD|2013B|441201,Pass,0,0,-1,-1,1.0,1.0,1
OULAD,legacy_z_reset,CCC|2014J|693938,Pass,0,0,-1,-1,1.0,1.0,4
OULAD,legacy_z_reset,BBB|2014J|581866,Pass,0,0,-1,-1,1.0,1.0,1
OULAD,legacy_z_reset,FFF|2013J|2239746,Pass,0,0,-1,-1,1.0,1.0,8
OULAD,legacy_z_reset,CCC|2014B|417820,Pass,0,0,-1,-1,1.0,1.0,0
OULAD,legacy_z_reset,FFF|2013J|575956,Pass,0,0,-1,-1,1.0,1.0,1
OULAD,legacy_z_reset,FFF|2013J|465893,Distinction,0,0,-1,-1,1.0,1.0,4
OULAD,legacy_z_reset,FFF|2013B|534431,Pass,0,0,-1,-1,1.0,1.0,5
OULAD,legacy_z_reset,BBB|2013B|552929,Pass,0,0,-1,-1,1.0,1.0,1
OULAD,legacy_z_reset,EEE|2014J|684567,Pass,0,0,-1,-1,1.0,1.0,0
OULAD,legacy_z_reset,FFF|2013B|432222,Pass,0,0,-1,-1,1.0,1.0,3
OULAD,legacy_z_reset,BBB|2014B|616670,Pass,0,0,-1,-1,1.0,1.0,3
OULAD,legacy_z_reset,EEE|2013J|564700,Pass,0,0,-1,-1,1.0,1.0,2
OULAD,legacy_z_reset,FFF|2013J|609537,Distinction,0,0,-1,-1,1.0,1.0,6
OULAD,legacy_z_reset,BBB|2014J|689131,Pass,0,0,-1,-1,1.0,1.0,0
OULAD,legacy_z_reset,BBB|2014B|573496,Pass,0,0,-1,-1,1.0,1.0,0
OULAD,legacy_z_reset,DDD|2014B|627397,Distinction,0,0,-1,-1,1.0,1.0,1
OULAD,legacy_z_reset,DDD|2013B|540605,Pass,0,0,-1,-1,1.0,1.0,0
OULAD,legacy_z_reset,CCC|2014B|494919,Pass,0,0,-1,-1,1.0,1.0,0
OULAD,legacy_z_reset,GGG|2014J|689433,Pass,0,0,-1,-1,1.0,1.0,1
OULAD,legacy_z_reset,FFF|2013B|500230,Distinction,0,0,-1,-1,1.0,1.0,8
OULAD,legacy_z_reset,FFF|2013J|524974,Pass,0,0,-1,-1,1.0,1.0,1
OULAD,legacy_z_reset,EEE|2014B|291674,Distinction,0,0,-1,-1,1.0,1.0,1
OULAD,legacy_z_reset,BBB|2014J|630834,Pass,0,0,-1,-1,1.0,1.0,0
OULAD,legacy_z_reset,FFF|2013J|485885,Pass,0,0,-1,-1,1.0,1.0,2
OULAD,legacy_z_reset,CCC|2014J|592310,Distinction,0,0,-1,-1,1.0,1.0,2
OULAD,legacy_z_reset,GGG|2013J|279747,Distinction,0,0,-1,-1,1.0,1.0,9
OULAD,legacy_z_reset,FFF|2014B|632705,Pass,0,0,-1,-1,1.0,1.0,1
OULAD,legacy_z_reset,FFF|2014J|2140300,Pass,0,0,-1,-1,1.0,1.0,5
OULAD,legacy_z_reset,BBB|2013B|517617,Pass,0,0,-1,-1,1.0,1.0,1
OULAD,legacy_z_reset,BBB|2014J|651324,Pass,0,0,-1,-1,1.0,1.0,0
OULAD,legacy_z_reset,FFF|2014J|675225,Pass,0,0,-1,-1,1.0,1.0,2
OULAD,legacy_z_reset,AAA|2014J|85144,Pass,0,0,-1,-1,1.0,1.0,0
OULAD,legacy_z_reset,FFF|2014J|640278,Pass,0,0,-1,-1,1.0,1.0,11
OULAD,legacy_z_reset,CCC|2014J|549706,Pass,0,0,-1,-1,1.0,1.0,0
OULAD,legacy_z_reset,DDD|2013J|379124,Pass,0,0,-1,-1,1.0,1.0,0
OULAD,legacy_z_reset,CCC|2014B|429185,Distinction,0,0,-1,-1,1.0,1.0,3
OULAD,legacy_z_reset,BBB|2013B|547390,Pass,0,0,-1,-1,1.0,1.0,1
OULAD,legacy_z_reset,BBB|2014J|586652,Pass,0,0,-1,-1,1.0,1.0,0
OULAD,legacy_z_reset,GGG|2014J|642989,Pass,0,0,-1,-1,1.0,1.0,0
OULAD,legacy_z_reset,EEE|2014B|617455,Pass,0,0,-1,-1,1.0,1.0,0
OULAD,legacy_z_reset,GGG|2014B|2392554,Pass,0,0,-1,-1,1.0,1.0,1
OULAD,legacy_z_reset,FFF|2013J|596687,Distinction,0,0,-1,-1,1.0,1.0,2
OULAD,legacy_z_reset,CCC|2014J|537811,Distinction,0,0,-1,-1,1.0,1.0,7
OULAD,legacy_z_reset,BBB|2014J|596513,Pass,0,0,-1,-1,1.0,1.0,1
OULAD,legacy_z_reset,FFF|2013B|549626,Pass,0,0,-1,-1,1.0,1.0,4
OULAD,legacy_z_reset,DDD|2014J|647166,Pass,0,0,-1,-1,1.0,1.0,7
OULAD,legacy_z_reset,DDD|2013J|248961,Pass,0,0,-1,-1,1.0,1.0,0
OULAD,legacy_z_reset,GGG|2014B|607762,Distinction,0,0,-1,-1,1.0,1.0,0
OULAD,legacy_z_reset,GGG|2014J|645730,Pass,0,0,-1,-1,1.0,1.0,0
OULAD,legacy_z_reset,FFF|2013B|522923,Pass,0,0,-1,-1,1.0,1.0,2
OULAD,legacy_z_reset,DDD|2014B|621883,Distinction,0,0,-1,-1,1.0,1.0,1
OULAD,legacy_z_reset,BBB|2013J|614064,Pass,0,0,-1,-1,1.0,1.0,0
OULAD,legacy_z_reset,CCC|2014B|351577,Pass,0,0,-1,-1,1.0,1.0,0
OULAD,legacy_z_reset,BBB|2013J|609817,Pass,0,0,-1,-1,1.0,1.0,0
OULAD,legacy_z_reset,BBB|2014J|690469,Pass,0,0,-1,-1,1.0,1.0,2
OULAD,legacy_z_reset,FFF|2014B|511912,Distinction,0,0,-1,-1,1.0,1.0,4
OULAD,legacy_z_reset,EEE|2014B|559518,Pass,0,0,-1,-1,1.0,1.0,0
OULAD,legacy_z_reset,EEE|2013J|578820,Pass,0,0,-1,-1,1.0,1.0,0
OULAD,legacy_z_reset,CCC|2014B|2639310,Pass,0,0,-1,-1,1.0,1.0,0
OULAD,legacy_z_reset,FFF|2014B|550097,Pass,0,0,-1,-1,1.0,1.0,1
OULAD,legacy_z_reset,EEE|2014J|515977,Distinction,0,0,-1,-1,1.0,1.0,1
OULAD,legacy_z_reset,DDD|2013J|591891,Pass,0,0,-1,-1,1.0,1.0,1
OULAD,legacy_z_reset,GGG|2014B|631392,Distinction,0,0,-1,-1,1.0,1.0,2
OULAD,legacy_z_reset,EEE|2014J|472762,Distinction,0,0,-1,-1,1.0,1.0,1
OULAD,legacy_z_reset,DDD|2013J|331404,Pass,0,0,-1,-1,1.0,1.0,1
OULAD,legacy_z_reset,DDD|2013B|241922,Pass,0,0,-1,-1,1.0,1.0,0
OULAD,legacy_z_reset,BBB|2014J|629053,Pass,0,0,-1,-1,1.0,1.0,1
OULAD,legacy_z_reset,BBB|2013J|607892,Distinction,0,0,-1,-1,1.0,1.0,0
OULAD,legacy_z_reset,DDD|2014J|684854,Pass,0,0,-1,-1,1.0,1.0,1
OULAD,legacy_z_reset,DDD|2014J|625283,Pass,0,0,-1,-1,1.0,1.0,0
OULAD,legacy_z_reset,BBB|2013J|30091,Pass,0,0,-1,-1,1.0,1.0,1
OULAD,legacy_z_reset,FFF|2014B|617201,Pass,0,0,-1,-1,1.0,1.0,1
OULAD,legacy_z_reset,BBB|2013B|441255,Distinction,0,0,-1,-1,1.0,1.0,1
OULAD,legacy_z_reset,GGG|2013J|590864,Pass,0,0,-1,-1,1.0,1.0,0
OULAD,legacy_z_reset,BBB|2013J|560773,Pass,0,0,-1,-1,1.0,1.0,0
OULAD,legacy_z_reset,BBB|2014B|355147,Pass,0,0,-1,-1,1.0,1.0,1
OULAD,legacy_z_reset,FFF|2013B|2678429,Pass,0,0,-1,-1,1.0,1.0,6
OULAD,legacy_z_reset,BBB|2014B|549190,Pass,0,0,-1,-1,1.0,1.0,0
OULAD,legacy_z_reset,FFF|2014J|561231,Pass,0,0,-1,-1,1.0,1.0,6
OULAD,legacy_z_reset,FFF|2013J|379843,Pass,0,0,-1,-1,1.0,1.0,4
OULAD,legacy_z_reset,DDD|2013J|577414,Pass,0,0,-1,-1,1.0,1.0,1
OULAD,legacy_z_reset,EEE|2014J|646502,Pass,0,0,-1,-1,1.0,1.0,0
OULAD,legacy_z_reset,BBB|2013B|541764,Pass,0,0,-1,-1,1.0,1.0,0
OULAD,legacy_z_reset,DDD|2013B|555740,Pass,0,0,-1,-1,1.0,1.0,1
OULAD,legacy_z_reset,DDD|2013B|547445,Pass,0,0,-1,-1,1.0,1.0,0
OULAD,legacy_z_reset,EEE|2014J|645889,Pass,0,0,-1,-1,1.0,1.0,0
OULAD,legacy_z_reset,DDD|2014B|90537,Pass,0,0,-1,-1,1.0,1.0,0
OULAD,legacy_z_reset,EEE|2013J|499881,Pass,0,0,-1,-1,1.0,1.0,0
OULAD,legacy_z_reset,BBB|2014J|695535,Pass,0,0,-1,-1,1.0,1.0,0
OULAD,legacy_z_reset,EEE|2013J|943374,Pass,0,0,-1,-1,1.0,1.0,4
OULAD,legacy_z_reset,GGG|2013J|590540,Distinction,0,0,-1,-1,1.0,1.0,2
OULAD,legacy_z_reset,AAA|2013J|306107,Pass,0,0,-1,-1,1.0,1.0,1
OULAD,legacy_z_reset,FFF|2013J|371247,Pass,0,0,-1,-1,1.0,1.0,0
OULAD,legacy_z_reset,FFF|2013J|599663,Pass,0,0,-1,-1,1.0,1.0,3
OULAD,legacy_z_reset,BBB|2013J|572447,Pass,0,0,-1,-1,1.0,1.0,0
OULAD,legacy_z_reset,FFF|2013J|400145,Pass,0,0,-1,-1,1.0,1.0,1
OULAD,legacy_z_reset,GGG|2014B|608263,Distinction,0,0,-1,-1,1.0,1.0,0
OULAD,legacy_z_reset,EEE|2013J|574608,Pass,0,0,-1,-1,1.0,1.0,2
OULAD,legacy_z_reset,FFF|2014B|596601,Pass,0,0,-1,-1,1.0,1.0,1
OULAD,legacy_z_reset,CCC|2014B|410699,Pass,0,0,-1,-1,1.0,1.0,1
OULAD,legacy_z_reset,FFF|2014B|632947,Pass,0,0,-1,-1,1.0,1.0,1
OULAD,legacy_z_reset,FFF|2013B|508068,Pass,0,0,-1,-1,1.0,1.0,0
OULAD,legacy_z_reset,CCC|2014J|645216,Distinction,0,0,-1,-1,1.0,1.0,1
OULAD,legacy_z_reset,BBB|2013J|566415,Pass,0,0,-1,-1,1.0,1.0,0
OULAD,legacy_z_reset,CCC|2014B|633942,Distinction,0,0,-1,-1,1.0,1.0,3
OULAD,legacy_z_reset,DDD|2013J|604055,Pass,0,0,-1,-1,1.0,1.0,0
OULAD,legacy_z_reset,BBB|2014B|517679,Distinction,0,0,-1,-1,1.0,1.0,0
OULAD,legacy_z_reset,DDD|2014B|598179,Pass,0,0,-1,-1,1.0,1.0,0
OULAD,legacy_z_reset,AAA|2013J|184271,Pass,0,0,-1,-1,1.0,1.0,1
OULAD,legacy_z_reset,FFF|2013J|601388,Pass,0,0,-1,-1,1.0,1.0,1
OULAD,legacy_z_reset,GGG|2014B|204738,Distinction,0,0,-1,-1,1.0,1.0,2
OULAD,legacy_z_reset,FFF|2013J|598555,Pass,0,0,-1,-1,1.0,1.0,1
OULAD,legacy_z_reset,CCC|2014B|281801,Distinction,0,0,-1,-1,1.0,1.0,2
OULAD,legacy_z_reset,DDD|2014J|649321,Pass,0,0,-1,-1,1.0,1.0,1
OULAD,legacy_z_reset,FFF|2014B|626881,Pass,0,0,-1,-1,1.0,1.0,2
OULAD,legacy_z_reset,BBB|2014B|627647,Pass,0,0,-1,-1,1.0,1.0,2
OULAD,legacy_z_reset,DDD|2014J|681440,Pass,0,0,-1,-1,1.0,1.0,1
OULAD,legacy_z_reset,GGG|2014J|642694,Pass,0,0,-1,-1,1.0,1.0,1
OULAD,legacy_z_reset,BBB|2013J|541274,Distinction,0,0,-1,-1,1.0,1.0,1
OULAD,legacy_z_reset,GGG|2013J|604498,Pass,0,0,-1,-1,1.0,1.0,0
OULAD,legacy_z_reset,FFF|2013B|249362,Distinction,0,0,-1,-1,1.0,1.0,7
OULAD,legacy_z_reset,CCC|2014J|1826819,Distinction,0,0,-1,-1,1.0,1.0,2
OULAD,legacy_z_reset,GGG|2013J|24391,Distinction,0,0,-1,-1,1.0,1.0,0
OULAD,legacy_z_reset,FFF|2013B|490195,Pass,0,0,-1,-1,1.0,1.0,5
OULAD,legacy_z_reset,EEE|2014J|684504,Pass,0,0,-1,-1,1.0,1.0,0
OULAD,legacy_z_reset,BBB|2014J|402180,Pass,0,0,-1,-1,1.0,1.0,1
OULAD,legacy_z_reset,DDD|2013B|499056,Pass,0,0,-1,-1,1.0,1.0,0
OULAD,legacy_z_reset,FFF|2014B|627417,Distinction,0,0,-1,-1,1.0,1.0,6
OULAD,legacy_z_reset,BBB|2014B|563487,Pass,0,0,-1,-1,1.0,1.0,1
OULAD,legacy_z_reset,EEE|2013J|580970,Pass,0,0,-1,-1,1.0,1.0,1
OULAD,legacy_z_reset,FFF|2014J|2529419,Pass,0,0,-1,-1,1.0,1.0,3
OULAD,legacy_z_reset,GGG|2014J|682321,Pass,0,0,-1,-1,1.0,1.0,0
OULAD,legacy_z_reset,EEE|2013J|522994,Pass,0,0,-1,-1,1.0,1.0,0
OULAD,legacy_z_reset,GGG|2014J|653943,Distinction,0,0,-1,-1,1.0,1.0,1
OULAD,legacy_z_reset,AAA|2013J|111717,Pass,0,0,-1,-1,1.0,1.0,1
OULAD,legacy_z_reset,EEE|2014J|649943,Pass,0,0,-1,-1,1.0,1.0,1
OULAD,legacy_z_reset,CCC|2014J|591891,Pass,0,0,-1,-1,1.0,1.0,0
OULAD,legacy_z_reset,DDD|2014J|590562,Pass,0,0,-1,-1,1.0,1.0,0
OULAD,legacy_z_reset,AAA|2014J|1757766,Pass,0,0,-1,-1,1.0,1.0,2
OULAD,legacy_z_reset,BBB|2013J|567262,Pass,0,0,-1,-1,1.0,1.0,0
OULAD,legacy_z_reset,DDD|2013B|251999,Pass,0,0,-1,-1,1.0,1.0,1
OULAD,legacy_z_reset,GGG|2014B|417096,Pass,0,0,-1,-1,1.0,1.0,0
OULAD,legacy_z_reset,FFF|2014J|686344,Pass,0,0,-1,-1,1.0,1.0,4
OULAD,legacy_z_reset,FFF|2014J|642872,Pass,0,0,-1,-1,1.0,1.0,6
OULAD,legacy_z_reset,CCC|2014J|393142,Distinction,0,0,-1,-1,1.0,1.0,1
OULAD,legacy_z_reset,BBB|2014J|683145,Pass,0,0,-1,-1,1.0,1.0,0
OULAD,legacy_z_reset,BBB|2013B|528261,Distinction,0,0,-1,-1,1.0,1.0,1
OULAD,legacy_z_reset,BBB|2014J|684375,Pass,0,0,-1,-1,1.0,1.0,0
OULAD,legacy_z_reset,GGG|2014B|383420,Pass,0,0,-1,-1,1.0,1.0,1
OULAD,legacy_z_reset,EEE|2014B|618583,Pass,0,0,-1,-1,1.0,1.0,0
OULAD,legacy_z_reset,BBB|2013B|561448,Pass,0,0,-1,-1,1.0,1.0,0
OULAD,legacy_z_reset,BBB|2013J|2226301,Pass,0,0,-1,-1,1.0,1.0,0
OULAD,legacy_z_reset,FFF|2014B|131538,Pass,0,0,-1,-1,1.0,1.0,0
OULAD,legacy_z_reset,DDD|2014J|576885,Pass,0,0,-1,-1,1.0,1.0,2
OULAD,legacy_z_reset,FFF|2014J|652625,Distinction,0,0,-1,-1,1.0,1.0,7
OULAD,legacy_z_reset,BBB|2013B|550403,Pass,0,0,-1,-1,1.0,1.0,1
OULAD,legacy_z_reset,FFF|2014B|625349,Pass,0,0,-1,-1,1.0,1.0,3
OULAD,legacy_z_reset,EEE|2013J|554583,Pass,0,0,-1,-1,1.0,1.0,0
OULAD,legacy_z_reset,FFF|2014B|630655,Pass,0,0,-1,-1,1.0,1.0,1
OULAD,legacy_z_reset,BBB|2013J|591820,Pass,0,0,-1,-1,1.0,1.0,1
OULAD,legacy_z_reset,BBB|2013J|594693,Distinction,0,0,-1,-1,1.0,1.0,0
OULAD,legacy_z_reset,FFF|2013B|556251,Pass,0,0,-1,-1,1.0,1.0,2
OULAD,legacy_z_reset,DDD|2014J|2650337,Pass,0,0,-1,-1,1.0,1.0,0
OULAD,legacy_z_reset,EEE|2013J|603639,Distinction,0,0,-1,-1,1.0,1.0,1
OULAD,legacy_z_reset,BBB|2014B|588484,Pass,0,0,-1,-1,1.0,1.0,0
OULAD,legacy_z_reset,CCC|2014B|357176,Pass,0,0,-1,-1,1.0,1.0,4
OULAD,legacy_z_reset,EEE|2013J|478562,Pass,0,0,-1,-1,1.0,1.0,0
OULAD,legacy_z_reset,GGG|2013J|607483,Distinction,0,0,-1,-1,1.0,1.0,0
OULAD,legacy_z_reset,EEE|2014J|678194,Distinction,0,0,-1,-1,1.0,1.0,3
OULAD,legacy_z_reset,DDD|2013J|579717,Pass,0,0,-1,-1,1.0,1.0,0
OULAD,legacy_z_reset,BBB|2014J|592258,Pass,0,0,-1,-1,1.0,1.0,1
OULAD,legacy_z_reset,EEE|2013J|579723,Pass,0,0,-1,-1,1.0,1.0,1
OULAD,legacy_z_reset,FFF|2014B|615241,Pass,0,0,-1,-1,1.0,1.0,2
OULAD,legacy_z_reset,FFF|2013J|610324,Pass,0,0,-1,-1,1.0,1.0,3
OULAD,legacy_z_reset,FFF|2013J|543763,Pass,0,0,-1,-1,1.0,1.0,1
OULAD,legacy_z_reset,BBB|2014J|484252,Pass,0,0,-1,-1,0.96,1.0,2
OULAD,legacy_z_reset,FFF|2013J|590989,Pass,0,0,-1,-1,1.0,1.0,1
OULAD,legacy_z_reset,CCC|2014J|498828,Pass,0,0,-1,-1,1.0,1.0,0
OULAD,legacy_z_reset,DDD|2013J|315625,Pass,0,0,-1,-1,1.0,1.0,0
OULAD,legacy_z_reset,FFF|2013J|2357629,Distinction,0,0,-1,-1,1.0,1.0,3
OULAD,legacy_z_reset,DDD|2013B|494637,Distinction,0,0,-1,-1,1.0,1.0,6
OULAD,legacy_z_reset,DDD|2013J|611162,Pass,0,0,-1,-1,1.0,1.0,0
OULAD,legacy_z_reset,GGG|2014B|633453,Distinction,0,0,-1,-1,1.0,1.0,1
OULAD,legacy_z_reset,EEE|2013J|173710,Distinction,0,0,-1,-1,1.0,1.0,2
OULAD,legacy_z_reset,DDD|2014B|571397,Pass,0,0,-1,-1,1.0,1.0,2
OULAD,legacy_z_reset,BBB|2013J|583645,Pass,0,0,-1,-1,1.0,1.0,1
OULAD,legacy_z_reset,BBB|2014J|692484,Pass,0,0,-1,-1,1.0,1.0,0
OULAD,legacy_z_reset,BBB|2014J|646781,Pass,0,0,-1,-1,1.0,1.0,0
OULAD,legacy_z_reset,BBB|2013B|543165,Pass,0,0,-1,-1,1.0,1.0,1
OULAD,legacy_z_reset,CCC|2014J|636387,Distinction,0,0,-1,-1,1.0,1.0,1
OULAD,legacy_z_reset,AAA|2014J|228383,Pass,0,0,-1,-1,1.0,1.0,1
OULAD,legacy_z_reset,EEE|2014J|591761,Pass,0,0,-1,-1,1.0,1.0,1
OULAD,legacy_z_reset,EEE|2014B|158831,Pass,0,0,-1,-1,1.0,1.0,0
OULAD,legacy_z_reset,BBB|2014J|652090,Distinction,0,0,-1,-1,1.0,1.0,1
OULAD,legacy_z_reset,EEE|2014J|592843,Distinction,0,0,-1,-1,1.0,1.0,2
OULAD,legacy_z_reset,BBB|2014J|633949,Distinction,0,0,-1,-1,1.0,1.0,1
OULAD,legacy_z_reset,AAA|2013J|2482700,Pass,0,0,-1,-1,1.0,1.0,1
OULAD,legacy_z_reset,BBB|2013B|552701,Pass,0,0,-1,-1,1.0,1.0,0
OULAD,legacy_z_reset,FFF|2013J|584214,Distinction,0,0,-1,-1,1.0,1.0,5
OULAD,legacy_z_reset,FFF|2013B|366492,Pass,0,0,-1,-1,1.0,1.0,1
OULAD,legacy_z_reset,BBB|2013B|533324,Pass,0,0,-1,-1,1.0,1.0,1
OULAD,legacy_z_reset,BBB|2014J|651209,Pass,0,0,-1,-1,1.0,1.0,0
OULAD,legacy_z_reset,BBB|2013B|548504,Distinction,0,0,-1,-1,1.0,1.0,0
OULAD,legacy_z_reset,GGG|2014J|372141,Pass,0,0,-1,-1,1.0,1.0,0
OULAD,legacy_z_reset,AAA|2014J|63165,Pass,0,0,-1,-1,1.0,1.0,0
OULAD,legacy_z_reset,GGG|2013J|588781,Pass,0,0,-1,-1,1.0,1.0,0
OULAD,legacy_z_reset,CCC|2014J|613237,Pass,0,0,-1,-1,1.0,1.0,2
OULAD,legacy_z_reset,BBB|2013B|552273,Pass,0,0,-1,-1,1.0,1.0,0
OULAD,legacy_z_reset,DDD|2014J|693501,Distinction,0,0,-1,-1,1.0,1.0,6
OULAD,legacy_z_reset,BBB|2014J|680723,Distinction,0,0,-1,-1,1.0,1.0,1
OULAD,legacy_z_reset,CCC|2014B|576780,Distinction,0,0,-1,-1,1.0,1.0,3
OULAD,legacy_z_reset,FFF|2013J|1982166,Distinction,0,0,-1,-1,1.0,1.0,6
OULAD,legacy_z_reset,DDD|2014J|573742,Pass,0,0,-1,-1,1.0,1.0,0
OULAD,legacy_z_reset,BBB|2014J|603200,Pass,0,0,-1,-1,1.0,1.0,0
OULAD,legacy_z_reset,EEE|2013J|579343,Distinction,0,0,-1,-1,1.0,1.0,6
OULAD,legacy_z_reset,BBB|2013J|600121,Pass,0,0,-1,-1,1.0,1.0,1
OULAD,legacy_z_reset,FFF|2013J|602719,Pass,0,0,-1,-1,1.0,1.0,0
OULAD,legacy_z_reset,GGG|2014B|593785,Pass,0,0,-1,-1,1.0,1.0,1
OULAD,legacy_z_reset,EEE|2014B|627711,Pass,0,0,-1,-1,1.0,1.0,1
OULAD,legacy_z_reset,EEE|2014J|159287,Pass,0,0,-1,-1,1.0,1.0,2
OULAD,legacy_z_reset,DDD|2014J|2285527,Pass,0,0,-1,-1,1.0,1.0,0
OULAD,legacy_z_reset,BBB|2014J|687157,Pass,0,0,-1,-1,1.0,1.0,1
OULAD,legacy_z_reset,FFF|2014J|398550,Distinction,0,0,-1,-1,1.0,1.0,2
OULAD,legacy_z_reset,DDD|2014J|2338290,Pass,0,0,-1,-1,1.0,1.0,1
OULAD,legacy_z_reset,FFF|2014J|643653,Pass,0,0,-1,-1,1.0,1.0,2
OULAD,legacy_z_reset,DDD|2013J|485519,Pass,0,0,-1,-1,1.0,1.0,0
OULAD,legacy_z_reset,BBB|2014J|1989014,Pass,0,0,-1,-1,1.0,1.0,1
OULAD,legacy_z_reset,BBB|2013J|402993,Pass,0,0,-1,-1,1.0,1.0,0
OULAD,legacy_z_reset,BBB|2013J|447086,Pass,0,0,-1,-1,1.0,1.0,0
OULAD,legacy_z_reset,FFF|2013B|554664,Pass,0,0,-1,-1,1.0,1.0,3
OULAD,legacy_z_reset,DDD|2013J|597571,Pass,0,0,-1,-1,1.0,1.0,0
OULAD,legacy_z_reset,CCC|2014J|691069,Pass,0,0,-1,-1,1.0,1.0,1
OULAD,legacy_z_reset,DDD|2013J|580916,Pass,0,0,-1,-1,1.0,1.0,1
OULAD,legacy_z_reset,DDD|2013J|527574,Pass,0,0,-1,-1,1.0,1.0,4
OULAD,legacy_z_reset,DDD|2014B|634420,Pass,0,0,-1,-1,1.0,1.0,0
OULAD,legacy_z_reset,GGG|2013J|595335,Distinction,0,0,-1,-1,1.0,1.0,2
OULAD,legacy_z_reset,FFF|2013J|609439,Pass,0,0,-1,-1,1.0,1.0,5
OULAD,legacy_z_reset,BBB|2013B|509226,Pass,0,0,-1,-1,1.0,1.0,1
OULAD,legacy_z_reset,FFF|2013J|2469688,Pass,0,0,-1,-1,1.0,1.0,4
OULAD,legacy_z_reset,FFF|2013B|545909,Pass,0,0,-1,-1,1.0,1.0,0
OULAD,legacy_z_reset,FFF|2013B|530802,Distinction,0,0,-1,-1,1.0,1.0,7
OULAD,legacy_z_reset,BBB|2013J|483876,Pass,0,0,-1,-1,1.0,1.0,0
OULAD,legacy_z_reset,BBB|2013B|536452,Pass,0,0,-1,-1,1.0,1.0,0
OULAD,legacy_z_reset,DDD|2013J|406224,Pass,0,0,-1,-1,1.0,1.0,0
OULAD,legacy_z_reset,FFF|2013J|608681,Pass,0,0,-1,-1,1.0,1.0,1
OULAD,legacy_z_reset,CCC|2014J|643403,Distinction,0,0,-1,-1,1.0,1.0,4
OULAD,legacy_z_reset,FFF|2014J|625743,Pass,0,0,-1,-1,1.0,1.0,1
OULAD,legacy_z_reset,GGG|2013J|591602,Pass,0,0,-1,-1,1.0,1.0,0
OULAD,legacy_z_reset,BBB|2013J|559382,Pass,0,0,-1,-1,1.0,1.0,1
OULAD,legacy_z_reset,BBB|2014J|692920,Pass,0,0,-1,-1,1.0,1.0,0
OULAD,legacy_z_reset,BBB|2014J|230383,Pass,0,0,-1,-1,1.0,1.0,2
OULAD,legacy_z_reset,BBB|2014J|195345,Pass,0,0,-1,-1,1.0,1.0,1
OULAD,legacy_z_reset,EEE|2013J|573377,Pass,0,0,-1,-1,1.0,1.0,1
OULAD,legacy_z_reset,DDD|2014B|522840,Pass,0,0,-1,-1,1.0,1.0,0
OULAD,legacy_z_reset,BBB|2013J|610745,Pass,0,0,-1,-1,1.0,1.0,0
OULAD,legacy_z_reset,BBB|2014B|633130,Pass,0,0,-1,-1,1.0,1.0,0
OULAD,legacy_z_reset,CCC|2014B|577035,Distinction,0,0,-1,-1,1.0,1.0,3
OULAD,legacy_z_reset,DDD|2014B|628008,Pass,0,0,-1,-1,1.0,1.0,1
OULAD,legacy_z_reset,BBB|2014J|694561,Pass,0,0,-1,-1,1.0,1.0,1
OULAD,legacy_z_reset,GGG|2013J|87929,Pass,0,0,-1,-1,1.0,1.0,0
OULAD,legacy_z_reset,GGG|2014J|684341,Pass,0,0,-1,-1,1.0,1.0,0
OULAD,legacy_z_reset,BBB|2013B|557528,Pass,0,0,-1,-1,1.0,1.0,1
OULAD,legacy_z_reset,DDD|2014B|264723,Pass,0,0,-1,-1,1.0,1.0,1
OULAD,legacy_z_reset,FFF|2014J|644369,Pass,0,0,-1,-1,1.0,1.0,1
OULAD,legacy_z_reset,GGG|2013J|591243,Pass,0,0,-1,-1,1.0,1.0,1
OULAD,legacy_z_reset,GGG|2013J|584710,Pass,0,0,-1,-1,1.0,1.0,1
OULAD,legacy_z_reset,EEE|2013J|605361,Distinction,0,0,-1,-1,1.0,1.0,2
OULAD,legacy_z_reset,BBB|2013J|479305,Pass,0,0,-1,-1,1.0,1.0,1
OULAD,legacy_z_reset,BBB|2013B|486099,Pass,0,0,-1,-1,1.0,1.0,1
OULAD,legacy_z_reset,FFF|2013B|543019,Pass,0,0,-1,-1,1.0,1.0,9
OULAD,legacy_z_reset,EEE|2013J|583238,Distinction,0,0,-1,-1,1.0,1.0,3
OULAD,legacy_z_reset,FFF|2014J|693903,Distinction,0,0,-1,-1,1.0,1.0,3
OULAD,legacy_z_reset,AAA|2013J|444677,Distinction,0,0,-1,-1,1.0,1.0,1
OULAD,legacy_z_reset,BBB|2013J|375960,Pass,0,0,-1,-1,1.0,1.0,0
OULAD,legacy_z_reset,GGG|2014J|692018,Pass,0,0,-1,-1,1.0,1.0,0
OULAD,legacy_z_reset,FFF|2014B|611595,Pass,0,0,-1,-1,1.0,1.0,2
OULAD,legacy_z_reset,GGG|2013J|554967,Pass,0,0,-1,-1,1.0,1.0,0
OULAD,legacy_z_reset,BBB|2014J|678246,Pass,0,0,-1,-1,1.0,1.0,1
OULAD,legacy_z_reset,BBB|2014B|599202,Distinction,0,0,-1,-1,1.0,1.0,2
OULAD,legacy_z_reset,DDD|2013J|479977,Pass,0,0,-1,-1,1.0,1.0,3
OULAD,legacy_z_reset,DDD|2014J|574928,Pass,0,0,-1,-1,1.0,1.0,1
OULAD,legacy_z_reset,DDD|2014J|483136,Pass,0,0,-1,-1,1.0,1.0,0
OULAD,legacy_z_reset,BBB|2014J|602471,Pass,0,0,-1,-1,1.0,1.0,1
OULAD,legacy_z_reset,GGG|2013J|596091,Pass,0,0,-1,-1,1.0,1.0,0
OULAD,legacy_z_reset,DDD|2013J|374636,Pass,0,0,-1,-1,1.0,1.0,0
OULAD,legacy_z_reset,GGG|2014J|125407,Pass,0,0,-1,-1,1.0,1.0,0
OULAD,legacy_z_reset,BBB|2013B|530987,Pass,0,0,-1,-1,1.0,1.0,0
OULAD,legacy_z_reset,BBB|2014B|586712,Pass,0,0,-1,-1,1.0,1.0,1
OULAD,legacy_z_reset,DDD|2013B|539066,Pass,0,0,-1,-1,1.0,1.0,0
OULAD,legacy_z_reset,AAA|2013J|1626710,Distinction,0,0,-1,-1,1.0,1.0,7
OULAD,legacy_z_reset,DDD|2013J|1569426,Pass,0,0,-1,-1,1.0,1.0,1
OULAD,legacy_z_reset,CCC|2014B|362223,Pass,0,0,-1,-1,1.0,1.0,0
OULAD,legacy_z_reset,GGG|2014J|692828,Pass,0,0,-1,-1,1.0,1.0,1
OULAD,legacy_z_reset,FFF|2014J|381257,Pass,0,0,-1,-1,1.0,1.0,4
OULAD,legacy_z_reset,FFF|2014J|410883,Pass,0,0,-1,-1,1.0,1.0,2
OULAD,legacy_z_reset,DDD|2014B|608487,Pass,0,0,-1,-1,1.0,1.0,0
OULAD,legacy_z_reset,CCC|2014B|608735,Pass,0,0,-1,-1,1.0,1.0,0
OULAD,legacy_z_reset,DDD|2013J|579367,Pass,0,0,-1,-1,1.0,1.0,2
OULAD,legacy_z_reset,FFF|2013J|568774,Pass,0,0,-1,-1,1.0,1.0,4
OULAD,legacy_z_reset,FFF|2013J|63295,Pass,0,0,-1,-1,1.0,1.0,1
OULAD,legacy_z_reset,FFF|2014J|355293,Pass,0,0,-1,-1,1.0,1.0,0
OULAD,legacy_z_reset,EEE|2014B|244977,Distinction,0,0,-1,-1,1.0,1.0,1
OULAD,legacy_z_reset,FFF|2013B|558770,Pass,0,0,-1,-1,1.0,1.0,3
OULAD,legacy_z_reset,FFF|2013J|597204,Pass,0,0,-1,-1,1.0,1.0,1
OULAD,legacy_z_reset,DDD|2014J|578857,Pass,0,0,-1,-1,1.0,1.0,0
OULAD,legacy_z_reset,BBB|2014B|405268,Distinction,0,0,-1,-1,1.0,1.0,1
OULAD,legacy_z_reset,BBB|2014J|191973,Pass,0,0,-1,-1,1.0,1.0,0
OULAD,legacy_z_reset,CCC|2014J|144745,Pass,0,0,-1,-1,1.0,1.0,0
OULAD,legacy_z_reset,BBB|2014J|620000,Pass,0,0,-1,-1,1.0,1.0,1
OULAD,legacy_z_reset,BBB|2013B|530226,Pass,0,0,-1,-1,1.0,1.0,1
OULAD,legacy_z_reset,EEE|2014J|2538792,Pass,0,0,-1,-1,1.0,1.0,1
OULAD,legacy_z_reset,FFF|2014B|244961,Pass,0,0,-1,-1,1.0,1.0,2
OULAD,legacy_z_reset,EEE|2013J|586962,Pass,0,0,-1,-1,1.0,1.0,3
OULAD,legacy_z_reset,BBB|2013B|537342,Distinction,0,0,-1,-1,1.0,1.0,1
OULAD,legacy_z_reset,FFF|2014B|561009,Pass,0,0,-1,-1,1.0,1.0,1
OULAD,legacy_z_reset,CCC|2014J|521115,Pass,0,0,-1,-1,1.0,1.0,0
OULAD,legacy_z_reset,BBB|2013B|523672,Pass,0,0,-1,-1,1.0,1.0,0
OULAD,legacy_z_reset,BBB|2013B|483074,Distinction,0,0,-1,-1,1.0,1.0,1
OULAD,legacy_z_reset,EEE|2014J|494270,Pass,0,0,-1,-1,1.0,1.0,2
OULAD,legacy_z_reset,DDD|2014J|334581,Distinction,0,0,-1,-1,1.0,1.0,1
OULAD,legacy_z_reset,DDD|2014J|652617,Pass,0,0,-1,-1,1.0,1.0,0
OULAD,legacy_z_reset,GGG|2014J|657045,Pass,0,0,-1,-1,1.0,1.0,0
OULAD,legacy_z_reset,GGG|2013J|576654,Pass,0,0,-1,-1,1.0,1.0,0
OULAD,legacy_z_reset,EEE|2013J|535259,Distinction,0,0,-1,-1,1.0,1.0,3
OULAD,legacy_z_reset,BBB|2014B|487543,Pass,0,0,-1,-1,1.0,1.0,1
OULAD,legacy_z_reset,BBB|2013B|522090,Pass,0,0,-1,-1,1.0,1.0,1
OULAD,legacy_z_reset,DDD|2014J|681799,Distinction,0,0,-1,-1,1.0,1.0,1
OULAD,legacy_z_reset,BBB|2013B|83254,Pass,0,0,-1,-1,1.0,1.0,0
OULAD,legacy_z_reset,GGG|2013J|573134,Pass,0,0,-1,-1,1.0,1.0,0
OULAD,legacy_z_reset,BBB|2014B|635136,Pass,0,0,-1,-1,1.0,1.0,1
OULAD,legacy_z_reset,BBB|2013B|549391,Distinction,0,0,-1,-1,1.0,1.0,0
OULAD,legacy_z_reset,EEE|2014J|643705,Pass,0,0,-1,-1,1.0,1.0,5
OULAD,legacy_z_reset,BBB|2013B|548884,Pass,0,0,-1,-1,1.0,1.0,0
OULAD,legacy_z_reset,FFF|2013J|262403,Pass,0,0,-1,-1,1.0,1.0,2
OULAD,legacy_z_reset,GGG|2013J|591873,Pass,0,0,-1,-1,1.0,1.0,0
OULAD,legacy_z_reset,BBB|2014J|676401,Distinction,0,0,-1,-1,1.0,1.0,1
OULAD,legacy_z_reset,DDD|2013J|431005,Pass,0,0,-1,-1,1.0,1.0,0
OULAD,legacy_z_reset,BBB|2013J|582406,Pass,0,0,-1,-1,1.0,1.0,0
OULAD,legacy_z_reset,GGG|2014B|621755,Pass,0,0,-1,-1,1.0,1.0,1
OULAD,legacy_z_reset,EEE|2014B|625527,Pass,0,0,-1,-1,1.0,1.0,2
OULAD,legacy_z_reset,BBB|2014J|690089,Pass,0,0,-1,-1,1.0,1.0,1
OULAD,legacy_z_reset,EEE|2014J|250159,Pass,0,0,-1,-1,1.0,1.0,0
OULAD,legacy_z_reset,EEE|2014J|643168,Pass,0,0,-1,-1,1.0,1.0,0
OULAD,legacy_z_reset,BBB|2013B|2639611,Pass,0,0,-1,-1,1.0,1.0,0
OULAD,legacy_z_reset,FFF|2013B|155511,Distinction,0,0,-1,-1,1.0,1.0,6
OULAD,legacy_z_reset,BBB|2013J|1440341,Pass,0,0,-1,-1,1.0,1.0,1
OULAD,legacy_z_reset,DDD|2013J|572348,Distinction,0,0,-1,-1,1.0,1.0,3
OULAD,legacy_z_reset,FFF|2013B|552374,Pass,0,0,-1,-1,1.0,1.0,1
OULAD,legacy_z_reset,EEE|2014J|476438,Pass,0,0,-1,-1,1.0,1.0,3
OULAD,legacy_z_reset,EEE|2014B|604172,Distinction,0,0,-1,-1,1.0,1.0,2
OULAD,legacy_z_reset,EEE|2013J|313501,Pass,0,0,-1,-1,1.0,1.0,1
OULAD,legacy_z_reset,CCC|2014J|555989,Distinction,0,0,-1,-1,1.0,1.0,1
OULAD,legacy_z_reset,CCC|2014B|242858,Pass,0,0,-1,-1,1.0,1.0,0
OULAD,legacy_z_reset,BBB|2014J|537194,Pass,0,0,-1,-1,1.0,1.0,4
OULAD,legacy_z_reset,FFF|2013J|2148540,Pass,0,0,-1,-1,1.0,1.0,1
OULAD,legacy_z_reset,FFF|2013J|594596,Pass,0,0,-1,-1,1.0,1.0,4
OULAD,legacy_z_reset,CCC|2014J|530663,Pass,0,0,-1,-1,1.0,1.0,1
OULAD,legacy_z_reset,BBB|2014J|681798,Pass,0,0,-1,-1,1.0,1.0,1
OULAD,legacy_z_reset,CCC|2014B|374756,Distinction,0,0,-1,-1,1.0,1.0,1
OULAD,legacy_z_reset,DDD|2013J|2505859,Pass,0,0,-1,-1,1.0,1.0,0
OULAD,legacy_z_reset,BBB|2013J|598252,Pass,0,0,-1,-1,1.0,1.0,0
OULAD,legacy_z_reset,FFF|2013B|529644,Pass,0,0,-1,-1,1.0,1.0,2
OULAD,legacy_z_reset,CCC|2014J|2067377,Pass,0,0,-1,-1,1.0,1.0,4
OULAD,legacy_z_reset,DDD|2014B|617801,Pass,0,0,-1,-1,1.0,1.0,0
OULAD,legacy_z_reset,CCC|2014J|555498,Pass,0,0,-1,-1,1.0,1.0,2
OULAD,legacy_z_reset,FFF|2014B|602854,Pass,0,0,-1,-1,1.0,1.0,7
OULAD,legacy_z_reset,BBB|2013B|554374,Distinction,0,0,-1,-1,1.0,1.0,0
OULAD,legacy_z_reset,AAA|2013J|2639449,Pass,0,0,-1,-1,1.0,1.0,0
OULAD,legacy_z_reset,DDD|2014B|620734,Distinction,0,0,-1,-1,1.0,1.0,1
OULAD,legacy_z_reset,FFF|2013B|1919940,Distinction,0,0,-1,-1,1.0,1.0,4
OULAD,legacy_z_reset,EEE|2014B|585397,Distinction,0,0,-1,-1,1.0,1.0,0
OULAD,legacy_z_reset,BBB|2013J|494960,Pass,0,0,-1,-1,1.0,1.0,1
OULAD,legacy_z_reset,BBB|2013B|555670,Pass,0,0,-1,-1,1.0,1.0,1
OULAD,legacy_z_reset,EEE|2013J|575733,Distinction,0,0,-1,-1,1.0,1.0,5
OULAD,legacy_z_reset,BBB|2014J|599355,Pass,0,0,-1,-1,1.0,1.0,0
OULAD,legacy_z_reset,DDD|2014J|676865,Distinction,0,0,-1,-1,1.0,1.0,1
OULAD,legacy_z_reset,BBB|2013J|600490,Distinction,0,0,-1,-1,1.0,1.0,1
OULAD,legacy_z_reset,CCC|2014J|680027,Distinction,0,0,-1,-1,1.0,1.0,6
OULAD,legacy_z_reset,GGG|2014B|552486,Distinction,0,0,-1,-1,1.0,1.0,1
OULAD,legacy_z_reset,BBB|2013B|549862,Pass,0,0,-1,-1,1.0,1.0,0
OULAD,legacy_z_reset,GGG|2014B|480590,Pass,0,0,-1,-1,1.0,1.0,0
OULAD,legacy_z_reset,BBB|2014J|688519,Pass,0,0,-1,-1,1.0,1.0,1
OULAD,legacy_z_reset,DDD|2013B|422768,Pass,0,0,-1,-1,1.0,1.0,0
OULAD,legacy_z_reset,CCC|2014B|607636,Pass,0,0,-1,-1,1.0,1.0,0
OULAD,legacy_z_reset,BBB|2014B|505899,Pass,0,0,-1,-1,1.0,1.0,1
OULAD,legacy_z_reset,DDD|2013J|611284,Distinction,0,0,-1,-1,1.0,1.0,2
OULAD,legacy_z_reset,FFF|2014J|689832,Pass,0,0,-1,-1,1.0,1.0,1
OULAD,legacy_z_reset,EEE|2013J|588676,Pass,0,0,-1,-1,1.0,1.0,0
OULAD,legacy_z_reset,FFF|2013J|577959,Distinction,0,0,-1,-1,1.0,1.0,0
OULAD,legacy_z_reset,CCC|2014J|2464386,Pass,0,0,-1,-1,1.0,1.0,0
OULAD,legacy_z_reset,EEE|2014J|688133,Distinction,0,0,-1,-1,1.0,1.0,4
OULAD,legacy_z_reset,FFF|2013B|546932,Pass,0,0,-1,-1,1.0,1.0,3
OULAD,legacy_z_reset,EEE|2013J|494211,Distinction,0,0,-1,-1,1.0,1.0,3
OULAD,legacy_z_reset,AAA|2013J|2551220,Pass,0,0,-1,-1,1.0,1.0,1
OULAD,legacy_z_reset,FFF|2013J|1759799,Pass,0,0,-1,-1,1.0,1.0,8
OULAD,legacy_z_reset,FFF|2014J|653567,Pass,0,0,-1,-1,1.0,1.0,3
OULAD,legacy_z_reset,EEE|2014B|185057,Pass,0,0,-1,-1,1.0,1.0,3
OULAD,legacy_z_reset,CCC|2014J|1960479,Pass,0,0,-1,-1,1.0,1.0,0
OULAD,legacy_z_reset,FFF|2013B|560046,Pass,0,0,-1,-1,1.0,1.0,3
OULAD,legacy_z_reset,BBB|2013J|522529,Pass,0,0,-1,-1,1.0,1.0,1
OULAD,legacy_z_reset,GGG|2014B|385228,Pass,0,0,-1,-1,1.0,1.0,0
OULAD,legacy_z_reset,BBB|2013J|603123,Pass,0,0,-1,-1,1.0,1.0,0
OULAD,legacy_z_reset,DDD|2014B|546040,Fail,0,0,-1,-1,1.0,1.0,0
OULAD,legacy_z_reset,CCC|2014B|468753,Fail,0,0,-1,-1,1.0,1.0,1
OULAD,legacy_z_reset,CCC|2014B|205398,Fail,0,0,-1,-1,1.0,1.0,1
OULAD,legacy_z_reset,CCC|2014J|483108,Fail,0,0,-1,-1,1.0,1.0,0
OULAD,legacy_z_reset,DDD|2014B|623052,Withdrawn,0,0,-1,-1,1.0,1.0,2
OULAD,legacy_z_reset,DDD|2014J|2400764,Fail,0,0,-1,-1,1.0,1.0,0
OULAD,legacy_z_reset,DDD|2013B|541228,Fail,0,0,-1,-1,1.0,1.0,1
OULAD,legacy_z_reset,EEE|2014J|652442,Fail,0,0,-1,-1,1.0,1.0,1
OULAD,legacy_z_reset,DDD|2013B|475619,Withdrawn,0,0,-1,-1,1.0,1.0,1
OULAD,legacy_z_reset,DDD|2014B|539060,Withdrawn,0,0,-1,-1,1.0,1.0,0
OULAD,legacy_z_reset,GGG|2014B|633498,Fail,0,0,-1,-1,1.0,1.0,0
OULAD,legacy_z_reset,FFF|2014J|695550,Fail,0,0,-1,-1,1.0,1.0,1
OULAD,legacy_z_reset,DDD|2013J|605885,Withdrawn,0,0,-1,-1,1.0,1.0,0
OULAD,legacy_z_reset,BBB|2013J|574708,Fail,0,0,-1,-1,1.0,1.0,0
OULAD,legacy_z_reset,BBB|2014J|648082,Fail,0,0,-1,-1,1.0,1.0,3
OULAD,legacy_z_reset,FFF|2014B|1528232,Withdrawn,0,0,-1,-1,1.0,1.0,0
OULAD,legacy_z_reset,DDD|2014B|632482,Fail,0,0,-1,-1,1.0,1.0,1
OULAD,legacy_z_reset,BBB|2013J|490894,Fail,0,0,-1,-1,1.0,1.0,0
OULAD,legacy_z_reset,AAA|2013J|334333,Withdrawn,0,0,-1,-1,1.0,1.0,0
OULAD,legacy_z_reset,EEE|2014B|632376,Withdrawn,0,0,-1,-1,1.0,1.0,0
OULAD,legacy_z_reset,CCC|2014B|608753,Fail,0,0,-1,-1,1.0,1.0,0
OULAD,legacy_z_reset,DDD|2014B|484130,Withdrawn,0,0,-1,-1,1.0,1.0,0
OULAD,legacy_z_reset,CCC|2014J|556440,Fail,0,0,-1,-1,1.0,1.0,1
OULAD,legacy_z_reset,FFF|2014B|617543,Withdrawn,0,0,-1,-1,1.0,1.0,0
OULAD,legacy_z_reset,FFF|2014B|342303,Withdrawn,0,0,-1,-1,1.0,1.0,0
OULAD,legacy_z_reset,AAA|2014J|852847,Fail,0,0,-1,-1,1.0,1.0,1
OULAD,legacy_z_reset,CCC|2014B|344367,Fail,0,0,-1,-1,0.96,1.0,2
OULAD,legacy_z_reset,BBB|2014B|626917,Fail,0,0,-1,-1,1.0,1.0,1
OULAD,legacy_z_reset,CCC|2014J|322499,Withdrawn,0,0,-1,-1,1.0,1.0,0
OULAD,legacy_z_reset,BBB|2013J|108760,Fail,0,0,-1,-1,1.0,1.0,0
OULAD,legacy_z_reset,FFF|2013B|536046,Fail,0,0,-1,-1,1.0,1.0,1
OULAD,legacy_z_reset,CCC|2014J|275711,Fail,0,0,-1,-1,1.0,1.0,2
OULAD,legacy_z_reset,FFF|2014B|445947,Fail,0,0,-1,-1,1.0,1.0,2
OULAD,legacy_z_reset,CCC|2014B|590914,Fail,0,0,-1,-1,1.0,1.0,1
OULAD,legacy_z_reset,BBB|2013J|380205,Fail,0,0,-1,-1,1.0,1.0,0
OULAD,legacy_z_reset,DDD|2014J|684936,Fail,0,0,-1,-1,1.0,1.0,1
OULAD,legacy_z_reset,FFF|2013B|517486,Fail,0,0,-1,-1,1.0,1.0,1
OULAD,legacy_z_reset,BBB|2013J|2691566,Fail,0,0,-1,-1,1.0,1.0,1
OULAD,legacy_z_reset,FFF|2013B|398118,Fail,0,0,-1,-1,1.0,1.0,1
OULAD,legacy_z_reset,DDD|2013B|540298,Fail,0,0,-1,-1,1.0,1.0,0
OULAD,legacy_z_reset,DDD|2013J|601133,Fail,0,0,-1,-1,1.0,1.0,0
OULAD,legacy_z_reset,BBB|2014J|698198,Fail,0,0,-1,-1,1.0,1.0,0
OULAD,legacy_z_reset,FFF|2013B|2686866,Fail,0,0,-1,-1,1.0,1.0,0
OULAD,legacy_z_reset,FFF|2013J|580477,Withdrawn,0,0,-1,-1,1.0,1.0,0
OULAD,legacy_z_reset,CCC|2014J|472290,Withdrawn,0,0,-1,-1,1.0,1.0,0
OULAD,legacy_z_reset,DDD|2013J|527954,Fail,0,0,-1,-1,1.0,1.0,0
OULAD,legacy_z_reset,CCC|2014J|564649,Fail,0,0,-1,-1,1.0,1.0,1
OULAD,legacy_z_reset,CCC|2014J|633334,Fail,0,0,-1,-1,1.0,1.0,1
OULAD,legacy_z_reset,FFF|2013J|593139,Fail,0,0,-1,-1,1.0,1.0,1
OULAD,legacy_z_reset,BBB|2013B|532396,Withdrawn,0,0,-1,-1,1.0,1.0,0
OULAD,legacy_z_reset,CCC|2014J|646553,Fail,0,0,-1,-1,1.0,1.0,0
OULAD,legacy_z_reset,EEE|2014B|628054,Withdrawn,0,0,-1,-1,1.0,1.0,1
OULAD,legacy_z_reset,FFF|2013J|592142,Fail,0,0,-1,-1,1.0,1.0,0
OULAD,legacy_z_reset,DDD|2013J|595940,Fail,0,0,-1,-1,1.0,1.0,0
OULAD,legacy_z_reset,DDD|2014B|585372,Withdrawn,0,0,-1,-1,1.0,1.0,0
OULAD,legacy_z_reset,CCC|2014J|532846,Withdrawn,0,0,-1,-1,1.0,1.0,0
OULAD,legacy_z_reset,CCC|2014B|2367058,Withdrawn,0,0,-1,-1,1.0,1.0,0
OULAD,legacy_z_reset,FFF|2013J|171304,Fail,0,0,-1,-1,1.0,1.0,1
OULAD,legacy_z_reset,BBB|2013J|2514379,Fail,0,0,-1,-1,1.0,1.0,0
OULAD,legacy_z_reset,FFF|2014J|635903,Fail,0,0,-1,-1,1.0,1.0,1
OULAD,legacy_z_reset,DDD|2013J|2542803,Withdrawn,0,0,-1,-1,1.0,1.0,1
OULAD,legacy_z_reset,DDD|2013B|391638,Withdrawn,0,0,-1,-1,1.0,1.0,1
OULAD,legacy_z_reset,FFF|2014J|423488,Fail,0,0,-1,-1,1.0,1.0,0
OULAD,legacy_z_reset,FFF|2013B|1836988,Withdrawn,0,0,-1,-1,1.0,1.0,0
OULAD,legacy_z_reset,DDD|2014J|676498,Withdrawn,0,0,-1,-1,1.0,1.0,0
OULAD,legacy_z_reset,DDD|2013J|381539,Withdrawn,0,0,-1,-1,1.0,1.0,0
OULAD,legacy_z_reset,DDD|2013J|2561811,Withdrawn,0,0,-1,-1,1.0,1.0,0
OULAD,legacy_z_reset,BBB|2013B|524101,Withdrawn,0,0,-1,-1,1.0,1.0,1
OULAD,legacy_z_reset,DDD|2013B|2375123,Withdrawn,0,0,-1,-1,1.0,1.0,0
OULAD,legacy_z_reset,FFF|2013J|551354,Fail,0,0,-1,-1,1.0,1.0,3
OULAD,legacy_z_reset,EEE|2014B|571789,Withdrawn,0,0,-1,-1,1.0,1.0,1
OULAD,legacy_z_reset,DDD|2014J|131152,Fail,0,0,-1,-1,1.0,1.0,1
OULAD,legacy_z_reset,BBB|2014B|579720,Fail,0,0,-1,-1,1.0,1.0,0
OULAD,legacy_z_reset,DDD|2014J|146943,Withdrawn,0,0,-1,-1,1.0,1.0,1
OULAD,legacy_z_reset,FFF|2013B|2327494,Fail,0,0,-1,-1,1.0,1.0,0
OULAD,legacy_z_reset,GGG|2014J|651259,Withdrawn,0,0,-1,-1,1.0,1.0,0
OULAD,legacy_z_reset,FFF|2013J|562448,Fail,0,0,-1,-1,1.0,1.0,5
OULAD,legacy_z_reset,EEE|2014B|625213,Fail,0,0,-1,-1,1.0,1.0,0
OULAD,legacy_z_reset,BBB|2013B|541973,Fail,0,0,-1,-1,1.0,1.0,0
OULAD,legacy_z_reset,CCC|2014B|466714,Withdrawn,0,0,-1,-1,1.0,1.0,1
OULAD,legacy_z_reset,DDD|2014B|464748,Withdrawn,0,0,-1,-1,1.0,1.0,0
OULAD,legacy_z_reset,CCC|2014J|643690,Withdrawn,0,0,-1,-1,1.0,1.0,0
OULAD,legacy_z_reset,DDD|2014B|555446,Fail,0,0,-1,-1,1.0,1.0,1
OULAD,legacy_z_reset,BBB|2013J|2349825,Withdrawn,0,0,-1,-1,1.0,1.0,1
OULAD,legacy_z_reset,CCC|2014B|2421961,Withdrawn,0,0,-1,-1,1.0,1.0,1
OULAD,legacy_z_reset,FFF|2014B|574605,Fail,0,0,-1,-1,1.0,1.0,0
OULAD,legacy_z_reset,EEE|2014J|687498,Withdrawn,0,0,-1,-1,1.0,1.0,0
OULAD,legacy_z_reset,EEE|2013J|2274938,Fail,0,0,-1,-1,1.0,1.0,1
OULAD,legacy_z_reset,FFF|2014B|593617,Withdrawn,0,0,-1,-1,1.0,1.0,1
OULAD,legacy_z_reset,GGG|2014J|688050,Fail,0,0,-1,-1,1.0,1.0,1
OULAD,legacy_z_reset,CCC|2014B|471580,Withdrawn,0,0,-1,-1,1.0,1.0,0
OULAD,legacy_z_reset,FFF|2013J|2383780,Fail,0,0,-1,-1,1.0,1.0,5
OULAD,legacy_z_reset,DDD|2013B|169894,Withdrawn,0,0,-1,-1,1.0,1.0,1
OULAD,legacy_z_reset,DDD|2014B|1767786,Withdrawn,0,0,-1,-1,1.0,1.0,1
OULAD,legacy_z_reset,BBB|2013J|496334,Fail,0,0,-1,-1,1.0,1.0,0
OULAD,legacy_z_reset,FFF|2014B|592422,Fail,0,0,-1,-1,1.0,1.0,0
OULAD,legacy_z_reset,AAA|2013J|2139353,Withdrawn,0,0,-1,-1,1.0,1.0,0
OULAD,legacy_z_reset,DDD|2013B|307932,Withdrawn,0,0,-1,-1,1.0,1.0,2
OULAD,legacy_z_reset,FFF|2013B|514913,Withdrawn,0,0,-1,-1,1.0,1.0,1
OULAD,legacy_z_reset,FFF|2014B|509292,Withdrawn,0,0,-1,-1,1.0,1.0,4
OULAD,legacy_z_reset,BBB|2014B|591547,Fail,0,0,-1,-1,1.0,1.0,1
OULAD,legacy_z_reset,EEE|2014B|619369,Withdrawn,0,0,-1,-1,1.0,1.0,0
OULAD,legacy_z_reset,EEE|2013J|2604856,Fail,0,0,-1,-1,1.0,1.0,2
OULAD,legacy_z_reset,CCC|2014B|572382,Fail,0,0,-1,-1,1.0,1.0,1
OULAD,legacy_z_reset,DDD|2014J|646589,Fail,0,0,-1,-1,1.0,1.0,1
OULAD,legacy_z_reset,GGG|2014J|500915,Withdrawn,0,0,-1,-1,1.0,1.0,0
OULAD,legacy_z_reset,DDD|2014J|689038,Fail,0,0,-1,-1,1.0,1.0,1
OULAD,legacy_z_reset,FFF|2013J|585724,Withdrawn,0,0,-1,-1,1.0,1.0,2
OULAD,legacy_z_reset,EEE|2014B|437971,Withdrawn,0,0,-1,-1,1.0,1.0,1
OULAD,legacy_z_reset,FFF|2013J|571973,Fail,0,0,-1,-1,1.0,1.0,1
OULAD,legacy_z_reset,DDD|2014J|617249,Withdrawn,0,0,-1,-1,1.0,1.0,0
OULAD,legacy_z_reset,CCC|2014B|589894,Withdrawn,0,0,-1,-1,1.0,1.0,1
OULAD,legacy_z_reset,DDD|2013B|2193231,Fail,0,0,-1,-1,1.0,1.0,0
OULAD,legacy_z_reset,FFF|2013J|606930,Withdrawn,0,0,-1,-1,1.0,1.0,2
OULAD,legacy_z_reset,FFF|2013B|557203,Fail,0,0,-1,-1,1.0,1.0,0
OULAD,legacy_z_reset,CCC|2014J|622384,Fail,0,0,-1,-1,1.0,1.0,0
OULAD,legacy_z_reset,DDD|2014J|647604,Fail,0,0,-1,-1,1.0,1.0,0
OULAD,legacy_z_reset,FFF|2013J|579069,Withdrawn,0,0,-1,-1,1.0,1.0,1
OULAD,legacy_z_reset,AAA|2013J|146188,Fail,0,0,-1,-1,1.0,1.0,0
OULAD,legacy_z_reset,DDD|2014J|656073,Withdrawn,0,0,-1,-1,1.0,1.0,0
OULAD,legacy_z_reset,DDD|2014J|442017,Withdrawn,0,0,-1,-1,1.0,1.0,0
OULAD,legacy_z_reset,DDD|2013B|540547,Fail,0,0,-1,-1,1.0,1.0,0
OULAD,legacy_z_reset,FFF|2014B|466576,Fail,0,0,-1,-1,1.0,1.0,1
OULAD,legacy_z_reset,EEE|2013J|596002,Withdrawn,0,0,-1,-1,1.0,1.0,1
OULAD,legacy_z_reset,FFF|2014J|575710,Withdrawn,0,0,-1,-1,1.0,1.0,0
OULAD,legacy_z_reset,FFF|2014B|617437,Withdrawn,0,0,-1,-1,1.0,1.0,0
OULAD,legacy_z_reset,FFF|2014B|618665,Fail,0,0,-1,-1,1.0,1.0,1
OULAD,legacy_z_reset,DDD|2013B|550893,Fail,0,0,-1,-1,1.0,1.0,0
OULAD,legacy_z_reset,GGG|2014J|685272,Fail,0,0,-1,-1,1.0,1.0,1
OULAD,legacy_z_reset,FFF|2014J|645366,Withdrawn,0,0,-1,-1,1.0,1.0,0
OULAD,legacy_z_reset,CCC|2014J|600350,Withdrawn,0,0,-1,-1,1.0,1.0,1
OULAD,legacy_z_reset,BBB|2014J|500502,Fail,0,0,-1,-1,1.0,1.0,1
OULAD,legacy_z_reset,DDD|2014J|27417,Withdrawn,0,0,-1,-1,1.0,1.0,1
OULAD,legacy_z_reset,EEE|2014J|2338535,Fail,0,0,-1,-1,1.0,1.0,1
OULAD,legacy_z_reset,BBB|2014J|651004,Withdrawn,0,0,-1,-1,1.0,1.0,0
OULAD,legacy_z_reset,DDD|2013J|507115,Fail,0,0,-1,-1,1.0,1.0,0
OULAD,legacy_z_reset,DDD|2014J|693082,Withdrawn,0,0,-1,-1,1.0,1.0,0
OULAD,legacy_z_reset,DDD|2013J|285085,Withdrawn,0,0,-1,-1,1.0,1.0,2
OULAD,legacy_z_reset,DDD|2013B|378953,Fail,0,0,-1,-1,1.0,1.0,0
OULAD,legacy_z_reset,CCC|2014J|2637912,Fail,0,0,-1,-1,1.0,1.0,1
OULAD,legacy_z_reset,BBB|2013B|530153,Fail,0,0,-1,-1,1.0,1.0,0
OULAD,legacy_z_reset,BBB|2013J|520325,Fail,0,0,-1,-1,1.0,1.0,0
OULAD,legacy_z_reset,DDD|2013J|583606,Fail,0,0,-1,-1,1.0,1.0,0
OULAD,legacy_z_reset,FFF|2014J|649141,Withdrawn,0,0,-1,-1,1.0,1.0,1
OULAD,legacy_z_reset,BBB|2014B|618197,Withdrawn,0,0,-1,-1,1.0,1.0,0
OULAD,legacy_z_reset,FFF|2014J|2107747,Withdrawn,0,0,-1,-1,1.0,1.0,1
OULAD,legacy_z_reset,FFF|2013J|595978,Withdrawn,0,0,-1,-1,1.0,1.0,0
OULAD,legacy_z_reset,DDD|2013B|2536214,Fail,0,0,-1,-1,1.0,1.0,0
OULAD,legacy_z_reset,FFF|2013J|2173721,Fail,0,0,-1,-1,1.0,1.0,0
OULAD,legacy_z_reset,GGG|2013J|584844,Fail,0,0,-1,-1,1.0,1.0,0
OULAD,legacy_z_reset,FFF|2013J|561880,Withdrawn,0,0,-1,-1,1.0,1.0,1
OULAD,legacy_z_reset,DDD|2013J|580706,Withdrawn,0,0,-1,-1,1.0,1.0,0
OULAD,legacy_z_reset,CCC|2014J|2650741,Fail,0,0,-1,-1,1.0,1.0,1
OULAD,legacy_z_reset,AAA|2014J|158707,Withdrawn,0,0,-1,-1,1.0,1.0,4
OULAD,legacy_z_reset,CCC|2014B|1969407,Fail,0,0,-1,-1,1.0,1.0,0
OULAD,legacy_z_reset,FFF|2014B|2355214,Fail,0,0,-1,-1,1.0,1.0,1
OULAD,legacy_z_reset,DDD|2013J|1644266,Withdrawn,0,0,-1,-1,1.0,1.0,0
OULAD,legacy_z_reset,CCC|2014J|630073,Withdrawn,0,0,-1,-1,1.0,1.0,0
OULAD,legacy_z_reset,FFF|2014J|570213,Fail,0,0,-1,-1,1.0,1.0,2
OULAD,legacy_z_reset,BBB|2013J|572495,Withdrawn,0,0,-1,-1,1.0,1.0,0
OULAD,legacy_z_reset,DDD|2013J|599837,Withdrawn,0,0,-1,-1,1.0,1.0,1
OULAD,legacy_z_reset,CCC|2014B|544090,Fail,0,0,-1,-1,1.0,1.0,0
OULAD,legacy_z_reset,FFF|2014J|2480886,Fail,0,0,-1,-1,1.0,1.0,2
OULAD,legacy_z_reset,CCC|2014B|62278,Fail,0,0,-1,-1,1.0,1.0,0
OULAD,legacy_z_reset,FFF|2014J|571950,Withdrawn,0,0,-1,-1,1.0,1.0,0
OULAD,legacy_z_reset,EEE|2013J|556709,Fail,0,0,-1,-1,1.0,1.0,1
OULAD,legacy_z_reset,FFF|2014B|619118,Fail,0,0,-1,-1,1.0,1.0,0
OULAD,legacy_z_reset,GGG|2014B|631212,Withdrawn,0,0,-1,-1,1.0,1.0,0
OULAD,legacy_z_reset,FFF|2014B|286484,Withdrawn,0,0,-1,-1,1.0,1.0,0
OULAD,legacy_z_reset,FFF|2014B|626692,Withdrawn,0,0,-1,-1,1.0,1.0,0
OULAD,legacy_z_reset,CCC|2014J|532565,Fail,0,0,-1,-1,1.0,1.0,0
OULAD,legacy_z_reset,FFF|2014J|648661,Fail,0,0,-1,-1,1.0,1.0,0
OULAD,legacy_z_reset,FFF|2014B|632801,Fail,0,0,-1,-1,1.0,1.0,0
OULAD,legacy_z_reset,DDD|2014B|360759,Withdrawn,0,0,-1,-1,1.0,1.0,0
OULAD,legacy_z_reset,DDD|2013J|592709,Fail,0,0,-1,-1,1.0,1.0,0
OULAD,legacy_z_reset,DDD|2014B|633331,Withdrawn,0,0,-1,-1,1.0,1.0,0
OULAD,legacy_z_reset,FFF|2014J|685100,Withdrawn,0,0,-1,-1,1.0,1.0,1
OULAD,legacy_z_reset,DDD|2013J|558140,Fail,0,0,-1,-1,1.0,1.0,0
OULAD,legacy_z_reset,DDD|2014B|627416,Withdrawn,0,0,-1,-1,1.0,1.0,0
OULAD,legacy_z_reset,FFF|2014B|612982,Fail,0,0,-1,-1,1.0,1.0,2
OULAD,legacy_z_reset,BBB|2014B|631341,Fail,0,0,-1,-1,1.0,1.0,0
OULAD,legacy_z_reset,DDD|2014J|386140,Fail,0,0,-1,-1,1.0,1.0,0
OULAD,legacy_z_reset,DDD|2013J|504596,Fail,0,0,-1,-1,1.0,1.0,1
OULAD,legacy_z_reset,DDD|2014B|621908,Fail,0,0,-1,-1,1.0,1.0,0
OULAD,legacy_z_reset,EEE|2014J|322641,Withdrawn,0,0,-1,-1,1.0,1.0,1
OULAD,legacy_z_reset,EEE|2013J|580689,Withdrawn,0,0,-1,-1,1.0,1.0,0
OULAD,legacy_z_reset,BBB|2014J|2049740,Fail,0,0,-1,-1,1.0,1.0,1
OULAD,legacy_z_reset,CCC|2014B|633341,Fail,0,0,-1,-1,1.0,1.0,1
OULAD,legacy_z_reset,CCC|2014J|371439,Fail,0,0,-1,-1,1.0,1.0,0
OULAD,legacy_z_reset,DDD|2013J|468657,Withdrawn,0,0,-1,-1,1.0,1.0,0
OULAD,legacy_z_reset,FFF|2013J|190910,Fail,0,0,-1,-1,1.0,1.0,0
OULAD,legacy_z_reset,CCC|2014J|418971,Fail,0,0,-1,-1,1.0,1.0,0
OULAD,legacy_z_reset,DDD|2013B|552114,Fail,0,0,-1,-1,1.0,1.0,0
OULAD,legacy_z_reset,BBB|2014B|358054,Withdrawn,0,0,-1,-1,1.0,1.0,1
OULAD,legacy_z_reset,FFF|2013J|596521,Fail,0,0,-1,-1,1.0,1.0,1
OULAD,legacy_z_reset,FFF|2013J|583993,Fail,0,0,-1,-1,1.0,1.0,2
OULAD,legacy_z_reset,EEE|2014B|623940,Fail,0,0,-1,-1,1.0,1.0,0
OULAD,legacy_z_reset,FFF|2014J|587654,Withdrawn,0,0,-1,-1,1.0,1.0,1
OULAD,legacy_z_reset,FFF|2013J|598308,Withdrawn,0,0,-1,-1,1.0,1.0,1
OULAD,legacy_z_reset,BBB|2014B|2437428,Fail,0,0,-1,-1,1.0,1.0,1
OULAD,legacy_z_reset,DDD|2013B|520400,Fail,0,0,-1,-1,1.0,1.0,0
OULAD,legacy_z_reset,FFF|2013J|606425,Withdrawn,0,0,-1,-1,1.0,1.0,1
OULAD,legacy_z_reset,FFF|2013J|353790,Fail,0,0,-1,-1,1.0,1.0,0
OULAD,legacy_z_reset,BBB|2013B|482945,Withdrawn,0,0,-1,-1,1.0,1.0,0
OULAD,legacy_z_reset,FFF|2013B|560404,Fail,0,0,-1,-1,1.0,1.0,6
OULAD,legacy_z_reset,FFF|2014J|652336,Withdrawn,0,0,-1,-1,1.0,1.0,1
OULAD,legacy_z_reset,AAA|2014J|1818673,Fail,0,0,-1,-1,1.0,1.0,1
OULAD,legacy_z_reset,FFF|2013B|2392327,Fail,0,0,-1,-1,1.0,1.0,1
OULAD,legacy_z_reset,DDD|2014J|63827,Withdrawn,0,0,-1,-1,1.0,1.0,0
OULAD,legacy_z_reset,FFF|2013J|368935,Fail,0,0,-1,-1,1.0,1.0,1
OULAD,legacy_z_reset,FFF|2013J|604258,Withdrawn,0,0,-1,-1,1.0,1.0,0
OULAD,legacy_z_reset,DDD|2013J|2175266,Withdrawn,0,0,-1,-1,1.0,1.0,0
OULAD,legacy_z_reset,FFF|2014J|69439,Withdrawn,0,0,-1,-1,1.0,1.0,1
OULAD,legacy_z_reset,DDD|2013J|1782581,Withdrawn,0,0,-1,-1,1.0,1.0,1
OULAD,legacy_z_reset,DDD|2014B|624105,Fail,0,0,-1,-1,1.0,1.0,3
OULAD,legacy_z_reset,FFF|2014B|591111,Fail,0,0,-1,-1,1.0,1.0,0
OULAD,legacy_z_reset,FFF|2014J|687341,Withdrawn,0,0,-1,-1,1.0,1.0,1
OULAD,legacy_z_reset,BBB|2013B|545223,Withdrawn,0,0,-1,-1,1.0,1.0,4
OULAD,legacy_z_reset,FFF|2013J|334669,Withdrawn,0,0,-1,-1,1.0,1.0,0
OULAD,legacy_z_reset,EEE|2014J|381983,Fail,0,0,-1,-1,1.0,1.0,0
OULAD,legacy_z_reset,FFF|2013J|574664,Fail,0,0,-1,-1,1.0,1.0,0
OULAD,legacy_z_reset,CCC|2014J|578820,Withdrawn,0,0,-1,-1,1.0,1.0,0
OULAD,legacy_z_reset,FFF|2014J|605228,Fail,0,0,-1,-1,1.0,1.0,0
OULAD,legacy_z_reset,CCC|2014B|591566,Withdrawn,0,0,-1,-1,0.92,1.0,4
OULAD,legacy_z_reset,BBB|2013B|539253,Fail,0,0,-1,-1,1.0,1.0,0
OULAD,legacy_z_reset,FFF|2013J|500099,Withdrawn,0,0,-1,-1,1.0,1.0,0
OULAD,legacy_z_reset,BBB|2013B|540530,Fail,0,0,-1,-1,1.0,1.0,0
OULAD,legacy_z_reset,BBB|2014J|417971,Withdrawn,0,0,-1,-1,1.0,1.0,1
OULAD,legacy_z_reset,FFF|2014B|395188,Fail,0,0,-1,-1,1.0,1.0,2
OULAD,legacy_z_reset,CCC|2014B|628029,Withdrawn,0,0,-1,-1,1.0,1.0,0
OULAD,legacy_z_reset,FFF|2014J|484494,Withdrawn,0,0,-1,-1,1.0,1.0,0
OULAD,legacy_z_reset,CCC|2014J|675495,Withdrawn,0,0,-1,-1,1.0,1.0,0
OULAD,legacy_z_reset,BBB|2013J|572514,Fail,0,0,-1,-1,1.0,1.0,0
OULAD,legacy_z_reset,DDD|2014B|395288,Fail,0,0,-1,-1,1.0,1.0,0
OULAD,legacy_z_reset,EEE|2014B|525332,Fail,0,0,-1,-1,1.0,1.0,0
OULAD,legacy_z_reset,DDD|2013B|545115,Fail,0,0,-1,-1,1.0,1.0,1
OULAD,legacy_z_reset,FFF|2014J|191504,Withdrawn,0,0,-1,-1,1.0,1.0,0
OULAD,legacy_z_reset,EEE|2014B|502640,Withdrawn,0,0,-1,-1,1.0,1.0,1
OULAD,legacy_z_reset,EEE|2014J|554235,Fail,0,0,-1,-1,1.0,1.0,0
OULAD,legacy_z_reset,DDD|2014J|100561,Fail,0,0,-1,-1,1.0,1.0,0
OULAD,legacy_z_reset,FFF|2013J|608866,Withdrawn,0,0,-1,-1,1.0,1.0,1
OULAD,legacy_z_reset,DDD|2013J|610170,Withdrawn,0,0,-1,-1,1.0,1.0,0
OULAD,legacy_z_reset,BBB|2014J|254612,Fail,1,0,10,-1,0.28,1.0,6
OULAD,legacy_z_reset,FFF|2014J|634601,Fail,0,0,-1,-1,1.0,1.0,1
OULAD,legacy_z_reset,BBB|2013B|479519,Fail,0,0,-1,-1,1.0,1.0,4
OULAD,legacy_z_reset,BBB|2013J|578854,Withdrawn,0,0,-1,-1,1.0,1.0,0
OULAD,legacy_z_reset,FFF|2013B|190653,Withdrawn,0,0,-1,-1,1.0,1.0,1
OULAD,legacy_z_reset,DDD|2013J|27417,Withdrawn,0,0,-1,-1,1.0,1.0,0
OULAD,legacy_z_reset,BBB|2014B|562783,Withdrawn,0,0,-1,-1,1.0,1.0,1
OULAD,legacy_z_reset,BBB|2013J|278272,Fail,0,0,-1,-1,1.0,1.0,0
OULAD,legacy_z_reset,BBB|2013B|550429,Fail,0,0,-1,-1,1.0,1.0,4
OULAD,legacy_z_reset,DDD|2013J|59275,Fail,0,0,-1,-1,1.0,1.0,0
OULAD,legacy_z_reset,DDD|2013B|387335,Withdrawn,0,0,-1,-1,1.0,1.0,0
OULAD,legacy_z_reset,BBB|2013B|490152,Fail,0,0,-1,-1,1.0,1.0,1
OULAD,legacy_z_reset,CCC|2014J|409852,Fail,0,0,-1,-1,1.0,1.0,1
OULAD,legacy_z_reset,DDD|2013J|550142,Withdrawn,0,0,-1,-1,1.0,1.0,0
OULAD,legacy_z_reset,CCC|2014B|582108,Fail,0,0,-1,-1,1.0,1.0,0
OULAD,legacy_z_reset,FFF|2014J|646091,Withdrawn,0,0,-1,-1,1.0,1.0,0
OULAD,legacy_z_reset,CCC|2014B|421712,Withdrawn,0,0,-1,-1,1.0,1.0,0
OULAD,legacy_z_reset,DDD|2013J|123957,Withdrawn,0,0,-1,-1,1.0,1.0,0
OULAD,legacy_z_reset,FFF|2014J|577032,Fail,0,0,-1,-1,1.0,1.0,0
OULAD,legacy_z_reset,DDD|2014B|231973,Withdrawn,0,0,-1,-1,1.0,1.0,0
OULAD,legacy_z_reset,FFF|2013B|535052,Withdrawn,0,0,-1,-1,1.0,1.0,1
OULAD,legacy_z_reset,CCC|2014J|588566,Fail,0,0,-1,-1,1.0,1.0,0
OULAD,legacy_z_reset,CCC|2014B|426616,Fail,0,0,-1,-1,1.0,1.0,0
OULAD,legacy_z_reset,CCC|2014J|572599,Withdrawn,0,0,-1,-1,1.0,1.0,0
OULAD,legacy_z_reset,DDD|2014J|696132,Fail,0,0,-1,-1,1.0,1.0,0
OULAD,legacy_z_reset,BBB|2013B|535155,Withdrawn,0,0,-1,-1,1.0,1.0,1
OULAD,legacy_z_reset,DDD|2014J|75427,Fail,0,0,-1,-1,1.0,1.0,1
OULAD,legacy_z_reset,FFF|2013B|550435,Fail,0,0,-1,-1,1.0,1.0,0
OULAD,legacy_z_reset,FFF|2013J|527619,Withdrawn,0,0,-1,-1,1.0,1.0,1
OULAD,legacy_z_reset,DDD|2013B|345568,Fail,0,0,-1,-1,1.0,1.0,1
OULAD,legacy_z_reset,BBB|2014B|628511,Fail,0,0,-1,-1,1.0,1.0,0
OULAD,legacy_z_reset,DDD|2013J|575962,Fail,0,0,-1,-1,1.0,1.0,0
OULAD,legacy_z_reset,BBB|2014J|695434,Fail,0,0,-1,-1,1.0,1.0,1
OULAD,legacy_z_reset,DDD|2014J|649413,Fail,0,0,-1,-1,1.0,1.0,0
OULAD,legacy_z_reset,CCC|2014B|541003,Fail,0,0,-1,-1,1.0,1.0,0
OULAD,legacy_z_reset,BBB|2013J|329030,Fail,0,0,-1,-1,1.0,1.0,0
OULAD,legacy_z_reset,EEE|2014J|697482,Fail,0,0,-1,-1,1.0,1.0,0
OULAD,legacy_z_reset,FFF|2014B|383921,Fail,0,0,-1,-1,1.0,1.0,0
OULAD,legacy_z_reset,FFF|2013B|539953,Fail,0,0,-1,-1,1.0,1.0,0
OULAD,legacy_z_reset,BBB|2014B|570239,Fail,0,0,-1,-1,1.0,1.0,0
OULAD,legacy_z_reset,GGG|2014B|634822,Fail,0,0,-1,-1,1.0,1.0,0
OULAD,legacy_z_reset,EEE|2014J|646109,Withdrawn,0,0,-1,-1,1.0,1.0,0
OULAD,legacy_z_reset,BBB|2013B|2470672,Fail,0,0,-1,-1,1.0,1.0,1
OULAD,legacy_z_reset,FFF|2013J|606386,Fail,0,0,-1,-1,1.0,1.0,2
OULAD,legacy_z_reset,FFF|2014J|85241,Withdrawn,0,0,-1,-1,1.0,1.0,0
OULAD,legacy_z_reset,CCC|2014B|1769985,Withdrawn,0,0,-1,-1,1.0,1.0,0
OULAD,legacy_z_reset,FFF|2014B|559449,Fail,0,0,-1,-1,1.0,1.0,1
OULAD,legacy_z_reset,FFF|2013B|494866,Withdrawn,0,0,-1,-1,1.0,1.0,0
OULAD,legacy_z_reset,FFF|2014J|393141,Fail,0,0,-1,-1,1.0,1.0,1
OULAD,legacy_z_reset,CCC|2014J|422697,Withdrawn,0,0,-1,-1,1.0,1.0,1
OULAD,legacy_z_reset,FFF|2014B|588436,Fail,0,0,-1,-1,1.0,1.0,1
OULAD,legacy_z_reset,CCC|2014J|630891,Withdrawn,1,0,15,-1,0.56,1.0,5
OULAD,legacy_z_reset,DDD|2014B|614633,Withdrawn,0,0,-1,-1,1.0,1.0,1
OULAD,legacy_z_reset,FFF|2014J|683094,Fail,0,0,-1,-1,1.0,1.0,1
OULAD,legacy_z_reset,FFF|2014J|574695,Withdrawn,0,0,-1,-1,1.0,1.0,0
OULAD,legacy_z_reset,FFF|2014B|588913,Withdrawn,0,0,-1,-1,1.0,1.0,2
OULAD,legacy_z_reset,DDD|2014B|606884,Fail,0,0,-1,-1,1.0,1.0,0
OULAD,legacy_z_reset,EEE|2013J|596321,Withdrawn,0,0,-1,-1,1.0,1.0,1
OULAD,legacy_z_reset,DDD|2013J|586022,Fail,0,0,-1,-1,1.0,1.0,1
OULAD,legacy_z_reset,BBB|2014J|578418,Withdrawn,0,0,-1,-1,1.0,1.0,0
OULAD,legacy_z_reset,DDD|2014J|1382719,Fail,0,0,-1,-1,1.0,1.0,1
OULAD,legacy_z_reset,FFF|2014B|633411,Fail,0,0,-1,-1,1.0,1.0,0
OULAD,legacy_z_reset,DDD|2013J|579470,Fail,0,0,-1,-1,1.0,1.0,0
OULAD,legacy_z_reset,FFF|2014J|572265,Fail,0,0,-1,-1,1.0,1.0,0
OULAD,legacy_z_reset,FFF|2013B|556970,Fail,0,0,-1,-1,1.0,1.0,0
OULAD,legacy_z_reset,EEE|2014J|425053,Fail,0,0,-1,-1,1.0,1.0,0
OULAD,legacy_z_reset,BBB|2013B|544519,Fail,0,0,-1,-1,1.0,1.0,0
OULAD,legacy_z_reset,GGG|2013J|583827,Fail,0,0,-1,-1,1.0,1.0,0
OULAD,legacy_z_reset,EEE|2014B|171334,Withdrawn,0,0,-1,-1,1.0,1.0,1
OULAD,legacy_z_reset,CCC|2014J|675915,Fail,0,0,-1,-1,1.0,1.0,2
OULAD,legacy_z_reset,FFF|2014J|691465,Fail,0,0,-1,-1,1.0,1.0,1
OULAD,legacy_z_reset,DDD|2013B|546830,Fail,0,0,-1,-1,1.0,1.0,1
OULAD,legacy_z_reset,FFF|2013B|322106,Fail,0,0,-1,-1,1.0,1.0,0
OULAD,legacy_z_reset,DDD|2014B|31269,Withdrawn,0,0,-1,-1,1.0,1.0,0
OULAD,legacy_z_reset,EEE|2014J|641881,Fail,0,0,-1,-1,1.0,1.0,0
OULAD,legacy_z_reset,DDD|2014J|160181,Withdrawn,0,0,-1,-1,1.0,1.0,2
OULAD,legacy_z_reset,DDD|2014B|631846,Withdrawn,0,0,-1,-1,1.0,1.0,1
OULAD,legacy_z_reset,BBB|2013B|147876,Fail,0,0,-1,-1,1.0,1.0,0
OULAD,legacy_z_reset,DDD|2013B|199782,Fail,1,0,17,-1,0.64,1.0,4
OULAD,legacy_z_reset,BBB|2014J|531450,Fail,0,0,-1,-1,1.0,1.0,1
OULAD,legacy_z_reset,DDD|2013J|572087,Withdrawn,0,0,-1,-1,1.0,1.0,0
OULAD,legacy_z_reset,DDD|2013J|563888,Withdrawn,0,0,-1,-1,1.0,1.0,0
OULAD,legacy_z_reset,FFF|2014J|650123,Withdrawn,0,0,-1,-1,1.0,1.0,0
OULAD,legacy_z_reset,GGG|2013J|2248789,Fail,0,0,-1,-1,1.0,1.0,2
OULAD,legacy_z_reset,FFF|2014B|629879,Fail,0,0,-1,-1,1.0,1.0,0
OULAD,legacy_z_reset,BBB|2013B|406974,Withdrawn,0,0,-1,-1,1.0,1.0,1
OULAD,legacy_z_reset,BBB|2014J|649578,Fail,0,0,-1,-1,1.0,1.0,0
OULAD,legacy_z_reset,DDD|2014J|597779,Withdrawn,0,0,-1,-1,1.0,1.0,0
OULAD,legacy_z_reset,DDD|2013J|242472,Fail,0,0,-1,-1,1.0,1.0,0
OULAD,legacy_z_reset,FFF|2013J|574735,Withdrawn,0,0,-1,-1,1.0,1.0,3
OULAD,legacy_z_reset,DDD|2013J|577570,Withdrawn,0,0,-1,-1,1.0,1.0,0
OULAD,legacy_z_reset,DDD|2014J|678605,Fail,0,0,-1,-1,1.0,1.0,0
OULAD,legacy_z_reset,FFF|2013B|535390,Withdrawn,0,0,-1,-1,1.0,1.0,0
OULAD,legacy_z_reset,FFF|2014J|645433,Withdrawn,0,0,-1,-1,1.0,1.0,0
OULAD,legacy_z_reset,EEE|2014J|674747,Fail,0,0,-1,-1,1.0,1.0,0
OULAD,legacy_z_reset,FFF|2014B|2463282,Withdrawn,0,0,-1,-1,1.0,1.0,0
OULAD,legacy_z_reset,EEE|2014B|623184,Fail,0,0,-1,-1,1.0,1.0,1
OULAD,legacy_z_reset,FFF|2013B|239748,Fail,0,0,-1,-1,1.0,1.0,0
OULAD,legacy_z_reset,FFF|2014J|1514245,Withdrawn,0,0,-1,-1,1.0,1.0,0
OULAD,legacy_z_reset,DDD|2014B|61911,Fail,0,0,-1,-1,1.0,1.0,1
OULAD,legacy_z_reset,DDD|2014J|680331,Fail,0,0,-1,-1,1.0,1.0,0
OULAD,legacy_z_reset,DDD|2013J|607427,Withdrawn,0,0,-1,-1,1.0,1.0,0
OULAD,legacy_z_reset,DDD|2013J|443400,Fail,0,0,-1,-1,1.0,1.0,0
OULAD,legacy_z_reset,CCC|2014B|536536,Withdrawn,0,0,-1,-1,1.0,1.0,0
OULAD,legacy_z_reset,DDD|2013B|233389,Fail,0,0,-1,-1,1.0,1.0,0
OULAD,legacy_z_reset,EEE|2013J|473706,Fail,0,0,-1,-1,1.0,1.0,0
OULAD,legacy_z_reset,CCC|2014B|523710,Fail,0,0,-1,-1,1.0,1.0,1
OULAD,legacy_z_reset,CCC|2014J|691195,Fail,1,0,20,-1,0.72,1.0,3
OULAD,legacy_z_reset,DDD|2013B|2126013,Withdrawn,0,0,-1,-1,1.0,1.0,0
OULAD,legacy_z_reset,DDD|2013B|558610,Withdrawn,0,0,-1,-1,1.0,1.0,1
OULAD,legacy_z_reset,FFF|2014J|684040,Withdrawn,0,0,-1,-1,1.0,1.0,0
OULAD,legacy_z_reset,DDD|2014B|632195,Fail,0,0,-1,-1,1.0,1.0,0
OULAD,legacy_z_reset,DDD|2014J|2612069,Fail,0,0,-1,-1,1.0,1.0,0
OULAD,legacy_z_reset,BBB|2014J|691006,Fail,0,0,-1,-1,1.0,1.0,0
OULAD,legacy_z_reset,DDD|2013B|2502707,Withdrawn,0,0,-1,-1,1.0,1.0,0
OULAD,legacy_z_reset,DDD|2014J|623223,Withdrawn,0,0,-1,-1,1.0,1.0,1
OULAD,legacy_z_reset,DDD|2013J|380138,Fail,0,0,-1,-1,1.0,1.0,0
OULAD,legacy_z_reset,FFF|2013B|473102,Withdrawn,0,0,-1,-1,1.0,1.0,1
OULAD,legacy_z_reset,CCC|2014J|647083,Fail,0,0,-1,-1,1.0,1.0,0
OULAD,legacy_z_reset,DDD|2014J|651672,Fail,0,0,-1,-1,1.0,1.0,0
OULAD,legacy_z_reset,BBB|2013B|292027,Withdrawn,0,0,-1,-1,1.0,1.0,0
OULAD,legacy_z_reset,CCC|2014B|585769,Withdrawn,0,0,-1,-1,1.0,1.0,1
OULAD,legacy_z_reset,DDD|2014B|626723,Fail,0,0,-1,-1,1.0,1.0,0
OULAD,legacy_z_reset,BBB|2013J|510776,Fail,0,0,-1,-1,1.0,1.0,0
OULAD,legacy_z_reset,BBB|2013J|590107,Withdrawn,0,0,-1,-1,1.0,1.0,0
OULAD,legacy_z_reset,DDD|2014J|569749,Withdrawn,0,0,-1,-1,1.0,1.0,0
OULAD,legacy_z_reset,GGG|2013J|2254271,Fail,0,0,-1,-1,1.0,1.0,0
OULAD,legacy_z_reset,BBB|2014J|697561,Fail,0,0,-1,-1,1.0,1.0,0
OULAD,legacy_z_reset,BBB|2013B|237913,Fail,0,0,-1,-1,1.0,1.0,1
OULAD,legacy_z_reset,DDD|2014J|309350,Withdrawn,0,0,-1,-1,1.0,1.0,1
OULAD,legacy_z_reset,FFF|2014J|629522,Withdrawn,0,0,-1,-1,1.0,1.0,1
OULAD,legacy_z_reset,FFF|2014J|656086,Withdrawn,0,0,-1,-1,1.0,1.0,1
OULAD,legacy_z_reset,FFF|2014B|613928,Fail,0,0,-1,-1,1.0,1.0,1
OULAD,legacy_z_reset,EEE|2014J|643416,Fail,0,0,-1,-1,1.0,1.0,0
OULAD,legacy_z_reset,CCC|2014J|688533,Withdrawn,0,0,-1,-1,1.0,1.0,0
OULAD,legacy_z_reset,BBB|2013J|576226,Fail,0,0,-1,-1,1.0,1.0,0
OULAD,legacy_z_reset,DDD|2013J|610537,Fail,0,0,-1,-1,1.0,1.0,0
OULAD,legacy_z_reset,FFF|2014J|653988,Fail,0,0,-1,-1,1.0,1.0,0
OULAD,legacy_z_reset,CCC|2014B|413083,Fail,0,0,-1,-1,1.0,1.0,0
OULAD,legacy_z_reset,BBB|2014B|446296,Fail,0,0,-1,-1,1.0,1.0,0
OULAD,legacy_z_reset,FFF|2013J|567223,Fail,0,0,-1,-1,1.0,1.0,1
OULAD,legacy_z_reset,GGG|2013J|368245,Fail,0,0,-1,-1,1.0,1.0,1
OULAD,legacy_z_reset,BBB|2014B|623177,Fail,0,0,-1,-1,1.0,1.0,0
OULAD,legacy_z_reset,BBB|2013J|584735,Withdrawn,0,0,-1,-1,1.0,1.0,1
OULAD,legacy_z_reset,CCC|2014J|393526,Withdrawn,0,0,-1,-1,1.0,1.0,1
OULAD,legacy_z_reset,CCC|2014J|322907,Fail,0,0,-1,-1,1.0,1.0,1
OULAD,legacy_z_reset,BBB|2014J|509466,Fail,0,0,-1,-1,1.0,1.0,1
OULAD,legacy_z_reset,DDD|2013J|595963,Withdrawn,0,0,-1,-1,1.0,1.0,0
OULAD,legacy_z_reset,CCC|2014B|507671,Withdrawn,0,0,-1,-1,1.0,1.0,1
OULAD,legacy_z_reset,FFF|2013J|598666,Withdrawn,0,0,-1,-1,1.0,1.0,0
OULAD,legacy_z_reset,DDD|2013J|33387,Withdrawn,0,0,-1,-1,1.0,1.0,1
OULAD,legacy_z_reset,FFF|2014B|633292,Fail,0,0,-1,-1,1.0,1.0,0
OULAD,legacy_z_reset,FFF|2014B|619974,Withdrawn,0,0,-1,-1,1.0,1.0,4
OULAD,legacy_z_reset,DDD|2014J|632831,Fail,0,0,-1,-1,1.0,1.0,0
OULAD,legacy_z_reset,FFF|2014B|402449,Fail,0,0,-1,-1,1.0,1.0,2
OULAD,legacy_z_reset,DDD|2014J|676809,Fail,0,0,-1,-1,1.0,1.0,0
OULAD,legacy_z_reset,BBB|2013J|613175,Fail,0,0,-1,-1,1.0,1.0,1
OULAD,legacy_z_reset,BBB|2014J|686953,Fail,0,0,-1,-1,1.0,1.0,0
OULAD,legacy_z_reset,DDD|2013B|527747,Withdrawn,0,0,-1,-1,1.0,1.0,0
OULAD,legacy_z_reset,DDD|2013B|543482,Withdrawn,0,0,-1,-1,1.0,1.0,0
OULAD,legacy_z_reset,DDD|2014B|546403,Withdrawn,0,0,-1,-1,1.0,1.0,0
OULAD,legacy_z_reset,BBB|2014J|229326,Withdrawn,0,0,-1,-1,1.0,1.0,1
OULAD,legacy_z_reset,CCC|2014J|509150,Withdrawn,0,0,-1,-1,1.0,1.0,0
OULAD,legacy_z_reset,DDD|2013J|562064,Fail,0,0,-1,-1,1.0,1.0,0
OULAD,legacy_z_reset,CCC|2014J|621414,Withdrawn,0,0,-1,-1,0.96,1.0,3
OULAD,legacy_z_reset,BBB|2014B|626297,Fail,0,0,-1,-1,1.0,1.0,0
OULAD,legacy_z_reset,CCC|2014J|501146,Fail,0,0,-1,-1,1.0,1.0,3
OULAD,legacy_z_reset,AAA|2013J|2469673,Fail,0,0,-1,-1,1.0,1.0,0
OULAD,legacy_z_reset,FFF|2013J|585942,Fail,0,0,-1,-1,1.0,1.0,0
OULAD,legacy_z_reset,FFF|2014J|631438,Fail,0,0,-1,-1,1.0,1.0,0
OULAD,legacy_z_reset,DDD|2014J|559707,Fail,0,0,-1,-1,1.0,1.0,1
OULAD,legacy_z_reset,BBB|2013B|554830,Fail,0,0,-1,-1,1.0,1.0,0
OULAD,legacy_z_reset,DDD|2013J|472060,Fail,0,0,-1,-1,1.0,1.0,0
OULAD,legacy_z_reset,DDD|2014J|488575,Withdrawn,0,0,-1,-1,1.0,1.0,1
OULAD,legacy_z_reset,DDD|2014J|2561811,Fail,0,0,-1,-1,1.0,1.0,0
OULAD,legacy_z_reset,FFF|2014J|159947,Fail,0,0,-1,-1,1.0,1.0,0
OULAD,legacy_z_reset,BBB|2014B|611586,Withdrawn,0,0,-1,-1,1.0,1.0,0
OULAD,legacy_z_reset,DDD|2013J|493725,Fail,0,0,-1,-1,1.0,1.0,0
OULAD,legacy_z_reset,DDD|2014B|546299,Withdrawn,0,0,-1,-1,1.0,1.0,1
OULAD,legacy_z_reset,DDD|2013B|337414,Withdrawn,0,0,-1,-1,1.0,1.0,1
OULAD,legacy_z_reset,CCC|2014B|435271,Withdrawn,0,0,-1,-1,1.0,1.0,0
OULAD,legacy_z_reset,DDD|2013J|294364,Fail,0,0,-1,-1,1.0,1.0,1
OULAD,legacy_z_reset,CCC|2014J|317801,Fail,0,0,-1,-1,1.0,1.0,1
OULAD,legacy_z_reset,DDD|2014B|558629,Fail,0,0,-1,-1,1.0,1.0,1
OULAD,legacy_z_reset,CCC|2014J|1634278,Withdrawn,0,0,-1,-1,1.0,1.0,0
OULAD,legacy_z_reset,BBB|2014B|612370,Fail,0,0,-1,-1,1.0,1.0,1
OULAD,legacy_z_reset,BBB|2013J|609230,Withdrawn,0,0,-1,-1,1.0,1.0,0
OULAD,legacy_z_reset,CCC|2014J|581770,Withdrawn,0,0,-1,-1,1.0,1.0,0
OULAD,legacy_z_reset,DDD|2014J|682031,Withdrawn,0,0,-1,-1,1.0,1.0,1
OULAD,legacy_z_reset,DDD|2014J|502557,Withdrawn,0,0,-1,-1,1.0,1.0,1
OULAD,legacy_z_reset,FFF|2014B|610778,Withdrawn,0,0,-1,-1,1.0,1.0,1
OULAD,legacy_z_reset,CCC|2014B|571025,Withdrawn,0,0,-1,-1,1.0,1.0,0
OULAD,legacy_z_reset,FFF|2014J|623917,Withdrawn,0,0,-1,-1,1.0,1.0,0
OULAD,legacy_z_reset,DDD|2014J|656393,Fail,0,0,-1,-1,1.0,1.0,0
OULAD,legacy_z_reset,FFF|2013J|572071,Withdrawn,0,0,-1,-1,1.0,1.0,0
OULAD,legacy_z_reset,DDD|2014B|622844,Withdrawn,0,0,-1,-1,1.0,1.0,1
OULAD,legacy_z_reset,GGG|2014B|587287,Fail,0,0,-1,-1,1.0,1.0,0
OULAD,legacy_z_reset,GGG|2013J|578666,Fail,0,0,-1,-1,1.0,1.0,0
OULAD,legacy_z_reset,FFF|2014B|602571,Withdrawn,0,0,-1,-1,1.0,1.0,0
OULAD,legacy_z_reset,BBB|2014J|197527,Fail,0,0,-1,-1,1.0,1.0,1
OULAD,legacy_z_reset,FFF|2014B|530196,Withdrawn,0,0,-1,-1,1.0,1.0,4
OULAD,legacy_z_reset,DDD|2013J|603803,Withdrawn,0,0,-1,-1,1.0,1.0,0
OULAD,legacy_z_reset,BBB|2013B|535396,Withdrawn,0,0,-1,-1,1.0,1.0,0
OULAD,legacy_z_reset,BBB|2014J|644101,Withdrawn,0,0,-1,-1,1.0,1.0,0
OULAD,legacy_z_reset,DDD|2013J|400942,Withdrawn,0,0,-1,-1,1.0,1.0,0
OULAD,legacy_z_reset,BBB|2013B|494927,Withdrawn,0,0,-1,-1,1.0,1.0,0
OULAD,legacy_z_reset,DDD|2014B|612669,Withdrawn,0,0,-1,-1,1.0,1.0,0
OULAD,legacy_z_reset,CCC|2014J|627947,Withdrawn,0,0,-1,-1,1.0,1.0,0
OULAD,legacy_z_reset,FFF|2014J|635410,Fail,0,0,-1,-1,1.0,1.0,0
OULAD,legacy_z_reset,FFF|2014B|618667,Fail,0,0,-1,-1,1.0,1.0,0
OULAD,legacy_z_reset,DDD|2014B|963176,Withdrawn,0,0,-1,-1,1.0,1.0,0
OULAD,legacy_z_reset,CCC|2014J|656954,Withdrawn,0,0,-1,-1,1.0,1.0,0
OULAD,legacy_z_reset,FFF|2014B|591318,Withdrawn,0,0,-1,-1,1.0,1.0,0
OULAD,legacy_z_reset,BBB|2014J|643608,Withdrawn,0,0,-1,-1,1.0,1.0,1
OULAD,legacy_z_reset,FFF|2014J|631524,Fail,0,0,-1,-1,1.0,1.0,1
OULAD,legacy_z_reset,FFF|2013B|1090738,Fail,0,0,-1,-1,1.0,1.0,0
OULAD,legacy_z_reset,FFF|2013J|585615,Fail,0,0,-1,-1,1.0,1.0,1
OULAD,legacy_z_reset,EEE|2014B|632133,Withdrawn,0,0,-1,-1,1.0,1.0,0
OULAD,legacy_z_reset,EEE|2013J|589055,Fail,0,0,-1,-1,1.0,1.0,1
OULAD,legacy_z_reset,CCC|2014B|1551895,Withdrawn,0,0,-1,-1,1.0,1.0,0
OULAD,legacy_z_reset,CCC|2014J|549888,Withdrawn,0,0,-1,-1,1.0,1.0,0
OULAD,legacy_z_reset,EEE|2014B|616700,Withdrawn,0,0,-1,-1,1.0,1.0,0
OULAD,legacy_z_reset,FFF|2013J|592002,Fail,0,0,-1,-1,1.0,1.0,1
OULAD,legacy_z_reset,GGG|2013J|591849,Fail,0,0,-1,-1,1.0,1.0,0
OULAD,legacy_z_reset,DDD|2014J|493650,Withdrawn,0,0,-1,-1,1.0,1.0,0
OULAD,legacy_z_reset,FFF|2013J|565653,Withdrawn,0,0,-1,-1,1.0,1.0,1
OULAD,legacy_z_reset,BBB|2013J|174440,Fail,0,0,-1,-1,1.0,1.0,0
OULAD,legacy_z_reset,FFF|2014J|195246,Fail,0,0,-1,-1,1.0,1.0,1
OULAD,legacy_z_reset,BBB|2014J|600658,Fail,0,0,-1,-1,1.0,1.0,1
OULAD,legacy_z_reset,EEE|2013J|333976,Fail,0,0,-1,-1,1.0,1.0,0
OULAD,legacy_z_reset,DDD|2013J|610469,Withdrawn,0,0,-1,-1,1.0,1.0,0
OULAD,legacy_z_reset,EEE|2013J|602389,Fail,0,0,-1,-1,1.0,1.0,0
OULAD,legacy_z_reset,CCC|2014B|476937,Fail,0,0,-1,-1,1.0,1.0,2
OULAD,legacy_z_reset,FFF|2013J|574282,Withdrawn,0,0,-1,-1,1.0,1.0,0
OULAD,legacy_z_reset,AAA|2013J|188278,Withdrawn,0,0,-1,-1,1.0,1.0,0
OULAD,legacy_z_reset,FFF|2014J|491959,Withdrawn,0,0,-1,-1,1.0,1.0,0
OULAD,legacy_z_reset,FFF|2013J|594406,Fail,0,0,-1,-1,1.0,1.0,4
OULAD,legacy_z_reset,BBB|2013J|587824,Fail,0,0,-1,-1,1.0,1.0,0
OULAD,legacy_z_reset,CCC|2014J|921739,Withdrawn,0,0,-1,-1,1.0,1.0,1
OULAD,legacy_z_reset,FFF|2013B|486145,Fail,0,0,-1,-1,1.0,1.0,1
OULAD,legacy_z_reset,GGG|2014B|122337,Fail,0,0,-1,-1,1.0,1.0,0
OULAD,legacy_z_reset,FFF|2014B|618390,Fail,0,0,-1,-1,1.0,1.0,1
OULAD,legacy_z_reset,BBB|2013J|576935,Fail,0,0,-1,-1,1.0,1.0,1
OULAD,legacy_z_reset,DDD|2014B|586946,Withdrawn,0,0,-1,-1,1.0,1.0,1
OULAD,legacy_z_reset,CCC|2014B|609383,Withdrawn,0,0,-1,-1,1.0,1.0,0
OULAD,legacy_z_reset,DDD|2014J|487607,Fail,0,0,-1,-1,1.0,1.0,1
OULAD,legacy_z_reset,FFF|2014B|603848,Fail,0,0,-1,-1,1.0,1.0,1
OULAD,legacy_z_reset,FFF|2014J|685192,Withdrawn,0,0,-1,-1,1.0,1.0,0
OULAD,legacy_z_reset,CCC|2014B|544467,Withdrawn,1,0,8,-1,0.2,1.0,8
OULAD,legacy_z_reset,BBB|2013B|544859,Fail,0,0,-1,-1,1.0,1.0,0
OULAD,legacy_z_reset,DDD|2013J|558765,Fail,0,0,-1,-1,1.0,1.0,0
OULAD,legacy_z_reset,CCC|2014J|523239,Fail,0,0,-1,-1,1.0,1.0,1
OULAD,legacy_z_reset,DDD|2014J|694147,Withdrawn,0,0,-1,-1,1.0,1.0,0
OULAD,legacy_z_reset,BBB|2013B|2626410,Withdrawn,0,0,-1,-1,1.0,1.0,0
OULAD,legacy_z_reset,FFF|2013J|585050,Withdrawn,0,0,-1,-1,1.0,1.0,5
OULAD,legacy_z_reset,BBB|2014J|649980,Withdrawn,0,0,-1,-1,1.0,1.0,0
OULAD,legacy_z_reset,DDD|2013J|290371,Withdrawn,0,0,-1,-1,1.0,1.0,0
OULAD,legacy_z_reset,CCC|2014B|398487,Fail,0,0,-1,-1,1.0,1.0,0
